collected_at,sido,hpid,dutyName,hvidate,dutyTel3,hv10,hv11,hv17,hv26,hv28,hv29,hv30,hv31,hv36,hv41,hv42,hv43,hv5,hv7,hvamyn,hvangioayn,hvcrrtayn,hvctayn,hvec,hvecmoayn,hvgc,hvhypoayn,hvicc,hvincuayn,hvmriayn,hvncc,hvoc,hvoxyayn,hvs01,hvs02,hvs03,hvs04,hvs05,hvs08,hvs17,hvs19,hvs22,hvs25,hvs26,hvs27,hvs28,hvs29,hvs30,hvs31,hvs32,hvs33,hvs34,hvs35,hvs36,hvs37,hvs38,hvs50,hvs58,hvventiayn,hvventisoayn,phpid,rnum,hv13,hv2,hv3,hv35,hv40,hv9,hvs06,hvs07,hvs14,hvs18,hvs24,hvs46,hv14,hv18,hvs47,hvs51,hv34,hvs15,hv6,hvs12,hv15,hv16,hv22,hv23,hv25,hv32,hv33,hv37,hvcc,hvccc,hvs09,hvs10,hvs11,hvs16,hvs20,hvs48,hvs49,hvs54,hvs55,hvs57,hv19,hvs52,hv27,hvs59,hv60,hv61,hvs60,hvs61,hv38,hv39,hvs21,hvs23
2026-09-22 14:58:56,서울특별시,A1100043,강동경희대학교병원,20260922145520,02-440-7114,Y,Y,1,2,3,1,2,3,10,0,Y,N,Y,Y,Y,Y,Y,Y,-1,Y,159,Y,3,Y,Y,7,6,N,15,3,2,3,19,17,27,30,17,1,8,2,2,3,32,9,13,4,1,1,0,0,625,3,2,Y,Y,A1100043,1,,,,,,,,,,,,,,,,,,,,,,,,,,,,,,,,,,,,,,,,,,,,,,,,,,,,
2026-09-22 14:58:56,서울특별시,A1100014,고려대학교의과대학부속구로병원,20260922145340,02-2626-1114,Y,Y,,,1,,,1,9,2,Y,,Y,Y,Y,Y,Y,Y,-4,Y,64,Y,8,Y,Y,0,6,N1,29,3,,,20,23,35,30,24,4,2,6,6,4,98,11,35,15,10,3,,,778,,,Y,Y,A1100014,2,4,1,2,0,4,1,20,4,6,10,18,5,,,,,,,,,,,,,,,,,,,,,,,,,,,,,,,,,,,,,,,,
2026-09-22 14:58:56,서울특별시,A1100013,한양대학교병원,20260922145259,02-2290-8114,Y,Y,1,,1,,,4,10,0,Y,,Y,Y,Y,Y,Y,Y,12,Y,180,Y,0,Y,Y,-1,8,Y,20,3,,,22,14,0,30,16,2,1,3,2,3,69,10,23,13,6,3,,1,670,2,,Y,Y,A1100013,3,4,3,,0,1,,12,,,2,16,4,1,0,8,5,,,,,,,,,,,,,,,,,,,,,,,,,,,,,,,,,,,,
2026-09-22 14:58:56,서울특별시,A1100008,학교법인고려중앙학원고려대학교의과대학부속병원(안암병원),20260922145221,1577-0083,Y,Y,0,,2,,,3,6,0,Y,,Y,Y,Y,Y,Y,Y,10,Y,128,Y,,Y,Y,-2,9,Y,30,4,,,15,17,,31,25,3,4,7,6,8,84,14,20,11,8,7,,1,777,6,,Y,Y,A1100008,4,2,2,5,3,2,,16,19,,6,10,2,1,,7,,0,9,,,,,,,,,,,,,,,,,,,,,,,,,,,,,,,,,,
2026-09-22 14:58:56,서울특별시,A1100005,이화여자대학교의과대학부속목동병원,20260922145045,02-2650-5114,Y,Y,0,,7,2,4,5,9,2,Y,,Y,Y,Y,Y,Y,Y,2,Y,46,Y,,Y,Y,12,1,Y,19,8,2,4,19,28,,32,13,9,2,4,4,4,58,10,34,9,3,5,,1,526,1,,Y,Y,A1100005,5,,0,2,0,2,,10,13,,4,10,,,0,,1,,,2,14,,,,,,,,,,,,,,,,,,,,,,,,,,,,,,,,
2026-09-22 14:58:56,서울특별시,A1100017,서울대학교병원,20260922145438,02-1588-5700,Y,Y,0,,1,2,2,4,15,4,Y,Y,Y,Y,Y,Y,Y,Y,-9,Y,134,Y,,Y,Y,8,18,N1,24,10,2,4,17,40,,30,53,7,4,13,13,14,160,19,46,22,9,3,1,,1365,2,,Y,Y,A1100017,6,,2,11,7,8,,10,18,,28,41,,,0,,1,2,6,0,5,1,1,0,0,0,8,2,6,3,7,22,2,10,10,6,1,1,0,0,8,,,,,,,,,,,,
2026-09-22 14:58:56,서울특별시,A1100035,서울특별시서울의료원,20260922145500,02-2276-7000,Y,Y,1,,3,2,3,7,12,3,Y,Y,Y,Y,Y,Y,Y,Y,11,Y,153,Y,1,Y,Y,1,5,Y,19,3,2,3,14,3,5,28,10,3,4,5,3,5,65,5,12,7,2,4,1,2,461,2,,Y,Y,A1100035,7,,3,,,13,,7,,,,30,,,2,,4,,,0,6,,,,,,,,,,,,,,,,,,,,,1,2,,,,,,,,,,
2026-09-22 14:58:56,서울특별시,A1100015,연세대학교의과대학강남세브란스병원,20260922145455,02-2019-3114,Y,Y,,,2,1,2,,,5,Y,,Y,Y,Y,Y,Y,Y,-5,Y,111,Y,10,Y,Y,2,0,N1,21,2,1,2,,28,29,,23,5,1,4,3,6,47,10,23,6,3,5,,,691,,,Y,Y,A1100015,8,,,,,,,,,,,,,,,,,4,8,0,12,,,,,,,,,,,,,,,,,,,,,,,,,,,,,,,,
2026-09-22 14:58:56,서울특별시,A1100010,삼성서울병원,20260922145230,02-3410-2114,Y,Y,,,2,1,2,,,1,Y,,Y,Y,Y,Y,Y,Y,-27,Y,233,Y,,Y,Y,3,5,N1,52,4,2,2,,59,,,46,8,6,19,16,15,117,22,43,21,11,2,,,1528,,,Y,Y,A1100010,9,,9,14,,7,,28,23,,,27,,,,,,3,12,0,12,,,,,,6,,,,16,14,,,36,,,,,,,,,,,,,,,,,,
2026-09-22 14:58:56,서울특별시,A1100028,성심의료재단강동성심병원,20260922145518,02-2224-2114,Y,Y,,,,1,3,,,0,Y,,Y,Y,Y,Y,Y,Y,4,Y,160,Y,0,Y,Y,1,5,N1,15,,1,6,,3,19,,13,2,1,4,2,5,35,3,3,8,3,1,,,566,,,Y,Y,A1100028,10,,2,,1,,,18,,,5,,,,,,,,,,,,,,,,,,,,,,,,,,,,,,,,,2,2,,,,,,,,
2026-09-22 14:58:56,서울특별시,A1100053,한국보훈복지의료공단 중앙보훈병원,20260922145058,02-2225-1111,,,,,,1,1,2,0,2,N,,Y,Y,Y,Y,Y,Y,7,Y,238,N1,,N1,Y,,3,N1,22,,1,2,2,,,3,13,7,1,3,4,4,38,,,10,1,,,,820,,,Y,N1,A1100053,11,,4,6,1,34,,14,14,,1,60,,,,,,4,10,1,13,,,,,,,,,,,,,,,,,,,,,,,,,,,,,,,,
2026-09-22 14:58:56,서울특별시,A1120796,이화여자대학교의과대학부속서울병원,20260922145053,1522-7000,Y,Y,,,8,2,5,,,1,Y,,Y,Y,Y,Y,Y,Y,-3,Y,140,Y,0,Y,Y,5,7,N1,14,9,2,6,,24,11,,19,4,2,5,5,8,71,9,22,12,4,5,,,736,,,Y,Y,A1120796,12,,0,3,1,,,10,17,,7,,,,,,,6,11,4,17,,,,,,,,,,2,,,,19,,,,,,,,,,,,,,,,,,
2026-09-22 14:58:56,서울특별시,A1100041,의료법인서울효천의료재단에이치플러스양지병원,20260922145511,02-1877-8875,,,,,,1,2,,,0,,,Y,Y,Y,Y,Y,Y,12,Y,31,Y,7,N1,Y,,1,N1,18,,1,2,,,27,,7,3,,2,3,3,23,,,5,1,1,,,293,,,Y,N1,A1100041,13,,,,0,,,,,,1,,,,,,,,,,,,,,,,,,,,,,,,,,,,,,,,,,,,,,,,,,
2026-09-22 14:58:56,서울특별시,A1100002,건국대학교병원,20260922145308,1588-1533,Y,Y,,,2,1,1,,,3,Y,,Y,Y,Y,Y,Y,Y,6,Y,154,Y,,Y,Y,-1,6,N1,20,4,1,2,,16,,,21,3,2,4,4,5,45,7,18,7,3,14,,,678,,,Y,Y,A1100002,14,,7,10,1,7,,24,25,,1,14,,,,,,,,,,,,,,,,,,,,,,,,,,,,,,,,,,,,,,,,,
2026-09-22 14:58:56,서울특별시,A1100016,인제대학교상계백병원,20260922145033,02-950-1114,Y,Y,,,,0,2,,,0,Y,,Y,Y,Y,Y,Y,Y,3,Y,76,Y,,Y,Y,0,6,N1,16,,1,2,,15,,,13,2,2,3,2,3,36,10,25,10,3,1,,,390,,,Y,Y,A1100016,15,,2,1,2,4,,19,18,,4,5,,,,,,,,,,,,,,,,,,,,,,,,,,,,,,,,2,4,,,,,,,,
2026-09-22 14:58:56,서울특별시,A1100048,노원을지대학교병원,20260922145102,02-970-8000,Y,Y,,,,1,4,,,0,Y,,Y,Y,Y,Y,Y,Y,12,Y,213,N1,,Y,Y,1,5,N1,17,,1,4,,10,,,11,1,3,2,2,2,26,8,19,3,1,,,,479,,,Y,Y,A1100048,16,,2,6,1,6,,16,16,,2,21,,,,,,,,,,,,,,,,,,,,,,,,,,,,,,,,,,0,0,0,0,,,,
2026-09-22 14:58:56,서울특별시,A1100020,의료법인한전의료재단 한일병원,20260922145504,02-901-3114,N,N,,,2,1,2,0,2,2,,Y,Y,Y,Y,Y,Y,Y,7,N1,76,Y,7,N,Y,,5,Y,21,2,2,2,2,,21,3,8,5,,2,1,2,25,1,4,2,,4,2,2,389,,,Y,N,A1100020,17,,,,0,,,,,,1,,,,,,,,,,,,,,,,,,,,,,,,,,,,,,,,,,,,,,,,,,
2026-09-22 14:58:56,서울특별시,A1100001,경희대학교병원,20260922145431,02-958-8114,Y,Y,,,3,2,2,,,8,Y,,Y,Y,Y,Y,Y,Y,11,Y,172,Y,36,Y,Y,1,6,N1,15,3,2,3,,18,73,,16,10,3,3,3,5,48,6,12,8,3,2,,,653,,,Y,Y,A1100001,18,,,,,8,,,,,,20,,,,,,,,7,15,,,,,,,,,,,,,,,,,,,,,,,,,,,,,,,,
2026-09-22 14:58:56,서울특별시,A1100021,삼육서울병원,20260922145218,02-2244-0191,,N,,,,1,1,1,3,3,Y,,Y,Y,Y,Y,Y,Y,8,Y,112,Y,4,N,Y,4,5,Y,13,,1,2,2,4,15,3,5,4,2,1,1,2,20,,4,5,2,1,,1,389,,,Y,N1,A1100021,19,,,,1,,,,,,1,,,,,,,,,,,,,,,,,,,,,,,,,,,,,,,,,3,4,,,,,,,,
2026-09-22 14:58:56,서울특별시,A1100040,서울특별시보라매병원,20260922145500,02-870-2114,Y,Y,,,3,2,0,,,3,Y,,Y,Y,Y,Y,Y,Y,13,Y,180,Y,,Y,Y,0,3,N1,31,3,2,1,,14,,,14,3,4,6,3,5,48,14,13,5,9,2,,,695,,,Y,Y,A1100040,20,,4,12,1,2,,15,16,,4,14,,,,,,4,4,,,,,,,,,,,,,,,,,,,,,,,,,,,,,,,,,,
2026-09-22 14:58:56,서울특별시,A1100003,중앙대학교병원,20260922145509,1800-1114,Y,Y,1,,4,2,3,3,,0,Y,,Y,Y,Y,Y,Y,Y,13,Y,126,Y,,Y,Y,0,8,N1,22,4,2,3,12,25,,,16,2,2,4,3,4,51,9,21,13,6,12,,,629,1,,Y,Y,A1100003,21,0,7,3,2,2,,12,17,,11,2,0,0,,0,,,,,,,,,,1,,,,,,,,,,,,,,,4,,,,,,,,,,,,
2026-09-22 14:58:56,서울특별시,A1100007,연세대학교의과대학세브란스병원,20260922145340,02-2228-0114,Y,Y,,,2,1,2,,,5,Y,Y,Y,Y,Y,Y,Y,Y,-5,Y,279,Y,4,Y,Y,12,10,N1,39,8,1,3,,52,18,,38,30,8,16,16,17,206,55,61,21,16,21,1,,1872,,,Y,Y,A1100007,22,,16,6,2,2,,29,24,,5,20,,,,,,4,23,2,29,1,1,,,,2,0,3,4,4,22,2,10,17,6,1,1,,,,,,,,,,,,,,,
2026-09-22 14:58:56,서울특별시,A1100012,학교법인가톨릭학원가톨릭대학교서울성모병원,20260922145511,0215881511,Y,Y,,,3,,,2,5,2,Y,,Y,Y,Y,Y,Y,Y,-15,Y,178,Y,1,Y,Y,9,16,N1,28,7,,,2,50,5,6,32,10,2,9,10,8,80,40,39,11,9,4,,,1053,,,Y,Y,A1100012,23,1,8,16,11,14,,22,20,,18,35,1,1,,5,,7,10,2,19,1,1,,,,1,1,-1,,4,3,2,,8,6,1,1,,,,,,,,,,,,,,,
2026-09-22 14:58:56,서울특별시,A1100009,재단법인아산사회복지재단서울아산병원,20260922145515,02-3010-3114,Y,Y,1,,5,1,3,0,3,4,Y,,Y,Y,Y,Y,Y,Y,-11,Y,296,Y,2,Y,Y,22,8,Y,36,11,1,22,2,61,12,4,74,8,8,21,15,17,190,33,49,30,14,5,,1,2104,1,,Y,Y,A1100009,24,,1,10,20,11,,24,37,,47,28,,,1,,6,2,12,7,12,2,1,,,,3,1,1,3,1,26,2,13,12,6,2,1,,,,,,,,,,,,,,,
2026-09-22 14:58:56,서울특별시,A1100011,가톨릭대학교여의도성모병원,20260922145511,02-1661-7575,,,,,,1,4,2,,0,Y,,Y,Y,Y,Y,Y,Y,7,Y,56,Y,,N1,Y,,8,N1,15,,1,4,2,,,,13,1,2,2,2,2,23,,,5,1,2,,,330,,,Y,N1,A1100011,25,,-2,3,1,,,10,8,,1,,,,,,,,,2,9,,,,,,,,,,,,,,,,,,,,,,,,,,,,,,,,
2026-09-22 14:58:56,서울특별시,A1100055,한림대학교강남성심병원,20260922145103,02-829-5114,Y,Y,,,3,3,1,0,2,,Y,,Y,Y,Y,Y,Y,Y,8,Y,159,Y,,Y,Y,0,6,N1,20,3,3,2,2,12,,3,14,,3,3,3,3,54,21,22,13,3,2,,,493,,,Y,Y,A1100055,26,,6,8,4,,,21,23,,7,,,,,,,0,10,,,,,,,,,,,,,,,,,,,,,,,,,,,,,,,,,,
2026-09-22 14:58:56,서울특별시,A1100054,성애의료재단성애병원,20260922145318,02-840-7114,Y,Y,,,,1,4,,,,Y,,Y,Y,Y,Y,Y,Y,10,N1,75,N1,5,Y,Y,4,2,N1,15,,1,4,,4,19,,5,,2,2,2,1,8,5,14,2,,,,,252,,,Y,Y,A1100054,27,,,,0,,,,,,1,,,,,,,,,,,,,,,,,,,,,,,,,,,,,,,,,,,,,,,,,,
2026-09-22 14:58:56,서울특별시,A1100004,순천향대학교부속서울병원,20260922145426,02-709-9114,Y,Y,,,4,1,2,0,2,2,Y,,Y,Y,Y,Y,Y,Y,3,Y,159,Y,6,Y,Y,0,2,N1,20,4,1,2,2,13,43,3,14,4,7,3,3,4,51,8,17,14,5,3,,,597,,,Y,Y,A1100004,28,,,,1,8,,,,,10,21,,,,,,,,,,,,,0,0,,,,,,,,,,,,,,0,0,,,0,0,,,,,,,,
2026-09-22 14:58:56,서울특별시,A1121013,가톨릭대학교은평성모병원,20260922145510,02-1811-7755,Y,Y,,,7,2,2,,,2,Y,,Y,Y,Y,Y,Y,Y,-3,Y,210,Y,,Y,Y,5,8,N1,24,8,2,2,,19,,,19,5,1,4,3,5,46,19,22,10,5,20,,,651,,,Y,Y,A1121013,29,,2,5,0,,,16,9,,4,,,,,,,2,12,3,13,,,,,,,,,,,,,,,,,,,,,,,,,,,,,,,,
2026-09-22 14:58:56,서울특별시,A1100006,강북삼성병원,20260922145523,02-2001-2001,Y,Y,,,2,1,1,,,2,Y,,Y,Y,Y,Y,Y,Y,7,Y,42,Y,8,Y,Y,1,6,N1,15,2,1,2,,14,24,,16,3,1,5,4,6,54,13,14,8,4,3,,,569,,,Y,Y,A1100006,30,,,1,2,7,,,4,,5,18,,,,,,,,1,12,,,,,,,,,,0,,,,8,,,,,,,,,,,,,,,,,,
2026-09-22 14:58:56,서울특별시,A1100052,국립중앙의료원,20260922145505,02-2260-7114,N,Y,,0,3,2,2,1,0,5,Y,,Y,Y,Y,Y,Y,Y,9,Y,0,Y,9,Y,Y,,7,N1,15,3,2,3,6,,13,0,7,7,1,1,1,2,56,1,3,5,5,2,,,202,,0,Y,N,A1100052,31,,,0,2,,0,,0,20,2,,,,,,,,,,,,,0,,0,,,,,,,,,,,,,0,,0,,,5,5,2,6,2,6,0,2,50,2
2026-09-22 14:58:56,서울특별시,A1100036,부민병원,20260922145527,1577-7582,,Y,,,,1,,,,0,Y,,Y,Y,Y,Y,Y,Y,10,Y,54,N1,1,Y,Y,,3,N1,10,,1,,,,14,,8,3,1,3,3,1,22,,1,2,1,,,,282,,,Y,N1,A1100036,32,,,,0,,,,,,1,,,,,,,,,,,,,,,,,,,,,,,,,,,,,,,,,,,,,,,,,,
2026-09-22 14:58:56,서울특별시,A1100051,혜민병원,20260922145038,02-2049-9000,,,,,,0,,,,,,,Y,,Y,N1,Y,Y,8,N1,30,N1,15,N1,Y,,5,N1,9,,1,,,,19,,5,,,2,2,,16,,,2,,,,,205,,,Y,N1,A1100051,33,,,,,,,,,,,,,,,,,,,,,,,,,,,,,,,,,,,,,,,,,,,,,,,,,,,,
2026-09-22 14:58:56,서울특별시,A1100026,구로성심병원,20260922145336,02-2067-1500,,,,,,,1,,,,,,Y,,Y,N1,N1,Y,5,N1,52,N1,0,N1,Y,,0,N1,9,,,1,,,11,,3,,,1,1,,5,,,,,,,,191,,,Y,N1,A1100026,34,,,,,,,,,,,,,,,,,,,,,,,,,,,,,,,,,,,,,,,,,,,,,,,,,,,,
2026-09-22 14:58:56,서울특별시,A1100049,희명병원,20260922145520,02-804-0002,,,,,,,1,,,,,,Y,,Y,N1,Y,Y,4,Y,121,N1,5,N1,Y,,3,N1,10,,,1,,,19,,4,,,1,1,,9,,,1,1,,,,228,,,Y,N1,A1100049,35,,,,,,,,,,,,,,,,,,,,,,,,,,,,,,,,,,,,,,,,,,,,,,,,,,,,
2026-09-22 14:58:56,서울특별시,A1100027,한국원자력의학원원자력병원,20260922145129,02-970-2114,,Y,,,,1,1,,,1,Y,,Y,Y,Y,Y,Y,Y,5,N1,231,N1,7,Y,Y,,5,N1,9,,1,1,,,10,,10,1,1,4,2,1,16,,2,1,,,,,444,,,Y,N1,A1100027,36,,,,1,,,,,,1,,,,,,,,,,,,,,,,,,,,,,,,,,,,,,,,,1,1,,,,,,,,
2026-09-22 14:58:56,서울특별시,A1100022,서울특별시동부병원,20260922145520,02-920-9114,,Y,,,,1,1,,,,Y,,Y,,Y,N1,Y,Y,7,N1,33,N1,4,Y,Y,,2,N1,8,,1,1,,,8,,3,,1,1,1,,7,,1,1,,,,,195,,,Y,N1,A1100022,37,,,,1,,,,,,1,,,,,,,,,,,,,,,,,,,,,,,,,,,,,,,,,,,,,,,,,,
2026-09-22 14:58:56,서울특별시,A1100050,서울성심병원,20260922145307,02-966-1616,,,,,,1,0,,,,,,Y,,Y,N1,N1,Y,17,N1,87,N1,6,N1,Y,,4,N1,17,,1,2,,,10,,6,,,1,1,,11,,,,,,,,208,,,Y,N1,A1100050,38,,,,,,,,,,,,,,,,,,,,,,,,,,,,,,,,,,,,,,,,,,,,,,,,,,,,
2026-09-22 14:58:56,서울특별시,A1100025,의료법인동신의료재단동신병원,20260922145440,02-396-9161,,,,,,,1,,,,,,Y,,Y,N1,N1,Y,8,N1,52,N1,3,N1,Y,,2,N1,9,,,1,,,9,,3,,,1,1,,7,,,,,,,,196,,,Y,N1,A1100025,39,,,,,,,,,,,,,,,,,,,,,,,,,,,,,,,,,,,,,,,,,,,,,,,,,,,,
2026-09-22 14:58:56,서울특별시,A1122033,기쁨병원,20260922145515,02-570-1234,,,,,,,1,,,,,,Y,Y,Y,Y,N1,Y,3,N1,47,N1,,N1,Y,,5,N1,4,,,1,,,,,8,,,1,1,1,1,,,,,,,,110,,,Y,N1,A1122033,40,,,,,,,,,,,,,,,,,,,,,,,,,,,,,,,,,,,,,,,,,,,,,,,,,,,,
2026-09-22 14:58:56,서울특별시,A1100039,경찰병원,20260922145502,02-3400-1114,,,,,,1,,,,2,,,Y,,Y,N1,Y,Y,3,N1,135,N1,13,N1,Y,,5,N1,3,,1,,,,14,,7,2,,2,3,,10,,,2,,,,,187,,,Y,N1,A1100039,41,,,,2,,,,,,2,,,,,,,,,,,,,,,,,,,,,,,,,,,,,,,,,1,1,,,,,,,,
2026-09-22 14:58:56,서울특별시,A1100019,홍익병원,20260922145348,02-2693-5555,,,,,,,1,,,0,,,Y,Y,Y,Y,N,Y,5,N1,73,N1,3,N1,Y,,2,N1,9,,,1,,,14,,4,1,,4,2,2,7,,,1,,,,,251,,,Y,N1,A1100019,42,,,,1,,,,,,1,,,,,,,,,,,,,,,,,,,,,,,,,,,,,,,,,,,,,,,,,,
2026-09-22 14:58:56,서울특별시,A1100223,서울특별시서남병원,20260922145000,1566-6688,,,,0,,1,0,2,2,4,,,Y,,Y,N1,Y,Y,16,Y,42,Y,11,N1,Y,,3,N1,17,,1,2,2,,17,3,4,4,,2,1,,16,,,1,1,1,,,275,,0,Y,N1,A1100223,43,,,,0,,,,,,1,,,,,,,,,,,,,,,,,,,,,,,,,,,,,,,,,,,,,,,,,,
2026-09-22 14:58:56,서울특별시,A1100024,명지성모병원,20260922145541,02-1899-1475,,,,,,1,0,,,,,,Y,Y,Y,Y,N1,Y,5,N1,94,N1,2,N1,Y,,2,N1,8,,1,1,,,12,,3,,,1,3,2,7,,,,,,,,212,,,Y,N1,A1100024,44,,,,1,,,,,,1,,,,,,,,,,,,,,,,,,,,,,,,,,,,,,,,,,,,,,,,,,
2026-09-22 14:58:56,서울특별시,A1100037,대림성모병원,20260922145038,02-829-9000,,,,,,,1,,,,,,Y,,Y,N1,N1,Y,5,N1,25,N1,,N1,Y,,3,N1,8,,,2,,,,,4,,,1,2,,1,,,,,,,,114,,,Y,N1,A1100037,45,,,,,,,,,,,,,,,,,,,,,,,,,,,,,,,,,,,,,,,,,,,,,,,,,,,,
2026-09-22 14:58:56,서울특별시,A1100045,씨엠병원,20260922144500,02-2678-0001,,,,,,,1,,,,,,Y,,Y,N1,N1,Y,8,N1,36,N1,,N1,Y,,0,N1,9,,,1,,,,,5,,,2,2,,6,,,,,,,,110,,,Y,N1,A1100045,46,,,,,,,,,,,,,,,,,,,,,,,,,,,,,,,,,,,,,,,,,,,,,,,,,,,,
2026-09-22 14:58:56,서울특별시,A1100023,의료법인청구성심병원,20260922145259,02-350-3300,,,,,,,0,,,,,,Y,,Y,N1,N1,Y,6,N1,32,N1,2,N1,Y,,2,N1,10,,,1,,,6,,3,,,1,1,,4,,,,,,,,196,,,Y,N1,A1100023,47,,,,,,,,,,,,,,,,,,,,,,,,,,,,,,,,,,,,,,,,,,,,,,,,,,,,
2026-09-22 14:58:56,서울특별시,A1100029,서울적십자병원,20260922145431,02-2002-8000,,,,,,1,,,,,,,Y,,Y,N1,Y,Y,9,N1,99,N1,6,N1,Y,,6,N1,10,,1,,,,12,,6,,,1,1,,11,,,2,,,,,260,,,Y,N1,A1100029,48,,,,,,,,,,,,,,,,,,,,,,,,,,,,,,,,,,,,,,,,,,,,,,,,,,,,
2026-09-22 14:58:56,서울특별시,A1100032,세란병원,20260922145523,02-737-0181,,,,,,,1,,,,,,Y,,Y,N1,N1,Y,4,N1,52,N1,,N1,Y,,10,N1,10,,,1,,,,,13,,,3,5,,3,,,,,,,,205,,,Y,N1,A1100032,49,,,,,,,,,,,,,,,,,,,,,,,,,,,,,,,,,,,,,,,,,,,,,,,,,,,,
2026-09-22 14:58:56,서울특별시,A1100075,의료법인풍산의료재단동부제일병원,20260922145054,02-437-5011,,,,,,,1,,,,,,Y,,Y,N1,N1,Y,7,N1,51,N1,,N1,Y,,2,N1,7,,,1,,,,,2,,,1,1,,3,,,,,,,,124,,,Y,N1,A1100075,50,,,,,,,,,,,,,,,,,,,,,,,,,,,,,,,,,,,,,,,,,,,,,,,,,,,,
2026-09-22 14:58:56,서울특별시,A1100044,녹색병원,20260922145501,02-490-2000,,,,,,1,4,,,0,N,,Y,,Y,N1,Y,Y,1,N1,106,N1,4,N1,Y,,2,N1,5,,1,4,,,17,,3,3,1,2,1,,22,,,1,,,,,293,,,Y,N1,A1100044,51,,,,3,,,,,,3,,,,,,,,,,,,,,,,,,,,,,,,,,,,,,,,,,,,,,,,,,
2026-09-22 15:28:58,서울특별시,A1100043,강동경희대학교병원,20260922152519,02-440-7114,Y,Y,1,2,3,1,2,3,9,0,Y,N,Y,Y,Y,Y,Y,Y,-4,Y,157,Y,3,Y,Y,7,6,N,15,3,2,3,19,17,27,30,17,1,8,2,2,3,32,9,13,4,1,1,0,0,625,3,2,Y,Y,A1100043,1,,,,,,,,,,,,,,,,,,,,,,,,,,,,,,,,,,,,,,,,,,,,,,,,,,,,
2026-09-22 15:28:58,서울특별시,A1100014,고려대학교의과대학부속구로병원,20260922152124,02-2626-1114,Y,Y,,,2,,,1,9,2,Y,,Y,Y,Y,Y,Y,Y,-8,Y,61,Y,8,Y,Y,0,7,N1,29,3,,,20,23,35,30,24,4,2,6,6,4,98,11,35,15,10,3,,,778,,,Y,Y,A1100014,2,3,1,2,0,4,1,20,4,6,10,18,5,,,,,,,,,,,,,,,,,,,,,,,,,,,,,,,,,,,,,,,,
2026-09-22 15:28:58,서울특별시,A1100013,한양대학교병원,20260922152259,02-2290-8114,Y,Y,1,,1,,,4,9,0,Y,,Y,Y,Y,Y,Y,Y,10,Y,168,Y,0,Y,Y,-1,8,Y,20,3,,,22,14,0,30,16,2,1,3,2,3,69,10,23,13,6,3,,1,670,2,,Y,Y,A1100013,3,4,3,,0,1,,12,,,2,16,4,2,0,8,5,,,,,,,,,,,,,,,,,,,,,,,,,,,,,,,,,,,,
2026-09-22 15:28:58,서울특별시,A1100008,학교법인고려중앙학원고려대학교의과대학부속병원(안암병원),20260922152150,1577-0083,Y,Y,0,,2,,,3,6,0,Y,,Y,Y,Y,Y,Y,Y,12,Y,122,Y,,Y,Y,-2,9,Y,30,4,,,15,17,,31,25,3,4,7,6,8,84,14,20,11,8,7,,1,777,6,,Y,Y,A1100008,4,2,2,5,3,2,,16,19,,6,10,2,1,,7,,0,9,,,,,,,,,,,,,,,,,,,,,,,,,,,,,,,,,,
2026-09-22 15:28:58,서울특별시,A1100005,이화여자대학교의과대학부속목동병원,20260922152045,02-2650-5114,Y,Y,0,,6,2,4,5,9,2,Y,,Y,Y,Y,Y,Y,Y,2,Y,45,Y,,Y,Y,12,1,Y,19,8,2,4,19,28,,32,13,9,2,4,4,4,58,10,34,9,3,5,,1,526,1,,Y,Y,A1100005,5,,0,3,0,1,,10,13,,4,10,,,0,,1,,,2,14,,,,,,,,,,,,,,,,,,,,,,,,,,,,,,,,
2026-09-22 15:28:58,서울특별시,A1100017,서울대학교병원,20260922152438,02-1588-5700,Y,Y,0,,1,2,2,4,16,4,Y,Y,Y,Y,Y,Y,Y,Y,-7,Y,136,Y,,Y,Y,8,18,N1,24,10,2,4,17,40,,30,53,7,4,13,13,14,160,19,46,22,9,3,1,,1365,2,,Y,Y,A1100017,6,,2,11,6,7,,10,18,,28,41,,,0,,1,2,6,0,5,1,1,0,0,0,8,2,6,4,7,22,2,10,10,6,1,1,0,0,8,,,,,,,,,,,,
2026-09-22 15:28:58,서울특별시,A1100035,서울특별시서울의료원,20260922152500,02-2276-7000,Y,Y,1,,3,2,3,7,12,3,Y,Y,Y,Y,Y,Y,Y,Y,11,Y,154,Y,1,Y,Y,1,6,Y,19,3,2,3,14,3,5,28,10,3,4,5,3,5,65,5,12,7,2,4,1,2,461,2,,Y,Y,A1100035,7,,3,,,13,,7,,,,30,,,2,,4,,,0,6,,,,,,,,,,,,,,,,,,,,,1,2,,,,,,,,,,
2026-09-22 15:28:58,서울특별시,A1100015,연세대학교의과대학강남세브란스병원,20260922152456,02-2019-3114,Y,Y,,,2,1,1,,,5,Y,,Y,Y,Y,Y,Y,Y,-6,Y,115,Y,10,Y,Y,1,0,N1,21,2,1,2,,28,29,,23,5,1,4,3,6,47,10,23,6,3,5,,,691,,,Y,Y,A1100015,8,,,,,,,,,,,,,,,,,4,8,0,12,,,,,,,,,,,,,,,,,,,,,,,,,,,,,,,,
2026-09-22 15:28:58,서울특별시,A1100010,삼성서울병원,20260922152452,02-3410-2114,Y,Y,,,3,1,2,,,1,Y,,Y,Y,Y,Y,Y,Y,-27,Y,204,Y,,Y,Y,3,9,N1,52,4,2,2,,59,,,46,8,6,19,16,15,117,22,43,21,11,2,,,1528,,,Y,Y,A1100010,9,,9,14,,6,,28,23,,,27,,,,,,3,12,0,12,,,,,,6,,,,16,14,,,36,,,,,,,,,,,,,,,,,,
2026-09-22 15:28:58,서울특별시,A1100028,성심의료재단강동성심병원,20260922152522,02-2224-2114,Y,Y,,,,1,4,,,0,Y,,Y,Y,Y,Y,Y,Y,3,Y,157,Y,0,Y,Y,1,6,N1,15,,1,6,,3,19,,13,2,1,4,2,5,35,3,3,8,3,1,,,566,,,Y,Y,A1100028,10,,2,,1,,,18,,,5,,,,,,,,,,,,,,,,,,,,,,,,,,,,,,,,,2,2,,,,,,,,
2026-09-22 15:28:58,서울특별시,A1100053,한국보훈복지의료공단 중앙보훈병원,20260922152058,02-2225-1111,,,,,,1,1,2,0,2,N,,Y,Y,Y,Y,Y,Y,7,Y,238,N1,,N1,Y,,5,N1,22,,1,2,2,,,3,13,7,1,3,4,4,38,,,10,1,,,,820,,,Y,N1,A1100053,11,,4,6,1,34,,14,14,,1,60,,,,,,3,10,1,13,,,,,,,,,,,,,,,,,,,,,,,,,,,,,,,,
2026-09-22 15:28:58,서울특별시,A1120796,이화여자대학교의과대학부속서울병원,20260922152054,1522-7000,Y,Y,,,8,2,6,,,2,Y,,Y,Y,Y,Y,Y,Y,-3,Y,140,Y,0,Y,Y,5,11,N1,14,9,2,6,,24,11,,19,4,2,5,5,8,71,9,22,12,4,5,,,736,,,Y,Y,A1120796,12,,0,3,1,,,10,17,,7,,,,,,,5,11,4,17,,,,,,,,,,2,,,,19,,,,,,,,,,,,,,,,,,
2026-09-22 15:28:58,서울특별시,A1100041,의료법인서울효천의료재단에이치플러스양지병원,20260922152511,02-1877-8875,,,,,,1,2,,,0,,,Y,Y,Y,Y,Y,Y,12,Y,33,Y,7,N1,Y,,4,N1,18,,1,2,,,27,,7,3,,2,3,3,23,,,5,1,1,,,293,,,Y,N1,A1100041,13,,,,0,,,,,,1,,,,,,,,,,,,,,,,,,,,,,,,,,,,,,,,,,,,,,,,,,
2026-09-22 15:28:58,서울특별시,A1100002,건국대학교병원,20260922152308,1588-1533,Y,Y,,,2,1,1,,,3,Y,,Y,Y,Y,Y,Y,Y,6,Y,143,Y,,Y,Y,0,13,N1,20,4,1,2,,16,,,21,3,2,4,4,5,45,7,18,7,3,14,,,678,,,Y,Y,A1100002,14,,6,9,1,6,,24,25,,1,14,,,,,,,,,,,,,,,,,,,,,,,,,,,,,,,,,,,,,,,,,
2026-09-22 15:28:58,서울특별시,A1100016,인제대학교상계백병원,20260922152037,02-950-1114,Y,Y,,,,0,2,,,0,Y,,Y,Y,Y,Y,Y,Y,2,Y,73,Y,,Y,Y,0,8,N1,16,,1,2,,15,,,13,2,2,3,2,3,36,10,25,10,3,1,,,390,,,Y,Y,A1100016,15,,2,0,2,4,,19,18,,4,5,,,,,,,,,,,,,,,,,,,,,,,,,,,,,,,,2,4,,,,,,,,
2026-09-22 15:28:58,서울특별시,A1100048,노원을지대학교병원,20260922152103,02-970-8000,Y,Y,,,,1,4,,,0,Y,,Y,Y,Y,Y,Y,Y,15,Y,212,N1,,Y,Y,1,6,N1,17,,1,4,,10,,,11,1,3,2,2,2,26,8,19,3,1,,,,479,,,Y,Y,A1100048,16,,3,5,1,6,,16,16,,2,21,,,,,,,,,,,,,,,,,,,,,,,,,,,,,,,,,,0,0,0,0,,,,
2026-09-22 15:28:58,서울특별시,A1100020,의료법인한전의료재단 한일병원,20260922152504,02-901-3114,N,N,,,2,1,2,1,2,2,,Y,Y,Y,Y,Y,Y,Y,6,N1,75,Y,7,N,Y,,4,Y,21,2,2,2,2,,21,3,8,5,,2,1,2,25,1,4,2,,4,2,2,389,,,Y,N,A1100020,17,,,,0,,,,,,1,,,,,,,,,,,,,,,,,,,,,,,,,,,,,,,,,,,,,,,,,,
2026-09-22 15:28:58,서울특별시,A1100001,경희대학교병원,20260922152529,02-958-8114,Y,Y,,,3,2,2,,,8,Y,,Y,Y,Y,Y,Y,Y,9,Y,166,Y,37,Y,Y,1,7,N1,15,3,2,3,,18,73,,16,10,3,3,3,5,48,6,12,8,3,2,,,653,,,Y,Y,A1100001,18,,,,,8,,,,,,20,,,,,,,,7,15,,,,,,,,,,,,,,,,,,,,,,,,,,,,,,,,
2026-09-22 15:28:58,서울특별시,A1100021,삼육서울병원,20260922152235,02-2244-0191,,N,,,,1,1,1,3,3,Y,,Y,Y,Y,Y,Y,Y,8,Y,115,Y,4,N,Y,4,5,Y,13,,1,2,2,4,15,3,5,4,2,1,1,2,20,,4,5,2,1,,1,389,,,Y,N1,A1100021,19,,,,1,,,,,,1,,,,,,,,,,,,,,,,,,,,,,,,,,,,,,,,,3,4,,,,,,,,
2026-09-22 15:28:58,서울특별시,A1100040,서울특별시보라매병원,20260922152500,02-870-2114,Y,Y,,,3,2,0,,,3,Y,,Y,Y,Y,Y,Y,Y,12,Y,180,Y,,Y,Y,0,1,N1,31,3,2,1,,14,,,14,3,4,6,3,5,48,14,13,5,9,2,,,695,,,Y,Y,A1100040,20,,4,12,1,2,,15,16,,4,14,,,,,,4,4,,,,,,,,,,,,,,,,,,,,,,,,,,,,,,,,,,
2026-09-22 15:28:58,서울특별시,A1100003,중앙대학교병원,20260922152509,1800-1114,Y,Y,1,,4,2,3,3,,0,Y,,Y,Y,Y,Y,Y,Y,9,Y,124,Y,,Y,Y,0,9,N1,22,4,2,3,12,25,,,16,2,2,4,3,4,51,9,21,13,6,12,,,629,1,,Y,Y,A1100003,21,0,7,3,2,2,,12,17,,11,2,0,0,,0,,,,,,,,,,1,,,,,,,,,,,,,,,4,,,,,,,,,,,,
2026-09-22 15:28:58,서울특별시,A1100007,연세대학교의과대학세브란스병원,20260922152342,02-2228-0114,Y,Y,,,3,1,2,,,5,Y,Y,Y,Y,Y,Y,Y,Y,-1,Y,291,Y,4,Y,Y,13,11,N1,39,8,1,3,,52,18,,38,30,8,16,16,17,206,55,61,21,16,21,1,,1872,,,Y,Y,A1100007,22,,16,6,2,2,,29,24,,5,20,,,,,,4,23,2,29,1,1,,,,2,0,4,5,4,22,2,10,17,6,1,1,,,,,,,,,,,,,,,
2026-09-22 15:28:58,서울특별시,A1100012,학교법인가톨릭학원가톨릭대학교서울성모병원,20260922152511,0215881511,Y,Y,,,2,,,2,5,2,Y,,Y,Y,Y,Y,Y,Y,-14,Y,160,Y,1,Y,Y,9,12,N1,28,7,,,2,50,5,6,32,10,2,9,10,8,80,40,39,11,9,4,,,1053,,,Y,Y,A1100012,23,1,7,16,11,14,,22,20,,18,35,1,2,,5,,7,10,2,19,1,0,,,,1,1,0,,4,3,2,,8,6,1,1,,,,,,,,,,,,,,,
2026-09-22 15:28:58,서울특별시,A1100009,재단법인아산사회복지재단서울아산병원,20260922152515,02-3010-3114,Y,Y,1,,4,1,1,0,3,3,Y,,Y,Y,Y,Y,Y,Y,-8,Y,263,Y,1,Y,Y,22,8,Y,36,11,1,22,2,61,12,4,74,8,8,21,15,17,190,33,49,30,14,5,,1,2104,1,,Y,Y,A1100009,24,,1,10,19,10,,24,37,,47,28,,,1,,6,2,12,7,12,2,1,,,,3,1,1,2,1,26,2,13,12,6,2,1,,,,,,,,,,,,,,,
2026-09-22 15:28:58,서울특별시,A1100011,가톨릭대학교여의도성모병원,20260922152510,02-1661-7575,,,,,,1,4,2,,0,Y,,Y,Y,Y,Y,Y,Y,7,Y,52,Y,,N1,Y,,9,N1,15,,1,4,2,,,,13,1,2,2,2,2,23,,,5,1,2,,,330,,,Y,N1,A1100011,25,,-2,3,1,,,10,8,,1,,,,,,,,,2,9,,,,,,,,,,,,,,,,,,,,,,,,,,,,,,,,
2026-09-22 15:28:58,서울특별시,A1100055,한림대학교강남성심병원,20260922152103,02-829-5114,Y,Y,,,3,3,1,0,2,,Y,,Y,Y,Y,Y,Y,Y,8,Y,159,Y,,Y,Y,0,10,N1,20,3,3,2,2,12,,3,14,,3,3,3,3,54,21,22,13,3,2,,,493,,,Y,Y,A1100055,26,,6,7,4,,,21,23,,7,,,,,,,0,10,,,,,,,,,,,,,,,,,,,,,,,,,,,,,,,,,,
2026-09-22 15:28:58,서울특별시,A1100054,성애의료재단성애병원,20260922152319,02-840-7114,Y,Y,,,,1,4,,,,Y,,Y,Y,Y,Y,Y,Y,9,N1,74,N1,6,Y,Y,4,2,N1,15,,1,4,,4,19,,5,,2,2,2,1,8,5,14,2,,,,,252,,,Y,Y,A1100054,27,,,,0,,,,,,1,,,,,,,,,,,,,,,,,,,,,,,,,,,,,,,,,,,,,,,,,,
2026-09-22 15:28:58,서울특별시,A1100004,순천향대학교부속서울병원,20260922152426,02-709-9114,Y,Y,,,3,1,2,0,2,2,Y,,Y,Y,Y,Y,Y,Y,8,Y,156,Y,6,Y,Y,0,3,N1,20,4,1,2,2,13,43,3,14,4,7,3,3,4,51,8,17,14,5,3,,,597,,,Y,Y,A1100004,28,,,,1,8,,,,,10,21,,,,,,,,,,,,,0,0,,,,,,,,,,,,,,0,0,,,0,0,,,,,,,,
2026-09-22 15:28:58,서울특별시,A1121013,가톨릭대학교은평성모병원,20260922152510,02-1811-7755,Y,Y,,,6,2,2,,,2,Y,,Y,Y,Y,Y,Y,Y,-6,Y,206,Y,,Y,Y,5,10,N1,24,8,2,2,,19,,,19,5,1,4,3,5,46,19,22,10,5,20,,,651,,,Y,Y,A1121013,29,,2,4,0,,,16,9,,4,,,,,,,2,12,3,13,,,,,,,,,,,,,,,,,,,,,,,,,,,,,,,,
2026-09-22 15:28:58,서울특별시,A1100006,강북삼성병원,20260922152532,02-2001-2001,Y,Y,,,2,1,1,,,2,Y,,Y,Y,Y,Y,Y,Y,4,Y,39,Y,8,Y,Y,1,3,N1,15,2,1,2,,14,24,,16,3,1,5,4,6,54,13,14,8,4,3,,,569,,,Y,Y,A1100006,30,,,1,2,7,,,4,,5,18,,,,,,,,1,12,,,,,,,,,,0,,,,8,,,,,,,,,,,,,,,,,,
2026-09-22 15:28:58,서울특별시,A1100052,국립중앙의료원,20260922152505,02-2260-7114,N,Y,,0,3,2,2,0,0,3,Y,,Y,Y,Y,Y,Y,Y,11,Y,0,Y,2,Y,Y,,4,N1,15,3,2,3,6,,13,0,7,7,1,1,1,2,56,1,3,5,5,2,,,202,,0,Y,N,A1100052,31,,,0,2,,3,,0,20,2,,,,,,,,,,,,,0,,0,,,,,,,,,,,,,0,,0,,,4,5,2,6,2,6,8,0,50,2
2026-09-22 15:28:58,서울특별시,A1100036,부민병원,20260922152050,1577-7582,,Y,,,,1,,,,0,Y,,Y,Y,Y,Y,Y,Y,10,Y,54,N1,1,Y,Y,,6,N1,10,,1,,,,14,,8,3,1,3,3,1,22,,1,2,1,,,,282,,,Y,N1,A1100036,32,,,,0,,,,,,1,,,,,,,,,,,,,,,,,,,,,,,,,,,,,,,,,,,,,,,,,,
2026-09-22 15:28:58,서울특별시,A1100051,혜민병원,20260922152524,02-2049-9000,,,,,,0,,,,,,,Y,,Y,N1,Y,Y,8,N1,29,N1,14,N1,Y,,5,N1,9,,1,,,,19,,5,,,2,2,,16,,,2,,,,,205,,,Y,N1,A1100051,33,,,,,,,,,,,,,,,,,,,,,,,,,,,,,,,,,,,,,,,,,,,,,,,,,,,,
2026-09-22 15:28:58,서울특별시,A1100026,구로성심병원,20260922152533,02-2067-1500,,,,,,,1,,,,,,Y,,Y,N1,N1,Y,6,N1,51,N1,0,N1,Y,,1,N1,9,,,1,,,11,,3,,,1,1,,5,,,,,,,,191,,,Y,N1,A1100026,34,,,,,,,,,,,,,,,,,,,,,,,,,,,,,,,,,,,,,,,,,,,,,,,,,,,,
2026-09-22 15:28:58,서울특별시,A1100049,희명병원,20260922152239,02-804-0002,,,,,,,1,,,,,,Y,,Y,N1,Y,Y,3,Y,122,N1,4,N1,Y,,2,N1,10,,,1,,,19,,4,,,1,1,,9,,,1,1,,,,228,,,Y,N1,A1100049,35,,,,,,,,,,,,,,,,,,,,,,,,,,,,,,,,,,,,,,,,,,,,,,,,,,,,
2026-09-22 15:28:58,서울특별시,A1100027,한국원자력의학원원자력병원,20260922152129,02-970-2114,,Y,,,,1,1,,,1,Y,,Y,Y,Y,Y,Y,Y,5,N1,227,N1,7,Y,Y,,6,N1,9,,1,1,,,10,,10,1,1,4,2,1,16,,2,1,,,,,444,,,Y,N1,A1100027,36,,,,1,,,,,,1,,,,,,,,,,,,,,,,,,,,,,,,,,,,,,,,,1,1,,,,,,,,
2026-09-22 15:28:58,서울특별시,A1100022,서울특별시동부병원,20260922152520,02-920-9114,,Y,,,,1,1,,,,Y,,Y,,Y,N1,Y,Y,7,N1,32,N1,4,Y,Y,,3,N1,8,,1,1,,,8,,3,,1,1,1,,7,,1,1,,,,,195,,,Y,N1,A1100022,37,,,,1,,,,,,1,,,,,,,,,,,,,,,,,,,,,,,,,,,,,,,,,,,,,,,,,,
2026-09-22 15:28:58,서울특별시,A1100050,서울성심병원,20260922152246,02-966-1616,,,,,,1,1,,,,,,Y,,Y,N1,N1,Y,17,N1,87,N1,6,N1,Y,,6,N1,17,,1,2,,,10,,6,,,1,1,,11,,,,,,,,208,,,Y,N1,A1100050,38,,,,,,,,,,,,,,,,,,,,,,,,,,,,,,,,,,,,,,,,,,,,,,,,,,,,
2026-09-22 15:28:58,서울특별시,A1100025,의료법인동신의료재단동신병원,20260922152254,02-396-9161,,,,,,,1,,,,,,Y,,Y,N1,N1,Y,8,N1,53,N1,3,N1,Y,,3,N1,9,,,1,,,9,,3,,,1,1,,7,,,,,,,,196,,,Y,N1,A1100025,39,,,,,,,,,,,,,,,,,,,,,,,,,,,,,,,,,,,,,,,,,,,,,,,,,,,,
2026-09-22 15:28:58,서울특별시,A1122033,기쁨병원,20260922152535,02-570-1234,,,,,,,1,,,,,,Y,Y,Y,Y,N1,Y,3,N1,46,N1,,N1,Y,,6,N1,4,,,1,,,,,8,,,1,1,1,1,,,,,,,,110,,,Y,N1,A1122033,40,,,,,,,,,,,,,,,,,,,,,,,,,,,,,,,,,,,,,,,,,,,,,,,,,,,,
2026-09-22 15:28:58,서울특별시,A1100039,경찰병원,20260922152503,02-3400-1114,,,,,,1,,,,2,,,Y,,Y,N1,Y,Y,3,N1,135,N1,13,N1,Y,,5,N1,3,,1,,,,14,,7,2,,2,3,,10,,,2,,,,,187,,,Y,N1,A1100039,41,,,,2,,,,,,2,,,,,,,,,,,,,,,,,,,,,,,,,,,,,,,,,1,1,,,,,,,,
2026-09-22 15:28:58,서울특별시,A1100019,홍익병원,20260922152354,02-2693-5555,,,,,,,1,,,0,,,Y,Y,Y,Y,N,Y,5,N1,72,N1,4,N1,Y,,0,N1,9,,,1,,,14,,4,1,,4,2,2,7,,,1,,,,,251,,,Y,N1,A1100019,42,,,,1,,,,,,1,,,,,,,,,,,,,,,,,,,,,,,,,,,,,,,,,,,,,,,,,,
2026-09-22 15:28:58,서울특별시,A1100223,서울특별시서남병원,20260922152001,1566-6688,,,,0,,1,0,2,2,4,,,Y,,Y,N1,Y,Y,17,Y,41,Y,11,N1,Y,,4,N1,17,,1,2,2,,17,3,4,4,,2,1,,16,,,1,1,1,,,275,,0,Y,N1,A1100223,43,,,,0,,,,,,1,,,,,,,,,,,,,,,,,,,,,,,,,,,,,,,,,,,,,,,,,,
2026-09-22 15:28:58,서울특별시,A1100024,명지성모병원,20260922152544,02-1899-1475,,,,,,1,1,,,,,,Y,Y,Y,Y,N1,Y,5,N1,95,N1,2,N1,Y,,1,N1,8,,1,1,,,12,,3,,,1,3,2,7,,,,,,,,212,,,Y,N1,A1100024,44,,,,1,,,,,,1,,,,,,,,,,,,,,,,,,,,,,,,,,,,,,,,,,,,,,,,,,
2026-09-22 15:28:58,서울특별시,A1100037,대림성모병원,20260922152523,02-829-9000,,,,,,,1,,,,,,Y,,Y,N1,N1,Y,5,N1,27,N1,,N1,Y,,3,N1,8,,,2,,,,,4,,,1,2,,1,,,,,,,,114,,,Y,N1,A1100037,45,,,,,,,,,,,,,,,,,,,,,,,,,,,,,,,,,,,,,,,,,,,,,,,,,,,,
2026-09-22 15:28:58,서울특별시,A1100045,씨엠병원,20260922151500,02-2678-0001,,,,,,,1,,,,,,Y,,Y,N1,N1,Y,8,N1,36,N1,,N1,Y,,0,N1,9,,,1,,,,,5,,,2,2,,6,,,,,,,,110,,,Y,N1,A1100045,46,,,,,,,,,,,,,,,,,,,,,,,,,,,,,,,,,,,,,,,,,,,,,,,,,,,,
2026-09-22 15:28:58,서울특별시,A1100023,의료법인청구성심병원,20260922152411,02-350-3300,,,,,,,0,,,,,,Y,,Y,N1,N1,Y,8,N1,31,N1,2,N1,Y,,0,N1,10,,,1,,,6,,3,,,1,1,,4,,,,,,,,196,,,Y,N1,A1100023,47,,,,,,,,,,,,,,,,,,,,,,,,,,,,,,,,,,,,,,,,,,,,,,,,,,,,
2026-09-22 15:28:58,서울특별시,A1100029,서울적십자병원,20260922152512,02-2002-8000,,,,,,1,,,,,,,Y,,Y,N1,Y,Y,9,N1,100,N1,6,N1,Y,,5,N1,10,,1,,,,12,,6,,,1,1,,11,,,2,,,,,260,,,Y,N1,A1100029,48,,,,,,,,,,,,,,,,,,,,,,,,,,,,,,,,,,,,,,,,,,,,,,,,,,,,
2026-09-22 15:28:58,서울특별시,A1100032,세란병원,20260922152524,02-737-0181,,,,,,,1,,,,,,Y,,Y,N1,N1,Y,5,N1,50,N1,,N1,Y,,10,N1,10,,,1,,,,,13,,,3,5,,3,,,,,,,,205,,,Y,N1,A1100032,49,,,,,,,,,,,,,,,,,,,,,,,,,,,,,,,,,,,,,,,,,,,,,,,,,,,,
2026-09-22 15:28:58,서울특별시,A1100075,의료법인풍산의료재단동부제일병원,20260922152058,02-437-5011,,,,,,,1,,,,,,Y,,Y,N1,N1,Y,7,N1,49,N1,,N1,Y,,2,N1,7,,,1,,,,,2,,,1,1,,3,,,,,,,,124,,,Y,N1,A1100075,50,,,,,,,,,,,,,,,,,,,,,,,,,,,,,,,,,,,,,,,,,,,,,,,,,,,,
2026-09-22 15:28:58,서울특별시,A1100044,녹색병원,20260922152503,02-490-2000,,,,,,1,4,,,0,N,,Y,,Y,N1,Y,Y,2,N1,105,N1,4,N1,Y,,2,N1,5,,1,4,,,17,,3,3,1,2,1,,22,,,1,,,,,293,,,Y,N1,A1100044,51,,,,3,,,,,,3,,,,,,,,,,,,,,,,,,,,,,,,,,,,,,,,,,,,,,,,,,
2026-09-22 15:58:59,서울특별시,A1100043,강동경희대학교병원,20260922155526,02-440-7114,Y,Y,1,2,3,2,2,2,8,1,Y,N,Y,Y,Y,Y,Y,Y,2,Y,150,Y,3,Y,Y,7,10,N,15,3,2,3,19,17,27,30,17,1,8,2,2,3,32,9,13,4,1,1,0,0,625,3,2,Y,Y,A1100043,1,,,,,,,,,,,,,,,,,,,,,,,,,,,,,,,,,,,,,,,,,,,,,,,,,,,,
2026-09-22 15:58:59,서울특별시,A1100014,고려대학교의과대학부속구로병원,20260922155149,02-2626-1114,Y,Y,,,2,,,0,9,2,Y,,Y,Y,Y,Y,Y,Y,-7,Y,57,Y,8,Y,Y,0,8,N1,29,3,,,20,23,35,30,24,4,2,6,6,4,98,11,35,15,10,3,,,778,,,Y,Y,A1100014,2,4,2,2,0,4,1,20,4,6,10,18,5,,,,,,,,,,,,,,,,,,,,,,,,,,,,,,,,,,,,,,,,
2026-09-22 15:58:59,서울특별시,A1100013,한양대학교병원,20260922155259,02-2290-8114,Y,Y,1,,0,,,4,9,0,Y,,Y,Y,Y,Y,Y,Y,8,Y,163,Y,0,Y,Y,-1,9,Y,20,3,,,22,14,0,30,16,2,1,3,2,3,69,10,23,13,6,3,,1,670,2,,Y,Y,A1100013,3,4,3,,0,1,,12,,,2,16,4,3,0,8,5,,,,,,,,,,,,,,,,,,,,,,,,,,,,,,,,,,,,
2026-09-22 15:58:59,서울특별시,A1100008,학교법인고려중앙학원고려대학교의과대학부속병원(안암병원),20260922155332,1577-0083,Y,Y,0,,2,,,3,6,0,Y,,Y,Y,Y,Y,Y,Y,12,Y,127,Y,,Y,Y,-2,8,Y,30,4,,,15,17,,31,25,3,4,7,6,8,84,14,20,11,8,7,,1,777,6,,Y,Y,A1100008,4,2,2,5,3,2,,16,19,,6,10,2,2,,7,,0,9,,,,,,,,,,,,,,,,,,,,,,,,,,,,,,,,,,
2026-09-22 15:58:59,서울특별시,A1100005,이화여자대학교의과대학부속목동병원,20260922155045,02-2650-5114,Y,Y,0,,6,2,3,5,8,2,Y,,Y,Y,Y,Y,Y,Y,2,Y,44,Y,,Y,Y,12,1,Y,19,8,2,4,19,28,,32,13,9,2,4,4,4,58,10,34,9,3,5,,1,526,1,,Y,Y,A1100005,5,,0,3,0,1,,10,13,,4,10,,,0,,1,,,3,14,,,,,,,,,,,,,,,,,,,,,,,,,,,,,,,,
2026-09-22 15:58:59,서울특별시,A1100017,서울대학교병원,20260922155438,02-1588-5700,Y,Y,0,,-1,2,2,5,16,4,Y,Y,Y,Y,Y,Y,Y,Y,-9,Y,139,Y,,Y,Y,8,23,N1,24,10,2,4,17,40,,30,53,7,4,13,13,14,160,19,46,22,9,3,1,,1365,2,,Y,Y,A1100017,6,,2,10,6,7,,10,18,,28,41,,,0,,1,2,6,0,5,1,1,0,0,0,8,2,6,4,7,22,2,10,10,6,1,1,0,0,8,,,,,,,,,,,,
2026-09-22 15:58:59,서울특별시,A1100035,서울특별시서울의료원,20260922155500,02-2276-7000,Y,Y,1,,3,2,3,6,12,3,Y,Y,Y,Y,Y,Y,Y,Y,11,Y,155,Y,1,Y,Y,1,7,Y,19,3,2,3,14,3,5,28,10,3,4,5,3,5,65,5,12,7,2,4,1,2,461,2,,Y,Y,A1100035,7,,3,,,13,,7,,,,30,,,2,,4,,,0,6,,,,,,,,,,,,,,,,,,,,,1,2,,,,,,,,,,
2026-09-22 15:58:59,서울특별시,A1100015,연세대학교의과대학강남세브란스병원,20260922155456,02-2019-3114,Y,Y,,,2,1,0,,,5,Y,,Y,Y,Y,Y,Y,Y,-5,Y,124,Y,10,Y,Y,1,0,N1,21,2,1,2,,28,29,,23,5,1,4,3,6,47,10,23,6,3,5,,,691,,,Y,Y,A1100015,8,,,,,,,,,,,,,,,,,4,8,0,12,,,,,,,,,,,,,,,,,,,,,,,,,,,,,,,,
2026-09-22 15:58:59,서울특별시,A1100010,삼성서울병원,20260922155315,02-3410-2114,Y,Y,,,3,1,2,,,1,Y,,Y,Y,Y,Y,Y,Y,-27,Y,184,Y,,Y,Y,3,8,N1,52,4,2,2,,59,,,46,8,6,19,16,15,117,22,43,21,11,2,,,1528,,,Y,Y,A1100010,9,,9,14,,6,,28,23,,,27,,,,,,3,12,0,12,,,,,,6,,,,16,14,,,36,,,,,,,,,,,,,,,,,,
2026-09-22 15:58:59,서울특별시,A1100028,성심의료재단강동성심병원,20260922155527,02-2224-2114,Y,Y,,,,1,3,,,0,Y,,Y,Y,Y,Y,Y,Y,2,Y,153,Y,0,Y,Y,1,4,N1,15,,1,6,,3,19,,13,2,1,4,2,5,35,3,3,8,3,1,,,566,,,Y,Y,A1100028,10,,3,,1,,,18,,,5,,,,,,,,,,,,,,,,,,,,,,,,,,,,,,,,,2,2,,,,,,,,
2026-09-22 15:58:59,서울특별시,A1100053,한국보훈복지의료공단 중앙보훈병원,20260922155058,02-2225-1111,,,,,,1,2,2,0,2,N,,Y,Y,Y,Y,Y,Y,5,Y,237,N1,,N1,Y,,3,N1,22,,1,2,2,,,3,13,7,1,3,4,4,38,,,10,1,,,,820,,,Y,N1,A1100053,11,,4,6,1,34,,14,14,,1,60,,,,,,3,10,1,13,,,,,,,,,,,,,,,,,,,,,,,,,,,,,,,,
2026-09-22 15:58:59,서울특별시,A1120796,이화여자대학교의과대학부속서울병원,20260922155053,1522-7000,Y,Y,,,7,2,6,,,2,Y,,Y,Y,Y,Y,Y,Y,-3,Y,143,Y,0,Y,Y,5,11,N1,14,9,2,6,,24,11,,19,4,2,5,5,8,71,9,22,12,4,5,,,736,,,Y,Y,A1120796,12,,0,4,1,,,10,17,,7,,,,,,,5,11,4,17,,,,,,,,,,2,,,,19,,,,,,,,,,,,,,,,,,
2026-09-22 15:58:59,서울특별시,A1100041,의료법인서울효천의료재단에이치플러스양지병원,20260922155510,02-1877-8875,,,,,,1,2,,,0,,,Y,Y,Y,Y,Y,Y,11,Y,30,Y,8,N1,Y,,3,N1,18,,1,2,,,27,,7,3,,2,3,3,23,,,5,1,1,,,293,,,Y,N1,A1100041,13,,,,0,,,,,,1,,,,,,,,,,,,,,,,,,,,,,,,,,,,,,,,,,,,,,,,,,
2026-09-22 15:58:59,서울특별시,A1100002,건국대학교병원,20260922155308,1588-1533,Y,Y,,,3,1,1,,,3,Y,,Y,Y,Y,Y,Y,Y,6,Y,133,Y,,Y,Y,-1,11,N1,20,4,1,2,,16,,,21,3,2,4,4,5,45,7,18,7,3,14,,,678,,,Y,Y,A1100002,14,,8,9,1,7,,24,25,,1,14,,,,,,,,,,,,,,,,,,,,,,,,,,,,,,,,,,,,,,,,,
2026-09-22 15:58:59,서울특별시,A1100016,인제대학교상계백병원,20260922155042,02-950-1114,Y,Y,,,,0,2,,,0,Y,,Y,Y,Y,Y,Y,Y,2,Y,69,Y,,Y,Y,0,10,N1,16,,1,2,,15,,,13,2,2,3,2,3,36,10,25,10,3,1,,,390,,,Y,Y,A1100016,15,,2,0,2,4,,19,18,,4,5,,,,,,,,,,,,,,,,,,,,,,,,,,,,,,,,1,4,,,,,,,,
2026-09-22 15:58:59,서울특별시,A1100048,노원을지대학교병원,20260922155102,02-970-8000,Y,Y,,,,1,4,,,0,Y,,Y,Y,Y,Y,Y,Y,14,Y,212,N1,,Y,Y,1,8,N1,17,,1,4,,10,,,11,1,3,2,2,2,26,8,19,3,1,,,,479,,,Y,Y,A1100048,16,,3,5,1,6,,16,16,,2,21,,,,,,,,,,,,,,,,,,,,,,,,,,,,,,,,,,0,0,0,0,,,,
2026-09-22 15:58:59,서울특별시,A1100020,의료법인한전의료재단 한일병원,20260922155504,02-901-3114,N,N,,,2,2,2,1,2,2,,Y,Y,Y,Y,Y,Y,Y,7,N1,71,Y,6,N,Y,,5,Y,21,2,2,2,2,,21,3,8,5,,2,1,2,25,1,4,2,,4,2,2,389,,,Y,N,A1100020,17,,,,0,,,,,,1,,,,,,,,,,,,,,,,,,,,,,,,,,,,,,,,,,,,,,,,,,
2026-09-22 15:58:59,서울특별시,A1100001,경희대학교병원,20260922155440,02-958-8114,Y,Y,,,3,2,2,,,8,Y,,Y,Y,Y,Y,Y,Y,10,Y,161,Y,38,Y,Y,1,8,N1,15,3,2,3,,18,73,,16,10,3,3,3,5,48,6,12,8,3,2,,,653,,,Y,Y,A1100001,18,,,,,8,,,,,,20,,,,,,,,7,15,,,,,,,,,,,,,,,,,,,,,,,,,,,,,,,,
2026-09-22 15:58:59,서울특별시,A1100021,삼육서울병원,20260922155345,02-2244-0191,,N,,,,1,1,1,2,3,Y,,Y,Y,Y,Y,Y,Y,10,Y,115,Y,4,N,Y,4,5,Y,13,,1,2,2,4,15,3,5,4,2,1,1,2,20,,4,5,2,1,,1,389,,,Y,N1,A1100021,19,,,,1,,,,,,1,,,,,,,,,,,,,,,,,,,,,,,,,,,,,,,,,1,4,,,,,,,,
2026-09-22 15:58:59,서울특별시,A1100040,서울특별시보라매병원,20260922155500,02-870-2114,Y,Y,,,3,2,0,,,3,Y,,Y,Y,Y,Y,Y,Y,11,Y,175,Y,,Y,Y,0,6,N1,31,3,2,1,,14,,,14,3,4,6,3,5,48,14,13,5,9,2,,,695,,,Y,Y,A1100040,20,,4,12,1,2,,15,16,,4,14,,,,,,4,4,,,,,,,,,,,,,,,,,,,,,,,,,,,,,,,,,,
2026-09-22 15:58:59,서울특별시,A1100003,중앙대학교병원,20260922155509,1800-1114,Y,Y,1,,4,2,3,3,,0,Y,,Y,Y,Y,Y,Y,Y,6,Y,124,Y,,Y,Y,0,10,N1,22,4,2,3,12,25,,,16,2,2,4,3,4,51,9,21,13,6,12,,,629,1,,Y,Y,A1100003,21,0,7,3,2,2,,12,17,,11,2,0,0,,0,,,,,,,,,,1,,,,,,,,,,,,,,,4,,,,,,,,,,,,
2026-09-22 15:58:59,서울특별시,A1100007,연세대학교의과대학세브란스병원,20260922155343,02-2228-0114,Y,Y,,,3,1,2,,,5,Y,Y,Y,Y,Y,Y,Y,Y,0,Y,290,Y,4,Y,Y,13,10,N1,39,8,1,3,,52,18,,38,30,8,16,16,17,206,55,61,21,16,21,1,,1872,,,Y,Y,A1100007,22,,16,8,2,2,,29,24,,5,20,,,,,,6,23,2,29,1,1,,,,3,0,4,5,4,22,2,10,17,6,1,1,,,,,,,,,,,,,,,
2026-09-22 15:58:59,서울특별시,A1100012,학교법인가톨릭학원가톨릭대학교서울성모병원,20260922155511,0215881511,Y,Y,,,2,,,2,5,2,Y,,Y,Y,Y,Y,Y,Y,-14,Y,142,Y,1,Y,Y,8,15,N1,28,7,,,2,50,5,6,32,10,2,9,10,8,80,40,39,11,9,4,,,1053,,,Y,Y,A1100012,23,1,6,16,11,14,,22,20,,18,35,1,2,,5,,7,10,2,19,1,0,,,,1,1,0,,4,3,2,,8,6,1,1,,,,,,,,,,,,,,,
2026-09-22 15:58:59,서울특별시,A1100009,재단법인아산사회복지재단서울아산병원,20260922155515,02-3010-3114,Y,Y,1,,4,1,1,0,3,3,Y,,Y,Y,Y,Y,Y,Y,-9,Y,241,Y,1,Y,Y,22,12,Y,36,11,1,22,2,61,12,4,74,8,8,21,15,17,190,33,49,30,14,5,,1,2104,1,,Y,Y,A1100009,24,,1,10,20,10,,24,37,,47,28,,,1,,6,2,12,7,12,2,1,,,,3,1,1,2,2,26,2,13,12,6,2,1,,,,,,,,,,,,,,,
2026-09-22 15:58:59,서울특별시,A1100011,가톨릭대학교여의도성모병원,20260922155510,02-1661-7575,,,,,,1,4,2,,0,Y,,Y,Y,Y,Y,Y,Y,5,Y,52,Y,,N1,Y,,8,N1,15,,1,4,2,,,,13,1,2,2,2,2,23,,,5,1,2,,,330,,,Y,N1,A1100011,25,,-2,3,1,,,10,8,,1,,,,,,,,,2,9,,,,,,,,,,,,,,,,,,,,,,,,,,,,,,,,
2026-09-22 15:58:59,서울특별시,A1100055,한림대학교강남성심병원,20260922155103,02-829-5114,Y,Y,,,3,3,1,0,2,,Y,,Y,Y,Y,Y,Y,Y,9,Y,155,Y,,Y,Y,0,11,N1,20,3,3,2,2,12,,3,14,,3,3,3,3,54,21,22,13,3,2,,,493,,,Y,Y,A1100055,26,,6,9,4,,,21,23,,7,,,,,,,0,10,,,,,,,,,,,,,,,,,,,,,,,,,,,,,,,,,,
2026-09-22 15:58:59,서울특별시,A1100054,성애의료재단성애병원,20260922155318,02-840-7114,Y,Y,,,,1,4,,,,Y,,Y,Y,Y,Y,Y,Y,9,N1,74,N1,6,Y,Y,4,5,N1,15,,1,4,,4,19,,5,,2,2,2,1,8,5,14,2,,,,,252,,,Y,Y,A1100054,27,,,,0,,,,,,1,,,,,,,,,,,,,,,,,,,,,,,,,,,,,,,,,,,,,,,,,,
2026-09-22 15:58:59,서울특별시,A1100004,순천향대학교부속서울병원,20260922155426,02-709-9114,Y,Y,,,4,1,2,0,2,2,Y,,Y,Y,Y,Y,Y,Y,9,Y,150,Y,7,Y,Y,0,3,N1,20,4,1,2,2,13,43,3,14,4,7,3,3,4,51,8,17,14,5,3,,,597,,,Y,Y,A1100004,28,,,,1,8,,,,,10,21,,,,,,,,,,,,,0,0,,,,,,,,,,,,,,0,0,,,0,0,,,,,,,,
2026-09-22 15:58:59,서울특별시,A1121013,가톨릭대학교은평성모병원,20260922155510,02-1811-7755,Y,Y,,,6,2,2,,,2,Y,,Y,Y,Y,Y,Y,Y,-1,Y,201,Y,,Y,Y,5,10,N1,24,8,2,2,,19,,,19,5,1,4,3,5,46,19,22,10,5,20,,,651,,,Y,Y,A1121013,29,,2,4,0,,,16,9,,4,,,,,,,2,12,3,13,,,,,,,,,,,,,,,,,,,,,,,,,,,,,,,,
2026-09-22 15:58:59,서울특별시,A1100006,강북삼성병원,20260922155528,02-2001-2001,Y,Y,,,2,1,1,,,2,Y,,Y,Y,Y,Y,Y,Y,2,Y,36,Y,9,Y,Y,1,3,N1,15,2,1,2,,14,24,,16,3,1,5,4,6,54,13,14,8,4,3,,,569,,,Y,Y,A1100006,30,,,1,2,7,,,4,,5,18,,,,,,,,1,12,,,,,,,,,,0,,,,8,,,,,,,,,,,,,,,,,,
2026-09-22 15:58:59,서울특별시,A1100052,국립중앙의료원,20260922155505,02-2260-7114,N,Y,,0,3,2,2,1,0,5,Y,,Y,Y,Y,Y,Y,Y,9,Y,0,Y,9,Y,Y,,7,N1,15,3,2,3,6,,13,0,7,7,1,1,1,2,56,1,3,5,5,2,,,202,,0,Y,N,A1100052,31,,,0,2,,0,,0,20,2,,,,,,,,,,,,,0,,0,,,,,,,,,,,,,0,,0,,,5,5,2,6,2,6,0,2,50,2
2026-09-22 15:58:59,서울특별시,A1100036,부민병원,20260922155016,1577-7582,,Y,,,,1,,,,0,Y,,Y,Y,Y,Y,Y,Y,10,Y,51,N1,1,Y,Y,,7,N1,10,,1,,,,14,,8,3,1,3,3,1,22,,1,2,1,,,,282,,,Y,N1,A1100036,32,,,,0,,,,,,1,,,,,,,,,,,,,,,,,,,,,,,,,,,,,,,,,,,,,,,,,,
2026-09-22 15:58:59,서울특별시,A1100051,혜민병원,20260922155034,02-2049-9000,,,,,,0,,,,,,,Y,,Y,N1,Y,Y,8,N1,28,N1,14,N1,Y,,5,N1,9,,1,,,,19,,5,,,2,2,,16,,,2,,,,,205,,,Y,N1,A1100051,33,,,,,,,,,,,,,,,,,,,,,,,,,,,,,,,,,,,,,,,,,,,,,,,,,,,,
2026-09-22 15:58:59,서울특별시,A1100026,구로성심병원,20260922155350,02-2067-1500,,,,,,,1,,,,,,Y,,Y,N1,N1,Y,5,N1,49,N1,0,N1,Y,,1,N1,9,,,1,,,11,,3,,,1,1,,5,,,,,,,,191,,,Y,N1,A1100026,34,,,,,,,,,,,,,,,,,,,,,,,,,,,,,,,,,,,,,,,,,,,,,,,,,,,,
2026-09-22 15:58:59,서울특별시,A1100049,희명병원,20260922155257,02-804-0002,,,,,,,1,,,,,,Y,,Y,N1,Y,Y,2,Y,123,N1,4,N1,Y,,1,N1,10,,,1,,,19,,4,,,1,1,,9,,,1,1,,,,228,,,Y,N1,A1100049,35,,,,,,,,,,,,,,,,,,,,,,,,,,,,,,,,,,,,,,,,,,,,,,,,,,,,
2026-09-22 15:58:59,서울특별시,A1100027,한국원자력의학원원자력병원,20260922155129,02-970-2114,,Y,,,,1,1,,,1,Y,,Y,Y,Y,Y,Y,Y,6,N1,220,N1,7,Y,Y,,7,N1,9,,1,1,,,10,,10,1,1,4,2,1,16,,2,1,,,,,444,,,Y,N1,A1100027,36,,,,1,,,,,,1,,,,,,,,,,,,,,,,,,,,,,,,,,,,,,,,,1,1,,,,,,,,
2026-09-22 15:58:59,서울특별시,A1100022,서울특별시동부병원,20260922155520,02-920-9114,,Y,,,,1,1,,,,Y,,Y,,Y,N1,Y,Y,8,N1,30,N1,4,Y,Y,,3,N1,8,,1,1,,,8,,3,,1,1,1,,7,,1,1,,,,,195,,,Y,N1,A1100022,37,,,,1,,,,,,1,,,,,,,,,,,,,,,,,,,,,,,,,,,,,,,,,,,,,,,,,,
2026-09-22 15:58:59,서울특별시,A1100050,서울성심병원,20260922155309,02-966-1616,,,,,,1,2,,,,,,Y,,Y,N1,N1,Y,17,N1,87,N1,6,N1,Y,,6,N1,17,,1,2,,,10,,6,,,1,1,,11,,,,,,,,208,,,Y,N1,A1100050,38,,,,,,,,,,,,,,,,,,,,,,,,,,,,,,,,,,,,,,,,,,,,,,,,,,,,
2026-09-22 15:58:59,서울특별시,A1100025,의료법인동신의료재단동신병원,20260922155410,02-396-9161,,,,,,,1,,,,,,Y,,Y,N1,N1,Y,6,N1,53,N1,3,N1,Y,,3,N1,9,,,1,,,9,,3,,,1,1,,7,,,,,,,,196,,,Y,N1,A1100025,39,,,,,,,,,,,,,,,,,,,,,,,,,,,,,,,,,,,,,,,,,,,,,,,,,,,,
2026-09-22 15:58:59,서울특별시,A1122033,기쁨병원,20260922155445,02-570-1234,,,,,,,1,,,,,,Y,Y,Y,Y,N1,Y,2,N1,45,N1,,N1,Y,,7,N1,4,,,1,,,,,8,,,1,1,1,1,,,,,,,,110,,,Y,N1,A1122033,40,,,,,,,,,,,,,,,,,,,,,,,,,,,,,,,,,,,,,,,,,,,,,,,,,,,,
2026-09-22 15:58:59,서울특별시,A1100039,경찰병원,20260922155502,02-3400-1114,,,,,,1,,,,2,,,Y,,Y,N1,Y,Y,3,N1,135,N1,13,N1,Y,,6,N1,3,,1,,,,14,,7,2,,2,3,,10,,,2,,,,,187,,,Y,N1,A1100039,41,,,,2,,,,,,2,,,,,,,,,,,,,,,,,,,,,,,,,,,,,,,,,1,1,,,,,,,,
2026-09-22 15:58:59,서울특별시,A1100019,홍익병원,20260922155359,02-2693-5555,,,,,,,1,,,0,,,Y,Y,Y,Y,N,Y,5,N1,72,N1,4,N1,Y,,1,N1,9,,,1,,,14,,4,1,,4,2,2,7,,,1,,,,,251,,,Y,N1,A1100019,42,,,,1,,,,,,1,,,,,,,,,,,,,,,,,,,,,,,,,,,,,,,,,,,,,,,,,,
2026-09-22 15:58:59,서울특별시,A1100223,서울특별시서남병원,20260922155000,1566-6688,,,,0,,1,1,2,2,4,,,Y,,Y,N1,Y,Y,17,Y,42,Y,11,N1,Y,,4,N1,17,,1,2,2,,17,3,4,4,,2,1,,16,,,1,1,1,,,275,,0,Y,N1,A1100223,43,,,,0,,,,,,1,,,,,,,,,,,,,,,,,,,,,,,,,,,,,,,,,,,,,,,,,,
2026-09-22 15:58:59,서울특별시,A1100024,명지성모병원,20260922155546,02-1899-1475,,,,,,1,1,,,,,,Y,Y,Y,Y,N1,Y,5,N1,97,N1,2,N1,Y,,1,N1,8,,1,1,,,12,,3,,,1,3,2,7,,,,,,,,212,,,Y,N1,A1100024,44,,,,1,,,,,,1,,,,,,,,,,,,,,,,,,,,,,,,,,,,,,,,,,,,,,,,,,
2026-09-22 15:58:59,서울특별시,A1100037,대림성모병원,20260922155034,02-829-9000,,,,,,,1,,,,,,Y,,Y,N1,N1,Y,5,N1,28,N1,,N1,Y,,3,N1,8,,,2,,,,,4,,,1,2,,1,,,,,,,,114,,,Y,N1,A1100037,45,,,,,,,,,,,,,,,,,,,,,,,,,,,,,,,,,,,,,,,,,,,,,,,,,,,,
2026-09-22 15:58:59,서울특별시,A1100045,씨엠병원,20260922154500,02-2678-0001,,,,,,,1,,,,,,Y,,Y,N1,N1,Y,8,N1,35,N1,,N1,Y,,1,N1,9,,,1,,,,,5,,,2,2,,6,,,,,,,,110,,,Y,N1,A1100045,46,,,,,,,,,,,,,,,,,,,,,,,,,,,,,,,,,,,,,,,,,,,,,,,,,,,,
2026-09-22 15:58:59,서울특별시,A1100023,의료법인청구성심병원,20260922155424,02-350-3300,,,,,,,0,,,,,,Y,,Y,N1,N1,Y,8,N1,32,N1,2,N1,Y,,1,N1,10,,,1,,,6,,3,,,1,1,,4,,,,,,,,196,,,Y,N1,A1100023,47,,,,,,,,,,,,,,,,,,,,,,,,,,,,,,,,,,,,,,,,,,,,,,,,,,,,
2026-09-22 15:58:59,서울특별시,A1100029,서울적십자병원,20260922155350,02-2002-8000,,,,,,1,,,,,,,Y,,Y,N1,Y,Y,9,N1,99,N1,6,N1,Y,,6,N1,10,,1,,,,12,,6,,,1,1,,11,,,2,,,,,260,,,Y,N1,A1100029,48,,,,,,,,,,,,,,,,,,,,,,,,,,,,,,,,,,,,,,,,,,,,,,,,,,,,
2026-09-22 15:58:59,서울특별시,A1100032,세란병원,20260922155525,02-737-0181,,,,,,,1,,,,,,Y,,Y,N1,N1,Y,6,N1,50,N1,,N1,Y,,11,N1,10,,,1,,,,,13,,,3,5,,3,,,,,,,,205,,,Y,N1,A1100032,49,,,,,,,,,,,,,,,,,,,,,,,,,,,,,,,,,,,,,,,,,,,,,,,,,,,,
2026-09-22 15:58:59,서울특별시,A1100075,의료법인풍산의료재단동부제일병원,20260922155002,02-437-5011,,,,,,,1,,,,,,Y,,Y,N1,N1,Y,6,N1,48,N1,,N1,Y,,2,N1,7,,,1,,,,,2,,,1,1,,3,,,,,,,,124,,,Y,N1,A1100075,50,,,,,,,,,,,,,,,,,,,,,,,,,,,,,,,,,,,,,,,,,,,,,,,,,,,,
2026-09-22 15:58:59,서울특별시,A1100044,녹색병원,20260922155504,02-490-2000,,,,,,1,4,,,0,N,,Y,,Y,N1,Y,Y,2,N1,104,N1,4,N1,Y,,2,N1,5,,1,4,,,17,,3,3,1,2,1,,22,,,1,,,,,293,,,Y,N1,A1100044,51,,,,3,,,,,,3,,,,,,,,,,,,,,,,,,,,,,,,,,,,,,,,,,,,,,,,,,
2026-09-22 16:29:01,서울특별시,A1100043,강동경희대학교병원,20260922162519,02-440-7114,Y,Y,1,2,3,2,2,2,8,1,Y,N,Y,Y,Y,Y,Y,Y,3,Y,148,Y,2,Y,Y,7,12,N,15,3,2,3,19,17,27,30,17,1,8,2,2,3,32,9,13,4,1,1,0,0,625,3,2,Y,Y,A1100043,1,,,,,,,,,,,,,,,,,,,,,,,,,,,,,,,,,,,,,,,,,,,,,,,,,,,,
2026-09-22 16:29:01,서울특별시,A1100014,고려대학교의과대학부속구로병원,20260922162518,02-2626-1114,Y,Y,,,2,,,1,11,2,Y,,Y,Y,Y,Y,Y,Y,-8,Y,55,Y,9,Y,Y,0,9,N1,29,3,,,20,23,35,30,24,4,2,6,6,4,98,11,35,15,10,3,,,778,,,Y,Y,A1100014,2,3,2,2,0,5,1,20,4,6,10,18,5,,,,,,,,,,,,,,,,,,,,,,,,,,,,,,,,,,,,,,,,
2026-09-22 16:29:01,서울특별시,A1100013,한양대학교병원,20260922162259,02-2290-8114,Y,Y,1,,0,,,4,9,0,Y,,Y,Y,Y,Y,Y,Y,8,Y,158,Y,0,Y,Y,-1,7,Y,20,3,,,22,14,0,30,16,2,1,3,2,3,69,10,23,13,6,3,,1,670,2,,Y,Y,A1100013,3,4,3,,0,1,,12,,,2,16,4,3,0,8,5,,,,,,,,,,,,,,,,,,,,,,,,,,,,,,,,,,,,
2026-09-22 16:29:01,서울특별시,A1100008,학교법인고려중앙학원고려대학교의과대학부속병원(안암병원),20260922162141,1577-0083,Y,Y,0,,3,,,2,7,0,Y,,Y,Y,Y,Y,Y,Y,12,Y,126,Y,,Y,Y,-3,10,Y,30,4,,,15,17,,31,25,3,4,7,6,8,84,14,20,11,8,7,,1,777,6,,Y,Y,A1100008,4,2,2,4,3,2,,16,19,,6,10,2,3,,7,,0,9,,,,,,,,,,,,,,,,,,,,,,,,,,,,,,,,,,
2026-09-22 16:29:01,서울특별시,A1100005,이화여자대학교의과대학부속목동병원,20260922162045,02-2650-5114,Y,Y,0,,7,2,3,6,7,2,Y,,Y,Y,Y,Y,Y,Y,5,Y,43,Y,,Y,Y,12,3,Y,19,8,2,4,19,28,,32,13,9,2,4,4,4,58,10,34,9,3,5,,1,526,1,,Y,Y,A1100005,5,,0,5,0,2,,10,13,,4,10,,,0,,1,,,3,14,,,,,,,,,,,,,,,,,,,,,,,,,,,,,,,,
2026-09-22 16:29:01,서울특별시,A1100017,서울대학교병원,20260922162438,02-1588-5700,Y,Y,0,,-1,2,2,5,16,4,Y,Y,Y,Y,Y,Y,Y,Y,-8,Y,139,Y,,Y,Y,7,29,N1,24,10,2,4,17,40,,30,53,7,4,13,13,14,160,19,46,22,9,3,1,,1365,2,,Y,Y,A1100017,6,,2,10,6,7,,10,18,,28,41,,,0,,1,2,6,0,5,1,1,0,0,0,8,2,6,4,7,22,2,10,10,6,1,1,0,0,8,,,,,,,,,,,,
2026-09-22 16:29:01,서울특별시,A1100035,서울특별시서울의료원,20260922162500,02-2276-7000,Y,Y,1,,3,2,3,6,12,3,Y,Y,Y,Y,Y,Y,Y,Y,10,Y,154,Y,1,Y,Y,1,7,Y,19,3,2,3,14,3,5,28,10,3,4,5,3,5,65,5,12,7,2,4,1,2,461,2,,Y,Y,A1100035,7,,3,,,13,,7,,,,30,,,2,,4,,,0,6,,,,,,,,,,,,,,,,,,,,,1,2,,,,,,,,,,
2026-09-22 16:29:01,서울특별시,A1100015,연세대학교의과대학강남세브란스병원,20260922162456,02-2019-3114,Y,Y,,,2,1,0,,,5,Y,,Y,Y,Y,Y,Y,Y,-5,Y,129,Y,10,Y,Y,2,0,N1,21,2,1,2,,28,29,,23,5,1,4,3,6,47,10,23,6,3,5,,,691,,,Y,Y,A1100015,8,,,,,,,,,,,,,,,,,4,8,0,12,,,,,,,,,,,,,,,,,,,,,,,,,,,,,,,,
2026-09-22 16:29:01,서울특별시,A1100010,삼성서울병원,20260922162423,02-3410-2114,Y,Y,,,3,2,2,,,0,Y,,Y,Y,Y,Y,Y,Y,-29,Y,167,Y,,Y,Y,3,14,N1,52,4,2,2,,59,,,46,8,6,19,16,15,117,22,43,21,11,2,,,1528,,,Y,Y,A1100010,9,,9,14,,6,,28,23,,,27,,,,,,3,12,0,12,,,,,,6,,,,16,14,,,36,,,,,,,,,,,,,,,,,,
2026-09-22 16:29:01,서울특별시,A1100028,성심의료재단강동성심병원,20260922162532,02-2224-2114,Y,Y,,,,1,3,,,0,Y,,Y,Y,Y,Y,Y,Y,4,Y,155,Y,1,Y,Y,1,5,N1,15,,1,6,,3,19,,13,2,1,4,2,5,35,3,3,8,3,1,,,566,,,Y,Y,A1100028,10,,3,,1,,,18,,,5,,,,,,,,,,,,,,,,,,,,,,,,,,,,,,,,,2,2,,,,,,,,
2026-09-22 16:29:01,서울특별시,A1100053,한국보훈복지의료공단 중앙보훈병원,20260922162058,02-2225-1111,,,,,,1,2,2,0,2,N,,Y,Y,Y,Y,Y,Y,4,Y,236,N1,,N1,Y,,6,N1,22,,1,2,2,,,3,13,7,1,3,4,4,38,,,10,1,,,,820,,,Y,N1,A1100053,11,,4,6,1,34,,14,14,,1,60,,,,,,3,10,1,13,,,,,,,,,,,,,,,,,,,,,,,,,,,,,,,,
2026-09-22 16:29:01,서울특별시,A1120796,이화여자대학교의과대학부속서울병원,20260922162053,1522-7000,Y,Y,,,7,2,6,,,2,Y,,Y,Y,Y,Y,Y,Y,-7,Y,140,Y,0,Y,Y,5,12,N1,14,9,2,6,,24,11,,19,4,2,5,5,8,71,9,22,12,4,5,,,736,,,Y,Y,A1120796,12,,0,4,1,,,10,17,,7,,,,,,,4,11,4,17,,,,,,,,,,2,,,,19,,,,,,,,,,,,,,,,,,
2026-09-22 16:29:01,서울특별시,A1100041,의료법인서울효천의료재단에이치플러스양지병원,20260922162511,02-1877-8875,,,,,,1,2,,,0,,,Y,Y,Y,Y,Y,Y,10,Y,24,Y,8,N1,Y,,3,N1,18,,1,2,,,27,,7,3,,2,3,3,23,,,5,1,1,,,293,,,Y,N1,A1100041,13,,,,0,,,,,,1,,,,,,,,,,,,,,,,,,,,,,,,,,,,,,,,,,,,,,,,,,
2026-09-22 16:29:01,서울특별시,A1100002,건국대학교병원,20260922162308,1588-1533,Y,Y,,,3,1,1,,,3,Y,,Y,Y,Y,Y,Y,Y,9,Y,124,Y,,Y,Y,-1,13,N1,20,4,1,2,,16,,,21,3,2,4,4,5,45,7,18,7,3,14,,,678,,,Y,Y,A1100002,14,,9,10,1,7,,24,25,,1,14,,,,,,,,,,,,,,,,,,,,,,,,,,,,,,,,,,,,,,,,,
2026-09-22 16:29:01,서울특별시,A1100016,인제대학교상계백병원,20260922162046,02-950-1114,Y,Y,,,,0,2,,,0,Y,,Y,Y,Y,Y,Y,Y,1,Y,66,Y,,Y,Y,0,11,N1,16,,1,2,,15,,,13,2,2,3,2,3,36,10,25,10,3,1,,,390,,,Y,Y,A1100016,15,,2,0,2,4,,19,18,,4,5,,,,,,,,,,,,,,,,,,,,,,,,,,,,,,,,1,4,,,,,,,,
2026-09-22 16:29:01,서울특별시,A1100048,노원을지대학교병원,20260922162102,02-970-8000,Y,Y,,,,1,4,,,0,Y,,Y,Y,Y,Y,Y,Y,14,Y,210,N1,,Y,Y,1,8,N1,17,,1,4,,10,,,11,1,3,2,2,2,26,8,19,3,1,,,,479,,,Y,Y,A1100048,16,,3,6,1,6,,16,16,,2,21,,,,,,,,,,,,,,,,,,,,,,,,,,,,,,,,,,0,0,0,0,,,,
2026-09-22 16:29:01,서울특별시,A1100020,의료법인한전의료재단 한일병원,20260922162505,02-901-3114,N,N,,,2,2,2,1,2,2,,Y,Y,Y,Y,Y,Y,Y,3,N1,75,Y,7,N,Y,,5,Y,21,2,2,2,2,,21,3,8,5,,2,1,2,25,1,4,2,,4,2,2,389,,,Y,N,A1100020,17,,,,0,,,,,,1,,,,,,,,,,,,,,,,,,,,,,,,,,,,,,,,,,,,,,,,,,
2026-09-22 16:29:01,서울특별시,A1100001,경희대학교병원,20260922162532,02-958-8114,Y,Y,,,3,2,3,,,8,Y,,Y,Y,Y,Y,Y,Y,7,Y,162,Y,38,Y,Y,0,8,N1,15,3,2,3,,18,73,,16,10,3,3,3,5,48,6,12,8,3,2,,,653,,,Y,Y,A1100001,18,,,,,8,,,,,,20,,,,,,,,7,15,,,,,,,,,,,,,,,,,,,,,,,,,,,,,,,,
2026-09-22 16:29:01,서울특별시,A1100021,삼육서울병원,20260922162405,02-2244-0191,,N,,,,1,2,1,2,3,Y,,Y,Y,Y,Y,Y,Y,11,Y,111,Y,4,N,Y,4,5,Y,13,,1,2,2,4,15,3,5,4,2,1,1,2,20,,4,5,2,1,,1,389,,,Y,N1,A1100021,19,,,,1,,,,,,1,,,,,,,,,,,,,,,,,,,,,,,,,,,,,,,,,1,4,,,,,,,,
2026-09-22 16:29:01,서울특별시,A1100040,서울특별시보라매병원,20260922162500,02-870-2114,Y,Y,,,3,2,0,,,3,Y,,Y,Y,Y,Y,Y,Y,6,Y,175,Y,,Y,Y,0,8,N1,31,3,2,1,,14,,,14,3,4,6,3,5,48,14,13,5,9,2,,,695,,,Y,Y,A1100040,20,,4,12,1,2,,15,16,,4,14,,,,,,4,4,,,,,,,,,,,,,,,,,,,,,,,,,,,,,,,,,,
2026-09-22 16:29:01,서울특별시,A1100003,중앙대학교병원,20260922162509,1800-1114,Y,Y,1,,3,2,3,4,,0,Y,,Y,Y,Y,Y,Y,Y,6,Y,120,Y,,Y,Y,0,10,N1,22,4,2,3,12,25,,,16,2,2,4,3,4,51,9,21,13,6,12,,,629,1,,Y,Y,A1100003,21,0,7,3,3,2,,12,17,,11,2,0,0,,0,,,,,,,,,,1,,,,,,,,,,,,,,,4,,,,,,,,,,,,
2026-09-22 16:29:01,서울특별시,A1100007,연세대학교의과대학세브란스병원,20260922162345,02-2228-0114,Y,Y,,,3,1,2,,,5,Y,Y,Y,Y,Y,Y,Y,Y,2,Y,293,Y,4,Y,Y,14,0,N1,39,8,1,3,,52,18,,27,30,8,16,16,17,206,55,61,21,16,21,1,,1872,,,Y,Y,A1100007,22,,16,9,2,2,,29,24,,5,20,,,,,,6,23,2,29,1,1,,,,3,0,4,4,4,22,2,10,17,6,1,1,,,,,,,,,,,,,,,
2026-09-22 16:29:01,서울특별시,A1100012,학교법인가톨릭학원가톨릭대학교서울성모병원,20260922162511,0215881511,Y,Y,,,2,,,2,5,2,Y,,Y,Y,Y,Y,Y,Y,-14,Y,120,Y,1,Y,Y,8,16,N1,28,7,,,2,50,5,6,32,10,2,9,10,8,80,40,39,11,9,4,,,1053,,,Y,Y,A1100012,23,1,6,16,11,13,,22,20,,18,35,1,2,,5,,7,10,2,19,1,0,,,,1,1,1,,4,3,2,,8,6,1,1,,,,,,,,,,,,,,,
2026-09-22 16:29:01,서울특별시,A1100009,재단법인아산사회복지재단서울아산병원,20260922162515,02-3010-3114,Y,Y,1,,4,1,1,0,3,3,Y,,Y,Y,Y,Y,Y,Y,-10,Y,234,Y,1,Y,Y,21,17,Y,36,11,1,22,2,61,12,4,74,8,8,21,15,17,190,33,49,30,14,5,,1,2104,1,,Y,Y,A1100009,24,,1,8,20,10,,24,37,,47,28,,,1,,6,2,12,7,12,2,1,,,,3,1,0,2,2,26,2,13,12,6,2,1,,,,,,,,,,,,,,,
2026-09-22 16:29:01,서울특별시,A1100011,가톨릭대학교여의도성모병원,20260922162510,02-1661-7575,,,,,,1,4,2,,0,Y,,Y,Y,Y,Y,Y,Y,6,Y,45,Y,,N1,Y,,9,N1,15,,1,4,2,,,,13,1,2,2,2,2,23,,,5,1,2,,,330,,,Y,N1,A1100011,25,,-2,2,1,,,10,8,,1,,,,,,,,,2,9,,,,,,,,,,,,,,,,,,,,,,,,,,,,,,,,
2026-09-22 16:29:01,서울특별시,A1100055,한림대학교강남성심병원,20260922162103,02-829-5114,Y,Y,,,3,3,1,0,2,,Y,,Y,Y,Y,Y,Y,Y,9,Y,153,Y,,Y,Y,0,12,N1,20,3,3,2,2,12,,3,14,,3,3,3,3,54,21,22,13,3,2,,,493,,,Y,Y,A1100055,26,,6,9,4,,,21,23,,7,,,,,,,0,10,,,,,,,,,,,,,,,,,,,,,,,,,,,,,,,,,,
2026-09-22 16:29:01,서울특별시,A1100054,성애의료재단성애병원,20260922162322,02-840-7114,Y,Y,,,,1,4,,,,Y,,Y,Y,Y,Y,Y,Y,7,N1,72,N1,6,Y,Y,4,5,N1,15,,1,4,,4,19,,5,,2,2,2,1,8,5,14,2,,,,,252,,,Y,Y,A1100054,27,,,,0,,,,,,1,,,,,,,,,,,,,,,,,,,,,,,,,,,,,,,,,,,,,,,,,,
2026-09-22 16:29:01,서울특별시,A1100004,순천향대학교부속서울병원,20260922162426,02-709-9114,Y,Y,,,4,1,2,0,2,2,Y,,Y,Y,Y,Y,Y,Y,12,Y,157,Y,8,Y,Y,0,4,N1,20,4,1,2,2,13,43,3,14,4,7,3,3,4,51,8,17,14,5,3,,,597,,,Y,Y,A1100004,28,,,,1,8,,,,,10,21,,,,,,,,,,,,,0,0,,,,,,,,,,,,,,0,0,,,0,0,,,,,,,,
2026-09-22 16:29:01,서울특별시,A1121013,가톨릭대학교은평성모병원,20260922162510,02-1811-7755,Y,Y,,,6,2,1,,,2,Y,,Y,Y,Y,Y,Y,Y,0,Y,201,Y,,Y,Y,5,15,N1,24,8,2,2,,19,,,19,5,1,4,3,5,46,19,22,10,5,20,,,651,,,Y,Y,A1121013,29,,2,4,0,,,16,9,,4,,,,,,,2,12,3,13,,,,,,,,,,,,,,,,,,,,,,,,,,,,,,,,
2026-09-22 16:29:01,서울특별시,A1100006,강북삼성병원,20260922162535,02-2001-2001,Y,Y,,,2,1,1,,,2,Y,,Y,Y,Y,Y,Y,Y,2,Y,36,Y,9,Y,Y,1,6,N1,15,2,1,2,,14,24,,16,3,1,5,4,6,54,13,14,8,4,3,,,569,,,Y,Y,A1100006,30,,,1,2,7,,,4,,5,18,,,,,,,,1,12,,,,,,,,,,0,,,,8,,,,,,,,,,,,,,,,,,
2026-09-22 16:29:01,서울특별시,A1100052,국립중앙의료원,20260922162505,02-2260-7114,N,Y,,0,3,2,2,0,0,3,Y,,Y,Y,Y,Y,Y,Y,13,Y,0,Y,1,Y,Y,,4,N1,15,3,2,3,6,,13,0,7,7,1,1,1,2,56,1,3,5,5,2,,,202,,0,Y,N,A1100052,31,,,0,2,,3,,0,20,2,,,,,,,,,,,,,0,,0,,,,,,,,,,,,,0,,0,,,4,5,2,6,2,6,8,1,50,2
2026-09-22 16:29:01,서울특별시,A1100036,부민병원,20260922162018,1577-7582,,Y,,,,1,,,,0,Y,,Y,Y,Y,Y,Y,Y,9,Y,49,N1,1,Y,Y,,8,N1,10,,1,,,,14,,8,3,1,3,3,1,22,,1,2,1,,,,282,,,Y,N1,A1100036,32,,,,0,,,,,,1,,,,,,,,,,,,,,,,,,,,,,,,,,,,,,,,,,,,,,,,,,
2026-09-22 16:29:01,서울특별시,A1100051,혜민병원,20260922162047,02-2049-9000,,,,,,0,,,,,,,Y,,Y,N1,Y,Y,9,N1,28,N1,14,N1,Y,,5,N1,9,,1,,,,19,,5,,,2,2,,16,,,2,,,,,205,,,Y,N1,A1100051,33,,,,,,,,,,,,,,,,,,,,,,,,,,,,,,,,,,,,,,,,,,,,,,,,,,,,
2026-09-22 16:29:01,서울특별시,A1100026,구로성심병원,20260922162408,02-2067-1500,,,,,,,1,,,,,,Y,,Y,N1,N1,Y,3,N1,49,N1,0,N1,Y,,3,N1,9,,,1,,,11,,3,,,1,1,,5,,,,,,,,191,,,Y,N1,A1100026,34,,,,,,,,,,,,,,,,,,,,,,,,,,,,,,,,,,,,,,,,,,,,,,,,,,,,
2026-09-22 16:29:01,서울특별시,A1100049,희명병원,20260922162317,02-804-0002,,,,,,,1,,,,,,Y,,Y,N1,Y,Y,4,Y,122,N1,4,N1,Y,,1,N1,10,,,1,,,19,,4,,,1,1,,9,,,1,1,,,,228,,,Y,N1,A1100049,35,,,,,,,,,,,,,,,,,,,,,,,,,,,,,,,,,,,,,,,,,,,,,,,,,,,,
2026-09-22 16:29:01,서울특별시,A1100027,한국원자력의학원원자력병원,20260922162129,02-970-2114,,Y,,,,1,1,,,1,Y,,Y,Y,Y,Y,Y,Y,6,N1,221,N1,7,Y,Y,,8,N1,9,,1,1,,,10,,10,1,1,4,2,1,16,,2,1,,,,,444,,,Y,N1,A1100027,36,,,,1,,,,,,1,,,,,,,,,,,,,,,,,,,,,,,,,,,,,,,,,1,1,,,,,,,,
2026-09-22 16:29:01,서울특별시,A1100022,서울특별시동부병원,20260922162520,02-920-9114,,Y,,,,1,1,,,,Y,,Y,,Y,N1,Y,Y,7,N1,30,N1,4,Y,Y,,3,N1,8,,1,1,,,8,,3,,1,1,1,,7,,1,1,,,,,195,,,Y,N1,A1100022,37,,,,1,,,,,,1,,,,,,,,,,,,,,,,,,,,,,,,,,,,,,,,,,,,,,,,,,
2026-09-22 16:29:01,서울특별시,A1100050,서울성심병원,20260922162332,02-966-1616,,,,,,1,2,,,,,,Y,,Y,N1,N1,Y,17,N1,87,N1,6,N1,Y,,6,N1,17,,1,2,,,10,,6,,,1,1,,11,,,,,,,,208,,,Y,N1,A1100050,38,,,,,,,,,,,,,,,,,,,,,,,,,,,,,,,,,,,,,,,,,,,,,,,,,,,,
2026-09-22 16:29:01,서울특별시,A1100025,의료법인동신의료재단동신병원,20260922162426,02-396-9161,,,,,,,1,,,,,,Y,,Y,N1,N1,Y,5,N1,53,N1,3,N1,Y,,3,N1,9,,,1,,,9,,3,,,1,1,,7,,,,,,,,196,,,Y,N1,A1100025,39,,,,,,,,,,,,,,,,,,,,,,,,,,,,,,,,,,,,,,,,,,,,,,,,,,,,
2026-09-22 16:29:01,서울특별시,A1122033,기쁨병원,20260922162505,02-570-1234,,,,,,,1,,,,,,Y,Y,Y,Y,N1,Y,3,N1,43,N1,,N1,Y,,7,N1,4,,,1,,,,,8,,,1,1,1,1,,,,,,,,110,,,Y,N1,A1122033,40,,,,,,,,,,,,,,,,,,,,,,,,,,,,,,,,,,,,,,,,,,,,,,,,,,,,
2026-09-22 16:29:01,서울특별시,A1100039,경찰병원,20260922162502,02-3400-1114,,,,,,1,,,,2,,,Y,,Y,N1,Y,Y,3,N1,135,N1,13,N1,Y,,5,N1,3,,1,,,,14,,7,2,,2,3,,10,,,2,,,,,187,,,Y,N1,A1100039,41,,,,2,,,,,,2,,,,,,,,,,,,,,,,,,,,,,,,,,,,,,,,,1,1,,,,,,,,
2026-09-22 16:29:01,서울특별시,A1100019,홍익병원,20260922162404,02-2693-5555,,,,,,,1,,,0,,,Y,Y,Y,Y,N,Y,5,N1,74,N1,4,N1,Y,,2,N1,9,,,1,,,14,,4,1,,4,2,2,7,,,1,,,,,251,,,Y,N1,A1100019,42,,,,1,,,,,,1,,,,,,,,,,,,,,,,,,,,,,,,,,,,,,,,,,,,,,,,,,
2026-09-22 16:29:01,서울특별시,A1100223,서울특별시서남병원,20260922162000,1566-6688,,,,0,,1,2,2,2,4,,,Y,,Y,N1,Y,Y,16,Y,42,Y,11,N1,Y,,4,N1,17,,1,2,2,,17,3,4,4,,2,1,,16,,,1,1,1,,,275,,0,Y,N1,A1100223,43,,,,0,,,,,,1,,,,,,,,,,,,,,,,,,,,,,,,,,,,,,,,,,,,,,,,,,
2026-09-22 16:29:01,서울특별시,A1100024,명지성모병원,20260922162549,02-1899-1475,,,,,,1,1,,,,,,Y,Y,Y,Y,N1,Y,5,N1,97,N1,2,N1,Y,,2,N1,8,,1,1,,,12,,3,,,1,3,2,7,,,,,,,,212,,,Y,N1,A1100024,44,,,,1,,,,,,1,,,,,,,,,,,,,,,,,,,,,,,,,,,,,,,,,,,,,,,,,,
2026-09-22 16:29:01,서울특별시,A1100037,대림성모병원,20260922162047,02-829-9000,,,,,,,1,,,,,,Y,,Y,N1,N1,Y,5,N1,28,N1,,N1,Y,,3,N1,8,,,2,,,,,4,,,1,2,,1,,,,,,,,114,,,Y,N1,A1100037,45,,,,,,,,,,,,,,,,,,,,,,,,,,,,,,,,,,,,,,,,,,,,,,,,,,,,
2026-09-22 16:29:01,서울특별시,A1100045,씨엠병원,20260922161500,02-2678-0001,,,,,,,1,,,,,,Y,,Y,N1,N1,Y,8,N1,34,N1,,N1,Y,,0,N1,9,,,1,,,,,5,,,2,2,,6,,,,,,,,110,,,Y,N1,A1100045,46,,,,,,,,,,,,,,,,,,,,,,,,,,,,,,,,,,,,,,,,,,,,,,,,,,,,
2026-09-22 16:29:01,서울특별시,A1100023,의료법인청구성심병원,20260922162437,02-350-3300,,,,,,,0,,,,,,Y,,Y,N1,N1,Y,8,N1,32,N1,2,N1,Y,,3,N1,10,,,1,,,6,,3,,,1,1,,4,,,,,,,,196,,,Y,N1,A1100023,47,,,,,,,,,,,,,,,,,,,,,,,,,,,,,,,,,,,,,,,,,,,,,,,,,,,,
2026-09-22 16:29:01,서울특별시,A1100029,서울적십자병원,20260922162430,02-2002-8000,,,,,,1,,,,,,,Y,,Y,N1,Y,Y,9,N1,99,N1,6,N1,Y,,6,N1,10,,1,,,,12,,6,,,1,1,,11,,,2,,,,,260,,,Y,N1,A1100029,48,,,,,,,,,,,,,,,,,,,,,,,,,,,,,,,,,,,,,,,,,,,,,,,,,,,,
2026-09-22 16:29:01,서울특별시,A1100032,세란병원,20260922162526,02-737-0181,,,,,,,1,,,,,,Y,,Y,N1,N1,Y,5,N1,49,N1,,N1,Y,,11,N1,10,,,1,,,,,13,,,3,5,,3,,,,,,,,205,,,Y,N1,A1100032,49,,,,,,,,,,,,,,,,,,,,,,,,,,,,,,,,,,,,,,,,,,,,,,,,,,,,
2026-09-22 16:29:01,서울특별시,A1100075,의료법인풍산의료재단동부제일병원,20260922162006,02-437-5011,,,,,,,1,,,,,,Y,,Y,N1,N1,Y,6,N1,47,N1,,N1,Y,,2,N1,7,,,1,,,,,2,,,1,1,,3,,,,,,,,124,,,Y,N1,A1100075,50,,,,,,,,,,,,,,,,,,,,,,,,,,,,,,,,,,,,,,,,,,,,,,,,,,,,
2026-09-22 16:29:01,서울특별시,A1100044,녹색병원,20260922162506,02-490-2000,,,,,,1,4,,,0,N,,Y,,Y,N1,Y,Y,3,N1,104,N1,4,N1,Y,,2,N1,5,,1,4,,,17,,3,3,1,2,1,,22,,,1,,,,,293,,,Y,N1,A1100044,51,,,,3,,,,,,3,,,,,,,,,,,,,,,,,,,,,,,,,,,,,,,,,,,,,,,,,,
2026-09-22 16:59:01,서울특별시,A1100043,강동경희대학교병원,20260922165522,02-440-7114,Y,Y,1,2,3,2,3,2,8,1,Y,N,Y,Y,Y,Y,Y,Y,0,Y,144,Y,2,Y,Y,7,13,N,15,3,2,3,19,17,27,30,17,1,8,2,2,3,32,9,13,4,1,1,0,0,625,3,2,Y,Y,A1100043,1,,,,,,,,,,,,,,,,,,,,,,,,,,,,,,,,,,,,,,,,,,,,,,,,,,,,
2026-09-22 16:59:01,서울특별시,A1100014,고려대학교의과대학부속구로병원,20260922165218,02-2626-1114,Y,Y,,,2,,,1,11,2,Y,,Y,Y,Y,Y,Y,Y,-5,Y,53,Y,9,Y,Y,0,11,N1,29,3,,,20,23,35,30,24,4,2,6,6,4,98,11,35,15,10,3,,,778,,,Y,Y,A1100014,2,3,2,2,0,5,1,20,4,6,10,18,5,,,,,,,,,,,,,,,,,,,,,,,,,,,,,,,,,,,,,,,,
2026-09-22 16:59:01,서울특별시,A1100013,한양대학교병원,20260922165259,02-2290-8114,Y,Y,0,,1,,,2,9,0,Y,,Y,Y,Y,Y,Y,Y,7,Y,153,Y,0,Y,Y,-1,10,Y,20,3,,,22,14,0,30,16,2,1,3,2,3,69,10,23,13,6,3,,1,670,2,,Y,Y,A1100013,3,4,3,,0,1,,12,,,2,16,4,3,0,8,5,,,,,,,,,,,,,,,,,,,,,,,,,,,,,,,,,,,,
2026-09-22 16:59:01,서울특별시,A1100008,학교법인고려중앙학원고려대학교의과대학부속병원(안암병원),20260922165427,1577-0083,Y,Y,0,,3,,,2,6,0,Y,,Y,Y,Y,Y,Y,Y,11,Y,122,Y,,Y,Y,-3,12,Y,30,4,,,15,17,,31,25,3,4,7,6,8,84,14,20,11,8,7,,1,777,6,,Y,Y,A1100008,4,2,3,5,3,2,,16,19,,6,10,2,4,,7,,1,9,,,,,,,,,,,,,,,,,,,,,,,,,,,,,,,,,,
2026-09-22 16:59:01,서울특별시,A1100005,이화여자대학교의과대학부속목동병원,20260922165045,02-2650-5114,Y,Y,0,,7,2,3,6,8,2,Y,,Y,Y,Y,Y,Y,Y,5,Y,43,Y,,Y,Y,12,3,Y,19,8,2,4,19,28,,32,13,9,2,4,4,4,58,10,34,9,3,5,,1,526,1,,Y,Y,A1100005,5,,0,6,0,2,,10,13,,4,10,,,0,,1,,,3,14,,,,,,,,,,,,,,,,,,,,,,,,,,,,,,,,
2026-09-22 16:59:01,서울특별시,A1100017,서울대학교병원,20260922165438,02-1588-5700,Y,Y,0,,-1,2,2,5,16,4,Y,Y,Y,Y,Y,Y,Y,Y,-5,Y,133,Y,,Y,Y,7,35,N1,24,10,2,4,17,40,,30,53,7,4,13,13,14,160,19,46,22,9,3,1,,1365,2,,Y,Y,A1100017,6,,2,9,6,7,,10,18,,28,41,,,0,,1,2,6,0,5,1,1,0,0,0,7,2,6,3,7,22,2,10,10,6,1,1,0,0,8,,,,,,,,,,,,
2026-09-22 16:59:01,서울특별시,A1100035,서울특별시서울의료원,20260922165501,02-2276-7000,Y,Y,1,,3,2,2,6,12,3,Y,Y,Y,Y,Y,Y,Y,Y,11,Y,155,Y,1,Y,Y,1,10,Y,19,3,2,3,14,3,5,28,10,3,4,5,3,5,65,5,12,7,2,4,1,2,461,2,,Y,Y,A1100035,7,,3,,,13,,7,,,,30,,,2,,4,,,0,6,,,,,,,,,,,,,,,,,,,,,1,2,,,,,,,,,,
2026-09-22 16:59:01,서울특별시,A1100015,연세대학교의과대학강남세브란스병원,20260922165457,02-2019-3114,Y,Y,,,2,1,0,,,5,Y,,Y,Y,Y,Y,Y,Y,-7,Y,132,Y,10,Y,Y,1,0,N1,21,2,1,2,,28,29,,23,5,1,4,3,6,47,10,23,6,3,5,,,691,,,Y,Y,A1100015,8,,,,,,,,,,,,,,,,,4,8,1,12,,,,,,,,,,,,,,,,,,,,,,,,,,,,,,,,
2026-09-22 16:59:01,서울특별시,A1100010,삼성서울병원,20260922165431,02-3410-2114,Y,Y,,,3,2,2,,,0,Y,,Y,Y,Y,Y,Y,Y,-33,Y,153,Y,,Y,Y,3,11,N1,52,4,2,2,,59,,,46,8,6,19,16,15,117,22,43,21,11,2,,,1528,,,Y,Y,A1100010,9,,9,13,,6,,28,23,,,27,,,,,,3,12,0,12,,,,,,6,,,,16,14,,,36,,,,,,,,,,,,,,,,,,
2026-09-22 16:59:01,서울특별시,A1100028,성심의료재단강동성심병원,20260922165037,02-2224-2114,Y,Y,,,,1,3,,,0,Y,,Y,Y,Y,Y,Y,Y,5,Y,158,Y,1,Y,Y,1,8,N1,15,,1,6,,3,19,,13,2,1,4,2,5,35,3,3,8,3,1,,,566,,,Y,Y,A1100028,10,,3,,1,,,18,,,5,,,,,,,,,,,,,,,,,,,,,,,,,,,,,,,,,2,2,,,,,,,,
2026-09-22 16:59:01,서울특별시,A1100053,한국보훈복지의료공단 중앙보훈병원,20260922165058,02-2225-1111,,,,,,1,2,2,0,2,N,,Y,Y,Y,Y,Y,Y,7,Y,234,N1,,N1,Y,,9,N1,22,,1,2,2,,,3,13,7,1,3,4,4,38,,,10,1,,,,820,,,Y,N1,A1100053,11,,4,6,1,34,,14,14,,1,60,,,,,,3,10,1,13,,,,,,,,,,,,,,,,,,,,,,,,,,,,,,,,
2026-09-22 16:59:01,서울특별시,A1120796,이화여자대학교의과대학부속서울병원,20260922165054,1522-7000,Y,Y,,,7,2,6,,,2,Y,,Y,Y,Y,Y,Y,Y,-9,Y,137,Y,0,Y,Y,5,13,N1,14,9,2,6,,24,11,,19,4,2,5,5,8,71,9,22,12,4,5,,,736,,,Y,Y,A1120796,12,,0,4,1,,,10,17,,7,,,,,,,4,11,4,17,,,,,,,,,,2,,,,19,,,,,,,,,,,,,,,,,,
2026-09-22 16:59:01,서울특별시,A1100041,의료법인서울효천의료재단에이치플러스양지병원,20260922165511,02-1877-8875,,,,,,1,2,,,0,,,Y,Y,Y,Y,Y,Y,8,Y,22,Y,8,N1,Y,,4,N1,18,,1,2,,,27,,7,3,,2,3,3,23,,,5,1,1,,,293,,,Y,N1,A1100041,13,,,,0,,,,,,1,,,,,,,,,,,,,,,,,,,,,,,,,,,,,,,,,,,,,,,,,,
2026-09-22 16:59:01,서울특별시,A1100002,건국대학교병원,20260922165308,1588-1533,Y,Y,,,3,1,1,,,3,Y,,Y,Y,Y,Y,Y,Y,7,Y,124,Y,,Y,Y,-1,15,N1,20,4,1,2,,16,,,21,3,2,4,4,5,45,7,18,7,3,14,,,678,,,Y,Y,A1100002,14,,9,10,1,7,,24,25,,1,14,,,,,,,,,,,,,,,,,,,,,,,,,,,,,,,,,,,,,,,,,
2026-09-22 16:59:01,서울특별시,A1100016,인제대학교상계백병원,20260922165051,02-950-1114,Y,Y,,,,1,1,,,0,Y,,Y,Y,Y,Y,Y,Y,1,Y,63,Y,,Y,Y,0,12,N1,16,,1,2,,15,,,13,2,2,3,2,3,36,10,25,10,3,1,,,390,,,Y,Y,A1100016,15,,2,0,2,4,,19,18,,4,5,,,,,,,,,,,,,,,,,,,,,,,,,,,,,,,,1,4,,,,,,,,
2026-09-22 16:59:01,서울특별시,A1100048,노원을지대학교병원,20260922165102,02-970-8000,Y,Y,,,,1,4,,,0,Y,,Y,Y,Y,Y,Y,Y,13,Y,212,N1,,Y,Y,1,8,N1,17,,1,4,,10,,,11,1,3,2,2,2,26,8,19,3,1,,,,479,,,Y,Y,A1100048,16,,3,6,1,5,,16,16,,2,21,,,,,,,,,,,,,,,,,,,,,,,,,,,,,,,,,,0,0,0,0,,,,
2026-09-22 16:59:01,서울특별시,A1100020,의료법인한전의료재단 한일병원,20260922165505,02-901-3114,N,N,,,2,2,2,1,2,2,,Y,Y,Y,Y,Y,Y,Y,1,N1,76,Y,7,N,Y,,6,Y,21,2,2,2,2,,21,3,8,5,,2,1,2,25,1,4,2,,4,2,2,389,,,Y,N,A1100020,17,,,,0,,,,,,1,,,,,,,,,,,,,,,,,,,,,,,,,,,,,,,,,,,,,,,,,,
2026-09-22 16:59:01,서울특별시,A1100001,경희대학교병원,20260922165436,02-958-8114,Y,Y,,,3,2,3,,,8,Y,,Y,Y,Y,Y,Y,Y,10,Y,161,Y,38,Y,Y,0,10,N1,15,3,2,3,,18,73,,16,10,3,3,3,5,48,6,12,8,3,2,,,653,,,Y,Y,A1100001,18,,,,,7,,,,,,20,,,,,,,,6,15,,,,,,,,,,,,,,,,,,,,,,,,,,,,,,,,
2026-09-22 16:59:01,서울특별시,A1100021,삼육서울병원,20260922165516,02-2244-0191,,N,,,,1,1,1,1,3,Y,,Y,Y,Y,Y,Y,Y,10,Y,111,Y,4,N,Y,4,5,Y,13,,1,2,2,4,15,3,5,4,2,1,1,2,20,,4,5,2,1,,1,389,,,Y,N1,A1100021,19,,,,1,,,,,,1,,,,,,,,,,,,,,,,,,,,,,,,,,,,,,,,,2,4,,,,,,,,
2026-09-22 16:59:01,서울특별시,A1100040,서울특별시보라매병원,20260922165500,02-870-2114,Y,Y,,,3,2,0,,,3,Y,,Y,Y,Y,Y,Y,Y,4,Y,176,Y,,Y,Y,0,9,N1,31,3,2,1,,14,,,14,3,4,6,3,5,48,14,13,5,9,2,,,695,,,Y,Y,A1100040,20,,4,12,1,2,,15,16,,4,14,,,,,,4,4,,,,,,,,,,,,,,,,,,,,,,,,,,,,,,,,,,
2026-09-22 16:59:01,서울특별시,A1100003,중앙대학교병원,20260922165508,1800-1114,Y,Y,1,,3,2,3,4,,0,Y,,Y,Y,Y,Y,Y,Y,6,Y,124,Y,,Y,Y,0,14,N1,22,4,2,3,12,25,,,16,2,2,4,3,4,51,9,21,13,6,12,,,629,1,,Y,Y,A1100003,21,0,8,3,3,2,,12,17,,11,2,0,0,,0,,,,,,,,,,1,,,,,,,,,,,,,,,4,,,,,,,,,,,,
2026-09-22 16:59:01,서울특별시,A1100007,연세대학교의과대학세브란스병원,20260922165347,02-2228-0114,Y,Y,,,5,1,2,,,5,Y,Y,Y,Y,Y,Y,Y,Y,2,Y,294,Y,4,Y,Y,14,0,N1,39,8,1,3,,52,18,,25,30,8,16,16,17,206,55,61,21,16,21,1,,1872,,,Y,Y,A1100007,22,,17,9,1,2,,29,24,,5,20,,,,,,6,23,2,29,1,1,,,,2,0,4,4,4,22,2,10,17,6,1,1,,,,,,,,,,,,,,,
2026-09-22 16:59:01,서울특별시,A1100012,학교법인가톨릭학원가톨릭대학교서울성모병원,20260922165511,0215881511,Y,Y,,,3,,,2,5,2,Y,,Y,Y,Y,Y,Y,Y,-14,Y,118,Y,1,Y,Y,8,16,N1,28,7,,,2,50,5,6,32,10,2,9,10,8,80,40,39,11,9,4,,,1053,,,Y,Y,A1100012,23,1,6,16,11,13,,22,20,,18,35,1,2,,5,,6,10,2,19,1,0,,,,1,1,1,,4,3,2,,8,6,1,1,,,,,,,,,,,,,,,
2026-09-22 16:59:01,서울특별시,A1100009,재단법인아산사회복지재단서울아산병원,20260922165515,02-3010-3114,Y,Y,1,,3,1,0,0,3,3,Y,,Y,Y,Y,Y,Y,Y,-7,Y,228,Y,1,Y,Y,21,25,Y,36,11,1,22,2,61,12,4,74,8,8,21,15,17,190,33,49,30,14,5,,1,2104,1,,Y,Y,A1100009,24,,1,9,20,10,,24,37,,47,28,,,1,,6,2,12,7,12,2,1,,,,3,1,0,2,2,26,2,13,12,6,2,1,,,,,,,,,,,,,,,
2026-09-22 16:59:01,서울특별시,A1100011,가톨릭대학교여의도성모병원,20260922165510,02-1661-7575,,,,,,1,4,2,,0,Y,,Y,Y,Y,Y,Y,Y,5,Y,39,Y,,N1,Y,,10,N1,15,,1,4,2,,,,13,1,2,2,2,2,23,,,5,1,2,,,330,,,Y,N1,A1100011,25,,-2,2,1,,,10,8,,1,,,,,,,,,2,9,,,,,,,,,,,,,,,,,,,,,,,,,,,,,,,,
2026-09-22 16:59:01,서울특별시,A1100055,한림대학교강남성심병원,20260922165103,02-829-5114,Y,Y,,,3,3,1,0,2,,Y,,Y,Y,Y,Y,Y,Y,12,Y,159,Y,,Y,Y,0,11,N1,20,3,3,2,2,12,,3,14,,3,3,3,3,54,21,22,13,3,2,,,493,,,Y,Y,A1100055,26,,6,8,4,,,21,23,,7,,,,,,,0,10,,,,,,,,,,,,,,,,,,,,,,,,,,,,,,,,,,
2026-09-22 16:59:01,서울특별시,A1100054,성애의료재단성애병원,20260922165319,02-840-7114,Y,Y,,,,1,4,,,,Y,,Y,Y,Y,Y,Y,Y,6,N1,73,N1,5,Y,Y,4,3,N1,15,,1,4,,4,19,,5,,2,2,2,1,8,5,14,2,,,,,252,,,Y,Y,A1100054,27,,,,0,,,,,,1,,,,,,,,,,,,,,,,,,,,,,,,,,,,,,,,,,,,,,,,,,
2026-09-22 16:59:01,서울특별시,A1100004,순천향대학교부속서울병원,20260922165425,02-709-9114,Y,Y,,,4,1,2,0,2,2,Y,,Y,Y,Y,Y,Y,Y,13,Y,155,Y,8,Y,Y,0,5,N1,20,4,1,2,2,13,43,3,14,4,7,3,3,4,51,8,17,14,5,3,,,597,,,Y,Y,A1100004,28,,,,1,8,,,,,10,21,,,,,,,,,,,,,0,0,,,,,,,,,,,,,,0,0,,,0,0,,,,,,,,
2026-09-22 16:59:01,서울특별시,A1121013,가톨릭대학교은평성모병원,20260922165510,02-1811-7755,Y,Y,,,6,2,2,,,2,Y,,Y,Y,Y,Y,Y,Y,2,Y,200,Y,,Y,Y,5,17,N1,24,8,2,2,,19,,,19,5,1,4,3,5,46,19,22,10,5,20,,,651,,,Y,Y,A1121013,29,,2,4,0,,,16,9,,4,,,,,,,1,12,3,13,,,,,,,,,,,,,,,,,,,,,,,,,,,,,,,,
2026-09-22 16:59:01,서울특별시,A1100006,강북삼성병원,20260922165534,02-2001-2001,Y,Y,,,2,1,2,,,2,Y,,Y,Y,Y,Y,Y,Y,3,Y,38,Y,9,Y,Y,1,6,N1,15,2,1,2,,14,24,,16,3,1,5,4,6,54,13,14,8,4,3,,,569,,,Y,Y,A1100006,30,,,1,2,7,,,4,,5,18,,,,,,,,1,12,,,,,,,,,,0,,,,8,,,,,,,,,,,,,,,,,,
2026-09-22 16:59:01,서울특별시,A1100052,국립중앙의료원,20260922165505,02-2260-7114,N,Y,,0,3,2,2,0,0,3,Y,,Y,Y,Y,Y,Y,Y,14,Y,0,Y,1,Y,Y,,4,N1,15,3,2,3,6,,13,0,7,7,1,1,1,2,56,1,3,5,5,2,,,202,,0,Y,N,A1100052,31,,,0,2,,3,,0,20,2,,,,,,,,,,,,,0,,0,,,,,,,,,,,,,0,,0,,,4,5,2,6,2,6,8,1,50,2
2026-09-22 16:59:01,서울특별시,A1100036,부민병원,20260922165037,1577-7582,,Y,,,,1,,,,0,Y,,Y,Y,Y,Y,Y,Y,9,Y,50,N1,1,Y,Y,,8,N1,10,,1,,,,14,,8,3,1,3,3,1,22,,1,2,1,,,,282,,,Y,N1,A1100036,32,,,,0,,,,,,1,,,,,,,,,,,,,,,,,,,,,,,,,,,,,,,,,,,,,,,,,,
2026-09-22 16:59:01,서울특별시,A1100051,혜민병원,20260922165029,02-2049-9000,,,,,,1,,,,,,,Y,,Y,N1,Y,Y,7,N1,29,N1,14,N1,Y,,5,N1,9,,1,,,,19,,5,,,2,2,,16,,,2,,,,,205,,,Y,N1,A1100051,33,,,,,,,,,,,,,,,,,,,,,,,,,,,,,,,,,,,,,,,,,,,,,,,,,,,,
2026-09-22 16:59:01,서울특별시,A1100026,구로성심병원,20260922165426,02-2067-1500,,,,,,,1,,,,,,Y,,Y,N1,N1,Y,4,N1,49,N1,0,N1,Y,,3,N1,9,,,1,,,11,,3,,,1,1,,5,,,,,,,,191,,,Y,N1,A1100026,34,,,,,,,,,,,,,,,,,,,,,,,,,,,,,,,,,,,,,,,,,,,,,,,,,,,,
2026-09-22 16:59:01,서울특별시,A1100049,희명병원,20260922165337,02-804-0002,,,,,,,1,,,,,,Y,,Y,N1,Y,Y,7,Y,122,N1,4,N1,Y,,1,N1,10,,,1,,,19,,4,,,1,1,,9,,,1,1,,,,228,,,Y,N1,A1100049,35,,,,,,,,,,,,,,,,,,,,,,,,,,,,,,,,,,,,,,,,,,,,,,,,,,,,
2026-09-22 16:59:01,서울특별시,A1100027,한국원자력의학원원자력병원,20260922165129,02-970-2114,,Y,,,,1,1,,,1,Y,,Y,Y,Y,Y,Y,Y,6,N1,220,N1,7,Y,Y,,8,N1,9,,1,1,,,10,,10,1,1,4,2,1,16,,2,1,,,,,444,,,Y,N1,A1100027,36,,,,1,,,,,,1,,,,,,,,,,,,,,,,,,,,,,,,,,,,,,,,,1,1,,,,,,,,
2026-09-22 16:59:01,서울특별시,A1100022,서울특별시동부병원,20260922165520,02-920-9114,,Y,,,,1,1,,,,Y,,Y,,Y,N1,Y,Y,7,N1,30,N1,4,Y,Y,,3,N1,8,,1,1,,,8,,3,,1,1,1,,7,,1,1,,,,,195,,,Y,N1,A1100022,37,,,,1,,,,,,1,,,,,,,,,,,,,,,,,,,,,,,,,,,,,,,,,,,,,,,,,,
2026-09-22 16:59:01,서울특별시,A1100050,서울성심병원,20260922165355,02-966-1616,,,,,,1,2,,,,,,Y,,Y,N1,N1,Y,17,N1,87,N1,6,N1,Y,,6,N1,17,,1,2,,,10,,6,,,1,1,,11,,,,,,,,208,,,Y,N1,A1100050,38,,,,,,,,,,,,,,,,,,,,,,,,,,,,,,,,,,,,,,,,,,,,,,,,,,,,
2026-09-22 16:59:01,서울특별시,A1100025,의료법인동신의료재단동신병원,20260922165240,02-396-9161,,,,,,,1,,,,,,Y,,Y,N1,N1,Y,5,N1,54,N1,2,N1,Y,,2,N1,9,,,1,,,9,,3,,,1,1,,7,,,,,,,,196,,,Y,N1,A1100025,39,,,,,,,,,,,,,,,,,,,,,,,,,,,,,,,,,,,,,,,,,,,,,,,,,,,,
2026-09-22 16:59:01,서울특별시,A1122033,기쁨병원,20260922165525,02-570-1234,,,,,,,1,,,,,,Y,Y,Y,Y,N1,Y,1,N1,46,N1,,N1,Y,,7,N1,4,,,1,,,,,8,,,1,1,1,1,,,,,,,,110,,,Y,N1,A1122033,40,,,,,,,,,,,,,,,,,,,,,,,,,,,,,,,,,,,,,,,,,,,,,,,,,,,,
2026-09-22 16:59:01,서울특별시,A1100039,경찰병원,20260922165502,02-3400-1114,,,,,,1,,,,2,,,Y,,Y,N1,Y,Y,3,N1,134,N1,13,N1,Y,,7,N1,3,,1,,,,14,,7,2,,2,3,,10,,,2,,,,,187,,,Y,N1,A1100039,41,,,,2,,,,,,2,,,,,,,,,,,,,,,,,,,,,,,,,,,,,,,,,1,1,,,,,,,,
2026-09-22 16:59:01,서울특별시,A1100019,홍익병원,20260922165410,02-2693-5555,,,,,,,1,,,0,,,Y,Y,Y,Y,N,Y,6,N1,75,N1,4,N1,Y,,4,N1,9,,,1,,,14,,4,1,,4,2,2,7,,,1,,,,,251,,,Y,N1,A1100019,42,,,,1,,,,,,1,,,,,,,,,,,,,,,,,,,,,,,,,,,,,,,,,,,,,,,,,,
2026-09-22 16:59:01,서울특별시,A1100223,서울특별시서남병원,20260922165000,1566-6688,,,,0,,1,2,2,2,4,,,Y,,Y,N1,Y,Y,15,Y,48,Y,11,N1,Y,,4,N1,17,,1,2,2,,17,3,4,4,,2,1,,16,,,1,1,1,,,275,,0,Y,N1,A1100223,43,,,,0,,,,,,1,,,,,,,,,,,,,,,,,,,,,,,,,,,,,,,,,,,,,,,,,,
2026-09-22 16:59:01,서울특별시,A1100024,명지성모병원,20260922165552,02-1899-1475,,,,,,1,1,,,,,,Y,Y,Y,Y,N1,Y,5,N1,98,N1,1,N1,Y,,2,N1,8,,1,1,,,12,,3,,,1,3,2,7,,,,,,,,212,,,Y,N1,A1100024,44,,,,1,,,,,,1,,,,,,,,,,,,,,,,,,,,,,,,,,,,,,,,,,,,,,,,,,
2026-09-22 16:59:01,서울특별시,A1100037,대림성모병원,20260922165029,02-829-9000,,,,,,,1,,,,,,Y,,Y,N1,N1,Y,5,N1,28,N1,,N1,Y,,3,N1,8,,,2,,,,,4,,,1,2,,1,,,,,,,,114,,,Y,N1,A1100037,45,,,,,,,,,,,,,,,,,,,,,,,,,,,,,,,,,,,,,,,,,,,,,,,,,,,,
2026-09-22 16:59:01,서울특별시,A1100045,씨엠병원,20260922164500,02-2678-0001,,,,,,,1,,,,,,Y,,Y,N1,N1,Y,8,N1,33,N1,,N1,Y,,1,N1,9,,,1,,,,,5,,,2,2,,6,,,,,,,,110,,,Y,N1,A1100045,46,,,,,,,,,,,,,,,,,,,,,,,,,,,,,,,,,,,,,,,,,,,,,,,,,,,,
2026-09-22 16:59:01,서울특별시,A1100023,의료법인청구성심병원,20260922165449,02-350-3300,,,,,,,0,,,,,,Y,,Y,N1,N1,Y,7,N1,33,N1,2,N1,Y,,2,N1,10,,,1,,,6,,3,,,1,1,,4,,,,,,,,196,,,Y,N1,A1100023,47,,,,,,,,,,,,,,,,,,,,,,,,,,,,,,,,,,,,,,,,,,,,,,,,,,,,
2026-09-22 16:59:01,서울특별시,A1100029,서울적십자병원,20260922165511,02-2002-8000,,,,,,1,,,,,,,Y,,Y,N1,Y,Y,9,N1,99,N1,6,N1,Y,,6,N1,10,,1,,,,12,,6,,,1,1,,11,,,2,,,,,260,,,Y,N1,A1100029,48,,,,,,,,,,,,,,,,,,,,,,,,,,,,,,,,,,,,,,,,,,,,,,,,,,,,
2026-09-22 16:59:01,서울특별시,A1100032,세란병원,20260922165527,02-737-0181,,,,,,,1,,,,,,Y,,Y,N1,N1,Y,4,N1,46,N1,,N1,Y,,10,N1,10,,,1,,,,,13,,,3,5,,3,,,,,,,,205,,,Y,N1,A1100032,49,,,,,,,,,,,,,,,,,,,,,,,,,,,,,,,,,,,,,,,,,,,,,,,,,,,,
2026-09-22 16:59:01,서울특별시,A1100075,의료법인풍산의료재단동부제일병원,20260922165009,02-437-5011,,,,,,,1,,,,,,Y,,Y,N1,N1,Y,6,N1,46,N1,,N1,Y,,2,N1,7,,,1,,,,,2,,,1,1,,3,,,,,,,,124,,,Y,N1,A1100075,50,,,,,,,,,,,,,,,,,,,,,,,,,,,,,,,,,,,,,,,,,,,,,,,,,,,,
2026-09-22 16:59:01,서울특별시,A1100044,녹색병원,20260922165507,02-490-2000,,,,,,1,4,,,0,N,,Y,,Y,N1,Y,Y,1,N1,105,N1,4,N1,Y,,2,N1,5,,1,4,,,17,,3,3,1,2,1,,22,,,1,,,,,293,,,Y,N1,A1100044,51,,,,3,,,,,,3,,,,,,,,,,,,,,,,,,,,,,,,,,,,,,,,,,,,,,,,,,
2026-09-22 17:29:03,서울특별시,A1100043,강동경희대학교병원,20260922172517,02-440-7114,Y,Y,1,2,3,2,2,3,8,1,Y,N,Y,Y,Y,Y,Y,Y,1,Y,145,Y,2,Y,Y,7,13,N,15,3,2,3,19,17,27,30,17,1,8,2,2,3,32,9,13,4,1,1,0,0,625,3,2,Y,Y,A1100043,1,,,,,,,,,,,,,,,,,,,,,,,,,,,,,,,,,,,,,,,,,,,,,,,,,,,,
2026-09-22 17:29:03,서울특별시,A1100014,고려대학교의과대학부속구로병원,20260922172345,02-2626-1114,Y,Y,,,2,,,1,11,2,Y,,Y,Y,Y,Y,Y,Y,-5,Y,52,Y,10,Y,Y,-1,16,N1,29,3,,,20,23,35,30,24,4,2,6,6,4,98,11,35,15,10,3,,,778,,,Y,Y,A1100014,2,3,2,2,0,5,1,20,4,6,10,18,5,,,,,,,,,,,,,,,,,,,,,,,,,,,,,,,,,,,,,,,,
2026-09-22 17:29:03,서울특별시,A1100013,한양대학교병원,20260922172259,02-2290-8114,Y,Y,0,,1,,,2,10,0,Y,,Y,Y,Y,Y,Y,Y,6,Y,152,Y,0,Y,Y,-1,11,Y,20,3,,,22,14,0,30,16,2,1,3,2,3,69,10,23,13,6,3,,1,670,2,,Y,Y,A1100013,3,4,3,,1,1,,12,,,2,16,4,3,0,8,5,,,,,,,,,,,,,,,,,,,,,,,,,,,,,,,,,,,,
2026-09-22 17:29:03,서울특별시,A1100008,학교법인고려중앙학원고려대학교의과대학부속병원(안암병원),20260922172150,1577-0083,Y,Y,1,,3,,,2,8,0,Y,,Y,Y,Y,Y,Y,Y,13,Y,124,Y,,Y,Y,-3,14,Y,30,4,,,15,17,,31,25,3,4,7,6,8,84,14,20,11,8,7,,1,777,6,,Y,Y,A1100008,4,2,2,5,3,2,,16,19,,6,10,2,4,,7,,0,9,,,,,,,,,,,,,,,,,,,,,,,,,,,,,,,,,,
2026-09-22 17:29:03,서울특별시,A1100005,이화여자대학교의과대학부속목동병원,20260922172045,02-2650-5114,Y,Y,0,,7,2,3,6,7,3,Y,,Y,Y,Y,Y,Y,Y,2,Y,39,Y,,Y,Y,12,6,Y,19,8,2,4,19,28,,32,13,9,2,4,4,4,58,10,34,9,3,5,,1,526,1,,Y,Y,A1100005,5,,0,6,0,2,,10,13,,4,10,,,0,,1,,,4,14,,,,,,,,,,,,,,,,,,,,,,,,,,,,,,,,
2026-09-22 17:29:03,서울특별시,A1100017,서울대학교병원,20260922172438,02-1588-5700,Y,Y,0,,1,2,2,5,16,4,Y,Y,Y,Y,Y,Y,Y,Y,-6,Y,135,Y,,Y,Y,7,38,N1,24,10,2,4,17,40,,30,53,7,4,13,13,14,160,19,46,22,9,3,1,,1365,2,,Y,Y,A1100017,6,,3,9,7,7,,10,18,,28,41,,,0,,1,2,6,0,5,1,1,0,0,0,7,2,6,3,7,22,2,10,10,6,1,1,0,0,8,,,,,,,,,,,,
2026-09-22 17:29:03,서울특별시,A1100035,서울특별시서울의료원,20260922172500,02-2276-7000,Y,Y,1,,3,2,2,6,12,2,Y,Y,Y,Y,Y,Y,Y,Y,12,Y,154,Y,1,Y,Y,1,9,Y,19,3,2,3,14,3,5,28,10,3,4,5,3,5,65,5,12,7,2,4,1,2,461,2,,Y,Y,A1100035,7,,3,,,14,,7,,,,30,,,2,,4,,,0,6,,,,,,,,,,,,,,,,,,,,,1,2,,,,,,,,,,
2026-09-22 17:29:03,서울특별시,A1100015,연세대학교의과대학강남세브란스병원,20260922172457,02-2019-3114,Y,Y,,,2,1,0,,,5,Y,,Y,Y,Y,Y,Y,Y,-9,Y,136,Y,12,Y,Y,1,0,N1,21,2,1,2,,28,29,,23,5,1,4,3,6,47,10,23,6,3,5,,,691,,,Y,Y,A1100015,8,,,,,,,,,,,,,,,,,4,8,1,12,,,,,,,,,,,,,,,,,,,,,,,,,,,,,,,,
2026-09-22 17:29:03,서울특별시,A1100010,삼성서울병원,20260922172254,02-3410-2114,Y,Y,,,3,2,2,,,0,Y,,Y,Y,Y,Y,Y,Y,-27,Y,144,Y,,Y,Y,3,17,N1,52,4,2,2,,59,,,46,8,6,19,16,15,117,22,43,21,11,2,,,1528,,,Y,Y,A1100010,9,,9,13,,6,,28,23,,,27,,,,,,3,12,0,12,,,,,,6,,,,16,14,,,36,,,,,,,,,,,,,,,,,,
2026-09-22 17:29:03,서울특별시,A1100028,성심의료재단강동성심병원,20260922172043,02-2224-2114,Y,Y,,,,1,3,,,0,Y,,Y,Y,Y,Y,Y,Y,6,Y,160,Y,1,Y,Y,1,8,N1,15,,1,6,,3,19,,13,2,1,4,2,5,35,3,3,8,3,1,,,566,,,Y,Y,A1100028,10,,3,,1,,,18,,,5,,,,,,,,,,,,,,,,,,,,,,,,,,,,,,,,,2,2,,,,,,,,
2026-09-22 17:29:03,서울특별시,A1100053,한국보훈복지의료공단 중앙보훈병원,20260922172058,02-2225-1111,,,,,,1,2,2,0,2,N,,Y,Y,Y,Y,Y,Y,10,Y,234,N1,,N1,Y,,9,N1,22,,1,2,2,,,3,13,7,1,3,4,4,38,,,10,1,,,,820,,,Y,N1,A1100053,11,,4,6,1,34,,14,14,,1,60,,,,,,3,10,1,13,,,,,,,,,,,,,,,,,,,,,,,,,,,,,,,,
2026-09-22 17:29:03,서울특별시,A1120796,이화여자대학교의과대학부속서울병원,20260922172053,1522-7000,Y,Y,,,7,2,6,,,1,Y,,Y,Y,Y,Y,Y,Y,-6,Y,136,Y,0,Y,Y,5,17,N1,14,9,2,6,,24,11,,19,4,2,5,5,8,71,9,22,12,4,5,,,736,,,Y,Y,A1120796,12,,0,5,1,,,10,17,,7,,,,,,,4,11,4,17,,,,,,,,,,3,,,,19,,,,,,,,,,,,,,,,,,
2026-09-22 17:29:03,서울특별시,A1100041,의료법인서울효천의료재단에이치플러스양지병원,20260922172511,02-1877-8875,,,,,,1,2,,,0,,,Y,Y,Y,Y,Y,Y,7,Y,20,Y,8,N1,Y,,5,N1,18,,1,2,,,27,,7,3,,2,3,3,23,,,5,1,1,,,293,,,Y,N1,A1100041,13,,,,0,,,,,,1,,,,,,,,,,,,,,,,,,,,,,,,,,,,,,,,,,,,,,,,,,
2026-09-22 17:29:03,서울특별시,A1100002,건국대학교병원,20260922172308,1588-1533,Y,Y,,,3,1,1,,,3,Y,,Y,Y,Y,Y,Y,Y,7,Y,125,Y,,Y,Y,-1,18,N1,20,4,1,2,,16,,,21,3,2,4,4,5,45,7,18,7,3,14,,,678,,,Y,Y,A1100002,14,,9,10,1,7,,24,25,,1,14,,,,,,,,,,,,,,,,,,,,,,,,,,,,,,,,,,,,,,,,,
2026-09-22 17:29:03,서울특별시,A1100016,인제대학교상계백병원,20260922172057,02-950-1114,Y,Y,,,,1,1,,,0,Y,,Y,Y,Y,Y,Y,Y,0,Y,62,Y,,Y,Y,0,13,N1,16,,1,2,,15,,,13,2,2,3,2,3,36,10,25,10,3,1,,,390,,,Y,Y,A1100016,15,,2,0,2,4,,19,18,,4,5,,,,,,,,,,,,,,,,,,,,,,,,,,,,,,,,0,4,,,,,,,,
2026-09-22 17:29:03,서울특별시,A1100048,노원을지대학교병원,20260922172102,02-970-8000,Y,Y,,,,1,4,,,0,Y,,Y,Y,Y,Y,Y,Y,13,Y,211,N1,,Y,Y,1,8,N1,17,,1,4,,10,,,11,1,3,2,2,2,26,8,19,3,1,,,,479,,,Y,Y,A1100048,16,,3,6,1,5,,16,16,,2,21,,,,,,,,,,,,,,,,,,,,,,,,,,,,,,,,,,0,0,0,0,,,,
2026-09-22 17:29:03,서울특별시,A1100020,의료법인한전의료재단 한일병원,20260922172504,02-901-3114,N,N,,,2,2,2,1,2,2,,Y,Y,Y,Y,Y,Y,Y,3,N1,74,Y,7,N,Y,,7,Y,21,2,2,2,2,,21,3,8,5,,2,1,2,25,1,4,2,,4,2,2,389,,,Y,N,A1100020,17,,,,0,,,,,,1,,,,,,,,,,,,,,,,,,,,,,,,,,,,,,,,,,,,,,,,,,
2026-09-22 17:29:03,서울특별시,A1100001,경희대학교병원,20260922172539,02-958-8114,Y,Y,,,2,2,3,,,8,Y,,Y,Y,Y,Y,Y,Y,9,Y,162,Y,37,Y,Y,0,15,N1,15,3,2,3,,18,73,,16,10,3,3,3,5,48,6,12,8,3,2,,,653,,,Y,Y,A1100001,18,,,,,7,,,,,,20,,,,,,,,5,15,,,,,,,,,,,,,,,,,,,,,,,,,,,,,,,,
2026-09-22 17:29:03,서울특별시,A1100021,삼육서울병원,20260922172044,02-2244-0191,,N,,,,1,1,1,1,3,Y,,Y,Y,Y,Y,Y,Y,11,Y,112,Y,4,N,Y,4,5,Y,13,,1,2,2,4,15,3,5,4,2,1,1,2,20,,4,5,2,1,,1,389,,,Y,N1,A1100021,19,,,,1,,,,,,1,,,,,,,,,,,,,,,,,,,,,,,,,,,,,,,,,2,4,,,,,,,,
2026-09-22 17:29:03,서울특별시,A1100040,서울특별시보라매병원,20260922172500,02-870-2114,Y,Y,,,3,2,0,,,3,Y,,Y,Y,Y,Y,Y,Y,2,Y,181,Y,,Y,Y,0,10,N1,31,3,2,1,,14,,,14,3,4,6,3,5,48,14,13,5,9,2,,,695,,,Y,Y,A1100040,20,,4,12,1,1,,15,16,,4,14,,,,,,4,4,,,,,,,,,,,,,,,,,,,,,,,,,,,,,,,,,,
2026-09-22 17:29:03,서울특별시,A1100003,중앙대학교병원,20260922172509,1800-1114,Y,Y,1,,3,2,3,4,,0,Y,,Y,Y,Y,Y,Y,Y,6,Y,134,Y,,Y,Y,0,14,N1,22,4,2,3,12,25,,,16,2,2,4,3,4,51,9,21,13,6,12,,,629,1,,Y,Y,A1100003,21,0,8,2,3,2,,12,17,,11,2,0,0,,0,,,,,,,,,,1,,,,,,,,,,,,,,,4,,,,,,,,,,,,
2026-09-22 17:29:03,서울특별시,A1100007,연세대학교의과대학세브란스병원,20260922172348,02-2228-0114,Y,Y,,,6,1,2,,,5,Y,Y,Y,Y,Y,Y,Y,Y,4,Y,301,Y,3,Y,Y,14,0,N1,39,8,1,3,,52,18,,20,30,8,16,16,17,206,55,61,21,16,21,1,,1872,,,Y,Y,A1100007,22,,17,9,1,2,,29,24,,5,20,,,,,,6,23,2,29,1,1,,,,2,0,4,4,4,22,2,10,17,6,1,1,,,,,,,,,,,,,,,
2026-09-22 17:29:03,서울특별시,A1100012,학교법인가톨릭학원가톨릭대학교서울성모병원,20260922172510,0215881511,Y,Y,,,3,,,2,5,2,Y,,Y,Y,Y,Y,Y,Y,-10,Y,118,Y,1,Y,Y,8,21,N1,28,7,,,2,50,5,6,32,10,2,9,10,8,80,40,39,11,9,4,,,1053,,,Y,Y,A1100012,23,1,6,16,11,13,,22,20,,18,35,1,1,,5,,6,10,2,19,1,0,,,,1,1,0,,3,3,2,,8,6,1,1,,,,,,,,,,,,,,,
2026-09-22 17:29:03,서울특별시,A1100009,재단법인아산사회복지재단서울아산병원,20260922172515,02-3010-3114,Y,Y,1,,4,1,0,0,3,3,Y,,Y,Y,Y,Y,Y,Y,-2,Y,215,Y,1,Y,Y,21,35,Y,36,11,1,22,2,61,12,4,74,8,8,21,15,17,190,33,49,30,14,5,,1,2104,1,,Y,Y,A1100009,24,,1,10,20,10,,24,37,,47,28,,,1,,6,3,12,7,12,2,0,,,,3,1,0,2,2,26,2,13,12,6,2,1,,,,,,,,,,,,,,,
2026-09-22 17:29:03,서울특별시,A1100011,가톨릭대학교여의도성모병원,20260922172510,02-1661-7575,,,,,,1,4,2,,0,Y,,Y,Y,Y,Y,Y,Y,7,Y,41,Y,,N1,Y,,11,N1,15,,1,4,2,,,,13,1,2,2,2,2,23,,,5,1,2,,,330,,,Y,N1,A1100011,25,,-2,1,1,,,10,8,,1,,,,,,,,,2,9,,,,,,,,,,,,,,,,,,,,,,,,,,,,,,,,
2026-09-22 17:29:03,서울특별시,A1100055,한림대학교강남성심병원,20260922172103,02-829-5114,Y,Y,,,3,3,1,0,2,,Y,,Y,Y,Y,Y,Y,Y,10,Y,159,Y,,Y,Y,0,11,N1,20,3,3,2,2,12,,3,14,,3,3,3,3,54,21,22,13,3,2,,,493,,,Y,Y,A1100055,26,,6,8,4,,,21,23,,7,,,,,,,0,10,,,,,,,,,,,,,,,,,,,,,,,,,,,,,,,,,,
2026-09-22 17:29:03,서울특별시,A1100054,성애의료재단성애병원,20260922172319,02-840-7114,Y,Y,,,,1,4,,,,Y,,Y,Y,Y,Y,Y,Y,6,N1,72,N1,5,Y,Y,4,4,N1,15,,1,4,,4,19,,5,,2,2,2,1,8,5,14,2,,,,,252,,,Y,Y,A1100054,27,,,,0,,,,,,1,,,,,,,,,,,,,,,,,,,,,,,,,,,,,,,,,,,,,,,,,,
2026-09-22 17:29:03,서울특별시,A1100004,순천향대학교부속서울병원,20260922172424,02-709-9114,Y,Y,,,3,1,2,0,2,2,Y,,Y,Y,Y,Y,Y,Y,12,Y,156,Y,8,Y,Y,0,8,N1,20,4,1,2,2,13,43,3,14,4,7,3,3,4,51,8,17,14,5,3,,,597,,,Y,Y,A1100004,28,,,,1,8,,,,,10,21,,,,,,,,,,,,,0,0,,,,,,,,,,,,,,0,0,,,0,0,,,,,,,,
2026-09-22 17:29:03,서울특별시,A1121013,가톨릭대학교은평성모병원,20260922172510,02-1811-7755,Y,Y,,,7,2,2,,,2,Y,,Y,Y,Y,Y,Y,Y,8,Y,196,Y,,Y,Y,5,16,N1,24,8,2,2,,19,,,19,5,1,4,3,5,46,19,22,10,5,20,,,651,,,Y,Y,A1121013,29,,1,4,0,,,16,9,,4,,,,,,,2,12,2,13,,,,,,,,,,,,,,,,,,,,,,,,,,,,,,,,
2026-09-22 17:29:03,서울특별시,A1100006,강북삼성병원,20260922172531,02-2001-2001,Y,Y,,,1,1,2,,,2,Y,,Y,Y,Y,Y,Y,Y,3,Y,39,Y,9,Y,Y,1,8,N1,15,2,1,2,,14,24,,16,3,1,5,4,6,54,13,14,8,4,3,,,569,,,Y,Y,A1100006,30,,,1,2,7,,,4,,5,18,,,,,,,,1,12,,,,,,,,,,0,,,,8,,,,,,,,,,,,,,,,,,
2026-09-22 17:29:03,서울특별시,A1100052,국립중앙의료원,20260922172505,02-2260-7114,N,Y,,0,3,2,2,1,0,5,Y,,Y,Y,Y,Y,Y,Y,9,Y,0,Y,9,Y,Y,,7,N1,15,3,2,3,6,,13,0,7,7,1,1,1,2,56,1,3,5,5,2,,,202,,0,Y,N,A1100052,31,,,0,2,,0,,0,20,2,,,,,,,,,,,,,0,,0,,,,,,,,,,,,,0,,0,,,5,5,2,6,2,6,0,2,50,2
2026-09-22 17:29:03,서울특별시,A1100036,부민병원,20260922172039,1577-7582,,Y,,,,1,,,,0,Y,,Y,Y,Y,Y,Y,Y,10,Y,50,N1,1,Y,Y,,8,N1,10,,1,,,,14,,8,3,1,3,3,1,22,,1,2,1,,,,282,,,Y,N1,A1100036,32,,,,0,,,,,,1,,,,,,,,,,,,,,,,,,,,,,,,,,,,,,,,,,,,,,,,,,
2026-09-22 17:29:03,서울특별시,A1100051,혜민병원,20260922172042,02-2049-9000,,,,,,1,,,,,,,Y,,Y,N1,Y,Y,7,N1,30,N1,12,N1,Y,,5,N1,9,,1,,,,19,,5,,,2,2,,16,,,2,,,,,205,,,Y,N1,A1100051,33,,,,,,,,,,,,,,,,,,,,,,,,,,,,,,,,,,,,,,,,,,,,,,,,,,,,
2026-09-22 17:29:03,서울특별시,A1100026,구로성심병원,20260922172444,02-2067-1500,,,,,,,1,,,,,,Y,,Y,N1,N1,Y,3,N1,48,N1,1,N1,Y,,3,N1,9,,,1,,,11,,3,,,1,1,,5,,,,,,,,191,,,Y,N1,A1100026,34,,,,,,,,,,,,,,,,,,,,,,,,,,,,,,,,,,,,,,,,,,,,,,,,,,,,
2026-09-22 17:29:03,서울특별시,A1100049,희명병원,20260922172358,02-804-0002,,,,,,,1,,,,,,Y,,Y,N1,Y,Y,7,Y,121,N1,3,N1,Y,,0,N1,10,,,1,,,19,,4,,,1,1,,9,,,1,1,,,,228,,,Y,N1,A1100049,35,,,,,,,,,,,,,,,,,,,,,,,,,,,,,,,,,,,,,,,,,,,,,,,,,,,,
2026-09-22 17:29:03,서울특별시,A1100027,한국원자력의학원원자력병원,20260922172129,02-970-2114,,Y,,,,1,1,,,1,Y,,Y,Y,Y,Y,Y,Y,7,N1,220,N1,7,Y,Y,,9,N1,9,,1,1,,,10,,10,1,1,4,2,1,16,,2,1,,,,,444,,,Y,N1,A1100027,36,,,,1,,,,,,1,,,,,,,,,,,,,,,,,,,,,,,,,,,,,,,,,1,1,,,,,,,,
2026-09-22 17:29:03,서울특별시,A1100022,서울특별시동부병원,20260922172520,02-920-9114,,Y,,,,1,1,,,,Y,,Y,,Y,N1,Y,Y,7,N1,30,N1,4,Y,Y,,3,N1,8,,1,1,,,8,,3,,1,1,1,,7,,1,1,,,,,195,,,Y,N1,A1100022,37,,,,1,,,,,,1,,,,,,,,,,,,,,,,,,,,,,,,,,,,,,,,,,,,,,,,,,
2026-09-22 17:29:03,서울특별시,A1100050,서울성심병원,20260922172418,02-966-1616,,,,,,1,2,,,,,,Y,,Y,N1,N1,Y,16,N1,87,N1,6,N1,Y,,6,N1,17,,1,2,,,10,,6,,,1,1,,11,,,,,,,,208,,,Y,N1,A1100050,38,,,,,,,,,,,,,,,,,,,,,,,,,,,,,,,,,,,,,,,,,,,,,,,,,,,,
2026-09-22 17:29:03,서울특별시,A1100025,의료법인동신의료재단동신병원,20260922172255,02-396-9161,,,,,,,1,,,,,,Y,,Y,N1,N1,Y,6,N1,55,N1,2,N1,Y,,1,N1,9,,,1,,,9,,3,,,1,1,,7,,,,,,,,196,,,Y,N1,A1100025,39,,,,,,,,,,,,,,,,,,,,,,,,,,,,,,,,,,,,,,,,,,,,,,,,,,,,
2026-09-22 17:29:03,서울특별시,A1122033,기쁨병원,20260922172435,02-570-1234,,,,,,,1,,,,,,Y,Y,Y,Y,N1,Y,2,N1,46,N1,,N1,Y,,8,N1,4,,,1,,,,,8,,,1,1,1,1,,,,,,,,110,,,Y,N1,A1122033,40,,,,,,,,,,,,,,,,,,,,,,,,,,,,,,,,,,,,,,,,,,,,,,,,,,,,
2026-09-22 17:29:03,서울특별시,A1100039,경찰병원,20260922172502,02-3400-1114,,,,,,1,,,,2,,,Y,,Y,N1,Y,Y,3,N1,134,N1,13,N1,Y,,7,N1,3,,1,,,,14,,7,2,,2,3,,10,,,2,,,,,187,,,Y,N1,A1100039,41,,,,2,,,,,,2,,,,,,,,,,,,,,,,,,,,,,,,,,,,,,,,,1,1,,,,,,,,
2026-09-22 17:29:03,서울특별시,A1100019,홍익병원,20260922172415,02-2693-5555,,,,,,,1,,,0,,,Y,Y,Y,Y,N,Y,5,N1,77,N1,4,N1,Y,,4,N1,9,,,1,,,14,,4,1,,4,2,2,7,,,1,,,,,251,,,Y,N1,A1100019,42,,,,1,,,,,,1,,,,,,,,,,,,,,,,,,,,,,,,,,,,,,,,,,,,,,,,,,
2026-09-22 17:29:03,서울특별시,A1100223,서울특별시서남병원,20260922172000,1566-6688,,,,0,,1,2,2,2,4,,,Y,,Y,N1,Y,Y,15,Y,55,Y,11,N1,Y,,4,N1,17,,1,2,2,,17,3,4,4,,2,1,,16,,,1,1,1,,,275,,0,Y,N1,A1100223,43,,,,0,,,,,,1,,,,,,,,,,,,,,,,,,,,,,,,,,,,,,,,,,,,,,,,,,
2026-09-22 17:29:03,서울특별시,A1100024,명지성모병원,20260922172555,02-1899-1475,,,,,,1,1,,,,,,Y,Y,Y,Y,N1,Y,5,N1,98,N1,1,N1,Y,,3,N1,8,,1,1,,,12,,3,,,1,3,2,7,,,,,,,,212,,,Y,N1,A1100024,44,,,,1,,,,,,1,,,,,,,,,,,,,,,,,,,,,,,,,,,,,,,,,,,,,,,,,,
2026-09-22 17:29:03,서울특별시,A1100037,대림성모병원,20260922172042,02-829-9000,,,,,,,1,,,,,,Y,,Y,N1,N1,Y,6,N1,28,N1,,N1,Y,,3,N1,8,,,2,,,,,4,,,1,2,,1,,,,,,,,114,,,Y,N1,A1100037,45,,,,,,,,,,,,,,,,,,,,,,,,,,,,,,,,,,,,,,,,,,,,,,,,,,,,
2026-09-22 17:29:03,서울특별시,A1100045,씨엠병원,20260922171500,02-2678-0001,,,,,,,1,,,,,,Y,,Y,N1,N1,Y,8,N1,33,N1,,N1,Y,,2,N1,9,,,1,,,,,5,,,2,2,,6,,,,,,,,110,,,Y,N1,A1100045,46,,,,,,,,,,,,,,,,,,,,,,,,,,,,,,,,,,,,,,,,,,,,,,,,,,,,
2026-09-22 17:29:03,서울특별시,A1100023,의료법인청구성심병원,20260922172403,02-350-3300,,,,,,,0,,,,,,Y,,Y,N1,N1,Y,8,N1,34,N1,2,N1,Y,,3,N1,10,,,1,,,6,,3,,,1,1,,4,,,,,,,,196,,,Y,N1,A1100023,47,,,,,,,,,,,,,,,,,,,,,,,,,,,,,,,,,,,,,,,,,,,,,,,,,,,,
2026-09-22 17:29:03,서울특별시,A1100029,서울적십자병원,20260922172348,02-2002-8000,,,,,,1,,,,,,,Y,,Y,N1,Y,Y,9,N1,99,N1,6,N1,Y,,6,N1,10,,1,,,,12,,6,,,1,1,,11,,,2,,,,,260,,,Y,N1,A1100029,48,,,,,,,,,,,,,,,,,,,,,,,,,,,,,,,,,,,,,,,,,,,,,,,,,,,,
2026-09-22 17:29:03,서울특별시,A1100032,세란병원,20260922172527,02-737-0181,,,,,,,1,,,,,,Y,,Y,N1,N1,Y,4,N1,45,N1,,N1,Y,,10,N1,10,,,1,,,,,13,,,3,5,,3,,,,,,,,205,,,Y,N1,A1100032,49,,,,,,,,,,,,,,,,,,,,,,,,,,,,,,,,,,,,,,,,,,,,,,,,,,,,
2026-09-22 17:29:03,서울특별시,A1100075,의료법인풍산의료재단동부제일병원,20260922172008,02-437-5011,,,,,,,1,,,,,,Y,,Y,N1,N1,Y,6,N1,46,N1,,N1,N,,2,N1,7,,,1,,,,,2,,,1,1,,3,,,,,,,,124,,,Y,N1,A1100075,50,,,,,,,,,,,,,,,,,,,,,,,,,,,,,,,,,,,,,,,,,,,,,,,,,,,,
2026-09-22 17:29:03,서울특별시,A1100044,녹색병원,20260922172509,02-490-2000,,,,,,1,4,,,0,N,,Y,,Y,N1,Y,Y,0,N1,104,N1,4,N1,Y,,2,N1,5,,1,4,,,17,,3,3,1,2,1,,22,,,1,,,,,293,,,Y,N1,A1100044,51,,,,3,,,,,,3,,,,,,,,,,,,,,,,,,,,,,,,,,,,,,,,,,,,,,,,,,
2026-09-22 17:59:05,서울특별시,A1100043,강동경희대학교병원,20260922175516,02-440-7114,Y,Y,1,2,3,2,2,3,7,1,Y,N,Y,Y,Y,Y,Y,Y,2,Y,145,Y,1,Y,Y,7,14,N,15,3,2,3,19,17,27,30,17,1,8,2,2,3,32,9,13,4,1,1,0,0,625,3,2,Y,Y,A1100043,1,,,,,,,,,,,,,,,,,,,,,,,,,,,,,,,,,,,,,,,,,,,,,,,,,,,,
2026-09-22 17:59:05,서울특별시,A1100014,고려대학교의과대학부속구로병원,20260922174930,02-2626-1114,Y,Y,,,3,,,3,11,2,Y,,Y,Y,Y,Y,Y,Y,-4,Y,48,Y,10,Y,Y,-1,15,N1,29,3,,,20,23,35,30,24,4,2,6,6,4,98,11,35,15,10,3,,,778,,,Y,Y,A1100014,2,3,1,2,0,5,1,20,4,6,10,18,5,,,,,,,,,,,,,,,,,,,,,,,,,,,,,,,,,,,,,,,,
2026-09-22 17:59:05,서울특별시,A1100013,한양대학교병원,20260922175259,02-2290-8114,Y,Y,0,,1,,,2,8,0,Y,,Y,Y,Y,Y,Y,Y,6,Y,152,Y,0,Y,Y,-1,12,Y,20,3,,,22,14,0,30,16,2,1,3,2,3,69,10,23,13,6,3,,1,670,2,,Y,Y,A1100013,3,4,3,,1,1,,12,,,2,16,4,4,0,8,5,,,,,,,,,,,,,,,,,,,,,,,,,,,,,,,,,,,,
2026-09-22 17:59:05,서울특별시,A1100008,학교법인고려중앙학원고려대학교의과대학부속병원(안암병원),20260922175103,1577-0083,Y,Y,1,,3,,,2,8,0,Y,,Y,Y,Y,Y,Y,Y,12,Y,126,Y,,Y,Y,-3,16,Y,30,4,,,15,17,,31,25,3,4,7,6,8,84,14,20,11,8,7,,1,777,6,,Y,Y,A1100008,4,2,3,5,2,2,,16,19,,6,10,2,4,,7,,0,9,,,,,,,,,,,,,,,,,,,,,,,,,,,,,,,,,,
2026-09-22 17:59:05,서울특별시,A1100005,이화여자대학교의과대학부속목동병원,20260922175045,02-2650-5114,Y,Y,0,,6,2,3,7,6,3,Y,,Y,Y,Y,Y,Y,Y,6,Y,38,Y,,Y,Y,12,9,Y,19,8,2,4,19,28,,32,13,9,2,4,4,4,58,10,34,9,3,5,,1,526,1,,Y,Y,A1100005,5,,0,6,0,2,,10,13,,4,10,,,0,,1,,,4,14,,,,,,,,,,,,,,,,,,,,,,,,,,,,,,,,
2026-09-22 17:59:05,서울특별시,A1100017,서울대학교병원,20260922175438,02-1588-5700,Y,Y,0,,1,2,2,5,15,4,Y,Y,Y,Y,Y,Y,Y,Y,-8,Y,137,Y,,Y,Y,7,46,N1,24,10,2,4,17,40,,30,53,7,4,13,13,14,160,19,46,22,9,3,1,,1365,2,,Y,Y,A1100017,6,,3,9,8,7,,10,18,,28,41,,,0,,1,2,6,0,5,1,1,0,0,0,7,2,6,3,7,22,2,10,10,6,1,1,0,0,8,,,,,,,,,,,,
2026-09-22 17:59:05,서울특별시,A1100035,서울특별시서울의료원,20260922175500,02-2276-7000,Y,Y,1,,2,2,2,6,13,2,Y,Y,Y,Y,Y,Y,Y,Y,7,Y,159,Y,1,Y,Y,1,9,Y,19,3,2,3,14,3,5,28,10,3,4,5,3,5,65,5,12,7,2,4,1,2,461,2,,Y,Y,A1100035,7,,2,,,14,,7,,,,30,,,2,,4,,,0,6,,,,,,,,,,,,,,,,,,,,,1,2,,,,,,,,,,
2026-09-22 17:59:05,서울특별시,A1100015,연세대학교의과대학강남세브란스병원,20260922175457,02-2019-3114,Y,Y,,,2,1,0,,,5,Y,,Y,Y,Y,Y,Y,Y,-10,Y,136,Y,12,Y,Y,1,0,N1,21,2,1,2,,28,29,,23,5,1,4,3,6,47,10,23,6,3,5,,,691,,,Y,Y,A1100015,8,,,,,,,,,,,,,,,,,4,8,1,12,,,,,,,,,,,,,,,,,,,,,,,,,,,,,,,,
2026-09-22 17:59:05,서울특별시,A1100010,삼성서울병원,20260922175516,02-3410-2114,Y,Y,,,3,2,2,,,0,Y,,Y,Y,Y,Y,Y,Y,-28,Y,138,Y,,Y,Y,3,21,N1,52,4,2,2,,59,,,46,8,6,19,16,15,117,22,43,21,11,2,,,1528,,,Y,Y,A1100010,9,,9,13,,6,,28,23,,,27,,,,,,2,12,0,12,,,,,,6,,,,15,14,,,36,,,,,,,,,,,,,,,,,,
2026-09-22 17:59:05,서울특별시,A1100028,성심의료재단강동성심병원,20260922175044,02-2224-2114,Y,Y,,,,1,4,,,0,Y,,Y,Y,Y,Y,Y,Y,7,Y,161,Y,1,Y,Y,1,9,N1,15,,1,6,,3,19,,13,2,1,4,2,5,35,3,3,8,3,1,,,566,,,Y,Y,A1100028,10,,3,,1,,,18,,,5,,,,,,,,,,,,,,,,,,,,,,,,,,,,,,,,,2,2,,,,,,,,
2026-09-22 17:59:05,서울특별시,A1100053,한국보훈복지의료공단 중앙보훈병원,20260922175059,02-2225-1111,,,,,,1,2,2,0,2,N,,Y,Y,Y,Y,Y,Y,11,Y,234,N1,,N1,Y,,9,N1,22,,1,2,2,,,3,13,7,1,3,4,4,38,,,10,1,,,,820,,,Y,N1,A1100053,11,,4,5,1,34,,14,14,,1,60,,,,,,3,10,1,13,,,,,,,,,,,,,,,,,,,,,,,,,,,,,,,,
2026-09-22 17:59:05,서울특별시,A1120796,이화여자대학교의과대학부속서울병원,20260922175053,1522-7000,Y,Y,,,7,2,6,,,1,Y,,Y,Y,Y,Y,Y,Y,-2,Y,132,Y,0,Y,Y,5,16,N1,14,9,2,6,,24,11,,19,4,2,5,5,8,71,9,22,12,4,5,,,736,,,Y,Y,A1120796,12,,0,5,1,,,10,17,,7,,,,,,,4,11,4,17,,,,,,,,,,4,,,,19,,,,,,,,,,,,,,,,,,
2026-09-22 17:59:05,서울특별시,A1100041,의료법인서울효천의료재단에이치플러스양지병원,20260922175511,02-1877-8875,,,,,,1,2,,,0,,,Y,Y,Y,Y,Y,Y,8,Y,21,Y,7,N1,Y,,5,N1,18,,1,2,,,27,,7,3,,2,3,3,23,,,5,1,1,,,293,,,Y,N1,A1100041,13,,,,0,,,,,,1,,,,,,,,,,,,,,,,,,,,,,,,,,,,,,,,,,,,,,,,,,
2026-09-22 17:59:05,서울특별시,A1100002,건국대학교병원,20260922175306,1588-1533,Y,Y,,,4,1,1,,,3,Y,,Y,Y,Y,Y,Y,Y,6,Y,126,Y,,Y,Y,-1,18,N1,20,4,1,2,,16,,,21,3,2,4,4,5,45,7,18,7,3,14,,,678,,,Y,Y,A1100002,14,,9,10,1,7,,24,25,,1,14,,,,,,,,,,,,,,,,,,,,,,,,,,,,,,,,,,,,,,,,,
2026-09-22 17:59:05,서울특별시,A1100016,인제대학교상계백병원,20260922175102,02-950-1114,Y,Y,,,,1,1,,,0,Y,,Y,Y,Y,Y,Y,Y,2,Y,61,Y,,Y,Y,0,13,N1,16,,1,2,,15,,,13,2,2,3,2,3,36,10,25,10,3,1,,,390,,,Y,Y,A1100016,15,,1,0,2,4,,19,18,,4,5,,,,,,,,,,,,,,,,,,,,,,,,,,,,,,,,0,4,,,,,,,,
2026-09-22 17:59:05,서울특별시,A1100048,노원을지대학교병원,20260922175102,02-970-8000,Y,Y,,,,1,4,,,0,Y,,Y,Y,Y,Y,Y,Y,15,Y,210,N1,,Y,Y,1,10,N1,17,,1,4,,10,,,11,1,3,2,2,2,26,8,19,3,1,,,,479,,,Y,Y,A1100048,16,,3,6,1,5,,16,16,,2,21,,,,,,,,,,,,,,,,,,,,,,,,,,,,,,,,,,0,0,0,0,,,,
2026-09-22 17:59:05,서울특별시,A1100020,의료법인한전의료재단 한일병원,20260922175503,02-901-3114,N,N,,,2,1,2,1,2,2,,Y,Y,Y,Y,Y,Y,Y,4,N1,75,Y,7,N,Y,,7,Y,21,2,2,2,2,,21,3,8,5,,2,1,2,25,1,4,2,,4,2,2,389,,,Y,N,A1100020,17,,,,0,,,,,,1,,,,,,,,,,,,,,,,,,,,,,,,,,,,,,,,,,,,,,,,,,
2026-09-22 17:59:05,서울특별시,A1100001,경희대학교병원,20260922175524,02-958-8114,Y,Y,,,2,2,3,,,8,Y,,Y,Y,Y,Y,Y,Y,8,Y,163,Y,37,Y,Y,0,15,N1,15,3,2,3,,18,73,,16,10,3,3,3,5,48,6,12,8,3,2,,,653,,,Y,Y,A1100001,18,,,,,7,,,,,,20,,,,,,,,5,15,,,,,,,,,,,,,,,,,,,,,,,,,,,,,,,,
2026-09-22 17:59:05,서울특별시,A1100021,삼육서울병원,20260922175129,02-2244-0191,,N,,,,1,1,1,1,3,Y,,Y,Y,Y,Y,Y,Y,11,Y,112,Y,4,N,Y,4,5,Y,13,,1,2,2,4,15,3,5,4,2,1,1,2,20,,4,5,2,1,,1,389,,,Y,N1,A1100021,19,,,,1,,,,,,1,,,,,,,,,,,,,,,,,,,,,,,,,,,,,,,,,0,4,,,,,,,,
2026-09-22 17:59:05,서울특별시,A1100040,서울특별시보라매병원,20260922175500,02-870-2114,Y,Y,,,3,2,0,,,3,Y,,Y,Y,Y,Y,Y,Y,3,Y,184,Y,,Y,Y,0,11,N1,31,3,2,1,,14,,,14,3,4,6,3,5,48,14,13,5,9,2,,,695,,,Y,Y,A1100040,20,,4,12,1,1,,15,16,,4,14,,,,,,4,4,,,,,,,,,,,,,,,,,,,,,,,,,,,,,,,,,,
2026-09-22 17:59:05,서울특별시,A1100003,중앙대학교병원,20260922175508,1800-1114,Y,Y,1,,3,2,3,4,,0,Y,,Y,Y,Y,Y,Y,Y,4,Y,142,Y,,Y,Y,0,15,N1,22,4,2,3,12,25,,,16,2,2,4,3,4,51,9,21,13,6,12,,,629,1,,Y,Y,A1100003,21,0,8,2,3,2,,12,17,,11,2,0,0,,0,,,,,,,,,,1,,,,,,,,,,,,,,,4,,,,,,,,,,,,
2026-09-22 17:59:05,서울특별시,A1100007,연세대학교의과대학세브란스병원,20260922175350,02-2228-0114,Y,Y,,,5,1,2,,,5,Y,Y,Y,Y,Y,Y,Y,Y,3,Y,303,Y,3,Y,Y,14,1,N1,39,8,1,3,,52,18,,15,30,8,16,16,17,206,55,61,21,16,21,1,,1872,,,Y,Y,A1100007,22,,17,9,1,2,,29,24,,5,20,,,,,,6,23,3,29,1,1,,,,2,0,4,4,4,22,2,10,17,6,1,1,,,,,,,,,,,,,,,
2026-09-22 17:59:05,서울특별시,A1100012,학교법인가톨릭학원가톨릭대학교서울성모병원,20260922175511,0215881511,Y,Y,,,4,,,2,5,2,Y,,Y,Y,Y,Y,Y,Y,-12,Y,116,Y,1,Y,Y,8,23,N1,28,7,,,2,50,5,6,32,10,2,9,10,8,80,40,39,11,9,4,,,1053,,,Y,Y,A1100012,23,1,6,16,11,14,,22,20,,18,35,1,2,,5,,6,10,2,19,1,0,,,,1,1,0,,3,3,2,,8,6,1,1,,,,,,,,,,,,,,,
2026-09-22 17:59:05,서울특별시,A1100009,재단법인아산사회복지재단서울아산병원,20260922175515,02-3010-3114,Y,Y,1,,3,1,2,0,3,3,Y,,Y,Y,Y,Y,Y,Y,-2,Y,212,Y,1,Y,Y,22,46,Y,36,11,1,22,2,61,12,4,74,8,8,21,15,17,190,33,49,30,14,5,,1,2104,1,,Y,Y,A1100009,24,,1,9,20,11,,24,37,,47,28,,,1,,6,2,12,6,12,2,0,,,,3,1,0,2,2,26,2,13,12,6,2,1,,,,,,,,,,,,,,,
2026-09-22 17:59:05,서울특별시,A1100011,가톨릭대학교여의도성모병원,20260922175510,02-1661-7575,,,,,,1,4,2,,0,Y,,Y,Y,Y,Y,Y,Y,6,Y,41,Y,,N1,Y,,11,N1,15,,1,4,2,,,,13,1,2,2,2,2,23,,,5,1,2,,,330,,,Y,N1,A1100011,25,,-2,1,1,,,10,8,,1,,,,,,,,,2,9,,,,,,,,,,,,,,,,,,,,,,,,,,,,,,,,
2026-09-22 17:59:05,서울특별시,A1100055,한림대학교강남성심병원,20260922175103,02-829-5114,Y,Y,,,3,3,1,0,2,,Y,,Y,Y,Y,Y,Y,Y,12,Y,160,Y,,Y,Y,0,11,N1,20,3,3,2,2,12,,3,14,,3,3,3,3,54,21,22,13,3,2,,,493,,,Y,Y,A1100055,26,,5,8,5,,,21,23,,7,,,,,,,0,10,,,,,,,,,,,,,,,,,,,,,,,,,,,,,,,,,,
2026-09-22 17:59:05,서울특별시,A1100054,성애의료재단성애병원,20260922175319,02-840-7114,Y,Y,,,,1,4,,,,Y,,Y,Y,Y,Y,Y,Y,7,N1,71,N1,5,Y,Y,4,4,N1,15,,1,4,,4,19,,5,,2,2,2,1,8,5,14,2,,,,,252,,,Y,Y,A1100054,27,,,,0,,,,,,1,,,,,,,,,,,,,,,,,,,,,,,,,,,,,,,,,,,,,,,,,,
2026-09-22 17:59:05,서울특별시,A1100004,순천향대학교부속서울병원,20260922175424,02-709-9114,Y,Y,,,4,1,2,0,2,2,Y,,Y,Y,Y,Y,Y,Y,10,Y,158,Y,8,Y,Y,0,9,N1,20,4,1,2,2,13,43,3,14,4,7,3,3,4,51,8,17,14,5,3,,,597,,,Y,Y,A1100004,28,,,,1,8,,,,,10,21,,,,,,,,,,,,,0,0,,,,,,,,,,,,,,0,0,,,0,0,,,,,,,,
2026-09-22 17:59:05,서울특별시,A1121013,가톨릭대학교은평성모병원,20260922175510,02-1811-7755,Y,Y,,,7,2,2,,,2,Y,,Y,Y,Y,Y,Y,Y,13,Y,198,Y,,Y,Y,5,15,N1,24,8,2,2,,19,,,19,5,1,4,3,5,46,19,22,10,5,20,,,651,,,Y,Y,A1121013,29,,1,4,0,,,16,9,,4,,,,,,,2,12,2,13,,,,,,,,,,,,,,,,,,,,,,,,,,,,,,,,
2026-09-22 17:59:05,서울특별시,A1100006,강북삼성병원,20260922175509,02-2001-2001,Y,Y,,,1,1,2,,,2,Y,,Y,Y,Y,Y,Y,Y,4,Y,38,Y,9,Y,Y,1,9,N1,15,2,1,2,,14,24,,16,3,1,5,4,6,54,13,14,8,4,3,,,569,,,Y,Y,A1100006,30,,,1,2,7,,,4,,5,18,,,,,,,,1,12,,,,,,,,,,0,,,,8,,,,,,,,,,,,,,,,,,
2026-09-22 17:59:05,서울특별시,A1100052,국립중앙의료원,20260922175505,02-2260-7114,N,Y,,0,3,2,2,0,0,3,Y,,Y,Y,Y,Y,Y,Y,10,Y,0,Y,2,Y,Y,,5,N1,15,3,2,3,6,,13,0,7,7,1,1,1,2,56,1,3,5,5,2,,,202,,0,Y,N,A1100052,31,,,0,2,,3,,0,20,2,,,,,,,,,,,,,0,,0,,,,,,,,,,,,,0,,0,,,4,5,2,6,2,6,8,2,50,2
2026-09-22 17:59:05,서울특별시,A1100036,부민병원,20260922175033,1577-7582,,Y,,,,1,,,,0,Y,,Y,Y,Y,Y,Y,Y,10,Y,50,N1,1,Y,Y,,8,N1,10,,1,,,,14,,8,3,1,3,3,1,22,,1,2,1,,,,282,,,Y,N1,A1100036,32,,,,0,,,,,,1,,,,,,,,,,,,,,,,,,,,,,,,,,,,,,,,,,,,,,,,,,
2026-09-22 17:59:05,서울특별시,A1100051,혜민병원,20260922175023,02-2049-9000,,,,,,0,,,,,,,Y,,Y,N1,Y,Y,8,N1,30,N1,11,N1,Y,,4,N1,9,,1,,,,19,,5,,,2,2,,16,,,2,,,,,205,,,Y,N1,A1100051,33,,,,,,,,,,,,,,,,,,,,,,,,,,,,,,,,,,,,,,,,,,,,,,,,,,,,
2026-09-22 17:59:05,서울특별시,A1100026,구로성심병원,20260922175502,02-2067-1500,,,,,,,1,,,,,,Y,,Y,N1,N1,Y,4,N1,48,N1,1,N1,Y,,3,N1,9,,,1,,,11,,3,,,1,1,,5,,,,,,,,191,,,Y,N1,A1100026,34,,,,,,,,,,,,,,,,,,,,,,,,,,,,,,,,,,,,,,,,,,,,,,,,,,,,
2026-09-22 17:59:05,서울특별시,A1100049,희명병원,20260922175418,02-804-0002,,,,,,,1,,,,,,Y,,Y,N1,Y,Y,7,Y,121,N1,2,N1,Y,,2,N1,10,,,1,,,19,,4,,,1,1,,9,,,1,1,,,,228,,,Y,N1,A1100049,35,,,,,,,,,,,,,,,,,,,,,,,,,,,,,,,,,,,,,,,,,,,,,,,,,,,,
2026-09-22 17:59:05,서울특별시,A1100027,한국원자력의학원원자력병원,20260922175129,02-970-2114,,Y,,,,1,1,,,1,Y,,Y,Y,Y,Y,Y,Y,8,N1,221,N1,7,Y,Y,,9,N1,9,,1,1,,,10,,10,1,1,4,2,1,16,,2,1,,,,,444,,,Y,N1,A1100027,36,,,,1,,,,,,1,,,,,,,,,,,,,,,,,,,,,,,,,,,,,,,,,1,1,,,,,,,,
2026-09-22 17:59:05,서울특별시,A1100022,서울특별시동부병원,20260922175520,02-920-9114,,Y,,,,1,1,,,,Y,,Y,,Y,N1,Y,Y,7,N1,30,N1,4,Y,Y,,3,N1,8,,1,1,,,8,,3,,1,1,1,,7,,1,1,,,,,195,,,Y,N1,A1100022,37,,,,1,,,,,,1,,,,,,,,,,,,,,,,,,,,,,,,,,,,,,,,,,,,,,,,,,
2026-09-22 17:59:05,서울특별시,A1100050,서울성심병원,20260922175440,02-966-1616,,,,,,1,2,,,,,,Y,,Y,N1,N1,Y,16,N1,87,N1,6,N1,Y,,6,N1,17,,1,2,,,10,,6,,,1,1,,11,,,,,,,,208,,,Y,N1,A1100050,38,,,,,,,,,,,,,,,,,,,,,,,,,,,,,,,,,,,,,,,,,,,,,,,,,,,,
2026-09-22 17:59:05,서울특별시,A1100025,의료법인동신의료재단동신병원,20260922175411,02-396-9161,,,,,,,1,,,,,,Y,,Y,N1,N1,Y,7,N1,55,N1,2,N1,Y,,2,N1,9,,,1,,,9,,3,,,1,1,,7,,,,,,,,196,,,Y,N1,A1100025,39,,,,,,,,,,,,,,,,,,,,,,,,,,,,,,,,,,,,,,,,,,,,,,,,,,,,
2026-09-22 17:59:05,서울특별시,A1122033,기쁨병원,20260922175455,02-570-1234,,,,,,,1,,,,,,Y,Y,Y,Y,N1,Y,3,N1,46,N1,,N1,Y,,8,N1,4,,,1,,,,,8,,,1,1,1,1,,,,,,,,110,,,Y,N1,A1122033,40,,,,,,,,,,,,,,,,,,,,,,,,,,,,,,,,,,,,,,,,,,,,,,,,,,,,
2026-09-22 17:59:05,서울특별시,A1100039,경찰병원,20260922175502,02-3400-1114,,,,,,1,,,,2,,,Y,,Y,N1,Y,Y,3,N1,135,N1,13,N1,Y,,7,N1,3,,1,,,,14,,7,2,,2,3,,10,,,2,,,,,187,,,Y,N1,A1100039,41,,,,2,,,,,,2,,,,,,,,,,,,,,,,,,,,,,,,,,,,,,,,,1,1,,,,,,,,
2026-09-22 17:59:05,서울특별시,A1100019,홍익병원,20260922175420,02-2693-5555,,,,,,,1,,,0,,,Y,Y,Y,Y,N,Y,7,N1,77,N1,4,N1,Y,,4,N1,9,,,1,,,14,,4,1,,4,2,2,7,,,1,,,,,251,,,Y,N1,A1100019,42,,,,1,,,,,,1,,,,,,,,,,,,,,,,,,,,,,,,,,,,,,,,,,,,,,,,,,
2026-09-22 17:59:05,서울특별시,A1100223,서울특별시서남병원,20260922175000,1566-6688,,,,0,,1,2,2,2,4,,,Y,,Y,N1,Y,Y,17,Y,55,Y,11,N1,Y,,4,N1,17,,1,2,2,,17,3,4,4,,2,1,,16,,,1,1,1,,,275,,0,Y,N1,A1100223,43,,,,0,,,,,,1,,,,,,,,,,,,,,,,,,,,,,,,,,,,,,,,,,,,,,,,,,
2026-09-22 17:59:05,서울특별시,A1100024,명지성모병원,20260922175558,02-1899-1475,,,,,,1,1,,,,,,Y,Y,Y,Y,N1,Y,5,N1,98,N1,1,N1,Y,,3,N1,8,,1,1,,,12,,3,,,1,3,2,7,,,,,,,,212,,,Y,N1,A1100024,44,,,,1,,,,,,1,,,,,,,,,,,,,,,,,,,,,,,,,,,,,,,,,,,,,,,,,,
2026-09-22 17:59:05,서울특별시,A1100037,대림성모병원,20260922175023,02-829-9000,,,,,,,1,,,,,,Y,,Y,N1,N1,Y,6,N1,27,N1,,N1,Y,,4,N1,8,,,2,,,,,4,,,1,2,,1,,,,,,,,114,,,Y,N1,A1100037,45,,,,,,,,,,,,,,,,,,,,,,,,,,,,,,,,,,,,,,,,,,,,,,,,,,,,
2026-09-22 17:59:05,서울특별시,A1100045,씨엠병원,20260922174500,02-2678-0001,,,,,,,1,,,,,,Y,,Y,N1,N1,Y,9,N1,33,N1,,N1,Y,,1,N1,9,,,1,,,,,5,,,2,2,,6,,,,,,,,110,,,Y,N1,A1100045,46,,,,,,,,,,,,,,,,,,,,,,,,,,,,,,,,,,,,,,,,,,,,,,,,,,,,
2026-09-22 17:59:05,서울특별시,A1100023,의료법인청구성심병원,20260922175416,02-350-3300,,,,,,,0,,,,,,Y,,Y,N1,N1,Y,8,N1,34,N1,2,N1,Y,,3,N1,10,,,1,,,6,,3,,,1,1,,4,,,,,,,,196,,,Y,N1,A1100023,47,,,,,,,,,,,,,,,,,,,,,,,,,,,,,,,,,,,,,,,,,,,,,,,,,,,,
2026-09-22 17:59:05,서울특별시,A1100029,서울적십자병원,20260922175429,02-2002-8000,,,,,,1,,,,,,,Y,,Y,N1,Y,Y,9,N1,99,N1,6,N1,Y,,6,N1,10,,1,,,,12,,6,,,1,1,,11,,,2,,,,,260,,,Y,N1,A1100029,48,,,,,,,,,,,,,,,,,,,,,,,,,,,,,,,,,,,,,,,,,,,,,,,,,,,,
2026-09-22 17:59:05,서울특별시,A1100032,세란병원,20260922175528,02-737-0181,,,,,,,1,,,,,,Y,,Y,N1,N1,Y,4,N1,44,N1,,N1,Y,,11,N1,10,,,1,,,,,13,,,3,5,,3,,,,,,,,205,,,Y,N1,A1100032,49,,,,,,,,,,,,,,,,,,,,,,,,,,,,,,,,,,,,,,,,,,,,,,,,,,,,
2026-09-22 17:59:05,서울특별시,A1100075,의료법인풍산의료재단동부제일병원,20260922175012,02-437-5011,,,,,,,1,,,,,,Y,,Y,N1,N1,Y,7,N1,45,N1,,N1,N,,2,N1,7,,,1,,,,,2,,,1,1,,3,,,,,,,,124,,,Y,N1,A1100075,50,,,,,,,,,,,,,,,,,,,,,,,,,,,,,,,,,,,,,,,,,,,,,,,,,,,,
2026-09-22 17:59:05,서울특별시,A1100044,녹색병원,20260922175500,02-490-2000,,,,,,1,4,,,0,N,,Y,,Y,N1,Y,Y,2,N1,103,N1,5,N1,Y,,3,N1,5,,1,4,,,17,,3,3,1,2,1,,22,,,1,,,,,293,,,Y,N1,A1100044,51,,,,3,,,,,,3,,,,,,,,,,,,,,,,,,,,,,,,,,,,,,,,,,,,,,,,,,
2026-09-22 18:29:06,서울특별시,A1100043,강동경희대학교병원,20260922182517,02-440-7114,Y,Y,1,2,3,2,2,3,7,0,Y,N,Y,Y,Y,Y,Y,Y,2,Y,145,Y,1,Y,Y,7,16,N,15,3,2,3,19,17,27,30,17,1,8,2,2,3,32,9,13,4,1,1,0,0,625,3,2,Y,Y,A1100043,1,,,,,,,,,,,,,,,,,,,,,,,,,,,,,,,,,,,,,,,,,,,,,,,,,,,,
2026-09-22 18:29:06,서울특별시,A1100014,고려대학교의과대학부속구로병원,20260922182138,02-2626-1114,Y,Y,,,2,,,3,10,2,Y,,Y,Y,Y,Y,Y,Y,0,Y,46,Y,10,Y,Y,-1,18,N1,29,3,,,20,23,35,30,24,4,2,6,6,4,98,11,35,15,10,3,,,778,,,Y,Y,A1100014,2,4,1,2,0,5,1,20,4,6,10,18,5,,,,,,,,,,,,,,,,,,,,,,,,,,,,,,,,,,,,,,,,
2026-09-22 18:29:06,서울특별시,A1100013,한양대학교병원,20260922182259,02-2290-8114,Y,Y,0,,1,,,2,8,0,Y,,Y,Y,Y,Y,Y,Y,7,Y,150,Y,0,Y,Y,-1,13,Y,20,3,,,22,14,0,30,16,2,1,3,2,3,69,10,23,13,6,3,,1,670,2,,Y,Y,A1100013,3,4,3,,1,1,,12,,,2,16,4,3,0,8,5,,,,,,,,,,,,,,,,,,,,,,,,,,,,,,,,,,,,
2026-09-22 18:29:06,서울특별시,A1100008,학교법인고려중앙학원고려대학교의과대학부속병원(안암병원),20260922182413,1577-0083,Y,Y,1,,2,,,2,9,0,Y,,Y,Y,Y,Y,Y,Y,13,Y,127,Y,,Y,Y,-3,19,Y,30,4,,,15,17,,31,25,3,4,7,6,8,84,14,20,11,8,7,,1,777,6,,Y,Y,A1100008,4,2,3,6,2,2,,16,19,,6,10,2,3,,7,,1,9,,,,,,,,,,,,,,,,,,,,,,,,,,,,,,,,,,
2026-09-22 18:29:06,서울특별시,A1100005,이화여자대학교의과대학부속목동병원,20260922182044,02-2650-5114,Y,Y,0,,6,2,3,7,7,3,Y,,Y,Y,Y,Y,Y,Y,7,Y,38,Y,,Y,Y,12,11,Y,19,8,2,4,19,28,,32,13,9,2,4,4,4,58,10,34,9,3,5,,1,526,1,,Y,Y,A1100005,5,,0,6,0,2,,10,13,,4,10,,,0,,1,,,4,14,,,,,,,,,,,,,,,,,,,,,,,,,,,,,,,,
2026-09-22 18:29:06,서울특별시,A1100017,서울대학교병원,20260922182439,02-1588-5700,Y,Y,0,,2,2,2,5,15,4,Y,Y,Y,Y,Y,Y,Y,Y,-5,Y,132,Y,,Y,Y,7,47,N1,24,10,2,4,17,40,,30,53,7,4,13,13,14,160,19,46,22,9,3,1,,1365,2,,Y,Y,A1100017,6,,3,9,8,7,,10,18,,28,41,,,0,,1,2,6,0,5,1,1,0,0,0,7,2,6,3,7,22,2,10,10,6,1,1,0,0,8,,,,,,,,,,,,
2026-09-22 18:29:06,서울특별시,A1100035,서울특별시서울의료원,20260922182501,02-2276-7000,Y,Y,1,,1,2,3,6,13,2,Y,Y,Y,Y,Y,Y,Y,Y,6,Y,161,Y,1,Y,Y,1,9,Y,19,3,2,3,14,3,5,28,10,3,4,5,3,5,65,5,12,7,2,4,1,2,461,2,,Y,Y,A1100035,7,,2,,,14,,7,,,,30,,,2,,4,,,0,6,,,,,,,,,,,,,,,,,,,,,1,2,,,,,,,,,,
2026-09-22 18:29:06,서울특별시,A1100015,연세대학교의과대학강남세브란스병원,20260922182457,02-2019-3114,Y,Y,,,2,1,0,,,5,Y,,Y,Y,Y,Y,Y,Y,-6,Y,139,Y,13,Y,Y,2,0,N1,21,2,1,2,,28,29,,23,5,1,4,3,6,47,10,23,6,3,5,,,691,,,Y,Y,A1100015,8,,,,,,,,,,,,,,,,,4,8,1,12,,,,,,,,,,,,,,,,,,,,,,,,,,,,,,,,
2026-09-22 18:29:06,서울특별시,A1100010,삼성서울병원,20260922182333,02-3410-2114,Y,Y,,,3,2,2,,,0,Y,,Y,Y,Y,Y,Y,Y,-28,Y,140,Y,,Y,Y,3,27,N1,52,4,2,2,,59,,,46,8,6,19,16,15,117,22,43,21,11,2,,,1528,,,Y,Y,A1100010,9,,9,13,,6,,28,23,,,27,,,,,,2,12,0,12,,,,,,6,,,,15,14,,,36,,,,,,,,,,,,,,,,,,
2026-09-22 18:29:06,서울특별시,A1100028,성심의료재단강동성심병원,20260922182044,02-2224-2114,Y,Y,,,,1,4,,,0,Y,,Y,Y,Y,Y,Y,Y,6,Y,159,Y,1,Y,Y,1,9,N1,15,,1,6,,3,19,,13,2,1,4,2,5,35,3,3,8,3,1,,,566,,,Y,Y,A1100028,10,,3,,1,,,18,,,5,,,,,,,,,,,,,,,,,,,,,,,,,,,,,,,,,2,2,,,,,,,,
2026-09-22 18:29:06,서울특별시,A1100053,한국보훈복지의료공단 중앙보훈병원,20260922182058,02-2225-1111,,,,,,1,2,2,0,2,N,,Y,Y,Y,Y,Y,Y,11,Y,232,N1,,N1,Y,,10,N1,22,,1,2,2,,,3,13,7,1,3,4,4,38,,,10,1,,,,820,,,Y,N1,A1100053,11,,4,5,1,34,,14,14,,1,60,,,,,,3,10,1,13,,,,,,,,,,,,,,,,,,,,,,,,,,,,,,,,
2026-09-22 18:29:06,서울특별시,A1120796,이화여자대학교의과대학부속서울병원,20260922182053,1522-7000,Y,Y,,,6,2,6,,,1,Y,,Y,Y,Y,Y,Y,Y,-3,Y,132,Y,0,Y,Y,5,17,N1,14,9,2,6,,24,11,,19,4,2,5,5,8,71,9,22,12,4,5,,,736,,,Y,Y,A1120796,12,,0,6,1,,,10,17,,7,,,,,,,4,11,4,17,,,,,,,,,,4,,,,19,,,,,,,,,,,,,,,,,,
2026-09-22 18:29:06,서울특별시,A1100041,의료법인서울효천의료재단에이치플러스양지병원,20260922182510,02-1877-8875,,,,,,1,2,,,0,,,Y,Y,Y,Y,Y,Y,7,Y,18,Y,6,N1,Y,,5,N1,18,,1,2,,,27,,7,3,,2,3,3,23,,,5,1,1,,,293,,,Y,N1,A1100041,13,,,,0,,,,,,1,,,,,,,,,,,,,,,,,,,,,,,,,,,,,,,,,,,,,,,,,,
2026-09-22 18:29:06,서울특별시,A1100002,건국대학교병원,20260922182306,1588-1533,Y,Y,,,4,1,2,,,3,Y,,Y,Y,Y,Y,Y,Y,10,Y,127,Y,,Y,Y,-1,19,N1,20,4,1,2,,16,,,21,3,2,4,4,5,45,7,18,7,3,14,,,678,,,Y,Y,A1100002,14,,9,10,1,7,,24,25,,1,14,,,,,,,,,,,,,,,,,,,,,,,,,,,,,,,,,,,,,,,,,
2026-09-22 18:29:06,서울특별시,A1100016,인제대학교상계백병원,20260922182107,02-950-1114,Y,Y,,,,1,1,,,0,Y,,Y,Y,Y,Y,Y,Y,1,Y,60,Y,,Y,Y,0,13,N1,16,,1,2,,15,,,13,2,2,3,2,3,36,10,25,10,3,1,,,390,,,Y,Y,A1100016,15,,1,0,2,4,,19,18,,4,5,,,,,,,,,,,,,,,,,,,,,,,,,,,,,,,,0,4,,,,,,,,
2026-09-22 18:29:06,서울특별시,A1100048,노원을지대학교병원,20260922182103,02-970-8000,Y,Y,,,,1,4,,,0,Y,,Y,Y,Y,Y,Y,Y,16,Y,210,N1,,Y,Y,1,11,N1,17,,1,4,,10,,,11,1,3,2,2,2,26,8,19,3,1,,,,479,,,Y,Y,A1100048,16,,3,6,1,5,,16,16,,2,21,,,,,,,,,,,,,,,,,,,,,,,,,,,,,,,,,,0,0,0,0,,,,
2026-09-22 18:29:06,서울특별시,A1100020,의료법인한전의료재단 한일병원,20260922182503,02-901-3114,N,N,,,2,1,1,1,2,2,,Y,Y,Y,Y,Y,Y,Y,8,N1,75,Y,7,N,Y,,7,Y,21,2,2,2,2,,21,3,8,5,,2,1,2,25,1,4,2,,4,2,2,389,,,Y,N,A1100020,17,,,,0,,,,,,1,,,,,,,,,,,,,,,,,,,,,,,,,,,,,,,,,,,,,,,,,,
2026-09-22 18:29:06,서울특별시,A1100001,경희대학교병원,20260922182443,02-958-8114,Y,Y,,,2,2,3,,,8,Y,,Y,Y,Y,Y,Y,Y,7,Y,166,Y,37,Y,Y,0,15,N1,15,3,2,3,,18,73,,16,10,3,3,3,5,48,6,12,8,3,2,,,653,,,Y,Y,A1100001,18,,,,,7,,,,,,20,,,,,,,,6,15,,,,,,,,,,,,,,,,,,,,,,,,,,,,,,,,
2026-09-22 18:29:06,서울특별시,A1100021,삼육서울병원,20260922182145,02-2244-0191,,N,,,,1,1,1,1,3,Y,,Y,Y,Y,Y,Y,Y,12,Y,110,Y,4,N,Y,4,5,Y,13,,1,2,2,4,15,3,5,4,2,1,1,2,20,,4,5,2,1,,1,389,,,Y,N1,A1100021,19,,,,1,,,,,,1,,,,,,,,,,,,,,,,,,,,,,,,,,,,,,,,,1,4,,,,,,,,
2026-09-22 18:29:06,서울특별시,A1100040,서울특별시보라매병원,20260922182500,02-870-2114,Y,Y,,,3,2,0,,,3,Y,,Y,Y,Y,Y,Y,Y,3,Y,183,Y,,Y,Y,0,10,N1,31,3,2,1,,14,,,14,3,4,6,3,5,48,14,13,5,9,2,,,695,,,Y,Y,A1100040,20,,4,12,1,1,,15,16,,4,14,,,,,,4,4,,,,,,,,,,,,,,,,,,,,,,,,,,,,,,,,,,
2026-09-22 18:29:06,서울특별시,A1100003,중앙대학교병원,20260922182508,1800-1114,Y,Y,1,,3,2,3,4,,0,Y,,Y,Y,Y,Y,Y,Y,0,Y,145,Y,,Y,Y,0,15,N1,22,4,2,3,12,25,,,16,2,2,4,3,4,51,9,21,13,6,12,,,629,1,,Y,Y,A1100003,21,0,8,1,3,2,,12,17,,11,2,0,0,,0,,,,,,,,,,1,,,,,,,,,,,,,,,4,,,,,,,,,,,,
2026-09-22 18:29:06,서울특별시,A1100007,연세대학교의과대학세브란스병원,20260922182351,02-2228-0114,Y,Y,,,6,1,2,,,5,Y,Y,Y,Y,Y,Y,Y,Y,9,Y,305,Y,3,Y,Y,14,1,N1,39,8,1,3,,52,18,,15,30,8,16,16,17,206,55,61,21,16,21,1,,1872,,,Y,Y,A1100007,22,,17,9,1,2,,29,24,,5,20,,,,,,6,23,3,29,1,1,,,,2,0,4,4,4,22,2,10,17,6,1,1,,,,,,,,,,,,,,,
2026-09-22 18:29:06,서울특별시,A1100012,학교법인가톨릭학원가톨릭대학교서울성모병원,20260922182510,0215881511,Y,Y,,,2,,,2,5,2,Y,,Y,Y,Y,Y,Y,Y,-10,Y,116,Y,1,Y,Y,8,27,N1,28,7,,,2,50,5,6,32,10,2,9,10,8,80,40,39,11,9,4,,,1053,,,Y,Y,A1100012,23,1,6,16,11,14,,22,20,,18,35,1,2,,5,,6,10,2,19,1,0,,,,1,1,0,,3,3,2,,8,6,1,1,,,,,,,,,,,,,,,
2026-09-22 18:29:06,서울특별시,A1100009,재단법인아산사회복지재단서울아산병원,20260922182515,02-3010-3114,Y,Y,1,,7,1,2,0,3,3,Y,,Y,Y,Y,Y,Y,Y,-1,Y,212,Y,1,Y,Y,22,60,Y,36,11,1,22,2,61,12,4,74,8,8,21,15,17,190,33,49,30,14,5,,1,2104,1,,Y,Y,A1100009,24,,1,7,20,11,,24,37,,47,28,,,1,,6,2,12,5,12,2,0,,,,3,1,0,2,2,26,2,13,12,6,2,1,,,,,,,,,,,,,,,
2026-09-22 18:29:06,서울특별시,A1100011,가톨릭대학교여의도성모병원,20260922182510,02-1661-7575,,,,,,1,4,2,,0,Y,,Y,Y,Y,Y,Y,Y,5,Y,40,Y,,N1,Y,,12,N1,15,,1,4,2,,,,13,1,2,2,2,2,23,,,5,1,2,,,330,,,Y,N1,A1100011,25,,-2,1,1,,,10,8,,1,,,,,,,,,2,9,,,,,,,,,,,,,,,,,,,,,,,,,,,,,,,,
2026-09-22 18:29:06,서울특별시,A1100055,한림대학교강남성심병원,20260922182103,02-829-5114,Y,Y,,,3,3,1,0,2,,Y,,Y,Y,Y,Y,Y,Y,14,Y,161,Y,,Y,Y,0,10,N1,20,3,3,2,2,12,,3,14,,3,3,3,3,54,21,22,13,3,2,,,493,,,Y,Y,A1100055,26,,4,8,5,,,21,23,,7,,,,,,,0,10,,,,,,,,,,,,,,,,,,,,,,,,,,,,,,,,,,
2026-09-22 18:29:06,서울특별시,A1100054,성애의료재단성애병원,20260922182319,02-840-7114,Y,Y,,,,1,4,,,,Y,,Y,Y,Y,Y,Y,Y,11,N1,70,N1,5,Y,Y,4,5,N1,15,,1,4,,4,19,,5,,2,2,2,1,8,5,14,2,,,,,252,,,Y,Y,A1100054,27,,,,0,,,,,,1,,,,,,,,,,,,,,,,,,,,,,,,,,,,,,,,,,,,,,,,,,
2026-09-22 18:29:06,서울특별시,A1100004,순천향대학교부속서울병원,20260922182424,02-709-9114,Y,Y,,,4,1,2,1,2,2,Y,,Y,Y,Y,Y,Y,Y,11,Y,157,Y,8,Y,Y,0,10,N1,20,4,1,2,2,13,43,3,14,4,7,3,3,4,51,8,17,14,5,3,,,597,,,Y,Y,A1100004,28,,,,0,8,,,,,10,21,,,,,,,,,,,,,0,0,,,,,,,,,,,,,,0,0,,,0,0,,,,,,,,
2026-09-22 18:29:06,서울특별시,A1121013,가톨릭대학교은평성모병원,20260922182509,02-1811-7755,Y,Y,,,7,2,2,,,2,Y,,Y,Y,Y,Y,Y,Y,11,Y,197,Y,,Y,Y,5,16,N1,24,8,2,2,,19,,,19,5,1,4,3,5,46,19,22,10,5,20,,,651,,,Y,Y,A1121013,29,,1,4,0,,,16,9,,4,,,,,,,2,12,2,13,,,,,,,,,,,,,,,,,,,,,,,,,,,,,,,,
2026-09-22 18:29:06,서울특별시,A1100006,강북삼성병원,20260922182535,02-2001-2001,Y,Y,,,0,1,1,,,2,Y,,Y,Y,Y,Y,Y,Y,3,Y,38,Y,9,Y,Y,1,13,N1,15,2,1,2,,14,24,,16,3,1,5,4,6,54,13,14,8,4,3,,,569,,,Y,Y,A1100006,30,,,0,2,7,,,4,,5,18,,,,,,,,2,12,,,,,,,,,,0,,,,8,,,,,,,,,,,,,,,,,,
2026-09-22 18:29:06,서울특별시,A1100052,국립중앙의료원,20260922182505,02-2260-7114,N,Y,,0,3,2,2,0,0,3,Y,,Y,Y,Y,Y,Y,Y,8,Y,0,Y,2,Y,Y,,6,N1,15,3,2,3,6,,13,0,7,7,1,1,1,2,56,1,3,5,5,2,,,202,,0,Y,N,A1100052,31,,,0,2,,3,,0,20,2,,,,,,,,,,,,,0,,0,,,,,,,,,,,,,0,,0,,,4,5,2,6,2,6,8,2,50,2
2026-09-22 18:29:06,서울특별시,A1100036,부민병원,20260922182018,1577-7582,,Y,,,,1,,,,0,Y,,Y,Y,Y,Y,Y,Y,9,Y,50,N1,1,Y,Y,,8,N1,10,,1,,,,14,,8,3,1,3,3,1,22,,1,2,1,,,,282,,,Y,N1,A1100036,32,,,,0,,,,,,1,,,,,,,,,,,,,,,,,,,,,,,,,,,,,,,,,,,,,,,,,,
2026-09-22 18:29:06,서울특별시,A1100051,혜민병원,20260922182032,02-2049-9000,,,,,,1,,,,,,,Y,,Y,N1,Y,Y,7,N1,30,N1,11,N1,Y,,4,N1,9,,1,,,,19,,5,,,2,2,,16,,,2,,,,,205,,,Y,N1,A1100051,33,,,,,,,,,,,,,,,,,,,,,,,,,,,,,,,,,,,,,,,,,,,,,,,,,,,,
2026-09-22 18:29:06,서울특별시,A1100026,구로성심병원,20260922182520,02-2067-1500,,,,,,,1,,,,,,Y,,Y,N1,N1,Y,5,N1,48,N1,0,N1,Y,,3,N1,9,,,1,,,11,,3,,,1,1,,5,,,,,,,,191,,,Y,N1,A1100026,34,,,,,,,,,,,,,,,,,,,,,,,,,,,,,,,,,,,,,,,,,,,,,,,,,,,,
2026-09-22 18:29:06,서울특별시,A1100049,희명병원,20260922182438,02-804-0002,,,,,,,1,,,,,,Y,,Y,N1,Y,Y,7,Y,121,N1,2,N1,Y,,2,N1,10,,,1,,,19,,4,,,1,1,,9,,,1,1,,,,228,,,Y,N1,A1100049,35,,,,,,,,,,,,,,,,,,,,,,,,,,,,,,,,,,,,,,,,,,,,,,,,,,,,
2026-09-22 18:29:06,서울특별시,A1100027,한국원자력의학원원자력병원,20260922182129,02-970-2114,,Y,,,,1,1,,,1,Y,,Y,Y,Y,Y,Y,Y,9,N1,222,N1,7,Y,Y,,10,N1,9,,1,1,,,10,,10,1,1,4,2,1,16,,2,1,,,,,444,,,Y,N1,A1100027,36,,,,1,,,,,,1,,,,,,,,,,,,,,,,,,,,,,,,,,,,,,,,,1,1,,,,,,,,
2026-09-22 18:29:06,서울특별시,A1100022,서울특별시동부병원,20260922182520,02-920-9114,,Y,,,,1,1,,,,Y,,Y,,Y,N1,Y,Y,8,N1,30,N1,3,Y,Y,,3,N1,8,,1,1,,,8,,3,,1,1,1,,7,,1,1,,,,,195,,,Y,N1,A1100022,37,,,,1,,,,,,1,,,,,,,,,,,,,,,,,,,,,,,,,,,,,,,,,,,,,,,,,,
2026-09-22 18:29:06,서울특별시,A1100050,서울성심병원,20260922182504,02-966-1616,,,,,,1,2,,,,,,Y,,Y,N1,N1,Y,16,N1,87,N1,6,N1,Y,,6,N1,17,,1,2,,,10,,6,,,1,1,,11,,,,,,,,208,,,Y,N1,A1100050,38,,,,,,,,,,,,,,,,,,,,,,,,,,,,,,,,,,,,,,,,,,,,,,,,,,,,
2026-09-22 18:29:06,서울특별시,A1100025,의료법인동신의료재단동신병원,20260922182426,02-396-9161,,,,,,,1,,,,,,Y,,Y,N1,N1,Y,5,N1,55,N1,2,N1,Y,,3,N1,9,,,1,,,9,,3,,,1,1,,7,,,,,,,,196,,,Y,N1,A1100025,39,,,,,,,,,,,,,,,,,,,,,,,,,,,,,,,,,,,,,,,,,,,,,,,,,,,,
2026-09-22 18:29:06,서울특별시,A1122033,기쁨병원,20260922182515,02-570-1234,,,,,,,1,,,,,,Y,Y,Y,Y,N1,Y,2,N1,44,N1,,N1,Y,,8,N1,4,,,1,,,,,8,,,1,1,1,1,,,,,,,,110,,,Y,N1,A1122033,40,,,,,,,,,,,,,,,,,,,,,,,,,,,,,,,,,,,,,,,,,,,,,,,,,,,,
2026-09-22 18:29:06,서울특별시,A1100039,경찰병원,20260922182502,02-3400-1114,,,,,,1,,,,2,,,Y,,Y,N1,Y,Y,3,N1,135,N1,13,N1,Y,,7,N1,3,,1,,,,14,,7,2,,2,3,,10,,,2,,,,,187,,,Y,N1,A1100039,41,,,,2,,,,,,2,,,,,,,,,,,,,,,,,,,,,,,,,,,,,,,,,1,1,,,,,,,,
2026-09-22 18:29:06,서울특별시,A1100019,홍익병원,20260922182425,02-2693-5555,,,,,,,1,,,0,,,Y,Y,Y,Y,N,Y,8,N1,77,N1,4,N1,Y,,4,N1,9,,,1,,,14,,4,1,,4,2,2,7,,,1,,,,,251,,,Y,N1,A1100019,42,,,,1,,,,,,1,,,,,,,,,,,,,,,,,,,,,,,,,,,,,,,,,,,,,,,,,,
2026-09-22 18:29:06,서울특별시,A1100223,서울특별시서남병원,20260922182000,1566-6688,,,,0,,1,1,2,2,4,,,Y,,Y,N1,Y,Y,17,Y,55,Y,11,N1,Y,,4,N1,17,,1,2,2,,17,3,4,4,,2,1,,16,,,1,1,1,,,275,,0,Y,N1,A1100223,43,,,,0,,,,,,1,,,,,,,,,,,,,,,,,,,,,,,,,,,,,,,,,,,,,,,,,,
2026-09-22 18:29:06,서울특별시,A1100024,명지성모병원,20260922182601,02-1899-1475,,,,,,1,1,,,,,,Y,Y,Y,Y,N1,Y,8,N1,98,N1,1,N1,Y,,3,N1,8,,1,1,,,12,,3,,,1,3,2,7,,,,,,,,212,,,Y,N1,A1100024,44,,,,1,,,,,,1,,,,,,,,,,,,,,,,,,,,,,,,,,,,,,,,,,,,,,,,,,
2026-09-22 18:29:06,서울특별시,A1100037,대림성모병원,20260922182032,02-829-9000,,,,,,,1,,,,,,Y,,Y,N1,N1,Y,5,N1,29,N1,,N1,Y,,4,N1,8,,,2,,,,,4,,,1,2,,1,,,,,,,,114,,,Y,N1,A1100037,45,,,,,,,,,,,,,,,,,,,,,,,,,,,,,,,,,,,,,,,,,,,,,,,,,,,,
2026-09-22 18:29:06,서울특별시,A1100045,씨엠병원,20260922181500,02-2678-0001,,,,,,,1,,,,,,Y,,Y,N1,N1,Y,9,N1,33,N1,,N1,Y,,2,N1,9,,,1,,,,,5,,,2,2,,6,,,,,,,,110,,,Y,N1,A1100045,46,,,,,,,,,,,,,,,,,,,,,,,,,,,,,,,,,,,,,,,,,,,,,,,,,,,,
2026-09-22 18:29:06,서울특별시,A1100023,의료법인청구성심병원,20260922182428,02-350-3300,,,,,,,1,,,,,,Y,,Y,N1,N1,Y,8,N1,34,N1,2,N1,Y,,3,N1,10,,,1,,,6,,3,,,1,1,,4,,,,,,,,196,,,Y,N1,A1100023,47,,,,,,,,,,,,,,,,,,,,,,,,,,,,,,,,,,,,,,,,,,,,,,,,,,,,
2026-09-22 18:29:06,서울특별시,A1100029,서울적십자병원,20260922182509,02-2002-8000,,,,,,1,,,,,,,Y,,Y,N1,Y,Y,10,N1,99,N1,6,N1,Y,,6,N1,10,,1,,,,12,,6,,,1,1,,11,,,2,,,,,260,,,Y,N1,A1100029,48,,,,,,,,,,,,,,,,,,,,,,,,,,,,,,,,,,,,,,,,,,,,,,,,,,,,
2026-09-22 18:29:06,서울특별시,A1100032,세란병원,20260922182529,02-737-0181,,,,,,,1,,,,,,Y,,Y,N1,N1,Y,4,N1,44,N1,,N1,Y,,12,N1,10,,,1,,,,,13,,,3,5,,3,,,,,,,,205,,,Y,N1,A1100032,49,,,,,,,,,,,,,,,,,,,,,,,,,,,,,,,,,,,,,,,,,,,,,,,,,,,,
2026-09-22 18:29:06,서울특별시,A1100075,의료법인풍산의료재단동부제일병원,20260922182016,02-437-5011,,,,,,,1,,,,,,Y,,Y,N1,N1,Y,7,N1,45,N1,,N1,N,,2,N1,7,,,1,,,,,2,,,1,1,,3,,,,,,,,124,,,Y,N1,A1100075,50,,,,,,,,,,,,,,,,,,,,,,,,,,,,,,,,,,,,,,,,,,,,,,,,,,,,
2026-09-22 18:29:06,서울특별시,A1100044,녹색병원,20260922182502,02-490-2000,,,,,,1,4,,,0,N,,Y,,Y,N1,Y,Y,1,N1,102,N1,5,N1,Y,,3,N1,5,,1,4,,,17,,3,3,1,2,1,,22,,,1,,,,,293,,,Y,N1,A1100044,51,,,,3,,,,,,3,,,,,,,,,,,,,,,,,,,,,,,,,,,,,,,,,,,,,,,,,,
2026-09-22 18:59:08,서울특별시,A1100043,강동경희대학교병원,20260922185516,02-440-7114,Y,Y,1,2,3,2,2,3,6,0,Y,N,Y,Y,Y,Y,Y,Y,7,Y,144,Y,1,Y,Y,7,16,N,15,3,2,3,19,17,27,30,17,1,8,2,2,3,32,9,13,4,1,1,0,0,625,3,2,Y,Y,A1100043,1,,,,,,,,,,,,,,,,,,,,,,,,,,,,,,,,,,,,,,,,,,,,,,,,,,,,
2026-09-22 18:59:08,서울특별시,A1100014,고려대학교의과대학부속구로병원,20260922185241,02-2626-1114,Y,Y,,,2,,,3,10,3,Y,,Y,Y,Y,Y,Y,Y,-1,Y,45,Y,10,Y,Y,-1,20,N1,29,3,,,20,23,35,30,24,4,2,6,6,4,98,11,35,15,10,3,,,778,,,Y,Y,A1100014,2,4,1,2,0,5,1,20,4,6,10,18,5,,,,,,,,,,,,,,,,,,,,,,,,,,,,,,,,,,,,,,,,
2026-09-22 18:59:08,서울특별시,A1100013,한양대학교병원,20260922185259,02-2290-8114,Y,Y,0,,1,,,2,7,0,Y,,Y,Y,Y,Y,Y,Y,8,Y,149,Y,0,Y,Y,-1,14,Y,20,3,,,22,14,0,30,16,2,1,3,2,3,69,10,23,13,6,3,,1,670,2,,Y,Y,A1100013,3,4,3,,1,1,,12,,,2,16,4,3,0,8,5,,,,,,,,,,,,,,,,,,,,,,,,,,,,,,,,,,,,
2026-09-22 18:59:08,서울특별시,A1100008,학교법인고려중앙학원고려대학교의과대학부속병원(안암병원),20260922185255,1577-0083,Y,Y,1,,2,,,2,9,0,Y,,Y,Y,Y,Y,Y,Y,12,Y,126,Y,,Y,Y,-3,20,Y,30,4,,,15,17,,31,25,3,4,7,6,8,84,14,20,11,8,7,,1,777,6,,Y,Y,A1100008,4,2,3,6,2,2,,16,19,,6,10,2,5,,7,,1,9,,,,,,,,,,,,,,,,,,,,,,,,,,,,,,,,,,
2026-09-22 18:59:08,서울특별시,A1100005,이화여자대학교의과대학부속목동병원,20260922185044,02-2650-5114,Y,Y,1,,6,2,4,7,7,3,Y,,Y,Y,Y,Y,Y,Y,9,Y,38,Y,,Y,Y,12,11,Y,19,8,2,4,19,28,,32,13,9,2,4,4,4,58,10,34,9,3,5,,1,526,1,,Y,Y,A1100005,5,,0,6,0,2,,10,13,,4,10,,,0,,1,,,4,14,,,,,,,,,,,,,,,,,,,,,,,,,,,,,,,,
2026-09-22 18:59:08,서울특별시,A1100017,서울대학교병원,20260922185439,02-1588-5700,Y,Y,0,,4,2,2,5,15,4,Y,Y,Y,Y,Y,Y,Y,Y,-4,Y,130,Y,,Y,Y,7,48,N1,24,10,2,4,17,40,,30,53,7,4,13,13,14,160,19,46,22,9,3,1,,1365,2,,Y,Y,A1100017,6,,3,9,8,7,,10,18,,28,41,,,0,,1,2,6,0,5,1,1,0,0,0,7,2,6,3,7,22,2,10,10,6,1,1,0,0,8,,,,,,,,,,,,
2026-09-22 18:59:08,서울특별시,A1100035,서울특별시서울의료원,20260922185502,02-2276-7000,Y,Y,1,,2,2,3,5,14,2,Y,Y,Y,Y,Y,Y,Y,Y,4,Y,161,Y,1,Y,Y,1,10,Y,19,3,2,3,14,3,5,28,10,3,4,5,3,5,65,5,12,7,2,4,1,2,461,2,,Y,Y,A1100035,7,,2,,,14,,7,,,,30,,,2,,4,,,0,6,,,,,,,,,,,,,,,,,,,,,1,2,,,,,,,,,,
2026-09-22 18:59:08,서울특별시,A1100015,연세대학교의과대학강남세브란스병원,20260922185458,02-2019-3114,Y,Y,,,2,1,0,,,5,Y,,Y,Y,Y,Y,Y,Y,-7,Y,139,Y,13,Y,Y,2,0,N1,21,2,1,2,,28,29,,23,5,1,4,3,6,47,10,23,6,3,5,,,691,,,Y,Y,A1100015,8,,,,,,,,,,,,,,,,,4,8,1,12,,,,,,,,,,,,,,,,,,,,,,,,,,,,,,,,
2026-09-22 18:59:08,서울특별시,A1100010,삼성서울병원,20260922185155,02-3410-2114,Y,Y,,,3,2,2,,,0,Y,,Y,Y,Y,Y,Y,Y,-25,Y,138,Y,,Y,Y,3,31,N1,52,4,2,2,,59,,,46,8,6,19,16,15,117,22,43,21,11,2,,,1528,,,Y,Y,A1100010,9,,9,13,,6,,28,23,,,27,,,,,,2,12,0,12,,,,,,6,,,,15,14,,,36,,,,,,,,,,,,,,,,,,
2026-09-22 18:59:08,서울특별시,A1100028,성심의료재단강동성심병원,20260922185044,02-2224-2114,Y,Y,,,,1,4,,,0,Y,,Y,Y,Y,Y,Y,Y,7,Y,160,Y,1,Y,Y,1,10,N1,15,,1,6,,3,19,,13,2,1,4,2,5,35,3,3,8,3,1,,,566,,,Y,Y,A1100028,10,,3,,1,,,18,,,5,,,,,,,,,,,,,,,,,,,,,,,,,,,,,,,,,2,2,,,,,,,,
2026-09-22 18:59:08,서울특별시,A1100053,한국보훈복지의료공단 중앙보훈병원,20260922185059,02-2225-1111,,,,,,1,2,2,0,2,N,,Y,Y,Y,Y,Y,Y,13,Y,230,N1,,N1,Y,,12,N1,22,,1,2,2,,,3,13,7,1,3,4,4,38,,,10,1,,,,820,,,Y,N1,A1100053,11,,4,5,1,34,,14,14,,1,60,,,,,,3,10,1,13,,,,,,,,,,,,,,,,,,,,,,,,,,,,,,,,
2026-09-22 18:59:08,서울특별시,A1120796,이화여자대학교의과대학부속서울병원,20260922185053,1522-7000,Y,Y,,,6,2,6,,,1,Y,,Y,Y,Y,Y,Y,Y,-2,Y,134,Y,0,Y,Y,5,16,N1,14,9,2,6,,24,11,,19,4,2,5,5,8,71,9,22,12,4,5,,,736,,,Y,Y,A1120796,12,,0,6,1,,,10,17,,7,,,,,,,4,11,4,17,,,,,,,,,,4,,,,19,,,,,,,,,,,,,,,,,,
2026-09-22 18:59:08,서울특별시,A1100041,의료법인서울효천의료재단에이치플러스양지병원,20260922185510,02-1877-8875,,,,,,1,2,,,0,,,Y,Y,Y,Y,Y,Y,4,Y,17,Y,6,N1,Y,,5,N1,18,,1,2,,,27,,7,3,,2,3,3,23,,,5,1,1,,,293,,,Y,N1,A1100041,13,,,,0,,,,,,1,,,,,,,,,,,,,,,,,,,,,,,,,,,,,,,,,,,,,,,,,,
2026-09-22 18:59:08,서울특별시,A1100002,건국대학교병원,20260922185306,1588-1533,Y,Y,,,4,1,2,,,3,Y,,Y,Y,Y,Y,Y,Y,9,Y,127,Y,,Y,Y,-1,19,N1,20,4,1,2,,16,,,21,3,2,4,4,5,45,7,18,7,3,14,,,678,,,Y,Y,A1100002,14,,9,10,1,7,,24,25,,1,14,,,,,,,,,,,,,,,,,,,,,,,,,,,,,,,,,,,,,,,,,
2026-09-22 18:59:08,서울특별시,A1100016,인제대학교상계백병원,20260922185112,02-950-1114,Y,Y,,,,1,1,,,0,Y,,Y,Y,Y,Y,Y,Y,2,Y,59,Y,,Y,Y,0,13,N1,16,,1,2,,15,,,13,2,2,3,2,3,36,10,25,10,3,1,,,390,,,Y,Y,A1100016,15,,0,0,2,4,,19,18,,4,5,,,,,,,,,,,,,,,,,,,,,,,,,,,,,,,,0,4,,,,,,,,
2026-09-22 18:59:08,서울특별시,A1100048,노원을지대학교병원,20260922185102,02-970-8000,Y,Y,,,,1,4,,,0,Y,,Y,Y,Y,Y,Y,Y,15,Y,211,N1,,Y,Y,1,11,N1,17,,1,4,,10,,,11,1,3,2,2,2,26,8,19,3,1,,,,479,,,Y,Y,A1100048,16,,3,6,1,5,,16,16,,2,21,,,,,,,,,,,,,,,,,,,,,,,,,,,,,,,,,,0,0,0,0,,,,
2026-09-22 18:59:08,서울특별시,A1100020,의료법인한전의료재단 한일병원,20260922185503,02-901-3114,N,N,,,2,2,1,1,2,2,,Y,Y,Y,Y,Y,Y,Y,11,N1,73,Y,7,N,Y,,8,Y,21,2,2,2,2,,21,3,8,5,,2,1,2,25,1,4,2,,4,2,2,389,,,Y,N,A1100020,17,,,,0,,,,,,1,,,,,,,,,,,,,,,,,,,,,,,,,,,,,,,,,,,,,,,,,,
2026-09-22 18:59:08,서울특별시,A1100001,경희대학교병원,20260922185441,02-958-8114,Y,Y,,,2,2,3,,,8,Y,,Y,Y,Y,Y,Y,Y,6,Y,166,Y,37,Y,Y,0,15,N1,15,3,2,3,,18,73,,16,10,3,3,3,5,48,6,12,8,3,2,,,653,,,Y,Y,A1100001,18,,,,,7,,,,,,20,,,,,,,,6,15,,,,,,,,,,,,,,,,,,,,,,,,,,,,,,,,
2026-09-22 18:59:08,서울특별시,A1100021,삼육서울병원,20260922185209,02-2244-0191,,N,,,,1,1,1,1,3,Y,,Y,Y,Y,Y,Y,Y,12,Y,110,Y,4,N,Y,4,5,Y,13,,1,2,2,4,15,3,5,4,2,1,1,2,20,,4,5,2,1,,1,389,,,Y,N1,A1100021,19,,,,1,,,,,,1,,,,,,,,,,,,,,,,,,,,,,,,,,,,,,,,,1,4,,,,,,,,
2026-09-22 18:59:08,서울특별시,A1100040,서울특별시보라매병원,20260922185500,02-870-2114,Y,Y,,,3,2,0,,,3,Y,,Y,Y,Y,Y,Y,Y,6,Y,183,Y,,Y,Y,0,11,N1,31,3,2,1,,14,,,14,3,4,6,3,5,48,14,13,5,9,2,,,695,,,Y,Y,A1100040,20,,4,11,1,1,,15,16,,4,14,,,,,,4,4,,,,,,,,,,,,,,,,,,,,,,,,,,,,,,,,,,
2026-09-22 18:59:08,서울특별시,A1100003,중앙대학교병원,20260922185508,1800-1114,Y,Y,1,,2,2,3,4,,0,Y,,Y,Y,Y,Y,Y,Y,0,Y,148,Y,,Y,Y,0,16,N1,22,4,2,3,12,25,,,16,2,2,4,3,4,51,9,21,13,6,12,,,629,1,,Y,Y,A1100003,21,0,8,1,3,2,,12,17,,11,2,0,0,,0,,,,,,,,,,1,,,,,,,,,,,,,,,4,,,,,,,,,,,,
2026-09-22 18:59:08,서울특별시,A1100007,연세대학교의과대학세브란스병원,20260922185353,02-2228-0114,Y,Y,,,5,1,2,,,6,Y,Y,Y,Y,Y,Y,Y,Y,6,Y,305,Y,3,Y,Y,14,5,N1,39,8,1,3,,52,18,,15,30,8,16,16,17,206,55,61,21,16,21,1,,1872,,,Y,Y,A1100007,22,,17,8,1,2,,29,24,,5,20,,,,,,6,23,3,29,1,1,,,,2,0,4,4,4,22,2,10,17,6,1,1,,,,,,,,,,,,,,,
2026-09-22 18:59:08,서울특별시,A1100012,학교법인가톨릭학원가톨릭대학교서울성모병원,20260922185510,0215881511,Y,Y,,,1,,,2,5,2,Y,,Y,Y,Y,Y,Y,Y,-12,Y,116,Y,1,Y,Y,8,28,N1,28,7,,,2,50,5,6,32,10,2,9,10,8,80,40,39,11,9,4,,,1053,,,Y,Y,A1100012,23,1,6,16,11,14,,22,20,,18,35,1,2,,5,,6,10,2,19,1,0,,,,1,1,0,,3,3,2,,8,6,1,1,,,,,,,,,,,,,,,
2026-09-22 18:59:08,서울특별시,A1100009,재단법인아산사회복지재단서울아산병원,20260922185515,02-3010-3114,Y,Y,1,,6,1,3,0,3,3,Y,,Y,Y,Y,Y,Y,Y,-1,Y,207,Y,1,Y,Y,22,66,Y,36,11,1,22,2,61,12,4,74,8,8,21,15,17,190,33,49,30,14,5,,1,2104,1,,Y,Y,A1100009,24,,1,7,20,11,,24,37,,47,28,,,1,,6,2,12,5,12,2,0,,,,3,1,0,2,2,26,2,13,12,6,2,1,,,,,,,,,,,,,,,
2026-09-22 18:59:08,서울특별시,A1100011,가톨릭대학교여의도성모병원,20260922185510,02-1661-7575,,,,,,1,4,2,,0,Y,,Y,Y,Y,Y,Y,Y,2,Y,38,Y,,N1,Y,,12,N1,15,,1,4,2,,,,13,1,2,2,2,2,23,,,5,1,2,,,330,,,Y,N1,A1100011,25,,-2,1,1,,,10,8,,1,,,,,,,,,2,9,,,,,,,,,,,,,,,,,,,,,,,,,,,,,,,,
2026-09-22 18:59:08,서울특별시,A1100055,한림대학교강남성심병원,20260922185103,02-829-5114,Y,Y,,,3,3,2,0,2,,Y,,Y,Y,Y,Y,Y,Y,14,Y,162,Y,,Y,Y,0,10,N1,20,3,3,2,2,12,,3,14,,3,3,3,3,54,21,22,13,3,2,,,493,,,Y,Y,A1100055,26,,4,8,5,,,21,23,,7,,,,,,,0,10,,,,,,,,,,,,,,,,,,,,,,,,,,,,,,,,,,
2026-09-22 18:59:08,서울특별시,A1100054,성애의료재단성애병원,20260922185319,02-840-7114,Y,Y,,,,1,4,,,,Y,,Y,Y,Y,Y,Y,Y,10,N1,70,N1,5,Y,Y,4,5,N1,15,,1,4,,4,19,,5,,2,2,2,1,8,5,14,2,,,,,252,,,Y,Y,A1100054,27,,,,0,,,,,,1,,,,,,,,,,,,,,,,,,,,,,,,,,,,,,,,,,,,,,,,,,
2026-09-22 18:59:08,서울특별시,A1100004,순천향대학교부속서울병원,20260922185424,02-709-9114,Y,Y,,,4,1,2,1,2,2,Y,,Y,Y,Y,Y,Y,Y,10,Y,156,Y,8,Y,Y,-1,11,N1,20,4,1,2,2,13,43,3,14,4,7,3,3,4,51,8,17,14,5,3,,,597,,,Y,Y,A1100004,28,,,,0,8,,,,,10,21,,,,,,,,,,,,,0,0,,,,,,,,,,,,,,0,0,,,0,0,,,,,,,,
2026-09-22 18:59:08,서울특별시,A1121013,가톨릭대학교은평성모병원,20260922185509,02-1811-7755,Y,Y,,,6,2,2,,,2,Y,,Y,Y,Y,Y,Y,Y,12,Y,196,Y,,Y,Y,5,16,N1,24,8,2,2,,19,,,19,5,1,4,3,5,46,19,22,10,5,20,,,651,,,Y,Y,A1121013,29,,1,4,0,,,16,9,,4,,,,,,,2,12,2,13,,,,,,,,,,,,,,,,,,,,,,,,,,,,,,,,
2026-09-22 18:59:08,서울특별시,A1100006,강북삼성병원,20260922185533,02-2001-2001,Y,Y,,,-1,1,1,,,2,Y,,Y,Y,Y,Y,Y,Y,3,Y,39,Y,8,Y,Y,1,13,N1,15,2,1,2,,14,24,,16,3,1,5,4,6,54,13,14,8,4,3,,,569,,,Y,Y,A1100006,30,,,0,2,7,,,4,,5,18,,,,,,,,2,12,,,,,,,,,,0,,,,8,,,,,,,,,,,,,,,,,,
2026-09-22 18:59:08,서울특별시,A1100052,국립중앙의료원,20260922185505,02-2260-7114,N,Y,,0,3,2,2,0,0,3,Y,,Y,Y,Y,Y,Y,Y,7,Y,0,Y,2,Y,Y,,6,N1,15,3,2,3,6,,13,0,7,7,1,1,1,2,56,1,3,5,5,2,,,202,,0,Y,N,A1100052,31,,,0,2,,3,,0,20,2,,,,,,,,,,,,,0,,0,,,,,,,,,,,,,0,,0,,,4,5,2,6,2,6,8,2,50,2
2026-09-22 18:59:08,서울특별시,A1100036,부민병원,20260922185131,1577-7582,,Y,,,,1,,,,0,Y,,Y,Y,Y,Y,Y,Y,9,Y,49,N1,1,Y,Y,,8,N1,10,,1,,,,14,,8,3,1,3,3,1,22,,1,2,1,,,,282,,,Y,N1,A1100036,32,,,,0,,,,,,1,,,,,,,,,,,,,,,,,,,,,,,,,,,,,,,,,,,,,,,,,,
2026-09-22 18:59:08,서울특별시,A1100051,혜민병원,20260922185143,02-2049-9000,,,,,,1,,,,,,,Y,,Y,N1,Y,Y,7,N1,31,N1,11,N1,Y,,4,N1,9,,1,,,,19,,5,,,2,2,,16,,,2,,,,,205,,,Y,N1,A1100051,33,,,,,,,,,,,,,,,,,,,,,,,,,,,,,,,,,,,,,,,,,,,,,,,,,,,,
2026-09-22 18:59:08,서울특별시,A1100026,구로성심병원,20260922185337,02-2067-1500,,,,,,,1,,,,,,Y,,Y,N1,N1,Y,6,N1,48,N1,0,N1,Y,,3,N1,9,,,1,,,11,,3,,,1,1,,5,,,,,,,,191,,,Y,N1,A1100026,34,,,,,,,,,,,,,,,,,,,,,,,,,,,,,,,,,,,,,,,,,,,,,,,,,,,,
2026-09-22 18:59:08,서울특별시,A1100049,희명병원,20260922185459,02-804-0002,,,,,,,1,,,,,,Y,,Y,N1,Y,Y,7,Y,120,N1,2,N1,Y,,4,N1,10,,,1,,,19,,4,,,1,1,,9,,,1,1,,,,228,,,Y,N1,A1100049,35,,,,,,,,,,,,,,,,,,,,,,,,,,,,,,,,,,,,,,,,,,,,,,,,,,,,
2026-09-22 18:59:08,서울특별시,A1100027,한국원자력의학원원자력병원,20260922185129,02-970-2114,,Y,,,,1,1,,,1,Y,,Y,Y,Y,Y,Y,Y,9,N1,222,N1,6,Y,Y,,10,N1,9,,1,1,,,10,,10,1,1,4,2,1,16,,2,1,,,,,444,,,Y,N1,A1100027,36,,,,1,,,,,,1,,,,,,,,,,,,,,,,,,,,,,,,,,,,,,,,,1,1,,,,,,,,
2026-09-22 18:59:08,서울특별시,A1100022,서울특별시동부병원,20260922185520,02-920-9114,,Y,,,,1,1,,,,Y,,Y,,Y,N1,Y,Y,8,N1,30,N1,3,Y,Y,,3,N1,8,,1,1,,,8,,3,,1,1,1,,7,,1,1,,,,,195,,,Y,N1,A1100022,37,,,,1,,,,,,1,,,,,,,,,,,,,,,,,,,,,,,,,,,,,,,,,,,,,,,,,,
2026-09-22 18:59:08,서울특별시,A1100050,서울성심병원,20260922185527,02-966-1616,,,,,,1,2,,,,,,Y,,Y,N1,N1,Y,15,N1,87,N1,6,N1,Y,,6,N1,17,,1,2,,,10,,6,,,1,1,,11,,,,,,,,208,,,Y,N1,A1100050,38,,,,,,,,,,,,,,,,,,,,,,,,,,,,,,,,,,,,,,,,,,,,,,,,,,,,
2026-09-22 18:59:08,서울특별시,A1100025,의료법인동신의료재단동신병원,20260922185240,02-396-9161,,,,,,,1,,,,,,Y,,Y,N1,N1,Y,6,N1,55,N1,2,N1,Y,,3,N1,9,,,1,,,9,,3,,,1,1,,7,,,,,,,,196,,,Y,N1,A1100025,39,,,,,,,,,,,,,,,,,,,,,,,,,,,,,,,,,,,,,,,,,,,,,,,,,,,,
2026-09-22 18:59:08,서울특별시,A1122033,기쁨병원,20260922185535,02-570-1234,,,,,,,1,,,,,,Y,Y,Y,Y,N1,Y,3,N1,46,N1,,N1,Y,,7,N1,4,,,1,,,,,8,,,1,1,1,1,,,,,,,,110,,,Y,N1,A1122033,40,,,,,,,,,,,,,,,,,,,,,,,,,,,,,,,,,,,,,,,,,,,,,,,,,,,,
2026-09-22 18:59:08,서울특별시,A1100039,경찰병원,20260922185502,02-3400-1114,,,,,,1,,,,2,,,Y,,Y,N1,Y,Y,3,N1,135,N1,13,N1,Y,,7,N1,3,,1,,,,14,,7,2,,2,3,,10,,,2,,,,,187,,,Y,N1,A1100039,41,,,,2,,,,,,2,,,,,,,,,,,,,,,,,,,,,,,,,,,,,,,,,1,1,,,,,,,,
2026-09-22 18:59:08,서울특별시,A1100019,홍익병원,20260922185430,02-2693-5555,,,,,,,1,,,0,,,Y,Y,Y,Y,N,Y,8,N1,76,N1,4,N1,Y,,4,N1,9,,,1,,,14,,4,1,,4,2,2,7,,,1,,,,,251,,,Y,N1,A1100019,42,,,,1,,,,,,1,,,,,,,,,,,,,,,,,,,,,,,,,,,,,,,,,,,,,,,,,,
2026-09-22 18:59:08,서울특별시,A1100223,서울특별시서남병원,20260922185000,1566-6688,,,,0,,1,1,2,2,4,,,Y,,Y,N1,Y,Y,17,Y,55,Y,11,N1,Y,,4,N1,17,,1,2,2,,17,3,4,4,,2,1,,16,,,1,1,1,,,275,,0,Y,N1,A1100223,43,,,,0,,,,,,1,,,,,,,,,,,,,,,,,,,,,,,,,,,,,,,,,,,,,,,,,,
2026-09-22 18:59:08,서울특별시,A1100024,명지성모병원,20260922185603,02-1899-1475,,,,,,1,1,,,,,,Y,Y,Y,Y,N1,Y,8,N1,98,N1,1,N1,Y,,3,N1,8,,1,1,,,12,,3,,,1,3,2,7,,,,,,,,212,,,Y,N1,A1100024,44,,,,1,,,,,,1,,,,,,,,,,,,,,,,,,,,,,,,,,,,,,,,,,,,,,,,,,
2026-09-22 18:59:08,서울특별시,A1100037,대림성모병원,20260922185143,02-829-9000,,,,,,,2,,,,,,Y,,Y,N1,N1,Y,6,N1,30,N1,,N1,Y,,4,N1,8,,,2,,,,,4,,,1,2,,1,,,,,,,,114,,,Y,N1,A1100037,45,,,,,,,,,,,,,,,,,,,,,,,,,,,,,,,,,,,,,,,,,,,,,,,,,,,,
2026-09-22 18:59:08,서울특별시,A1100045,씨엠병원,20260922184500,02-2678-0001,,,,,,,1,,,,,,Y,,Y,N1,N1,Y,9,N1,33,N1,,N1,Y,,3,N1,9,,,1,,,,,5,,,2,2,,6,,,,,,,,110,,,Y,N1,A1100045,46,,,,,,,,,,,,,,,,,,,,,,,,,,,,,,,,,,,,,,,,,,,,,,,,,,,,
2026-09-22 18:59:08,서울특별시,A1100023,의료법인청구성심병원,20260922185441,02-350-3300,,,,,,,1,,,,,,Y,,Y,N1,N1,Y,9,N1,32,N1,2,N1,Y,,3,N1,10,,,1,,,6,,3,,,1,1,,4,,,,,,,,196,,,Y,N1,A1100023,47,,,,,,,,,,,,,,,,,,,,,,,,,,,,,,,,,,,,,,,,,,,,,,,,,,,,
2026-09-22 18:59:08,서울특별시,A1100029,서울적십자병원,20260922185347,02-2002-8000,,,,,,1,,,,,,,Y,,Y,N1,Y,Y,9,N1,99,N1,6,N1,Y,,6,N1,10,,1,,,,12,,6,,,1,1,,11,,,2,,,,,260,,,Y,N1,A1100029,48,,,,,,,,,,,,,,,,,,,,,,,,,,,,,,,,,,,,,,,,,,,,,,,,,,,,
2026-09-22 18:59:08,서울특별시,A1100032,세란병원,20260922185529,02-737-0181,,,,,,,1,,,,,,Y,,Y,N1,N1,Y,6,N1,44,N1,,N1,Y,,13,N1,10,,,1,,,,,13,,,3,5,,3,,,,,,,,205,,,Y,N1,A1100032,49,,,,,,,,,,,,,,,,,,,,,,,,,,,,,,,,,,,,,,,,,,,,,,,,,,,,
2026-09-22 18:59:08,서울특별시,A1100075,의료법인풍산의료재단동부제일병원,20260922185019,02-437-5011,,,,,,,1,,,,,,Y,,Y,N1,N1,Y,6,N1,45,N1,,N1,N,,2,N1,7,,,1,,,,,2,,,1,1,,3,,,,,,,,124,,,Y,N1,A1100075,50,,,,,,,,,,,,,,,,,,,,,,,,,,,,,,,,,,,,,,,,,,,,,,,,,,,,
2026-09-22 18:59:08,서울특별시,A1100044,녹색병원,20260922185503,02-490-2000,,,,,,1,4,,,0,N,,Y,,Y,N1,Y,Y,0,N1,102,N1,5,N1,Y,,3,N1,5,,1,4,,,17,,3,3,1,2,1,,22,,,1,,,,,293,,,Y,N1,A1100044,51,,,,3,,,,,,3,,,,,,,,,,,,,,,,,,,,,,,,,,,,,,,,,,,,,,,,,,
2026-09-22 19:29:10,서울특별시,A1100043,강동경희대학교병원,20260922192517,02-440-7114,Y,Y,1,2,3,2,2,3,5,0,Y,N,Y,Y,Y,Y,Y,Y,8,Y,144,Y,1,Y,Y,7,17,N,15,3,2,3,19,17,27,30,17,1,8,2,2,3,32,9,13,4,1,1,0,0,625,3,2,Y,Y,A1100043,1,,,,,,,,,,,,,,,,,,,,,,,,,,,,,,,,,,,,,,,,,,,,,,,,,,,,
2026-09-22 19:29:10,서울특별시,A1100014,고려대학교의과대학부속구로병원,20260922192349,02-2626-1114,Y,Y,,,1,,,3,10,3,Y,,Y,Y,Y,Y,Y,Y,1,Y,42,Y,10,Y,Y,-1,20,N1,29,3,,,20,23,35,30,24,4,2,6,6,4,98,11,35,15,10,3,,,778,,,Y,Y,A1100014,2,5,1,2,0,5,1,20,4,6,10,18,5,,,,,,,,,,,,,,,,,,,,,,,,,,,,,,,,,,,,,,,,
2026-09-22 19:29:10,서울특별시,A1100013,한양대학교병원,20260922192259,02-2290-8114,Y,Y,0,,1,,,2,7,0,Y,,Y,Y,Y,Y,Y,Y,9,Y,149,Y,0,Y,Y,-1,15,Y,20,3,,,22,14,0,30,16,2,1,3,2,3,69,10,23,13,6,3,,1,670,2,,Y,Y,A1100013,3,4,3,,1,1,,12,,,2,16,4,2,0,8,5,,,,,,,,,,,,,,,,,,,,,,,,,,,,,,,,,,,,
2026-09-22 19:29:10,서울특별시,A1100008,학교법인고려중앙학원고려대학교의과대학부속병원(안암병원),20260922192411,1577-0083,Y,Y,0,,3,,,2,10,0,Y,,Y,Y,Y,Y,Y,Y,13,Y,124,Y,,Y,Y,-3,22,Y,30,4,,,15,17,,31,25,3,4,7,6,8,84,14,20,11,8,7,,1,777,6,,Y,Y,A1100008,4,1,3,6,2,2,,16,19,,6,10,2,5,,7,,1,9,,,,,,,,,,,,,,,,,,,,,,,,,,,,,,,,,,
2026-09-22 19:29:10,서울특별시,A1100005,이화여자대학교의과대학부속목동병원,20260922192044,02-2650-5114,Y,Y,1,,6,2,4,7,7,3,Y,,Y,Y,Y,Y,Y,Y,11,Y,38,Y,,Y,Y,12,11,Y,19,8,2,4,19,28,,32,13,9,2,4,4,4,58,10,34,9,3,5,,1,526,1,,Y,Y,A1100005,5,,0,6,0,2,,10,13,,4,10,,,0,,1,,,4,14,,,,,,,,,,,,,,,,,,,,,,,,,,,,,,,,
2026-09-22 19:29:10,서울특별시,A1100017,서울대학교병원,20260922192439,02-1588-5700,Y,Y,0,,4,2,2,5,15,4,Y,Y,Y,Y,Y,Y,Y,Y,-4,Y,129,Y,,Y,Y,7,47,N1,24,10,2,4,17,40,,30,53,7,4,13,13,14,160,19,46,22,9,3,1,,1365,2,,Y,Y,A1100017,6,,3,9,8,7,,10,18,,28,41,,,0,,1,2,6,0,5,1,1,0,0,0,7,2,6,3,7,22,2,10,10,6,1,1,0,0,8,,,,,,,,,,,,
2026-09-22 19:29:10,서울특별시,A1100035,서울특별시서울의료원,20260922192500,02-2276-7000,Y,Y,1,,3,2,3,5,14,2,Y,Y,Y,Y,Y,Y,Y,Y,3,Y,160,Y,1,Y,Y,1,9,Y,19,3,2,3,14,3,5,28,10,3,4,5,3,5,65,5,12,7,2,4,1,2,461,2,,Y,Y,A1100035,7,,2,,,14,,7,,,,30,,,2,,4,,,0,6,,,,,,,,,,,,,,,,,,,,,1,2,,,,,,,,,,
2026-09-22 19:29:10,서울특별시,A1100015,연세대학교의과대학강남세브란스병원,20260922192458,02-2019-3114,Y,Y,,,2,1,0,,,5,Y,,Y,Y,Y,Y,Y,Y,-2,Y,138,Y,13,Y,Y,2,23,N1,21,2,1,2,,28,29,,23,5,1,4,3,6,47,10,23,6,3,5,,,691,,,Y,Y,A1100015,8,,,,,,,,,,,,,,,,,3,8,1,12,,,,,,,,,,,,,,,,,,,,,,,,,,,,,,,,
2026-09-22 19:29:10,서울특별시,A1100010,삼성서울병원,20260922192416,02-3410-2114,Y,Y,,,4,2,2,,,0,Y,,Y,Y,Y,Y,Y,Y,-19,Y,133,Y,,Y,Y,3,32,N1,52,4,2,2,,59,,,46,8,6,19,16,15,117,22,43,21,11,2,,,1528,,,Y,Y,A1100010,9,,9,13,,6,,28,23,,,27,,,,,,2,12,0,12,,,,,,6,,,,15,14,,,36,,,,,,,,,,,,,,,,,,
2026-09-22 19:29:10,서울특별시,A1100028,성심의료재단강동성심병원,20260922192044,02-2224-2114,Y,Y,,,,1,5,,,0,Y,,Y,Y,Y,Y,Y,Y,6,Y,159,Y,1,Y,Y,1,10,N1,15,,1,6,,3,19,,13,2,1,4,2,5,35,3,3,8,3,1,,,566,,,Y,Y,A1100028,10,,3,,1,,,18,,,5,,,,,,,,,,,,,,,,,,,,,,,,,,,,,,,,,2,2,,,,,,,,
2026-09-22 19:29:10,서울특별시,A1100053,한국보훈복지의료공단 중앙보훈병원,20260922192059,02-2225-1111,,,,,,1,2,2,0,2,N,,Y,Y,Y,Y,Y,Y,10,Y,230,N1,,N1,Y,,13,N1,22,,1,2,2,,,3,13,7,1,3,4,4,38,,,10,1,,,,820,,,Y,N1,A1100053,11,,4,5,1,34,,14,14,,1,60,,,,,,3,10,1,13,,,,,,,,,,,,,,,,,,,,,,,,,,,,,,,,
2026-09-22 19:29:10,서울특별시,A1120796,이화여자대학교의과대학부속서울병원,20260922192053,1522-7000,Y,Y,,,7,2,6,,,1,Y,,Y,Y,Y,Y,Y,Y,-5,Y,134,Y,0,Y,Y,5,17,N1,14,9,2,6,,24,11,,19,4,2,5,5,8,71,9,22,12,4,5,,,736,,,Y,Y,A1120796,12,,0,6,1,,,10,17,,7,,,,,,,4,11,4,17,,,,,,,,,,4,,,,19,,,,,,,,,,,,,,,,,,
2026-09-22 19:29:10,서울특별시,A1100041,의료법인서울효천의료재단에이치플러스양지병원,20260922192510,02-1877-8875,,,,,,1,2,,,0,,,Y,Y,Y,Y,Y,Y,6,Y,14,Y,6,N1,Y,,6,N1,18,,1,2,,,27,,7,3,,2,3,3,23,,,5,1,1,,,293,,,Y,N1,A1100041,13,,,,0,,,,,,1,,,,,,,,,,,,,,,,,,,,,,,,,,,,,,,,,,,,,,,,,,
2026-09-22 19:29:10,서울특별시,A1100002,건국대학교병원,20260922192306,1588-1533,Y,Y,,,4,1,2,,,3,Y,,Y,Y,Y,Y,Y,Y,10,Y,126,Y,,Y,Y,-1,20,N1,20,4,1,2,,16,,,21,3,2,4,4,5,45,7,18,7,3,14,,,678,,,Y,Y,A1100002,14,,9,10,1,7,,24,25,,1,14,,,,,,,,,,,,,,,,,,,,,,,,,,,,,,,,,,,,,,,,,
2026-09-22 19:29:10,서울특별시,A1100016,인제대학교상계백병원,20260922192117,02-950-1114,Y,Y,,,,1,1,,,0,Y,,Y,Y,Y,Y,Y,Y,2,Y,58,Y,,Y,Y,0,13,N1,16,,1,2,,15,,,13,2,2,3,2,3,36,10,25,10,3,1,,,390,,,Y,Y,A1100016,15,,0,0,2,4,,19,18,,4,5,,,,,,,,,,,,,,,,,,,,,,,,,,,,,,,,1,4,,,,,,,,
2026-09-22 19:29:10,서울특별시,A1100048,노원을지대학교병원,20260922192102,02-970-8000,Y,Y,,,,1,4,,,0,Y,,Y,Y,Y,Y,Y,Y,12,Y,211,N1,,Y,Y,1,11,N1,17,,1,4,,10,,,11,1,3,2,2,2,26,8,19,3,1,,,,479,,,Y,Y,A1100048,16,,3,6,1,5,,16,16,,2,21,,,,,,,,,,,,,,,,,,,,,,,,,,,,,,,,,,0,0,0,0,,,,
2026-09-22 19:29:10,서울특별시,A1100020,의료법인한전의료재단 한일병원,20260922192503,02-901-3114,N,N,,,2,2,1,1,2,2,,Y,Y,Y,Y,Y,Y,Y,8,N1,73,Y,7,N,Y,,8,Y,21,2,2,2,2,,21,3,8,5,,2,1,2,25,1,4,2,,4,2,2,389,,,Y,N,A1100020,17,,,,0,,,,,,1,,,,,,,,,,,,,,,,,,,,,,,,,,,,,,,,,,,,,,,,,,
2026-09-22 19:29:10,서울특별시,A1100001,경희대학교병원,20260922192534,02-958-8114,Y,Y,,,1,2,2,,,8,Y,,Y,Y,Y,Y,Y,Y,5,Y,166,Y,37,Y,Y,0,15,N1,15,3,2,3,,18,73,,16,10,3,3,3,5,48,6,12,8,3,2,,,653,,,Y,Y,A1100001,18,,,,,7,,,,,,20,,,,,,,,6,15,,,,,,,,,,,,,,,,,,,,,,,,,,,,,,,,
2026-09-22 19:29:10,서울특별시,A1100021,삼육서울병원,20260922192241,02-2244-0191,,N,,,,1,2,1,1,3,Y,,Y,Y,Y,Y,Y,Y,10,Y,108,Y,4,N,Y,4,5,Y,13,,1,2,2,4,15,3,5,4,2,1,1,2,20,,4,5,2,1,,1,389,,,Y,N1,A1100021,19,,,,1,,,,,,1,,,,,,,,,,,,,,,,,,,,,,,,,,,,,,,,,2,4,,,,,,,,
2026-09-22 19:29:10,서울특별시,A1100040,서울특별시보라매병원,20260922192500,02-870-2114,Y,Y,,,3,1,0,,,3,Y,,Y,Y,Y,Y,Y,Y,9,Y,183,Y,,Y,Y,0,12,N1,31,3,2,1,,14,,,14,3,4,6,3,5,48,14,13,5,9,2,,,695,,,Y,Y,A1100040,20,,4,11,1,1,,15,16,,4,14,,,,,,3,4,,,,,,,,,,,,,,,,,,,,,,,,,,,,,,,,,,
2026-09-22 19:29:10,서울특별시,A1100003,중앙대학교병원,20260922192508,1800-1114,Y,Y,1,,3,2,3,4,,0,Y,,Y,Y,Y,Y,Y,Y,4,Y,149,Y,,Y,Y,0,16,N1,22,4,2,3,12,25,,,16,2,2,4,3,4,51,9,21,13,6,12,,,629,1,,Y,Y,A1100003,21,0,7,1,3,2,,12,17,,11,2,0,0,,0,,,,,,,,,,1,,,,,,,,,,,,,,,4,,,,,,,,,,,,
2026-09-22 19:29:10,서울특별시,A1100007,연세대학교의과대학세브란스병원,20260922192355,02-2228-0114,Y,Y,,,5,1,3,,,6,Y,Y,Y,Y,Y,Y,Y,Y,6,Y,307,Y,3,Y,Y,14,9,N1,39,8,1,3,,52,18,,15,30,8,16,16,17,206,55,61,21,16,21,1,,1872,,,Y,Y,A1100007,22,,17,7,1,2,,29,24,,5,20,,,,,,6,23,3,29,1,1,,,,2,0,4,4,4,22,2,10,17,6,1,1,,,,,,,,,,,,,,,
2026-09-22 19:29:10,서울특별시,A1100012,학교법인가톨릭학원가톨릭대학교서울성모병원,20260922192510,0215881511,Y,Y,,,2,,,2,3,2,Y,,Y,Y,Y,Y,Y,Y,-8,Y,114,Y,1,Y,Y,8,29,N1,28,7,,,2,50,5,6,32,10,2,9,10,8,80,40,39,11,9,4,,,1053,,,Y,Y,A1100012,23,1,6,16,11,14,,22,20,,18,35,1,2,,5,,6,10,2,19,1,0,,,,1,1,0,,3,3,2,,8,6,1,1,,,,,,,,,,,,,,,
2026-09-22 19:29:10,서울특별시,A1100009,재단법인아산사회복지재단서울아산병원,20260922192515,02-3010-3114,Y,Y,1,,6,1,3,0,3,3,Y,,Y,Y,Y,Y,Y,Y,-2,Y,206,Y,1,Y,Y,22,66,Y,36,11,1,22,2,61,12,4,74,8,8,21,15,17,190,33,49,30,14,5,,1,2104,1,,Y,Y,A1100009,24,,1,7,20,12,,24,37,,47,28,,,1,,6,2,12,5,12,2,0,,,,3,1,0,2,2,26,2,13,12,6,2,1,,,,,,,,,,,,,,,
2026-09-22 19:29:10,서울특별시,A1100011,가톨릭대학교여의도성모병원,20260922192510,02-1661-7575,,,,,,1,2,2,,0,Y,,Y,Y,Y,Y,Y,Y,4,Y,36,Y,,N1,Y,,12,N1,15,,1,4,2,,,,13,1,2,2,2,2,23,,,5,1,2,,,330,,,Y,N1,A1100011,25,,-2,2,1,,,10,8,,1,,,,,,,,,2,9,,,,,,,,,,,,,,,,,,,,,,,,,,,,,,,,
2026-09-22 19:29:10,서울특별시,A1100055,한림대학교강남성심병원,20260922192103,02-829-5114,Y,Y,,,3,3,2,0,2,,Y,,Y,Y,Y,Y,Y,Y,15,Y,164,Y,,Y,Y,0,10,N1,20,3,3,2,2,12,,3,14,,3,3,3,3,54,21,22,13,3,2,,,493,,,Y,Y,A1100055,26,,4,7,5,,,21,23,,7,,,,,,,0,10,,,,,,,,,,,,,,,,,,,,,,,,,,,,,,,,,,
2026-09-22 19:29:10,서울특별시,A1100054,성애의료재단성애병원,20260922192322,02-840-7114,Y,Y,,,,1,3,,,,Y,,Y,Y,Y,Y,Y,Y,12,N1,69,N1,5,Y,Y,4,5,N1,15,,1,4,,4,19,,5,,2,2,2,1,8,5,14,2,,,,,252,,,Y,Y,A1100054,27,,,,0,,,,,,1,,,,,,,,,,,,,,,,,,,,,,,,,,,,,,,,,,,,,,,,,,
2026-09-22 19:29:10,서울특별시,A1100004,순천향대학교부속서울병원,20260922192424,02-709-9114,Y,Y,,,4,1,2,1,2,2,Y,,Y,Y,Y,Y,Y,Y,7,Y,155,Y,8,Y,Y,-1,11,N1,20,4,1,2,2,13,43,3,14,4,7,3,3,4,51,8,17,14,5,3,,,597,,,Y,Y,A1100004,28,,,,0,8,,,,,10,21,,,,,,,,,,,,,0,0,,,,,,,,,,,,,,0,0,,,0,0,,,,,,,,
2026-09-22 19:29:10,서울특별시,A1121013,가톨릭대학교은평성모병원,20260922192509,02-1811-7755,Y,Y,,,6,2,2,,,2,Y,,Y,Y,Y,Y,Y,Y,10,Y,195,Y,,Y,Y,5,19,N1,24,8,2,2,,19,,,19,5,1,4,3,5,46,19,22,10,5,20,,,651,,,Y,Y,A1121013,29,,1,4,0,,,16,9,,4,,,,,,,2,12,2,13,,,,,,,,,,,,,,,,,,,,,,,,,,,,,,,,
2026-09-22 19:29:10,서울특별시,A1100006,강북삼성병원,20260922192518,02-2001-2001,Y,Y,,,-1,1,1,,,2,Y,,Y,Y,Y,Y,Y,Y,2,Y,41,Y,6,Y,Y,1,12,N1,15,2,1,2,,14,24,,16,3,1,5,4,6,54,13,14,8,4,3,,,569,,,Y,Y,A1100006,30,,,0,2,7,,,4,,5,18,,,,,,,,2,12,,,,,,,,,,0,,,,8,,,,,,,,,,,,,,,,,,
2026-09-22 19:29:10,서울특별시,A1100052,국립중앙의료원,20260922192505,02-2260-7114,N,Y,,0,3,2,3,0,0,3,Y,,Y,Y,Y,Y,Y,Y,7,Y,0,Y,2,Y,Y,,6,N1,15,3,2,3,6,,13,0,7,7,1,1,1,2,56,1,3,5,5,2,,,202,,0,Y,N,A1100052,31,,,0,2,,3,,0,20,2,,,,,,,,,,,,,0,,0,,,,,,,,,,,,,0,,0,,,4,5,2,6,2,6,8,2,50,2
2026-09-22 19:29:10,서울특별시,A1100036,부민병원,20260922192148,1577-7582,,Y,,,,1,,,,0,Y,,Y,Y,Y,Y,Y,Y,10,Y,49,N1,1,Y,Y,,8,N1,10,,1,,,,14,,8,3,1,3,3,1,22,,1,2,1,,,,282,,,Y,N1,A1100036,32,,,,0,,,,,,1,,,,,,,,,,,,,,,,,,,,,,,,,,,,,,,,,,,,,,,,,,
2026-09-22 19:29:10,서울특별시,A1100051,혜민병원,20260922192141,02-2049-9000,,,,,,1,,,,,,,Y,,Y,N1,Y,Y,7,N1,31,N1,11,N1,Y,,5,N1,9,,1,,,,19,,5,,,2,2,,16,,,2,,,,,205,,,Y,N1,A1100051,33,,,,,,,,,,,,,,,,,,,,,,,,,,,,,,,,,,,,,,,,,,,,,,,,,,,,
2026-09-22 19:29:10,서울특별시,A1100026,구로성심병원,20260922192355,02-2067-1500,,,,,,,1,,,,,,Y,,Y,N1,N1,Y,5,N1,48,N1,0,N1,Y,,3,N1,9,,,1,,,11,,3,,,1,1,,5,,,,,,,,191,,,Y,N1,A1100026,34,,,,,,,,,,,,,,,,,,,,,,,,,,,,,,,,,,,,,,,,,,,,,,,,,,,,
2026-09-22 19:29:10,서울특별시,A1100049,희명병원,20260922192518,02-804-0002,,,,,,,1,,,,,,Y,,Y,N1,Y,Y,7,Y,120,N1,2,N1,Y,,4,N1,10,,,1,,,19,,4,,,1,1,,9,,,1,1,,,,228,,,Y,N1,A1100049,35,,,,,,,,,,,,,,,,,,,,,,,,,,,,,,,,,,,,,,,,,,,,,,,,,,,,
2026-09-22 19:29:10,서울특별시,A1100027,한국원자력의학원원자력병원,20260922192132,02-970-2114,,Y,,,,1,1,,,1,Y,,Y,Y,Y,Y,Y,Y,8,N1,222,N1,6,Y,Y,,10,N1,9,,1,1,,,10,,10,1,1,4,2,1,16,,2,1,,,,,444,,,Y,N1,A1100027,36,,,,1,,,,,,1,,,,,,,,,,,,,,,,,,,,,,,,,,,,,,,,,1,1,,,,,,,,
2026-09-22 19:29:10,서울특별시,A1100022,서울특별시동부병원,20260922192520,02-920-9114,,Y,,,,1,1,,,,Y,,Y,,Y,N1,Y,Y,7,N1,30,N1,3,Y,Y,,3,N1,8,,1,1,,,8,,3,,1,1,1,,7,,1,1,,,,,195,,,Y,N1,A1100022,37,,,,1,,,,,,1,,,,,,,,,,,,,,,,,,,,,,,,,,,,,,,,,,,,,,,,,,
2026-09-22 19:29:10,서울특별시,A1100050,서울성심병원,20260922192248,02-966-1616,,,,,,1,2,,,,,,Y,,Y,N1,N1,Y,16,N1,87,N1,6,N1,Y,,6,N1,17,,1,2,,,10,,6,,,1,1,,11,,,,,,,,208,,,Y,N1,A1100050,38,,,,,,,,,,,,,,,,,,,,,,,,,,,,,,,,,,,,,,,,,,,,,,,,,,,,
2026-09-22 19:29:10,서울특별시,A1100025,의료법인동신의료재단동신병원,20260922192255,02-396-9161,,,,,,,1,,,,,,Y,,Y,N1,N1,Y,6,N1,55,N1,2,N1,Y,,3,N1,9,,,1,,,9,,3,,,1,1,,7,,,,,,,,196,,,Y,N1,A1100025,39,,,,,,,,,,,,,,,,,,,,,,,,,,,,,,,,,,,,,,,,,,,,,,,,,,,,
2026-09-22 19:29:10,서울특별시,A1122033,기쁨병원,20260922192445,02-570-1234,,,,,,,1,,,,,,Y,Y,Y,Y,N1,Y,2,N1,45,N1,,N1,Y,,7,N1,4,,,1,,,,,8,,,1,1,1,1,,,,,,,,110,,,Y,N1,A1122033,40,,,,,,,,,,,,,,,,,,,,,,,,,,,,,,,,,,,,,,,,,,,,,,,,,,,,
2026-09-22 19:29:10,서울특별시,A1100039,경찰병원,20260922192503,02-3400-1114,,,,,,1,,,,2,,,Y,,Y,N1,Y,Y,2,N1,135,N1,13,N1,Y,,7,N1,3,,1,,,,14,,7,2,,2,3,,10,,,2,,,,,187,,,Y,N1,A1100039,41,,,,2,,,,,,2,,,,,,,,,,,,,,,,,,,,,,,,,,,,,,,,,1,1,,,,,,,,
2026-09-22 19:29:10,서울특별시,A1100019,홍익병원,20260922192436,02-2693-5555,,,,,,,0,,,0,,,Y,Y,Y,Y,N,Y,8,N1,77,N1,4,N1,Y,,4,N1,9,,,1,,,14,,4,1,,4,2,2,7,,,1,,,,,251,,,Y,N1,A1100019,42,,,,1,,,,,,1,,,,,,,,,,,,,,,,,,,,,,,,,,,,,,,,,,,,,,,,,,
2026-09-22 19:29:10,서울특별시,A1100223,서울특별시서남병원,20260922192000,1566-6688,,,,0,,1,1,2,2,4,,,Y,,Y,N1,Y,Y,17,Y,55,Y,11,N1,Y,,4,N1,17,,1,2,2,,17,3,4,4,,2,1,,16,,,1,1,1,,,275,,0,Y,N1,A1100223,43,,,,0,,,,,,1,,,,,,,,,,,,,,,,,,,,,,,,,,,,,,,,,,,,,,,,,,
2026-09-22 19:29:10,서울특별시,A1100024,명지성모병원,20260922192606,02-1899-1475,,,,,,1,1,,,,,,Y,Y,Y,Y,N1,Y,8,N1,98,N1,1,N1,Y,,3,N1,8,,1,1,,,12,,3,,,1,3,2,7,,,,,,,,212,,,Y,N1,A1100024,44,,,,1,,,,,,1,,,,,,,,,,,,,,,,,,,,,,,,,,,,,,,,,,,,,,,,,,
2026-09-22 19:29:10,서울특별시,A1100037,대림성모병원,20260922192141,02-829-9000,,,,,,,2,,,,,,Y,,Y,N1,N1,Y,5,N1,30,N1,,N1,Y,,4,N1,8,,,2,,,,,4,,,1,2,,1,,,,,,,,114,,,Y,N1,A1100037,45,,,,,,,,,,,,,,,,,,,,,,,,,,,,,,,,,,,,,,,,,,,,,,,,,,,,
2026-09-22 19:29:10,서울특별시,A1100045,씨엠병원,20260922191500,02-2678-0001,,,,,,,1,,,,,,Y,,Y,N1,N1,Y,9,N1,33,N1,,N1,Y,,3,N1,9,,,1,,,,,5,,,2,2,,6,,,,,,,,110,,,Y,N1,A1100045,46,,,,,,,,,,,,,,,,,,,,,,,,,,,,,,,,,,,,,,,,,,,,,,,,,,,,
2026-09-22 19:29:10,서울특별시,A1100023,의료법인청구성심병원,20260922192252,02-350-3300,,,,,,,1,,,,,,Y,,Y,N1,N1,Y,9,N1,32,N1,2,N1,Y,,3,N1,10,,,1,,,6,,3,,,1,1,,4,,,,,,,,196,,,Y,N1,A1100023,47,,,,,,,,,,,,,,,,,,,,,,,,,,,,,,,,,,,,,,,,,,,,,,,,,,,,
2026-09-22 19:29:10,서울특별시,A1100029,서울적십자병원,20260922192427,02-2002-8000,,,,,,0,,,,,,,Y,,Y,N1,Y,Y,10,N1,99,N1,6,N1,Y,,6,N1,10,,1,,,,12,,6,,,1,1,,11,,,2,,,,,260,,,Y,N1,A1100029,48,,,,,,,,,,,,,,,,,,,,,,,,,,,,,,,,,,,,,,,,,,,,,,,,,,,,
2026-09-22 19:29:10,서울특별시,A1100032,세란병원,20260922192530,02-737-0181,,,,,,,1,,,,,,Y,,Y,N1,N1,Y,7,N1,44,N1,,N1,Y,,13,N1,10,,,1,,,,,13,,,3,5,,3,,,,,,,,205,,,Y,N1,A1100032,49,,,,,,,,,,,,,,,,,,,,,,,,,,,,,,,,,,,,,,,,,,,,,,,,,,,,
2026-09-22 19:29:10,서울특별시,A1100075,의료법인풍산의료재단동부제일병원,20260922192023,02-437-5011,,,,,,,1,,,,,,Y,,Y,N1,N1,Y,5,N1,45,N1,,N1,N,,2,N1,7,,,1,,,,,2,,,1,1,,3,,,,,,,,124,,,Y,N1,A1100075,50,,,,,,,,,,,,,,,,,,,,,,,,,,,,,,,,,,,,,,,,,,,,,,,,,,,,
2026-09-22 19:29:10,서울특별시,A1100044,녹색병원,20260922192505,02-490-2000,,,,,,1,4,,,0,N,,Y,,Y,N1,Y,Y,0,N1,101,N1,5,N1,Y,,3,N1,5,,1,4,,,17,,3,3,1,2,1,,22,,,1,,,,,293,,,Y,N1,A1100044,51,,,,3,,,,,,3,,,,,,,,,,,,,,,,,,,,,,,,,,,,,,,,,,,,,,,,,,
2026-09-22 19:59:11,서울특별시,A1100043,강동경희대학교병원,20260922195518,02-440-7114,Y,Y,1,2,3,2,2,3,4,0,Y,N,Y,Y,Y,Y,Y,Y,8,Y,144,Y,1,Y,Y,7,16,N,15,3,2,3,19,17,27,30,17,1,8,2,2,3,32,9,13,4,1,1,0,0,625,3,2,Y,Y,A1100043,1,,,,,,,,,,,,,,,,,,,,,,,,,,,,,,,,,,,,,,,,,,,,,,,,,,,,
2026-09-22 19:59:11,서울특별시,A1100014,고려대학교의과대학부속구로병원,20260922195436,02-2626-1114,Y,Y,,,1,,,2,10,3,Y,,Y,Y,Y,Y,Y,Y,3,Y,41,Y,10,Y,Y,-1,21,N1,29,3,,,20,23,35,30,24,4,2,6,6,4,98,11,35,15,10,3,,,778,,,Y,Y,A1100014,2,5,1,2,0,5,1,20,4,6,10,18,5,,,,,,,,,,,,,,,,,,,,,,,,,,,,,,,,,,,,,,,,
2026-09-22 19:59:11,서울특별시,A1100013,한양대학교병원,20260922195259,02-2290-8114,Y,Y,0,,1,,,2,6,0,Y,,Y,Y,Y,Y,Y,Y,8,Y,149,Y,0,Y,Y,-1,15,Y,20,3,,,22,14,0,30,16,2,1,3,2,3,69,10,23,13,6,3,,1,670,2,,Y,Y,A1100013,3,4,3,,1,1,,12,,,2,16,4,2,0,8,5,,,,,,,,,,,,,,,,,,,,,,,,,,,,,,,,,,,,
2026-09-22 19:59:11,서울특별시,A1100008,학교법인고려중앙학원고려대학교의과대학부속병원(안암병원),20260922195239,1577-0083,Y,Y,0,,1,,,2,10,0,Y,,Y,Y,Y,Y,Y,Y,12,Y,122,Y,,Y,Y,-3,22,Y,30,4,,,15,17,,31,25,3,4,7,6,8,84,14,20,11,8,7,,1,777,6,,Y,Y,A1100008,4,1,3,6,2,2,,16,19,,6,10,2,6,,7,,1,9,,,,,,,,,,,,,,,,,,,,,,,,,,,,,,,,,,
2026-09-22 19:59:11,서울특별시,A1100005,이화여자대학교의과대학부속목동병원,20260922195045,02-2650-5114,Y,Y,1,,7,2,4,7,7,3,Y,,Y,Y,Y,Y,Y,Y,5,Y,38,Y,,Y,Y,12,11,Y,19,8,2,4,19,28,,32,13,9,2,4,4,4,58,10,34,9,3,5,,1,526,1,,Y,Y,A1100005,5,,0,6,0,2,,10,13,,4,10,,,0,,1,,,4,14,,,,,,,,,,,,,,,,,,,,,,,,,,,,,,,,
2026-09-22 19:59:11,서울특별시,A1100017,서울대학교병원,20260922195437,02-1588-5700,Y,Y,0,,6,2,2,4,15,4,Y,Y,Y,Y,Y,Y,Y,Y,-4,Y,127,Y,,Y,Y,7,50,N1,24,10,2,4,17,40,,30,53,7,4,13,13,14,160,19,46,22,9,3,1,,1365,2,,Y,Y,A1100017,6,,3,8,8,7,,10,18,,28,41,,,0,,1,2,6,0,5,1,1,0,0,0,7,2,6,3,7,22,2,10,10,6,1,1,0,0,8,,,,,,,,,,,,
2026-09-22 19:59:11,서울특별시,A1100035,서울특별시서울의료원,20260922195500,02-2276-7000,Y,Y,1,,3,2,3,5,14,2,Y,Y,Y,Y,Y,Y,Y,Y,3,Y,158,Y,1,Y,Y,1,9,Y,19,3,2,3,14,3,5,28,10,3,4,5,3,5,65,5,12,7,2,4,1,2,461,2,,Y,Y,A1100035,7,,2,,,14,,7,,,,30,,,2,,4,,,0,6,,,,,,,,,,,,,,,,,,,,,1,2,,,,,,,,,,
2026-09-22 19:59:11,서울특별시,A1100015,연세대학교의과대학강남세브란스병원,20260922195458,02-2019-3114,Y,Y,,,2,1,0,,,5,Y,,Y,Y,Y,Y,Y,Y,0,Y,135,Y,13,Y,Y,1,23,N1,21,2,1,2,,28,29,,23,5,1,4,3,6,47,10,23,6,3,5,,,691,,,Y,Y,A1100015,8,,,,,,,,,,,,,,,,,3,8,1,12,,,,,,,,,,,,,,,,,,,,,,,,,,,,,,,,
2026-09-22 19:59:11,서울특별시,A1100010,삼성서울병원,20260922195235,02-3410-2114,Y,Y,,,4,2,1,,,0,Y,,Y,Y,Y,Y,Y,Y,-19,Y,132,Y,,Y,Y,3,37,N1,52,4,2,2,,59,,,46,8,6,19,16,15,117,22,43,21,11,2,,,1528,,,Y,Y,A1100010,9,,9,13,,6,,28,23,,,27,,,,,,2,12,0,12,,,,,,6,,,,15,14,,,36,,,,,,,,,,,,,,,,,,
2026-09-22 19:59:11,서울특별시,A1100028,성심의료재단강동성심병원,20260922195046,02-2224-2114,Y,Y,,,,1,4,,,0,Y,,Y,Y,Y,Y,Y,Y,7,Y,158,Y,1,Y,Y,1,10,N1,15,,1,6,,3,19,,13,2,1,4,2,5,35,3,3,8,3,1,,,566,,,Y,Y,A1100028,10,,3,,1,,,18,,,5,,,,,,,,,,,,,,,,,,,,,,,,,,,,,,,,,2,2,,,,,,,,
2026-09-22 19:59:11,서울특별시,A1100053,한국보훈복지의료공단 중앙보훈병원,20260922195059,02-2225-1111,,,,,,1,2,2,0,2,N,,Y,Y,Y,Y,Y,Y,10,Y,230,N1,,N1,Y,,13,N1,22,,1,2,2,,,3,13,7,1,3,4,4,38,,,10,1,,,,820,,,Y,N1,A1100053,11,,4,5,1,35,,14,14,,1,60,,,,,,3,10,1,13,,,,,,,,,,,,,,,,,,,,,,,,,,,,,,,,
2026-09-22 19:59:11,서울특별시,A1120796,이화여자대학교의과대학부속서울병원,20260922195053,1522-7000,Y,Y,,,7,2,6,,,1,Y,,Y,Y,Y,Y,Y,Y,-9,Y,132,Y,0,Y,Y,5,18,N1,14,9,2,6,,24,11,,19,4,2,5,5,8,71,9,22,12,4,5,,,736,,,Y,Y,A1120796,12,,0,6,1,,,10,17,,7,,,,,,,4,11,4,17,,,,,,,,,,4,,,,19,,,,,,,,,,,,,,,,,,
2026-09-22 19:59:11,서울특별시,A1100041,의료법인서울효천의료재단에이치플러스양지병원,20260922195510,02-1877-8875,,,,,,1,2,,,0,,,Y,Y,Y,Y,Y,Y,6,Y,12,Y,6,N1,Y,,7,N1,18,,1,2,,,27,,7,3,,2,3,3,23,,,5,1,1,,,293,,,Y,N1,A1100041,13,,,,0,,,,,,1,,,,,,,,,,,,,,,,,,,,,,,,,,,,,,,,,,,,,,,,,,
2026-09-22 19:59:11,서울특별시,A1100002,건국대학교병원,20260922195306,1588-1533,Y,Y,,,4,1,2,,,3,Y,,Y,Y,Y,Y,Y,Y,7,Y,126,Y,,Y,Y,-1,21,N1,20,4,1,2,,16,,,21,3,2,4,4,5,45,7,18,7,3,14,,,678,,,Y,Y,A1100002,14,,9,10,1,7,,24,25,,1,14,,,,,,,,,,,,,,,,,,,,,,,,,,,,,,,,,,,,,,,,,
2026-09-22 19:59:11,서울특별시,A1100016,인제대학교상계백병원,20260922195122,02-950-1114,Y,Y,,,,1,1,,,0,Y,,Y,Y,Y,Y,Y,Y,1,Y,58,Y,,Y,Y,0,13,N1,16,,1,2,,15,,,13,2,2,3,2,3,36,10,25,10,3,1,,,390,,,Y,Y,A1100016,15,,0,0,2,4,,19,18,,4,5,,,,,,,,,,,,,,,,,,,,,,,,,,,,,,,,0,4,,,,,,,,
2026-09-22 19:59:11,서울특별시,A1100048,노원을지대학교병원,20260922195102,02-970-8000,Y,Y,,,,1,4,,,0,Y,,Y,Y,Y,Y,Y,Y,12,Y,211,N1,,Y,Y,1,11,N1,17,,1,4,,10,,,11,1,3,2,2,2,26,8,19,3,1,,,,479,,,Y,Y,A1100048,16,,3,6,1,5,,16,16,,2,21,,,,,,,,,,,,,,,,,,,,,,,,,,,,,,,,,,0,0,0,0,,,,
2026-09-22 19:59:11,서울특별시,A1100020,의료법인한전의료재단 한일병원,20260922195503,02-901-3114,N,N,,,2,2,1,1,2,2,,Y,Y,Y,Y,Y,Y,Y,14,N1,72,Y,7,N,Y,,7,Y,21,2,2,2,2,,21,3,8,5,,2,1,2,25,1,4,2,,4,2,2,389,,,Y,N,A1100020,17,,,,0,,,,,,1,,,,,,,,,,,,,,,,,,,,,,,,,,,,,,,,,,,,,,,,,,
2026-09-22 19:59:11,서울특별시,A1100001,경희대학교병원,20260922195441,02-958-8114,Y,Y,,,1,2,2,,,8,Y,,Y,Y,Y,Y,Y,Y,2,Y,166,Y,37,Y,Y,0,15,N1,15,3,2,3,,18,73,,16,10,3,3,3,5,48,6,12,8,3,2,,,653,,,Y,Y,A1100001,18,,,,,7,,,,,,20,,,,,,,,6,15,,,,,,,,,,,,,,,,,,,,,,,,,,,,,,,,
2026-09-22 19:59:11,서울특별시,A1100021,삼육서울병원,20260922195310,02-2244-0191,,N,,,,1,2,1,1,3,Y,,Y,Y,Y,Y,Y,Y,11,Y,107,Y,4,N,Y,4,5,Y,13,,1,2,2,4,15,3,5,4,2,1,1,2,20,,4,5,2,1,,1,389,,,Y,N1,A1100021,19,,,,1,,,,,,1,,,,,,,,,,,,,,,,,,,,,,,,,,,,,,,,,2,4,,,,,,,,
2026-09-22 19:59:11,서울특별시,A1100040,서울특별시보라매병원,20260922195500,02-870-2114,Y,Y,,,3,1,0,,,3,Y,,Y,Y,Y,Y,Y,Y,10,Y,182,Y,,Y,Y,0,13,N1,31,3,2,1,,14,,,14,3,4,6,3,5,48,14,13,5,9,2,,,695,,,Y,Y,A1100040,20,,4,11,1,1,,15,16,,4,14,,,,,,3,4,,,,,,,,,,,,,,,,,,,,,,,,,,,,,,,,,,
2026-09-22 19:59:11,서울특별시,A1100003,중앙대학교병원,20260922195508,1800-1114,Y,Y,1,,3,2,3,4,,0,Y,,Y,Y,Y,Y,Y,Y,7,Y,149,Y,,Y,Y,0,16,N1,22,4,2,3,12,25,,,16,2,2,4,3,4,51,9,21,13,6,12,,,629,1,,Y,Y,A1100003,21,0,7,0,3,2,,12,17,,11,2,0,0,,0,,,,,,,,,,1,,,,,,,,,,,,,,,4,,,,,,,,,,,,
2026-09-22 19:59:11,서울특별시,A1100007,연세대학교의과대학세브란스병원,20260922195356,02-2228-0114,Y,Y,,,5,1,3,,,6,Y,Y,Y,Y,Y,Y,Y,Y,4,Y,309,Y,3,Y,Y,14,9,N1,39,8,1,3,,52,18,,15,30,8,16,16,17,206,55,61,21,16,21,1,,1872,,,Y,Y,A1100007,22,,17,7,1,2,,29,24,,5,20,,,,,,6,23,3,29,1,1,,,,1,0,4,4,4,22,2,10,17,6,1,1,,,,,,,,,,,,,,,
2026-09-22 19:59:11,서울특별시,A1100012,학교법인가톨릭학원가톨릭대학교서울성모병원,20260922195510,0215881511,Y,Y,,,2,,,2,3,2,Y,,Y,Y,Y,Y,Y,Y,-6,Y,115,Y,1,Y,Y,8,30,N1,28,7,,,2,50,5,6,32,10,2,9,10,8,80,40,39,11,9,4,,,1053,,,Y,Y,A1100012,23,1,6,16,11,14,,22,20,,18,35,1,2,,5,,6,10,2,19,1,0,,,,1,1,0,,3,3,2,,8,6,1,1,,,,,,,,,,,,,,,
2026-09-22 19:59:11,서울특별시,A1100009,재단법인아산사회복지재단서울아산병원,20260922195515,02-3010-3114,Y,Y,1,,7,1,3,0,3,3,Y,,Y,Y,Y,Y,Y,Y,-4,Y,204,Y,1,Y,Y,22,67,Y,36,11,1,22,2,61,12,4,74,8,8,21,15,17,190,33,49,30,14,5,,1,2104,1,,Y,Y,A1100009,24,,1,7,20,12,,24,37,,47,28,,,1,,6,2,12,5,12,2,0,,,,3,1,0,2,2,26,2,13,12,6,2,1,,,,,,,,,,,,,,,
2026-09-22 19:59:11,서울특별시,A1100011,가톨릭대학교여의도성모병원,20260922195510,02-1661-7575,,,,,,1,2,2,,0,Y,,Y,Y,Y,Y,Y,Y,5,Y,35,Y,,N1,Y,,13,N1,15,,1,4,2,,,,13,1,2,2,2,2,23,,,5,1,2,,,330,,,Y,N1,A1100011,25,,-2,2,1,,,10,8,,1,,,,,,,,,2,9,,,,,,,,,,,,,,,,,,,,,,,,,,,,,,,,
2026-09-22 19:59:11,서울특별시,A1100055,한림대학교강남성심병원,20260922195103,02-829-5114,Y,Y,,,3,3,2,0,2,,Y,,Y,Y,Y,Y,Y,Y,15,Y,163,Y,,Y,Y,0,12,N1,20,3,3,2,2,12,,3,14,,3,3,3,3,54,21,22,13,3,2,,,493,,,Y,Y,A1100055,26,,4,8,5,,,21,23,,7,,,,,,,0,10,,,,,,,,,,,,,,,,,,,,,,,,,,,,,,,,,,
2026-09-22 19:59:11,서울특별시,A1100054,성애의료재단성애병원,20260922195319,02-840-7114,Y,Y,,,,1,3,,,,Y,,Y,Y,Y,Y,Y,Y,12,N1,69,N1,5,Y,Y,4,5,N1,15,,1,4,,4,19,,5,,2,2,2,1,8,5,14,2,,,,,252,,,Y,Y,A1100054,27,,,,0,,,,,,1,,,,,,,,,,,,,,,,,,,,,,,,,,,,,,,,,,,,,,,,,,
2026-09-22 19:59:11,서울특별시,A1100004,순천향대학교부속서울병원,20260922195424,02-709-9114,Y,Y,,,3,1,2,1,2,2,Y,,Y,Y,Y,Y,Y,Y,6,Y,157,Y,6,Y,Y,-1,11,N1,20,4,1,2,2,13,43,3,14,4,7,3,3,4,51,8,17,14,5,3,,,597,,,Y,Y,A1100004,28,,,,0,8,,,,,10,21,,,,,,,,,,,,,0,0,,,,,,,,,,,,,,0,0,,,0,0,,,,,,,,
2026-09-22 19:59:11,서울특별시,A1121013,가톨릭대학교은평성모병원,20260922195509,02-1811-7755,Y,Y,,,7,2,2,,,2,Y,,Y,Y,Y,Y,Y,Y,9,Y,195,Y,,Y,Y,5,19,N1,24,8,2,2,,19,,,19,5,1,4,3,5,46,19,22,10,5,20,,,651,,,Y,Y,A1121013,29,,1,4,0,,,16,9,,4,,,,,,,2,12,2,13,,,,,,,,,,,,,,,,,,,,,,,,,,,,,,,,
2026-09-22 19:59:11,서울특별시,A1100006,강북삼성병원,20260922195516,02-2001-2001,Y,Y,,,0,1,0,,,2,Y,,Y,Y,Y,Y,Y,Y,2,Y,40,Y,6,Y,Y,1,12,N1,15,2,1,2,,14,24,,16,3,1,5,4,6,54,13,14,8,4,3,,,569,,,Y,Y,A1100006,30,,,0,2,7,,,4,,5,18,,,,,,,,2,12,,,,,,,,,,0,,,,8,,,,,,,,,,,,,,,,,,
2026-09-22 19:59:11,서울특별시,A1100052,국립중앙의료원,20260922195505,02-2260-7114,N,Y,,0,3,2,3,0,0,3,Y,,Y,Y,Y,Y,Y,Y,11,Y,0,Y,2,Y,Y,,6,N1,15,3,2,3,6,,13,0,7,7,1,1,1,2,56,1,3,5,5,2,,,202,,0,Y,N,A1100052,31,,,0,2,,3,,0,20,2,,,,,,,,,,,,,0,,0,,,,,,,,,,,,,0,,0,,,4,5,2,6,2,6,8,2,50,2
2026-09-22 19:59:11,서울특별시,A1100036,부민병원,20260922195132,1577-7582,,Y,,,,1,,,,0,Y,,Y,Y,Y,Y,Y,Y,9,Y,48,N1,1,Y,Y,,8,N1,10,,1,,,,14,,8,3,1,3,3,1,22,,1,2,1,,,,282,,,Y,N1,A1100036,32,,,,0,,,,,,1,,,,,,,,,,,,,,,,,,,,,,,,,,,,,,,,,,,,,,,,,,
2026-09-22 19:59:11,서울특별시,A1100051,혜민병원,20260922195134,02-2049-9000,,,,,,1,,,,,,,Y,,Y,N1,Y,Y,6,N1,31,N1,11,N1,Y,,5,N1,9,,1,,,,19,,5,,,2,2,,16,,,2,,,,,205,,,Y,N1,A1100051,33,,,,,,,,,,,,,,,,,,,,,,,,,,,,,,,,,,,,,,,,,,,,,,,,,,,,
2026-09-22 19:59:11,서울특별시,A1100026,구로성심병원,20260922195413,02-2067-1500,,,,,,,1,,,,,,Y,,Y,N1,N1,Y,6,N1,47,N1,0,N1,Y,,3,N1,9,,,1,,,11,,3,,,1,1,,5,,,,,,,,191,,,Y,N1,A1100026,34,,,,,,,,,,,,,,,,,,,,,,,,,,,,,,,,,,,,,,,,,,,,,,,,,,,,
2026-09-22 19:59:11,서울특별시,A1100049,희명병원,20260922195235,02-804-0002,,,,,,,1,,,,,,Y,,Y,N1,Y,Y,7,Y,120,N1,2,N1,Y,,4,N1,10,,,1,,,19,,4,,,1,1,,9,,,1,1,,,,228,,,Y,N1,A1100049,35,,,,,,,,,,,,,,,,,,,,,,,,,,,,,,,,,,,,,,,,,,,,,,,,,,,,
2026-09-22 19:59:11,서울특별시,A1100027,한국원자력의학원원자력병원,20260922195134,02-970-2114,,Y,,,,1,1,,,1,Y,,Y,Y,Y,Y,Y,Y,8,N1,222,N1,6,Y,Y,,10,N1,9,,1,1,,,10,,10,1,1,4,2,1,16,,2,1,,,,,444,,,Y,N1,A1100027,36,,,,1,,,,,,1,,,,,,,,,,,,,,,,,,,,,,,,,,,,,,,,,1,1,,,,,,,,
2026-09-22 19:59:11,서울특별시,A1100022,서울특별시동부병원,20260922195520,02-920-9114,,Y,,,,1,1,,,,Y,,Y,,Y,N1,Y,Y,6,N1,30,N1,3,Y,Y,,3,N1,8,,1,1,,,8,,3,,1,1,1,,7,,1,1,,,,,195,,,Y,N1,A1100022,37,,,,1,,,,,,1,,,,,,,,,,,,,,,,,,,,,,,,,,,,,,,,,,,,,,,,,,
2026-09-22 19:59:11,서울특별시,A1100050,서울성심병원,20260922195312,02-966-1616,,,,,,1,2,,,,,,Y,,Y,N1,N1,Y,15,N1,87,N1,6,N1,Y,,6,N1,17,,1,2,,,10,,6,,,1,1,,11,,,,,,,,208,,,Y,N1,A1100050,38,,,,,,,,,,,,,,,,,,,,,,,,,,,,,,,,,,,,,,,,,,,,,,,,,,,,
2026-09-22 19:59:11,서울특별시,A1100025,의료법인동신의료재단동신병원,20260922195410,02-396-9161,,,,,,,1,,,,,,Y,,Y,N1,N1,Y,8,N1,55,N1,2,N1,Y,,3,N1,9,,,1,,,9,,3,,,1,1,,7,,,,,,,,196,,,Y,N1,A1100025,39,,,,,,,,,,,,,,,,,,,,,,,,,,,,,,,,,,,,,,,,,,,,,,,,,,,,
2026-09-22 19:59:11,서울특별시,A1122033,기쁨병원,20260922195505,02-570-1234,,,,,,,1,,,,,,Y,Y,Y,Y,N1,Y,3,N1,44,N1,,N1,Y,,7,N1,4,,,1,,,,,8,,,1,1,1,1,,,,,,,,110,,,Y,N1,A1122033,40,,,,,,,,,,,,,,,,,,,,,,,,,,,,,,,,,,,,,,,,,,,,,,,,,,,,
2026-09-22 19:59:11,서울특별시,A1100039,경찰병원,20260922195502,02-3400-1114,,,,,,1,,,,2,,,Y,,Y,N1,Y,Y,2,N1,135,N1,13,N1,Y,,7,N1,3,,1,,,,14,,7,2,,2,3,,10,,,2,,,,,187,,,Y,N1,A1100039,41,,,,2,,,,,,2,,,,,,,,,,,,,,,,,,,,,,,,,,,,,,,,,1,1,,,,,,,,
2026-09-22 19:59:11,서울특별시,A1100019,홍익병원,20260922195441,02-2693-5555,,,,,,,0,,,0,,,Y,Y,Y,Y,N,Y,7,N1,77,N1,4,N1,Y,,4,N1,9,,,1,,,14,,4,1,,4,2,2,7,,,1,,,,,251,,,Y,N1,A1100019,42,,,,1,,,,,,1,,,,,,,,,,,,,,,,,,,,,,,,,,,,,,,,,,,,,,,,,,
2026-09-22 19:59:11,서울특별시,A1100223,서울특별시서남병원,20260922195000,1566-6688,,,,0,,1,1,2,2,4,,,Y,,Y,N1,Y,Y,17,Y,55,Y,11,N1,Y,,4,N1,17,,1,2,2,,17,3,4,4,,2,1,,16,,,1,1,1,,,275,,0,Y,N1,A1100223,43,,,,0,,,,,,1,,,,,,,,,,,,,,,,,,,,,,,,,,,,,,,,,,,,,,,,,,
2026-09-22 19:59:11,서울특별시,A1100024,명지성모병원,20260922195609,02-1899-1475,,,,,,1,1,,,,,,Y,Y,Y,Y,N1,Y,8,N1,98,N1,1,N1,Y,,3,N1,8,,1,1,,,12,,3,,,1,3,2,7,,,,,,,,212,,,Y,N1,A1100024,44,,,,1,,,,,,1,,,,,,,,,,,,,,,,,,,,,,,,,,,,,,,,,,,,,,,,,,
2026-09-22 19:59:11,서울특별시,A1100037,대림성모병원,20260922195134,02-829-9000,,,,,,,1,,,,,,Y,,Y,N1,N1,Y,7,N1,30,N1,,N1,Y,,4,N1,8,,,2,,,,,4,,,1,2,,1,,,,,,,,114,,,Y,N1,A1100037,45,,,,,,,,,,,,,,,,,,,,,,,,,,,,,,,,,,,,,,,,,,,,,,,,,,,,
2026-09-22 19:59:11,서울특별시,A1100045,씨엠병원,20260922194500,02-2678-0001,,,,,,,1,,,,,,Y,,Y,N1,N1,Y,9,N1,33,N1,,N1,Y,,4,N1,9,,,1,,,,,5,,,2,2,,6,,,,,,,,110,,,Y,N1,A1100045,46,,,,,,,,,,,,,,,,,,,,,,,,,,,,,,,,,,,,,,,,,,,,,,,,,,,,
2026-09-22 19:59:11,서울특별시,A1100023,의료법인청구성심병원,20260922195405,02-350-3300,,,,,,,1,,,,,,Y,,Y,N1,N1,Y,9,N1,31,N1,2,N1,Y,,3,N1,10,,,1,,,6,,3,,,1,1,,4,,,,,,,,196,,,Y,N1,A1100023,47,,,,,,,,,,,,,,,,,,,,,,,,,,,,,,,,,,,,,,,,,,,,,,,,,,,,
2026-09-22 19:59:11,서울특별시,A1100029,서울적십자병원,20260922195508,02-2002-8000,,,,,,0,,,,,,,Y,,Y,N1,Y,Y,9,N1,99,N1,6,N1,Y,,6,N1,10,,1,,,,12,,6,,,1,1,,11,,,2,,,,,260,,,Y,N1,A1100029,48,,,,,,,,,,,,,,,,,,,,,,,,,,,,,,,,,,,,,,,,,,,,,,,,,,,,
2026-09-22 19:59:11,서울특별시,A1100032,세란병원,20260922195531,02-737-0181,,,,,,,1,,,,,,Y,,Y,N1,N1,Y,7,N1,44,N1,,N1,Y,,13,N1,10,,,1,,,,,13,,,3,5,,3,,,,,,,,205,,,Y,N1,A1100032,49,,,,,,,,,,,,,,,,,,,,,,,,,,,,,,,,,,,,,,,,,,,,,,,,,,,,
2026-09-22 19:59:11,서울특별시,A1100075,의료법인풍산의료재단동부제일병원,20260922195026,02-437-5011,,,,,,,1,,,,,,Y,,Y,N1,N1,Y,5,N1,45,N1,,N1,N,,2,N1,7,,,1,,,,,2,,,1,1,,3,,,,,,,,124,,,Y,N1,A1100075,50,,,,,,,,,,,,,,,,,,,,,,,,,,,,,,,,,,,,,,,,,,,,,,,,,,,,
2026-09-22 19:59:11,서울특별시,A1100044,녹색병원,20260922195507,02-490-2000,,,,,,1,4,,,0,N,,Y,,Y,N1,Y,Y,0,N1,101,N1,5,N1,Y,,3,N1,5,,1,4,,,17,,3,3,1,2,1,,22,,,1,,,,,293,,,Y,N1,A1100044,51,,,,3,,,,,,3,,,,,,,,,,,,,,,,,,,,,,,,,,,,,,,,,,,,,,,,,,
2026-09-22 20:29:12,서울특별시,A1100043,강동경희대학교병원,20260922202517,02-440-7114,Y,Y,1,2,3,2,3,3,4,0,Y,N,Y,Y,Y,Y,Y,Y,9,Y,142,Y,1,Y,Y,7,16,N,15,3,2,3,19,17,27,30,17,1,8,2,2,3,32,9,13,4,1,1,0,0,625,3,2,Y,Y,A1100043,1,,,,,,,,,,,,,,,,,,,,,,,,,,,,,,,,,,,,,,,,,,,,,,,,,,,,
2026-09-22 20:29:12,서울특별시,A1100014,고려대학교의과대학부속구로병원,20260922202531,02-2626-1114,Y,Y,,,1,,,2,9,3,Y,,Y,Y,Y,Y,Y,Y,0,Y,39,Y,11,Y,Y,-1,20,N1,29,3,,,20,23,35,30,24,4,2,6,6,4,98,11,35,15,10,3,,,778,,,Y,Y,A1100014,2,5,1,2,0,5,1,20,4,6,10,18,5,,,,,,,,,,,,,,,,,,,,,,,,,,,,,,,,,,,,,,,,
2026-09-22 20:29:12,서울특별시,A1100013,한양대학교병원,20260922202300,02-2290-8114,Y,Y,0,,1,,,2,6,0,Y,,Y,Y,Y,Y,Y,Y,8,Y,148,Y,0,Y,Y,-1,15,Y,20,3,,,22,14,0,30,16,2,1,3,2,3,69,10,23,13,6,3,,1,670,2,,Y,Y,A1100013,3,4,3,,1,1,,12,,,2,16,4,2,0,8,5,,,,,,,,,,,,,,,,,,,,,,,,,,,,,,,,,,,,
2026-09-22 20:29:12,서울특별시,A1100008,학교법인고려중앙학원고려대학교의과대학부속병원(안암병원),20260922202208,1577-0083,Y,Y,0,,2,,,2,10,0,Y,,Y,Y,Y,Y,Y,Y,15,Y,123,Y,,Y,Y,-3,22,Y,30,4,,,15,17,,31,25,3,4,7,6,8,84,14,20,11,8,7,,1,777,6,,Y,Y,A1100008,4,1,3,6,2,2,,16,19,,6,10,2,6,,7,,1,9,,,,,,,,,,,,,,,,,,,,,,,,,,,,,,,,,,
2026-09-22 20:29:12,서울특별시,A1100005,이화여자대학교의과대학부속목동병원,20260922202045,02-2650-5114,Y,Y,1,,7,2,4,8,6,3,Y,,Y,Y,Y,Y,Y,Y,2,Y,37,Y,,Y,Y,12,12,Y,19,8,2,4,19,28,,32,13,9,2,4,4,4,58,10,34,9,3,5,,1,526,1,,Y,Y,A1100005,5,,0,6,0,2,,10,13,,4,10,,,0,,1,,,4,14,,,,,,,,,,,,,,,,,,,,,,,,,,,,,,,,
2026-09-22 20:29:12,서울특별시,A1100017,서울대학교병원,20260922202437,02-1588-5700,Y,Y,0,,3,2,2,4,15,4,Y,Y,Y,Y,Y,Y,Y,Y,-4,Y,124,Y,,Y,Y,6,50,N1,24,10,2,4,17,40,,30,53,7,4,13,13,14,160,19,46,22,9,3,1,,1365,2,,Y,Y,A1100017,6,,3,8,8,7,,10,18,,28,41,,,0,,1,2,6,0,5,1,1,0,0,0,7,2,6,3,7,22,2,10,10,6,1,1,0,0,8,,,,,,,,,,,,
2026-09-22 20:29:12,서울특별시,A1100035,서울특별시서울의료원,20260922202500,02-2276-7000,Y,Y,1,,3,2,3,5,14,2,Y,Y,Y,Y,Y,Y,Y,Y,3,Y,157,Y,1,Y,Y,1,10,Y,19,3,2,3,14,3,5,28,10,3,4,5,3,5,65,5,12,7,2,4,1,2,461,2,,Y,Y,A1100035,7,,2,,,14,,7,,,,30,,,2,,4,,,0,6,,,,,,,,,,,,,,,,,,,,,1,2,,,,,,,,,,
2026-09-22 20:29:12,서울특별시,A1100015,연세대학교의과대학강남세브란스병원,20260922202459,02-2019-3114,Y,Y,,,1,1,0,,,5,Y,,Y,Y,Y,Y,Y,Y,-1,Y,135,Y,13,Y,Y,0,23,N1,21,2,1,2,,28,29,,23,5,1,4,3,6,47,10,23,6,3,5,,,691,,,Y,Y,A1100015,8,,,,,,,,,,,,,,,,,3,8,1,12,,,,,,,,,,,,,,,,,,,,,,,,,,,,,,,,
2026-09-22 20:29:12,서울특별시,A1100010,삼성서울병원,20260922202453,02-3410-2114,Y,Y,,,4,2,1,,,0,Y,,Y,Y,Y,Y,Y,Y,-24,Y,130,Y,,Y,Y,3,37,N1,52,4,2,2,,59,,,46,8,6,19,16,15,117,22,43,21,11,2,,,1528,,,Y,Y,A1100010,9,,9,13,,6,,28,23,,,27,,,,,,1,12,0,12,,,,,,6,,,,15,14,,,36,,,,,,,,,,,,,,,,,,
2026-09-22 20:29:12,서울특별시,A1100028,성심의료재단강동성심병원,20260922202047,02-2224-2114,Y,Y,,,,1,3,,,0,Y,,Y,Y,Y,Y,Y,Y,8,Y,158,Y,1,Y,Y,1,11,N1,15,,1,6,,3,19,,13,2,1,4,2,5,35,3,3,8,3,1,,,566,,,Y,Y,A1100028,10,,2,,1,,,18,,,5,,,,,,,,,,,,,,,,,,,,,,,,,,,,,,,,,2,2,,,,,,,,
2026-09-22 20:29:12,서울특별시,A1100053,한국보훈복지의료공단 중앙보훈병원,20260922202059,02-2225-1111,,,,,,1,2,2,0,2,N,,Y,Y,Y,Y,Y,Y,9,Y,229,N1,,N1,Y,,13,N1,22,,1,2,2,,,3,13,7,1,3,4,4,38,,,10,1,,,,820,,,Y,N1,A1100053,11,,4,5,1,35,,14,14,,1,60,,,,,,3,10,1,13,,,,,,,,,,,,,,,,,,,,,,,,,,,,,,,,
2026-09-22 20:29:12,서울특별시,A1120796,이화여자대학교의과대학부속서울병원,20260922202053,1522-7000,Y,Y,,,7,2,6,,,0,Y,,Y,Y,Y,Y,Y,Y,-10,Y,130,Y,0,Y,Y,5,18,N1,14,9,2,6,,24,11,,19,4,2,5,5,8,71,9,22,12,4,5,,,736,,,Y,Y,A1120796,12,,0,6,1,,,10,17,,7,,,,,,,4,11,4,17,,,,,,,,,,4,,,,19,,,,,,,,,,,,,,,,,,
2026-09-22 20:29:12,서울특별시,A1100041,의료법인서울효천의료재단에이치플러스양지병원,20260922202510,02-1877-8875,,,,,,0,2,,,0,,,Y,Y,Y,Y,Y,Y,8,Y,12,Y,6,N1,Y,,6,N1,18,,1,2,,,27,,7,3,,2,3,3,23,,,5,1,1,,,293,,,Y,N1,A1100041,13,,,,0,,,,,,1,,,,,,,,,,,,,,,,,,,,,,,,,,,,,,,,,,,,,,,,,,
2026-09-22 20:29:12,서울특별시,A1100002,건국대학교병원,20260922202306,1588-1533,Y,Y,,,4,1,2,,,3,Y,,Y,Y,Y,Y,Y,Y,3,Y,127,Y,,Y,Y,-1,21,N1,20,4,1,2,,16,,,21,3,2,4,4,5,45,7,18,7,3,14,,,678,,,Y,Y,A1100002,14,,9,10,1,7,,24,25,,1,14,,,,,,,,,,,,,,,,,,,,,,,,,,,,,,,,,,,,,,,,,
2026-09-22 20:29:12,서울특별시,A1100016,인제대학교상계백병원,20260922202127,02-950-1114,Y,Y,,,,1,1,,,0,Y,,Y,Y,Y,Y,Y,Y,2,Y,57,Y,,Y,Y,0,13,N1,16,,1,2,,15,,,13,2,2,3,2,3,36,10,25,10,3,1,,,390,,,Y,Y,A1100016,15,,0,0,2,4,,19,18,,4,5,,,,,,,,,,,,,,,,,,,,,,,,,,,,,,,,0,4,,,,,,,,
2026-09-22 20:29:12,서울특별시,A1100048,노원을지대학교병원,20260922202102,02-970-8000,Y,Y,,,,1,4,,,0,Y,,Y,Y,Y,Y,Y,Y,13,Y,210,N1,,Y,Y,1,11,N1,17,,1,4,,10,,,11,1,3,2,2,2,26,8,19,3,1,,,,479,,,Y,Y,A1100048,16,,3,6,1,5,,16,16,,2,21,,,,,,,,,,,,,,,,,,,,,,,,,,,,,,,,,,0,0,0,0,,,,
2026-09-22 20:29:12,서울특별시,A1100020,의료법인한전의료재단 한일병원,20260922202503,02-901-3114,N,N,,,2,2,1,1,2,2,,Y,Y,Y,Y,Y,Y,Y,12,N1,71,Y,7,N,Y,,8,Y,21,2,2,2,2,,21,3,8,5,,2,1,2,25,1,4,2,,4,2,2,389,,,Y,N,A1100020,17,,,,0,,,,,,1,,,,,,,,,,,,,,,,,,,,,,,,,,,,,,,,,,,,,,,,,,
2026-09-22 20:29:12,서울특별시,A1100001,경희대학교병원,20260922202442,02-958-8114,Y,Y,,,1,2,2,,,8,Y,,Y,Y,Y,Y,Y,Y,5,Y,166,Y,37,Y,Y,0,15,N1,15,3,2,3,,18,73,,16,10,3,3,3,5,48,6,12,8,3,2,,,653,,,Y,Y,A1100001,18,,,,,7,,,,,,20,,,,,,,,6,15,,,,,,,,,,,,,,,,,,,,,,,,,,,,,,,,
2026-09-22 20:29:12,서울특별시,A1100021,삼육서울병원,20260922202347,02-2244-0191,,N,,,,1,2,1,1,3,Y,,Y,Y,Y,Y,Y,Y,11,Y,107,Y,5,N,Y,4,5,Y,13,,1,2,2,4,15,3,5,4,2,1,1,2,20,,4,5,2,1,,1,389,,,Y,N1,A1100021,19,,,,1,,,,,,1,,,,,,,,,,,,,,,,,,,,,,,,,,,,,,,,,2,4,,,,,,,,
2026-09-22 20:29:12,서울특별시,A1100040,서울특별시보라매병원,20260922202500,02-870-2114,Y,Y,,,3,1,0,,,3,Y,,Y,Y,Y,Y,Y,Y,15,Y,180,Y,,Y,Y,0,13,N1,31,3,2,1,,14,,,14,3,4,6,3,5,48,14,13,5,9,2,,,695,,,Y,Y,A1100040,20,,4,11,1,1,,15,16,,4,14,,,,,,3,4,,,,,,,,,,,,,,,,,,,,,,,,,,,,,,,,,,
2026-09-22 20:29:12,서울특별시,A1100003,중앙대학교병원,20260922202508,1800-1114,Y,Y,1,,3,2,3,4,,0,Y,,Y,Y,Y,Y,Y,Y,5,Y,152,Y,,Y,Y,0,15,N1,22,4,2,3,12,25,,,16,2,2,4,3,4,51,9,21,13,6,12,,,629,1,,Y,Y,A1100003,21,0,7,0,3,2,,12,17,,11,2,0,0,,0,,,,,,,,,,1,,,,,,,,,,,,,,,4,,,,,,,,,,,,
2026-09-22 20:29:12,서울특별시,A1100007,연세대학교의과대학세브란스병원,20260922202358,02-2228-0114,Y,Y,,,4,1,3,,,6,Y,Y,Y,Y,Y,Y,Y,Y,6,Y,309,Y,3,Y,Y,14,3,N1,39,8,1,3,,52,18,,8,30,8,16,16,17,206,55,61,21,16,21,1,,1872,,,Y,Y,A1100007,22,,17,7,1,2,,29,24,,5,20,,,,,,6,23,3,29,1,1,,,,1,0,4,4,4,22,2,10,17,6,1,1,,,,,,,,,,,,,,,
2026-09-22 20:29:12,서울특별시,A1100012,학교법인가톨릭학원가톨릭대학교서울성모병원,20260922202511,0215881511,Y,Y,,,3,,,2,3,2,Y,,Y,Y,Y,Y,Y,Y,-6,Y,114,Y,1,Y,Y,8,31,N1,28,7,,,2,50,5,6,32,10,2,9,10,8,80,40,39,11,9,4,,,1053,,,Y,Y,A1100012,23,1,6,16,11,14,,22,20,,18,35,1,1,,5,,6,10,2,19,1,0,,,,1,1,0,,3,3,2,,8,6,1,1,,,,,,,,,,,,,,,
2026-09-22 20:29:12,서울특별시,A1100009,재단법인아산사회복지재단서울아산병원,20260922202515,02-3010-3114,Y,Y,1,,4,1,1,0,3,3,Y,,Y,Y,Y,Y,Y,Y,-4,Y,203,Y,1,Y,Y,22,69,Y,36,11,1,22,2,61,12,4,74,8,8,21,15,17,190,33,49,30,14,5,,1,2104,1,,Y,Y,A1100009,24,,2,7,19,12,,24,37,,47,28,,,1,,6,2,12,5,12,2,0,,,,3,1,0,2,2,26,2,13,12,6,2,1,,,,,,,,,,,,,,,
2026-09-22 20:29:12,서울특별시,A1100011,가톨릭대학교여의도성모병원,20260922202510,02-1661-7575,,,,,,1,2,2,,0,Y,,Y,Y,Y,Y,Y,Y,5,Y,34,Y,,N1,Y,,13,N1,15,,1,4,2,,,,13,1,2,2,2,2,23,,,5,1,2,,,330,,,Y,N1,A1100011,25,,-2,2,1,,,10,8,,1,,,,,,,,,2,9,,,,,,,,,,,,,,,,,,,,,,,,,,,,,,,,
2026-09-22 20:29:12,서울특별시,A1100055,한림대학교강남성심병원,20260922202103,02-829-5114,Y,Y,,,3,3,1,0,2,,Y,,Y,Y,Y,Y,Y,Y,14,Y,163,Y,,Y,Y,0,12,N1,20,3,3,2,2,12,,3,14,,3,3,3,3,54,21,22,13,3,2,,,493,,,Y,Y,A1100055,26,,4,8,5,,,21,23,,7,,,,,,,0,10,,,,,,,,,,,,,,,,,,,,,,,,,,,,,,,,,,
2026-09-22 20:29:12,서울특별시,A1100054,성애의료재단성애병원,20260922202319,02-840-7114,Y,Y,,,,1,2,,,,Y,,Y,Y,Y,Y,Y,Y,8,N1,69,N1,5,Y,Y,4,5,N1,15,,1,4,,4,19,,5,,2,2,2,1,8,5,14,2,,,,,252,,,Y,Y,A1100054,27,,,,0,,,,,,1,,,,,,,,,,,,,,,,,,,,,,,,,,,,,,,,,,,,,,,,,,
2026-09-22 20:29:12,서울특별시,A1100004,순천향대학교부속서울병원,20260922202424,02-709-9114,Y,Y,,,2,1,2,1,2,2,Y,,Y,Y,Y,Y,Y,Y,6,Y,158,Y,5,Y,Y,-1,13,N1,20,4,1,2,2,13,43,3,14,4,7,3,3,4,51,8,17,14,5,3,,,597,,,Y,Y,A1100004,28,,,,0,8,,,,,10,21,,,,,,,,,,,,,0,0,,,,,,,,,,,,,,0,0,,,0,0,,,,,,,,
2026-09-22 20:29:12,서울특별시,A1121013,가톨릭대학교은평성모병원,20260922202509,02-1811-7755,Y,Y,,,4,2,2,,,2,Y,,Y,Y,Y,Y,Y,Y,10,Y,194,Y,,Y,Y,5,19,N1,24,8,2,2,,19,,,19,5,1,4,3,5,46,19,22,10,5,20,,,651,,,Y,Y,A1121013,29,,1,4,0,,,16,9,,4,,,,,,,2,12,2,13,,,,,,,,,,,,,,,,,,,,,,,,,,,,,,,,
2026-09-22 20:29:12,서울특별시,A1100006,강북삼성병원,20260922202535,02-2001-2001,Y,Y,,,0,1,0,,,2,Y,,Y,Y,Y,Y,Y,Y,-1,Y,40,Y,6,Y,Y,1,13,N1,15,2,1,2,,14,24,,16,3,1,5,4,6,54,13,14,8,4,3,,,569,,,Y,Y,A1100006,30,,,0,2,7,,,4,,5,18,,,,,,,,2,12,,,,,,,,,,0,,,,8,,,,,,,,,,,,,,,,,,
2026-09-22 20:29:12,서울특별시,A1100052,국립중앙의료원,20260922202505,02-2260-7114,N,Y,,0,3,2,3,0,0,3,Y,,Y,Y,Y,Y,Y,Y,12,Y,0,Y,2,Y,Y,,6,N1,15,3,2,3,6,,13,0,7,7,1,1,1,2,56,1,3,5,5,2,,,202,,0,Y,N,A1100052,31,,,0,2,,3,,0,20,2,,,,,,,,,,,,,0,,0,,,,,,,,,,,,,0,,0,,,4,5,2,6,2,6,8,2,50,2
2026-09-22 20:29:12,서울특별시,A1100036,부민병원,20260922202152,1577-7582,,Y,,,,1,,,,0,Y,,Y,Y,Y,Y,Y,Y,10,Y,48,N1,1,Y,Y,,8,N1,10,,1,,,,14,,8,3,1,3,3,1,22,,1,2,1,,,,282,,,Y,N1,A1100036,32,,,,0,,,,,,1,,,,,,,,,,,,,,,,,,,,,,,,,,,,,,,,,,,,,,,,,,
2026-09-22 20:29:12,서울특별시,A1100051,혜민병원,20260922202144,02-2049-9000,,,,,,1,,,,,,,Y,,Y,N1,Y,Y,7,N1,30,N1,11,N1,Y,,5,N1,9,,1,,,,19,,5,,,2,2,,16,,,2,,,,,205,,,Y,N1,A1100051,33,,,,,,,,,,,,,,,,,,,,,,,,,,,,,,,,,,,,,,,,,,,,,,,,,,,,
2026-09-22 20:29:12,서울특별시,A1100026,구로성심병원,20260922202431,02-2067-1500,,,,,,,1,,,,,,Y,,Y,N1,N1,Y,3,N1,48,N1,0,N1,Y,,3,N1,9,,,1,,,11,,3,,,1,1,,5,,,,,,,,191,,,Y,N1,A1100026,34,,,,,,,,,,,,,,,,,,,,,,,,,,,,,,,,,,,,,,,,,,,,,,,,,,,,
2026-09-22 20:29:12,서울특별시,A1100049,희명병원,20260922202254,02-804-0002,,,,,,,1,,,,,,Y,,Y,N1,Y,Y,5,Y,120,N1,2,N1,Y,,4,N1,10,,,1,,,19,,4,,,1,1,,9,,,1,1,,,,228,,,Y,N1,A1100049,35,,,,,,,,,,,,,,,,,,,,,,,,,,,,,,,,,,,,,,,,,,,,,,,,,,,,
2026-09-22 20:29:12,서울특별시,A1100027,한국원자력의학원원자력병원,20260922202137,02-970-2114,,Y,,,,1,1,,,1,Y,,Y,Y,Y,Y,Y,Y,8,N1,222,N1,6,Y,Y,,10,N1,9,,1,1,,,10,,10,1,1,4,2,1,16,,2,1,,,,,444,,,Y,N1,A1100027,36,,,,1,,,,,,1,,,,,,,,,,,,,,,,,,,,,,,,,,,,,,,,,1,1,,,,,,,,
2026-09-22 20:29:12,서울특별시,A1100022,서울특별시동부병원,20260922202520,02-920-9114,,Y,,,,1,1,,,,Y,,Y,,Y,N1,Y,Y,7,N1,29,N1,3,Y,Y,,3,N1,8,,1,1,,,8,,3,,1,1,1,,7,,1,1,,,,,195,,,Y,N1,A1100022,37,,,,1,,,,,,1,,,,,,,,,,,,,,,,,,,,,,,,,,,,,,,,,,,,,,,,,,
2026-09-22 20:29:12,서울특별시,A1100050,서울성심병원,20260922202335,02-966-1616,,,,,,1,2,,,,,,Y,,Y,N1,N1,Y,14,N1,87,N1,6,N1,Y,,6,N1,17,,1,2,,,10,,6,,,1,1,,11,,,,,,,,208,,,Y,N1,A1100050,38,,,,,,,,,,,,,,,,,,,,,,,,,,,,,,,,,,,,,,,,,,,,,,,,,,,,
2026-09-22 20:29:12,서울특별시,A1100025,의료법인동신의료재단동신병원,20260922202425,02-396-9161,,,,,,,1,,,,,,Y,,Y,N1,N1,Y,9,N1,55,N1,2,N1,Y,,3,N1,9,,,1,,,9,,3,,,1,1,,7,,,,,,,,196,,,Y,N1,A1100025,39,,,,,,,,,,,,,,,,,,,,,,,,,,,,,,,,,,,,,,,,,,,,,,,,,,,,
2026-09-22 20:29:12,서울특별시,A1122033,기쁨병원,20260922202525,02-570-1234,,,,,,,1,,,,,,Y,Y,Y,Y,N1,Y,2,N1,42,N1,,N1,Y,,7,N1,4,,,1,,,,,8,,,1,1,1,1,,,,,,,,110,,,Y,N1,A1122033,40,,,,,,,,,,,,,,,,,,,,,,,,,,,,,,,,,,,,,,,,,,,,,,,,,,,,
2026-09-22 20:29:12,서울특별시,A1100039,경찰병원,20260922202502,02-3400-1114,,,,,,1,,,,2,,,Y,,Y,N1,Y,Y,2,N1,135,N1,13,N1,Y,,7,N1,3,,1,,,,14,,7,2,,2,3,,10,,,2,,,,,187,,,Y,N1,A1100039,41,,,,2,,,,,,2,,,,,,,,,,,,,,,,,,,,,,,,,,,,,,,,,0,1,,,,,,,,
2026-09-22 20:29:12,서울특별시,A1100019,홍익병원,20260922202446,02-2693-5555,,,,,,,0,,,0,,,Y,Y,Y,Y,N,Y,7,N1,77,N1,4,N1,Y,,4,N1,9,,,1,,,14,,4,1,,4,2,2,7,,,1,,,,,251,,,Y,N1,A1100019,42,,,,1,,,,,,1,,,,,,,,,,,,,,,,,,,,,,,,,,,,,,,,,,,,,,,,,,
2026-09-22 20:29:12,서울특별시,A1100223,서울특별시서남병원,20260922202000,1566-6688,,,,0,,1,2,2,2,4,,,Y,,Y,N1,Y,Y,17,Y,55,Y,11,N1,Y,,4,N1,17,,1,2,2,,17,3,4,4,,2,1,,16,,,1,1,1,,,275,,0,Y,N1,A1100223,43,,,,0,,,,,,1,,,,,,,,,,,,,,,,,,,,,,,,,,,,,,,,,,,,,,,,,,
2026-09-22 20:29:12,서울특별시,A1100024,명지성모병원,20260922202611,02-1899-1475,,,,,,1,1,,,,,,Y,Y,Y,Y,N1,Y,7,N1,98,N1,1,N1,Y,,3,N1,8,,1,1,,,12,,3,,,1,3,2,7,,,,,,,,212,,,Y,N1,A1100024,44,,,,1,,,,,,1,,,,,,,,,,,,,,,,,,,,,,,,,,,,,,,,,,,,,,,,,,
2026-09-22 20:29:12,서울특별시,A1100037,대림성모병원,20260922202144,02-829-9000,,,,,,,1,,,,,,Y,,Y,N1,N1,Y,7,N1,29,N1,,N1,Y,,4,N1,8,,,2,,,,,4,,,1,2,,1,,,,,,,,114,,,Y,N1,A1100037,45,,,,,,,,,,,,,,,,,,,,,,,,,,,,,,,,,,,,,,,,,,,,,,,,,,,,
2026-09-22 20:29:12,서울특별시,A1100045,씨엠병원,20260922201500,02-2678-0001,,,,,,,1,,,,,,Y,,Y,N1,N1,Y,8,N1,31,N1,,N1,Y,,4,N1,9,,,1,,,,,5,,,2,2,,6,,,,,,,,110,,,Y,N1,A1100045,46,,,,,,,,,,,,,,,,,,,,,,,,,,,,,,,,,,,,,,,,,,,,,,,,,,,,
2026-09-22 20:29:12,서울특별시,A1100023,의료법인청구성심병원,20260922202418,02-350-3300,,,,,,,1,,,,,,Y,,Y,N1,N1,Y,8,N1,31,N1,2,N1,Y,,3,N1,10,,,1,,,6,,3,,,1,1,,4,,,,,,,,196,,,Y,N1,A1100023,47,,,,,,,,,,,,,,,,,,,,,,,,,,,,,,,,,,,,,,,,,,,,,,,,,,,,
2026-09-22 20:29:12,서울특별시,A1100029,서울적십자병원,20260922202428,02-2002-8000,,,,,,1,,,,,,,Y,,Y,N1,Y,Y,9,N1,99,N1,6,N1,Y,,6,N1,10,,1,,,,12,,6,,,1,1,,11,,,2,,,,,260,,,Y,N1,A1100029,48,,,,,,,,,,,,,,,,,,,,,,,,,,,,,,,,,,,,,,,,,,,,,,,,,,,,
2026-09-22 20:29:12,서울특별시,A1100032,세란병원,20260922202532,02-737-0181,,,,,,,1,,,,,,Y,,Y,N1,N1,Y,7,N1,44,N1,,N1,Y,,13,N1,10,,,1,,,,,13,,,3,5,,3,,,,,,,,205,,,Y,N1,A1100032,49,,,,,,,,,,,,,,,,,,,,,,,,,,,,,,,,,,,,,,,,,,,,,,,,,,,,
2026-09-22 20:29:12,서울특별시,A1100075,의료법인풍산의료재단동부제일병원,20260922202030,02-437-5011,,,,,,,1,,,,,,Y,,Y,N1,N1,Y,6,N1,45,N1,,N1,N,,2,N1,7,,,1,,,,,2,,,1,1,,3,,,,,,,,124,,,Y,N1,A1100075,50,,,,,,,,,,,,,,,,,,,,,,,,,,,,,,,,,,,,,,,,,,,,,,,,,,,,
2026-09-22 20:29:12,서울특별시,A1100044,녹색병원,20260922202508,02-490-2000,,,,,,1,4,,,0,N,,Y,,Y,N1,Y,Y,-1,N1,101,N1,5,N1,Y,,3,N1,5,,1,4,,,17,,3,3,1,2,1,,22,,,1,,,,,293,,,Y,N1,A1100044,51,,,,2,,,,,,3,,,,,,,,,,,,,,,,,,,,,,,,,,,,,,,,,,,,,,,,,,
2026-09-22 20:59:14,서울특별시,A1100043,강동경희대학교병원,20260922205516,02-440-7114,Y,Y,1,2,3,2,3,3,3,0,Y,N,Y,Y,Y,Y,Y,Y,9,Y,143,Y,1,Y,Y,7,17,N,15,3,2,3,19,17,27,30,17,1,8,2,2,3,32,9,13,4,1,1,0,0,625,3,2,Y,Y,A1100043,1,,,,,,,,,,,,,,,,,,,,,,,,,,,,,,,,,,,,,,,,,,,,,,,,,,,,
2026-09-22 20:59:14,서울특별시,A1100014,고려대학교의과대학부속구로병원,20260922205129,02-2626-1114,Y,Y,,,2,,,2,8,3,Y,,Y,Y,Y,Y,Y,Y,3,Y,38,Y,11,Y,Y,-1,22,N1,29,3,,,20,23,35,30,24,4,2,6,6,4,98,11,35,15,10,3,,,778,,,Y,Y,A1100014,2,4,1,2,0,5,1,20,4,6,10,18,5,,,,,,,,,,,,,,,,,,,,,,,,,,,,,,,,,,,,,,,,
2026-09-22 20:59:14,서울특별시,A1100013,한양대학교병원,20260922205259,02-2290-8114,Y,Y,0,,1,,,3,5,0,Y,,Y,Y,Y,Y,Y,Y,8,Y,146,Y,0,Y,Y,-1,14,Y,20,3,,,22,14,0,30,16,2,1,3,2,3,69,10,23,13,6,3,,1,670,2,,Y,Y,A1100013,3,4,4,,1,1,,12,,,2,16,4,2,0,8,5,,,,,,,,,,,,,,,,,,,,,,,,,,,,,,,,,,,,
2026-09-22 20:59:14,서울특별시,A1100008,학교법인고려중앙학원고려대학교의과대학부속병원(안암병원),20260922205241,1577-0083,Y,Y,0,,0,,,3,10,0,Y,,Y,Y,Y,Y,Y,Y,12,Y,122,Y,,Y,Y,-3,22,Y,30,4,,,15,17,,31,25,3,4,7,6,8,84,14,20,11,8,7,,1,777,6,,Y,Y,A1100008,4,0,3,5,2,2,,16,19,,6,10,2,6,,7,,2,9,,,,,,,,,,,,,,,,,,,,,,,,,,,,,,,,,,
2026-09-22 20:59:14,서울특별시,A1100005,이화여자대학교의과대학부속목동병원,20260922205045,02-2650-5114,Y,Y,1,,8,2,4,8,6,4,Y,,Y,Y,Y,Y,Y,Y,2,Y,35,Y,,Y,Y,12,12,Y,19,8,2,4,19,28,,32,13,9,2,4,4,4,58,10,34,9,3,5,,1,526,1,,Y,Y,A1100005,5,,0,7,0,2,,10,13,,4,10,,,0,,1,,,4,14,,,,,,,,,,,,,,,,,,,,,,,,,,,,,,,,
2026-09-22 20:59:14,서울특별시,A1100017,서울대학교병원,20260922205437,02-1588-5700,Y,Y,0,,5,2,2,4,15,4,Y,Y,Y,Y,Y,Y,Y,Y,-4,Y,119,Y,,Y,Y,6,50,N1,24,10,2,4,17,40,,30,53,7,4,13,13,14,160,19,46,22,9,3,1,,1365,2,,Y,Y,A1100017,6,,3,8,8,7,,10,18,,28,41,,,0,,1,2,6,0,5,1,1,0,0,0,7,2,6,3,7,22,2,10,10,6,1,1,0,0,8,,,,,,,,,,,,
2026-09-22 20:59:14,서울특별시,A1100035,서울특별시서울의료원,20260922205500,02-2276-7000,Y,Y,1,,3,2,3,4,14,2,Y,Y,Y,Y,Y,Y,Y,Y,8,Y,155,Y,1,Y,Y,1,10,Y,19,3,2,3,14,3,5,28,10,3,4,5,3,5,65,5,12,7,2,4,1,2,461,2,,Y,Y,A1100035,7,,2,,,14,,7,,,,30,,,2,,4,,,0,6,,,,,,,,,,,,,,,,,,,,,1,2,,,,,,,,,,
2026-09-22 20:59:14,서울특별시,A1100015,연세대학교의과대학강남세브란스병원,20260922205459,02-2019-3114,Y,Y,,,1,1,1,,,5,Y,,Y,Y,Y,Y,Y,Y,1,Y,135,Y,13,Y,Y,0,23,N1,21,2,1,2,,28,29,,23,5,1,4,3,6,47,10,23,6,3,5,,,691,,,Y,Y,A1100015,8,,,,,,,,,,,,,,,,,3,8,1,12,,,,,,,,,,,,,,,,,,,,,,,,,,,,,,,,
2026-09-22 20:59:14,서울특별시,A1100010,삼성서울병원,20260922205316,02-3410-2114,Y,Y,,,4,2,1,,,0,Y,,Y,Y,Y,Y,Y,Y,-19,Y,129,Y,,Y,Y,3,41,N1,52,4,2,2,,59,,,46,8,6,19,16,15,117,22,43,21,11,2,,,1528,,,Y,Y,A1100010,9,,9,13,,6,,28,23,,,27,,,,,,1,12,0,12,,,,,,6,,,,15,14,,,36,,,,,,,,,,,,,,,,,,
2026-09-22 20:59:14,서울특별시,A1100028,성심의료재단강동성심병원,20260922205047,02-2224-2114,Y,Y,,,,1,4,,,0,Y,,Y,Y,Y,Y,Y,Y,6,Y,158,Y,1,Y,Y,1,10,N1,15,,1,6,,3,19,,13,2,1,4,2,5,35,3,3,8,3,1,,,566,,,Y,Y,A1100028,10,,2,,1,,,18,,,5,,,,,,,,,,,,,,,,,,,,,,,,,,,,,,,,,2,2,,,,,,,,
2026-09-22 20:59:14,서울특별시,A1100053,한국보훈복지의료공단 중앙보훈병원,20260922205059,02-2225-1111,,,,,,1,2,2,0,2,N,,Y,Y,Y,Y,Y,Y,12,Y,229,N1,,N1,Y,,13,N1,22,,1,2,2,,,3,13,7,1,3,4,4,38,,,10,1,,,,820,,,Y,N1,A1100053,11,,4,5,1,35,,14,14,,1,60,,,,,,3,10,1,13,,,,,,,,,,,,,,,,,,,,,,,,,,,,,,,,
2026-09-22 20:59:14,서울특별시,A1120796,이화여자대학교의과대학부속서울병원,20260922205053,1522-7000,Y,Y,,,8,2,6,,,0,Y,,Y,Y,Y,Y,Y,Y,-9,Y,129,Y,0,Y,Y,5,18,N1,14,9,2,6,,24,11,,19,4,2,5,5,8,71,9,22,12,4,5,,,736,,,Y,Y,A1120796,12,,0,6,1,,,10,17,,7,,,,,,,4,11,4,17,,,,,,,,,,4,,,,19,,,,,,,,,,,,,,,,,,
2026-09-22 20:59:14,서울특별시,A1100041,의료법인서울효천의료재단에이치플러스양지병원,20260922205511,02-1877-8875,,,,,,0,2,,,0,,,Y,Y,Y,Y,Y,Y,7,Y,11,Y,6,N1,Y,,6,N1,18,,1,2,,,27,,7,3,,2,3,3,23,,,5,1,1,,,293,,,Y,N1,A1100041,13,,,,0,,,,,,1,,,,,,,,,,,,,,,,,,,,,,,,,,,,,,,,,,,,,,,,,,
2026-09-22 20:59:14,서울특별시,A1100002,건국대학교병원,20260922205306,1588-1533,Y,Y,,,4,1,2,,,3,Y,,Y,Y,Y,Y,Y,Y,3,Y,127,Y,,Y,Y,-1,21,N1,20,4,1,2,,16,,,21,3,2,4,4,5,45,7,18,7,3,14,,,678,,,Y,Y,A1100002,14,,9,10,1,7,,24,25,,1,14,,,,,,,,,,,,,,,,,,,,,,,,,,,,,,,,,,,,,,,,,
2026-09-22 20:59:14,서울특별시,A1100016,인제대학교상계백병원,20260922205132,02-950-1114,Y,Y,,,,1,1,,,0,Y,,Y,Y,Y,Y,Y,Y,4,Y,55,Y,,Y,Y,0,13,N1,16,,1,2,,15,,,13,2,2,3,2,3,36,10,25,10,3,1,,,390,,,Y,Y,A1100016,15,,0,0,2,4,,19,18,,4,5,,,,,,,,,,,,,,,,,,,,,,,,,,,,,,,,0,4,,,,,,,,
2026-09-22 20:59:14,서울특별시,A1100048,노원을지대학교병원,20260922205102,02-970-8000,Y,Y,,,,1,4,,,0,Y,,Y,Y,Y,Y,Y,Y,14,Y,210,N1,,Y,Y,1,11,N1,17,,1,4,,10,,,11,1,3,2,2,2,26,8,19,3,1,,,,479,,,Y,Y,A1100048,16,,2,6,1,5,,16,16,,2,21,,,,,,,,,,,,,,,,,,,,,,,,,,,,,,,,,,0,0,0,0,,,,
2026-09-22 20:59:14,서울특별시,A1100020,의료법인한전의료재단 한일병원,20260922205504,02-901-3114,N,N,,,2,2,1,1,2,2,,Y,Y,Y,Y,Y,Y,Y,9,N1,70,Y,7,N,Y,,8,Y,21,2,2,2,2,,21,3,8,5,,2,1,2,25,1,4,2,,4,2,2,389,,,Y,N,A1100020,17,,,,0,,,,,,1,,,,,,,,,,,,,,,,,,,,,,,,,,,,,,,,,,,,,,,,,,
2026-09-22 20:59:14,서울특별시,A1100001,경희대학교병원,20260922205440,02-958-8114,Y,Y,,,1,2,2,,,8,Y,,Y,Y,Y,Y,Y,Y,5,Y,164,Y,37,Y,Y,0,15,N1,15,3,2,3,,18,73,,16,10,3,3,3,5,48,6,12,8,3,2,,,653,,,Y,Y,A1100001,18,,,,,7,,,,,,20,,,,,,,,6,15,,,,,,,,,,,,,,,,,,,,,,,,,,,,,,,,
2026-09-22 20:59:14,서울특별시,A1100021,삼육서울병원,20260922205411,02-2244-0191,,N,,,,1,1,1,1,3,Y,,Y,Y,Y,Y,Y,Y,10,Y,107,Y,5,N,Y,4,5,Y,13,,1,2,2,4,15,3,5,4,2,1,1,2,20,,4,5,2,1,,1,389,,,Y,N1,A1100021,19,,,,1,,,,,,1,,,,,,,,,,,,,,,,,,,,,,,,,,,,,,,,,2,4,,,,,,,,
2026-09-22 20:59:14,서울특별시,A1100040,서울특별시보라매병원,20260922205500,02-870-2114,Y,Y,,,3,1,0,,,3,Y,,Y,Y,Y,Y,Y,Y,16,Y,180,Y,,Y,Y,0,13,N1,31,3,2,1,,14,,,14,3,4,6,3,5,48,14,13,5,9,2,,,695,,,Y,Y,A1100040,20,,3,11,1,1,,15,16,,4,14,,,,,,3,4,,,,,,,,,,,,,,,,,,,,,,,,,,,,,,,,,,
2026-09-22 20:59:14,서울특별시,A1100003,중앙대학교병원,20260922205508,1800-1114,Y,Y,1,,3,2,3,4,,0,Y,,Y,Y,Y,Y,Y,Y,7,Y,155,Y,,Y,Y,0,15,N1,22,4,2,3,12,25,,,16,2,2,4,3,4,51,9,21,13,6,12,,,629,1,,Y,Y,A1100003,21,0,7,0,3,2,,12,17,,11,2,0,0,,0,,,,,,,,,,1,,,,,,,,,,,,,,,4,,,,,,,,,,,,
2026-09-22 20:59:14,서울특별시,A1100007,연세대학교의과대학세브란스병원,20260922205359,02-2228-0114,Y,Y,,,5,1,3,,,6,Y,Y,Y,Y,Y,Y,Y,Y,7,Y,312,Y,3,Y,Y,14,4,N1,39,8,1,3,,52,18,,8,30,8,16,16,17,206,55,61,21,16,21,1,,1872,,,Y,Y,A1100007,22,,17,7,1,2,,29,24,,5,20,,,,,,6,23,3,29,1,1,,,,1,0,3,3,4,22,2,10,17,6,1,1,,,,,,,,,,,,,,,
2026-09-22 20:59:14,서울특별시,A1100012,학교법인가톨릭학원가톨릭대학교서울성모병원,20260922205510,0215881511,Y,Y,,,3,,,2,3,2,Y,,Y,Y,Y,Y,Y,Y,-7,Y,114,Y,1,Y,Y,7,32,N1,28,7,,,2,50,5,6,32,10,2,9,10,8,80,40,39,11,9,4,,,1053,,,Y,Y,A1100012,23,0,6,16,11,14,,22,20,,18,35,1,1,,5,,5,10,2,19,1,1,,,,1,1,0,,3,3,2,,8,6,1,1,,,,,,,,,,,,,,,
2026-09-22 20:59:14,서울특별시,A1100009,재단법인아산사회복지재단서울아산병원,20260922205515,02-3010-3114,Y,Y,1,,5,1,2,0,3,3,Y,,Y,Y,Y,Y,Y,Y,-6,Y,203,Y,1,Y,Y,22,69,Y,36,11,1,22,2,61,12,4,74,8,8,21,15,17,190,33,49,30,14,5,,1,2104,1,,Y,Y,A1100009,24,,2,7,19,12,,24,37,,47,28,,,1,,6,2,12,4,12,2,0,,,,3,1,0,2,2,26,2,13,12,6,2,1,,,,,,,,,,,,,,,
2026-09-22 20:59:14,서울특별시,A1100011,가톨릭대학교여의도성모병원,20260922205510,02-1661-7575,,,,,,1,2,2,,0,Y,,Y,Y,Y,Y,Y,Y,4,Y,33,Y,,N1,Y,,13,N1,15,,1,4,2,,,,13,1,2,2,2,2,23,,,5,1,2,,,330,,,Y,N1,A1100011,25,,-2,2,1,,,10,8,,1,,,,,,,,,1,9,,,,,,,,,,,,,,,,,,,,,,,,,,,,,,,,
2026-09-22 20:59:14,서울특별시,A1100055,한림대학교강남성심병원,20260922205103,02-829-5114,Y,Y,,,3,3,1,0,2,,Y,,Y,Y,Y,Y,Y,Y,11,Y,164,Y,,Y,Y,0,13,N1,20,3,3,2,2,12,,3,14,,3,3,3,3,54,21,22,13,3,2,,,493,,,Y,Y,A1100055,26,,4,8,5,,,21,23,,7,,,,,,,0,10,,,,,,,,,,,,,,,,,,,,,,,,,,,,,,,,,,
2026-09-22 20:59:14,서울특별시,A1100054,성애의료재단성애병원,20260922205319,02-840-7114,Y,Y,,,,1,1,,,,Y,,Y,Y,Y,Y,Y,Y,8,N1,68,N1,5,Y,Y,4,5,N1,15,,1,4,,4,19,,5,,2,2,2,1,8,5,14,2,,,,,252,,,Y,Y,A1100054,27,,,,0,,,,,,1,,,,,,,,,,,,,,,,,,,,,,,,,,,,,,,,,,,,,,,,,,
2026-09-22 20:59:14,서울특별시,A1100004,순천향대학교부속서울병원,20260922205424,02-709-9114,Y,Y,,,3,1,2,1,2,2,Y,,Y,Y,Y,Y,Y,Y,9,Y,157,Y,6,Y,Y,-1,12,N1,20,4,1,2,2,13,43,3,14,4,7,3,3,4,51,8,17,14,5,3,,,597,,,Y,Y,A1100004,28,,,,0,8,,,,,10,21,,,,,,,,,,,,,0,0,,,,,,,,,,,,,,0,0,,,0,0,,,,,,,,
2026-09-22 20:59:14,서울특별시,A1121013,가톨릭대학교은평성모병원,20260922205509,02-1811-7755,Y,Y,,,5,2,2,,,2,Y,,Y,Y,Y,Y,Y,Y,10,Y,194,Y,,Y,Y,5,19,N1,24,8,2,2,,19,,,19,5,1,4,3,5,46,19,22,10,5,20,,,651,,,Y,Y,A1121013,29,,1,4,0,,,16,9,,4,,,,,,,2,12,2,13,,,,,,,,,,,,,,,,,,,,,,,,,,,,,,,,
2026-09-22 20:59:14,서울특별시,A1100006,강북삼성병원,20260922205451,02-2001-2001,Y,Y,,,1,1,0,,,2,Y,,Y,Y,Y,Y,Y,Y,-2,Y,40,Y,6,Y,Y,1,14,N1,15,2,1,2,,14,24,,16,3,1,5,4,6,54,13,14,8,4,3,,,569,,,Y,Y,A1100006,30,,,0,2,7,,,4,,5,18,,,,,,,,2,12,,,,,,,,,,0,,,,8,,,,,,,,,,,,,,,,,,
2026-09-22 20:59:14,서울특별시,A1100052,국립중앙의료원,20260922205505,02-2260-7114,N,Y,,0,3,2,2,0,0,3,Y,,Y,Y,Y,Y,Y,Y,11,Y,0,Y,3,Y,Y,,7,N1,15,3,2,3,6,,13,0,7,7,1,1,1,2,56,1,3,5,5,2,,,202,,0,Y,N,A1100052,31,,,0,2,,3,,0,20,2,,,,,,,,,,,,,0,,0,,,,,,,,,,,,,0,,0,,,4,5,2,6,2,6,8,2,50,2
2026-09-22 20:59:14,서울특별시,A1100036,부민병원,20260922205522,1577-7582,,Y,,,,1,,,,0,Y,,Y,Y,Y,Y,Y,Y,7,Y,49,N1,1,Y,Y,,8,N1,10,,1,,,,14,,8,3,1,3,3,1,22,,1,2,1,,,,282,,,Y,N1,A1100036,32,,,,0,,,,,,1,,,,,,,,,,,,,,,,,,,,,,,,,,,,,,,,,,,,,,,,,,
2026-09-22 20:59:14,서울특별시,A1100051,혜민병원,20260922205154,02-2049-9000,,,,,,1,,,,,,,Y,,Y,N1,Y,Y,9,N1,30,N1,11,N1,Y,,5,N1,9,,1,,,,19,,5,,,2,2,,16,,,2,,,,,205,,,Y,N1,A1100051,33,,,,,,,,,,,,,,,,,,,,,,,,,,,,,,,,,,,,,,,,,,,,,,,,,,,,
2026-09-22 20:59:14,서울특별시,A1100026,구로성심병원,20260922205449,02-2067-1500,,,,,,,1,,,,,,Y,,Y,N1,N1,Y,3,N1,48,N1,0,N1,Y,,3,N1,9,,,1,,,11,,3,,,1,1,,5,,,,,,,,191,,,Y,N1,A1100026,34,,,,,,,,,,,,,,,,,,,,,,,,,,,,,,,,,,,,,,,,,,,,,,,,,,,,
2026-09-22 20:59:14,서울특별시,A1100049,희명병원,20260922205314,02-804-0002,,,,,,,1,,,,,,Y,,Y,N1,Y,Y,8,Y,120,N1,2,N1,Y,,4,N1,10,,,1,,,19,,4,,,1,1,,9,,,1,1,,,,228,,,Y,N1,A1100049,35,,,,,,,,,,,,,,,,,,,,,,,,,,,,,,,,,,,,,,,,,,,,,,,,,,,,
2026-09-22 20:59:14,서울특별시,A1100027,한국원자력의학원원자력병원,20260922205138,02-970-2114,,Y,,,,1,1,,,1,Y,,Y,Y,Y,Y,Y,Y,7,N1,222,N1,6,Y,Y,,10,N1,9,,1,1,,,10,,10,1,1,4,2,1,16,,2,1,,,,,444,,,Y,N1,A1100027,36,,,,1,,,,,,1,,,,,,,,,,,,,,,,,,,,,,,,,,,,,,,,,1,1,,,,,,,,
2026-09-22 20:59:14,서울특별시,A1100022,서울특별시동부병원,20260922205520,02-920-9114,,Y,,,,1,1,,,,Y,,Y,,Y,N1,Y,Y,6,N1,29,N1,3,Y,Y,,3,N1,8,,1,1,,,8,,3,,1,1,1,,7,,1,1,,,,,195,,,Y,N1,A1100022,37,,,,1,,,,,,1,,,,,,,,,,,,,,,,,,,,,,,,,,,,,,,,,,,,,,,,,,
2026-09-22 20:59:14,서울특별시,A1100050,서울성심병원,20260922205358,02-966-1616,,,,,,1,2,,,,,,Y,,Y,N1,N1,Y,13,N1,87,N1,6,N1,Y,,6,N1,17,,1,2,,,10,,6,,,1,1,,11,,,,,,,,208,,,Y,N1,A1100050,38,,,,,,,,,,,,,,,,,,,,,,,,,,,,,,,,,,,,,,,,,,,,,,,,,,,,
2026-09-22 20:59:14,서울특별시,A1100025,의료법인동신의료재단동신병원,20260922205240,02-396-9161,,,,,,,1,,,,,,Y,,Y,N1,N1,Y,9,N1,55,N1,2,N1,Y,,3,N1,9,,,1,,,9,,3,,,1,1,,7,,,,,,,,196,,,Y,N1,A1100025,39,,,,,,,,,,,,,,,,,,,,,,,,,,,,,,,,,,,,,,,,,,,,,,,,,,,,
2026-09-22 20:59:14,서울특별시,A1122033,기쁨병원,20260922205435,02-570-1234,,,,,,,1,,,,,,Y,Y,Y,Y,N1,Y,2,N1,42,N1,,N1,Y,,7,N1,4,,,1,,,,,8,,,1,1,1,1,,,,,,,,110,,,Y,N1,A1122033,40,,,,,,,,,,,,,,,,,,,,,,,,,,,,,,,,,,,,,,,,,,,,,,,,,,,,
2026-09-22 20:59:14,서울특별시,A1100039,경찰병원,20260922205503,02-3400-1114,,,,,,1,,,,2,,,Y,,Y,N1,Y,Y,1,N1,135,N1,13,N1,Y,,7,N1,3,,1,,,,14,,7,2,,2,3,,10,,,2,,,,,187,,,Y,N1,A1100039,41,,,,2,,,,,,2,,,,,,,,,,,,,,,,,,,,,,,,,,,,,,,,,0,1,,,,,,,,
2026-09-22 20:59:14,서울특별시,A1100019,홍익병원,20260922205451,02-2693-5555,,,,,,,0,,,0,,,Y,Y,Y,Y,N,Y,7,N1,76,N1,4,N1,Y,,4,N1,9,,,1,,,14,,4,1,,4,2,2,7,,,1,,,,,251,,,Y,N1,A1100019,42,,,,1,,,,,,1,,,,,,,,,,,,,,,,,,,,,,,,,,,,,,,,,,,,,,,,,,
2026-09-22 20:59:14,서울특별시,A1100223,서울특별시서남병원,20260922205000,1566-6688,,,,0,,1,2,2,2,4,,,Y,,Y,N1,Y,Y,17,Y,55,Y,11,N1,Y,,4,N1,17,,1,2,2,,17,3,4,4,,2,1,,16,,,1,1,1,,,275,,0,Y,N1,A1100223,43,,,,0,,,,,,1,,,,,,,,,,,,,,,,,,,,,,,,,,,,,,,,,,,,,,,,,,
2026-09-22 20:59:14,서울특별시,A1100024,명지성모병원,20260922205614,02-1899-1475,,,,,,1,1,,,,,,Y,Y,Y,Y,N1,Y,7,N1,98,N1,1,N1,Y,,3,N1,8,,1,1,,,12,,3,,,1,3,2,7,,,,,,,,212,,,Y,N1,A1100024,44,,,,1,,,,,,1,,,,,,,,,,,,,,,,,,,,,,,,,,,,,,,,,,,,,,,,,,
2026-09-22 20:59:14,서울특별시,A1100037,대림성모병원,20260922205154,02-829-9000,,,,,,,1,,,,,,Y,,Y,N1,N1,Y,8,N1,29,N1,,N1,Y,,4,N1,8,,,2,,,,,4,,,1,2,,1,,,,,,,,114,,,Y,N1,A1100037,45,,,,,,,,,,,,,,,,,,,,,,,,,,,,,,,,,,,,,,,,,,,,,,,,,,,,
2026-09-22 20:59:14,서울특별시,A1100045,씨엠병원,20260922204500,02-2678-0001,,,,,,,1,,,,,,Y,,Y,N1,N1,Y,8,N1,31,N1,,N1,Y,,5,N1,9,,,1,,,,,5,,,2,2,,6,,,,,,,,110,,,Y,N1,A1100045,46,,,,,,,,,,,,,,,,,,,,,,,,,,,,,,,,,,,,,,,,,,,,,,,,,,,,
2026-09-22 20:59:14,서울특별시,A1100023,의료법인청구성심병원,20260922205430,02-350-3300,,,,,,,1,,,,,,Y,,Y,N1,N1,Y,7,N1,31,N1,2,N1,Y,,3,N1,10,,,1,,,6,,3,,,1,1,,4,,,,,,,,196,,,Y,N1,A1100023,47,,,,,,,,,,,,,,,,,,,,,,,,,,,,,,,,,,,,,,,,,,,,,,,,,,,,
2026-09-22 20:59:14,서울특별시,A1100029,서울적십자병원,20260922205509,02-2002-8000,,,,,,1,,,,,,,Y,,Y,N1,Y,Y,10,N1,99,N1,6,N1,Y,,6,N1,10,,1,,,,12,,6,,,1,1,,11,,,2,,,,,260,,,Y,N1,A1100029,48,,,,,,,,,,,,,,,,,,,,,,,,,,,,,,,,,,,,,,,,,,,,,,,,,,,,
2026-09-22 20:59:14,서울특별시,A1100032,세란병원,20260922205532,02-737-0181,,,,,,,1,,,,,,Y,,Y,N1,N1,Y,6,N1,44,N1,,N1,Y,,13,N1,10,,,1,,,,,13,,,3,5,,3,,,,,,,,205,,,Y,N1,A1100032,49,,,,,,,,,,,,,,,,,,,,,,,,,,,,,,,,,,,,,,,,,,,,,,,,,,,,
2026-09-22 20:59:14,서울특별시,A1100075,의료법인풍산의료재단동부제일병원,20260922205034,02-437-5011,,,,,,,1,,,,,,Y,,Y,N1,N1,Y,6,N1,45,N1,,N1,N,,2,N1,7,,,1,,,,,2,,,1,1,,3,,,,,,,,124,,,Y,N1,A1100075,50,,,,,,,,,,,,,,,,,,,,,,,,,,,,,,,,,,,,,,,,,,,,,,,,,,,,
2026-09-22 20:59:14,서울특별시,A1100044,녹색병원,20260922205510,02-490-2000,,,,,,1,4,,,0,N,,Y,,Y,N1,Y,Y,-1,N1,100,N1,5,N1,Y,,3,N1,5,,1,4,,,17,,3,3,1,2,1,,22,,,1,,,,,293,,,Y,N1,A1100044,51,,,,2,,,,,,3,,,,,,,,,,,,,,,,,,,,,,,,,,,,,,,,,,,,,,,,,,
2026-09-22 21:29:15,서울특별시,A1100043,강동경희대학교병원,20260922212518,02-440-7114,Y,Y,1,2,3,2,2,3,3,0,Y,N,Y,Y,Y,Y,Y,Y,7,Y,144,Y,1,Y,Y,7,17,N,15,3,2,3,19,17,27,30,17,1,8,2,2,3,32,9,13,4,1,1,0,0,625,3,2,Y,Y,A1100043,1,,,,,,,,,,,,,,,,,,,,,,,,,,,,,,,,,,,,,,,,,,,,,,,,,,,,
2026-09-22 21:29:15,서울특별시,A1100014,고려대학교의과대학부속구로병원,20260922212241,02-2626-1114,Y,Y,,,2,,,2,8,3,Y,,Y,Y,Y,Y,Y,Y,0,Y,38,Y,11,Y,Y,-1,23,N1,29,3,,,20,23,35,30,24,4,2,6,6,4,98,11,35,15,10,3,,,778,,,Y,Y,A1100014,2,4,1,2,0,5,1,20,4,6,10,18,5,,,,,,,,,,,,,,,,,,,,,,,,,,,,,,,,,,,,,,,,
2026-09-22 21:29:15,서울특별시,A1100013,한양대학교병원,20260922212259,02-2290-8114,Y,Y,0,,2,,,3,4,0,Y,,Y,Y,Y,Y,Y,Y,8,Y,147,Y,0,Y,Y,-2,15,Y,20,3,,,22,14,0,30,16,2,1,3,2,3,69,10,23,13,6,3,,1,670,2,,Y,Y,A1100013,3,4,3,,1,1,,12,,,2,16,4,1,0,8,5,,,,,,,,,,,,,,,,,,,,,,,,,,,,,,,,,,,,
2026-09-22 21:29:15,서울특별시,A1100008,학교법인고려중앙학원고려대학교의과대학부속병원(안암병원),20260922212505,1577-0083,Y,Y,0,,0,,,3,9,0,Y,,Y,Y,Y,Y,Y,Y,9,Y,122,Y,,Y,Y,-3,22,Y,30,4,,,15,17,,31,25,3,4,7,6,8,84,14,20,11,8,7,,1,777,6,,Y,Y,A1100008,4,0,3,5,2,3,,16,19,,6,10,2,5,,7,,2,9,,,,,,,,,,,,,,,,,,,,,,,,,,,,,,,,,,
2026-09-22 21:29:15,서울특별시,A1100005,이화여자대학교의과대학부속목동병원,20260922212045,02-2650-5114,Y,Y,1,,8,2,3,8,6,4,Y,,Y,Y,Y,Y,Y,Y,4,Y,35,Y,,Y,Y,12,12,Y,19,8,2,4,19,28,,32,13,9,2,4,4,4,58,10,34,9,3,5,,1,526,1,,Y,Y,A1100005,5,,0,7,0,2,,10,13,,4,10,,,0,,1,,,4,14,,,,,,,,,,,,,,,,,,,,,,,,,,,,,,,,
2026-09-22 21:29:15,서울특별시,A1100017,서울대학교병원,20260922212437,02-1588-5700,Y,Y,0,,7,2,2,4,15,4,Y,Y,Y,Y,Y,Y,Y,Y,1,Y,118,Y,,Y,Y,6,50,N1,24,10,2,4,17,40,,30,53,7,4,13,13,14,160,19,46,22,9,3,1,,1365,2,,Y,Y,A1100017,6,,3,8,8,7,,10,18,,28,41,,,0,,1,2,6,0,5,1,1,0,0,0,7,2,6,3,7,22,2,10,10,6,1,1,0,0,8,,,,,,,,,,,,
2026-09-22 21:29:15,서울특별시,A1100035,서울특별시서울의료원,20260922212500,02-2276-7000,Y,Y,1,,3,2,3,4,14,2,Y,Y,Y,Y,Y,Y,Y,Y,12,Y,150,Y,1,Y,Y,1,10,Y,19,3,2,3,14,3,5,28,10,3,4,5,3,5,65,5,12,7,2,4,1,2,461,2,,Y,Y,A1100035,7,,2,,,14,,7,,,,30,,,2,,4,,,0,6,,,,,,,,,,,,,,,,,,,,,1,2,,,,,,,,,,
2026-09-22 21:29:15,서울특별시,A1100015,연세대학교의과대학강남세브란스병원,20260922212459,02-2019-3114,Y,Y,,,1,1,1,,,5,Y,,Y,Y,Y,Y,Y,Y,2,Y,136,Y,12,Y,Y,0,23,N1,21,2,1,2,,28,29,,23,5,1,4,3,6,47,10,23,6,3,5,,,691,,,Y,Y,A1100015,8,,,,,,,,,,,,,,,,,3,8,1,12,,,,,,,,,,,,,,,,,,,,,,,,,,,,,,,,
2026-09-22 21:29:15,서울특별시,A1100010,삼성서울병원,20260922212534,02-3410-2114,Y,Y,,,4,2,1,,,0,Y,,Y,Y,Y,Y,Y,Y,-22,Y,129,Y,,Y,Y,3,41,N1,52,4,2,2,,59,,,46,8,6,19,16,15,117,22,43,21,11,2,,,1528,,,Y,Y,A1100010,9,,9,13,,6,,28,23,,,27,,,,,,1,12,0,12,,,,,,6,,,,15,14,,,36,,,,,,,,,,,,,,,,,,
2026-09-22 21:29:15,서울특별시,A1100028,성심의료재단강동성심병원,20260922212047,02-2224-2114,Y,Y,,,,1,4,,,0,Y,,Y,Y,Y,Y,Y,Y,4,Y,156,Y,1,Y,Y,1,11,N1,15,,1,6,,3,19,,13,2,1,4,2,5,35,3,3,8,3,1,,,566,,,Y,Y,A1100028,10,,2,,1,,,18,,,5,,,,,,,,,,,,,,,,,,,,,,,,,,,,,,,,,2,2,,,,,,,,
2026-09-22 21:29:15,서울특별시,A1100053,한국보훈복지의료공단 중앙보훈병원,20260922212059,02-2225-1111,,,,,,1,2,2,0,2,N,,Y,Y,Y,Y,Y,Y,15,Y,230,N1,,N1,Y,,13,N1,22,,1,2,2,,,3,13,7,1,3,4,4,38,,,10,1,,,,820,,,Y,N1,A1100053,11,,4,5,1,35,,14,14,,1,60,,,,,,3,10,1,13,,,,,,,,,,,,,,,,,,,,,,,,,,,,,,,,
2026-09-22 21:29:15,서울특별시,A1120796,이화여자대학교의과대학부속서울병원,20260922212053,1522-7000,Y,Y,,,9,2,5,,,0,Y,,Y,Y,Y,Y,Y,Y,-4,Y,129,Y,0,Y,Y,5,18,N1,14,9,2,6,,24,11,,19,4,2,5,5,8,71,9,22,12,4,5,,,736,,,Y,Y,A1120796,12,,0,6,1,,,10,17,,7,,,,,,,5,11,4,17,,,,,,,,,,4,,,,19,,,,,,,,,,,,,,,,,,
2026-09-22 21:29:15,서울특별시,A1100041,의료법인서울효천의료재단에이치플러스양지병원,20260922212510,02-1877-8875,,,,,,0,2,,,0,,,Y,Y,Y,Y,Y,Y,10,Y,10,Y,6,N1,Y,,6,N1,18,,1,2,,,27,,7,3,,2,3,3,23,,,5,1,1,,,293,,,Y,N1,A1100041,13,,,,0,,,,,,1,,,,,,,,,,,,,,,,,,,,,,,,,,,,,,,,,,,,,,,,,,
2026-09-22 21:29:15,서울특별시,A1100002,건국대학교병원,20260922212306,1588-1533,Y,Y,,,3,1,2,,,3,Y,,Y,Y,Y,Y,Y,Y,7,Y,127,Y,,Y,Y,-1,21,N1,20,4,1,2,,16,,,21,3,2,4,4,5,45,7,18,7,3,14,,,678,,,Y,Y,A1100002,14,,8,10,1,7,,24,25,,1,14,,,,,,,,,,,,,,,,,,,,,,,,,,,,,,,,,,,,,,,,,
2026-09-22 21:29:15,서울특별시,A1100016,인제대학교상계백병원,20260922212138,02-950-1114,Y,Y,,,,1,1,,,0,Y,,Y,Y,Y,Y,Y,Y,3,Y,53,Y,,Y,Y,0,13,N1,16,,1,2,,15,,,13,2,2,3,2,3,36,10,25,10,3,1,,,390,,,Y,Y,A1100016,15,,0,0,2,4,,19,18,,4,5,,,,,,,,,,,,,,,,,,,,,,,,,,,,,,,,1,4,,,,,,,,
2026-09-22 21:29:15,서울특별시,A1100048,노원을지대학교병원,20260922212102,02-970-8000,Y,Y,,,,1,4,,,0,Y,,Y,Y,Y,Y,Y,Y,11,Y,210,N1,,Y,Y,1,11,N1,17,,1,4,,10,,,11,1,3,2,2,2,26,8,19,3,1,,,,479,,,Y,Y,A1100048,16,,2,6,1,5,,16,16,,2,21,,,,,,,,,,,,,,,,,,,,,,,,,,,,,,,,,,0,0,0,0,,,,
2026-09-22 21:29:15,서울특별시,A1100020,의료법인한전의료재단 한일병원,20260922212503,02-901-3114,N,N,,,2,2,1,1,2,2,,Y,Y,Y,Y,Y,Y,Y,13,N1,69,Y,7,N,Y,,8,Y,21,2,2,2,2,,21,3,8,5,,2,1,2,25,1,4,2,,4,2,2,389,,,Y,N,A1100020,17,,,,0,,,,,,1,,,,,,,,,,,,,,,,,,,,,,,,,,,,,,,,,,,,,,,,,,
2026-09-22 21:29:15,서울특별시,A1100001,경희대학교병원,20260922212445,02-958-8114,Y,Y,,,2,2,1,,,8,Y,,Y,Y,Y,Y,Y,Y,6,Y,164,Y,36,Y,Y,0,15,N1,15,3,2,3,,18,73,,16,10,3,3,3,5,48,6,12,8,3,2,,,653,,,Y,Y,A1100001,18,,,,,7,,,,,,20,,,,,,,,6,15,,,,,,,,,,,,,,,,,,,,,,,,,,,,,,,,
2026-09-22 21:29:15,서울특별시,A1100021,삼육서울병원,20260922212435,02-2244-0191,,N,,,,1,1,1,1,3,Y,,Y,Y,Y,Y,Y,Y,10,Y,106,Y,5,N,Y,4,5,Y,13,,1,2,2,4,15,3,5,4,2,1,1,2,20,,4,5,2,1,,1,389,,,Y,N1,A1100021,19,,,,1,,,,,,1,,,,,,,,,,,,,,,,,,,,,,,,,,,,,,,,,2,4,,,,,,,,
2026-09-22 21:29:15,서울특별시,A1100040,서울특별시보라매병원,20260922212500,02-870-2114,Y,Y,,,3,1,0,,,3,Y,,Y,Y,Y,Y,Y,Y,18,Y,180,Y,,Y,Y,0,14,N1,31,3,2,1,,14,,,14,3,4,6,3,5,48,14,13,5,9,2,,,695,,,Y,Y,A1100040,20,,3,11,1,1,,15,16,,4,14,,,,,,3,4,,,,,,,,,,,,,,,,,,,,,,,,,,,,,,,,,,
2026-09-22 21:29:15,서울특별시,A1100003,중앙대학교병원,20260922212509,1800-1114,Y,Y,1,,3,2,3,4,,0,Y,,Y,Y,Y,Y,Y,Y,3,Y,155,Y,,Y,Y,0,15,N1,22,4,2,3,12,25,,,16,2,2,4,3,4,51,9,21,13,6,12,,,629,1,,Y,Y,A1100003,21,0,7,0,3,2,,12,17,,11,2,0,0,,0,,,,,,,,,,1,,,,,,,,,,,,,,,4,,,,,,,,,,,,
2026-09-22 21:29:15,서울특별시,A1100007,연세대학교의과대학세브란스병원,20260922212401,02-2228-0114,Y,Y,,,4,1,3,,,6,Y,Y,Y,Y,Y,Y,Y,Y,9,Y,312,Y,3,Y,Y,14,5,N1,39,8,1,3,,52,18,,8,30,8,16,16,17,206,55,61,21,16,21,1,,1872,,,Y,Y,A1100007,22,,17,7,1,2,,29,24,,5,20,,,,,,6,23,3,29,1,1,,,,1,0,3,3,4,22,2,10,17,6,1,1,,,,,,,,,,,,,,,
2026-09-22 21:29:15,서울특별시,A1100012,학교법인가톨릭학원가톨릭대학교서울성모병원,20260922212510,0215881511,Y,Y,,,3,,,2,3,2,Y,,Y,Y,Y,Y,Y,Y,-9,Y,114,Y,1,Y,Y,7,32,N1,28,7,,,2,50,5,6,32,10,2,9,10,8,80,40,39,11,9,4,,,1053,,,Y,Y,A1100012,23,0,6,16,11,14,,22,20,,18,35,1,2,,5,,5,10,2,19,1,1,,,,1,1,0,,3,3,2,,8,6,1,1,,,,,,,,,,,,,,,
2026-09-22 21:29:15,서울특별시,A1100009,재단법인아산사회복지재단서울아산병원,20260922212515,02-3010-3114,Y,Y,1,,0,1,4,0,3,3,Y,,Y,Y,Y,Y,Y,Y,-7,Y,202,Y,1,Y,Y,22,70,Y,36,11,1,22,2,61,12,4,74,8,8,21,15,17,190,33,49,30,14,5,,1,2104,1,,Y,Y,A1100009,24,,2,7,19,12,,24,37,,47,28,,,1,,6,2,12,4,12,2,0,,,,3,1,0,2,2,26,2,13,12,6,2,1,,,,,,,,,,,,,,,
2026-09-22 21:29:15,서울특별시,A1100011,가톨릭대학교여의도성모병원,20260922212510,02-1661-7575,,,,,,1,3,2,,0,Y,,Y,Y,Y,Y,Y,Y,6,Y,31,Y,,N1,Y,,13,N1,15,,1,4,2,,,,13,1,2,2,2,2,23,,,5,1,2,,,330,,,Y,N1,A1100011,25,,-2,2,1,,,10,8,,1,,,,,,,,,1,9,,,,,,,,,,,,,,,,,,,,,,,,,,,,,,,,
2026-09-22 21:29:15,서울특별시,A1100055,한림대학교강남성심병원,20260922212103,02-829-5114,Y,Y,,,3,3,1,0,2,,Y,,Y,Y,Y,Y,Y,Y,10,Y,164,Y,,Y,Y,0,14,N1,20,3,3,2,2,12,,3,14,,3,3,3,3,54,21,22,13,3,2,,,493,,,Y,Y,A1100055,26,,4,8,5,,,21,23,,7,,,,,,,0,10,,,,,,,,,,,,,,,,,,,,,,,,,,,,,,,,,,
2026-09-22 21:29:15,서울특별시,A1100054,성애의료재단성애병원,20260922212320,02-840-7114,Y,Y,,,,1,3,,,,Y,,Y,Y,Y,Y,Y,Y,7,N1,68,N1,4,Y,Y,4,5,N1,15,,1,4,,4,19,,5,,2,2,2,1,8,5,14,2,,,,,252,,,Y,Y,A1100054,27,,,,0,,,,,,1,,,,,,,,,,,,,,,,,,,,,,,,,,,,,,,,,,,,,,,,,,
2026-09-22 21:29:15,서울특별시,A1100004,순천향대학교부속서울병원,20260922212424,02-709-9114,Y,Y,,,4,1,2,1,3,2,Y,,Y,Y,Y,Y,Y,Y,7,Y,156,Y,6,Y,Y,-1,12,N1,20,4,1,2,2,13,43,3,14,4,7,3,3,4,51,8,17,14,5,3,,,597,,,Y,Y,A1100004,28,,,,0,8,,,,,10,21,,,,,,,,,,,,,0,0,,,,,,,,,,,,,,0,0,,,0,0,,,,,,,,
2026-09-22 21:29:15,서울특별시,A1121013,가톨릭대학교은평성모병원,20260922212509,02-1811-7755,Y,Y,,,7,2,2,,,2,Y,,Y,Y,Y,Y,Y,Y,9,Y,195,Y,,Y,Y,5,19,N1,24,8,2,2,,19,,,19,5,1,4,3,5,46,19,22,10,5,20,,,651,,,Y,Y,A1121013,29,,1,4,0,,,16,9,,4,,,,,,,2,12,2,13,,,,,,,,,,,,,,,,,,,,,,,,,,,,,,,,
2026-09-22 21:29:15,서울특별시,A1100006,강북삼성병원,20260922212535,02-2001-2001,Y,Y,,,1,1,0,,,2,Y,,Y,Y,Y,Y,Y,Y,-1,Y,39,Y,6,Y,Y,1,15,N1,15,2,1,2,,14,24,,16,3,1,5,4,6,54,13,14,8,4,3,,,569,,,Y,Y,A1100006,30,,,0,2,7,,,4,,5,18,,,,,,,,2,12,,,,,,,,,,0,,,,8,,,,,,,,,,,,,,,,,,
2026-09-22 21:29:15,서울특별시,A1100052,국립중앙의료원,20260922212505,02-2260-7114,N,Y,,0,3,2,2,0,0,3,Y,,Y,Y,Y,Y,Y,Y,10,Y,0,Y,2,Y,Y,,7,N1,15,3,2,3,6,,13,0,7,7,1,1,1,2,56,1,3,5,5,2,,,202,,0,Y,N,A1100052,31,,,0,2,,3,,0,20,2,,,,,,,,,,,,,0,,0,,,,,,,,,,,,,0,,0,,,4,5,2,6,2,6,8,2,50,2
2026-09-22 21:29:15,서울특별시,A1100036,부민병원,20260922212136,1577-7582,,Y,,,,1,,,,0,Y,,Y,Y,Y,Y,Y,Y,8,Y,49,N1,1,Y,Y,,8,N1,10,,1,,,,14,,8,3,1,3,3,1,22,,1,2,1,,,,282,,,Y,N1,A1100036,32,,,,0,,,,,,1,,,,,,,,,,,,,,,,,,,,,,,,,,,,,,,,,,,,,,,,,,
2026-09-22 21:29:15,서울특별시,A1100051,혜민병원,20260922212535,02-2049-9000,,,,,,1,,,,,,,Y,,Y,N1,Y,Y,9,N1,30,N1,11,N1,Y,,5,N1,9,,1,,,,19,,5,,,2,2,,16,,,2,,,,,205,,,Y,N1,A1100051,33,,,,,,,,,,,,,,,,,,,,,,,,,,,,,,,,,,,,,,,,,,,,,,,,,,,,
2026-09-22 21:29:15,서울특별시,A1100026,구로성심병원,20260922212507,02-2067-1500,,,,,,,1,,,,,,Y,,Y,N1,N1,Y,5,N1,47,N1,0,N1,Y,,3,N1,9,,,1,,,11,,3,,,1,1,,5,,,,,,,,191,,,Y,N1,A1100026,34,,,,,,,,,,,,,,,,,,,,,,,,,,,,,,,,,,,,,,,,,,,,,,,,,,,,
2026-09-22 21:29:15,서울특별시,A1100049,희명병원,20260922212333,02-804-0002,,,,,,,1,,,,,,Y,,Y,N1,Y,Y,6,Y,120,N1,2,N1,Y,,4,N1,10,,,1,,,19,,4,,,1,1,,9,,,1,1,,,,228,,,Y,N1,A1100049,35,,,,,,,,,,,,,,,,,,,,,,,,,,,,,,,,,,,,,,,,,,,,,,,,,,,,
2026-09-22 21:29:15,서울특별시,A1100027,한국원자력의학원원자력병원,20260922212141,02-970-2114,,Y,,,,1,1,,,1,Y,,Y,Y,Y,Y,Y,Y,6,N1,222,N1,6,Y,Y,,10,N1,9,,1,1,,,10,,10,1,1,4,2,1,16,,2,1,,,,,444,,,Y,N1,A1100027,36,,,,1,,,,,,1,,,,,,,,,,,,,,,,,,,,,,,,,,,,,,,,,1,1,,,,,,,,
2026-09-22 21:29:15,서울특별시,A1100022,서울특별시동부병원,20260922212520,02-920-9114,,Y,,,,1,1,,,,Y,,Y,,Y,N1,Y,Y,6,N1,29,N1,3,Y,Y,,3,N1,8,,1,1,,,8,,3,,1,1,1,,7,,1,1,,,,,195,,,Y,N1,A1100022,37,,,,1,,,,,,1,,,,,,,,,,,,,,,,,,,,,,,,,,,,,,,,,,,,,,,,,,
2026-09-22 21:29:15,서울특별시,A1100050,서울성심병원,20260922212421,02-966-1616,,,,,,1,2,,,,,,Y,,Y,N1,N1,Y,12,N1,87,N1,6,N1,Y,,6,N1,17,,1,2,,,10,,6,,,1,1,,11,,,,,,,,208,,,Y,N1,A1100050,38,,,,,,,,,,,,,,,,,,,,,,,,,,,,,,,,,,,,,,,,,,,,,,,,,,,,
2026-09-22 21:29:15,서울특별시,A1100025,의료법인동신의료재단동신병원,20260922212255,02-396-9161,,,,,,,1,,,,,,Y,,Y,N1,N1,Y,7,N1,55,N1,2,N1,Y,,3,N1,9,,,1,,,9,,3,,,1,1,,7,,,,,,,,196,,,Y,N1,A1100025,39,,,,,,,,,,,,,,,,,,,,,,,,,,,,,,,,,,,,,,,,,,,,,,,,,,,,
2026-09-22 21:29:15,서울특별시,A1122033,기쁨병원,20260922212455,02-570-1234,,,,,,,1,,,,,,Y,Y,Y,Y,N1,Y,4,N1,39,N1,,N1,Y,,7,N1,4,,,1,,,,,8,,,1,1,1,1,,,,,,,,110,,,Y,N1,A1122033,40,,,,,,,,,,,,,,,,,,,,,,,,,,,,,,,,,,,,,,,,,,,,,,,,,,,,
2026-09-22 21:29:15,서울특별시,A1100039,경찰병원,20260922212502,02-3400-1114,,,,,,1,,,,2,,,Y,,Y,N1,Y,Y,1,N1,135,N1,13,N1,Y,,7,N1,3,,1,,,,14,,7,2,,2,3,,10,,,2,,,,,187,,,Y,N1,A1100039,41,,,,2,,,,,,2,,,,,,,,,,,,,,,,,,,,,,,,,,,,,,,,,0,1,,,,,,,,
2026-09-22 21:29:15,서울특별시,A1100019,홍익병원,20260922212457,02-2693-5555,,,,,,,0,,,0,,,Y,Y,Y,Y,N,Y,7,N1,76,N1,4,N1,Y,,4,N1,9,,,1,,,14,,4,1,,4,2,2,7,,,1,,,,,251,,,Y,N1,A1100019,42,,,,1,,,,,,1,,,,,,,,,,,,,,,,,,,,,,,,,,,,,,,,,,,,,,,,,,
2026-09-22 21:29:15,서울특별시,A1100223,서울특별시서남병원,20260922212000,1566-6688,,,,0,,1,2,2,2,4,,,Y,,Y,N1,Y,Y,16,Y,55,Y,11,N1,Y,,4,N1,17,,1,2,2,,17,3,4,4,,2,1,,16,,,1,1,1,,,275,,0,Y,N1,A1100223,43,,,,0,,,,,,1,,,,,,,,,,,,,,,,,,,,,,,,,,,,,,,,,,,,,,,,,,
2026-09-22 21:29:15,서울특별시,A1100024,명지성모병원,20260922212617,02-1899-1475,,,,,,1,1,,,,,,Y,Y,Y,Y,N1,Y,7,N1,98,N1,1,N1,Y,,3,N1,8,,1,1,,,12,,3,,,1,3,2,7,,,,,,,,212,,,Y,N1,A1100024,44,,,,1,,,,,,1,,,,,,,,,,,,,,,,,,,,,,,,,,,,,,,,,,,,,,,,,,
2026-09-22 21:29:15,서울특별시,A1100037,대림성모병원,20260922212535,02-829-9000,,,,,,,0,,,,,,Y,,Y,N1,N1,Y,8,N1,29,N1,,N1,Y,,4,N1,8,,,2,,,,,4,,,1,2,,1,,,,,,,,114,,,Y,N1,A1100037,45,,,,,,,,,,,,,,,,,,,,,,,,,,,,,,,,,,,,,,,,,,,,,,,,,,,,
2026-09-22 21:29:15,서울특별시,A1100045,씨엠병원,20260922211500,02-2678-0001,,,,,,,1,,,,,,Y,,Y,N1,N1,Y,9,N1,30,N1,,N1,Y,,5,N1,9,,,1,,,,,5,,,2,2,,6,,,,,,,,110,,,Y,N1,A1100045,46,,,,,,,,,,,,,,,,,,,,,,,,,,,,,,,,,,,,,,,,,,,,,,,,,,,,
2026-09-22 21:29:15,서울특별시,A1100023,의료법인청구성심병원,20260922212442,02-350-3300,,,,,,,1,,,,,,Y,,Y,N1,N1,Y,6,N1,30,N1,2,N1,Y,,3,N1,10,,,1,,,6,,3,,,1,1,,4,,,,,,,,196,,,Y,N1,A1100023,47,,,,,,,,,,,,,,,,,,,,,,,,,,,,,,,,,,,,,,,,,,,,,,,,,,,,
2026-09-22 21:29:15,서울특별시,A1100029,서울적십자병원,20260922212346,02-2002-8000,,,,,,1,,,,,,,Y,,Y,N1,Y,Y,10,N1,99,N1,6,N1,Y,,6,N1,10,,1,,,,12,,6,,,1,1,,11,,,2,,,,,260,,,Y,N1,A1100029,48,,,,,,,,,,,,,,,,,,,,,,,,,,,,,,,,,,,,,,,,,,,,,,,,,,,,
2026-09-22 21:29:15,서울특별시,A1100032,세란병원,20260922212533,02-737-0181,,,,,,,1,,,,,,Y,,Y,N1,N1,Y,5,N1,44,N1,,N1,Y,,13,N1,10,,,1,,,,,13,,,3,5,,3,,,,,,,,205,,,Y,N1,A1100032,49,,,,,,,,,,,,,,,,,,,,,,,,,,,,,,,,,,,,,,,,,,,,,,,,,,,,
2026-09-22 21:29:15,서울특별시,A1100075,의료법인풍산의료재단동부제일병원,20260922212038,02-437-5011,,,,,,,1,,,,,,Y,,Y,N1,N1,Y,7,N1,45,N1,,N1,N,,2,N1,7,,,1,,,,,2,,,1,1,,3,,,,,,,,124,,,Y,N1,A1100075,50,,,,,,,,,,,,,,,,,,,,,,,,,,,,,,,,,,,,,,,,,,,,,,,,,,,,
2026-09-22 21:29:15,서울특별시,A1100044,녹색병원,20260922212501,02-490-2000,,,,,,1,4,,,0,N,,Y,,Y,N1,Y,Y,-2,N1,100,N1,5,N1,Y,,3,N1,5,,1,4,,,17,,3,3,1,2,1,,22,,,1,,,,,293,,,Y,N1,A1100044,51,,,,2,,,,,,3,,,,,,,,,,,,,,,,,,,,,,,,,,,,,,,,,,,,,,,,,,
2026-09-22 21:59:16,서울특별시,A1100043,강동경희대학교병원,20260922215515,02-440-7114,Y,Y,1,2,3,2,2,3,3,0,Y,N,Y,Y,Y,Y,Y,Y,7,Y,144,Y,1,Y,Y,6,17,N,15,3,2,3,19,17,27,30,17,1,8,2,2,3,32,9,13,4,1,1,0,0,625,3,2,Y,Y,A1100043,1,,,,,,,,,,,,,,,,,,,,,,,,,,,,,,,,,,,,,,,,,,,,,,,,,,,,
2026-09-22 21:59:16,서울특별시,A1100014,고려대학교의과대학부속구로병원,20260922215339,02-2626-1114,Y,Y,,,2,,,2,7,3,Y,,Y,Y,Y,Y,Y,Y,3,Y,37,Y,11,Y,Y,-1,23,N1,29,3,,,20,23,35,30,24,4,2,6,6,4,98,11,35,15,10,3,,,778,,,Y,Y,A1100014,2,4,1,2,0,5,1,20,4,6,10,18,5,,,,,,,,,,,,,,,,,,,,,,,,,,,,,,,,,,,,,,,,
2026-09-22 21:59:16,서울특별시,A1100013,한양대학교병원,20260922215300,02-2290-8114,Y,Y,0,,2,,,3,4,0,Y,,Y,Y,Y,Y,Y,Y,8,Y,147,Y,0,Y,Y,-2,15,Y,20,3,,,22,14,0,30,16,2,1,3,2,3,69,10,23,13,6,3,,1,670,2,,Y,Y,A1100013,3,4,3,,1,1,,12,,,2,16,4,1,0,8,5,,,,,,,,,,,,,,,,,,,,,,,,,,,,,,,,,,,,
2026-09-22 21:59:16,서울특별시,A1100008,학교법인고려중앙학원고려대학교의과대학부속병원(안암병원),20260922215448,1577-0083,Y,Y,0,,-1,,,3,9,0,Y,,Y,Y,Y,Y,Y,Y,6,Y,122,Y,,Y,Y,-3,23,Y,30,4,,,15,17,,31,25,3,4,7,6,8,84,14,20,11,8,7,,1,777,6,,Y,Y,A1100008,4,0,3,5,2,3,,16,19,,6,10,2,5,,7,,2,9,,,,,,,,,,,,,,,,,,,,,,,,,,,,,,,,,,
2026-09-22 21:59:16,서울특별시,A1100005,이화여자대학교의과대학부속목동병원,20260922215045,02-2650-5114,Y,Y,1,,8,2,2,8,6,4,Y,,Y,Y,Y,Y,Y,Y,6,Y,35,Y,,Y,Y,12,12,Y,19,8,2,4,19,28,,32,13,9,2,4,4,4,58,10,34,9,3,5,,1,526,1,,Y,Y,A1100005,5,,0,7,0,2,,10,13,,4,10,,,0,,1,,,4,14,,,,,,,,,,,,,,,,,,,,,,,,,,,,,,,,
2026-09-22 21:59:16,서울특별시,A1100017,서울대학교병원,20260922215437,02-1588-5700,Y,Y,0,,9,2,2,4,15,4,Y,Y,Y,Y,Y,Y,Y,Y,-1,Y,118,Y,,Y,Y,6,51,N1,24,10,2,4,17,40,,30,53,7,4,13,13,14,160,19,46,22,9,3,1,,1365,2,,Y,Y,A1100017,6,,3,8,8,7,,10,18,,28,41,,,0,,1,2,6,0,5,1,1,0,0,0,7,2,6,3,7,22,2,10,10,6,1,1,0,0,8,,,,,,,,,,,,
2026-09-22 21:59:16,서울특별시,A1100035,서울특별시서울의료원,20260922215500,02-2276-7000,Y,Y,1,,3,2,3,4,14,2,Y,Y,Y,Y,Y,Y,Y,Y,13,Y,150,Y,1,Y,Y,1,10,Y,19,3,2,3,14,3,5,28,10,3,4,5,3,5,65,5,12,7,2,4,1,2,461,2,,Y,Y,A1100035,7,,2,,,14,,7,,,,30,,,2,,4,,,0,6,,,,,,,,,,,,,,,,,,,,,1,2,,,,,,,,,,
2026-09-22 21:59:16,서울특별시,A1100015,연세대학교의과대학강남세브란스병원,20260922215459,02-2019-3114,Y,Y,,,1,1,2,,,5,Y,,Y,Y,Y,Y,Y,Y,-1,Y,136,Y,12,Y,Y,0,23,N1,21,2,1,2,,28,29,,23,5,1,4,3,6,47,10,23,6,3,5,,,691,,,Y,Y,A1100015,8,,,,,,,,,,,,,,,,,3,8,1,12,,,,,,,,,,,,,,,,,,,,,,,,,,,,,,,,
2026-09-22 21:59:16,서울특별시,A1100010,삼성서울병원,20260922215350,02-3410-2114,Y,Y,,,2,2,1,,,0,Y,,Y,Y,Y,Y,Y,Y,-20,Y,130,Y,,Y,Y,3,44,N1,52,4,2,2,,59,,,46,8,6,19,16,15,117,22,43,21,11,2,,,1528,,,Y,Y,A1100010,9,,9,13,,6,,28,23,,,27,,,,,,1,12,0,12,,,,,,6,,,,15,14,,,36,,,,,,,,,,,,,,,,,,
2026-09-22 21:59:16,서울특별시,A1100028,성심의료재단강동성심병원,20260922215047,02-2224-2114,Y,Y,,,,1,5,,,0,Y,,Y,Y,Y,Y,Y,Y,4,Y,156,Y,0,Y,Y,1,12,N1,15,,1,6,,3,19,,13,2,1,4,2,5,35,3,3,8,3,1,,,566,,,Y,Y,A1100028,10,,2,,1,,,18,,,5,,,,,,,,,,,,,,,,,,,,,,,,,,,,,,,,,2,2,,,,,,,,
2026-09-22 21:59:16,서울특별시,A1100053,한국보훈복지의료공단 중앙보훈병원,20260922215059,02-2225-1111,,,,,,1,2,2,0,2,N,,Y,Y,Y,Y,Y,Y,17,Y,230,N1,,N1,Y,,13,N1,22,,1,2,2,,,3,13,7,1,3,4,4,38,,,10,1,,,,820,,,Y,N1,A1100053,11,,4,5,1,35,,14,14,,1,60,,,,,,3,10,1,13,,,,,,,,,,,,,,,,,,,,,,,,,,,,,,,,
2026-09-22 21:59:16,서울특별시,A1120796,이화여자대학교의과대학부속서울병원,20260922215054,1522-7000,Y,Y,,,9,2,5,,,0,Y,,Y,Y,Y,Y,Y,Y,-2,Y,128,Y,0,Y,Y,5,18,N1,14,9,2,6,,24,11,,19,4,2,5,5,8,71,9,22,12,4,5,,,736,,,Y,Y,A1120796,12,,0,6,1,,,10,17,,7,,,,,,,5,11,4,17,,,,,,,,,,4,,,,19,,,,,,,,,,,,,,,,,,
2026-09-22 21:59:16,서울특별시,A1100041,의료법인서울효천의료재단에이치플러스양지병원,20260922215510,02-1877-8875,,,,,,0,2,,,0,,,Y,Y,Y,Y,Y,Y,9,Y,10,Y,6,N1,Y,,6,N1,18,,1,2,,,27,,7,3,,2,3,3,23,,,5,1,1,,,293,,,Y,N1,A1100041,13,,,,0,,,,,,1,,,,,,,,,,,,,,,,,,,,,,,,,,,,,,,,,,,,,,,,,,
2026-09-22 21:59:16,서울특별시,A1100002,건국대학교병원,20260922215306,1588-1533,Y,Y,,,1,1,2,,,3,Y,,Y,Y,Y,Y,Y,Y,6,Y,126,Y,,Y,Y,-1,21,N1,20,4,1,2,,16,,,21,3,2,4,4,5,45,7,18,7,3,14,,,678,,,Y,Y,A1100002,14,,8,10,1,7,,24,25,,1,14,,,,,,,,,,,,,,,,,,,,,,,,,,,,,,,,,,,,,,,,,
2026-09-22 21:59:16,서울특별시,A1100016,인제대학교상계백병원,20260922215143,02-950-1114,Y,Y,,,,1,1,,,0,Y,,Y,Y,Y,Y,Y,Y,4,Y,52,Y,,Y,Y,0,13,N1,16,,1,2,,15,,,13,2,2,3,2,3,36,10,25,10,3,1,,,390,,,Y,Y,A1100016,15,,0,0,2,4,,19,18,,4,5,,,,,,,,,,,,,,,,,,,,,,,,,,,,,,,,0,4,,,,,,,,
2026-09-22 21:59:16,서울특별시,A1100048,노원을지대학교병원,20260922215103,02-970-8000,Y,Y,,,,1,4,,,0,Y,,Y,Y,Y,Y,Y,Y,9,Y,210,N1,,Y,Y,1,11,N1,17,,1,4,,10,,,11,1,3,2,2,2,26,8,19,3,1,,,,479,,,Y,Y,A1100048,16,,2,6,1,5,,16,16,,2,21,,,,,,,,,,,,,,,,,,,,,,,,,,,,,,,,,,0,0,0,0,,,,
2026-09-22 21:59:16,서울특별시,A1100020,의료법인한전의료재단 한일병원,20260922215503,02-901-3114,N,N,,,2,2,1,1,2,2,,Y,Y,Y,Y,Y,Y,Y,15,N1,70,Y,6,N,Y,,8,Y,21,2,2,2,2,,21,3,8,5,,2,1,2,25,1,4,2,,4,2,2,389,,,Y,N,A1100020,17,,,,0,,,,,,1,,,,,,,,,,,,,,,,,,,,,,,,,,,,,,,,,,,,,,,,,,
2026-09-22 21:59:16,서울특별시,A1100001,경희대학교병원,20260922215439,02-958-8114,Y,Y,,,3,2,1,,,8,Y,,Y,Y,Y,Y,Y,Y,7,Y,163,Y,36,Y,Y,0,16,N1,15,3,2,3,,18,73,,16,10,3,3,3,5,48,6,12,8,3,2,,,653,,,Y,Y,A1100001,18,,,,,7,,,,,,20,,,,,,,,6,15,,,,,,,,,,,,,,,,,,,,,,,,,,,,,,,,
2026-09-22 21:59:16,서울특별시,A1100021,삼육서울병원,20260922215511,02-2244-0191,,N,,,,1,1,1,1,3,Y,,Y,Y,Y,Y,Y,Y,9,Y,105,Y,5,N,Y,4,5,Y,13,,1,2,2,4,15,3,5,4,2,1,1,2,20,,4,5,2,1,,1,389,,,Y,N1,A1100021,19,,,,1,,,,,,1,,,,,,,,,,,,,,,,,,,,,,,,,,,,,,,,,1,4,,,,,,,,
2026-09-22 21:59:16,서울특별시,A1100040,서울특별시보라매병원,20260922215500,02-870-2114,Y,Y,,,3,1,0,,,3,Y,,Y,Y,Y,Y,Y,Y,15,Y,179,Y,,Y,Y,0,14,N1,31,3,2,1,,14,,,14,3,4,6,3,5,48,14,13,5,9,2,,,695,,,Y,Y,A1100040,20,,3,11,1,1,,15,16,,4,14,,,,,,3,4,,,,,,,,,,,,,,,,,,,,,,,,,,,,,,,,,,
2026-09-22 21:59:16,서울특별시,A1100003,중앙대학교병원,20260922215508,1800-1114,Y,Y,1,,2,2,3,4,,0,Y,,Y,Y,Y,Y,Y,Y,7,Y,155,Y,,Y,Y,0,15,N1,22,4,2,3,12,25,,,16,2,2,4,3,4,51,9,21,13,6,12,,,629,1,,Y,Y,A1100003,21,0,8,0,2,2,,12,17,,11,2,0,0,,0,,,,,,,,,,1,,,,,,,,,,,,,,,4,,,,,,,,,,,,
2026-09-22 21:59:16,서울특별시,A1100007,연세대학교의과대학세브란스병원,20260922215402,02-2228-0114,Y,Y,,,5,1,3,,,6,Y,Y,Y,Y,Y,Y,Y,Y,7,Y,313,Y,3,Y,Y,14,5,N1,39,8,1,3,,52,18,,8,30,8,16,16,17,206,55,61,21,16,21,1,,1872,,,Y,Y,A1100007,22,,17,7,1,2,,29,24,,5,20,,,,,,6,23,3,29,1,1,,,,1,0,3,3,4,22,2,10,17,6,1,1,,,,,,,,,,,,,,,
2026-09-22 21:59:16,서울특별시,A1100012,학교법인가톨릭학원가톨릭대학교서울성모병원,20260922215510,0215881511,Y,Y,,,3,,,2,3,2,Y,,Y,Y,Y,Y,Y,Y,-7,Y,114,Y,1,Y,Y,7,32,N1,28,7,,,2,50,5,6,32,10,2,9,10,8,80,40,39,11,9,4,,,1053,,,Y,Y,A1100012,23,0,6,16,11,14,,22,20,,18,35,1,2,,5,,5,10,2,19,1,1,,,,1,1,0,,3,3,2,,8,6,1,1,,,,,,,,,,,,,,,
2026-09-22 21:59:16,서울특별시,A1100009,재단법인아산사회복지재단서울아산병원,20260922215515,02-3010-3114,Y,Y,1,,5,1,2,0,3,3,Y,,Y,Y,Y,Y,Y,Y,-4,Y,202,Y,1,Y,Y,22,71,Y,36,11,1,22,2,61,12,4,74,8,8,21,15,17,190,33,49,30,14,5,,1,2104,1,,Y,Y,A1100009,24,,3,7,19,12,,24,37,,47,28,,,1,,6,2,12,4,12,2,0,,,,3,1,0,2,2,26,2,13,12,6,2,1,,,,,,,,,,,,,,,
2026-09-22 21:59:16,서울특별시,A1100011,가톨릭대학교여의도성모병원,20260922215510,02-1661-7575,,,,,,1,4,2,,0,Y,,Y,Y,Y,Y,Y,Y,4,Y,31,Y,,N1,Y,,13,N1,15,,1,4,2,,,,13,1,2,2,2,2,23,,,5,1,2,,,330,,,Y,N1,A1100011,25,,-2,2,1,,,10,8,,1,,,,,,,,,1,9,,,,,,,,,,,,,,,,,,,,,,,,,,,,,,,,
2026-09-22 21:59:16,서울특별시,A1100055,한림대학교강남성심병원,20260922215103,02-829-5114,Y,Y,,,3,3,0,0,2,,Y,,Y,Y,Y,Y,Y,Y,14,Y,164,Y,,Y,Y,0,14,N1,20,3,3,2,2,12,,3,14,,3,3,3,3,54,21,22,13,3,2,,,493,,,Y,Y,A1100055,26,,4,8,5,,,21,23,,7,,,,,,,0,10,,,,,,,,,,,,,,,,,,,,,,,,,,,,,,,,,,
2026-09-22 21:59:16,서울특별시,A1100054,성애의료재단성애병원,20260922215320,02-840-7114,Y,Y,,,,1,3,,,,Y,,Y,Y,Y,Y,Y,Y,7,N1,67,N1,4,Y,Y,4,5,N1,15,,1,4,,4,19,,5,,2,2,2,1,8,5,14,2,,,,,252,,,Y,Y,A1100054,27,,,,0,,,,,,1,,,,,,,,,,,,,,,,,,,,,,,,,,,,,,,,,,,,,,,,,,
2026-09-22 21:59:16,서울특별시,A1100004,순천향대학교부속서울병원,20260922215424,02-709-9114,Y,Y,,,4,1,2,1,3,2,Y,,Y,Y,Y,Y,Y,Y,7,Y,155,Y,6,Y,Y,-1,12,N1,20,4,1,2,2,13,43,3,14,4,7,3,3,4,51,8,17,14,5,3,,,597,,,Y,Y,A1100004,28,,,,0,8,,,,,10,21,,,,,,,,,,,,,0,0,,,,,,,,,,,,,,0,0,,,0,0,,,,,,,,
2026-09-22 21:59:16,서울특별시,A1121013,가톨릭대학교은평성모병원,20260922215509,02-1811-7755,Y,Y,,,7,2,2,,,2,Y,,Y,Y,Y,Y,Y,Y,8,Y,195,Y,,Y,Y,5,19,N1,24,8,2,2,,19,,,19,5,1,4,3,5,46,19,22,10,5,20,,,651,,,Y,Y,A1121013,29,,1,4,0,,,16,9,,4,,,,,,,2,12,2,13,,,,,,,,,,,,,,,,,,,,,,,,,,,,,,,,
2026-09-22 21:59:16,서울특별시,A1100006,강북삼성병원,20260922215529,02-2001-2001,Y,Y,,,1,1,0,,,2,Y,,Y,Y,Y,Y,Y,Y,3,Y,39,Y,6,Y,Y,1,15,N1,15,2,1,2,,14,24,,16,3,1,5,4,6,54,13,14,8,4,3,,,569,,,Y,Y,A1100006,30,,,0,2,7,,,4,,5,18,,,,,,,,2,12,,,,,,,,,,0,,,,8,,,,,,,,,,,,,,,,,,
2026-09-22 21:59:16,서울특별시,A1100052,국립중앙의료원,20260922215505,02-2260-7114,N,Y,,0,3,2,2,0,0,3,Y,,Y,Y,Y,Y,Y,Y,10,Y,0,Y,2,Y,Y,,7,N1,15,3,2,3,6,,13,0,7,7,1,1,1,2,56,1,3,5,5,2,,,202,,0,Y,N,A1100052,31,,,0,2,,3,,0,20,2,,,,,,,,,,,,,0,,0,,,,,,,,,,,,,0,,0,,,4,5,2,6,2,6,8,2,50,2
2026-09-22 21:59:16,서울특별시,A1100036,부민병원,20260922215528,1577-7582,,Y,,,,1,,,,0,Y,,Y,Y,Y,Y,Y,Y,9,Y,49,N1,1,Y,Y,,8,N1,10,,1,,,,14,,8,3,1,3,3,1,22,,1,2,1,,,,282,,,Y,N1,A1100036,32,,,,0,,,,,,1,,,,,,,,,,,,,,,,,,,,,,,,,,,,,,,,,,,,,,,,,,
2026-09-22 21:59:16,서울특별시,A1100051,혜민병원,20260922215515,02-2049-9000,,,,,,1,,,,,,,Y,,Y,N1,Y,Y,9,N1,30,N1,11,N1,Y,,5,N1,9,,1,,,,19,,5,,,2,2,,16,,,2,,,,,205,,,Y,N1,A1100051,33,,,,,,,,,,,,,,,,,,,,,,,,,,,,,,,,,,,,,,,,,,,,,,,,,,,,
2026-09-22 21:59:16,서울특별시,A1100026,구로성심병원,20260922215525,02-2067-1500,,,,,,,1,,,,,,Y,,Y,N1,N1,Y,7,N1,47,N1,0,N1,Y,,3,N1,9,,,1,,,11,,3,,,1,1,,5,,,,,,,,191,,,Y,N1,A1100026,34,,,,,,,,,,,,,,,,,,,,,,,,,,,,,,,,,,,,,,,,,,,,,,,,,,,,
2026-09-22 21:59:16,서울특별시,A1100049,희명병원,20260922215351,02-804-0002,,,,,,,1,,,,,,Y,,Y,N1,Y,Y,5,Y,120,N1,2,N1,Y,,4,N1,10,,,1,,,19,,4,,,1,1,,9,,,1,1,,,,228,,,Y,N1,A1100049,35,,,,,,,,,,,,,,,,,,,,,,,,,,,,,,,,,,,,,,,,,,,,,,,,,,,,
2026-09-22 21:59:16,서울특별시,A1100027,한국원자력의학원원자력병원,20260922215141,02-970-2114,,Y,,,,1,1,,,1,Y,,Y,Y,Y,Y,Y,Y,8,N1,222,N1,6,Y,Y,,10,N1,9,,1,1,,,10,,10,1,1,4,2,1,16,,2,1,,,,,444,,,Y,N1,A1100027,36,,,,1,,,,,,1,,,,,,,,,,,,,,,,,,,,,,,,,,,,,,,,,1,1,,,,,,,,
2026-09-22 21:59:16,서울특별시,A1100022,서울특별시동부병원,20260922215520,02-920-9114,,Y,,,,1,1,,,,Y,,Y,,Y,N1,Y,Y,7,N1,29,N1,3,Y,Y,,3,N1,8,,1,1,,,8,,3,,1,1,1,,7,,1,1,,,,,195,,,Y,N1,A1100022,37,,,,1,,,,,,1,,,,,,,,,,,,,,,,,,,,,,,,,,,,,,,,,,,,,,,,,,
2026-09-22 21:59:16,서울특별시,A1100050,서울성심병원,20260922215444,02-966-1616,,,,,,1,2,,,,,,Y,,Y,N1,N1,Y,13,N1,87,N1,6,N1,Y,,6,N1,17,,1,2,,,10,,6,,,1,1,,11,,,,,,,,208,,,Y,N1,A1100050,38,,,,,,,,,,,,,,,,,,,,,,,,,,,,,,,,,,,,,,,,,,,,,,,,,,,,
2026-09-22 21:59:16,서울특별시,A1100025,의료법인동신의료재단동신병원,20260922215410,02-396-9161,,,,,,,1,,,,,,Y,,Y,N1,N1,Y,6,N1,55,N1,2,N1,Y,,3,N1,9,,,1,,,9,,3,,,1,1,,7,,,,,,,,196,,,Y,N1,A1100025,39,,,,,,,,,,,,,,,,,,,,,,,,,,,,,,,,,,,,,,,,,,,,,,,,,,,,
2026-09-22 21:59:16,서울특별시,A1122033,기쁨병원,20260922215515,02-570-1234,,,,,,,1,,,,,,Y,Y,Y,Y,N1,Y,0,N1,39,N1,,N1,Y,,7,N1,4,,,1,,,,,8,,,1,1,1,1,,,,,,,,110,,,Y,N1,A1122033,40,,,,,,,,,,,,,,,,,,,,,,,,,,,,,,,,,,,,,,,,,,,,,,,,,,,,
2026-09-22 21:59:16,서울특별시,A1100039,경찰병원,20260922215502,02-3400-1114,,,,,,1,,,,2,,,Y,,Y,N1,Y,Y,0,N1,135,N1,13,N1,Y,,7,N1,3,,1,,,,14,,7,2,,2,3,,10,,,2,,,,,187,,,Y,N1,A1100039,41,,,,2,,,,,,2,,,,,,,,,,,,,,,,,,,,,,,,,,,,,,,,,0,1,,,,,,,,
2026-09-22 21:59:16,서울특별시,A1100019,홍익병원,20260922215502,02-2693-5555,,,,,,,0,,,0,,,Y,Y,Y,Y,N,Y,6,N1,76,N1,4,N1,Y,,4,N1,9,,,1,,,14,,4,1,,4,2,2,7,,,1,,,,,251,,,Y,N1,A1100019,42,,,,1,,,,,,1,,,,,,,,,,,,,,,,,,,,,,,,,,,,,,,,,,,,,,,,,,
2026-09-22 21:59:16,서울특별시,A1100223,서울특별시서남병원,20260922215000,1566-6688,,,,0,,1,2,2,2,4,,,Y,,Y,N1,Y,Y,14,Y,55,Y,11,N1,Y,,4,N1,17,,1,2,2,,17,3,4,4,,2,1,,16,,,1,1,1,,,275,,0,Y,N1,A1100223,43,,,,0,,,,,,1,,,,,,,,,,,,,,,,,,,,,,,,,,,,,,,,,,,,,,,,,,
2026-09-22 21:59:16,서울특별시,A1100024,명지성모병원,20260922215620,02-1899-1475,,,,,,1,1,,,,,,Y,Y,Y,Y,N1,Y,7,N1,97,N1,1,N1,Y,,3,N1,8,,1,1,,,12,,3,,,1,3,2,7,,,,,,,,212,,,Y,N1,A1100024,44,,,,1,,,,,,1,,,,,,,,,,,,,,,,,,,,,,,,,,,,,,,,,,,,,,,,,,
2026-09-22 21:59:16,서울특별시,A1100037,대림성모병원,20260922215515,02-829-9000,,,,,,,1,,,,,,Y,,Y,N1,N1,Y,8,N1,28,N1,,N1,Y,,4,N1,8,,,2,,,,,4,,,1,2,,1,,,,,,,,114,,,Y,N1,A1100037,45,,,,,,,,,,,,,,,,,,,,,,,,,,,,,,,,,,,,,,,,,,,,,,,,,,,,
2026-09-22 21:59:16,서울특별시,A1100045,씨엠병원,20260922214500,02-2678-0001,,,,,,,1,,,,,,Y,,Y,N1,N1,Y,9,N1,30,N1,,N1,Y,,5,N1,9,,,1,,,,,5,,,2,2,,6,,,,,,,,110,,,Y,N1,A1100045,46,,,,,,,,,,,,,,,,,,,,,,,,,,,,,,,,,,,,,,,,,,,,,,,,,,,,
2026-09-22 21:59:16,서울특별시,A1100023,의료법인청구성심병원,20260922215254,02-350-3300,,,,,,,1,,,,,,Y,,Y,N1,N1,Y,6,N1,30,N1,2,N1,Y,,3,N1,10,,,1,,,6,,3,,,1,1,,4,,,,,,,,196,,,Y,N1,A1100023,47,,,,,,,,,,,,,,,,,,,,,,,,,,,,,,,,,,,,,,,,,,,,,,,,,,,,
2026-09-22 21:59:16,서울특별시,A1100029,서울적십자병원,20260922215427,02-2002-8000,,,,,,1,,,,,,,Y,,Y,N1,Y,Y,9,N1,99,N1,6,N1,Y,,6,N1,10,,1,,,,12,,6,,,1,1,,11,,,2,,,,,260,,,Y,N1,A1100029,48,,,,,,,,,,,,,,,,,,,,,,,,,,,,,,,,,,,,,,,,,,,,,,,,,,,,
2026-09-22 21:59:16,서울특별시,A1100032,세란병원,20260922215234,02-737-0181,,,,,,,1,,,,,,Y,,Y,N1,N1,Y,5,N1,44,N1,,N1,Y,,13,N1,10,,,1,,,,,13,,,3,5,,3,,,,,,,,205,,,Y,N1,A1100032,49,,,,,,,,,,,,,,,,,,,,,,,,,,,,,,,,,,,,,,,,,,,,,,,,,,,,
2026-09-22 21:59:16,서울특별시,A1100075,의료법인풍산의료재단동부제일병원,20260922215041,02-437-5011,,,,,,,1,,,,,,Y,,Y,N1,N1,Y,7,N1,45,N1,,N1,N,,2,N1,7,,,1,,,,,2,,,1,1,,3,,,,,,,,124,,,Y,N1,A1100075,50,,,,,,,,,,,,,,,,,,,,,,,,,,,,,,,,,,,,,,,,,,,,,,,,,,,,
2026-09-22 21:59:16,서울특별시,A1100044,녹색병원,20260922215503,02-490-2000,,,,,,1,4,,,0,N,,Y,,Y,N1,Y,Y,-1,N1,100,N1,4,N1,Y,,3,N1,5,,1,4,,,17,,3,3,1,2,1,,22,,,1,,,,,293,,,Y,N1,A1100044,51,,,,2,,,,,,3,,,,,,,,,,,,,,,,,,,,,,,,,,,,,,,,,,,,,,,,,,
2026-09-22 22:29:17,서울특별시,A1100043,강동경희대학교병원,20260922222517,02-440-7114,Y,Y,1,2,3,2,2,3,3,0,Y,N,Y,Y,Y,Y,Y,Y,5,Y,144,Y,2,Y,Y,6,17,N,15,3,2,3,19,17,27,30,17,1,8,2,2,3,32,9,13,4,1,1,0,0,625,3,2,Y,Y,A1100043,1,,,,,,,,,,,,,,,,,,,,,,,,,,,,,,,,,,,,,,,,,,,,,,,,,,,,
2026-09-22 22:29:17,서울특별시,A1100014,고려대학교의과대학부속구로병원,20260922222442,02-2626-1114,Y,Y,,,2,,,2,7,3,Y,,Y,Y,Y,Y,Y,Y,4,Y,37,Y,11,Y,Y,-1,23,N1,29,3,,,20,23,35,30,24,4,2,6,6,4,98,11,35,15,10,3,,,778,,,Y,Y,A1100014,2,4,1,2,0,5,1,20,4,6,10,18,5,,,,,,,,,,,,,,,,,,,,,,,,,,,,,,,,,,,,,,,,
2026-09-22 22:29:17,서울특별시,A1100013,한양대학교병원,20260922222259,02-2290-8114,Y,Y,0,,1,,,3,4,0,Y,,Y,Y,Y,Y,Y,Y,10,Y,147,Y,0,Y,Y,-2,16,Y,20,3,,,22,14,0,30,16,2,1,3,2,3,69,10,23,13,6,3,,1,670,2,,Y,Y,A1100013,3,4,3,,1,1,,12,,,2,16,4,1,0,8,5,,,,,,,,,,,,,,,,,,,,,,,,,,,,,,,,,,,,
2026-09-22 22:29:17,서울특별시,A1100008,학교법인고려중앙학원고려대학교의과대학부속병원(안암병원),20260922222406,1577-0083,Y,Y,0,,-1,,,3,9,0,Y,,Y,Y,Y,Y,Y,Y,3,Y,122,Y,,Y,Y,-3,23,Y,30,4,,,15,17,,31,25,3,4,7,6,8,84,14,20,11,8,7,,1,777,6,,Y,Y,A1100008,4,0,3,5,2,3,,16,19,,6,10,2,5,,7,,2,9,,,,,,,,,,,,,,,,,,,,,,,,,,,,,,,,,,
2026-09-22 22:29:17,서울특별시,A1100005,이화여자대학교의과대학부속목동병원,20260922222045,02-2650-5114,Y,Y,1,,8,2,2,8,6,4,Y,,Y,Y,Y,Y,Y,Y,8,Y,35,Y,,Y,Y,12,13,Y,19,8,2,4,19,28,,32,13,9,2,4,4,4,58,10,34,9,3,5,,1,526,1,,Y,Y,A1100005,5,,0,7,0,2,,10,13,,4,10,,,0,,1,,,4,14,,,,,,,,,,,,,,,,,,,,,,,,,,,,,,,,
2026-09-22 22:29:17,서울특별시,A1100017,서울대학교병원,20260922222437,02-1588-5700,Y,Y,0,,9,2,2,4,15,4,Y,Y,Y,Y,Y,Y,Y,Y,-1,Y,118,Y,,Y,Y,6,53,N1,24,10,2,4,17,40,,30,53,7,4,13,13,14,160,19,46,22,9,3,1,,1365,2,,Y,Y,A1100017,6,,3,8,8,7,,10,18,,28,41,,,0,,1,2,6,0,5,1,1,0,0,0,7,2,6,3,7,22,2,10,10,6,1,1,0,0,8,,,,,,,,,,,,
2026-09-22 22:29:17,서울특별시,A1100035,서울특별시서울의료원,20260922222500,02-2276-7000,Y,Y,1,,3,2,3,4,14,2,Y,Y,Y,Y,Y,Y,Y,Y,12,Y,150,Y,1,Y,Y,1,10,Y,19,3,2,3,14,3,5,28,10,3,4,5,3,5,65,5,12,7,2,4,1,2,461,2,,Y,Y,A1100035,7,,2,,,14,,7,,,,30,,,2,,4,,,0,6,,,,,,,,,,,,,,,,,,,,,1,2,,,,,,,,,,
2026-09-22 22:29:17,서울특별시,A1100015,연세대학교의과대학강남세브란스병원,20260922222500,02-2019-3114,Y,Y,,,1,1,2,,,5,Y,,Y,Y,Y,Y,Y,Y,0,Y,137,Y,12,Y,Y,0,23,N1,21,2,1,2,,28,29,,23,5,1,4,3,6,47,10,23,6,3,5,,,691,,,Y,Y,A1100015,8,,,,,,,,,,,,,,,,,3,8,1,12,,,,,,,,,,,,,,,,,,,,,,,,,,,,,,,,
2026-09-22 22:29:17,서울특별시,A1100010,삼성서울병원,20260922222457,02-3410-2114,Y,Y,,,2,1,1,,,0,Y,,Y,Y,Y,Y,Y,Y,-23,Y,130,Y,,Y,Y,3,45,N1,52,4,2,2,,59,,,46,8,6,19,16,15,117,22,43,21,11,2,,,1528,,,Y,Y,A1100010,9,,9,13,,6,,28,23,,,27,,,,,,1,12,0,12,,,,,,6,,,,15,14,,,36,,,,,,,,,,,,,,,,,,
2026-09-22 22:29:17,서울특별시,A1100028,성심의료재단강동성심병원,20260922222048,02-2224-2114,Y,Y,,,,1,5,,,0,Y,,Y,Y,Y,Y,Y,Y,4,Y,155,Y,0,Y,Y,1,12,N1,15,,1,6,,3,19,,13,2,1,4,2,5,35,3,3,8,3,1,,,566,,,Y,Y,A1100028,10,,2,,1,,,18,,,5,,,,,,,,,,,,,,,,,,,,,,,,,,,,,,,,,0,2,,,,,,,,
2026-09-22 22:29:17,서울특별시,A1100053,한국보훈복지의료공단 중앙보훈병원,20260922222059,02-2225-1111,,,,,,1,2,2,0,2,N,,Y,Y,Y,Y,Y,Y,17,Y,231,N1,,N1,Y,,13,N1,22,,1,2,2,,,3,13,7,1,3,4,4,38,,,10,1,,,,820,,,Y,N1,A1100053,11,,4,5,1,35,,14,14,,1,60,,,,,,2,10,1,13,,,,,,,,,,,,,,,,,,,,,,,,,,,,,,,,
2026-09-22 22:29:17,서울특별시,A1120796,이화여자대학교의과대학부속서울병원,20260922222053,1522-7000,Y,Y,,,9,2,5,,,0,Y,,Y,Y,Y,Y,Y,Y,-2,Y,128,Y,0,Y,Y,5,18,N1,14,9,2,6,,24,11,,19,4,2,5,5,8,71,9,22,12,4,5,,,736,,,Y,Y,A1120796,12,,0,6,1,,,10,17,,7,,,,,,,4,11,4,17,,,,,,,,,,4,,,,19,,,,,,,,,,,,,,,,,,
2026-09-22 22:29:17,서울특별시,A1100041,의료법인서울효천의료재단에이치플러스양지병원,20260922222510,02-1877-8875,,,,,,0,2,,,0,,,Y,Y,Y,Y,Y,Y,3,Y,10,Y,6,N1,Y,,6,N1,18,,1,2,,,27,,7,3,,2,3,3,23,,,5,1,1,,,293,,,Y,N1,A1100041,13,,,,0,,,,,,1,,,,,,,,,,,,,,,,,,,,,,,,,,,,,,,,,,,,,,,,,,
2026-09-22 22:29:17,서울특별시,A1100002,건국대학교병원,20260922222306,1588-1533,Y,Y,,,2,1,2,,,3,Y,,Y,Y,Y,Y,Y,Y,6,Y,125,Y,,Y,Y,-1,21,N1,20,4,1,2,,16,,,21,3,2,4,4,5,45,7,18,7,3,14,,,678,,,Y,Y,A1100002,14,,8,10,1,7,,24,25,,1,14,,,,,,,,,,,,,,,,,,,,,,,,,,,,,,,,,,,,,,,,,
2026-09-22 22:29:17,서울특별시,A1100016,인제대학교상계백병원,20260922222148,02-950-1114,Y,Y,,,,1,1,,,0,Y,,Y,Y,Y,Y,Y,Y,4,Y,52,Y,,Y,Y,0,13,N1,16,,1,2,,15,,,13,2,2,3,2,3,36,10,25,10,3,1,,,390,,,Y,Y,A1100016,15,,0,0,2,4,,19,18,,4,5,,,,,,,,,,,,,,,,,,,,,,,,,,,,,,,,0,4,,,,,,,,
2026-09-22 22:29:17,서울특별시,A1100048,노원을지대학교병원,20260922222102,02-970-8000,Y,Y,,,,1,4,,,0,Y,,Y,Y,Y,Y,Y,Y,8,Y,210,N1,,Y,Y,1,11,N1,17,,1,4,,10,,,11,1,3,2,2,2,26,8,19,3,1,,,,479,,,Y,Y,A1100048,16,,2,6,1,5,,16,16,,2,21,,,,,,,,,,,,,,,,,,,,,,,,,,,,,,,,,,0,0,0,0,,,,
2026-09-22 22:29:17,서울특별시,A1100020,의료법인한전의료재단 한일병원,20260922222503,02-901-3114,N,N,,,2,2,1,1,2,2,,Y,Y,Y,Y,Y,Y,Y,13,N1,70,Y,6,N,Y,,8,Y,21,2,2,2,2,,21,3,8,5,,2,1,2,25,1,4,2,,4,2,2,389,,,Y,N,A1100020,17,,,,0,,,,,,1,,,,,,,,,,,,,,,,,,,,,,,,,,,,,,,,,,,,,,,,,,
2026-09-22 22:29:17,서울특별시,A1100001,경희대학교병원,20260922222435,02-958-8114,Y,Y,,,3,2,1,,,8,Y,,Y,Y,Y,Y,Y,Y,6,Y,163,Y,35,Y,Y,0,16,N1,15,3,2,3,,18,73,,16,10,3,3,3,5,48,6,12,8,3,2,,,653,,,Y,Y,A1100001,18,,,,,6,,,,,,20,,,,,,,,6,15,,,,,,,,,,,,,,,,,,,,,,,,,,,,,,,,
2026-09-22 22:29:17,서울특별시,A1100021,삼육서울병원,20260922222535,02-2244-0191,,N,,,,1,1,1,1,3,Y,,Y,Y,Y,Y,Y,Y,9,Y,105,Y,5,N,Y,4,5,Y,13,,1,2,2,4,15,3,5,4,2,1,1,2,20,,4,5,2,1,,1,389,,,Y,N1,A1100021,19,,,,1,,,,,,1,,,,,,,,,,,,,,,,,,,,,,,,,,,,,,,,,1,4,,,,,,,,
2026-09-22 22:29:17,서울특별시,A1100040,서울특별시보라매병원,20260922222500,02-870-2114,Y,Y,,,2,1,0,,,3,Y,,Y,Y,Y,Y,Y,Y,17,Y,179,Y,,Y,Y,0,14,N1,31,3,2,1,,14,,,14,3,4,6,3,5,48,14,13,5,9,2,,,695,,,Y,Y,A1100040,20,,3,11,1,1,,15,16,,4,14,,,,,,3,4,,,,,,,,,,,,,,,,,,,,,,,,,,,,,,,,,,
2026-09-22 22:29:17,서울특별시,A1100003,중앙대학교병원,20260922222508,1800-1114,Y,Y,1,,2,2,3,4,,0,Y,,Y,Y,Y,Y,Y,Y,10,Y,155,Y,,Y,Y,0,15,N1,22,4,2,3,12,25,,,16,2,2,4,3,4,51,9,21,13,6,12,,,629,1,,Y,Y,A1100003,21,0,7,0,2,2,,12,17,,11,2,0,0,,0,,,,,,,,,,1,,,,,,,,,,,,,,,4,,,,,,,,,,,,
2026-09-22 22:29:17,서울특별시,A1100007,연세대학교의과대학세브란스병원,20260922222404,02-2228-0114,Y,Y,,,5,1,3,,,6,Y,Y,Y,Y,Y,Y,Y,Y,5,Y,311,Y,3,Y,Y,14,0,N1,39,8,1,3,,52,18,,3,30,8,16,16,17,206,55,61,21,16,21,1,,1872,,,Y,Y,A1100007,22,,17,6,1,2,,29,24,,5,20,,,,,,6,23,3,29,1,1,,,,1,0,3,3,4,22,2,10,17,6,1,1,,,,,,,,,,,,,,,
2026-09-22 22:29:17,서울특별시,A1100012,학교법인가톨릭학원가톨릭대학교서울성모병원,20260922222511,0215881511,Y,Y,,,2,,,2,3,2,Y,,Y,Y,Y,Y,Y,Y,-7,Y,114,Y,1,Y,Y,7,32,N1,28,7,,,2,50,5,6,32,10,2,9,10,8,80,40,39,11,9,4,,,1053,,,Y,Y,A1100012,23,0,6,16,11,14,,22,20,,18,35,1,2,,5,,5,10,2,19,1,1,,,,1,1,0,,3,3,2,,8,6,1,1,,,,,,,,,,,,,,,
2026-09-22 22:29:17,서울특별시,A1100009,재단법인아산사회복지재단서울아산병원,20260922222515,02-3010-3114,Y,Y,1,,6,1,3,0,3,3,Y,,Y,Y,Y,Y,Y,Y,-3,Y,201,Y,1,Y,Y,22,72,Y,36,11,1,22,2,61,12,4,74,8,8,21,15,17,190,33,49,30,14,5,,1,2104,1,,Y,Y,A1100009,24,,3,7,19,12,,24,37,,47,28,,,1,,6,3,12,4,12,2,0,,,,3,1,0,2,2,26,2,13,12,6,2,1,,,,,,,,,,,,,,,
2026-09-22 22:29:17,서울특별시,A1100011,가톨릭대학교여의도성모병원,20260922222510,02-1661-7575,,,,,,1,4,2,,0,Y,,Y,Y,Y,Y,Y,Y,3,Y,29,Y,,N1,Y,,12,N1,15,,1,4,2,,,,13,1,2,2,2,2,23,,,5,1,2,,,330,,,Y,N1,A1100011,25,,-2,2,1,,,10,8,,1,,,,,,,,,1,9,,,,,,,,,,,,,,,,,,,,,,,,,,,,,,,,
2026-09-22 22:29:17,서울특별시,A1100055,한림대학교강남성심병원,20260922222103,02-829-5114,Y,Y,,,3,3,1,0,2,,Y,,Y,Y,Y,Y,Y,Y,14,Y,164,Y,,Y,Y,0,14,N1,20,3,3,2,2,12,,3,14,,3,3,3,3,54,21,22,13,3,2,,,493,,,Y,Y,A1100055,26,,4,8,5,,,21,23,,7,,,,,,,0,10,,,,,,,,,,,,,,,,,,,,,,,,,,,,,,,,,,
2026-09-22 22:29:17,서울특별시,A1100054,성애의료재단성애병원,20260922222320,02-840-7114,Y,Y,,,,1,3,,,,Y,,Y,Y,Y,Y,Y,Y,5,N1,66,N1,4,Y,Y,4,5,N1,15,,1,4,,4,19,,5,,2,2,2,1,8,5,14,2,,,,,252,,,Y,Y,A1100054,27,,,,0,,,,,,1,,,,,,,,,,,,,,,,,,,,,,,,,,,,,,,,,,,,,,,,,,
2026-09-22 22:29:17,서울특별시,A1100004,순천향대학교부속서울병원,20260922222424,02-709-9114,Y,Y,,,4,1,2,1,3,2,Y,,Y,Y,Y,Y,Y,Y,10,Y,154,Y,6,Y,Y,-1,12,N1,20,4,1,2,2,13,43,3,14,4,7,3,3,4,51,8,17,14,5,3,,,597,,,Y,Y,A1100004,28,,,,0,8,,,,,10,21,,,,,,,,,,,,,0,0,,,,,,,,,,,,,,0,0,,,0,0,,,,,,,,
2026-09-22 22:29:17,서울특별시,A1121013,가톨릭대학교은평성모병원,20260922222508,02-1811-7755,Y,Y,,,7,2,2,,,1,Y,,Y,Y,Y,Y,Y,Y,7,Y,194,Y,,Y,Y,5,19,N1,24,8,2,2,,19,,,19,5,1,4,3,5,46,19,22,10,5,20,,,651,,,Y,Y,A1121013,29,,1,4,0,,,16,9,,4,,,,,,,2,12,2,13,,,,,,,,,,,,,,,,,,,,,,,,,,,,,,,,
2026-09-22 22:29:17,서울특별시,A1100006,강북삼성병원,20260922222536,02-2001-2001,Y,Y,,,2,1,0,,,2,Y,,Y,Y,Y,Y,Y,Y,4,Y,40,Y,6,Y,Y,1,15,N1,15,2,1,2,,14,24,,16,3,1,5,4,6,54,13,14,8,4,3,,,569,,,Y,Y,A1100006,30,,,0,2,7,,,4,,5,18,,,,,,,,2,12,,,,,,,,,,0,,,,8,,,,,,,,,,,,,,,,,,
2026-09-22 22:29:17,서울특별시,A1100052,국립중앙의료원,20260922222505,02-2260-7114,N,Y,,0,3,2,2,1,0,5,Y,,Y,Y,Y,Y,Y,Y,9,Y,0,Y,9,Y,Y,,7,N1,15,3,2,3,6,,13,0,7,7,1,1,1,2,56,1,3,5,5,2,,,202,,0,Y,N,A1100052,31,,,0,2,,0,,0,20,2,,,,,,,,,,,,,0,,0,,,,,,,,,,,,,0,,0,,,5,5,2,6,2,6,0,2,50,2
2026-09-22 22:29:17,서울특별시,A1100036,부민병원,20260922222523,1577-7582,,Y,,,,1,,,,0,Y,,Y,Y,Y,Y,Y,Y,9,Y,49,N1,1,Y,Y,,8,N1,10,,1,,,,14,,8,3,1,3,3,1,22,,1,2,1,,,,282,,,Y,N1,A1100036,32,,,,0,,,,,,1,,,,,,,,,,,,,,,,,,,,,,,,,,,,,,,,,,,,,,,,,,
2026-09-22 22:29:17,서울특별시,A1100051,혜민병원,20260922222522,02-2049-9000,,,,,,0,,,,,,,Y,,Y,N1,Y,Y,9,N1,30,N1,11,N1,Y,,5,N1,9,,1,,,,19,,5,,,2,2,,16,,,2,,,,,205,,,Y,N1,A1100051,33,,,,,,,,,,,,,,,,,,,,,,,,,,,,,,,,,,,,,,,,,,,,,,,,,,,,
2026-09-22 22:29:17,서울특별시,A1100026,구로성심병원,20260922222342,02-2067-1500,,,,,,,1,,,,,,Y,,Y,N1,N1,Y,4,N1,47,N1,0,N1,Y,,3,N1,9,,,1,,,11,,3,,,1,1,,5,,,,,,,,191,,,Y,N1,A1100026,34,,,,,,,,,,,,,,,,,,,,,,,,,,,,,,,,,,,,,,,,,,,,,,,,,,,,
2026-09-22 22:29:17,서울특별시,A1100049,희명병원,20260922222411,02-804-0002,,,,,,,1,,,,,,Y,,Y,N1,Y,Y,7,Y,119,N1,2,N1,Y,,4,N1,10,,,1,,,19,,4,,,1,1,,9,,,1,1,,,,228,,,Y,N1,A1100049,35,,,,,,,,,,,,,,,,,,,,,,,,,,,,,,,,,,,,,,,,,,,,,,,,,,,,
2026-09-22 22:29:17,서울특별시,A1100027,한국원자력의학원원자력병원,20260922222141,02-970-2114,,Y,,,,1,1,,,1,Y,,Y,Y,Y,Y,Y,Y,8,N1,222,N1,6,Y,Y,,10,N1,9,,1,1,,,10,,10,1,1,4,2,1,16,,2,1,,,,,444,,,Y,N1,A1100027,36,,,,1,,,,,,1,,,,,,,,,,,,,,,,,,,,,,,,,,,,,,,,,1,1,,,,,,,,
2026-09-22 22:29:17,서울특별시,A1100022,서울특별시동부병원,20260922222520,02-920-9114,,Y,,,,1,1,,,,Y,,Y,,Y,N1,Y,Y,8,N1,29,N1,3,Y,Y,,3,N1,8,,1,1,,,8,,3,,1,1,1,,7,,1,1,,,,,195,,,Y,N1,A1100022,37,,,,1,,,,,,1,,,,,,,,,,,,,,,,,,,,,,,,,,,,,,,,,,,,,,,,,,
2026-09-22 22:29:17,서울특별시,A1100050,서울성심병원,20260922222507,02-966-1616,,,,,,1,2,,,,,,Y,,Y,N1,N1,Y,13,N1,87,N1,6,N1,Y,,6,N1,17,,1,2,,,10,,6,,,1,1,,11,,,,,,,,208,,,Y,N1,A1100050,38,,,,,,,,,,,,,,,,,,,,,,,,,,,,,,,,,,,,,,,,,,,,,,,,,,,,
2026-09-22 22:29:17,서울특별시,A1100025,의료법인동신의료재단동신병원,20260922222425,02-396-9161,,,,,,,1,,,,,,Y,,Y,N1,N1,Y,3,N1,55,N1,2,N1,Y,,3,N1,9,,,1,,,9,,3,,,1,1,,7,,,,,,,,196,,,Y,N1,A1100025,39,,,,,,,,,,,,,,,,,,,,,,,,,,,,,,,,,,,,,,,,,,,,,,,,,,,,
2026-09-22 22:29:17,서울특별시,A1122033,기쁨병원,20260922222535,02-570-1234,,,,,,,1,,,,,,Y,Y,Y,Y,N1,Y,1,N1,39,N1,,N1,Y,,7,N1,4,,,1,,,,,8,,,1,1,1,1,,,,,,,,110,,,Y,N1,A1122033,40,,,,,,,,,,,,,,,,,,,,,,,,,,,,,,,,,,,,,,,,,,,,,,,,,,,,
2026-09-22 22:29:17,서울특별시,A1100039,경찰병원,20260922222502,02-3400-1114,,,,,,1,,,,2,,,Y,,Y,N1,Y,Y,2,N1,134,N1,13,N1,Y,,7,N1,3,,1,,,,14,,7,2,,2,3,,10,,,2,,,,,187,,,Y,N1,A1100039,41,,,,2,,,,,,2,,,,,,,,,,,,,,,,,,,,,,,,,,,,,,,,,0,1,,,,,,,,
2026-09-22 22:29:17,서울특별시,A1100019,홍익병원,20260922222507,02-2693-5555,,,,,,,0,,,0,,,Y,Y,Y,Y,N,Y,7,N1,76,N1,4,N1,Y,,4,N1,9,,,1,,,14,,4,1,,4,2,2,7,,,1,,,,,251,,,Y,N1,A1100019,42,,,,1,,,,,,1,,,,,,,,,,,,,,,,,,,,,,,,,,,,,,,,,,,,,,,,,,
2026-09-22 22:29:17,서울특별시,A1100223,서울특별시서남병원,20260922222000,1566-6688,,,,0,,1,2,2,2,4,,,Y,,Y,N1,Y,Y,14,Y,55,Y,11,N1,Y,,4,N1,17,,1,2,2,,17,3,4,4,,2,1,,16,,,1,1,1,,,275,,0,Y,N1,A1100223,43,,,,0,,,,,,1,,,,,,,,,,,,,,,,,,,,,,,,,,,,,,,,,,,,,,,,,,
2026-09-22 22:29:17,서울특별시,A1100024,명지성모병원,20260922222622,02-1899-1475,,,,,,1,1,,,,,,Y,Y,Y,Y,N1,Y,7,N1,97,N1,1,N1,Y,,3,N1,8,,1,1,,,12,,3,,,1,3,2,7,,,,,,,,212,,,Y,N1,A1100024,44,,,,1,,,,,,1,,,,,,,,,,,,,,,,,,,,,,,,,,,,,,,,,,,,,,,,,,
2026-09-22 22:29:17,서울특별시,A1100037,대림성모병원,20260922222522,02-829-9000,,,,,,,2,,,,,,Y,,Y,N1,N1,Y,7,N1,27,N1,,N1,Y,,4,N1,8,,,2,,,,,4,,,1,2,,1,,,,,,,,114,,,Y,N1,A1100037,45,,,,,,,,,,,,,,,,,,,,,,,,,,,,,,,,,,,,,,,,,,,,,,,,,,,,
2026-09-22 22:29:17,서울특별시,A1100045,씨엠병원,20260922221500,02-2678-0001,,,,,,,1,,,,,,Y,,Y,N1,N1,Y,8,N1,30,N1,,N1,Y,,5,N1,9,,,1,,,,,5,,,2,2,,6,,,,,,,,110,,,Y,N1,A1100045,46,,,,,,,,,,,,,,,,,,,,,,,,,,,,,,,,,,,,,,,,,,,,,,,,,,,,
2026-09-22 22:29:17,서울특별시,A1100023,의료법인청구성심병원,20260922222407,02-350-3300,,,,,,,1,,,,,,Y,,Y,N1,N1,Y,4,N1,30,N1,2,N1,Y,,3,N1,10,,,1,,,6,,3,,,1,1,,4,,,,,,,,196,,,Y,N1,A1100023,47,,,,,,,,,,,,,,,,,,,,,,,,,,,,,,,,,,,,,,,,,,,,,,,,,,,,
2026-09-22 22:29:17,서울특별시,A1100029,서울적십자병원,20260922222507,02-2002-8000,,,,,,1,,,,,,,Y,,Y,N1,Y,Y,8,N1,99,N1,6,N1,Y,,6,N1,10,,1,,,,12,,6,,,1,1,,11,,,2,,,,,260,,,Y,N1,A1100029,48,,,,,,,,,,,,,,,,,,,,,,,,,,,,,,,,,,,,,,,,,,,,,,,,,,,,
2026-09-22 22:29:17,서울특별시,A1100032,세란병원,20260922222535,02-737-0181,,,,,,,1,,,,,,Y,,Y,N1,N1,Y,5,N1,44,N1,,N1,Y,,13,N1,10,,,1,,,,,13,,,3,5,,3,,,,,,,,205,,,Y,N1,A1100032,49,,,,,,,,,,,,,,,,,,,,,,,,,,,,,,,,,,,,,,,,,,,,,,,,,,,,
2026-09-22 22:29:17,서울특별시,A1100075,의료법인풍산의료재단동부제일병원,20260922222045,02-437-5011,,,,,,,1,,,,,,Y,,Y,N1,N1,Y,4,N1,45,N1,,N1,N,,2,N1,7,,,1,,,,,2,,,1,1,,3,,,,,,,,124,,,Y,N1,A1100075,50,,,,,,,,,,,,,,,,,,,,,,,,,,,,,,,,,,,,,,,,,,,,,,,,,,,,
2026-09-22 22:29:17,서울특별시,A1100044,녹색병원,20260922222505,02-490-2000,,,,,,1,4,,,0,N,,Y,,Y,N1,Y,Y,-2,N1,99,N1,4,N1,Y,,3,N1,5,,1,4,,,17,,3,3,1,2,1,,22,,,1,,,,,293,,,Y,N1,A1100044,51,,,,2,,,,,,3,,,,,,,,,,,,,,,,,,,,,,,,,,,,,,,,,,,,,,,,,,
2026-09-22 22:59:19,서울특별시,A1100043,강동경희대학교병원,20260922225516,02-440-7114,Y,Y,1,2,3,2,2,3,3,0,Y,N,Y,Y,Y,Y,Y,Y,2,Y,144,Y,3,Y,Y,6,17,N,15,3,2,3,19,17,27,30,17,1,8,2,2,3,32,9,13,4,1,1,0,0,625,3,2,Y,Y,A1100043,1,,,,,,,,,,,,,,,,,,,,,,,,,,,,,,,,,,,,,,,,,,,,,,,,,,,,
2026-09-22 22:59:19,서울특별시,A1100014,고려대학교의과대학부속구로병원,20260922225508,02-2626-1114,Y,Y,,,2,,,2,7,3,Y,,Y,Y,Y,Y,Y,Y,4,Y,39,Y,11,Y,Y,-1,24,N1,29,3,,,20,23,35,30,24,4,2,6,6,4,98,11,35,15,10,3,,,778,,,Y,Y,A1100014,2,5,1,2,0,5,1,20,4,6,10,18,5,,,,,,,,,,,,,,,,,,,,,,,,,,,,,,,,,,,,,,,,
2026-09-22 22:59:19,서울특별시,A1100013,한양대학교병원,20260922225259,02-2290-8114,Y,Y,0,,1,,,3,3,0,Y,,Y,Y,Y,Y,Y,Y,9,Y,147,Y,0,Y,Y,-2,16,Y,20,3,,,22,14,0,30,16,2,1,3,2,3,69,10,23,13,6,3,,1,670,2,,Y,Y,A1100013,3,4,3,,1,1,,12,,,2,16,4,3,0,8,5,,,,,,,,,,,,,,,,,,,,,,,,,,,,,,,,,,,,
2026-09-22 22:59:19,서울특별시,A1100008,학교법인고려중앙학원고려대학교의과대학부속병원(안암병원),20260922225242,1577-0083,Y,Y,0,,0,,,3,9,0,Y,,Y,Y,Y,Y,Y,Y,4,Y,123,Y,,Y,Y,-3,23,Y,30,4,,,15,17,,31,25,3,4,7,6,8,84,14,20,11,8,7,,1,777,6,,Y,Y,A1100008,4,0,3,5,2,3,,16,19,,6,10,2,5,,7,,2,9,,,,,,,,,,,,,,,,,,,,,,,,,,,,,,,,,,
2026-09-22 22:59:19,서울특별시,A1100005,이화여자대학교의과대학부속목동병원,20260922225045,02-2650-5114,Y,Y,1,,8,2,3,8,5,4,Y,,Y,Y,Y,Y,Y,Y,7,Y,35,Y,,Y,Y,12,13,Y,19,8,2,4,19,28,,32,13,9,2,4,4,4,58,10,34,9,3,5,,1,526,1,,Y,Y,A1100005,5,,0,7,0,2,,10,13,,4,10,,,0,,1,,,4,14,,,,,,,,,,,,,,,,,,,,,,,,,,,,,,,,
2026-09-22 22:59:19,서울특별시,A1100017,서울대학교병원,20260922225437,02-1588-5700,Y,Y,0,,8,2,2,4,15,4,Y,Y,Y,Y,Y,Y,Y,Y,-1,Y,116,Y,,Y,Y,6,53,N1,24,10,2,4,17,40,,30,53,7,4,13,13,14,160,19,46,22,9,3,1,,1365,2,,Y,Y,A1100017,6,,2,8,8,7,,10,18,,28,41,,,0,,1,2,6,0,5,1,1,0,0,0,7,2,6,3,7,22,2,10,10,6,1,1,0,0,8,,,,,,,,,,,,
2026-09-22 22:59:19,서울특별시,A1100035,서울특별시서울의료원,20260922225500,02-2276-7000,Y,Y,1,,3,2,3,4,14,2,Y,Y,Y,Y,Y,Y,Y,Y,13,Y,150,Y,1,Y,Y,1,10,Y,19,3,2,3,14,3,5,28,10,3,4,5,3,5,65,5,12,7,2,4,1,2,461,2,,Y,Y,A1100035,7,,2,,,14,,7,,,,30,,,2,,4,,,0,6,,,,,,,,,,,,,,,,,,,,,1,2,,,,,,,,,,
2026-09-22 22:59:19,서울특별시,A1100015,연세대학교의과대학강남세브란스병원,20260922225500,02-2019-3114,Y,Y,,,1,1,2,,,5,Y,,Y,Y,Y,Y,Y,Y,2,Y,137,Y,12,Y,Y,0,23,N1,21,2,1,2,,28,29,,23,5,1,4,3,6,47,10,23,6,3,5,,,691,,,Y,Y,A1100015,8,,,,,,,,,,,,,,,,,3,8,1,12,,,,,,,,,,,,,,,,,,,,,,,,,,,,,,,,
2026-09-22 22:59:19,서울특별시,A1100010,삼성서울병원,20260922225432,02-3410-2114,Y,Y,,,2,1,1,,,0,Y,,Y,Y,Y,Y,Y,Y,-26,Y,130,Y,,Y,Y,3,46,N1,52,4,2,2,,59,,,46,8,6,19,16,15,117,22,43,21,11,2,,,1528,,,Y,Y,A1100010,9,,9,13,,6,,28,23,,,27,,,,,,1,12,0,12,,,,,,6,,,,15,14,,,36,,,,,,,,,,,,,,,,,,
2026-09-22 22:59:19,서울특별시,A1100028,성심의료재단강동성심병원,20260922225048,02-2224-2114,Y,Y,,,,1,6,,,0,Y,,Y,Y,Y,Y,Y,Y,4,Y,153,Y,0,Y,Y,1,13,N1,15,,1,6,,3,19,,13,2,1,4,2,5,35,3,3,8,3,1,,,566,,,Y,Y,A1100028,10,,2,,1,,,18,,,5,,,,,,,,,,,,,,,,,,,,,,,,,,,,,,,,,1,2,,,,,,,,
2026-09-22 22:59:19,서울특별시,A1100053,한국보훈복지의료공단 중앙보훈병원,20260922225059,02-2225-1111,,,,,,1,2,2,0,2,N,,Y,Y,Y,Y,Y,Y,17,Y,231,N1,,N1,Y,,13,N1,22,,1,2,2,,,3,13,7,1,3,4,4,38,,,10,1,,,,820,,,Y,N1,A1100053,11,,4,5,1,35,,14,14,,1,60,,,,,,2,10,1,13,,,,,,,,,,,,,,,,,,,,,,,,,,,,,,,,
2026-09-22 22:59:19,서울특별시,A1120796,이화여자대학교의과대학부속서울병원,20260922225053,1522-7000,Y,Y,,,9,2,5,,,0,Y,,Y,Y,Y,Y,Y,Y,-5,Y,127,Y,0,Y,Y,5,19,N1,14,9,2,6,,24,11,,19,4,2,5,5,8,71,9,22,12,4,5,,,736,,,Y,Y,A1120796,12,,0,6,1,,,10,17,,7,,,,,,,4,11,4,17,,,,,,,,,,4,,,,19,,,,,,,,,,,,,,,,,,
2026-09-22 22:59:19,서울특별시,A1100041,의료법인서울효천의료재단에이치플러스양지병원,20260922225510,02-1877-8875,,,,,,0,2,,,0,,,Y,Y,Y,Y,Y,Y,1,Y,10,Y,6,N1,Y,,7,N1,18,,1,2,,,27,,7,3,,2,3,3,23,,,5,1,1,,,293,,,Y,N1,A1100041,13,,,,0,,,,,,1,,,,,,,,,,,,,,,,,,,,,,,,,,,,,,,,,,,,,,,,,,
2026-09-22 22:59:19,서울특별시,A1100002,건국대학교병원,20260922225306,1588-1533,Y,Y,,,2,1,2,,,3,Y,,Y,Y,Y,Y,Y,Y,5,Y,125,Y,,Y,Y,-1,21,N1,20,4,1,2,,16,,,21,3,2,4,4,5,45,7,18,7,3,14,,,678,,,Y,Y,A1100002,14,,8,10,1,7,,24,25,,1,14,,,,,,,,,,,,,,,,,,,,,,,,,,,,,,,,,,,,,,,,,
2026-09-22 22:59:19,서울특별시,A1100016,인제대학교상계백병원,20260922225153,02-950-1114,Y,Y,,,,1,1,,,0,Y,,Y,Y,Y,Y,Y,Y,3,Y,52,Y,,Y,Y,0,13,N1,16,,1,2,,15,,,13,2,2,3,2,3,36,10,25,10,3,1,,,390,,,Y,Y,A1100016,15,,0,0,2,4,,19,18,,4,5,,,,,,,,,,,,,,,,,,,,,,,,,,,,,,,,0,4,,,,,,,,
2026-09-22 22:59:19,서울특별시,A1100048,노원을지대학교병원,20260922225102,02-970-8000,Y,Y,,,,1,4,,,0,Y,,Y,Y,Y,Y,Y,Y,9,Y,209,N1,,Y,Y,1,11,N1,17,,1,4,,10,,,11,1,3,2,2,2,26,8,19,3,1,,,,479,,,Y,Y,A1100048,16,,2,6,1,5,,16,16,,2,21,,,,,,,,,,,,,,,,,,,,,,,,,,,,,,,,,,0,0,0,0,,,,
2026-09-22 22:59:19,서울특별시,A1100020,의료법인한전의료재단 한일병원,20260922225504,02-901-3114,N,N,,,2,2,1,1,2,2,,Y,Y,Y,Y,Y,Y,Y,13,N1,70,Y,6,N,Y,,8,Y,21,2,2,2,2,,21,3,8,5,,2,1,2,25,1,4,2,,4,2,2,389,,,Y,N,A1100020,17,,,,0,,,,,,1,,,,,,,,,,,,,,,,,,,,,,,,,,,,,,,,,,,,,,,,,,
2026-09-22 22:59:19,서울특별시,A1100001,경희대학교병원,20260922225527,02-958-8114,Y,Y,,,2,2,2,,,8,Y,,Y,Y,Y,Y,Y,Y,7,Y,163,Y,35,Y,Y,0,16,N1,15,3,2,3,,18,73,,16,10,3,3,3,5,48,6,12,8,3,2,,,653,,,Y,Y,A1100001,18,,,,,6,,,,,,20,,,,,,,,6,15,,,,,,,,,,,,,,,,,,,,,,,,,,,,,,,,
2026-09-22 22:59:19,서울특별시,A1100021,삼육서울병원,20260922225111,02-2244-0191,,N,,,,1,1,1,1,3,Y,,Y,Y,Y,Y,Y,Y,9,Y,105,Y,5,N,Y,4,5,Y,13,,1,2,2,4,15,3,5,4,2,1,1,2,20,,4,5,2,1,,1,389,,,Y,N1,A1100021,19,,,,1,,,,,,1,,,,,,,,,,,,,,,,,,,,,,,,,,,,,,,,,0,4,,,,,,,,
2026-09-22 22:59:19,서울특별시,A1100040,서울특별시보라매병원,20260922225500,02-870-2114,Y,Y,,,2,1,0,,,3,Y,,Y,Y,Y,Y,Y,Y,18,Y,179,Y,,Y,Y,0,14,N1,31,3,2,1,,14,,,14,3,4,6,3,5,48,14,13,5,9,2,,,695,,,Y,Y,A1100040,20,,3,11,1,1,,15,16,,4,14,,,,,,3,4,,,,,,,,,,,,,,,,,,,,,,,,,,,,,,,,,,
2026-09-22 22:59:19,서울특별시,A1100003,중앙대학교병원,20260922225509,1800-1114,Y,Y,1,,2,2,3,4,,0,Y,,Y,Y,Y,Y,Y,Y,9,Y,155,Y,,Y,Y,0,15,N1,22,4,2,3,12,25,,,16,2,2,4,3,4,51,9,21,13,6,12,,,629,1,,Y,Y,A1100003,21,0,7,0,2,2,,12,17,,11,2,0,0,,0,,,,,,,,,,1,,,,,,,,,,,,,,,4,,,,,,,,,,,,
2026-09-22 22:59:19,서울특별시,A1100007,연세대학교의과대학세브란스병원,20260922225405,02-2228-0114,Y,Y,,,5,1,3,,,6,Y,Y,Y,Y,Y,Y,Y,Y,5,Y,313,Y,3,Y,Y,14,1,N1,39,8,1,3,,52,18,,3,30,8,16,16,17,206,55,61,21,16,21,1,,1872,,,Y,Y,A1100007,22,,17,6,1,2,,29,24,,5,20,,,,,,6,23,3,29,1,1,,,,1,0,3,3,4,22,2,10,17,6,1,1,,,,,,,,,,,,,,,
2026-09-22 22:59:19,서울특별시,A1100012,학교법인가톨릭학원가톨릭대학교서울성모병원,20260922225510,0215881511,Y,Y,,,2,,,2,3,2,Y,,Y,Y,Y,Y,Y,Y,-6,Y,114,Y,1,Y,Y,7,32,N1,28,7,,,2,50,5,6,32,10,2,9,10,8,80,40,39,11,9,4,,,1053,,,Y,Y,A1100012,23,0,6,16,11,14,,22,20,,18,35,1,3,,5,,5,10,2,19,1,1,,,,1,1,0,,3,3,2,,8,6,1,1,,,,,,,,,,,,,,,
2026-09-22 22:59:19,서울특별시,A1100009,재단법인아산사회복지재단서울아산병원,20260922225515,02-3010-3114,Y,Y,1,,7,1,3,0,3,3,Y,,Y,Y,Y,Y,Y,Y,-6,Y,200,Y,1,Y,Y,22,72,Y,36,11,1,22,2,61,12,4,74,8,8,21,15,17,190,33,49,30,14,5,,1,2104,1,,Y,Y,A1100009,24,,3,7,19,12,,24,37,,47,28,,,1,,6,3,12,4,12,2,0,,,,3,1,0,2,2,26,2,13,12,6,2,1,,,,,,,,,,,,,,,
2026-09-22 22:59:19,서울특별시,A1100011,가톨릭대학교여의도성모병원,20260922225510,02-1661-7575,,,,,,1,4,2,,0,Y,,Y,Y,Y,Y,Y,Y,4,Y,29,Y,,N1,Y,,12,N1,15,,1,4,2,,,,13,1,2,2,2,2,23,,,5,1,2,,,330,,,Y,N1,A1100011,25,,-2,2,1,,,10,8,,1,,,,,,,,,1,9,,,,,,,,,,,,,,,,,,,,,,,,,,,,,,,,
2026-09-22 22:59:19,서울특별시,A1100055,한림대학교강남성심병원,20260922225103,02-829-5114,Y,Y,,,3,3,1,0,2,,Y,,Y,Y,Y,Y,Y,Y,14,Y,162,Y,,Y,Y,0,14,N1,20,3,3,2,2,12,,3,14,,3,3,3,3,54,21,22,13,3,2,,,493,,,Y,Y,A1100055,26,,4,8,5,,,21,23,,7,,,,,,,0,10,,,,,,,,,,,,,,,,,,,,,,,,,,,,,,,,,,
2026-09-22 22:59:19,서울특별시,A1100054,성애의료재단성애병원,20260922225320,02-840-7114,Y,Y,,,,1,3,,,,Y,,Y,Y,Y,Y,Y,Y,9,N1,64,N1,4,Y,Y,4,5,N1,15,,1,4,,4,19,,5,,2,2,2,1,8,5,14,2,,,,,252,,,Y,Y,A1100054,27,,,,0,,,,,,1,,,,,,,,,,,,,,,,,,,,,,,,,,,,,,,,,,,,,,,,,,
2026-09-22 22:59:19,서울특별시,A1100004,순천향대학교부속서울병원,20260922225424,02-709-9114,Y,Y,,,4,1,2,0,3,2,Y,,Y,Y,Y,Y,Y,Y,5,Y,154,Y,6,Y,Y,-1,12,N1,20,4,1,2,2,13,43,3,14,4,7,3,3,4,51,8,17,14,5,3,,,597,,,Y,Y,A1100004,28,,,,0,8,,,,,10,21,,,,,,,,,,,,,0,0,,,,,,,,,,,,,,0,0,,,0,0,,,,,,,,
2026-09-22 22:59:19,서울특별시,A1121013,가톨릭대학교은평성모병원,20260922225509,02-1811-7755,Y,Y,,,7,2,2,,,1,Y,,Y,Y,Y,Y,Y,Y,9,Y,194,Y,,Y,Y,5,19,N1,24,8,2,2,,19,,,19,5,1,4,3,5,46,19,22,10,5,20,,,651,,,Y,Y,A1121013,29,,1,4,0,,,16,9,,4,,,,,,,2,12,2,13,,,,,,,,,,,,,,,,,,,,,,,,,,,,,,,,
2026-09-22 22:59:19,서울특별시,A1100006,강북삼성병원,20260922225459,02-2001-2001,Y,Y,,,2,1,1,,,2,Y,,Y,Y,Y,Y,Y,Y,4,Y,36,Y,6,Y,Y,1,15,N1,15,2,1,2,,14,24,,16,3,1,5,4,6,54,13,14,8,4,3,,,569,,,Y,Y,A1100006,30,,,0,2,7,,,4,,5,18,,,,,,,,2,12,,,,,,,,,,0,,,,8,,,,,,,,,,,,,,,,,,
2026-09-22 22:59:19,서울특별시,A1100052,국립중앙의료원,20260922225505,02-2260-7114,N,Y,,0,3,2,2,1,0,5,Y,,Y,Y,Y,Y,Y,Y,9,Y,0,Y,9,Y,Y,,7,N1,15,3,2,3,6,,13,0,7,7,1,1,1,2,56,1,3,5,5,2,,,202,,0,Y,N,A1100052,31,,,0,2,,0,,0,20,2,,,,,,,,,,,,,0,,0,,,,,,,,,,,,,0,,0,,,5,5,2,6,2,6,0,2,50,2
2026-09-22 22:59:19,서울특별시,A1100036,부민병원,20260922225052,1577-7582,,Y,,,,1,,,,0,Y,,Y,Y,Y,Y,Y,Y,7,Y,49,N1,1,Y,Y,,8,N1,10,,1,,,,14,,8,3,1,3,3,1,22,,1,2,1,,,,282,,,Y,N1,A1100036,32,,,,0,,,,,,1,,,,,,,,,,,,,,,,,,,,,,,,,,,,,,,,,,,,,,,,,,
2026-09-22 22:59:19,서울특별시,A1100051,혜민병원,20260922225100,02-2049-9000,,,,,,0,,,,,,,Y,,Y,N1,Y,Y,9,N1,30,N1,11,N1,Y,,5,N1,9,,1,,,,19,,5,,,2,2,,16,,,2,,,,,205,,,Y,N1,A1100051,33,,,,,,,,,,,,,,,,,,,,,,,,,,,,,,,,,,,,,,,,,,,,,,,,,,,,
2026-09-22 22:59:19,서울특별시,A1100026,구로성심병원,20260922225400,02-2067-1500,,,,,,,1,,,,,,Y,,Y,N1,N1,Y,3,N1,46,N1,0,N1,Y,,3,N1,9,,,1,,,11,,3,,,1,1,,5,,,,,,,,191,,,Y,N1,A1100026,34,,,,,,,,,,,,,,,,,,,,,,,,,,,,,,,,,,,,,,,,,,,,,,,,,,,,
2026-09-22 22:59:19,서울특별시,A1100049,희명병원,20260922225433,02-804-0002,,,,,,,1,,,,,,Y,,Y,N1,Y,Y,9,Y,117,N1,2,N1,Y,,4,N1,10,,,1,,,19,,4,,,1,1,,9,,,1,1,,,,228,,,Y,N1,A1100049,35,,,,,,,,,,,,,,,,,,,,,,,,,,,,,,,,,,,,,,,,,,,,,,,,,,,,
2026-09-22 22:59:19,서울특별시,A1100027,한국원자력의학원원자력병원,20260922225141,02-970-2114,,Y,,,,1,0,,,1,Y,,Y,Y,Y,Y,Y,Y,8,N1,221,N1,6,Y,Y,,10,N1,9,,1,1,,,10,,10,1,1,4,2,1,16,,2,1,,,,,444,,,Y,N1,A1100027,36,,,,1,,,,,,1,,,,,,,,,,,,,,,,,,,,,,,,,,,,,,,,,1,1,,,,,,,,
2026-09-22 22:59:19,서울특별시,A1100022,서울특별시동부병원,20260922225520,02-920-9114,,Y,,,,1,1,,,,Y,,Y,,Y,N1,Y,Y,7,N1,29,N1,3,Y,Y,,3,N1,8,,1,1,,,8,,3,,1,1,1,,7,,1,1,,,,,195,,,Y,N1,A1100022,37,,,,1,,,,,,1,,,,,,,,,,,,,,,,,,,,,,,,,,,,,,,,,,,,,,,,,,
2026-09-22 22:59:19,서울특별시,A1100050,서울성심병원,20260922225531,02-966-1616,,,,,,1,2,,,,,,Y,,Y,N1,N1,Y,13,N1,87,N1,6,N1,Y,,6,N1,17,,1,2,,,10,,6,,,1,1,,11,,,,,,,,208,,,Y,N1,A1100050,38,,,,,,,,,,,,,,,,,,,,,,,,,,,,,,,,,,,,,,,,,,,,,,,,,,,,
2026-09-22 22:59:19,서울특별시,A1100025,의료법인동신의료재단동신병원,20260922225440,02-396-9161,,,,,,,1,,,,,,Y,,Y,N1,N1,Y,6,N1,55,N1,2,N1,Y,,3,N1,9,,,1,,,9,,3,,,1,1,,7,,,,,,,,196,,,Y,N1,A1100025,39,,,,,,,,,,,,,,,,,,,,,,,,,,,,,,,,,,,,,,,,,,,,,,,,,,,,
2026-09-22 22:59:19,서울특별시,A1122033,기쁨병원,20260922225445,02-570-1234,,,,,,,1,,,,,,Y,Y,Y,Y,N1,Y,2,N1,39,N1,,N1,Y,,7,N1,4,,,1,,,,,8,,,1,1,1,1,,,,,,,,110,,,Y,N1,A1122033,40,,,,,,,,,,,,,,,,,,,,,,,,,,,,,,,,,,,,,,,,,,,,,,,,,,,,
2026-09-22 22:59:19,서울특별시,A1100039,경찰병원,20260922225502,02-3400-1114,,,,,,1,,,,2,,,Y,,Y,N1,Y,Y,2,N1,134,N1,13,N1,Y,,7,N1,3,,1,,,,14,,7,2,,2,3,,10,,,2,,,,,187,,,Y,N1,A1100039,41,,,,2,,,,,,2,,,,,,,,,,,,,,,,,,,,,,,,,,,,,,,,,0,1,,,,,,,,
2026-09-22 22:59:19,서울특별시,A1100019,홍익병원,20260922225512,02-2693-5555,,,,,,,0,,,0,,,Y,Y,Y,Y,N,Y,6,N1,76,N1,4,N1,Y,,4,N1,9,,,1,,,14,,4,1,,4,2,2,7,,,1,,,,,251,,,Y,N1,A1100019,42,,,,1,,,,,,1,,,,,,,,,,,,,,,,,,,,,,,,,,,,,,,,,,,,,,,,,,
2026-09-22 22:59:19,서울특별시,A1100223,서울특별시서남병원,20260922225000,1566-6688,,,,0,,1,2,2,2,4,,,Y,,Y,N1,Y,Y,15,Y,55,Y,11,N1,Y,,4,N1,17,,1,2,2,,17,3,4,4,,2,1,,16,,,1,1,1,,,275,,0,Y,N1,A1100223,43,,,,0,,,,,,1,,,,,,,,,,,,,,,,,,,,,,,,,,,,,,,,,,,,,,,,,,
2026-09-22 22:59:19,서울특별시,A1100024,명지성모병원,20260922225625,02-1899-1475,,,,,,1,1,,,,,,Y,Y,Y,Y,N1,Y,7,N1,97,N1,1,N1,Y,,3,N1,8,,1,1,,,12,,3,,,1,3,2,7,,,,,,,,212,,,Y,N1,A1100024,44,,,,1,,,,,,1,,,,,,,,,,,,,,,,,,,,,,,,,,,,,,,,,,,,,,,,,,
2026-09-22 22:59:19,서울특별시,A1100037,대림성모병원,20260922225100,02-829-9000,,,,,,,2,,,,,,Y,,Y,N1,N1,Y,7,N1,27,N1,,N1,Y,,4,N1,8,,,2,,,,,4,,,1,2,,1,,,,,,,,114,,,Y,N1,A1100037,45,,,,,,,,,,,,,,,,,,,,,,,,,,,,,,,,,,,,,,,,,,,,,,,,,,,,
2026-09-22 22:59:19,서울특별시,A1100045,씨엠병원,20260922224500,02-2678-0001,,,,,,,1,,,,,,Y,,Y,N1,N1,Y,9,N1,30,N1,,N1,Y,,5,N1,9,,,1,,,,,5,,,2,2,,6,,,,,,,,110,,,Y,N1,A1100045,46,,,,,,,,,,,,,,,,,,,,,,,,,,,,,,,,,,,,,,,,,,,,,,,,,,,,
2026-09-22 22:59:19,서울특별시,A1100023,의료법인청구성심병원,20260922225419,02-350-3300,,,,,,,0,,,,,,Y,,Y,N1,N1,Y,7,N1,29,N1,2,N1,Y,,3,N1,10,,,1,,,6,,3,,,1,1,,4,,,,,,,,196,,,Y,N1,A1100023,47,,,,,,,,,,,,,,,,,,,,,,,,,,,,,,,,,,,,,,,,,,,,,,,,,,,,
2026-09-22 22:59:19,서울특별시,A1100029,서울적십자병원,20260922225345,02-2002-8000,,,,,,1,,,,,,,Y,,Y,N1,Y,Y,9,N1,98,N1,6,N1,Y,,6,N1,10,,1,,,,12,,6,,,1,1,,11,,,2,,,,,260,,,Y,N1,A1100029,48,,,,,,,,,,,,,,,,,,,,,,,,,,,,,,,,,,,,,,,,,,,,,,,,,,,,
2026-09-22 22:59:19,서울특별시,A1100032,세란병원,20260922225536,02-737-0181,,,,,,,1,,,,,,Y,,Y,N1,N1,Y,5,N1,44,N1,,N1,Y,,13,N1,10,,,1,,,,,13,,,3,5,,3,,,,,,,,205,,,Y,N1,A1100032,49,,,,,,,,,,,,,,,,,,,,,,,,,,,,,,,,,,,,,,,,,,,,,,,,,,,,
2026-09-22 22:59:19,서울특별시,A1100075,의료법인풍산의료재단동부제일병원,20260922225049,02-437-5011,,,,,,,1,,,,,,Y,,Y,N1,N1,Y,4,N1,45,N1,,N1,N,,2,N1,7,,,1,,,,,2,,,1,1,,3,,,,,,,,124,,,Y,N1,A1100075,50,,,,,,,,,,,,,,,,,,,,,,,,,,,,,,,,,,,,,,,,,,,,,,,,,,,,
2026-09-22 22:59:19,서울특별시,A1100044,녹색병원,20260922225506,02-490-2000,,,,,,1,4,,,0,N,,Y,,Y,N1,Y,Y,-4,N1,99,N1,4,N1,Y,,3,N1,5,,1,4,,,17,,3,3,1,2,1,,22,,,1,,,,,293,,,Y,N1,A1100044,51,,,,2,,,,,,3,,,,,,,,,,,,,,,,,,,,,,,,,,,,,,,,,,,,,,,,,,
2026-09-22 23:29:22,서울특별시,A1100043,강동경희대학교병원,20260922232517,02-440-7114,Y,Y,1,2,3,2,1,3,3,0,Y,N,Y,Y,Y,Y,Y,Y,2,Y,145,Y,2,Y,Y,6,17,N,15,3,2,3,19,17,27,30,17,1,8,2,2,3,32,9,13,4,1,1,0,0,625,3,2,Y,Y,A1100043,1,,,,,,,,,,,,,,,,,,,,,,,,,,,,,,,,,,,,,,,,,,,,,,,,,,,,
2026-09-22 23:29:22,서울특별시,A1100014,고려대학교의과대학부속구로병원,20260922232042,02-2626-1114,Y,Y,,,2,,,2,7,3,Y,,Y,Y,Y,Y,Y,Y,5,Y,38,Y,11,Y,Y,-1,23,N1,29,3,,,20,23,35,30,24,4,2,6,6,4,98,11,35,15,10,3,,,778,,,Y,Y,A1100014,2,5,1,2,0,5,1,20,4,6,10,18,5,,,,,,,,,,,,,,,,,,,,,,,,,,,,,,,,,,,,,,,,
2026-09-22 23:29:22,서울특별시,A1100013,한양대학교병원,20260922232259,02-2290-8114,Y,Y,0,,0,,,3,3,0,Y,,Y,Y,Y,Y,Y,Y,9,Y,146,Y,0,Y,Y,-2,16,Y,20,3,,,22,14,0,30,16,2,1,3,2,3,69,10,23,13,6,3,,1,670,2,,Y,Y,A1100013,3,4,3,,1,1,,12,,,2,16,4,2,0,8,5,,,,,,,,,,,,,,,,,,,,,,,,,,,,,,,,,,,,
2026-09-22 23:29:22,서울특별시,A1100008,학교법인고려중앙학원고려대학교의과대학부속병원(안암병원),20260922232240,1577-0083,Y,Y,0,,1,,,2,9,0,Y,,Y,Y,Y,Y,Y,Y,5,Y,123,Y,,Y,Y,-3,23,Y,30,4,,,15,17,,31,25,3,4,7,6,8,84,14,20,11,8,7,,1,777,6,,Y,Y,A1100008,4,1,3,5,2,3,,16,19,,6,10,2,5,,7,,2,9,,,,,,,,,,,,,,,,,,,,,,,,,,,,,,,,,,
2026-09-22 23:29:22,서울특별시,A1100005,이화여자대학교의과대학부속목동병원,20260922232045,02-2650-5114,Y,Y,1,,8,2,3,7,5,4,Y,,Y,Y,Y,Y,Y,Y,7,Y,35,Y,,Y,Y,12,13,Y,19,8,2,4,19,28,,32,13,9,2,4,4,4,58,10,34,9,3,5,,1,526,1,,Y,Y,A1100005,5,,0,7,0,2,,10,13,,4,10,,,0,,1,,,4,14,,,,,,,,,,,,,,,,,,,,,,,,,,,,,,,,
2026-09-22 23:29:22,서울특별시,A1100017,서울대학교병원,20260922232438,02-1588-5700,Y,Y,0,,8,2,2,4,15,4,Y,Y,Y,Y,Y,Y,Y,Y,1,Y,116,Y,,Y,Y,6,53,N1,24,10,2,4,17,40,,30,53,7,4,13,13,14,160,19,46,22,9,3,1,,1365,2,,Y,Y,A1100017,6,,1,8,8,7,,10,18,,28,41,,,0,,1,2,6,0,5,1,1,0,0,0,7,2,6,3,7,22,2,10,10,6,1,1,0,0,8,,,,,,,,,,,,
2026-09-22 23:29:22,서울특별시,A1100035,서울특별시서울의료원,20260922232501,02-2276-7000,Y,Y,1,,2,2,3,4,13,2,Y,Y,Y,Y,Y,Y,Y,Y,12,Y,150,Y,1,Y,Y,1,10,Y,19,3,2,3,14,3,5,28,10,3,4,5,3,5,65,5,12,7,2,4,1,2,461,2,,Y,Y,A1100035,7,,2,,,14,,7,,,,30,,,2,,4,,,0,6,,,,,,,,,,,,,,,,,,,,,1,2,,,,,,,,,,
2026-09-22 23:29:22,서울특별시,A1100015,연세대학교의과대학강남세브란스병원,20260922232500,02-2019-3114,Y,Y,,,1,1,2,,,5,Y,,Y,Y,Y,Y,Y,Y,0,Y,137,Y,12,Y,Y,0,23,N1,21,2,1,2,,28,29,,23,5,1,4,3,6,47,10,23,6,3,5,,,691,,,Y,Y,A1100015,8,,,,,,,,,,,,,,,,,3,8,1,12,,,,,,,,,,,,,,,,,,,,,,,,,,,,,,,,
2026-09-22 23:29:22,서울특별시,A1100010,삼성서울병원,20260922232248,02-3410-2114,Y,Y,,,2,1,1,,,0,Y,,Y,Y,Y,Y,Y,Y,-23,Y,130,Y,,Y,Y,3,45,N1,52,4,2,2,,59,,,46,8,6,19,16,15,117,22,43,21,11,2,,,1528,,,Y,Y,A1100010,9,,9,13,,6,,28,23,,,27,,,,,,1,12,0,12,,,,,,6,,,,15,14,,,36,,,,,,,,,,,,,,,,,,
2026-09-22 23:29:22,서울특별시,A1100028,성심의료재단강동성심병원,20260922232049,02-2224-2114,Y,Y,,,,1,6,,,0,Y,,Y,Y,Y,Y,Y,Y,6,Y,152,Y,0,Y,Y,1,13,N1,15,,1,6,,3,19,,13,2,1,4,2,5,35,3,3,8,3,1,,,566,,,Y,Y,A1100028,10,,2,,1,,,18,,,5,,,,,,,,,,,,,,,,,,,,,,,,,,,,,,,,,2,2,,,,,,,,
2026-09-22 23:29:22,서울특별시,A1100053,한국보훈복지의료공단 중앙보훈병원,20260922232059,02-2225-1111,,,,,,1,2,2,0,2,N,,Y,Y,Y,Y,Y,Y,17,Y,231,N1,,N1,Y,,13,N1,22,,1,2,2,,,3,13,7,1,3,4,4,38,,,10,1,,,,820,,,Y,N1,A1100053,11,,4,5,1,35,,14,14,,1,60,,,,,,2,10,1,13,,,,,,,,,,,,,,,,,,,,,,,,,,,,,,,,
2026-09-22 23:29:22,서울특별시,A1120796,이화여자대학교의과대학부속서울병원,20260922232053,1522-7000,Y,Y,,,9,2,5,,,0,Y,,Y,Y,Y,Y,Y,Y,-5,Y,125,Y,0,Y,Y,5,19,N1,14,9,2,6,,24,11,,19,4,2,5,5,8,71,9,22,12,4,5,,,736,,,Y,Y,A1120796,12,,0,6,1,,,10,17,,7,,,,,,,4,11,4,17,,,,,,,,,,4,,,,19,,,,,,,,,,,,,,,,,,
2026-09-22 23:29:22,서울특별시,A1100041,의료법인서울효천의료재단에이치플러스양지병원,20260922232510,02-1877-8875,,,,,,1,2,,,0,,,Y,Y,Y,Y,Y,Y,2,Y,10,Y,6,N1,Y,,7,N1,18,,1,2,,,27,,7,3,,2,3,3,23,,,5,1,1,,,293,,,Y,N1,A1100041,13,,,,0,,,,,,1,,,,,,,,,,,,,,,,,,,,,,,,,,,,,,,,,,,,,,,,,,
2026-09-22 23:29:22,서울특별시,A1100002,건국대학교병원,20260922232306,1588-1533,Y,Y,,,2,1,2,,,3,Y,,Y,Y,Y,Y,Y,Y,8,Y,124,Y,,Y,Y,-1,21,N1,20,4,1,2,,16,,,21,3,2,4,4,5,45,7,18,7,3,14,,,678,,,Y,Y,A1100002,14,,8,10,1,7,,24,25,,1,14,,,,,,,,,,,,,,,,,,,,,,,,,,,,,,,,,,,,,,,,,
2026-09-22 23:29:22,서울특별시,A1100016,인제대학교상계백병원,20260922232159,02-950-1114,Y,Y,,,,1,1,,,0,Y,,Y,Y,Y,Y,Y,Y,3,Y,51,Y,,Y,Y,0,13,N1,16,,1,2,,15,,,13,2,2,3,2,3,36,10,25,10,3,1,,,390,,,Y,Y,A1100016,15,,0,0,2,4,,19,18,,4,5,,,,,,,,,,,,,,,,,,,,,,,,,,,,,,,,1,4,,,,,,,,
2026-09-22 23:29:22,서울특별시,A1100048,노원을지대학교병원,20260922232102,02-970-8000,Y,Y,,,,1,4,,,0,Y,,Y,Y,Y,Y,Y,Y,9,Y,209,N1,,Y,Y,1,11,N1,17,,1,4,,10,,,11,1,3,2,2,2,26,8,19,3,1,,,,479,,,Y,Y,A1100048,16,,2,6,1,5,,16,16,,2,21,,,,,,,,,,,,,,,,,,,,,,,,,,,,,,,,,,0,0,0,0,,,,
2026-09-22 23:29:22,서울특별시,A1100020,의료법인한전의료재단 한일병원,20260922232503,02-901-3114,N,N,,,2,2,2,1,2,2,,Y,Y,Y,Y,Y,Y,Y,14,N1,70,Y,6,N,Y,,8,Y,21,2,2,2,2,,21,3,8,5,,2,1,2,25,1,4,2,,4,2,2,389,,,Y,N,A1100020,17,,,,0,,,,,,1,,,,,,,,,,,,,,,,,,,,,,,,,,,,,,,,,,,,,,,,,,
2026-09-22 23:29:22,서울특별시,A1100001,경희대학교병원,20260922232529,02-958-8114,Y,Y,,,2,2,2,,,8,Y,,Y,Y,Y,Y,Y,Y,8,Y,162,Y,35,Y,Y,0,16,N1,15,3,2,3,,18,73,,16,10,3,3,3,5,48,6,12,8,3,2,,,653,,,Y,Y,A1100001,18,,,,,6,,,,,,20,,,,,,,,6,15,,,,,,,,,,,,,,,,,,,,,,,,,,,,,,,,
2026-09-22 23:29:22,서울특별시,A1100021,삼육서울병원,20260922232138,02-2244-0191,,N,,,,1,1,1,1,3,Y,,Y,Y,Y,Y,Y,Y,9,Y,105,Y,5,N,Y,4,5,Y,13,,1,2,2,4,15,3,5,4,2,1,1,2,20,,4,5,2,1,,1,389,,,Y,N1,A1100021,19,,,,1,,,,,,1,,,,,,,,,,,,,,,,,,,,,,,,,,,,,,,,,1,4,,,,,,,,
2026-09-22 23:29:22,서울특별시,A1100040,서울특별시보라매병원,20260922232500,02-870-2114,Y,Y,,,3,1,0,,,3,Y,,Y,Y,Y,Y,Y,Y,18,Y,178,Y,,Y,Y,0,14,N1,31,3,2,1,,14,,,14,3,4,6,3,5,48,14,13,5,9,2,,,695,,,Y,Y,A1100040,20,,3,11,1,1,,15,16,,4,14,,,,,,3,4,,,,,,,,,,,,,,,,,,,,,,,,,,,,,,,,,,
2026-09-22 23:29:22,서울특별시,A1100003,중앙대학교병원,20260922232508,1800-1114,Y,Y,1,,4,2,3,4,,0,Y,,Y,Y,Y,Y,Y,Y,9,Y,155,Y,,Y,Y,0,15,N1,22,4,2,3,12,25,,,16,2,2,4,3,4,51,9,21,13,6,12,,,629,1,,Y,Y,A1100003,21,0,7,0,2,2,,12,17,,11,2,0,0,,0,,,,,,,,,,1,,,,,,,,,,,,,,,4,,,,,,,,,,,,
2026-09-22 23:29:22,서울특별시,A1100007,연세대학교의과대학세브란스병원,20260922232407,02-2228-0114,Y,Y,,,5,1,3,,,6,Y,Y,Y,Y,Y,Y,Y,Y,2,Y,313,Y,3,Y,Y,14,1,N1,39,8,1,3,,52,18,,3,30,8,16,16,17,206,55,61,21,16,21,1,,1872,,,Y,Y,A1100007,22,,17,6,1,2,,29,24,,5,20,,,,,,6,23,3,29,1,1,,,,1,0,3,3,4,22,2,10,17,6,1,1,,,,,,,,,,,,,,,
2026-09-22 23:29:22,서울특별시,A1100012,학교법인가톨릭학원가톨릭대학교서울성모병원,20260922232510,0215881511,Y,Y,,,1,,,2,3,2,Y,,Y,Y,Y,Y,Y,Y,-7,Y,114,Y,1,Y,Y,7,32,N1,28,7,,,2,50,5,6,32,10,2,9,10,8,80,40,39,11,9,4,,,1053,,,Y,Y,A1100012,23,0,6,16,11,14,,22,20,,18,35,1,3,,5,,5,10,2,19,1,1,,,,1,1,0,,3,3,2,,8,6,1,1,,,,,,,,,,,,,,,
2026-09-22 23:29:22,서울특별시,A1100009,재단법인아산사회복지재단서울아산병원,20260922232515,02-3010-3114,Y,Y,1,,5,1,5,0,3,3,Y,,Y,Y,Y,Y,Y,Y,-4,Y,199,Y,1,Y,Y,22,2,Y,36,11,1,22,2,61,12,4,4,8,8,21,15,17,190,33,49,30,14,5,,1,2104,1,,Y,Y,A1100009,24,,3,7,19,12,,24,37,,47,28,,,1,,6,3,12,4,12,2,0,,,,3,1,0,2,2,26,2,13,12,6,2,1,,,,,,,,,,,,,,,
2026-09-22 23:29:22,서울특별시,A1100011,가톨릭대학교여의도성모병원,20260922232510,02-1661-7575,,,,,,1,4,2,,0,Y,,Y,Y,Y,Y,Y,Y,7,Y,29,Y,,N1,Y,,13,N1,15,,1,4,2,,,,13,1,2,2,2,2,23,,,5,1,2,,,330,,,Y,N1,A1100011,25,,-2,2,1,,,10,8,,1,,,,,,,,,1,9,,,,,,,,,,,,,,,,,,,,,,,,,,,,,,,,
2026-09-22 23:29:22,서울특별시,A1100055,한림대학교강남성심병원,20260922232103,02-829-5114,Y,Y,,,3,3,1,0,2,,Y,,Y,Y,Y,Y,Y,Y,16,Y,161,Y,,Y,Y,0,14,N1,20,3,3,2,2,12,,3,14,,3,3,3,3,54,21,22,13,3,2,,,493,,,Y,Y,A1100055,26,,4,7,5,,,21,23,,7,,,,,,,0,10,,,,,,,,,,,,,,,,,,,,,,,,,,,,,,,,,,
2026-09-22 23:29:22,서울특별시,A1100054,성애의료재단성애병원,20260922232320,02-840-7114,Y,Y,,,,1,4,,,,Y,,Y,Y,Y,Y,Y,Y,11,N1,62,N1,4,Y,Y,4,5,N1,15,,1,4,,4,19,,5,,2,2,2,1,8,5,14,2,,,,,252,,,Y,Y,A1100054,27,,,,0,,,,,,1,,,,,,,,,,,,,,,,,,,,,,,,,,,,,,,,,,,,,,,,,,
2026-09-22 23:29:22,서울특별시,A1100004,순천향대학교부속서울병원,20260922232424,02-709-9114,Y,Y,,,4,1,2,0,3,2,Y,,Y,Y,Y,Y,Y,Y,4,Y,155,Y,6,Y,Y,-1,12,N1,20,4,1,2,2,13,43,3,14,4,7,3,3,4,51,8,17,14,5,3,,,597,,,Y,Y,A1100004,28,,,,0,8,,,,,10,21,,,,,,,,,,,,,0,0,,,,,,,,,,,,,,0,0,,,0,0,,,,,,,,
2026-09-22 23:29:22,서울특별시,A1121013,가톨릭대학교은평성모병원,20260922232509,02-1811-7755,Y,Y,,,6,2,2,,,1,Y,,Y,Y,Y,Y,Y,Y,7,Y,194,Y,,Y,Y,5,19,N1,24,8,2,2,,19,,,19,5,1,4,3,5,46,19,22,10,5,20,,,651,,,Y,Y,A1121013,29,,0,4,0,,,16,9,,4,,,,,,,2,12,2,13,,,,,,,,,,,,,,,,,,,,,,,,,,,,,,,,
2026-09-22 23:29:22,서울특별시,A1100006,강북삼성병원,20260922232528,02-2001-2001,Y,Y,,,2,1,2,,,2,Y,,Y,Y,Y,Y,Y,Y,3,Y,36,Y,6,Y,Y,1,16,N1,15,2,1,2,,14,24,,16,3,1,5,4,6,54,13,14,8,4,3,,,569,,,Y,Y,A1100006,30,,,0,2,7,,,4,,5,18,,,,,,,,2,12,,,,,,,,,,0,,,,8,,,,,,,,,,,,,,,,,,
2026-09-22 23:29:22,서울특별시,A1100052,국립중앙의료원,20260922232505,02-2260-7114,N,Y,,0,3,2,2,1,0,5,Y,,Y,Y,Y,Y,Y,Y,9,Y,0,Y,9,Y,Y,,7,N1,15,3,2,3,6,,13,0,7,7,1,1,1,2,56,1,3,5,5,2,,,202,,0,Y,N,A1100052,31,,,0,2,,0,,0,20,2,,,,,,,,,,,,,0,,0,,,,,,,,,,,,,0,,0,,,5,5,2,6,2,6,0,2,50,2
2026-09-22 23:29:22,서울특별시,A1100036,부민병원,20260922232042,1577-7582,,Y,,,,1,,,,0,Y,,Y,Y,Y,Y,Y,Y,8,Y,49,N1,1,Y,Y,,8,N1,10,,1,,,,14,,8,3,1,3,3,1,22,,1,2,1,,,,282,,,Y,N1,A1100036,32,,,,0,,,,,,1,,,,,,,,,,,,,,,,,,,,,,,,,,,,,,,,,,,,,,,,,,
2026-09-22 23:29:22,서울특별시,A1100051,혜민병원,20260922232015,02-2049-9000,,,,,,1,,,,,,,Y,,Y,N1,Y,Y,8,N1,31,N1,11,N1,Y,,5,N1,9,,1,,,,19,,5,,,2,2,,16,,,2,,,,,205,,,Y,N1,A1100051,33,,,,,,,,,,,,,,,,,,,,,,,,,,,,,,,,,,,,,,,,,,,,,,,,,,,,
2026-09-22 23:29:22,서울특별시,A1100026,구로성심병원,20260922232421,02-2067-1500,,,,,,,1,,,,,,Y,,Y,N1,N1,Y,3,N1,46,N1,0,N1,Y,,3,N1,9,,,1,,,11,,3,,,1,1,,5,,,,,,,,191,,,Y,N1,A1100026,34,,,,,,,,,,,,,,,,,,,,,,,,,,,,,,,,,,,,,,,,,,,,,,,,,,,,
2026-09-22 23:29:22,서울특별시,A1100049,희명병원,20260922232451,02-804-0002,,,,,,,1,,,,,,Y,,Y,N1,Y,Y,10,Y,117,N1,1,N1,Y,,4,N1,10,,,1,,,19,,4,,,1,1,,9,,,1,1,,,,228,,,Y,N1,A1100049,35,,,,,,,,,,,,,,,,,,,,,,,,,,,,,,,,,,,,,,,,,,,,,,,,,,,,
2026-09-22 23:29:22,서울특별시,A1100027,한국원자력의학원원자력병원,20260922232141,02-970-2114,,Y,,,,1,1,,,1,Y,,Y,Y,Y,Y,Y,Y,7,N1,221,N1,6,Y,Y,,10,N1,9,,1,1,,,10,,10,1,1,4,2,1,16,,2,1,,,,,444,,,Y,N1,A1100027,36,,,,1,,,,,,1,,,,,,,,,,,,,,,,,,,,,,,,,,,,,,,,,1,1,,,,,,,,
2026-09-22 23:29:22,서울특별시,A1100022,서울특별시동부병원,20260922232520,02-920-9114,,Y,,,,1,1,,,,Y,,Y,,Y,N1,Y,Y,7,N1,29,N1,3,Y,Y,,3,N1,8,,1,1,,,8,,3,,1,1,1,,7,,1,1,,,,,195,,,Y,N1,A1100022,37,,,,1,,,,,,1,,,,,,,,,,,,,,,,,,,,,,,,,,,,,,,,,,,,,,,,,,
2026-09-22 23:29:22,서울특별시,A1100050,서울성심병원,20260922232251,02-966-1616,,,,,,1,2,,,,,,Y,,Y,N1,N1,Y,15,N1,87,N1,6,N1,Y,,6,N1,17,,1,2,,,10,,6,,,1,1,,11,,,,,,,,208,,,Y,N1,A1100050,38,,,,,,,,,,,,,,,,,,,,,,,,,,,,,,,,,,,,,,,,,,,,,,,,,,,,
2026-09-22 23:29:22,서울특별시,A1100025,의료법인동신의료재단동신병원,20260922232254,02-396-9161,,,,,,,1,,,,,,Y,,Y,N1,N1,Y,8,N1,55,N1,2,N1,Y,,3,N1,9,,,1,,,9,,3,,,1,1,,7,,,,,,,,196,,,Y,N1,A1100025,39,,,,,,,,,,,,,,,,,,,,,,,,,,,,,,,,,,,,,,,,,,,,,,,,,,,,
2026-09-22 23:29:22,서울특별시,A1122033,기쁨병원,20260922232505,02-570-1234,,,,,,,1,,,,,,Y,Y,Y,Y,N1,Y,4,N1,39,N1,,N1,Y,,7,N1,4,,,1,,,,,8,,,1,1,1,1,,,,,,,,110,,,Y,N1,A1122033,40,,,,,,,,,,,,,,,,,,,,,,,,,,,,,,,,,,,,,,,,,,,,,,,,,,,,
2026-09-22 23:29:22,서울특별시,A1100039,경찰병원,20260922232502,02-3400-1114,,,,,,1,,,,2,,,Y,,Y,N1,Y,Y,3,N1,133,N1,13,N1,Y,,7,N1,3,,1,,,,14,,7,2,,2,3,,10,,,2,,,,,187,,,Y,N1,A1100039,41,,,,2,,,,,,2,,,,,,,,,,,,,,,,,,,,,,,,,,,,,,,,,1,1,,,,,,,,
2026-09-22 23:29:22,서울특별시,A1100019,홍익병원,20260922232518,02-2693-5555,,,,,,,0,,,0,,,Y,Y,Y,Y,N,Y,4,N1,76,N1,4,N1,Y,,4,N1,9,,,1,,,14,,4,1,,4,2,2,7,,,1,,,,,251,,,Y,N1,A1100019,42,,,,1,,,,,,1,,,,,,,,,,,,,,,,,,,,,,,,,,,,,,,,,,,,,,,,,,
2026-09-22 23:29:22,서울특별시,A1100223,서울특별시서남병원,20260922232000,1566-6688,,,,0,,1,2,2,2,4,,,Y,,Y,N1,Y,Y,14,Y,56,Y,11,N1,Y,,4,N1,17,,1,2,2,,17,3,4,4,,2,1,,16,,,1,1,1,,,275,,0,Y,N1,A1100223,43,,,,0,,,,,,1,,,,,,,,,,,,,,,,,,,,,,,,,,,,,,,,,,,,,,,,,,
2026-09-22 23:29:22,서울특별시,A1100024,명지성모병원,20260922232628,02-1899-1475,,,,,,1,1,,,,,,Y,Y,Y,Y,N1,Y,8,N1,97,N1,2,N1,Y,,3,N1,8,,1,1,,,12,,3,,,1,3,2,7,,,,,,,,212,,,Y,N1,A1100024,44,,,,1,,,,,,1,,,,,,,,,,,,,,,,,,,,,,,,,,,,,,,,,,,,,,,,,,
2026-09-22 23:29:22,서울특별시,A1100037,대림성모병원,20260922232015,02-829-9000,,,,,,,2,,,,,,Y,,Y,N1,N1,Y,7,N1,27,N1,,N1,Y,,4,N1,8,,,2,,,,,4,,,1,2,,1,,,,,,,,114,,,Y,N1,A1100037,45,,,,,,,,,,,,,,,,,,,,,,,,,,,,,,,,,,,,,,,,,,,,,,,,,,,,
2026-09-22 23:29:22,서울특별시,A1100045,씨엠병원,20260922231500,02-2678-0001,,,,,,,1,,,,,,Y,,Y,N1,N1,Y,9,N1,30,N1,,N1,Y,,5,N1,9,,,1,,,,,5,,,2,2,,6,,,,,,,,110,,,Y,N1,A1100045,46,,,,,,,,,,,,,,,,,,,,,,,,,,,,,,,,,,,,,,,,,,,,,,,,,,,,
2026-09-22 23:29:22,서울특별시,A1100023,의료법인청구성심병원,20260922232431,02-350-3300,,,,,,,0,,,,,,Y,,Y,N1,N1,Y,7,N1,29,N1,2,N1,Y,,3,N1,10,,,1,,,6,,3,,,1,1,,4,,,,,,,,196,,,Y,N1,A1100023,47,,,,,,,,,,,,,,,,,,,,,,,,,,,,,,,,,,,,,,,,,,,,,,,,,,,,
2026-09-22 23:29:22,서울특별시,A1100029,서울적십자병원,20260922232425,02-2002-8000,,,,,,1,,,,,,,Y,,Y,N1,Y,Y,9,N1,98,N1,6,N1,Y,,6,N1,10,,1,,,,12,,6,,,1,1,,11,,,2,,,,,260,,,Y,N1,A1100029,48,,,,,,,,,,,,,,,,,,,,,,,,,,,,,,,,,,,,,,,,,,,,,,,,,,,,
2026-09-22 23:29:22,서울특별시,A1100032,세란병원,20260922232537,02-737-0181,,,,,,,1,,,,,,Y,,Y,N1,N1,Y,6,N1,44,N1,,N1,Y,,13,N1,10,,,1,,,,,13,,,3,5,,3,,,,,,,,205,,,Y,N1,A1100032,49,,,,,,,,,,,,,,,,,,,,,,,,,,,,,,,,,,,,,,,,,,,,,,,,,,,,
2026-09-22 23:29:22,서울특별시,A1100075,의료법인풍산의료재단동부제일병원,20260922232052,02-437-5011,,,,,,,1,,,,,,Y,,Y,N1,N1,Y,6,N1,45,N1,,N1,N,,2,N1,7,,,1,,,,,2,,,1,1,,3,,,,,,,,124,,,Y,N1,A1100075,50,,,,,,,,,,,,,,,,,,,,,,,,,,,,,,,,,,,,,,,,,,,,,,,,,,,,
2026-09-22 23:29:22,서울특별시,A1100044,녹색병원,20260922232508,02-490-2000,,,,,,1,4,,,0,N,,Y,,Y,N1,Y,Y,-3,N1,99,N1,3,N1,Y,,3,N1,5,,1,4,,,17,,3,3,1,2,1,,22,,,1,,,,,293,,,Y,N1,A1100044,51,,,,2,,,,,,3,,,,,,,,,,,,,,,,,,,,,,,,,,,,,,,,,,,,,,,,,,
2026-09-22 23:59:24,서울특별시,A1100043,강동경희대학교병원,20260922235516,02-440-7114,Y,Y,1,2,3,2,1,3,2,0,Y,N,Y,Y,Y,Y,Y,Y,6,Y,145,Y,2,Y,Y,6,17,N,15,3,2,3,19,17,27,30,17,1,8,2,2,3,32,9,13,4,1,1,0,0,625,3,2,Y,Y,A1100043,1,,,,,,,,,,,,,,,,,,,,,,,,,,,,,,,,,,,,,,,,,,,,,,,,,,,,
2026-09-22 23:59:24,서울특별시,A1100014,고려대학교의과대학부속구로병원,20260922235202,02-2626-1114,Y,Y,,,1,,,2,7,3,Y,,Y,Y,Y,Y,Y,Y,7,Y,39,Y,11,Y,Y,-1,23,N1,29,3,,,20,23,35,30,24,4,2,6,6,4,98,11,35,15,10,3,,,778,,,Y,Y,A1100014,2,5,1,2,0,5,1,20,4,6,10,18,5,,,,,,,,,,,,,,,,,,,,,,,,,,,,,,,,,,,,,,,,
2026-09-22 23:59:24,서울특별시,A1100013,한양대학교병원,20260922235259,02-2290-8114,Y,Y,0,,1,,,2,3,0,Y,,Y,Y,Y,Y,Y,Y,7,Y,146,Y,0,Y,Y,-2,16,Y,20,3,,,22,14,0,30,16,2,1,3,2,3,69,10,23,13,6,3,,1,670,2,,Y,Y,A1100013,3,4,3,,1,1,,12,,,2,16,4,1,0,8,5,,,,,,,,,,,,,,,,,,,,,,,,,,,,,,,,,,,,
2026-09-22 23:59:24,서울특별시,A1100008,학교법인고려중앙학원고려대학교의과대학부속병원(안암병원),20260922235208,1577-0083,Y,Y,0,,2,,,2,9,0,Y,,Y,Y,Y,Y,Y,Y,3,Y,123,Y,,Y,Y,-3,23,Y,30,4,,,15,17,,31,25,3,4,7,6,8,84,14,20,11,8,7,,1,777,6,,Y,Y,A1100008,4,1,3,5,2,3,,16,19,,6,10,2,5,,7,,1,9,,,,,,,,,,,,,,,,,,,,,,,,,,,,,,,,,,
2026-09-22 23:59:24,서울특별시,A1100005,이화여자대학교의과대학부속목동병원,20260922235045,02-2650-5114,Y,Y,1,,8,2,3,7,5,4,Y,,Y,Y,Y,Y,Y,Y,10,Y,35,Y,,Y,Y,12,13,Y,19,8,2,4,19,28,,32,13,9,2,4,4,4,58,10,34,9,3,5,,1,526,1,,Y,Y,A1100005,5,,0,7,0,2,,10,13,,4,10,,,0,,1,,,4,14,,,,,,,,,,,,,,,,,,,,,,,,,,,,,,,,
2026-09-22 23:59:24,서울특별시,A1100017,서울대학교병원,20260922235438,02-1588-5700,Y,Y,0,,9,2,2,4,15,4,Y,Y,Y,Y,Y,Y,Y,Y,1,Y,115,Y,,Y,Y,6,53,N1,24,10,2,4,17,40,,30,53,7,4,13,13,14,160,19,46,22,9,3,1,,1365,2,,Y,Y,A1100017,6,,1,8,8,7,,10,18,,28,41,,,0,,1,2,6,0,5,1,1,0,0,0,7,2,6,3,7,22,2,10,10,6,1,1,0,0,8,,,,,,,,,,,,
2026-09-22 23:59:24,서울특별시,A1100035,서울특별시서울의료원,20260922235501,02-2276-7000,Y,Y,1,,2,2,3,4,13,2,Y,Y,Y,Y,Y,Y,Y,Y,14,Y,150,Y,1,Y,Y,1,10,Y,19,3,2,3,14,3,5,28,10,3,4,5,3,5,65,5,12,7,2,4,1,2,461,2,,Y,Y,A1100035,7,,2,,,14,,7,,,,30,,,2,,4,,,0,6,,,,,,,,,,,,,,,,,,,,,1,2,,,,,,,,,,
2026-09-22 23:59:24,서울특별시,A1100015,연세대학교의과대학강남세브란스병원,20260922235500,02-2019-3114,Y,Y,,,1,1,2,,,5,Y,,Y,Y,Y,Y,Y,Y,0,Y,137,Y,12,Y,Y,0,23,N1,21,2,1,2,,28,29,,23,5,1,4,3,6,47,10,23,6,3,5,,,691,,,Y,Y,A1100015,8,,,,,,,,,,,,,,,,,3,8,1,12,,,,,,,,,,,,,,,,,,,,,,,,,,,,,,,,
2026-09-22 23:59:24,서울특별시,A1100010,삼성서울병원,20260922235503,02-3410-2114,Y,Y,,,2,1,1,,,0,Y,,Y,Y,Y,Y,Y,Y,-20,Y,130,Y,,Y,Y,3,45,N1,52,4,2,2,,59,,,46,8,6,19,16,15,117,22,43,21,11,2,,,1528,,,Y,Y,A1100010,9,,9,13,,6,,28,23,,,27,,,,,,1,12,0,12,,,,,,6,,,,15,14,,,36,,,,,,,,,,,,,,,,,,
2026-09-22 23:59:24,서울특별시,A1100028,성심의료재단강동성심병원,20260922235050,02-2224-2114,Y,Y,,,,1,6,,,0,Y,,Y,Y,Y,Y,Y,Y,7,Y,151,Y,-1,Y,Y,1,13,N1,15,,1,6,,3,19,,13,2,1,4,2,5,35,3,3,8,3,1,,,566,,,Y,Y,A1100028,10,,2,,1,,,18,,,5,,,,,,,,,,,,,,,,,,,,,,,,,,,,,,,,,2,2,,,,,,,,
2026-09-22 23:59:24,서울특별시,A1100053,한국보훈복지의료공단 중앙보훈병원,20260922235059,02-2225-1111,,,,,,1,2,2,0,2,N,,Y,Y,Y,Y,Y,Y,17,Y,231,N1,,N1,Y,,13,N1,22,,1,2,2,,,3,13,7,1,3,4,4,38,,,10,1,,,,820,,,Y,N1,A1100053,11,,4,5,1,35,,14,14,,1,60,,,,,,2,10,1,13,,,,,,,,,,,,,,,,,,,,,,,,,,,,,,,,
2026-09-22 23:59:24,서울특별시,A1120796,이화여자대학교의과대학부속서울병원,20260922235053,1522-7000,Y,Y,,,8,2,5,,,0,Y,,Y,Y,Y,Y,Y,Y,-7,Y,124,Y,0,Y,Y,5,19,N1,14,9,2,6,,24,11,,19,4,2,5,5,8,71,9,22,12,4,5,,,736,,,Y,Y,A1120796,12,,0,6,1,,,10,17,,7,,,,,,,4,11,4,17,,,,,,,,,,4,,,,19,,,,,,,,,,,,,,,,,,
2026-09-22 23:59:24,서울특별시,A1100041,의료법인서울효천의료재단에이치플러스양지병원,20260922235510,02-1877-8875,,,,,,1,2,,,0,,,Y,Y,Y,Y,Y,Y,1,Y,10,Y,6,N1,Y,,7,N1,18,,1,2,,,27,,7,3,,2,3,3,23,,,5,1,1,,,293,,,Y,N1,A1100041,13,,,,0,,,,,,1,,,,,,,,,,,,,,,,,,,,,,,,,,,,,,,,,,,,,,,,,,
2026-09-22 23:59:24,서울특별시,A1100002,건국대학교병원,20260922235306,1588-1533,Y,Y,,,3,1,2,,,3,Y,,Y,Y,Y,Y,Y,Y,7,Y,124,Y,,Y,Y,-1,21,N1,20,4,1,2,,16,,,21,3,2,4,4,5,45,7,18,7,3,14,,,678,,,Y,Y,A1100002,14,,7,10,1,7,,24,25,,1,14,,,,,,,,,,,,,,,,,,,,,,,,,,,,,,,,,,,,,,,,,
2026-09-22 23:59:24,서울특별시,A1100016,인제대학교상계백병원,20260922235203,02-950-1114,Y,Y,,,,1,1,,,0,Y,,Y,Y,Y,Y,Y,Y,4,Y,50,Y,,Y,Y,0,13,N1,16,,1,2,,15,,,13,2,2,3,2,3,36,10,25,10,3,1,,,390,,,Y,Y,A1100016,15,,0,0,2,4,,19,18,,4,5,,,,,,,,,,,,,,,,,,,,,,,,,,,,,,,,1,4,,,,,,,,
2026-09-22 23:59:24,서울특별시,A1100048,노원을지대학교병원,20260922235102,02-970-8000,Y,Y,,,,1,4,,,0,Y,,Y,Y,Y,Y,Y,Y,8,Y,209,N1,,Y,Y,1,11,N1,17,,1,4,,10,,,11,1,3,2,2,2,26,8,19,3,1,,,,479,,,Y,Y,A1100048,16,,2,6,1,5,,16,16,,2,21,,,,,,,,,,,,,,,,,,,,,,,,,,,,,,,,,,0,0,0,0,,,,
2026-09-22 23:59:24,서울특별시,A1100020,의료법인한전의료재단 한일병원,20260922235503,02-901-3114,N,N,,,2,2,2,1,2,2,,Y,Y,Y,Y,Y,Y,Y,11,N1,70,Y,6,N,Y,,8,Y,21,2,2,2,2,,21,3,8,5,,2,1,2,25,1,4,2,,4,2,2,389,,,Y,N,A1100020,17,,,,0,,,,,,1,,,,,,,,,,,,,,,,,,,,,,,,,,,,,,,,,,,,,,,,,,
2026-09-22 23:59:24,서울특별시,A1100001,경희대학교병원,20260922235440,02-958-8114,Y,Y,,,2,2,1,,,8,Y,,Y,Y,Y,Y,Y,Y,7,Y,162,Y,35,Y,Y,0,16,N1,15,3,2,3,,18,73,,16,10,3,3,3,5,48,6,12,8,3,2,,,653,,,Y,Y,A1100001,18,,,,,6,,,,,,20,,,,,,,,6,15,,,,,,,,,,,,,,,,,,,,,,,,,,,,,,,,
2026-09-22 23:59:24,서울특별시,A1100021,삼육서울병원,20260922235149,02-2244-0191,,N,,,,1,1,1,1,3,Y,,Y,Y,Y,Y,Y,Y,9,Y,104,Y,5,N,Y,4,5,Y,13,,1,2,2,4,15,3,5,4,2,1,1,2,20,,4,5,2,1,,1,389,,,Y,N1,A1100021,19,,,,1,,,,,,1,,,,,,,,,,,,,,,,,,,,,,,,,,,,,,,,,3,4,,,,,,,,
2026-09-22 23:59:24,서울특별시,A1100040,서울특별시보라매병원,20260922235500,02-870-2114,Y,Y,,,3,1,0,,,3,Y,,Y,Y,Y,Y,Y,Y,19,Y,178,Y,,Y,Y,0,14,N1,31,3,2,1,,14,,,14,3,4,6,3,5,48,14,13,5,9,2,,,695,,,Y,Y,A1100040,20,,3,11,1,1,,15,16,,4,14,,,,,,3,4,,,,,,,,,,,,,,,,,,,,,,,,,,,,,,,,,,
2026-09-22 23:59:24,서울특별시,A1100003,중앙대학교병원,20260922235508,1800-1114,Y,Y,1,,4,2,3,4,,0,Y,,Y,Y,Y,Y,Y,Y,11,Y,154,Y,,Y,Y,0,15,N1,22,4,2,3,12,25,,,16,2,2,4,3,4,51,9,21,13,6,12,,,629,1,,Y,Y,A1100003,21,0,7,0,2,2,,12,17,,11,2,0,0,,0,,,,,,,,,,1,,,,,,,,,,,,,,,4,,,,,,,,,,,,
2026-09-22 23:59:24,서울특별시,A1100007,연세대학교의과대학세브란스병원,20260922235408,02-2228-0114,Y,Y,,,6,1,3,,,6,Y,Y,Y,Y,Y,Y,Y,Y,4,Y,314,Y,3,Y,Y,14,1,N1,39,8,1,3,,52,18,,3,30,8,16,16,17,206,55,61,21,16,21,1,,1872,,,Y,Y,A1100007,22,,17,6,1,2,,29,24,,5,20,,,,,,6,23,3,29,1,1,,,,1,0,3,3,4,22,2,10,17,6,1,1,,,,,,,,,,,,,,,
2026-09-22 23:59:24,서울특별시,A1100012,학교법인가톨릭학원가톨릭대학교서울성모병원,20260922235510,0215881511,Y,Y,,,1,,,2,3,2,Y,,Y,Y,Y,Y,Y,Y,-8,Y,114,Y,1,Y,Y,7,32,N1,28,7,,,2,50,5,6,32,10,2,9,10,8,80,40,39,11,9,4,,,1053,,,Y,Y,A1100012,23,0,6,16,11,14,,22,20,,18,35,1,3,,5,,5,10,2,19,1,1,,,,1,1,0,,3,3,2,,8,6,1,1,,,,,,,,,,,,,,,
2026-09-22 23:59:24,서울특별시,A1100009,재단법인아산사회복지재단서울아산병원,20260922235515,02-3010-3114,Y,Y,1,,4,1,5,0,3,3,Y,,Y,Y,Y,Y,Y,Y,-2,Y,200,Y,1,Y,Y,22,3,Y,36,11,1,22,2,61,12,4,4,8,8,21,15,17,190,33,49,30,14,5,,1,2104,1,,Y,Y,A1100009,24,,3,7,19,12,,24,37,,47,28,,,1,,6,3,12,4,12,2,0,,,,3,1,0,2,1,26,2,13,12,6,2,1,,,,,,,,,,,,,,,
2026-09-22 23:59:24,서울특별시,A1100011,가톨릭대학교여의도성모병원,20260922235510,02-1661-7575,,,,,,1,4,2,,0,Y,,Y,Y,Y,Y,Y,Y,8,Y,29,Y,,N1,Y,,13,N1,15,,1,4,2,,,,13,1,2,2,2,2,23,,,5,1,2,,,330,,,Y,N1,A1100011,25,,-2,2,1,,,10,8,,1,,,,,,,,,1,9,,,,,,,,,,,,,,,,,,,,,,,,,,,,,,,,
2026-09-22 23:59:24,서울특별시,A1100055,한림대학교강남성심병원,20260922235103,02-829-5114,Y,Y,,,3,3,1,0,1,,Y,,Y,Y,Y,Y,Y,Y,17,Y,161,Y,,Y,Y,0,14,N1,20,3,3,2,2,12,,3,14,,3,3,3,3,54,21,22,13,3,2,,,493,,,Y,Y,A1100055,26,,5,7,5,,,21,23,,7,,,,,,,0,10,,,,,,,,,,,,,,,,,,,,,,,,,,,,,,,,,,
2026-09-22 23:59:24,서울특별시,A1100054,성애의료재단성애병원,20260922235321,02-840-7114,Y,Y,,,,1,4,,,,Y,,Y,Y,Y,Y,Y,Y,12,N1,62,N1,4,Y,Y,4,5,N1,15,,1,4,,4,19,,5,,2,2,2,1,8,5,14,2,,,,,252,,,Y,Y,A1100054,27,,,,0,,,,,,1,,,,,,,,,,,,,,,,,,,,,,,,,,,,,,,,,,,,,,,,,,
2026-09-22 23:59:24,서울특별시,A1100004,순천향대학교부속서울병원,20260922235423,02-709-9114,Y,Y,,,3,1,2,0,3,2,Y,,Y,Y,Y,Y,Y,Y,8,Y,154,Y,5,Y,Y,-1,12,N1,20,4,1,2,2,13,43,3,14,4,7,3,3,4,51,8,17,14,5,3,,,597,,,Y,Y,A1100004,28,,,,0,8,,,,,10,21,,,,,,,,,,,,,0,0,,,,,,,,,,,,,,0,0,,,0,0,,,,,,,,
2026-09-22 23:59:24,서울특별시,A1121013,가톨릭대학교은평성모병원,20260922235509,02-1811-7755,Y,Y,,,8,2,2,,,1,Y,,Y,Y,Y,Y,Y,Y,9,Y,193,Y,,Y,Y,5,19,N1,24,8,2,2,,19,,,19,5,1,4,3,5,46,19,22,10,5,20,,,651,,,Y,Y,A1121013,29,,0,4,0,,,16,9,,4,,,,,,,1,12,2,13,,,,,,,,,,,,,,,,,,,,,,,,,,,,,,,,
2026-09-22 23:59:24,서울특별시,A1100006,강북삼성병원,20260922235531,02-2001-2001,Y,Y,,,2,1,2,,,2,Y,,Y,Y,Y,Y,Y,Y,3,Y,37,Y,6,Y,Y,1,16,N1,15,2,1,2,,14,24,,16,3,1,5,4,6,54,13,14,8,4,3,,,569,,,Y,Y,A1100006,30,,,0,2,7,,,4,,5,18,,,,,,,,2,12,,,,,,,,,,0,,,,8,,,,,,,,,,,,,,,,,,
2026-09-22 23:59:24,서울특별시,A1100052,국립중앙의료원,20260922235504,02-2260-7114,N,Y,,0,3,2,2,1,0,5,Y,,Y,Y,Y,Y,Y,Y,9,Y,0,Y,9,Y,Y,,7,N1,15,3,2,3,6,,13,0,7,7,1,1,1,2,56,1,3,5,5,2,,,202,,0,Y,N,A1100052,31,,,0,2,,0,,0,20,2,,,,,,,,,,,,,0,,0,,,,,,,,,,,,,0,,0,,,5,5,2,6,2,6,0,2,50,2
2026-09-22 23:59:24,서울특별시,A1100036,부민병원,20260922235028,1577-7582,,Y,,,,1,,,,0,Y,,Y,Y,Y,Y,Y,Y,8,Y,49,N1,1,Y,Y,,8,N1,10,,1,,,,14,,8,3,1,3,3,1,22,,1,2,1,,,,282,,,Y,N1,A1100036,32,,,,0,,,,,,1,,,,,,,,,,,,,,,,,,,,,,,,,,,,,,,,,,,,,,,,,,
2026-09-22 23:59:24,서울특별시,A1100051,혜민병원,20260922235050,02-2049-9000,,,,,,1,,,,,,,Y,,Y,N1,Y,Y,8,N1,31,N1,11,N1,Y,,5,N1,9,,1,,,,19,,5,,,2,2,,16,,,2,,,,,205,,,Y,N1,A1100051,33,,,,,,,,,,,,,,,,,,,,,,,,,,,,,,,,,,,,,,,,,,,,,,,,,,,,
2026-09-22 23:59:24,서울특별시,A1100026,구로성심병원,20260922235439,02-2067-1500,,,,,,,1,,,,,,Y,,Y,N1,N1,Y,5,N1,46,N1,0,N1,Y,,3,N1,9,,,1,,,11,,3,,,1,1,,5,,,,,,,,191,,,Y,N1,A1100026,34,,,,,,,,,,,,,,,,,,,,,,,,,,,,,,,,,,,,,,,,,,,,,,,,,,,,
2026-09-22 23:59:24,서울특별시,A1100049,희명병원,20260922235509,02-804-0002,,,,,,,1,,,,,,Y,,Y,N1,Y,Y,10,Y,117,N1,1,N1,Y,,4,N1,10,,,1,,,19,,4,,,1,1,,9,,,1,1,,,,228,,,Y,N1,A1100049,35,,,,,,,,,,,,,,,,,,,,,,,,,,,,,,,,,,,,,,,,,,,,,,,,,,,,
2026-09-22 23:59:24,서울특별시,A1100027,한국원자력의학원원자력병원,20260922235141,02-970-2114,,Y,,,,1,1,,,1,Y,,Y,Y,Y,Y,Y,Y,7,N1,221,N1,6,Y,Y,,10,N1,9,,1,1,,,10,,10,1,1,4,2,1,16,,2,1,,,,,444,,,Y,N1,A1100027,36,,,,1,,,,,,1,,,,,,,,,,,,,,,,,,,,,,,,,,,,,,,,,1,1,,,,,,,,
2026-09-22 23:59:24,서울특별시,A1100022,서울특별시동부병원,20260922235520,02-920-9114,,Y,,,,1,1,,,,Y,,Y,,Y,N1,Y,Y,6,N1,29,N1,3,Y,Y,,3,N1,8,,1,1,,,8,,3,,1,1,1,,7,,1,1,,,,,195,,,Y,N1,A1100022,37,,,,1,,,,,,1,,,,,,,,,,,,,,,,,,,,,,,,,,,,,,,,,,,,,,,,,,
2026-09-22 23:59:24,서울특별시,A1100050,서울성심병원,20260922235315,02-966-1616,,,,,,1,2,,,,,,Y,,Y,N1,N1,Y,15,N1,87,N1,6,N1,Y,,6,N1,17,,1,2,,,10,,6,,,1,1,,11,,,,,,,,208,,,Y,N1,A1100050,38,,,,,,,,,,,,,,,,,,,,,,,,,,,,,,,,,,,,,,,,,,,,,,,,,,,,
2026-09-22 23:59:24,서울특별시,A1100025,의료법인동신의료재단동신병원,20260922235410,02-396-9161,,,,,,,1,,,,,,Y,,Y,N1,N1,Y,6,N1,55,N1,2,N1,Y,,3,N1,9,,,1,,,9,,3,,,1,1,,7,,,,,,,,196,,,Y,N1,A1100025,39,,,,,,,,,,,,,,,,,,,,,,,,,,,,,,,,,,,,,,,,,,,,,,,,,,,,
2026-09-22 23:59:24,서울특별시,A1122033,기쁨병원,20260922235525,02-570-1234,,,,,,,1,,,,,,Y,Y,Y,Y,N1,Y,1,N1,39,N1,,N1,Y,,8,N1,4,,,1,,,,,8,,,1,1,1,1,,,,,,,,110,,,Y,N1,A1122033,40,,,,,,,,,,,,,,,,,,,,,,,,,,,,,,,,,,,,,,,,,,,,,,,,,,,,
2026-09-22 23:59:24,서울특별시,A1100039,경찰병원,20260922235502,02-3400-1114,,,,,,1,,,,2,,,Y,,Y,N1,Y,Y,2,N1,133,N1,13,N1,Y,,7,N1,3,,1,,,,14,,7,2,,2,3,,10,,,2,,,,,187,,,Y,N1,A1100039,41,,,,2,,,,,,2,,,,,,,,,,,,,,,,,,,,,,,,,,,,,,,,,1,1,,,,,,,,
2026-09-22 23:59:24,서울특별시,A1100019,홍익병원,20260922235523,02-2693-5555,,,,,,,0,,,0,,,Y,Y,Y,Y,N,Y,4,N1,76,N1,4,N1,Y,,4,N1,9,,,1,,,14,,4,1,,4,2,2,7,,,1,,,,,251,,,Y,N1,A1100019,42,,,,1,,,,,,1,,,,,,,,,,,,,,,,,,,,,,,,,,,,,,,,,,,,,,,,,,
2026-09-22 23:59:24,서울특별시,A1100223,서울특별시서남병원,20260922235000,1566-6688,,,,0,,1,2,2,2,4,,,Y,,Y,N1,Y,Y,14,Y,56,Y,11,N1,Y,,4,N1,17,,1,2,2,,17,3,4,4,,2,1,,16,,,1,1,1,,,275,,0,Y,N1,A1100223,43,,,,0,,,,,,1,,,,,,,,,,,,,,,,,,,,,,,,,,,,,,,,,,,,,,,,,,
2026-09-22 23:59:24,서울특별시,A1100024,명지성모병원,20260922235630,02-1899-1475,,,,,,1,1,,,,,,Y,Y,Y,Y,N1,Y,8,N1,97,N1,2,N1,Y,,3,N1,8,,1,1,,,12,,3,,,1,3,2,7,,,,,,,,212,,,Y,N1,A1100024,44,,,,1,,,,,,1,,,,,,,,,,,,,,,,,,,,,,,,,,,,,,,,,,,,,,,,,,
2026-09-22 23:59:24,서울특별시,A1100037,대림성모병원,20260922235050,02-829-9000,,,,,,,2,,,,,,Y,,Y,N1,N1,Y,7,N1,27,N1,,N1,Y,,4,N1,8,,,2,,,,,4,,,1,2,,1,,,,,,,,114,,,Y,N1,A1100037,45,,,,,,,,,,,,,,,,,,,,,,,,,,,,,,,,,,,,,,,,,,,,,,,,,,,,
2026-09-22 23:59:24,서울특별시,A1100045,씨엠병원,20260922234500,02-2678-0001,,,,,,,1,,,,,,Y,,Y,N1,N1,Y,9,N1,30,N1,,N1,Y,,5,N1,9,,,1,,,,,5,,,2,2,,6,,,,,,,,110,,,Y,N1,A1100045,46,,,,,,,,,,,,,,,,,,,,,,,,,,,,,,,,,,,,,,,,,,,,,,,,,,,,
2026-09-22 23:59:24,서울특별시,A1100023,의료법인청구성심병원,20260922235444,02-350-3300,,,,,,,0,,,,,,Y,,Y,N1,N1,Y,10,N1,29,N1,2,N1,Y,,3,N1,10,,,1,,,6,,3,,,1,1,,4,,,,,,,,196,,,Y,N1,A1100023,47,,,,,,,,,,,,,,,,,,,,,,,,,,,,,,,,,,,,,,,,,,,,,,,,,,,,
2026-09-22 23:59:24,서울특별시,A1100029,서울적십자병원,20260922235506,02-2002-8000,,,,,,1,,,,,,,Y,,Y,N1,Y,Y,9,N1,98,N1,6,N1,Y,,6,N1,10,,1,,,,12,,6,,,1,1,,11,,,2,,,,,260,,,Y,N1,A1100029,48,,,,,,,,,,,,,,,,,,,,,,,,,,,,,,,,,,,,,,,,,,,,,,,,,,,,
2026-09-22 23:59:24,서울특별시,A1100032,세란병원,20260922235537,02-737-0181,,,,,,,1,,,,,,Y,,Y,N1,N1,Y,3,N1,44,N1,,N1,Y,,13,N1,10,,,1,,,,,13,,,3,5,,3,,,,,,,,205,,,Y,N1,A1100032,49,,,,,,,,,,,,,,,,,,,,,,,,,,,,,,,,,,,,,,,,,,,,,,,,,,,,
2026-09-22 23:59:24,서울특별시,A1100075,의료법인풍산의료재단동부제일병원,20260922235056,02-437-5011,,,,,,,1,,,,,,Y,,Y,N1,N1,Y,7,N1,44,N1,,N1,N,,2,N1,7,,,1,,,,,2,,,1,1,,3,,,,,,,,124,,,Y,N1,A1100075,50,,,,,,,,,,,,,,,,,,,,,,,,,,,,,,,,,,,,,,,,,,,,,,,,,,,,
2026-09-22 23:59:24,서울특별시,A1100044,녹색병원,20260922235509,02-490-2000,,,,,,1,4,,,0,N,,Y,,Y,N1,Y,Y,-2,N1,99,N1,3,N1,Y,,3,N1,5,,1,4,,,17,,3,3,1,2,1,,22,,,1,,,,,293,,,Y,N1,A1100044,51,,,,2,,,,,,3,,,,,,,,,,,,,,,,,,,,,,,,,,,,,,,,,,,,,,,,,,
2026-09-23 00:29:26,서울특별시,A1100043,강동경희대학교병원,20260923002517,02-440-7114,Y,Y,1,2,3,2,1,3,2,0,Y,N,Y,Y,Y,Y,Y,Y,3,Y,145,Y,2,Y,Y,6,17,N,15,3,2,3,19,17,27,30,17,1,8,2,2,3,32,9,13,4,1,1,0,0,625,3,2,Y,Y,A1100043,1,,,,,,,,,,,,,,,,,,,,,,,,,,,,,,,,,,,,,,,,,,,,,,,,,,,,
2026-09-23 00:29:26,서울특별시,A1100014,고려대학교의과대학부속구로병원,20260923002251,02-2626-1114,Y,Y,,,1,,,2,7,3,Y,,Y,Y,Y,Y,Y,Y,5,Y,39,Y,11,Y,Y,-1,23,N1,29,3,,,20,23,35,30,24,4,2,6,6,4,98,11,35,15,10,3,,,778,,,Y,Y,A1100014,2,5,1,2,0,5,1,20,4,6,10,18,5,,,,,,,,,,,,,,,,,,,,,,,,,,,,,,,,,,,,,,,,
2026-09-23 00:29:26,서울특별시,A1100013,한양대학교병원,20260923002259,02-2290-8114,Y,Y,0,,0,,,2,3,0,Y,,Y,Y,Y,Y,Y,Y,11,Y,144,Y,0,Y,Y,-2,16,Y,20,3,,,22,14,0,30,16,2,1,3,2,3,69,10,23,13,6,3,,1,670,2,,Y,Y,A1100013,3,4,3,,1,1,,12,,,2,16,4,2,0,8,5,,,,,,,,,,,,,,,,,,,,,,,,,,,,,,,,,,,,
2026-09-23 00:29:26,서울특별시,A1100008,학교법인고려중앙학원고려대학교의과대학부속병원(안암병원),20260923002434,1577-0083,Y,Y,0,,3,,,2,9,0,Y,,Y,Y,Y,Y,Y,Y,4,Y,123,Y,,Y,Y,-4,23,Y,30,4,,,15,17,,31,25,3,4,7,6,8,84,14,20,11,8,7,,1,777,6,,Y,Y,A1100008,4,1,3,5,2,3,,16,19,,6,10,2,3,,7,,1,9,,,,,,,,,,,,,,,,,,,,,,,,,,,,,,,,,,
2026-09-23 00:29:26,서울특별시,A1100005,이화여자대학교의과대학부속목동병원,20260923002045,02-2650-5114,Y,Y,1,,8,2,3,7,5,4,Y,,Y,Y,Y,Y,Y,Y,9,Y,35,Y,,Y,Y,12,13,Y,19,8,2,4,19,28,,32,13,9,2,4,4,4,58,10,34,9,3,5,,1,526,1,,Y,Y,A1100005,5,,0,7,0,2,,10,13,,4,10,,,0,,1,,,4,14,,,,,,,,,,,,,,,,,,,,,,,,,,,,,,,,
2026-09-23 00:29:26,서울특별시,A1100017,서울대학교병원,20260923002438,02-1588-5700,Y,Y,0,,9,2,2,4,15,4,Y,Y,Y,Y,Y,Y,Y,Y,-1,Y,115,Y,,Y,Y,6,53,N1,24,10,2,4,17,40,,30,53,7,4,13,13,14,160,19,46,22,9,3,1,,1365,2,,Y,Y,A1100017,6,,1,8,8,7,,10,18,,28,41,,,0,,1,2,6,0,5,1,1,0,0,0,7,2,6,3,7,22,2,10,10,6,1,1,0,0,8,,,,,,,,,,,,
2026-09-23 00:29:26,서울특별시,A1100035,서울특별시서울의료원,20260923002500,02-2276-7000,Y,Y,1,,2,2,2,4,13,2,Y,Y,Y,Y,Y,Y,Y,Y,12,Y,150,Y,1,Y,Y,1,10,Y,19,3,2,3,14,3,5,28,10,3,4,5,3,5,65,5,12,7,2,4,1,2,461,2,,Y,Y,A1100035,7,,2,,,14,,7,,,,30,,,2,,4,,,0,6,,,,,,,,,,,,,,,,,,,,,1,2,,,,,,,,,,
2026-09-23 00:29:26,서울특별시,A1100015,연세대학교의과대학강남세브란스병원,20260923002501,02-2019-3114,Y,Y,,,2,1,2,,,5,Y,,Y,Y,Y,Y,Y,Y,3,Y,136,Y,12,Y,Y,0,23,N1,21,2,1,2,,28,29,,23,5,1,4,3,6,47,10,23,6,3,5,,,691,,,Y,Y,A1100015,8,,,,,,,,,,,,,,,,,3,8,1,12,,,,,,,,,,,,,,,,,,,,,,,,,,,,,,,,
2026-09-23 00:29:26,서울특별시,A1100010,삼성서울병원,20260923002349,02-3410-2114,Y,Y,,,2,1,1,,,0,Y,,Y,Y,Y,Y,Y,Y,-21,Y,142,Y,,Y,Y,3,45,N1,52,4,2,2,,59,,,46,8,6,19,16,15,117,22,43,21,11,2,,,1528,,,Y,Y,A1100010,9,,9,13,,6,,28,23,,,27,,,,,,1,12,0,12,,,,,,6,,,,15,14,,,36,,,,,,,,,,,,,,,,,,
2026-09-23 00:29:26,서울특별시,A1100028,성심의료재단강동성심병원,20260923002051,02-2224-2114,Y,Y,,,,1,6,,,0,Y,,Y,Y,Y,Y,Y,Y,10,Y,151,Y,-1,Y,Y,1,13,N1,15,,1,6,,3,19,,13,2,1,4,2,5,35,3,3,8,3,1,,,566,,,Y,Y,A1100028,10,,2,,1,,,18,,,5,,,,,,,,,,,,,,,,,,,,,,,,,,,,,,,,,2,2,,,,,,,,
2026-09-23 00:29:26,서울특별시,A1100053,한국보훈복지의료공단 중앙보훈병원,20260923002059,02-2225-1111,,,,,,1,2,2,0,2,N,,Y,Y,Y,Y,Y,Y,18,Y,231,N1,,N1,Y,,13,N1,22,,1,2,2,,,3,13,7,1,3,4,4,38,,,10,1,,,,820,,,Y,N1,A1100053,11,,4,5,1,35,,14,14,,1,60,,,,,,2,10,1,13,,,,,,,,,,,,,,,,,,,,,,,,,,,,,,,,
2026-09-23 00:29:26,서울특별시,A1120796,이화여자대학교의과대학부속서울병원,20260923002053,1522-7000,Y,Y,,,8,2,5,,,0,Y,,Y,Y,Y,Y,Y,Y,-3,Y,124,Y,0,Y,Y,5,19,N1,14,9,2,6,,24,11,,19,4,2,5,5,8,71,9,22,12,4,5,,,736,,,Y,Y,A1120796,12,,0,6,1,,,10,17,,7,,,,,,,4,11,4,17,,,,,,,,,,4,,,,19,,,,,,,,,,,,,,,,,,
2026-09-23 00:29:26,서울특별시,A1100041,의료법인서울효천의료재단에이치플러스양지병원,20260923002512,02-1877-8875,,,,,,1,2,,,0,,,Y,Y,Y,Y,Y,Y,2,Y,9,Y,6,N1,Y,,7,N1,18,,1,2,,,27,,7,3,,2,3,3,23,,,5,1,1,,,293,,,Y,N1,A1100041,13,,,,0,,,,,,1,,,,,,,,,,,,,,,,,,,,,,,,,,,,,,,,,,,,,,,,,,
2026-09-23 00:29:26,서울특별시,A1100002,건국대학교병원,20260923002306,1588-1533,Y,Y,,,3,1,2,,,3,Y,,Y,Y,Y,Y,Y,Y,8,Y,122,Y,,Y,Y,-1,21,N1,20,4,1,2,,16,,,21,3,2,4,4,5,45,7,18,7,3,14,,,678,,,Y,Y,A1100002,14,,7,10,1,7,,24,25,,1,14,,,,,,,,,,,,,,,,,,,,,,,,,,,,,,,,,,,,,,,,,
2026-09-23 00:29:26,서울특별시,A1100016,인제대학교상계백병원,20260923002344,02-950-1114,Y,Y,,,,1,1,,,0,Y,,Y,Y,Y,Y,Y,Y,6,Y,50,Y,,Y,Y,0,13,N1,16,,1,2,,15,,,13,2,2,3,2,3,36,10,25,10,3,1,,,390,,,Y,Y,A1100016,15,,0,0,2,4,,19,18,,4,5,,,,,,,,,,,,,,,,,,,,,,,,,,,,,,,,1,4,,,,,,,,
2026-09-23 00:29:26,서울특별시,A1100048,노원을지대학교병원,20260923002103,02-970-8000,Y,Y,,,,1,4,,,0,Y,,Y,Y,Y,Y,Y,Y,5,Y,209,N1,,Y,Y,1,11,N1,17,,1,4,,10,,,11,1,3,2,2,2,26,8,19,3,1,,,,479,,,Y,Y,A1100048,16,,2,6,1,5,,16,16,,2,21,,,,,,,,,,,,,,,,,,,,,,,,,,,,,,,,,,0,0,0,0,,,,
2026-09-23 00:29:26,서울특별시,A1100020,의료법인한전의료재단 한일병원,20260923002503,02-901-3114,N,N,,,2,2,2,1,2,2,,Y,Y,Y,Y,Y,Y,Y,14,N1,70,Y,6,N,Y,,8,Y,21,2,2,2,2,,21,3,8,5,,2,1,2,25,1,4,2,,4,2,2,389,,,Y,N,A1100020,17,,,,0,,,,,,1,,,,,,,,,,,,,,,,,,,,,,,,,,,,,,,,,,,,,,,,,,
2026-09-23 00:29:26,서울특별시,A1100001,경희대학교병원,20260923002438,02-958-8114,Y,Y,,,2,2,1,,,8,Y,,Y,Y,Y,Y,Y,Y,8,Y,162,Y,35,Y,Y,0,16,N1,15,3,2,3,,18,73,,16,10,3,3,3,5,48,6,12,8,3,2,,,653,,,Y,Y,A1100001,18,,,,,6,,,,,,20,,,,,,,,6,15,,,,,,,,,,,,,,,,,,,,,,,,,,,,,,,,
2026-09-23 00:29:26,서울특별시,A1100021,삼육서울병원,20260923002217,02-2244-0191,,N,,,,1,2,1,1,3,Y,,Y,Y,Y,Y,Y,Y,9,Y,102,Y,5,N,Y,4,5,Y,13,,1,2,2,4,15,3,5,4,2,1,1,2,20,,4,5,2,1,,1,389,,,Y,N1,A1100021,19,,,,1,,,,,,1,,,,,,,,,,,,,,,,,,,,,,,,,,,,,,,,,3,4,,,,,,,,
2026-09-23 00:29:26,서울특별시,A1100040,서울특별시보라매병원,20260923002500,02-870-2114,Y,Y,,,3,1,0,,,3,Y,,Y,Y,Y,Y,Y,Y,21,Y,178,Y,,Y,Y,0,14,N1,31,3,2,1,,14,,,14,3,4,6,3,5,48,14,13,5,9,2,,,695,,,Y,Y,A1100040,20,,3,11,1,1,,15,16,,4,14,,,,,,3,4,,,,,,,,,,,,,,,,,,,,,,,,,,,,,,,,,,
2026-09-23 00:29:26,서울특별시,A1100003,중앙대학교병원,20260923002508,1800-1114,Y,Y,1,,3,2,3,4,,0,Y,,Y,Y,Y,Y,Y,Y,15,Y,153,Y,,Y,Y,0,16,N1,22,4,2,3,12,25,,,16,2,2,4,3,4,51,9,21,13,6,12,,,629,1,,Y,Y,A1100003,21,0,6,0,2,2,,12,17,,11,2,0,0,,0,,,,,,,,,,1,,,,,,,,,,,,,,,4,,,,,,,,,,,,
2026-09-23 00:29:26,서울특별시,A1100007,연세대학교의과대학세브란스병원,20260923002410,02-2228-0114,Y,Y,,,6,1,3,,,6,Y,Y,Y,Y,Y,Y,Y,Y,4,Y,310,Y,3,Y,Y,14,3,N1,39,8,1,3,,52,18,,3,30,8,16,16,17,206,55,61,21,16,21,1,,1872,,,Y,Y,A1100007,22,,17,6,1,2,,29,24,,5,20,,,,,,6,23,3,29,1,1,,,,1,0,3,3,4,22,2,10,17,6,1,1,,,,,,,,,,,,,,,
2026-09-23 00:29:26,서울특별시,A1100012,학교법인가톨릭학원가톨릭대학교서울성모병원,20260923002512,0215881511,Y,Y,,,1,,,2,3,2,Y,,Y,Y,Y,Y,Y,Y,-8,Y,113,Y,1,Y,Y,7,32,N1,28,7,,,2,50,5,6,32,10,2,9,10,8,80,40,39,11,9,4,,,1053,,,Y,Y,A1100012,23,0,6,16,11,14,,22,20,,18,35,1,1,,5,,5,10,2,19,1,0,,,,1,1,0,,3,3,2,,8,6,1,1,,,,,,,,,,,,,,,
2026-09-23 00:29:26,서울특별시,A1100009,재단법인아산사회복지재단서울아산병원,20260923002515,02-3010-3114,Y,Y,1,,5,1,5,0,3,3,Y,,Y,Y,Y,Y,Y,Y,0,Y,200,Y,1,Y,Y,22,4,Y,36,11,1,22,2,61,12,4,4,8,8,21,15,17,190,33,49,30,14,5,,1,2104,1,,Y,Y,A1100009,24,,3,7,19,12,,24,37,,47,28,,,1,,6,3,12,4,12,2,0,,,,3,1,0,2,1,26,2,13,12,6,2,1,,,,,,,,,,,,,,,
2026-09-23 00:29:26,서울특별시,A1100011,가톨릭대학교여의도성모병원,20260923002511,02-1661-7575,,,,,,1,4,2,,0,Y,,Y,Y,Y,Y,Y,Y,10,Y,29,Y,,N1,Y,,13,N1,15,,1,4,2,,,,13,1,2,2,2,2,23,,,5,1,2,,,330,,,Y,N1,A1100011,25,,-2,2,1,,,10,8,,1,,,,,,,,,1,9,,,,,,,,,,,,,,,,,,,,,,,,,,,,,,,,
2026-09-23 00:29:26,서울특별시,A1100055,한림대학교강남성심병원,20260923002103,02-829-5114,Y,Y,,,3,3,2,0,1,,Y,,Y,Y,Y,Y,Y,Y,19,Y,161,Y,,Y,Y,0,14,N1,20,3,3,2,2,12,,3,14,,3,3,3,3,54,21,22,13,3,2,,,493,,,Y,Y,A1100055,26,,5,8,5,,,21,23,,7,,,,,,,0,10,,,,,,,,,,,,,,,,,,,,,,,,,,,,,,,,,,
2026-09-23 00:29:26,서울특별시,A1100054,성애의료재단성애병원,20260923002321,02-840-7114,Y,Y,,,,1,4,,,,Y,,Y,Y,Y,Y,Y,Y,14,N1,62,N1,4,Y,Y,4,5,N1,15,,1,4,,4,19,,5,,2,2,2,1,8,5,14,2,,,,,252,,,Y,Y,A1100054,27,,,,0,,,,,,1,,,,,,,,,,,,,,,,,,,,,,,,,,,,,,,,,,,,,,,,,,
2026-09-23 00:29:26,서울특별시,A1100004,순천향대학교부속서울병원,20260923002424,02-709-9114,Y,Y,,,4,1,2,0,3,2,Y,,Y,Y,Y,Y,Y,Y,5,Y,154,Y,5,Y,Y,-2,14,N1,20,4,1,2,2,13,43,3,14,4,7,3,3,4,51,8,17,14,5,3,,,597,,,Y,Y,A1100004,28,,,,0,8,,,,,10,21,,,,,,,,,,,,,0,0,,,,,,,,,,,,,,0,0,,,0,0,,,,,,,,
2026-09-23 00:29:26,서울특별시,A1121013,가톨릭대학교은평성모병원,20260923002509,02-1811-7755,Y,Y,,,7,2,2,,,1,Y,,Y,Y,Y,Y,Y,Y,12,Y,193,Y,,Y,Y,5,19,N1,24,8,2,2,,19,,,19,5,1,4,3,5,46,19,22,10,5,20,,,651,,,Y,Y,A1121013,29,,0,4,0,,,16,9,,4,,,,,,,1,12,2,13,,,,,,,,,,,,,,,,,,,,,,,,,,,,,,,,
2026-09-23 00:29:26,서울특별시,A1100006,강북삼성병원,20260923002532,02-2001-2001,Y,Y,,,2,1,2,,,2,Y,,Y,Y,Y,Y,Y,Y,4,Y,36,Y,6,Y,Y,1,16,N1,15,2,1,2,,14,24,,16,3,1,5,4,6,54,13,14,8,4,3,,,569,,,Y,Y,A1100006,30,,,0,2,7,,,4,,5,18,,,,,,,,2,12,,,,,,,,,,0,,,,8,,,,,,,,,,,,,,,,,,
2026-09-23 00:29:26,서울특별시,A1100052,국립중앙의료원,20260923002505,02-2260-7114,N,Y,,0,3,2,2,1,0,5,Y,,Y,Y,Y,Y,Y,Y,9,Y,0,Y,9,Y,Y,,7,N1,15,3,2,3,6,,13,0,7,7,1,1,1,2,56,1,3,5,5,2,,,202,,0,Y,N,A1100052,31,,,0,2,,0,,0,20,2,,,,,,,,,,,,,0,,0,,,,,,,,,,,,,0,,0,,,5,5,2,6,2,6,0,2,50,2
2026-09-23 00:29:26,서울특별시,A1100036,부민병원,20260923002038,1577-7582,,Y,,,,1,,,,0,Y,,Y,Y,Y,Y,Y,Y,8,Y,49,N1,1,Y,Y,,8,N1,10,,1,,,,14,,8,3,1,3,3,1,22,,1,2,1,,,,282,,,Y,N1,A1100036,32,,,,0,,,,,,1,,,,,,,,,,,,,,,,,,,,,,,,,,,,,,,,,,,,,,,,,,
2026-09-23 00:29:26,서울특별시,A1100051,혜민병원,20260923002032,02-2049-9000,,,,,,1,,,,,,,Y,,Y,N1,Y,Y,8,N1,31,N1,11,N1,Y,,5,N1,9,,1,,,,19,,5,,,2,2,,16,,,2,,,,,205,,,Y,N1,A1100051,33,,,,,,,,,,,,,,,,,,,,,,,,,,,,,,,,,,,,,,,,,,,,,,,,,,,,
2026-09-23 00:29:26,서울특별시,A1100026,구로성심병원,20260923002457,02-2067-1500,,,,,,,1,,,,,,Y,,Y,N1,N1,Y,4,N1,46,N1,0,N1,Y,,3,N1,9,,,1,,,11,,3,,,1,1,,5,,,,,,,,191,,,Y,N1,A1100026,34,,,,,,,,,,,,,,,,,,,,,,,,,,,,,,,,,,,,,,,,,,,,,,,,,,,,
2026-09-23 00:29:26,서울특별시,A1100049,희명병원,20260923002529,02-804-0002,,,,,,,1,,,,,,Y,,Y,N1,Y,Y,10,Y,117,N1,1,N1,Y,,4,N1,10,,,1,,,19,,4,,,1,1,,9,,,1,1,,,,228,,,Y,N1,A1100049,35,,,,,,,,,,,,,,,,,,,,,,,,,,,,,,,,,,,,,,,,,,,,,,,,,,,,
2026-09-23 00:29:26,서울특별시,A1100027,한국원자력의학원원자력병원,20260923002141,02-970-2114,,Y,,,,1,1,,,1,Y,,Y,Y,Y,Y,Y,Y,6,N1,221,N1,6,Y,Y,,10,N1,9,,1,1,,,10,,10,1,1,4,2,1,16,,2,1,,,,,444,,,Y,N1,A1100027,36,,,,1,,,,,,1,,,,,,,,,,,,,,,,,,,,,,,,,,,,,,,,,1,1,,,,,,,,
2026-09-23 00:29:26,서울특별시,A1100022,서울특별시동부병원,20260923002520,02-920-9114,,Y,,,,1,0,,,,Y,,Y,,Y,N1,Y,Y,6,N1,29,N1,3,Y,Y,,3,N1,8,,1,1,,,8,,3,,1,1,1,,7,,1,1,,,,,195,,,Y,N1,A1100022,37,,,,1,,,,,,1,,,,,,,,,,,,,,,,,,,,,,,,,,,,,,,,,,,,,,,,,,
2026-09-23 00:29:26,서울특별시,A1100050,서울성심병원,20260923002424,02-966-1616,,,,,,1,2,,,,,,Y,,Y,N1,N1,Y,16,N1,87,N1,6,N1,Y,,6,N1,17,,1,2,,,10,,6,,,1,1,,11,,,,,,,,208,,,Y,N1,A1100050,38,,,,,,,,,,,,,,,,,,,,,,,,,,,,,,,,,,,,,,,,,,,,,,,,,,,,
2026-09-23 00:29:26,서울특별시,A1100025,의료법인동신의료재단동신병원,20260923002425,02-396-9161,,,,,,,1,,,,,,Y,,Y,N1,N1,Y,4,N1,55,N1,2,N1,Y,,3,N1,9,,,1,,,9,,3,,,1,1,,7,,,,,,,,196,,,Y,N1,A1100025,39,,,,,,,,,,,,,,,,,,,,,,,,,,,,,,,,,,,,,,,,,,,,,,,,,,,,
2026-09-23 00:29:26,서울특별시,A1122033,기쁨병원,20260923002436,02-570-1234,,,,,,,1,,,,,,Y,Y,Y,Y,N1,Y,0,N1,39,N1,,N1,Y,,8,N1,4,,,1,,,,,8,,,1,1,1,1,,,,,,,,110,,,Y,N1,A1122033,40,,,,,,,,,,,,,,,,,,,,,,,,,,,,,,,,,,,,,,,,,,,,,,,,,,,,
2026-09-23 00:29:26,서울특별시,A1100039,경찰병원,20260923002502,02-3400-1114,,,,,,1,,,,2,,,Y,,Y,N1,Y,Y,2,N1,133,N1,13,N1,Y,,7,N1,3,,1,,,,14,,7,2,,2,3,,10,,,2,,,,,187,,,Y,N1,A1100039,41,,,,2,,,,,,2,,,,,,,,,,,,,,,,,,,,,,,,,,,,,,,,,1,1,,,,,,,,
2026-09-23 00:29:26,서울특별시,A1100019,홍익병원,20260923002528,02-2693-5555,,,,,,,0,,,0,,,Y,Y,Y,Y,N,Y,6,N1,76,N1,4,N1,Y,,4,N1,9,,,1,,,14,,4,1,,4,2,2,7,,,1,,,,,251,,,Y,N1,A1100019,42,,,,1,,,,,,1,,,,,,,,,,,,,,,,,,,,,,,,,,,,,,,,,,,,,,,,,,
2026-09-23 00:29:26,서울특별시,A1100223,서울특별시서남병원,20260923002000,1566-6688,,,,0,,1,1,2,2,4,,,Y,,Y,N1,Y,Y,15,Y,56,Y,11,N1,Y,,4,N1,17,,1,2,2,,17,3,4,4,,2,1,,16,,,1,1,1,,,275,,0,Y,N1,A1100223,43,,,,0,,,,,,1,,,,,,,,,,,,,,,,,,,,,,,,,,,,,,,,,,,,,,,,,,
2026-09-23 00:29:26,서울특별시,A1100024,명지성모병원,20260923002633,02-1899-1475,,,,,,1,1,,,,,,Y,Y,Y,Y,N1,Y,8,N1,97,N1,2,N1,Y,,3,N1,8,,1,1,,,12,,3,,,1,3,2,7,,,,,,,,212,,,Y,N1,A1100024,44,,,,1,,,,,,1,,,,,,,,,,,,,,,,,,,,,,,,,,,,,,,,,,,,,,,,,,
2026-09-23 00:29:26,서울특별시,A1100037,대림성모병원,20260923002032,02-829-9000,,,,,,,2,,,,,,Y,,Y,N1,N1,Y,7,N1,27,N1,,N1,Y,,4,N1,8,,,2,,,,,4,,,1,2,,1,,,,,,,,114,,,Y,N1,A1100037,45,,,,,,,,,,,,,,,,,,,,,,,,,,,,,,,,,,,,,,,,,,,,,,,,,,,,
2026-09-23 00:29:26,서울특별시,A1100045,씨엠병원,20260923001500,02-2678-0001,,,,,,,1,,,,,,Y,,Y,N1,N1,Y,8,N1,30,N1,,N1,Y,,5,N1,9,,,1,,,,,5,,,2,2,,6,,,,,,,,110,,,Y,N1,A1100045,46,,,,,,,,,,,,,,,,,,,,,,,,,,,,,,,,,,,,,,,,,,,,,,,,,,,,
2026-09-23 00:29:26,서울특별시,A1100023,의료법인청구성심병원,20260923002255,02-350-3300,,,,,,,1,,,,,,Y,,Y,N1,N1,Y,8,N1,29,N1,2,N1,Y,,3,N1,10,,,1,,,6,,3,,,1,1,,4,,,,,,,,196,,,Y,N1,A1100023,47,,,,,,,,,,,,,,,,,,,,,,,,,,,,,,,,,,,,,,,,,,,,,,,,,,,,
2026-09-23 00:29:26,서울특별시,A1100029,서울적십자병원,20260923002344,02-2002-8000,,,,,,1,,,,,,,Y,,Y,N1,Y,Y,10,N1,98,N1,6,N1,Y,,6,N1,10,,1,,,,12,,6,,,1,1,,11,,,2,,,,,260,,,Y,N1,A1100029,48,,,,,,,,,,,,,,,,,,,,,,,,,,,,,,,,,,,,,,,,,,,,,,,,,,,,
2026-09-23 00:29:26,서울특별시,A1100032,세란병원,20260923001938,02-737-0181,,,,,,,1,,,,,,Y,,Y,N1,N1,Y,10,N1,44,N1,,N1,Y,,13,N1,10,,,1,,,,,13,,,3,5,,3,,,,,,,,205,,,Y,N1,A1100032,49,,,,,,,,,,,,,,,,,,,,,,,,,,,,,,,,,,,,,,,,,,,,,,,,,,,,
2026-09-23 00:29:26,서울특별시,A1100075,의료법인풍산의료재단동부제일병원,20260923002000,02-437-5011,,,,,,,1,,,,,,Y,,Y,N1,N1,Y,6,N1,44,N1,,N1,N,,2,N1,7,,,1,,,,,2,,,1,1,,3,,,,,,,,124,,,Y,N1,A1100075,50,,,,,,,,,,,,,,,,,,,,,,,,,,,,,,,,,,,,,,,,,,,,,,,,,,,,
2026-09-23 00:29:26,서울특별시,A1100044,녹색병원,20260923002501,02-490-2000,,,,,,1,4,,,0,N,,Y,,Y,N1,Y,Y,4,N1,99,N1,3,N1,Y,,3,N1,5,,1,4,,,17,,3,3,1,2,1,,22,,,1,,,,,293,,,Y,N1,A1100044,51,,,,2,,,,,,3,,,,,,,,,,,,,,,,,,,,,,,,,,,,,,,,,,,,,,,,,,
2026-09-23 00:59:27,서울특별시,A1100043,강동경희대학교병원,20260923005517,02-440-7114,Y,Y,1,2,3,2,1,3,2,0,Y,N,Y,Y,Y,Y,Y,Y,6,Y,144,Y,2,Y,Y,6,17,N,15,3,2,3,19,17,27,30,17,1,8,2,2,3,32,9,13,4,1,1,0,0,625,3,2,Y,Y,A1100043,1,,,,,,,,,,,,,,,,,,,,,,,,,,,,,,,,,,,,,,,,,,,,,,,,,,,,
2026-09-23 00:59:27,서울특별시,A1100014,고려대학교의과대학부속구로병원,20260923005331,02-2626-1114,Y,Y,,,2,,,2,7,3,Y,,Y,Y,Y,Y,Y,Y,3,Y,39,Y,11,Y,Y,-1,24,N1,29,3,,,20,23,35,30,24,4,2,6,6,4,98,11,35,15,10,3,,,778,,,Y,Y,A1100014,2,5,1,2,0,5,1,20,4,6,10,18,5,,,,,,,,,,,,,,,,,,,,,,,,,,,,,,,,,,,,,,,,
2026-09-23 00:59:27,서울특별시,A1100013,한양대학교병원,20260923005259,02-2290-8114,Y,Y,0,,1,,,2,3,0,Y,,Y,Y,Y,Y,Y,Y,15,Y,144,Y,0,Y,Y,-2,16,Y,20,3,,,22,14,0,30,16,2,1,3,2,3,69,10,23,13,6,3,,1,670,2,,Y,Y,A1100013,3,4,3,,1,1,,12,,,2,16,4,2,0,8,5,,,,,,,,,,,,,,,,,,,,,,,,,,,,,,,,,,,,
2026-09-23 00:59:27,서울특별시,A1100008,학교법인고려중앙학원고려대학교의과대학부속병원(안암병원),20260923005434,1577-0083,Y,Y,0,,4,,,2,9,0,Y,,Y,Y,Y,Y,Y,Y,4,Y,123,Y,,Y,Y,-4,23,Y,30,4,,,15,17,,31,25,3,4,7,6,8,84,14,20,11,8,7,,1,777,6,,Y,Y,A1100008,4,1,3,5,2,3,,16,19,,6,10,2,3,,7,,1,9,,,,,,,,,,,,,,,,,,,,,,,,,,,,,,,,,,
2026-09-23 00:59:27,서울특별시,A1100005,이화여자대학교의과대학부속목동병원,20260923005045,02-2650-5114,Y,Y,1,,8,2,3,7,5,4,Y,,Y,Y,Y,Y,Y,Y,13,Y,35,Y,,Y,Y,12,13,Y,19,8,2,4,19,28,,32,13,9,2,4,4,4,58,10,34,9,3,5,,1,526,1,,Y,Y,A1100005,5,,0,7,0,2,,10,13,,4,10,,,0,,1,,,4,14,,,,,,,,,,,,,,,,,,,,,,,,,,,,,,,,
2026-09-23 00:59:27,서울특별시,A1100017,서울대학교병원,20260923005438,02-1588-5700,Y,Y,0,,9,2,2,4,15,4,Y,Y,Y,Y,Y,Y,Y,Y,1,Y,115,Y,,Y,Y,6,53,N1,24,10,2,4,17,40,,30,53,7,4,13,13,14,160,19,46,22,9,3,1,,1365,2,,Y,Y,A1100017,6,,1,8,8,7,,10,18,,28,41,,,0,,1,2,6,0,5,1,1,0,0,0,7,2,6,2,7,22,2,10,10,6,1,1,0,0,8,,,,,,,,,,,,
2026-09-23 00:59:27,서울특별시,A1100035,서울특별시서울의료원,20260923005500,02-2276-7000,Y,Y,1,,2,2,2,4,13,2,Y,Y,Y,Y,Y,Y,Y,Y,12,Y,150,Y,1,Y,Y,1,10,Y,19,3,2,3,14,3,5,28,10,3,4,5,3,5,65,5,12,7,2,4,1,2,461,2,,Y,Y,A1100035,7,,2,,,14,,7,,,,30,,,2,,4,,,0,6,,,,,,,,,,,,,,,,,,,,,1,2,,,,,,,,,,
2026-09-23 00:59:27,서울특별시,A1100015,연세대학교의과대학강남세브란스병원,20260923005501,02-2019-3114,Y,Y,,,2,1,2,,,5,Y,,Y,Y,Y,Y,Y,Y,2,Y,136,Y,11,Y,Y,0,23,N1,21,2,1,2,,28,29,,23,5,1,4,3,6,47,10,23,6,3,5,,,691,,,Y,Y,A1100015,8,,,,,,,,,,,,,,,,,3,8,1,12,,,,,,,,,,,,,,,,,,,,,,,,,,,,,,,,
2026-09-23 00:59:27,서울특별시,A1100010,삼성서울병원,20260923005529,02-3410-2114,Y,Y,,,2,1,1,,,0,Y,,Y,Y,Y,Y,Y,Y,-19,Y,142,Y,,Y,Y,3,45,N1,52,4,2,2,,59,,,46,8,6,19,16,15,117,22,43,21,11,2,,,1528,,,Y,Y,A1100010,9,,9,13,,6,,28,23,,,27,,,,,,1,12,0,12,,,,,,6,,,,15,14,,,36,,,,,,,,,,,,,,,,,,
2026-09-23 00:59:27,서울특별시,A1100028,성심의료재단강동성심병원,20260923005051,02-2224-2114,Y,Y,,,,1,6,,,0,Y,,Y,Y,Y,Y,Y,Y,10,Y,151,Y,-1,Y,Y,1,13,N1,15,,1,6,,3,19,,13,2,1,4,2,5,35,3,3,8,3,1,,,566,,,Y,Y,A1100028,10,,2,,1,,,18,,,5,,,,,,,,,,,,,,,,,,,,,,,,,,,,,,,,,2,2,,,,,,,,
2026-09-23 00:59:27,서울특별시,A1100053,한국보훈복지의료공단 중앙보훈병원,20260923005059,02-2225-1111,,,,,,1,2,2,0,2,N,,Y,Y,Y,Y,Y,Y,20,Y,232,N1,,N1,Y,,13,N1,22,,1,2,2,,,3,13,7,1,3,4,4,38,,,10,1,,,,820,,,Y,N1,A1100053,11,,4,6,1,35,,14,14,,1,60,,,,,,2,10,1,13,,,,,,,,,,,,,,,,,,,,,,,,,,,,,,,,
2026-09-23 00:59:27,서울특별시,A1120796,이화여자대학교의과대학부속서울병원,20260923005053,1522-7000,Y,Y,,,7,2,6,,,0,Y,,Y,Y,Y,Y,Y,Y,-3,Y,122,Y,0,Y,Y,5,19,N1,14,9,2,6,,24,11,,19,4,2,5,5,8,71,9,22,12,4,5,,,736,,,Y,Y,A1120796,12,,0,6,1,,,10,17,,7,,,,,,,4,11,4,17,,,,,,,,,,4,,,,19,,,,,,,,,,,,,,,,,,
2026-09-23 00:59:27,서울특별시,A1100041,의료법인서울효천의료재단에이치플러스양지병원,20260923005513,02-1877-8875,,,,,,1,2,,,0,,,Y,Y,Y,Y,Y,Y,0,Y,9,Y,6,N1,Y,,7,N1,18,,1,2,,,27,,7,3,,2,3,3,23,,,5,1,1,,,293,,,Y,N1,A1100041,13,,,,0,,,,,,1,,,,,,,,,,,,,,,,,,,,,,,,,,,,,,,,,,,,,,,,,,
2026-09-23 00:59:27,서울특별시,A1100002,건국대학교병원,20260923005306,1588-1533,Y,Y,,,4,1,2,,,3,Y,,Y,Y,Y,Y,Y,Y,12,Y,122,Y,,Y,Y,-1,21,N1,20,4,1,2,,16,,,21,3,2,4,4,5,45,7,18,7,3,14,,,678,,,Y,Y,A1100002,14,,7,9,1,7,,24,25,,1,14,,,,,,,,,,,,,,,,,,,,,,,,,,,,,,,,,,,,,,,,,
2026-09-23 00:59:27,서울특별시,A1100016,인제대학교상계백병원,20260923005349,02-950-1114,Y,Y,,,,1,1,,,0,Y,,Y,Y,Y,Y,Y,Y,8,Y,50,Y,,Y,Y,0,13,N1,16,,1,2,,15,,,13,2,2,3,2,3,36,10,25,10,3,1,,,390,,,Y,Y,A1100016,15,,0,0,2,4,,19,18,,4,5,,,,,,,,,,,,,,,,,,,,,,,,,,,,,,,,2,4,,,,,,,,
2026-09-23 00:59:27,서울특별시,A1100048,노원을지대학교병원,20260923005102,02-970-8000,Y,Y,,,,1,4,,,0,Y,,Y,Y,Y,Y,Y,Y,5,Y,209,N1,,Y,Y,1,11,N1,17,,1,4,,10,,,11,1,3,2,2,2,26,8,19,3,1,,,,479,,,Y,Y,A1100048,16,,2,6,1,5,,16,16,,2,21,,,,,,,,,,,,,,,,,,,,,,,,,,,,,,,,,,0,0,0,0,,,,
2026-09-23 00:59:27,서울특별시,A1100020,의료법인한전의료재단 한일병원,20260923005503,02-901-3114,N,N,,,2,2,2,1,2,2,,Y,Y,Y,Y,Y,Y,Y,11,N1,70,Y,6,N,Y,,8,Y,21,2,2,2,2,,21,3,8,5,,2,1,2,25,1,4,2,,4,2,2,389,,,Y,N,A1100020,17,,,,0,,,,,,1,,,,,,,,,,,,,,,,,,,,,,,,,,,,,,,,,,,,,,,,,,
2026-09-23 00:59:27,서울특별시,A1100001,경희대학교병원,20260923005519,02-958-8114,Y,Y,,,1,2,1,,,8,Y,,Y,Y,Y,Y,Y,Y,10,Y,160,Y,35,Y,Y,0,16,N1,15,3,2,3,,18,73,,16,10,3,3,3,5,48,6,12,8,3,2,,,653,,,Y,Y,A1100001,18,,,,,6,,,,,,20,,,,,,,,6,15,,,,,,,,,,,,,,,,,,,,,,,,,,,,,,,,
2026-09-23 00:59:27,서울특별시,A1100021,삼육서울병원,20260923005230,02-2244-0191,,N,,,,1,2,1,1,3,Y,,Y,Y,Y,Y,Y,Y,10,Y,101,Y,5,N,Y,4,5,Y,13,,1,2,2,4,15,3,5,4,2,1,1,2,20,,4,5,2,1,,1,389,,,Y,N1,A1100021,19,,,,1,,,,,,1,,,,,,,,,,,,,,,,,,,,,,,,,,,,,,,,,4,4,,,,,,,,
2026-09-23 00:59:27,서울특별시,A1100040,서울특별시보라매병원,20260923005500,02-870-2114,Y,Y,,,3,1,0,,,3,Y,,Y,Y,Y,Y,Y,Y,21,Y,178,Y,,Y,Y,0,14,N1,31,3,2,1,,14,,,14,3,4,6,3,5,48,14,13,5,9,2,,,695,,,Y,Y,A1100040,20,,3,11,1,1,,15,16,,4,14,,,,,,3,4,,,,,,,,,,,,,,,,,,,,,,,,,,,,,,,,,,
2026-09-23 00:59:27,서울특별시,A1100003,중앙대학교병원,20260923005508,1800-1114,Y,Y,1,,3,2,3,4,,0,Y,,Y,Y,Y,Y,Y,Y,14,Y,152,Y,,Y,Y,0,16,N1,22,4,2,3,12,25,,,16,2,2,4,3,4,51,9,21,13,6,12,,,629,1,,Y,Y,A1100003,21,0,6,0,2,2,,12,17,,11,2,0,0,,0,,,,,,,,,,1,,,,,,,,,,,,,,,4,,,,,,,,,,,,
2026-09-23 00:59:27,서울특별시,A1100007,연세대학교의과대학세브란스병원,20260923005411,02-2228-0114,Y,Y,,,6,1,3,,,6,Y,Y,Y,Y,Y,Y,Y,Y,3,Y,310,Y,3,Y,Y,14,3,N1,39,8,1,3,,52,18,,3,30,8,16,16,17,206,55,61,21,16,21,1,,1872,,,Y,Y,A1100007,22,,17,6,1,2,,29,24,,5,20,,,,,,6,23,3,29,1,1,,,,1,0,3,3,4,22,2,10,17,6,1,1,,,,,,,,,,,,,,,
2026-09-23 00:59:27,서울특별시,A1100012,학교법인가톨릭학원가톨릭대학교서울성모병원,20260923005511,0215881511,Y,Y,,,0,,,2,3,2,Y,,Y,Y,Y,Y,Y,Y,-7,Y,113,Y,1,Y,Y,7,32,N1,28,7,,,2,50,5,6,32,10,2,9,10,8,80,40,39,11,9,4,,,1053,,,Y,Y,A1100012,23,0,6,16,11,14,,22,20,,18,35,1,1,,5,,5,10,2,19,1,0,,,,1,1,0,,3,3,2,,8,6,1,1,,,,,,,,,,,,,,,
2026-09-23 00:59:27,서울특별시,A1100009,재단법인아산사회복지재단서울아산병원,20260923005515,02-3010-3114,Y,Y,1,,0,1,4,0,3,3,Y,,Y,Y,Y,Y,Y,Y,1,Y,198,Y,1,Y,Y,22,4,Y,36,11,1,22,2,61,12,4,4,8,8,21,15,17,190,33,49,30,14,5,,1,2104,1,,Y,Y,A1100009,24,,3,7,19,12,,24,37,,47,28,,,1,,6,3,12,4,12,2,0,,,,3,1,0,2,1,26,2,13,12,6,2,1,,,,,,,,,,,,,,,
2026-09-23 00:59:27,서울특별시,A1100011,가톨릭대학교여의도성모병원,20260923005511,02-1661-7575,,,,,,1,4,2,,0,Y,,Y,Y,Y,Y,Y,Y,8,Y,29,Y,,N1,Y,,13,N1,15,,1,4,2,,,,13,1,2,2,2,2,23,,,5,1,2,,,330,,,Y,N1,A1100011,25,,-2,2,1,,,10,8,,1,,,,,,,,,1,9,,,,,,,,,,,,,,,,,,,,,,,,,,,,,,,,
2026-09-23 00:59:27,서울특별시,A1100055,한림대학교강남성심병원,20260923005103,02-829-5114,Y,Y,,,3,3,2,0,1,,Y,,Y,Y,Y,Y,Y,Y,19,Y,161,Y,,Y,Y,0,14,N1,20,3,3,2,2,12,,3,14,,3,3,3,3,54,21,22,13,3,2,,,493,,,Y,Y,A1100055,26,,5,8,5,,,21,23,,7,,,,,,,0,10,,,,,,,,,,,,,,,,,,,,,,,,,,,,,,,,,,
2026-09-23 00:59:27,서울특별시,A1100054,성애의료재단성애병원,20260923005321,02-840-7114,Y,Y,,,,1,4,,,,Y,,Y,Y,Y,Y,Y,Y,14,N1,62,N1,4,Y,Y,4,5,N1,15,,1,4,,4,19,,5,,2,2,2,1,8,5,14,2,,,,,252,,,Y,Y,A1100054,27,,,,0,,,,,,1,,,,,,,,,,,,,,,,,,,,,,,,,,,,,,,,,,,,,,,,,,
2026-09-23 00:59:27,서울특별시,A1100004,순천향대학교부속서울병원,20260923005424,02-709-9114,Y,Y,,,3,1,2,0,3,2,Y,,Y,Y,Y,Y,Y,Y,7,Y,154,Y,4,Y,Y,-2,14,N1,20,4,1,2,2,13,43,3,14,4,7,3,3,4,51,8,17,14,5,3,,,597,,,Y,Y,A1100004,28,,,,0,8,,,,,10,21,,,,,,,,,,,,,0,0,,,,,,,,,,,,,,0,0,,,0,0,,,,,,,,
2026-09-23 00:59:27,서울특별시,A1121013,가톨릭대학교은평성모병원,20260923005509,02-1811-7755,Y,Y,,,6,2,2,,,1,Y,,Y,Y,Y,Y,Y,Y,10,Y,193,Y,,Y,Y,5,19,N1,24,8,2,2,,19,,,19,5,1,4,3,5,46,19,22,10,5,20,,,651,,,Y,Y,A1121013,29,,0,4,0,,,16,9,,4,,,,,,,1,12,2,13,,,,,,,,,,,,,,,,,,,,,,,,,,,,,,,,
2026-09-23 00:59:27,서울특별시,A1100006,강북삼성병원,20260923005518,02-2001-2001,Y,Y,,,2,1,2,,,2,Y,,Y,Y,Y,Y,Y,Y,8,Y,36,Y,6,Y,Y,1,16,N1,15,2,1,2,,14,24,,16,3,1,5,4,6,54,13,14,8,4,3,,,569,,,Y,Y,A1100006,30,,,0,2,7,,,4,,5,18,,,,,,,,2,12,,,,,,,,,,0,,,,8,,,,,,,,,,,,,,,,,,
2026-09-23 00:59:27,서울특별시,A1100052,국립중앙의료원,20260923005505,02-2260-7114,N,Y,,0,3,2,2,1,0,5,Y,,Y,Y,Y,Y,Y,Y,9,Y,0,Y,9,Y,Y,,7,N1,15,3,2,3,6,,13,0,7,7,1,1,1,2,56,1,3,5,5,2,,,202,,0,Y,N,A1100052,31,,,0,2,,0,,0,20,2,,,,,,,,,,,,,0,,0,,,,,,,,,,,,,0,,0,,,5,5,2,6,2,6,0,2,50,2
2026-09-23 00:59:27,서울특별시,A1100036,부민병원,20260923005049,1577-7582,,Y,,,,1,,,,0,Y,,Y,Y,Y,Y,Y,Y,8,Y,48,N1,1,Y,Y,,8,N1,10,,1,,,,14,,8,3,1,3,3,1,22,,1,2,1,,,,282,,,Y,N1,A1100036,32,,,,0,,,,,,1,,,,,,,,,,,,,,,,,,,,,,,,,,,,,,,,,,,,,,,,,,
2026-09-23 00:59:27,서울특별시,A1100051,혜민병원,20260923005032,02-2049-9000,,,,,,1,,,,,,,Y,,Y,N1,Y,Y,8,N1,31,N1,11,N1,Y,,5,N1,9,,1,,,,19,,5,,,2,2,,16,,,2,,,,,205,,,Y,N1,A1100051,33,,,,,,,,,,,,,,,,,,,,,,,,,,,,,,,,,,,,,,,,,,,,,,,,,,,,
2026-09-23 00:59:27,서울특별시,A1100026,구로성심병원,20260923005515,02-2067-1500,,,,,,,1,,,,,,Y,,Y,N1,N1,Y,3,N1,46,N1,0,N1,Y,,3,N1,9,,,1,,,11,,3,,,1,1,,5,,,,,,,,191,,,Y,N1,A1100026,34,,,,,,,,,,,,,,,,,,,,,,,,,,,,,,,,,,,,,,,,,,,,,,,,,,,,
2026-09-23 00:59:27,서울특별시,A1100049,희명병원,20260923005248,02-804-0002,,,,,,,1,,,,,,Y,,Y,N1,Y,Y,9,Y,117,N1,1,N1,Y,,4,N1,10,,,1,,,19,,4,,,1,1,,9,,,1,1,,,,228,,,Y,N1,A1100049,35,,,,,,,,,,,,,,,,,,,,,,,,,,,,,,,,,,,,,,,,,,,,,,,,,,,,
2026-09-23 00:59:27,서울특별시,A1100027,한국원자력의학원원자력병원,20260923005141,02-970-2114,,Y,,,,1,1,,,1,Y,,Y,Y,Y,Y,Y,Y,6,N1,221,N1,6,Y,Y,,10,N1,9,,1,1,,,10,,10,1,1,4,2,1,16,,2,1,,,,,444,,,Y,N1,A1100027,36,,,,1,,,,,,1,,,,,,,,,,,,,,,,,,,,,,,,,,,,,,,,,1,1,,,,,,,,
2026-09-23 00:59:27,서울특별시,A1100022,서울특별시동부병원,20260923005520,02-920-9114,,Y,,,,1,1,,,,Y,,Y,,Y,N1,Y,Y,6,N1,29,N1,3,Y,Y,,3,N1,8,,1,1,,,8,,3,,1,1,1,,7,,1,1,,,,,195,,,Y,N1,A1100022,37,,,,1,,,,,,1,,,,,,,,,,,,,,,,,,,,,,,,,,,,,,,,,,,,,,,,,,
2026-09-23 00:59:27,서울특별시,A1100050,서울성심병원,20260923005233,02-966-1616,,,,,,1,2,,,,,,Y,,Y,N1,N1,Y,15,N1,87,N1,6,N1,Y,,6,N1,17,,1,2,,,10,,6,,,1,1,,11,,,,,,,,208,,,Y,N1,A1100050,38,,,,,,,,,,,,,,,,,,,,,,,,,,,,,,,,,,,,,,,,,,,,,,,,,,,,
2026-09-23 00:59:27,서울특별시,A1100025,의료법인동신의료재단동신병원,20260923005440,02-396-9161,,,,,,,1,,,,,,Y,,Y,N1,N1,Y,3,N1,55,N1,2,N1,Y,,3,N1,9,,,1,,,9,,3,,,1,1,,7,,,,,,,,196,,,Y,N1,A1100025,39,,,,,,,,,,,,,,,,,,,,,,,,,,,,,,,,,,,,,,,,,,,,,,,,,,,,
2026-09-23 00:59:27,서울특별시,A1122033,기쁨병원,20260923005456,02-570-1234,,,,,,,1,,,,,,Y,Y,Y,Y,N1,Y,0,N1,39,N1,,N1,Y,,8,N1,4,,,1,,,,,8,,,1,1,1,1,,,,,,,,110,,,Y,N1,A1122033,40,,,,,,,,,,,,,,,,,,,,,,,,,,,,,,,,,,,,,,,,,,,,,,,,,,,,
2026-09-23 00:59:27,서울특별시,A1100039,경찰병원,20260923005502,02-3400-1114,,,,,,1,,,,2,,,Y,,Y,N1,Y,Y,3,N1,133,N1,13,N1,Y,,7,N1,3,,1,,,,14,,7,2,,2,3,,10,,,2,,,,,187,,,Y,N1,A1100039,41,,,,2,,,,,,2,,,,,,,,,,,,,,,,,,,,,,,,,,,,,,,,,1,1,,,,,,,,
2026-09-23 00:59:27,서울특별시,A1100019,홍익병원,20260923005533,02-2693-5555,,,,,,,1,,,0,,,Y,Y,Y,Y,N,Y,6,N1,76,N1,4,N1,Y,,4,N1,9,,,1,,,14,,4,1,,4,2,2,7,,,1,,,,,251,,,Y,N1,A1100019,42,,,,1,,,,,,1,,,,,,,,,,,,,,,,,,,,,,,,,,,,,,,,,,,,,,,,,,
2026-09-23 00:59:27,서울특별시,A1100223,서울특별시서남병원,20260923005000,1566-6688,,,,0,,1,1,2,2,4,,,Y,,Y,N1,Y,Y,15,Y,56,Y,11,N1,Y,,4,N1,17,,1,2,2,,17,3,4,4,,2,1,,16,,,1,1,1,,,275,,0,Y,N1,A1100223,43,,,,0,,,,,,1,,,,,,,,,,,,,,,,,,,,,,,,,,,,,,,,,,,,,,,,,,
2026-09-23 00:59:27,서울특별시,A1100024,명지성모병원,20260923005636,02-1899-1475,,,,,,1,1,,,,,,Y,Y,Y,Y,N1,Y,8,N1,97,N1,2,N1,Y,,3,N1,8,,1,1,,,12,,3,,,1,3,2,7,,,,,,,,212,,,Y,N1,A1100024,44,,,,1,,,,,,1,,,,,,,,,,,,,,,,,,,,,,,,,,,,,,,,,,,,,,,,,,
2026-09-23 00:59:27,서울특별시,A1100037,대림성모병원,20260923005032,02-829-9000,,,,,,,2,,,,,,Y,,Y,N1,N1,Y,8,N1,26,N1,,N1,Y,,4,N1,8,,,2,,,,,4,,,1,2,,1,,,,,,,,114,,,Y,N1,A1100037,45,,,,,,,,,,,,,,,,,,,,,,,,,,,,,,,,,,,,,,,,,,,,,,,,,,,,
2026-09-23 00:59:27,서울특별시,A1100045,씨엠병원,20260923004500,02-2678-0001,,,,,,,1,,,,,,Y,,Y,N1,N1,Y,8,N1,30,N1,,N1,Y,,5,N1,9,,,1,,,,,5,,,2,2,,6,,,,,,,,110,,,Y,N1,A1100045,46,,,,,,,,,,,,,,,,,,,,,,,,,,,,,,,,,,,,,,,,,,,,,,,,,,,,
2026-09-23 00:59:27,서울특별시,A1100023,의료법인청구성심병원,20260923005408,02-350-3300,,,,,,,1,,,,,,Y,,Y,N1,N1,Y,10,N1,28,N1,2,N1,Y,,3,N1,10,,,1,,,6,,3,,,1,1,,4,,,,,,,,196,,,Y,N1,A1100023,47,,,,,,,,,,,,,,,,,,,,,,,,,,,,,,,,,,,,,,,,,,,,,,,,,,,,
2026-09-23 00:59:27,서울특별시,A1100029,서울적십자병원,20260923005424,02-2002-8000,,,,,,1,,,,,,,Y,,Y,N1,Y,Y,10,N1,98,N1,6,N1,Y,,6,N1,10,,1,,,,12,,6,,,1,1,,11,,,2,,,,,260,,,Y,N1,A1100029,48,,,,,,,,,,,,,,,,,,,,,,,,,,,,,,,,,,,,,,,,,,,,,,,,,,,,
2026-09-23 00:59:27,서울특별시,A1100032,세란병원,20260923005239,02-737-0181,,,,,,,1,,,,,,Y,,Y,N1,N1,Y,9,N1,44,N1,,N1,Y,,13,N1,10,,,1,,,,,13,,,3,5,,3,,,,,,,,205,,,Y,N1,A1100032,49,,,,,,,,,,,,,,,,,,,,,,,,,,,,,,,,,,,,,,,,,,,,,,,,,,,,
2026-09-23 00:59:27,서울특별시,A1100075,의료법인풍산의료재단동부제일병원,20260923005003,02-437-5011,,,,,,,1,,,,,,Y,,Y,N1,N1,Y,7,N1,44,N1,,N1,N,,2,N1,7,,,1,,,,,2,,,1,1,,3,,,,,,,,124,,,Y,N1,A1100075,50,,,,,,,,,,,,,,,,,,,,,,,,,,,,,,,,,,,,,,,,,,,,,,,,,,,,
2026-09-23 00:59:27,서울특별시,A1100044,녹색병원,20260923005502,02-490-2000,,,,,,1,4,,,0,N,,Y,,Y,N1,Y,Y,3,N1,99,N1,3,N1,Y,,3,N1,5,,1,4,,,17,,3,3,1,2,1,,22,,,1,,,,,293,,,Y,N1,A1100044,51,,,,2,,,,,,3,,,,,,,,,,,,,,,,,,,,,,,,,,,,,,,,,,,,,,,,,,
2026-09-23 01:29:28,서울특별시,A1100043,강동경희대학교병원,20260923012518,02-440-7114,Y,Y,1,2,3,2,2,3,2,0,Y,N,Y,Y,Y,Y,Y,Y,7,Y,143,Y,2,Y,Y,6,17,N,15,3,2,3,19,17,27,30,17,1,8,2,2,3,32,9,13,4,1,1,0,0,625,3,2,Y,Y,A1100043,1,,,,,,,,,,,,,,,,,,,,,,,,,,,,,,,,,,,,,,,,,,,,,,,,,,,,
2026-09-23 01:29:28,서울특별시,A1100014,고려대학교의과대학부속구로병원,20260923012430,02-2626-1114,Y,Y,,,1,,,2,6,3,Y,,Y,Y,Y,Y,Y,Y,7,Y,38,Y,11,Y,Y,-1,24,N1,29,3,,,20,23,35,30,24,4,2,6,6,4,98,11,35,15,10,3,,,778,,,Y,Y,A1100014,2,5,1,2,0,5,1,20,4,6,10,18,5,,,,,,,,,,,,,,,,,,,,,,,,,,,,,,,,,,,,,,,,
2026-09-23 01:29:28,서울특별시,A1100013,한양대학교병원,20260923012259,02-2290-8114,Y,Y,0,,2,,,2,3,0,Y,,Y,Y,Y,Y,Y,Y,16,Y,144,Y,0,Y,Y,-2,16,Y,20,3,,,22,14,0,30,16,2,1,3,2,3,69,10,23,13,6,3,,1,670,2,,Y,Y,A1100013,3,4,3,,1,1,,12,,,2,16,4,2,0,8,5,,,,,,,,,,,,,,,,,,,,,,,,,,,,,,,,,,,,
2026-09-23 01:29:28,서울특별시,A1100008,학교법인고려중앙학원고려대학교의과대학부속병원(안암병원),20260923012315,1577-0083,Y,Y,0,,4,,,2,9,0,Y,,Y,Y,Y,Y,Y,Y,3,Y,124,Y,,Y,Y,-4,23,Y,30,4,,,15,17,,31,25,3,4,7,6,8,84,14,20,11,8,7,,1,777,6,,Y,Y,A1100008,4,1,3,5,2,3,,16,19,,6,10,2,3,,7,,1,9,,,,,,,,,,,,,,,,,,,,,,,,,,,,,,,,,,
2026-09-23 01:29:28,서울특별시,A1100005,이화여자대학교의과대학부속목동병원,20260923012045,02-2650-5114,Y,Y,1,,8,2,4,6,5,4,Y,,Y,Y,Y,Y,Y,Y,15,Y,35,Y,,Y,Y,12,13,Y,19,8,2,4,19,28,,32,13,9,2,4,4,4,58,10,34,9,3,5,,1,526,1,,Y,Y,A1100005,5,,0,7,0,2,,10,13,,4,10,,,0,,1,,,4,14,,,,,,,,,,,,,,,,,,,,,,,,,,,,,,,,
2026-09-23 01:29:28,서울특별시,A1100017,서울대학교병원,20260923012438,02-1588-5700,Y,Y,0,,8,2,2,4,15,4,Y,Y,Y,Y,Y,Y,Y,Y,-1,Y,114,Y,,Y,Y,6,53,N1,24,10,2,4,17,40,,30,53,7,4,13,13,14,160,19,46,22,9,3,1,,1365,2,,Y,Y,A1100017,6,,1,8,8,7,,10,18,,28,41,,,0,,1,2,6,0,5,1,1,0,0,0,7,2,6,2,7,22,2,10,10,6,1,1,0,0,8,,,,,,,,,,,,
2026-09-23 01:29:28,서울특별시,A1100035,서울특별시서울의료원,20260923012500,02-2276-7000,Y,Y,1,,2,2,2,4,13,2,Y,Y,Y,Y,Y,Y,Y,Y,13,Y,150,Y,1,Y,Y,1,10,Y,19,3,2,3,14,3,5,28,10,3,4,5,3,5,65,5,12,7,2,4,1,2,461,2,,Y,Y,A1100035,7,,2,,,14,,7,,,,30,,,2,,4,,,0,6,,,,,,,,,,,,,,,,,,,,,1,2,,,,,,,,,,
2026-09-23 01:29:28,서울특별시,A1100015,연세대학교의과대학강남세브란스병원,20260923012501,02-2019-3114,Y,Y,,,2,0,2,,,5,Y,,Y,Y,Y,Y,Y,Y,1,Y,137,Y,10,Y,Y,0,23,N1,21,2,1,2,,28,29,,23,5,1,4,3,6,47,10,23,6,3,5,,,691,,,Y,Y,A1100015,8,,,,,,,,,,,,,,,,,3,8,1,12,,,,,,,,,,,,,,,,,,,,,,,,,,,,,,,,
2026-09-23 01:29:28,서울특별시,A1100010,삼성서울병원,20260923012413,02-3410-2114,Y,Y,,,3,1,1,,,0,Y,,Y,Y,Y,Y,Y,Y,-18,Y,142,Y,,Y,Y,3,45,N1,52,4,2,2,,59,,,46,8,6,19,16,15,117,22,43,21,11,2,,,1528,,,Y,Y,A1100010,9,,9,13,,6,,28,23,,,27,,,,,,1,12,0,12,,,,,,6,,,,15,14,,,36,,,,,,,,,,,,,,,,,,
2026-09-23 01:29:28,서울특별시,A1100028,성심의료재단강동성심병원,20260923012052,02-2224-2114,Y,Y,,,,1,6,,,0,Y,,Y,Y,Y,Y,Y,Y,11,Y,150,Y,-1,Y,Y,1,13,N1,15,,1,6,,3,19,,13,2,1,4,2,5,35,3,3,8,3,1,,,566,,,Y,Y,A1100028,10,,1,,1,,,18,,,5,,,,,,,,,,,,,,,,,,,,,,,,,,,,,,,,,2,2,,,,,,,,
2026-09-23 01:29:28,서울특별시,A1100053,한국보훈복지의료공단 중앙보훈병원,20260923012059,02-2225-1111,,,,,,1,2,2,0,2,N,,Y,Y,Y,Y,Y,Y,20,Y,232,N1,,N1,Y,,13,N1,22,,1,2,2,,,3,13,7,1,3,4,4,38,,,10,1,,,,820,,,Y,N1,A1100053,11,,4,6,1,35,,14,14,,1,60,,,,,,2,10,1,13,,,,,,,,,,,,,,,,,,,,,,,,,,,,,,,,
2026-09-23 01:29:28,서울특별시,A1120796,이화여자대학교의과대학부속서울병원,20260923012053,1522-7000,Y,Y,,,7,2,6,,,0,Y,,Y,Y,Y,Y,Y,Y,-2,Y,121,Y,0,Y,Y,5,18,N1,14,9,2,6,,24,11,,19,4,2,5,5,8,71,9,22,12,4,5,,,736,,,Y,Y,A1120796,12,,0,6,1,,,10,17,,7,,,,,,,4,11,4,17,,,,,,,,,,3,,,,19,,,,,,,,,,,,,,,,,,
2026-09-23 01:29:28,서울특별시,A1100041,의료법인서울효천의료재단에이치플러스양지병원,20260923012511,02-1877-8875,,,,,,1,2,,,0,,,Y,Y,Y,Y,Y,Y,2,Y,8,Y,6,N1,Y,,7,N1,18,,1,2,,,27,,7,3,,2,3,3,23,,,5,1,1,,,293,,,Y,N1,A1100041,13,,,,0,,,,,,1,,,,,,,,,,,,,,,,,,,,,,,,,,,,,,,,,,,,,,,,,,
2026-09-23 01:29:28,서울특별시,A1100002,건국대학교병원,20260923012306,1588-1533,Y,Y,,,4,1,2,,,3,Y,,Y,Y,Y,Y,Y,Y,10,Y,122,Y,,Y,Y,-1,21,N1,20,4,1,2,,16,,,21,3,2,4,4,5,45,7,18,7,3,14,,,678,,,Y,Y,A1100002,14,,7,9,1,7,,24,25,,1,14,,,,,,,,,,,,,,,,,,,,,,,,,,,,,,,,,,,,,,,,,
2026-09-23 01:29:28,서울특별시,A1100016,인제대학교상계백병원,20260923012354,02-950-1114,Y,Y,,,,1,1,,,0,Y,,Y,Y,Y,Y,Y,Y,11,Y,49,Y,,Y,Y,0,13,N1,16,,1,2,,15,,,13,2,2,3,2,3,36,10,25,10,3,1,,,390,,,Y,Y,A1100016,15,,0,0,2,4,,19,18,,4,5,,,,,,,,,,,,,,,,,,,,,,,,,,,,,,,,2,4,,,,,,,,
2026-09-23 01:29:28,서울특별시,A1100048,노원을지대학교병원,20260923012102,02-970-8000,Y,Y,,,,1,3,,,0,Y,,Y,Y,Y,Y,Y,Y,7,Y,208,N1,,Y,Y,1,11,N1,17,,1,4,,10,,,11,1,3,2,2,2,26,8,19,3,1,,,,479,,,Y,Y,A1100048,16,,2,6,1,5,,16,16,,2,21,,,,,,,,,,,,,,,,,,,,,,,,,,,,,,,,,,0,0,0,0,,,,
2026-09-23 01:29:28,서울특별시,A1100020,의료법인한전의료재단 한일병원,20260923012504,02-901-3114,N,N,,,2,2,2,1,2,2,,Y,Y,Y,Y,Y,Y,Y,13,N1,70,Y,6,N,Y,,8,Y,21,2,2,2,2,,21,3,8,5,,2,1,2,25,1,4,2,,4,2,2,389,,,Y,N,A1100020,17,,,,0,,,,,,1,,,,,,,,,,,,,,,,,,,,,,,,,,,,,,,,,,,,,,,,,,
2026-09-23 01:29:28,서울특별시,A1100001,경희대학교병원,20260923012536,02-958-8114,Y,Y,,,1,2,2,,,8,Y,,Y,Y,Y,Y,Y,Y,9,Y,160,Y,35,Y,Y,0,16,N1,15,3,2,3,,18,73,,16,10,3,3,3,5,48,6,12,8,3,2,,,653,,,Y,Y,A1100001,18,,,,,6,,,,,,20,,,,,,,,6,15,,,,,,,,,,,,,,,,,,,,,,,,,,,,,,,,
2026-09-23 01:29:28,서울특별시,A1100021,삼육서울병원,20260923012253,02-2244-0191,,N,,,,1,2,1,1,3,Y,,Y,Y,Y,Y,Y,Y,11,Y,101,Y,5,N,Y,4,5,Y,13,,1,2,2,4,15,3,5,4,2,1,1,2,20,,4,5,2,1,,1,389,,,Y,N1,A1100021,19,,,,1,,,,,,1,,,,,,,,,,,,,,,,,,,,,,,,,,,,,,,,,4,4,,,,,,,,
2026-09-23 01:29:28,서울특별시,A1100040,서울특별시보라매병원,20260923012500,02-870-2114,Y,Y,,,3,2,0,,,3,Y,,Y,Y,Y,Y,Y,Y,21,Y,177,Y,,Y,Y,0,14,N1,31,3,2,1,,14,,,14,3,4,6,3,5,48,14,13,5,9,2,,,695,,,Y,Y,A1100040,20,,3,11,1,1,,15,16,,4,14,,,,,,3,4,,,,,,,,,,,,,,,,,,,,,,,,,,,,,,,,,,
2026-09-23 01:29:28,서울특별시,A1100003,중앙대학교병원,20260923012508,1800-1114,Y,Y,1,,4,2,3,4,,0,Y,,Y,Y,Y,Y,Y,Y,18,Y,150,Y,,Y,Y,0,16,N1,22,4,2,3,12,25,,,16,2,2,4,3,4,51,9,21,13,6,12,,,629,1,,Y,Y,A1100003,21,0,6,0,2,2,,12,17,,11,2,0,0,,0,,,,,,,,,,1,,,,,,,,,,,,,,,4,,,,,,,,,,,,
2026-09-23 01:29:28,서울특별시,A1100007,연세대학교의과대학세브란스병원,20260923012413,02-2228-0114,Y,Y,,,6,1,3,,,6,Y,Y,Y,Y,Y,Y,Y,Y,3,Y,310,Y,3,Y,Y,14,3,N1,39,8,1,3,,52,18,,3,30,8,16,16,17,206,55,61,21,16,21,1,,1872,,,Y,Y,A1100007,22,,17,6,1,2,,29,24,,5,20,,,,,,6,23,3,29,1,1,,,,1,0,3,3,4,22,2,10,17,6,1,1,,,,,,,,,,,,,,,
2026-09-23 01:29:28,서울특별시,A1100012,학교법인가톨릭학원가톨릭대학교서울성모병원,20260923012511,0215881511,Y,Y,,,0,,,2,3,2,Y,,Y,Y,Y,Y,Y,Y,-7,Y,113,Y,1,Y,Y,7,32,N1,28,7,,,2,50,5,6,32,10,2,9,10,8,80,40,39,11,9,4,,,1053,,,Y,Y,A1100012,23,0,6,16,11,14,,22,20,,18,35,1,2,,5,,5,10,2,19,1,0,,,,1,1,0,,3,3,2,,8,6,1,1,,,,,,,,,,,,,,,
2026-09-23 01:29:28,서울특별시,A1100009,재단법인아산사회복지재단서울아산병원,20260923012515,02-3010-3114,Y,Y,1,,2,1,4,0,3,3,Y,,Y,Y,Y,Y,Y,Y,-2,Y,197,Y,1,Y,Y,22,4,Y,36,11,1,22,2,61,12,4,4,8,8,21,15,17,190,33,49,30,14,5,,1,2104,1,,Y,Y,A1100009,24,,3,7,19,12,,24,37,,47,28,,,1,,6,3,12,4,12,2,0,,,,3,1,0,2,1,26,2,13,12,6,2,1,,,,,,,,,,,,,,,
2026-09-23 01:29:28,서울특별시,A1100011,가톨릭대학교여의도성모병원,20260923012510,02-1661-7575,,,,,,1,4,2,,0,Y,,Y,Y,Y,Y,Y,Y,8,Y,29,Y,,N1,Y,,13,N1,15,,1,4,2,,,,13,1,2,2,2,2,23,,,5,1,2,,,330,,,Y,N1,A1100011,25,,-2,2,1,,,10,8,,1,,,,,,,,,1,9,,,,,,,,,,,,,,,,,,,,,,,,,,,,,,,,
2026-09-23 01:29:28,서울특별시,A1100055,한림대학교강남성심병원,20260923012103,02-829-5114,Y,Y,,,3,3,2,0,1,,Y,,Y,Y,Y,Y,Y,Y,19,Y,161,Y,,Y,Y,0,14,N1,20,3,3,2,2,12,,3,14,,3,3,3,3,54,21,22,13,3,2,,,493,,,Y,Y,A1100055,26,,5,8,5,,,21,23,,7,,,,,,,0,10,,,,,,,,,,,,,,,,,,,,,,,,,,,,,,,,,,
2026-09-23 01:29:28,서울특별시,A1100054,성애의료재단성애병원,20260923012322,02-840-7114,Y,Y,,,,1,4,,,,Y,,Y,Y,Y,Y,Y,Y,14,N1,62,N1,4,Y,Y,4,5,N1,15,,1,4,,4,19,,5,,2,2,2,1,8,5,14,2,,,,,252,,,Y,Y,A1100054,27,,,,0,,,,,,1,,,,,,,,,,,,,,,,,,,,,,,,,,,,,,,,,,,,,,,,,,
2026-09-23 01:29:28,서울특별시,A1100004,순천향대학교부속서울병원,20260923012425,02-709-9114,Y,Y,,,3,1,2,0,3,2,Y,,Y,Y,Y,Y,Y,Y,11,Y,153,Y,4,Y,Y,-2,14,N1,20,4,1,2,2,13,43,3,14,4,7,3,3,4,51,8,17,14,5,3,,,597,,,Y,Y,A1100004,28,,,,0,8,,,,,10,21,,,,,,,,,,,,,0,0,,,,,,,,,,,,,,0,0,,,0,0,,,,,,,,
2026-09-23 01:29:28,서울특별시,A1121013,가톨릭대학교은평성모병원,20260923012509,02-1811-7755,Y,Y,,,5,2,2,,,1,Y,,Y,Y,Y,Y,Y,Y,12,Y,193,Y,,Y,Y,5,19,N1,24,8,2,2,,19,,,19,5,1,4,3,5,46,19,22,10,5,20,,,651,,,Y,Y,A1121013,29,,0,4,0,,,16,9,,4,,,,,,,1,12,2,13,,,,,,,,,,,,,,,,,,,,,,,,,,,,,,,,
2026-09-23 01:29:28,서울특별시,A1100006,강북삼성병원,20260923012449,02-2001-2001,Y,Y,,,2,1,2,,,2,Y,,Y,Y,Y,Y,Y,Y,8,Y,36,Y,6,Y,Y,1,16,N1,15,2,1,2,,14,24,,16,3,1,5,4,6,54,13,14,8,4,3,,,569,,,Y,Y,A1100006,30,,,0,2,7,,,4,,5,18,,,,,,,,2,12,,,,,,,,,,0,,,,8,,,,,,,,,,,,,,,,,,
2026-09-23 01:29:28,서울특별시,A1100052,국립중앙의료원,20260923012504,02-2260-7114,N,Y,,0,3,2,2,1,0,5,Y,,Y,Y,Y,Y,Y,Y,9,Y,0,Y,9,Y,Y,,7,N1,15,3,2,3,6,,13,0,7,7,1,1,1,2,56,1,3,5,5,2,,,202,,0,Y,N,A1100052,31,,,0,2,,0,,0,20,2,,,,,,,,,,,,,0,,0,,,,,,,,,,,,,0,,0,,,5,5,2,6,2,6,0,2,50,2
2026-09-23 01:29:28,서울특별시,A1100036,부민병원,20260923012031,1577-7582,,Y,,,,1,,,,0,Y,,Y,Y,Y,Y,Y,Y,8,Y,48,N1,1,Y,Y,,8,N1,10,,1,,,,14,,8,3,1,3,3,1,22,,1,2,1,,,,282,,,Y,N1,A1100036,32,,,,0,,,,,,1,,,,,,,,,,,,,,,,,,,,,,,,,,,,,,,,,,,,,,,,,,
2026-09-23 01:29:28,서울특별시,A1100051,혜민병원,20260923012017,02-2049-9000,,,,,,1,,,,,,,Y,,Y,N1,Y,Y,9,N1,31,N1,11,N1,Y,,5,N1,9,,1,,,,19,,5,,,2,2,,16,,,2,,,,,205,,,Y,N1,A1100051,33,,,,,,,,,,,,,,,,,,,,,,,,,,,,,,,,,,,,,,,,,,,,,,,,,,,,
2026-09-23 01:29:28,서울특별시,A1100026,구로성심병원,20260923012533,02-2067-1500,,,,,,,1,,,,,,Y,,Y,N1,N1,Y,2,N1,46,N1,0,N1,Y,,3,N1,9,,,1,,,11,,3,,,1,1,,5,,,,,,,,191,,,Y,N1,A1100026,34,,,,,,,,,,,,,,,,,,,,,,,,,,,,,,,,,,,,,,,,,,,,,,,,,,,,
2026-09-23 01:29:28,서울특별시,A1100049,희명병원,20260923012308,02-804-0002,,,,,,,1,,,,,,Y,,Y,N1,Y,Y,9,Y,117,N1,1,N1,Y,,4,N1,10,,,1,,,19,,4,,,1,1,,9,,,1,1,,,,228,,,Y,N1,A1100049,35,,,,,,,,,,,,,,,,,,,,,,,,,,,,,,,,,,,,,,,,,,,,,,,,,,,,
2026-09-23 01:29:28,서울특별시,A1100027,한국원자력의학원원자력병원,20260923012141,02-970-2114,,Y,,,,1,1,,,1,Y,,Y,Y,Y,Y,Y,Y,7,N1,221,N1,6,Y,Y,,10,N1,9,,1,1,,,10,,10,1,1,4,2,1,16,,2,1,,,,,444,,,Y,N1,A1100027,36,,,,1,,,,,,1,,,,,,,,,,,,,,,,,,,,,,,,,,,,,,,,,1,1,,,,,,,,
2026-09-23 01:29:28,서울특별시,A1100022,서울특별시동부병원,20260923012520,02-920-9114,,Y,,,,1,1,,,,Y,,Y,,Y,N1,Y,Y,8,N1,29,N1,3,Y,Y,,3,N1,8,,1,1,,,8,,3,,1,1,1,,7,,1,1,,,,,195,,,Y,N1,A1100022,37,,,,1,,,,,,1,,,,,,,,,,,,,,,,,,,,,,,,,,,,,,,,,,,,,,,,,,
2026-09-23 01:29:28,서울특별시,A1100050,서울성심병원,20260923012256,02-966-1616,,,,,,1,2,,,,,,Y,,Y,N1,N1,Y,15,N1,87,N1,6,N1,Y,,6,N1,17,,1,2,,,10,,6,,,1,1,,11,,,,,,,,208,,,Y,N1,A1100050,38,,,,,,,,,,,,,,,,,,,,,,,,,,,,,,,,,,,,,,,,,,,,,,,,,,,,
2026-09-23 01:29:28,서울특별시,A1100025,의료법인동신의료재단동신병원,20260923012254,02-396-9161,,,,,,,1,,,,,,Y,,Y,N1,N1,Y,7,N1,54,N1,2,N1,Y,,3,N1,9,,,1,,,9,,3,,,1,1,,7,,,,,,,,196,,,Y,N1,A1100025,39,,,,,,,,,,,,,,,,,,,,,,,,,,,,,,,,,,,,,,,,,,,,,,,,,,,,
2026-09-23 01:29:28,서울특별시,A1122033,기쁨병원,20260923012516,02-570-1234,,,,,,,1,,,,,,Y,Y,Y,Y,N1,Y,1,N1,39,N1,,N1,Y,,8,N1,4,,,1,,,,,8,,,1,1,1,1,,,,,,,,110,,,Y,N1,A1122033,40,,,,,,,,,,,,,,,,,,,,,,,,,,,,,,,,,,,,,,,,,,,,,,,,,,,,
2026-09-23 01:29:28,서울특별시,A1100039,경찰병원,20260923012502,02-3400-1114,,,,,,1,,,,2,,,Y,,Y,N1,Y,Y,3,N1,133,N1,13,N1,Y,,7,N1,3,,1,,,,14,,7,2,,2,3,,10,,,2,,,,,187,,,Y,N1,A1100039,41,,,,2,,,,,,2,,,,,,,,,,,,,,,,,,,,,,,,,,,,,,,,,1,1,,,,,,,,
2026-09-23 01:29:28,서울특별시,A1100019,홍익병원,20260923012238,02-2693-5555,,,,,,,1,,,0,,,Y,Y,Y,Y,N,Y,7,N1,76,N1,4,N1,Y,,4,N1,9,,,1,,,14,,4,1,,4,2,2,7,,,1,,,,,251,,,Y,N1,A1100019,42,,,,1,,,,,,1,,,,,,,,,,,,,,,,,,,,,,,,,,,,,,,,,,,,,,,,,,
2026-09-23 01:29:28,서울특별시,A1100223,서울특별시서남병원,20260923012000,1566-6688,,,,0,,1,1,2,2,4,,,Y,,Y,N1,Y,Y,16,Y,56,Y,11,N1,Y,,4,N1,17,,1,2,2,,17,3,4,4,,2,1,,16,,,1,1,1,,,275,,0,Y,N1,A1100223,43,,,,0,,,,,,1,,,,,,,,,,,,,,,,,,,,,,,,,,,,,,,,,,,,,,,,,,
2026-09-23 01:29:28,서울특별시,A1100024,명지성모병원,20260923012639,02-1899-1475,,,,,,1,1,,,,,,Y,Y,Y,Y,N1,Y,8,N1,97,N1,2,N1,Y,,3,N1,8,,1,1,,,12,,3,,,1,3,2,7,,,,,,,,212,,,Y,N1,A1100024,44,,,,1,,,,,,1,,,,,,,,,,,,,,,,,,,,,,,,,,,,,,,,,,,,,,,,,,
2026-09-23 01:29:28,서울특별시,A1100037,대림성모병원,20260923012017,02-829-9000,,,,,,,2,,,,,,Y,,Y,N1,N1,Y,8,N1,26,N1,,N1,Y,,4,N1,8,,,2,,,,,4,,,1,2,,1,,,,,,,,114,,,Y,N1,A1100037,45,,,,,,,,,,,,,,,,,,,,,,,,,,,,,,,,,,,,,,,,,,,,,,,,,,,,
2026-09-23 01:29:28,서울특별시,A1100045,씨엠병원,20260923011500,02-2678-0001,,,,,,,1,,,,,,Y,,Y,N1,N1,Y,9,N1,30,N1,,N1,Y,,5,N1,9,,,1,,,,,5,,,2,2,,6,,,,,,,,110,,,Y,N1,A1100045,46,,,,,,,,,,,,,,,,,,,,,,,,,,,,,,,,,,,,,,,,,,,,,,,,,,,,
2026-09-23 01:29:28,서울특별시,A1100023,의료법인청구성심병원,20260923012421,02-350-3300,,,,,,,1,,,,,,Y,,Y,N1,N1,Y,9,N1,28,N1,2,N1,Y,,3,N1,10,,,1,,,6,,3,,,1,1,,4,,,,,,,,196,,,Y,N1,A1100023,47,,,,,,,,,,,,,,,,,,,,,,,,,,,,,,,,,,,,,,,,,,,,,,,,,,,,
2026-09-23 01:29:28,서울특별시,A1100029,서울적십자병원,20260923012505,02-2002-8000,,,,,,1,,,,,,,Y,,Y,N1,Y,Y,10,N1,98,N1,6,N1,Y,,6,N1,10,,1,,,,12,,6,,,1,1,,11,,,2,,,,,260,,,Y,N1,A1100029,48,,,,,,,,,,,,,,,,,,,,,,,,,,,,,,,,,,,,,,,,,,,,,,,,,,,,
2026-09-23 01:29:28,서울특별시,A1100032,세란병원,20260923012239,02-737-0181,,,,,,,1,,,,,,Y,,Y,N1,N1,Y,9,N1,44,N1,,N1,Y,,13,N1,10,,,1,,,,,13,,,3,5,,3,,,,,,,,205,,,Y,N1,A1100032,49,,,,,,,,,,,,,,,,,,,,,,,,,,,,,,,,,,,,,,,,,,,,,,,,,,,,
2026-09-23 01:29:28,서울특별시,A1100075,의료법인풍산의료재단동부제일병원,20260923012007,02-437-5011,,,,,,,1,,,,,,Y,,Y,N1,N1,Y,7,N1,44,N1,,N1,N,,2,N1,7,,,1,,,,,2,,,1,1,,3,,,,,,,,124,,,Y,N1,A1100075,50,,,,,,,,,,,,,,,,,,,,,,,,,,,,,,,,,,,,,,,,,,,,,,,,,,,,
2026-09-23 01:29:28,서울특별시,A1100044,녹색병원,20260923012503,02-490-2000,,,,,,1,4,,,0,N,,Y,,Y,N1,Y,Y,4,N1,99,N1,3,N1,Y,,3,N1,5,,1,4,,,17,,3,3,1,2,1,,22,,,1,,,,,293,,,Y,N1,A1100044,51,,,,2,,,,,,3,,,,,,,,,,,,,,,,,,,,,,,,,,,,,,,,,,,,,,,,,,
2026-09-23 01:59:29,서울특별시,A1100043,강동경희대학교병원,20260923015516,02-440-7114,Y,Y,1,2,3,2,2,3,2,0,Y,N,Y,Y,Y,Y,Y,Y,9,Y,142,Y,2,Y,Y,6,17,N,15,3,2,3,19,17,27,30,17,1,8,2,2,3,32,9,13,4,1,1,0,0,625,3,2,Y,Y,A1100043,1,,,,,,,,,,,,,,,,,,,,,,,,,,,,,,,,,,,,,,,,,,,,,,,,,,,,
2026-09-23 01:59:29,서울특별시,A1100014,고려대학교의과대학부속구로병원,20260923015026,02-2626-1114,Y,Y,,,1,,,2,5,3,Y,,Y,Y,Y,Y,Y,Y,8,Y,37,Y,11,Y,Y,-1,24,N1,29,3,,,20,23,35,30,24,4,2,6,6,4,98,11,35,15,10,3,,,778,,,Y,Y,A1100014,2,5,1,2,0,5,1,20,4,6,10,18,5,,,,,,,,,,,,,,,,,,,,,,,,,,,,,,,,,,,,,,,,
2026-09-23 01:59:29,서울특별시,A1100013,한양대학교병원,20260923015259,02-2290-8114,Y,Y,0,,1,,,2,3,0,Y,,Y,Y,Y,Y,Y,Y,14,Y,144,Y,0,Y,Y,-2,16,Y,20,3,,,22,14,0,30,16,2,1,3,2,3,69,10,23,13,6,3,,1,670,2,,Y,Y,A1100013,3,4,3,,1,1,,12,,,2,16,4,1,0,8,5,,,,,,,,,,,,,,,,,,,,,,,,,,,,,,,,,,,,
2026-09-23 01:59:29,서울특별시,A1100008,학교법인고려중앙학원고려대학교의과대학부속병원(안암병원),20260923015128,1577-0083,Y,Y,0,,4,,,2,9,0,Y,,Y,Y,Y,Y,Y,Y,2,Y,124,Y,,Y,Y,-4,23,Y,30,4,,,15,17,,31,25,3,4,7,6,8,84,14,20,11,8,7,,1,777,6,,Y,Y,A1100008,4,1,3,5,2,3,,16,19,,6,10,2,3,,7,,1,9,,,,,,,,,,,,,,,,,,,,,,,,,,,,,,,,,,
2026-09-23 01:59:29,서울특별시,A1100005,이화여자대학교의과대학부속목동병원,20260923015045,02-2650-5114,Y,Y,1,,8,2,3,6,5,4,Y,,Y,Y,Y,Y,Y,Y,16,Y,34,Y,,Y,Y,12,13,Y,19,8,2,4,19,28,,32,13,9,2,4,4,4,58,10,34,9,3,5,,1,526,1,,Y,Y,A1100005,5,,0,7,0,2,,10,13,,4,10,,,0,,1,,,4,14,,,,,,,,,,,,,,,,,,,,,,,,,,,,,,,,
2026-09-23 01:59:29,서울특별시,A1100017,서울대학교병원,20260923015438,02-1588-5700,Y,Y,0,,8,2,2,4,15,4,Y,Y,Y,Y,Y,Y,Y,Y,-3,Y,113,Y,,Y,Y,6,53,N1,24,10,2,4,17,40,,30,53,7,4,13,13,14,160,19,46,22,9,3,1,,1365,2,,Y,Y,A1100017,6,,1,8,8,7,,10,18,,28,41,,,0,,1,2,6,0,5,1,1,0,0,0,7,2,6,2,7,22,2,10,10,6,1,1,0,0,8,,,,,,,,,,,,
2026-09-23 01:59:29,서울특별시,A1100035,서울특별시서울의료원,20260923015500,02-2276-7000,Y,Y,1,,0,2,2,4,13,2,Y,Y,Y,Y,Y,Y,Y,Y,14,Y,150,Y,1,Y,Y,1,10,Y,19,3,2,3,14,3,5,28,10,3,4,5,3,5,65,5,12,7,2,4,1,2,461,2,,Y,Y,A1100035,7,,2,,,14,,7,,,,30,,,2,,4,,,0,6,,,,,,,,,,,,,,,,,,,,,1,2,,,,,,,,,,
2026-09-23 01:59:29,서울특별시,A1100015,연세대학교의과대학강남세브란스병원,20260923015502,02-2019-3114,Y,Y,,,2,0,2,,,5,Y,,Y,Y,Y,Y,Y,Y,4,Y,135,Y,10,Y,Y,0,23,N1,21,2,1,2,,28,29,,23,5,1,4,3,6,47,10,23,6,3,5,,,691,,,Y,Y,A1100015,8,,,,,,,,,,,,,,,,,3,8,1,12,,,,,,,,,,,,,,,,,,,,,,,,,,,,,,,,
2026-09-23 01:59:29,서울특별시,A1100010,삼성서울병원,20260923015214,02-3410-2114,Y,Y,,,3,1,1,,,0,Y,,Y,Y,Y,Y,Y,Y,-17,Y,142,Y,,Y,Y,3,45,N1,52,4,2,2,,59,,,46,8,6,19,16,15,117,22,43,21,11,2,,,1528,,,Y,Y,A1100010,9,,9,13,,6,,28,23,,,27,,,,,,1,12,0,12,,,,,,6,,,,15,14,,,36,,,,,,,,,,,,,,,,,,
2026-09-23 01:59:29,서울특별시,A1100028,성심의료재단강동성심병원,20260923015052,02-2224-2114,Y,Y,,,,1,6,,,0,Y,,Y,Y,Y,Y,Y,Y,13,Y,150,Y,-1,Y,Y,1,13,N1,15,,1,6,,3,19,,13,2,1,4,2,5,35,3,3,8,3,1,,,566,,,Y,Y,A1100028,10,,1,,1,,,18,,,5,,,,,,,,,,,,,,,,,,,,,,,,,,,,,,,,,2,2,,,,,,,,
2026-09-23 01:59:29,서울특별시,A1100053,한국보훈복지의료공단 중앙보훈병원,20260923015059,02-2225-1111,,,,,,1,2,2,0,2,N,,Y,Y,Y,Y,Y,Y,20,Y,232,N1,,N1,Y,,13,N1,22,,1,2,2,,,3,13,7,1,3,4,4,38,,,10,1,,,,820,,,Y,N1,A1100053,11,,4,6,1,35,,14,14,,1,60,,,,,,2,10,1,13,,,,,,,,,,,,,,,,,,,,,,,,,,,,,,,,
2026-09-23 01:59:29,서울특별시,A1120796,이화여자대학교의과대학부속서울병원,20260923015053,1522-7000,Y,Y,,,7,2,6,,,0,Y,,Y,Y,Y,Y,Y,Y,-1,Y,119,Y,0,Y,Y,5,18,N1,14,9,2,6,,24,11,,19,4,2,5,5,8,71,9,22,12,4,5,,,736,,,Y,Y,A1120796,12,,0,6,1,,,10,17,,7,,,,,,,4,11,4,17,,,,,,,,,,3,,,,19,,,,,,,,,,,,,,,,,,
2026-09-23 01:59:29,서울특별시,A1100041,의료법인서울효천의료재단에이치플러스양지병원,20260923015510,02-1877-8875,,,,,,1,2,,,0,,,Y,Y,Y,Y,Y,Y,3,Y,8,Y,6,N1,Y,,7,N1,18,,1,2,,,27,,7,3,,2,3,3,23,,,5,1,1,,,293,,,Y,N1,A1100041,13,,,,0,,,,,,1,,,,,,,,,,,,,,,,,,,,,,,,,,,,,,,,,,,,,,,,,,
2026-09-23 01:59:29,서울특별시,A1100002,건국대학교병원,20260923015306,1588-1533,Y,Y,,,4,1,2,,,3,Y,,Y,Y,Y,Y,Y,Y,10,Y,122,Y,,Y,Y,-1,21,N1,20,4,1,2,,16,,,21,3,2,4,4,5,45,7,18,7,3,14,,,678,,,Y,Y,A1100002,14,,7,8,1,7,,24,25,,1,14,,,,,,,,,,,,,,,,,,,,,,,,,,,,,,,,,,,,,,,,,
2026-09-23 01:59:29,서울특별시,A1100016,인제대학교상계백병원,20260923015359,02-950-1114,Y,Y,,,,1,1,,,0,Y,,Y,Y,Y,Y,Y,Y,10,Y,49,Y,,Y,Y,0,13,N1,16,,1,2,,15,,,13,2,2,3,2,3,36,10,25,10,3,1,,,390,,,Y,Y,A1100016,15,,0,0,2,4,,19,18,,4,5,,,,,,,,,,,,,,,,,,,,,,,,,,,,,,,,2,4,,,,,,,,
2026-09-23 01:59:29,서울특별시,A1100048,노원을지대학교병원,20260923015102,02-970-8000,Y,Y,,,,1,4,,,0,Y,,Y,Y,Y,Y,Y,Y,9,Y,208,N1,,Y,Y,1,11,N1,17,,1,4,,10,,,11,1,3,2,2,2,26,8,19,3,1,,,,479,,,Y,Y,A1100048,16,,2,5,1,5,,16,16,,2,21,,,,,,,,,,,,,,,,,,,,,,,,,,,,,,,,,,0,0,0,0,,,,
2026-09-23 01:59:29,서울특별시,A1100020,의료법인한전의료재단 한일병원,20260923015503,02-901-3114,N,N,,,2,2,2,1,2,2,,Y,Y,Y,Y,Y,Y,Y,16,N1,70,Y,6,N,Y,,8,Y,21,2,2,2,2,,21,3,8,5,,2,1,2,25,1,4,2,,4,2,2,389,,,Y,N,A1100020,17,,,,0,,,,,,1,,,,,,,,,,,,,,,,,,,,,,,,,,,,,,,,,,,,,,,,,,
2026-09-23 01:59:29,서울특별시,A1100001,경희대학교병원,20260923015430,02-958-8114,Y,Y,,,2,2,2,,,8,Y,,Y,Y,Y,Y,Y,Y,9,Y,160,Y,35,Y,Y,0,16,N1,15,3,2,3,,18,73,,16,10,3,3,3,5,48,6,12,8,3,2,,,653,,,Y,Y,A1100001,18,,,,,6,,,,,,20,,,,,,,,6,15,,,,,,,,,,,,,,,,,,,,,,,,,,,,,,,,
2026-09-23 01:59:29,서울특별시,A1100021,삼육서울병원,20260923015309,02-2244-0191,,N,,,,1,2,1,1,3,Y,,Y,Y,Y,Y,Y,Y,10,Y,101,Y,5,N,Y,4,5,Y,13,,1,2,2,4,15,3,5,4,2,1,1,2,20,,4,5,2,1,,1,389,,,Y,N1,A1100021,19,,,,1,,,,,,1,,,,,,,,,,,,,,,,,,,,,,,,,,,,,,,,,4,4,,,,,,,,
2026-09-23 01:59:29,서울특별시,A1100040,서울특별시보라매병원,20260923015500,02-870-2114,Y,Y,,,3,2,0,,,3,Y,,Y,Y,Y,Y,Y,Y,24,Y,177,Y,,Y,Y,0,14,N1,31,3,2,1,,14,,,14,3,4,6,3,5,48,14,13,5,9,2,,,695,,,Y,Y,A1100040,20,,3,11,1,1,,15,16,,4,14,,,,,,3,4,,,,,,,,,,,,,,,,,,,,,,,,,,,,,,,,,,
2026-09-23 01:59:29,서울특별시,A1100003,중앙대학교병원,20260923015508,1800-1114,Y,Y,1,,4,2,3,4,,0,Y,,Y,Y,Y,Y,Y,Y,17,Y,150,Y,,Y,Y,0,16,N1,22,4,2,3,12,25,,,16,2,2,4,3,4,51,9,21,13,6,12,,,629,1,,Y,Y,A1100003,21,0,6,0,2,2,,12,17,,11,2,0,0,,0,,,,,,,,,,1,,,,,,,,,,,,,,,4,,,,,,,,,,,,
2026-09-23 01:59:29,서울특별시,A1100007,연세대학교의과대학세브란스병원,20260923015415,02-2228-0114,Y,Y,,,6,1,3,,,6,Y,Y,Y,Y,Y,Y,Y,Y,5,Y,309,Y,3,Y,Y,14,3,N1,39,8,1,3,,52,18,,3,30,8,16,16,17,206,55,61,21,16,21,1,,1872,,,Y,Y,A1100007,22,,17,6,1,2,,29,24,,5,20,,,,,,6,23,3,29,1,1,,,,1,0,3,3,4,22,2,10,17,6,1,1,,,,,,,,,,,,,,,
2026-09-23 01:59:29,서울특별시,A1100012,학교법인가톨릭학원가톨릭대학교서울성모병원,20260923015511,0215881511,Y,Y,,,0,,,2,3,2,Y,,Y,Y,Y,Y,Y,Y,-6,Y,113,Y,1,Y,Y,7,32,N1,28,7,,,2,50,5,6,32,10,2,9,10,8,80,40,39,11,9,4,,,1053,,,Y,Y,A1100012,23,0,6,16,11,14,,22,20,,18,35,1,2,,5,,5,10,2,19,1,0,,,,1,1,0,,3,3,2,,8,6,1,1,,,,,,,,,,,,,,,
2026-09-23 01:59:29,서울특별시,A1100009,재단법인아산사회복지재단서울아산병원,20260923015515,02-3010-3114,Y,Y,1,,2,1,3,0,3,3,Y,,Y,Y,Y,Y,Y,Y,-6,Y,196,Y,1,Y,Y,22,4,Y,36,11,1,22,2,61,12,4,4,8,8,21,15,17,190,33,49,30,14,5,,1,2104,1,,Y,Y,A1100009,24,,3,7,19,12,,24,37,,47,28,,,1,,6,3,12,4,12,2,0,,,,3,1,0,2,1,26,2,13,12,6,2,1,,,,,,,,,,,,,,,
2026-09-23 01:59:29,서울특별시,A1100011,가톨릭대학교여의도성모병원,20260923015510,02-1661-7575,,,,,,1,4,2,,0,Y,,Y,Y,Y,Y,Y,Y,11,Y,29,Y,,N1,Y,,13,N1,15,,1,4,2,,,,13,1,2,2,2,2,23,,,5,1,2,,,330,,,Y,N1,A1100011,25,,-2,2,1,,,10,8,,1,,,,,,,,,1,9,,,,,,,,,,,,,,,,,,,,,,,,,,,,,,,,
2026-09-23 01:59:29,서울특별시,A1100055,한림대학교강남성심병원,20260923015103,02-829-5114,Y,Y,,,3,3,2,0,1,,Y,,Y,Y,Y,Y,Y,Y,19,Y,161,Y,,Y,Y,0,14,N1,20,3,3,2,2,12,,3,14,,3,3,3,3,54,21,22,13,3,2,,,493,,,Y,Y,A1100055,26,,5,8,5,,,21,23,,7,,,,,,,0,10,,,,,,,,,,,,,,,,,,,,,,,,,,,,,,,,,,
2026-09-23 01:59:29,서울특별시,A1100054,성애의료재단성애병원,20260923015329,02-840-7114,Y,Y,,,,1,4,,,,Y,,Y,Y,Y,Y,Y,Y,12,N1,62,N1,4,Y,Y,4,5,N1,15,,1,4,,4,19,,5,,2,2,2,1,8,5,14,2,,,,,252,,,Y,Y,A1100054,27,,,,0,,,,,,1,,,,,,,,,,,,,,,,,,,,,,,,,,,,,,,,,,,,,,,,,,
2026-09-23 01:59:29,서울특별시,A1100004,순천향대학교부속서울병원,20260923015425,02-709-9114,Y,Y,,,3,1,2,0,3,2,Y,,Y,Y,Y,Y,Y,Y,15,Y,151,Y,4,Y,Y,-2,13,N1,20,4,1,2,2,13,43,3,14,4,7,3,3,4,51,8,17,14,5,3,,,597,,,Y,Y,A1100004,28,,,,0,8,,,,,10,21,,,,,,,,,,,,,0,0,,,,,,,,,,,,,,0,0,,,0,0,,,,,,,,
2026-09-23 01:59:29,서울특별시,A1121013,가톨릭대학교은평성모병원,20260923015509,02-1811-7755,Y,Y,,,6,2,1,,,1,Y,,Y,Y,Y,Y,Y,Y,13,Y,193,Y,,Y,Y,5,19,N1,24,8,2,2,,19,,,19,5,1,4,3,5,46,19,22,10,5,20,,,651,,,Y,Y,A1121013,29,,0,4,0,,,16,9,,4,,,,,,,1,12,2,13,,,,,,,,,,,,,,,,,,,,,,,,,,,,,,,,
2026-09-23 01:59:29,서울특별시,A1100006,강북삼성병원,20260923015536,02-2001-2001,Y,Y,,,2,1,2,,,2,Y,,Y,Y,Y,Y,Y,Y,9,Y,36,Y,6,Y,Y,1,16,N1,15,2,1,2,,14,24,,16,3,1,5,4,6,54,13,14,8,4,3,,,569,,,Y,Y,A1100006,30,,,0,2,7,,,4,,5,18,,,,,,,,2,12,,,,,,,,,,0,,,,8,,,,,,,,,,,,,,,,,,
2026-09-23 01:59:29,서울특별시,A1100052,국립중앙의료원,20260923015504,02-2260-7114,N,Y,,0,3,2,2,1,0,5,Y,,Y,Y,Y,Y,Y,Y,9,Y,0,Y,9,Y,Y,,7,N1,15,3,2,3,6,,13,0,7,7,1,1,1,2,56,1,3,5,5,2,,,202,,0,Y,N,A1100052,31,,,0,2,,0,,0,20,2,,,,,,,,,,,,,0,,0,,,,,,,,,,,,,0,,0,,,5,5,2,6,2,6,0,2,50,2
2026-09-23 01:59:29,서울특별시,A1100036,부민병원,20260923015044,1577-7582,,Y,,,,1,,,,0,Y,,Y,Y,Y,Y,Y,Y,8,Y,47,N1,1,Y,Y,,8,N1,10,,1,,,,14,,8,3,1,3,3,1,22,,1,2,1,,,,282,,,Y,N1,A1100036,32,,,,0,,,,,,1,,,,,,,,,,,,,,,,,,,,,,,,,,,,,,,,,,,,,,,,,,
2026-09-23 01:59:29,서울특별시,A1100051,혜민병원,20260923015056,02-2049-9000,,,,,,1,,,,,,,Y,,Y,N1,Y,Y,9,N1,31,N1,11,N1,Y,,5,N1,9,,1,,,,19,,5,,,2,2,,16,,,2,,,,,205,,,Y,N1,A1100051,33,,,,,,,,,,,,,,,,,,,,,,,,,,,,,,,,,,,,,,,,,,,,,,,,,,,,
2026-09-23 01:59:29,서울특별시,A1100026,구로성심병원,20260923015350,02-2067-1500,,,,,,,1,,,,,,Y,,Y,N1,N1,Y,5,N1,46,N1,0,N1,Y,,3,N1,9,,,1,,,11,,3,,,1,1,,5,,,,,,,,191,,,Y,N1,A1100026,34,,,,,,,,,,,,,,,,,,,,,,,,,,,,,,,,,,,,,,,,,,,,,,,,,,,,
2026-09-23 01:59:29,서울특별시,A1100049,희명병원,20260923015326,02-804-0002,,,,,,,1,,,,,,Y,,Y,N1,Y,Y,9,Y,117,N1,1,N1,Y,,4,N1,10,,,1,,,19,,4,,,1,1,,9,,,1,1,,,,228,,,Y,N1,A1100049,35,,,,,,,,,,,,,,,,,,,,,,,,,,,,,,,,,,,,,,,,,,,,,,,,,,,,
2026-09-23 01:59:29,서울특별시,A1100027,한국원자력의학원원자력병원,20260923015141,02-970-2114,,Y,,,,1,1,,,1,Y,,Y,Y,Y,Y,Y,Y,7,N1,221,N1,6,Y,Y,,10,N1,9,,1,1,,,10,,10,1,1,4,2,1,16,,2,1,,,,,444,,,Y,N1,A1100027,36,,,,1,,,,,,1,,,,,,,,,,,,,,,,,,,,,,,,,,,,,,,,,1,1,,,,,,,,
2026-09-23 01:59:29,서울특별시,A1100022,서울특별시동부병원,20260923015520,02-920-9114,,Y,,,,1,1,,,,Y,,Y,,Y,N1,Y,Y,8,N1,29,N1,3,Y,Y,,3,N1,8,,1,1,,,8,,3,,1,1,1,,7,,1,1,,,,,195,,,Y,N1,A1100022,37,,,,1,,,,,,1,,,,,,,,,,,,,,,,,,,,,,,,,,,,,,,,,,,,,,,,,,
2026-09-23 01:59:29,서울특별시,A1100050,서울성심병원,20260923015320,02-966-1616,,,,,,1,2,,,,,,Y,,Y,N1,N1,Y,14,N1,87,N1,6,N1,Y,,6,N1,17,,1,2,,,10,,6,,,1,1,,11,,,,,,,,208,,,Y,N1,A1100050,38,,,,,,,,,,,,,,,,,,,,,,,,,,,,,,,,,,,,,,,,,,,,,,,,,,,,
2026-09-23 01:59:29,서울특별시,A1100025,의료법인동신의료재단동신병원,20260923015410,02-396-9161,,,,,,,1,,,,,,Y,,Y,N1,N1,Y,9,N1,54,N1,1,N1,Y,,3,N1,9,,,1,,,9,,3,,,1,1,,7,,,,,,,,196,,,Y,N1,A1100025,39,,,,,,,,,,,,,,,,,,,,,,,,,,,,,,,,,,,,,,,,,,,,,,,,,,,,
2026-09-23 01:59:29,서울특별시,A1122033,기쁨병원,20260923015536,02-570-1234,,,,,,,1,,,,,,Y,Y,Y,Y,N1,Y,0,N1,39,N1,,N1,Y,,8,N1,4,,,1,,,,,8,,,1,1,1,1,,,,,,,,110,,,Y,N1,A1122033,40,,,,,,,,,,,,,,,,,,,,,,,,,,,,,,,,,,,,,,,,,,,,,,,,,,,,
2026-09-23 01:59:29,서울특별시,A1100039,경찰병원,20260923015502,02-3400-1114,,,,,,1,,,,2,,,Y,,Y,N1,Y,Y,3,N1,133,N1,13,N1,Y,,7,N1,3,,1,,,,14,,7,2,,2,3,,10,,,2,,,,,187,,,Y,N1,A1100039,41,,,,2,,,,,,2,,,,,,,,,,,,,,,,,,,,,,,,,,,,,,,,,1,1,,,,,,,,
2026-09-23 01:59:29,서울특별시,A1100019,홍익병원,20260923015244,02-2693-5555,,,,,,,1,,,0,,,Y,Y,Y,Y,N,Y,8,N1,76,N1,4,N1,Y,,4,N1,9,,,1,,,14,,4,1,,4,2,2,7,,,1,,,,,251,,,Y,N1,A1100019,42,,,,1,,,,,,1,,,,,,,,,,,,,,,,,,,,,,,,,,,,,,,,,,,,,,,,,,
2026-09-23 01:59:29,서울특별시,A1100223,서울특별시서남병원,20260923015000,1566-6688,,,,0,,1,1,2,2,4,,,Y,,Y,N1,Y,Y,16,Y,56,Y,11,N1,Y,,4,N1,17,,1,2,2,,17,3,4,4,,2,1,,16,,,1,1,1,,,275,,0,Y,N1,A1100223,43,,,,0,,,,,,1,,,,,,,,,,,,,,,,,,,,,,,,,,,,,,,,,,,,,,,,,,
2026-09-23 01:59:29,서울특별시,A1100024,명지성모병원,20260923015641,02-1899-1475,,,,,,1,1,,,,,,Y,Y,Y,Y,N1,Y,8,N1,97,N1,2,N1,Y,,3,N1,8,,1,1,,,12,,3,,,1,3,2,7,,,,,,,,212,,,Y,N1,A1100024,44,,,,1,,,,,,1,,,,,,,,,,,,,,,,,,,,,,,,,,,,,,,,,,,,,,,,,,
2026-09-23 01:59:29,서울특별시,A1100037,대림성모병원,20260923015056,02-829-9000,,,,,,,2,,,,,,Y,,Y,N1,N1,Y,8,N1,26,N1,,N1,Y,,4,N1,8,,,2,,,,,4,,,1,2,,1,,,,,,,,114,,,Y,N1,A1100037,45,,,,,,,,,,,,,,,,,,,,,,,,,,,,,,,,,,,,,,,,,,,,,,,,,,,,
2026-09-23 01:59:29,서울특별시,A1100045,씨엠병원,20260923014500,02-2678-0001,,,,,,,1,,,,,,Y,,Y,N1,N1,Y,9,N1,30,N1,,N1,Y,,5,N1,9,,,1,,,,,5,,,2,2,,6,,,,,,,,110,,,Y,N1,A1100045,46,,,,,,,,,,,,,,,,,,,,,,,,,,,,,,,,,,,,,,,,,,,,,,,,,,,,
2026-09-23 01:59:29,서울특별시,A1100023,의료법인청구성심병원,20260923015433,02-350-3300,,,,,,,1,,,,,,Y,,Y,N1,N1,Y,10,N1,28,N1,2,N1,Y,,3,N1,10,,,1,,,6,,3,,,1,1,,4,,,,,,,,196,,,Y,N1,A1100023,47,,,,,,,,,,,,,,,,,,,,,,,,,,,,,,,,,,,,,,,,,,,,,,,,,,,,
2026-09-23 01:59:29,서울특별시,A1100029,서울적십자병원,20260923015342,02-2002-8000,,,,,,1,,,,,,,Y,,Y,N1,Y,Y,10,N1,98,N1,6,N1,Y,,6,N1,10,,1,,,,12,,6,,,1,1,,11,,,2,,,,,260,,,Y,N1,A1100029,48,,,,,,,,,,,,,,,,,,,,,,,,,,,,,,,,,,,,,,,,,,,,,,,,,,,,
2026-09-23 01:59:29,서울특별시,A1100032,세란병원,20260923015240,02-737-0181,,,,,,,1,,,,,,Y,,Y,N1,N1,Y,9,N1,44,N1,,N1,Y,,13,N1,10,,,1,,,,,13,,,3,5,,3,,,,,,,,205,,,Y,N1,A1100032,49,,,,,,,,,,,,,,,,,,,,,,,,,,,,,,,,,,,,,,,,,,,,,,,,,,,,
2026-09-23 01:59:29,서울특별시,A1100075,의료법인풍산의료재단동부제일병원,20260923015011,02-437-5011,,,,,,,1,,,,,,Y,,Y,N1,N1,Y,6,N1,44,N1,,N1,N,,2,N1,7,,,1,,,,,2,,,1,1,,3,,,,,,,,124,,,Y,N1,A1100075,50,,,,,,,,,,,,,,,,,,,,,,,,,,,,,,,,,,,,,,,,,,,,,,,,,,,,
2026-09-23 01:59:29,서울특별시,A1100044,녹색병원,20260923015505,02-490-2000,,,,,,1,4,,,0,N,,Y,,Y,N1,Y,Y,3,N1,99,N1,3,N1,Y,,3,N1,5,,1,4,,,17,,3,3,1,2,1,,22,,,1,,,,,293,,,Y,N1,A1100044,51,,,,2,,,,,,3,,,,,,,,,,,,,,,,,,,,,,,,,,,,,,,,,,,,,,,,,,
2026-09-23 02:29:32,서울특별시,A1100043,강동경희대학교병원,20260923022515,02-440-7114,Y,Y,1,2,3,2,3,3,2,0,Y,N,Y,Y,Y,Y,Y,Y,10,Y,142,Y,2,Y,Y,6,17,N,15,3,2,3,19,17,27,30,17,1,8,2,2,3,32,9,13,4,1,1,0,0,625,3,2,Y,Y,A1100043,1,,,,,,,,,,,,,,,,,,,,,,,,,,,,,,,,,,,,,,,,,,,,,,,,,,,,
2026-09-23 02:29:32,서울특별시,A1100014,고려대학교의과대학부속구로병원,20260923022137,02-2626-1114,Y,Y,,,1,,,2,4,3,Y,,Y,Y,Y,Y,Y,Y,12,Y,35,Y,11,Y,Y,-1,24,N1,29,3,,,20,23,35,30,24,4,2,6,6,4,98,11,35,15,10,3,,,778,,,Y,Y,A1100014,2,5,1,2,0,5,1,20,4,6,10,18,5,,,,,,,,,,,,,,,,,,,,,,,,,,,,,,,,,,,,,,,,
2026-09-23 02:29:32,서울특별시,A1100013,한양대학교병원,20260923022259,02-2290-8114,Y,Y,0,,1,,,2,3,0,Y,,Y,Y,Y,Y,Y,Y,14,Y,144,Y,0,Y,Y,-2,16,Y,20,3,,,22,14,0,30,16,2,1,3,2,3,69,10,23,13,6,3,,1,670,2,,Y,Y,A1100013,3,4,3,,1,1,,12,,,2,16,4,0,0,8,5,,,,,,,,,,,,,,,,,,,,,,,,,,,,,,,,,,,,
2026-09-23 02:29:32,서울특별시,A1100008,학교법인고려중앙학원고려대학교의과대학부속병원(안암병원),20260923022503,1577-0083,Y,Y,0,,4,,,2,9,0,Y,,Y,Y,Y,Y,Y,Y,5,Y,124,Y,,Y,Y,-4,23,Y,30,4,,,15,17,,31,25,3,4,7,6,8,84,14,20,11,8,7,,1,777,6,,Y,Y,A1100008,4,1,3,5,2,3,,16,19,,6,10,2,2,,7,,1,9,,,,,,,,,,,,,,,,,,,,,,,,,,,,,,,,,,
2026-09-23 02:29:32,서울특별시,A1100005,이화여자대학교의과대학부속목동병원,20260923022045,02-2650-5114,Y,Y,1,,8,2,4,6,5,4,Y,,Y,Y,Y,Y,Y,Y,18,Y,34,Y,,Y,Y,12,13,Y,19,8,2,4,19,28,,32,13,9,2,4,4,4,58,10,34,9,3,5,,1,526,1,,Y,Y,A1100005,5,,0,7,0,2,,10,13,,4,10,,,0,,1,,,4,14,,,,,,,,,,,,,,,,,,,,,,,,,,,,,,,,
2026-09-23 02:29:32,서울특별시,A1100017,서울대학교병원,20260923022438,02-1588-5700,Y,Y,0,,8,2,2,4,15,4,Y,Y,Y,Y,Y,Y,Y,Y,-4,Y,113,Y,,Y,Y,6,53,N1,24,10,2,4,17,40,,30,53,7,4,13,13,14,160,19,46,22,9,3,1,,1365,2,,Y,Y,A1100017,6,,1,8,8,7,,10,18,,28,41,,,0,,1,2,6,0,5,1,1,0,0,0,7,2,6,2,7,22,2,10,10,6,1,1,0,0,8,,,,,,,,,,,,
2026-09-23 02:29:32,서울특별시,A1100035,서울특별시서울의료원,20260923022500,02-2276-7000,Y,Y,1,,2,2,2,4,12,2,Y,Y,Y,Y,Y,Y,Y,Y,14,Y,148,Y,1,Y,Y,1,10,Y,19,3,2,3,14,3,5,28,10,3,4,5,3,5,65,5,12,7,2,4,1,2,461,2,,Y,Y,A1100035,7,,2,,,14,,7,,,,30,,,2,,4,,,0,6,,,,,,,,,,,,,,,,,,,,,1,2,,,,,,,,,,
2026-09-23 02:29:32,서울특별시,A1100015,연세대학교의과대학강남세브란스병원,20260923022502,02-2019-3114,Y,Y,,,2,0,2,,,5,Y,,Y,Y,Y,Y,Y,Y,5,Y,133,Y,10,Y,Y,0,23,N1,21,2,1,2,,28,29,,23,5,1,4,3,6,47,10,23,6,3,5,,,691,,,Y,Y,A1100015,8,,,,,,,,,,,,,,,,,3,8,1,12,,,,,,,,,,,,,,,,,,,,,,,,,,,,,,,,
2026-09-23 02:29:32,서울특별시,A1100010,삼성서울병원,20260923022412,02-3410-2114,Y,Y,,,3,1,1,,,0,Y,,Y,Y,Y,Y,Y,Y,-17,Y,141,Y,,Y,Y,3,45,N1,52,4,2,2,,59,,,46,8,6,19,16,15,117,22,43,21,11,2,,,1528,,,Y,Y,A1100010,9,,9,13,,6,,28,23,,,27,,,,,,1,12,0,12,,,,,,6,,,,15,14,,,36,,,,,,,,,,,,,,,,,,
2026-09-23 02:29:32,서울특별시,A1100028,성심의료재단강동성심병원,20260923022052,02-2224-2114,Y,Y,,,,1,5,,,0,Y,,Y,Y,Y,Y,Y,Y,13,Y,150,Y,-1,Y,Y,1,13,N1,15,,1,6,,3,19,,13,2,1,4,2,5,35,3,3,8,3,1,,,566,,,Y,Y,A1100028,10,,1,,1,,,18,,,5,,,,,,,,,,,,,,,,,,,,,,,,,,,,,,,,,2,2,,,,,,,,
2026-09-23 02:29:32,서울특별시,A1100053,한국보훈복지의료공단 중앙보훈병원,20260923022059,02-2225-1111,,,,,,1,2,2,0,2,N,,Y,Y,Y,Y,Y,Y,18,Y,232,N1,,N1,Y,,13,N1,22,,1,2,2,,,3,13,7,1,3,4,4,38,,,10,1,,,,820,,,Y,N1,A1100053,11,,4,6,1,35,,14,14,,1,60,,,,,,2,10,1,13,,,,,,,,,,,,,,,,,,,,,,,,,,,,,,,,
2026-09-23 02:29:32,서울특별시,A1120796,이화여자대학교의과대학부속서울병원,20260923022053,1522-7000,Y,Y,,,7,2,6,,,0,Y,,Y,Y,Y,Y,Y,Y,3,Y,119,Y,0,Y,Y,5,18,N1,14,9,2,6,,24,11,,19,4,2,5,5,8,71,9,22,12,4,5,,,736,,,Y,Y,A1120796,12,,0,6,1,,,10,17,,7,,,,,,,4,11,4,17,,,,,,,,,,3,,,,19,,,,,,,,,,,,,,,,,,
2026-09-23 02:29:32,서울특별시,A1100041,의료법인서울효천의료재단에이치플러스양지병원,20260923022511,02-1877-8875,,,,,,1,2,,,0,,,Y,Y,Y,Y,Y,Y,7,Y,8,Y,6,N1,Y,,7,N1,18,,1,2,,,27,,7,3,,2,3,3,23,,,5,1,1,,,293,,,Y,N1,A1100041,13,,,,0,,,,,,1,,,,,,,,,,,,,,,,,,,,,,,,,,,,,,,,,,,,,,,,,,
2026-09-23 02:29:32,서울특별시,A1100002,건국대학교병원,20260923022306,1588-1533,Y,Y,,,3,1,2,,,3,Y,,Y,Y,Y,Y,Y,Y,7,Y,122,Y,,Y,Y,-1,21,N1,20,4,1,2,,16,,,21,3,2,4,4,5,45,7,18,7,3,14,,,678,,,Y,Y,A1100002,14,,7,8,1,7,,24,25,,1,14,,,,,,,,,,,,,,,,,,,,,,,,,,,,,,,,,,,,,,,,,
2026-09-23 02:29:32,서울특별시,A1100016,인제대학교상계백병원,20260923022404,02-950-1114,Y,Y,,,,1,1,,,0,Y,,Y,Y,Y,Y,Y,Y,11,Y,48,Y,,Y,Y,0,13,N1,16,,1,2,,15,,,13,2,2,3,2,3,36,10,25,10,3,1,,,390,,,Y,Y,A1100016,15,,0,0,2,4,,19,18,,4,5,,,,,,,,,,,,,,,,,,,,,,,,,,,,,,,,2,4,,,,,,,,
2026-09-23 02:29:32,서울특별시,A1100048,노원을지대학교병원,20260923022102,02-970-8000,Y,Y,,,,1,2,,,0,Y,,Y,Y,Y,Y,Y,Y,13,Y,208,N1,,Y,Y,1,11,N1,17,,1,4,,10,,,11,1,3,2,2,2,26,8,19,3,1,,,,479,,,Y,Y,A1100048,16,,2,5,1,5,,16,16,,2,21,,,,,,,,,,,,,,,,,,,,,,,,,,,,,,,,,,0,0,0,0,,,,
2026-09-23 02:29:32,서울특별시,A1100020,의료법인한전의료재단 한일병원,20260923022503,02-901-3114,N,N,,,2,2,2,1,2,2,,Y,Y,Y,Y,Y,Y,Y,15,N1,70,Y,6,N,Y,,8,Y,21,2,2,2,2,,21,3,8,5,,2,1,2,25,1,4,2,,4,2,2,389,,,Y,N,A1100020,17,,,,0,,,,,,1,,,,,,,,,,,,,,,,,,,,,,,,,,,,,,,,,,,,,,,,,,
2026-09-23 02:29:32,서울특별시,A1100001,경희대학교병원,20260923022438,02-958-8114,Y,Y,,,3,2,2,,,8,Y,,Y,Y,Y,Y,Y,Y,9,Y,160,Y,35,Y,Y,0,16,N1,15,3,2,3,,18,73,,16,10,3,3,3,5,48,6,12,8,3,2,,,653,,,Y,Y,A1100001,18,,,,,6,,,,,,20,,,,,,,,6,15,,,,,,,,,,,,,,,,,,,,,,,,,,,,,,,,
2026-09-23 02:29:32,서울특별시,A1100021,삼육서울병원,20260923022342,02-2244-0191,,N,,,,1,1,1,1,3,Y,,Y,Y,Y,Y,Y,Y,9,Y,101,Y,5,N,Y,4,5,Y,13,,1,2,2,4,15,3,5,4,2,1,1,2,20,,4,5,2,1,,1,389,,,Y,N1,A1100021,19,,,,1,,,,,,1,,,,,,,,,,,,,,,,,,,,,,,,,,,,,,,,,3,4,,,,,,,,
2026-09-23 02:29:32,서울특별시,A1100040,서울특별시보라매병원,20260923022500,02-870-2114,Y,Y,,,3,2,0,,,3,Y,,Y,Y,Y,Y,Y,Y,26,Y,177,Y,,Y,Y,0,14,N1,31,3,2,1,,14,,,14,3,4,6,3,5,48,14,13,5,9,2,,,695,,,Y,Y,A1100040,20,,3,11,1,1,,15,16,,4,14,,,,,,3,4,,,,,,,,,,,,,,,,,,,,,,,,,,,,,,,,,,
2026-09-23 02:29:32,서울특별시,A1100003,중앙대학교병원,20260923022508,1800-1114,Y,Y,1,,4,2,3,4,,0,Y,,Y,Y,Y,Y,Y,Y,17,Y,150,Y,,Y,Y,0,16,N1,22,4,2,3,12,25,,,16,2,2,4,3,4,51,9,21,13,6,12,,,629,1,,Y,Y,A1100003,21,0,5,0,2,2,,12,17,,11,2,0,0,,0,,,,,,,,,,1,,,,,,,,,,,,,,,4,,,,,,,,,,,,
2026-09-23 02:29:32,서울특별시,A1100007,연세대학교의과대학세브란스병원,20260923022416,02-2228-0114,Y,Y,,,6,1,3,,,6,Y,Y,Y,Y,Y,Y,Y,Y,3,Y,309,Y,3,Y,Y,14,3,N1,39,8,1,3,,52,18,,3,30,8,16,16,17,206,55,61,21,16,21,1,,1872,,,Y,Y,A1100007,22,,17,6,1,2,,29,24,,5,20,,,,,,6,23,3,29,1,1,,,,1,0,3,3,4,22,2,10,17,6,1,1,,,,,,,,,,,,,,,
2026-09-23 02:29:32,서울특별시,A1100012,학교법인가톨릭학원가톨릭대학교서울성모병원,20260923022511,0215881511,Y,Y,,,1,,,2,2,2,Y,,Y,Y,Y,Y,Y,Y,-6,Y,113,Y,1,Y,Y,7,32,N1,28,7,,,2,50,5,6,32,10,2,9,10,8,80,40,39,11,9,4,,,1053,,,Y,Y,A1100012,23,0,6,16,11,14,,22,20,,18,35,1,3,,5,,5,10,1,19,1,0,,,,1,1,0,,3,3,2,,8,6,1,1,,,,,,,,,,,,,,,
2026-09-23 02:29:32,서울특별시,A1100009,재단법인아산사회복지재단서울아산병원,20260923022515,02-3010-3114,Y,Y,1,,4,1,4,0,3,3,Y,,Y,Y,Y,Y,Y,Y,-6,Y,196,Y,1,Y,Y,22,4,Y,36,11,1,22,2,61,12,4,4,8,8,21,15,17,190,33,49,30,14,5,,1,2104,1,,Y,Y,A1100009,24,,3,7,19,12,,24,37,,47,28,,,1,,6,2,12,4,12,2,0,,,,3,1,0,2,1,26,2,13,12,6,2,1,,,,,,,,,,,,,,,
2026-09-23 02:29:32,서울특별시,A1100011,가톨릭대학교여의도성모병원,20260923022510,02-1661-7575,,,,,,1,4,2,,0,Y,,Y,Y,Y,Y,Y,Y,12,Y,29,Y,,N1,Y,,13,N1,15,,1,4,2,,,,13,1,2,2,2,2,23,,,5,1,2,,,330,,,Y,N1,A1100011,25,,-2,2,1,,,10,8,,1,,,,,,,,,1,9,,,,,,,,,,,,,,,,,,,,,,,,,,,,,,,,
2026-09-23 02:29:32,서울특별시,A1100055,한림대학교강남성심병원,20260923022103,02-829-5114,Y,Y,,,3,3,2,0,1,,Y,,Y,Y,Y,Y,Y,Y,19,Y,161,Y,,Y,Y,0,14,N1,20,3,3,2,2,12,,3,14,,3,3,3,3,54,21,22,13,3,2,,,493,,,Y,Y,A1100055,26,,5,8,5,,,21,23,,7,,,,,,,0,10,,,,,,,,,,,,,,,,,,,,,,,,,,,,,,,,,,
2026-09-23 02:29:32,서울특별시,A1100054,성애의료재단성애병원,20260923022321,02-840-7114,Y,Y,,,,1,4,,,,Y,,Y,Y,Y,Y,Y,Y,13,N1,62,N1,4,Y,Y,4,5,N1,15,,1,4,,4,19,,5,,2,2,2,1,8,5,14,2,,,,,252,,,Y,Y,A1100054,27,,,,0,,,,,,1,,,,,,,,,,,,,,,,,,,,,,,,,,,,,,,,,,,,,,,,,,
2026-09-23 02:29:32,서울특별시,A1100004,순천향대학교부속서울병원,20260923022425,02-709-9114,Y,Y,,,3,1,2,0,3,2,Y,,Y,Y,Y,Y,Y,Y,14,Y,151,Y,4,Y,Y,-2,13,N1,20,4,1,2,2,13,43,3,14,4,7,3,3,4,51,8,17,14,5,3,,,597,,,Y,Y,A1100004,28,,,,0,8,,,,,10,21,,,,,,,,,,,,,0,0,,,,,,,,,,,,,,0,0,,,0,0,,,,,,,,
2026-09-23 02:29:32,서울특별시,A1121013,가톨릭대학교은평성모병원,20260923022509,02-1811-7755,Y,Y,,,7,2,1,,,1,Y,,Y,Y,Y,Y,Y,Y,15,Y,192,Y,,Y,Y,5,19,N1,24,8,2,2,,19,,,19,5,1,4,3,5,46,19,22,10,5,20,,,651,,,Y,Y,A1121013,29,,0,4,0,,,16,9,,4,,,,,,,1,12,2,13,,,,,,,,,,,,,,,,,,,,,,,,,,,,,,,,
2026-09-23 02:29:32,서울특별시,A1100006,강북삼성병원,20260923022532,02-2001-2001,Y,Y,,,2,1,2,,,2,Y,,Y,Y,Y,Y,Y,Y,12,Y,36,Y,6,Y,Y,1,16,N1,15,2,1,2,,14,24,,16,3,1,5,4,6,54,13,14,8,4,3,,,569,,,Y,Y,A1100006,30,,,0,2,7,,,4,,5,18,,,,,,,,2,12,,,,,,,,,,0,,,,8,,,,,,,,,,,,,,,,,,
2026-09-23 02:29:32,서울특별시,A1100052,국립중앙의료원,20260923022505,02-2260-7114,N,Y,,0,3,2,2,1,0,5,Y,,Y,Y,Y,Y,Y,Y,9,Y,0,Y,9,Y,Y,,7,N1,15,3,2,3,6,,13,0,7,7,1,1,1,2,56,1,3,5,5,2,,,202,,0,Y,N,A1100052,31,,,0,2,,0,,0,20,2,,,,,,,,,,,,,0,,0,,,,,,,,,,,,,0,,0,,,5,5,2,6,2,6,0,2,50,2
2026-09-23 02:29:32,서울특별시,A1100036,부민병원,20260923022224,1577-7582,,Y,,,,1,,,,0,Y,,Y,Y,Y,Y,Y,Y,9,Y,47,N1,1,Y,Y,,8,N1,10,,1,,,,14,,8,3,1,3,3,1,22,,1,2,1,,,,282,,,Y,N1,A1100036,32,,,,0,,,,,,1,,,,,,,,,,,,,,,,,,,,,,,,,,,,,,,,,,,,,,,,,,
2026-09-23 02:29:32,서울특별시,A1100051,혜민병원,20260923022236,02-2049-9000,,,,,,1,,,,,,,Y,,Y,N1,Y,Y,9,N1,31,N1,11,N1,Y,,5,N1,9,,1,,,,19,,5,,,2,2,,16,,,2,,,,,205,,,Y,N1,A1100051,33,,,,,,,,,,,,,,,,,,,,,,,,,,,,,,,,,,,,,,,,,,,,,,,,,,,,
2026-09-23 02:29:32,서울특별시,A1100026,구로성심병원,20260923022408,02-2067-1500,,,,,,,1,,,,,,Y,,Y,N1,N1,Y,5,N1,46,N1,0,N1,Y,,3,N1,9,,,1,,,11,,3,,,1,1,,5,,,,,,,,191,,,Y,N1,A1100026,34,,,,,,,,,,,,,,,,,,,,,,,,,,,,,,,,,,,,,,,,,,,,,,,,,,,,
2026-09-23 02:29:32,서울특별시,A1100049,희명병원,20260923022346,02-804-0002,,,,,,,1,,,,,,Y,,Y,N1,Y,Y,8,Y,117,N1,1,N1,Y,,4,N1,10,,,1,,,19,,4,,,1,1,,9,,,1,1,,,,228,,,Y,N1,A1100049,35,,,,,,,,,,,,,,,,,,,,,,,,,,,,,,,,,,,,,,,,,,,,,,,,,,,,
2026-09-23 02:29:32,서울특별시,A1100027,한국원자력의학원원자력병원,20260923022142,02-970-2114,,Y,,,,1,1,,,1,Y,,Y,Y,Y,Y,Y,Y,6,N1,221,N1,6,Y,Y,,10,N1,9,,1,1,,,10,,10,1,1,4,2,1,16,,2,1,,,,,444,,,Y,N1,A1100027,36,,,,1,,,,,,1,,,,,,,,,,,,,,,,,,,,,,,,,,,,,,,,,1,1,,,,,,,,
2026-09-23 02:29:32,서울특별시,A1100022,서울특별시동부병원,20260923022520,02-920-9114,,Y,,,,1,1,,,,Y,,Y,,Y,N1,Y,Y,8,N1,29,N1,3,Y,Y,,3,N1,8,,1,1,,,8,,3,,1,1,1,,7,,1,1,,,,,195,,,Y,N1,A1100022,37,,,,1,,,,,,1,,,,,,,,,,,,,,,,,,,,,,,,,,,,,,,,,,,,,,,,,,
2026-09-23 02:29:32,서울특별시,A1100050,서울성심병원,20260923022343,02-966-1616,,,,,,1,2,,,,,,Y,,Y,N1,N1,Y,12,N1,87,N1,6,N1,Y,,6,N1,17,,1,2,,,10,,6,,,1,1,,11,,,,,,,,208,,,Y,N1,A1100050,38,,,,,,,,,,,,,,,,,,,,,,,,,,,,,,,,,,,,,,,,,,,,,,,,,,,,
2026-09-23 02:29:32,서울특별시,A1100025,의료법인동신의료재단동신병원,20260923022424,02-396-9161,,,,,,,1,,,,,,Y,,Y,N1,N1,Y,9,N1,54,N1,1,N1,Y,,3,N1,9,,,1,,,9,,3,,,1,1,,7,,,,,,,,196,,,Y,N1,A1100025,39,,,,,,,,,,,,,,,,,,,,,,,,,,,,,,,,,,,,,,,,,,,,,,,,,,,,
2026-09-23 02:29:32,서울특별시,A1122033,기쁨병원,20260923022446,02-570-1234,,,,,,,1,,,,,,Y,Y,Y,Y,N1,Y,1,N1,39,N1,,N1,Y,,8,N1,4,,,1,,,,,8,,,1,1,1,1,,,,,,,,110,,,Y,N1,A1122033,40,,,,,,,,,,,,,,,,,,,,,,,,,,,,,,,,,,,,,,,,,,,,,,,,,,,,
2026-09-23 02:29:32,서울특별시,A1100039,경찰병원,20260923022502,02-3400-1114,,,,,,1,,,,2,,,Y,,Y,N1,Y,Y,3,N1,133,N1,13,N1,Y,,7,N1,3,,1,,,,14,,7,2,,2,3,,10,,,2,,,,,187,,,Y,N1,A1100039,41,,,,2,,,,,,2,,,,,,,,,,,,,,,,,,,,,,,,,,,,,,,,,1,1,,,,,,,,
2026-09-23 02:29:32,서울특별시,A1100019,홍익병원,20260923022249,02-2693-5555,,,,,,,1,,,0,,,Y,Y,Y,Y,N,Y,9,N1,76,N1,4,N1,Y,,4,N1,9,,,1,,,14,,4,1,,4,2,2,7,,,1,,,,,251,,,Y,N1,A1100019,42,,,,1,,,,,,1,,,,,,,,,,,,,,,,,,,,,,,,,,,,,,,,,,,,,,,,,,
2026-09-23 02:29:32,서울특별시,A1100223,서울특별시서남병원,20260923022000,1566-6688,,,,0,,1,2,2,2,4,,,Y,,Y,N1,Y,Y,17,Y,56,Y,11,N1,Y,,4,N1,17,,1,2,2,,17,3,4,4,,2,1,,16,,,1,1,1,,,275,,0,Y,N1,A1100223,43,,,,0,,,,,,1,,,,,,,,,,,,,,,,,,,,,,,,,,,,,,,,,,,,,,,,,,
2026-09-23 02:29:32,서울특별시,A1100024,명지성모병원,20260923022644,02-1899-1475,,,,,,1,1,,,,,,Y,Y,Y,Y,N1,Y,8,N1,97,N1,2,N1,Y,,3,N1,8,,1,1,,,12,,3,,,1,3,2,7,,,,,,,,212,,,Y,N1,A1100024,44,,,,1,,,,,,1,,,,,,,,,,,,,,,,,,,,,,,,,,,,,,,,,,,,,,,,,,
2026-09-23 02:29:32,서울특별시,A1100037,대림성모병원,20260923022236,02-829-9000,,,,,,,2,,,,,,Y,,Y,N1,N1,Y,7,N1,26,N1,,N1,Y,,4,N1,8,,,2,,,,,4,,,1,2,,1,,,,,,,,114,,,Y,N1,A1100037,45,,,,,,,,,,,,,,,,,,,,,,,,,,,,,,,,,,,,,,,,,,,,,,,,,,,,
2026-09-23 02:29:32,서울특별시,A1100045,씨엠병원,20260923021500,02-2678-0001,,,,,,,1,,,,,,Y,,Y,N1,N1,Y,8,N1,30,N1,,N1,Y,,5,N1,9,,,1,,,,,5,,,2,2,,6,,,,,,,,110,,,Y,N1,A1100045,46,,,,,,,,,,,,,,,,,,,,,,,,,,,,,,,,,,,,,,,,,,,,,,,,,,,,
2026-09-23 02:29:32,서울특별시,A1100023,의료법인청구성심병원,20260923022445,02-350-3300,,,,,,,1,,,,,,Y,,Y,N1,N1,Y,10,N1,28,N1,2,N1,Y,,3,N1,10,,,1,,,6,,3,,,1,1,,4,,,,,,,,196,,,Y,N1,A1100023,47,,,,,,,,,,,,,,,,,,,,,,,,,,,,,,,,,,,,,,,,,,,,,,,,,,,,
2026-09-23 02:29:32,서울특별시,A1100029,서울적십자병원,20260923022423,02-2002-8000,,,,,,1,,,,,,,Y,,Y,N1,Y,Y,10,N1,98,N1,6,N1,Y,,6,N1,10,,1,,,,12,,6,,,1,1,,11,,,2,,,,,260,,,Y,N1,A1100029,48,,,,,,,,,,,,,,,,,,,,,,,,,,,,,,,,,,,,,,,,,,,,,,,,,,,,
2026-09-23 02:29:32,서울특별시,A1100032,세란병원,20260923022241,02-737-0181,,,,,,,1,,,,,,Y,,Y,N1,N1,Y,10,N1,44,N1,,N1,Y,,13,N1,10,,,1,,,,,13,,,3,5,,3,,,,,,,,205,,,Y,N1,A1100032,49,,,,,,,,,,,,,,,,,,,,,,,,,,,,,,,,,,,,,,,,,,,,,,,,,,,,
2026-09-23 02:29:32,서울특별시,A1100075,의료법인풍산의료재단동부제일병원,20260923022014,02-437-5011,,,,,,,1,,,,,,Y,,Y,N1,N1,Y,6,N1,44,N1,,N1,N,,2,N1,7,,,1,,,,,2,,,1,1,,3,,,,,,,,124,,,Y,N1,A1100075,50,,,,,,,,,,,,,,,,,,,,,,,,,,,,,,,,,,,,,,,,,,,,,,,,,,,,
2026-09-23 02:29:32,서울특별시,A1100044,녹색병원,20260923022506,02-490-2000,,,,,,1,4,,,0,N,,Y,,Y,N1,Y,Y,3,N1,99,N1,3,N1,Y,,3,N1,5,,1,4,,,17,,3,3,1,2,1,,22,,,1,,,,,293,,,Y,N1,A1100044,51,,,,2,,,,,,3,,,,,,,,,,,,,,,,,,,,,,,,,,,,,,,,,,,,,,,,,,
2026-09-23 02:59:34,서울특별시,A1100043,강동경희대학교병원,20260923025516,02-440-7114,Y,Y,1,2,3,2,3,3,2,0,Y,N,Y,Y,Y,Y,Y,Y,11,Y,141,Y,2,Y,Y,6,17,N,15,3,2,3,19,17,27,30,17,1,8,2,2,3,32,9,13,4,1,1,0,0,625,3,2,Y,Y,A1100043,1,,,,,,,,,,,,,,,,,,,,,,,,,,,,,,,,,,,,,,,,,,,,,,,,,,,,
2026-09-23 02:59:34,서울특별시,A1100014,고려대학교의과대학부속구로병원,20260923025218,02-2626-1114,Y,Y,,,2,,,2,4,3,Y,,Y,Y,Y,Y,Y,Y,12,Y,34,Y,11,Y,Y,-1,24,N1,29,3,,,20,23,35,30,24,4,2,6,6,4,98,11,35,15,10,3,,,778,,,Y,Y,A1100014,2,4,1,2,0,5,1,20,4,6,10,18,5,,,,,,,,,,,,,,,,,,,,,,,,,,,,,,,,,,,,,,,,
2026-09-23 02:59:34,서울특별시,A1100013,한양대학교병원,20260923025259,02-2290-8114,Y,Y,0,,2,,,2,3,0,Y,,Y,Y,Y,Y,Y,Y,11,Y,144,Y,0,Y,Y,-2,16,Y,20,3,,,22,14,0,30,16,2,1,3,2,3,69,10,23,13,6,3,,1,670,2,,Y,Y,A1100013,3,4,3,,1,1,,12,,,2,16,4,1,0,8,5,,,,,,,,,,,,,,,,,,,,,,,,,,,,,,,,,,,,
2026-09-23 02:59:34,서울특별시,A1100008,학교법인고려중앙학원고려대학교의과대학부속병원(안암병원),20260923025448,1577-0083,Y,Y,0,,4,,,1,9,0,Y,,Y,Y,Y,Y,Y,Y,10,Y,123,Y,,Y,Y,-4,24,Y,30,4,,,15,17,,31,25,3,4,7,6,8,84,14,20,11,8,7,,1,777,6,,Y,Y,A1100008,4,1,3,5,2,3,,16,19,,6,10,2,2,,7,,1,9,,,,,,,,,,,,,,,,,,,,,,,,,,,,,,,,,,
2026-09-23 02:59:34,서울특별시,A1100005,이화여자대학교의과대학부속목동병원,20260923025045,02-2650-5114,Y,Y,1,,8,2,4,6,5,4,Y,,Y,Y,Y,Y,Y,Y,18,Y,34,Y,,Y,Y,12,13,Y,19,8,2,4,19,28,,32,13,9,2,4,4,4,58,10,34,9,3,5,,1,526,1,,Y,Y,A1100005,5,,0,7,0,2,,10,13,,4,10,,,0,,1,,,4,14,,,,,,,,,,,,,,,,,,,,,,,,,,,,,,,,
2026-09-23 02:59:34,서울특별시,A1100017,서울대학교병원,20260923025438,02-1588-5700,Y,Y,0,,10,2,2,4,15,4,Y,Y,Y,Y,Y,Y,Y,Y,-3,Y,113,Y,,Y,Y,6,53,N1,24,10,2,4,17,40,,30,53,7,4,13,13,14,160,19,46,22,9,3,1,,1365,2,,Y,Y,A1100017,6,,1,8,8,7,,10,18,,28,41,,,0,,1,2,6,0,5,1,1,0,0,0,7,2,6,2,7,22,2,10,10,6,1,1,0,0,8,,,,,,,,,,,,
2026-09-23 02:59:34,서울특별시,A1100035,서울특별시서울의료원,20260923025501,02-2276-7000,Y,Y,1,,2,2,2,4,12,2,Y,Y,Y,Y,Y,Y,Y,Y,15,Y,148,Y,1,Y,Y,1,10,Y,19,3,2,3,14,3,5,28,10,3,4,5,3,5,65,5,12,7,2,4,1,2,461,2,,Y,Y,A1100035,7,,2,,,14,,7,,,,30,,,2,,4,,,0,6,,,,,,,,,,,,,,,,,,,,,1,2,,,,,,,,,,
2026-09-23 02:59:34,서울특별시,A1100015,연세대학교의과대학강남세브란스병원,20260923025502,02-2019-3114,Y,Y,,,2,0,2,,,5,Y,,Y,Y,Y,Y,Y,Y,8,Y,133,Y,10,Y,Y,0,23,N1,21,2,1,2,,28,29,,23,5,1,4,3,6,47,10,23,6,3,5,,,691,,,Y,Y,A1100015,8,,,,,,,,,,,,,,,,,3,8,1,12,,,,,,,,,,,,,,,,,,,,,,,,,,,,,,,,
2026-09-23 02:59:34,서울특별시,A1100010,삼성서울병원,20260923025215,02-3410-2114,Y,Y,,,3,1,1,,,0,Y,,Y,Y,Y,Y,Y,Y,-19,Y,141,Y,,Y,Y,3,46,N1,52,4,2,2,,59,,,46,8,6,19,16,15,117,22,43,21,11,2,,,1528,,,Y,Y,A1100010,9,,9,13,,6,,28,23,,,27,,,,,,1,12,0,12,,,,,,6,,,,15,14,,,36,,,,,,,,,,,,,,,,,,
2026-09-23 02:59:34,서울특별시,A1100028,성심의료재단강동성심병원,20260923025052,02-2224-2114,Y,Y,,,,1,5,,,0,Y,,Y,Y,Y,Y,Y,Y,13,Y,150,Y,-1,Y,Y,1,13,N1,15,,1,6,,3,19,,13,2,1,4,2,5,35,3,3,8,3,1,,,566,,,Y,Y,A1100028,10,,1,,1,,,18,,,5,,,,,,,,,,,,,,,,,,,,,,,,,,,,,,,,,2,2,,,,,,,,
2026-09-23 02:59:34,서울특별시,A1100053,한국보훈복지의료공단 중앙보훈병원,20260923025059,02-2225-1111,,,,,,1,2,2,0,2,N,,Y,Y,Y,Y,Y,Y,18,Y,232,N1,,N1,Y,,13,N1,22,,1,2,2,,,3,13,7,1,3,4,4,38,,,10,1,,,,820,,,Y,N1,A1100053,11,,4,6,1,35,,14,14,,1,60,,,,,,2,10,1,13,,,,,,,,,,,,,,,,,,,,,,,,,,,,,,,,
2026-09-23 02:59:34,서울특별시,A1120796,이화여자대학교의과대학부속서울병원,20260923025053,1522-7000,Y,Y,,,7,2,6,,,0,Y,,Y,Y,Y,Y,Y,Y,3,Y,118,Y,0,Y,Y,5,18,N1,14,9,2,6,,24,11,,19,4,2,5,5,8,71,9,22,12,4,5,,,736,,,Y,Y,A1120796,12,,0,6,1,,,10,17,,7,,,,,,,4,11,4,17,,,,,,,,,,3,,,,19,,,,,,,,,,,,,,,,,,
2026-09-23 02:59:34,서울특별시,A1100041,의료법인서울효천의료재단에이치플러스양지병원,20260923025511,02-1877-8875,,,,,,1,2,,,0,,,Y,Y,Y,Y,Y,Y,5,Y,8,Y,6,N1,Y,,7,N1,18,,1,2,,,27,,7,3,,2,3,3,23,,,5,1,1,,,293,,,Y,N1,A1100041,13,,,,0,,,,,,1,,,,,,,,,,,,,,,,,,,,,,,,,,,,,,,,,,,,,,,,,,
2026-09-23 02:59:34,서울특별시,A1100002,건국대학교병원,20260923025306,1588-1533,Y,Y,,,3,1,2,,,3,Y,,Y,Y,Y,Y,Y,Y,6,Y,122,Y,,Y,Y,-1,21,N1,20,4,1,2,,16,,,21,3,2,4,4,5,45,7,18,7,3,14,,,678,,,Y,Y,A1100002,14,,7,8,1,7,,24,25,,1,14,,,,,,,,,,,,,,,,,,,,,,,,,,,,,,,,,,,,,,,,,
2026-09-23 02:59:34,서울특별시,A1100016,인제대학교상계백병원,20260923025408,02-950-1114,Y,Y,,,,1,1,,,0,Y,,Y,Y,Y,Y,Y,Y,10,Y,47,Y,,Y,Y,0,13,N1,16,,1,2,,15,,,13,2,2,3,2,3,36,10,25,10,3,1,,,390,,,Y,Y,A1100016,15,,0,0,2,4,,19,18,,4,5,,,,,,,,,,,,,,,,,,,,,,,,,,,,,,,,3,4,,,,,,,,
2026-09-23 02:59:34,서울특별시,A1100048,노원을지대학교병원,20260923025102,02-970-8000,Y,Y,,,,1,2,,,0,Y,,Y,Y,Y,Y,Y,Y,12,Y,208,N1,,Y,Y,1,11,N1,17,,1,4,,10,,,11,1,3,2,2,2,26,8,19,3,1,,,,479,,,Y,Y,A1100048,16,,2,5,1,5,,16,16,,2,21,,,,,,,,,,,,,,,,,,,,,,,,,,,,,,,,,,0,0,0,0,,,,
2026-09-23 02:59:34,서울특별시,A1100020,의료법인한전의료재단 한일병원,20260923025503,02-901-3114,N,N,,,2,2,2,1,2,2,,Y,Y,Y,Y,Y,Y,Y,16,N1,70,Y,6,N,Y,,8,Y,21,2,2,2,2,,21,3,8,5,,2,1,2,25,1,4,2,,4,2,2,389,,,Y,N,A1100020,17,,,,0,,,,,,1,,,,,,,,,,,,,,,,,,,,,,,,,,,,,,,,,,,,,,,,,,
2026-09-23 02:59:34,서울특별시,A1100001,경희대학교병원,20260923025525,02-958-8114,Y,Y,,,3,2,2,,,8,Y,,Y,Y,Y,Y,Y,Y,10,Y,159,Y,34,Y,Y,0,16,N1,15,3,2,3,,18,73,,16,10,3,3,3,5,48,6,12,8,3,2,,,653,,,Y,Y,A1100001,18,,,,,6,,,,,,20,,,,,,,,6,15,,,,,,,,,,,,,,,,,,,,,,,,,,,,,,,,
2026-09-23 02:59:34,서울특별시,A1100021,삼육서울병원,20260923025400,02-2244-0191,,N,,,,1,1,1,1,3,Y,,Y,Y,Y,Y,Y,Y,8,Y,101,Y,5,N,Y,4,5,Y,13,,1,2,2,4,15,3,5,4,2,1,1,2,20,,4,5,2,1,,1,389,,,Y,N1,A1100021,19,,,,1,,,,,,1,,,,,,,,,,,,,,,,,,,,,,,,,,,,,,,,,2,4,,,,,,,,
2026-09-23 02:59:34,서울특별시,A1100040,서울특별시보라매병원,20260923025500,02-870-2114,Y,Y,,,3,2,1,,,3,Y,,Y,Y,Y,Y,Y,Y,26,Y,177,Y,,Y,Y,0,14,N1,31,3,2,1,,14,,,14,3,4,6,3,5,48,14,13,5,9,2,,,695,,,Y,Y,A1100040,20,,3,11,1,1,,15,16,,4,14,,,,,,3,4,,,,,,,,,,,,,,,,,,,,,,,,,,,,,,,,,,
2026-09-23 02:59:34,서울특별시,A1100003,중앙대학교병원,20260923025508,1800-1114,Y,Y,1,,4,2,3,4,,0,Y,,Y,Y,Y,Y,Y,Y,15,Y,150,Y,,Y,Y,0,16,N1,22,4,2,3,12,25,,,16,2,2,4,3,4,51,9,21,13,6,12,,,629,1,,Y,Y,A1100003,21,0,5,0,2,2,,12,17,,11,2,0,0,,0,,,,,,,,,,1,,,,,,,,,,,,,,,4,,,,,,,,,,,,
2026-09-23 02:59:34,서울특별시,A1100007,연세대학교의과대학세브란스병원,20260923025418,02-2228-0114,Y,Y,,,7,1,3,,,6,Y,Y,Y,Y,Y,Y,Y,Y,4,Y,309,Y,3,Y,Y,14,3,N1,39,8,1,3,,52,18,,3,30,8,16,16,17,206,55,61,21,16,21,1,,1872,,,Y,Y,A1100007,22,,17,5,1,2,,29,24,,5,20,,,,,,6,23,3,29,1,1,,,,1,0,3,3,4,22,2,10,17,6,1,1,,,,,,,,,,,,,,,
2026-09-23 02:59:34,서울특별시,A1100012,학교법인가톨릭학원가톨릭대학교서울성모병원,20260923025511,0215881511,Y,Y,,,0,,,2,2,2,Y,,Y,Y,Y,Y,Y,Y,-5,Y,113,Y,1,Y,Y,7,32,N1,28,7,,,2,50,5,6,32,10,2,9,10,8,80,40,39,11,9,4,,,1053,,,Y,Y,A1100012,23,0,6,16,11,14,,22,20,,18,35,1,3,,5,,5,10,1,19,1,0,,,,1,1,0,,3,3,2,,8,6,1,1,,,,,,,,,,,,,,,
2026-09-23 02:59:34,서울특별시,A1100009,재단법인아산사회복지재단서울아산병원,20260923025515,02-3010-3114,Y,Y,1,,8,1,4,0,3,3,Y,,Y,Y,Y,Y,Y,Y,-4,Y,195,Y,1,Y,Y,22,4,Y,36,11,1,22,2,61,12,4,4,8,8,21,15,17,190,33,49,30,14,5,,1,2104,1,,Y,Y,A1100009,24,,3,7,19,12,,24,37,,47,28,,,1,,6,2,12,4,12,2,0,,,,3,1,0,2,1,26,2,13,12,6,2,1,,,,,,,,,,,,,,,
2026-09-23 02:59:34,서울특별시,A1100011,가톨릭대학교여의도성모병원,20260923025510,02-1661-7575,,,,,,1,4,2,,0,Y,,Y,Y,Y,Y,Y,Y,11,Y,29,Y,,N1,Y,,13,N1,15,,1,4,2,,,,13,1,2,2,2,2,23,,,5,1,2,,,330,,,Y,N1,A1100011,25,,-2,2,1,,,10,8,,1,,,,,,,,,1,9,,,,,,,,,,,,,,,,,,,,,,,,,,,,,,,,
2026-09-23 02:59:34,서울특별시,A1100055,한림대학교강남성심병원,20260923025103,02-829-5114,Y,Y,,,3,3,2,0,1,,Y,,Y,Y,Y,Y,Y,Y,19,Y,161,Y,,Y,Y,0,14,N1,20,3,3,2,2,12,,3,14,,3,3,3,3,54,21,22,13,3,2,,,493,,,Y,Y,A1100055,26,,5,8,5,,,21,23,,7,,,,,,,0,10,,,,,,,,,,,,,,,,,,,,,,,,,,,,,,,,,,
2026-09-23 02:59:34,서울특별시,A1100054,성애의료재단성애병원,20260923025321,02-840-7114,Y,Y,,,,1,4,,,,Y,,Y,Y,Y,Y,Y,Y,12,N1,62,N1,4,Y,Y,4,5,N1,15,,1,4,,4,19,,5,,2,2,2,1,8,5,14,2,,,,,252,,,Y,Y,A1100054,27,,,,0,,,,,,1,,,,,,,,,,,,,,,,,,,,,,,,,,,,,,,,,,,,,,,,,,
2026-09-23 02:59:34,서울특별시,A1100004,순천향대학교부속서울병원,20260923025424,02-709-9114,Y,Y,,,3,1,2,0,3,2,Y,,Y,Y,Y,Y,Y,Y,14,Y,151,Y,4,Y,Y,-2,13,N1,20,4,1,2,2,13,43,3,14,4,7,3,3,4,51,8,17,14,5,3,,,597,,,Y,Y,A1100004,28,,,,0,8,,,,,10,21,,,,,,,,,,,,,0,0,,,,,,,,,,,,,,0,0,,,0,0,,,,,,,,
2026-09-23 02:59:34,서울특별시,A1121013,가톨릭대학교은평성모병원,20260923025509,02-1811-7755,Y,Y,,,7,2,0,,,1,Y,,Y,Y,Y,Y,Y,Y,16,Y,192,Y,,Y,Y,5,19,N1,24,8,2,2,,19,,,19,5,1,4,3,5,46,19,22,10,5,20,,,651,,,Y,Y,A1121013,29,,0,4,0,,,16,9,,4,,,,,,,1,12,2,13,,,,,,,,,,,,,,,,,,,,,,,,,,,,,,,,
2026-09-23 02:59:34,서울특별시,A1100006,강북삼성병원,20260923025508,02-2001-2001,Y,Y,,,2,1,2,,,2,Y,,Y,Y,Y,Y,Y,Y,10,Y,36,Y,6,Y,Y,1,16,N1,15,2,1,2,,14,24,,16,3,1,5,4,6,54,13,14,8,4,3,,,569,,,Y,Y,A1100006,30,,,0,2,7,,,4,,5,18,,,,,,,,2,12,,,,,,,,,,0,,,,8,,,,,,,,,,,,,,,,,,
2026-09-23 02:59:34,서울특별시,A1100052,국립중앙의료원,20260923025505,02-2260-7114,N,Y,,0,3,2,2,1,0,5,Y,,Y,Y,Y,Y,Y,Y,9,Y,0,Y,9,Y,Y,,7,N1,15,3,2,3,6,,13,0,7,7,1,1,1,2,56,1,3,5,5,2,,,202,,0,Y,N,A1100052,31,,,0,2,,0,,0,20,2,,,,,,,,,,,,,0,,0,,,,,,,,,,,,,0,,0,,,5,5,2,6,2,6,0,2,50,2
2026-09-23 02:59:34,서울특별시,A1100036,부민병원,20260923025237,1577-7582,,Y,,,,1,,,,0,Y,,Y,Y,Y,Y,Y,Y,10,Y,47,N1,1,Y,Y,,8,N1,10,,1,,,,14,,8,3,1,3,3,1,22,,1,2,1,,,,282,,,Y,N1,A1100036,32,,,,0,,,,,,1,,,,,,,,,,,,,,,,,,,,,,,,,,,,,,,,,,,,,,,,,,
2026-09-23 02:59:34,서울특별시,A1100051,혜민병원,20260923025245,02-2049-9000,,,,,,1,,,,,,,Y,,Y,N1,Y,Y,9,N1,31,N1,11,N1,Y,,5,N1,9,,1,,,,19,,5,,,2,2,,16,,,2,,,,,205,,,Y,N1,A1100051,33,,,,,,,,,,,,,,,,,,,,,,,,,,,,,,,,,,,,,,,,,,,,,,,,,,,,
2026-09-23 02:59:34,서울특별시,A1100026,구로성심병원,20260923025425,02-2067-1500,,,,,,,1,,,,,,Y,,Y,N1,N1,Y,5,N1,46,N1,0,N1,Y,,3,N1,9,,,1,,,11,,3,,,1,1,,5,,,,,,,,191,,,Y,N1,A1100026,34,,,,,,,,,,,,,,,,,,,,,,,,,,,,,,,,,,,,,,,,,,,,,,,,,,,,
2026-09-23 02:59:34,서울특별시,A1100049,희명병원,20260923025406,02-804-0002,,,,,,,1,,,,,,Y,,Y,N1,Y,Y,8,Y,117,N1,1,N1,Y,,4,N1,10,,,1,,,19,,4,,,1,1,,9,,,1,1,,,,228,,,Y,N1,A1100049,35,,,,,,,,,,,,,,,,,,,,,,,,,,,,,,,,,,,,,,,,,,,,,,,,,,,,
2026-09-23 02:59:34,서울특별시,A1100027,한국원자력의학원원자력병원,20260923025142,02-970-2114,,Y,,,,1,1,,,1,Y,,Y,Y,Y,Y,Y,Y,7,N1,221,N1,6,Y,Y,,10,N1,9,,1,1,,,10,,10,1,1,4,2,1,16,,2,1,,,,,444,,,Y,N1,A1100027,36,,,,1,,,,,,1,,,,,,,,,,,,,,,,,,,,,,,,,,,,,,,,,1,1,,,,,,,,
2026-09-23 02:59:34,서울특별시,A1100022,서울특별시동부병원,20260923025520,02-920-9114,,Y,,,,1,1,,,,Y,,Y,,Y,N1,Y,Y,8,N1,29,N1,3,Y,Y,,3,N1,8,,1,1,,,8,,3,,1,1,1,,7,,1,1,,,,,195,,,Y,N1,A1100022,37,,,,1,,,,,,1,,,,,,,,,,,,,,,,,,,,,,,,,,,,,,,,,,,,,,,,,,
2026-09-23 02:59:34,서울특별시,A1100050,서울성심병원,20260923025405,02-966-1616,,,,,,1,2,,,,,,Y,,Y,N1,N1,Y,15,N1,87,N1,6,N1,Y,,6,N1,17,,1,2,,,10,,6,,,1,1,,11,,,,,,,,208,,,Y,N1,A1100050,38,,,,,,,,,,,,,,,,,,,,,,,,,,,,,,,,,,,,,,,,,,,,,,,,,,,,
2026-09-23 02:59:34,서울특별시,A1100025,의료법인동신의료재단동신병원,20260923025439,02-396-9161,,,,,,,1,,,,,,Y,,Y,N1,N1,Y,9,N1,54,N1,1,N1,Y,,3,N1,9,,,1,,,9,,3,,,1,1,,7,,,,,,,,196,,,Y,N1,A1100025,39,,,,,,,,,,,,,,,,,,,,,,,,,,,,,,,,,,,,,,,,,,,,,,,,,,,,
2026-09-23 02:59:34,서울특별시,A1122033,기쁨병원,20260923025506,02-570-1234,,,,,,,1,,,,,,Y,Y,Y,Y,N1,Y,2,N1,39,N1,,N1,Y,,8,N1,4,,,1,,,,,8,,,1,1,1,1,,,,,,,,110,,,Y,N1,A1122033,40,,,,,,,,,,,,,,,,,,,,,,,,,,,,,,,,,,,,,,,,,,,,,,,,,,,,
2026-09-23 02:59:34,서울특별시,A1100039,경찰병원,20260923025502,02-3400-1114,,,,,,1,,,,2,,,Y,,Y,N1,Y,Y,3,N1,133,N1,13,N1,Y,,7,N1,3,,1,,,,14,,7,2,,2,3,,10,,,2,,,,,187,,,Y,N1,A1100039,41,,,,2,,,,,,2,,,,,,,,,,,,,,,,,,,,,,,,,,,,,,,,,1,1,,,,,,,,
2026-09-23 02:59:34,서울특별시,A1100019,홍익병원,20260923025254,02-2693-5555,,,,,,,1,,,0,,,Y,Y,Y,Y,N,Y,9,N1,76,N1,4,N1,Y,,4,N1,9,,,1,,,14,,4,1,,4,2,2,7,,,1,,,,,251,,,Y,N1,A1100019,42,,,,1,,,,,,1,,,,,,,,,,,,,,,,,,,,,,,,,,,,,,,,,,,,,,,,,,
2026-09-23 02:59:34,서울특별시,A1100223,서울특별시서남병원,20260923025000,1566-6688,,,,0,,1,2,2,2,4,,,Y,,Y,N1,Y,Y,17,Y,56,Y,11,N1,Y,,4,N1,17,,1,2,2,,17,3,4,4,,2,1,,16,,,1,1,1,,,275,,0,Y,N1,A1100223,43,,,,0,,,,,,1,,,,,,,,,,,,,,,,,,,,,,,,,,,,,,,,,,,,,,,,,,
2026-09-23 02:59:34,서울특별시,A1100024,명지성모병원,20260923025647,02-1899-1475,,,,,,1,1,,,,,,Y,Y,Y,Y,N1,Y,8,N1,97,N1,2,N1,Y,,3,N1,8,,1,1,,,12,,3,,,1,3,2,7,,,,,,,,212,,,Y,N1,A1100024,44,,,,1,,,,,,1,,,,,,,,,,,,,,,,,,,,,,,,,,,,,,,,,,,,,,,,,,
2026-09-23 02:59:34,서울특별시,A1100037,대림성모병원,20260923025245,02-829-9000,,,,,,,2,,,,,,Y,,Y,N1,N1,Y,8,N1,26,N1,,N1,Y,,4,N1,8,,,2,,,,,4,,,1,2,,1,,,,,,,,114,,,Y,N1,A1100037,45,,,,,,,,,,,,,,,,,,,,,,,,,,,,,,,,,,,,,,,,,,,,,,,,,,,,
2026-09-23 02:59:34,서울특별시,A1100045,씨엠병원,20260923024500,02-2678-0001,,,,,,,1,,,,,,Y,,Y,N1,N1,Y,8,N1,30,N1,,N1,Y,,5,N1,9,,,1,,,,,5,,,2,2,,6,,,,,,,,110,,,Y,N1,A1100045,46,,,,,,,,,,,,,,,,,,,,,,,,,,,,,,,,,,,,,,,,,,,,,,,,,,,,
2026-09-23 02:59:34,서울특별시,A1100023,의료법인청구성심병원,20260923025458,02-350-3300,,,,,,,1,,,,,,Y,,Y,N1,N1,Y,10,N1,28,N1,2,N1,Y,,3,N1,10,,,1,,,6,,3,,,1,1,,4,,,,,,,,196,,,Y,N1,A1100023,47,,,,,,,,,,,,,,,,,,,,,,,,,,,,,,,,,,,,,,,,,,,,,,,,,,,,
2026-09-23 02:59:34,서울특별시,A1100029,서울적십자병원,20260923025503,02-2002-8000,,,,,,1,,,,,,,Y,,Y,N1,Y,Y,10,N1,98,N1,6,N1,Y,,6,N1,10,,1,,,,12,,6,,,1,1,,11,,,2,,,,,260,,,Y,N1,A1100029,48,,,,,,,,,,,,,,,,,,,,,,,,,,,,,,,,,,,,,,,,,,,,,,,,,,,,
2026-09-23 02:59:34,서울특별시,A1100032,세란병원,20260923025242,02-737-0181,,,,,,,1,,,,,,Y,,Y,N1,N1,Y,9,N1,44,N1,,N1,Y,,13,N1,10,,,1,,,,,13,,,3,5,,3,,,,,,,,205,,,Y,N1,A1100032,49,,,,,,,,,,,,,,,,,,,,,,,,,,,,,,,,,,,,,,,,,,,,,,,,,,,,
2026-09-23 02:59:34,서울특별시,A1100075,의료법인풍산의료재단동부제일병원,20260923025018,02-437-5011,,,,,,,1,,,,,,Y,,Y,N1,N1,Y,6,N1,44,N1,,N1,N,,2,N1,7,,,1,,,,,2,,,1,1,,3,,,,,,,,124,,,Y,N1,A1100075,50,,,,,,,,,,,,,,,,,,,,,,,,,,,,,,,,,,,,,,,,,,,,,,,,,,,,
2026-09-23 02:59:34,서울특별시,A1100044,녹색병원,20260923025509,02-490-2000,,,,,,1,4,,,0,N,,Y,,Y,N1,Y,Y,3,N1,99,N1,3,N1,Y,,3,N1,5,,1,4,,,17,,3,3,1,2,1,,22,,,1,,,,,293,,,Y,N1,A1100044,51,,,,2,,,,,,3,,,,,,,,,,,,,,,,,,,,,,,,,,,,,,,,,,,,,,,,,,
