collected_at,sido,hpid,dutyName,hvidate,dutyTel3,hv10,hv11,hv17,hv26,hv28,hv29,hv30,hv31,hv36,hv41,hv42,hv43,hv5,hv7,hvamyn,hvangioayn,hvcrrtayn,hvctayn,hvec,hvecmoayn,hvgc,hvhypoayn,hvicc,hvincuayn,hvmriayn,hvncc,hvoc,hvoxyayn,hvs01,hvs02,hvs03,hvs04,hvs05,hvs08,hvs17,hvs19,hvs22,hvs25,hvs26,hvs27,hvs28,hvs29,hvs30,hvs31,hvs32,hvs33,hvs34,hvs35,hvs36,hvs37,hvs38,hvs50,hvs58,hvventiayn,hvventisoayn,phpid,rnum,hv13,hv2,hv3,hv35,hv40,hv9,hvs06,hvs07,hvs14,hvs18,hvs24,hvs46,hv14,hv18,hvs47,hvs51,hv34,hvs15,hv6,hvs12,hv15,hv16,hv22,hv23,hv25,hv32,hv33,hv37,hvcc,hvccc,hvs09,hvs10,hvs11,hvs16,hvs20,hvs48,hvs49,hvs54,hvs55,hvs57,hv19,hvs52,hv27,hvs59,hv60,hv61,hvs60,hvs61,hv38,hv39,hvs21,hvs23,hv21,hv24,hvs53,hvs56
2026-10-01 00:00:00,서울특별시,A1100043,강동경희대학교병원,20260930235516,02-440-7114,Y,Y,1,2,3,2,3,2,3,0,Y,N,Y,Y,Y,Y,Y,Y,3,Y,128,Y,3,Y,Y,10,16,N,15,3,2,3,19,17,27,30,17,1,8,2,2,3,32,9,13,4,1,1,0,0,625,3,2,Y,Y,A1100043,1,,,,,,,,,,,,,,,,,,,,,,,,,,,,,,,,,,,,,,,,,,,,,,,,,,,,,,,,
2026-10-01 00:00:00,서울특별시,A1100014,고려대학교의과대학부속구로병원,20260930235505,02-2626-1114,Y,Y,,,2,,,3,3,3,Y,,Y,Y,Y,Y,Y,Y,-1,Y,46,Y,7,Y,Y,1,23,N1,29,3,,,20,23,35,30,24,4,2,6,4,4,98,11,35,15,10,3,,,778,,,Y,Y,A1100014,2,2,1,0,1,3,0,20,4,6,10,18,5,,,,,,,,,,,,,,,,,,,,,,,,,,,,,,,,,,,,,,,,,,,,
2026-10-01 00:00:00,서울특별시,A1100013,한양대학교병원,20260930235259,02-2290-8114,Y,Y,1,,1,,,5,6,0,Y,,Y,Y,Y,Y,Y,Y,4,Y,108,Y,0,Y,Y,0,16,Y,20,3,,,22,14,0,30,16,2,1,3,2,3,69,10,23,13,6,3,,1,670,2,,Y,Y,A1100013,3,4,0,,0,4,,12,,,2,16,4,2,1,8,5,,,,,,,,,,,,,,,,,,,,,,,,,,,,,,,,,,,,,,,,
2026-10-01 00:00:00,서울특별시,A1100008,학교법인 고려중앙학원 고려대학교의과대학부속병원(안암병원),20260930235256,1577-0083,Y,Y,0,,4,,,2,0,0,Y,,Y,Y,Y,Y,Y,Y,9,Y,29,Y,,Y,Y,-3,23,Y,30,4,,,15,17,,31,25,3,4,7,6,8,84,14,20,11,8,7,,1,777,6,,Y,Y,A1100008,4,2,1,2,0,2,,16,19,,6,10,2,6,,7,,3,9,,,,,,,,,,,,,,,,,,,,,,,,,,,,,,,,,,,,,,
2026-10-01 00:00:00,서울특별시,A1100005,이화여자대학교의과대학부속목동병원,20260930235052,02-2650-5114,Y,Y,0,,8,2,3,3,3,2,Y,,Y,Y,Y,Y,Y,Y,8,Y,32,Y,,Y,Y,7,13,Y,19,8,2,4,19,28,,32,13,9,2,4,4,4,58,10,34,9,3,5,,1,526,1,,Y,Y,A1100005,5,,0,3,0,6,,10,13,,4,10,,,0,,1,,,3,14,,,,,,,,,,,,,,,,,,,,,,,,,,,,,,,,,,,,
2026-10-01 00:00:00,서울특별시,A1100017,서울대학교병원,20260930235514,02-1588-5700,Y,Y,0,,7,1,3,4,18,5,Y,Y,Y,Y,Y,Y,Y,Y,-4,Y,50,Y,,Y,Y,6,53,N1,24,10,2,4,17,40,,30,53,7,4,13,13,14,160,19,46,22,9,3,1,,1365,2,,Y,Y,A1100017,6,,2,3,10,7,,10,18,,28,41,,,1,,1,0,6,1,5,1,1,0,0,3,5,1,5,4,3,22,2,10,10,6,1,1,0,0,8,,,,,,,,,,,,,,,,
2026-10-01 00:00:00,서울특별시,A1100035,서울특별시서울의료원,20260930235500,02-2276-7000,Y,Y,2,,2,2,3,1,6,3,Y,Y,Y,Y,Y,Y,Y,Y,3,Y,99,Y,0,Y,Y,3,10,Y,19,3,2,3,14,3,5,28,10,3,4,5,3,5,65,5,12,7,2,4,1,2,461,2,,Y,Y,A1100035,7,,1,,,16,,7,,,,30,,,1,,4,,,2,6,,,,,,,,,,,,,,,,,,,,,0,2,,,,,,,,,,,,,,
2026-10-01 00:00:00,서울특별시,A1100015,연세대학교의과대학강남세브란스병원,20260930235144,02-2019-3114,Y,Y,,,2,1,2,,,4,Y,,Y,Y,Y,Y,Y,Y,8,Y,85,Y,11,Y,Y,1,23,N1,21,2,1,2,,28,29,,23,5,1,4,3,6,47,10,23,6,3,5,,,691,,,Y,Y,A1100015,8,,,,,,,,,,,,,,,,,5,8,3,12,,,,,,,,,,,,,,,,,,,,,,,,,,,,,,,,,,,,
2026-10-01 00:00:00,서울특별시,A1100010,삼성서울병원,20260930235246,02-3410-2114,Y,Y,,,1,1,2,,,3,Y,,Y,Y,Y,Y,Y,Y,-39,Y,94,Y,,Y,Y,6,44,N1,52,4,2,2,,59,,,46,8,6,19,16,15,117,22,43,21,11,2,,,1528,,,Y,Y,A1100010,9,,4,9,,3,,28,23,,,27,,,,,,3,12,1,12,,,,,,2,,,,12,14,,,36,,,,,,,,,,,,,,,,,,,,,,
2026-10-01 00:00:00,서울특별시,A1100028,성심의료재단강동성심병원,20260930235044,02-2224-2114,Y,Y,,,,1,6,,,0,Y,,Y,Y,Y,Y,Y,Y,5,Y,100,Y,0,Y,Y,2,13,N1,15,,1,6,,3,19,,13,2,1,4,2,5,35,3,3,8,3,1,,,566,,,Y,Y,A1100028,10,,1,,2,,,18,,,5,,,,,,,,,,,,,,,,,,,,,,,,,,,,,,,,,2,2,,,,,,,,,,,,
2026-10-01 00:00:00,서울특별시,A1100053,한국보훈복지의료공단 중앙보훈병원,20260930235117,02-2225-1111,,,,,,1,2,1,0,1,N,,Y,Y,Y,Y,Y,Y,15,Y,135,N1,,N1,Y,,13,N1,22,,1,2,2,,,3,13,7,1,3,4,4,38,,,10,1,,,,820,,,Y,N1,A1100053,11,,6,7,1,39,,14,14,,1,60,,,,,,0,10,1,13,,,,,,,,,,,,,,,,,,,,,,,,,,,,,,,,,,,,
2026-10-01 00:00:00,서울특별시,A1120796,이화여자대학교의과대학부속서울병원,20260930235101,1522-7000,Y,Y,,,4,2,5,,,0,Y,,Y,Y,Y,Y,Y,Y,-4,Y,119,Y,0,Y,Y,3,19,N1,14,9,2,6,,24,11,,19,4,2,5,5,8,71,9,22,12,4,5,,,736,,,Y,Y,A1120796,12,,1,2,1,,,10,17,,7,,,,,,,1,11,2,17,,,,,,,,,,3,,,,19,,,,,,,,,,,,,,,,,,,,,,
2026-10-01 00:00:00,서울특별시,A1100041,의료법인서울효천의료재단 에이치플러스양지병원,20260930235509,02-1877-8875,,,,,,1,2,,,1,,,Y,Y,Y,Y,Y,Y,8,Y,14,Y,1,N1,Y,,7,N1,18,,1,2,,,27,,7,3,,2,3,3,23,,,5,1,1,,,293,,,Y,N1,A1100041,13,,,,0,,,,,,1,,,,,,,,,,,,,,,,,,,,,,,,,,,,,,,,,,,,,,,,,,,,,,
2026-10-01 00:00:00,서울특별시,A1100002,건국대학교병원,20260930235249,1588-1533,Y,Y,,,4,1,2,,,3,Y,,Y,Y,Y,Y,Y,Y,10,Y,61,Y,,Y,Y,1,21,N1,20,4,1,2,,16,,,21,3,2,4,4,5,45,7,18,7,3,14,,,678,,,Y,Y,A1100002,14,,11,3,1,7,,24,25,,1,14,,,,,,,,,,,,,,,,,,,,,,,,,,,,,,,,,,,,,,,,,,,,,
2026-10-01 00:00:00,서울특별시,A1100016,인제대학교상계백병원,20260930235403,02-950-1114,Y,Y,,,,1,2,,,0,Y,,Y,Y,Y,Y,Y,Y,8,Y,34,Y,,Y,Y,2,12,N1,16,,1,2,,15,,,13,2,2,3,2,3,36,10,25,10,3,1,,,390,,,Y,Y,A1100016,15,,3,2,2,1,,19,18,,4,5,,,,,,,,,,,,,,,,,,,,,,,,,,,,,,,,3,4,,,,,,,,,,,,
2026-10-01 00:00:00,서울특별시,A1100048,노원을지대학교병원,20260930235102,02-970-8000,Y,Y,,,,1,4,,,0,Y,,Y,Y,Y,Y,Y,Y,10,Y,198,N1,,Y,Y,0,10,N1,17,,1,4,,10,,,11,1,3,2,2,2,26,8,19,3,1,,,,479,,,Y,Y,A1100048,16,,-1,0,2,3,,16,16,,2,21,,,,,,,,,,,,,,,,,,,,,,,,,,,,,,,,,,0,0,0,0,,,,,,,,
2026-10-01 00:00:00,서울특별시,A1100020,의료법인한전의료재단 한일병원,20260930235503,02-901-3114,N,N,,,2,2,2,1,2,2,,Y,Y,Y,Y,Y,Y,Y,11,N1,64,Y,6,N,Y,,8,N,21,2,2,2,2,,21,3,8,5,,2,1,2,25,1,4,2,,4,2,2,389,,,Y,N,A1100020,17,,,,0,,,,,,1,,,,,,,,,,,,,,,,,,,,,,,,,,,,,,,,,,,,,,,,,,,,,,
2026-10-01 00:00:00,서울특별시,A1100001,경희대학교병원,20260930235427,02-958-8114,Y,Y,,,2,2,3,,,8,Y,,Y,Y,Y,Y,Y,Y,10,Y,135,Y,30,Y,Y,1,16,N1,15,3,2,3,,18,73,,16,10,3,3,3,5,48,6,12,8,3,2,,,653,,,Y,Y,A1100001,18,,,,,4,,,,,,20,,,,,,,,2,15,,,,,,,,,,,,,,,,,,,,,,,,,,,,,,,,,,,,
2026-10-01 00:00:00,서울특별시,A1100021,삼육서울병원,20260930235532,02-2244-0191,,N,,,,1,1,1,2,3,Y,,Y,Y,Y,Y,Y,Y,11,Y,89,Y,4,N,Y,4,5,Y,13,,1,2,2,4,15,3,5,4,2,1,1,2,20,,4,5,2,1,,1,389,,,Y,N1,A1100021,19,,,,0,,,,,,1,,,,,,,,,,,,,,,,,,,,,,,,,,,,,,,,,0,4,,,,,,,,,,,,
2026-10-01 00:00:00,서울특별시,A1100040,서울특별시보라매병원,20260930235500,02-870-2114,Y,Y,,,3,2,1,,,3,Y,,Y,Y,Y,Y,Y,Y,20,Y,129,Y,,Y,Y,1,13,N1,31,3,2,1,,14,,,14,3,4,6,3,5,48,14,13,5,9,2,,,695,,,Y,Y,A1100040,20,,4,6,1,5,,15,16,,4,14,,,,,,0,4,,,,,,,,,,,,,,,,,,,,,,,,,,,,,,,,,,,,,,
2026-10-01 00:00:00,서울특별시,A1100003,중앙대학교병원,20260930235508,1800-1114,Y,Y,0,,4,2,3,1,,0,Y,,Y,Y,Y,Y,Y,Y,11,Y,126,Y,,Y,Y,0,16,N1,22,4,2,3,12,25,,,16,2,2,4,3,4,51,9,21,13,6,12,,,629,1,,Y,Y,A1100003,21,0,1,2,0,1,,12,17,,11,2,0,0,,0,,,,,,,,,,3,,,,,,,,,,,,,,,4,,,,,,,,,,,,,,,,
2026-10-01 00:00:00,서울특별시,A1100007,연세대학교의과대학세브란스병원,20260930235358,02-2228-0114,Y,Y,,,6,1,2,,,1,Y,Y,Y,Y,Y,Y,Y,Y,-4,Y,205,Y,6,Y,Y,14,3,N1,39,8,1,3,,52,18,,3,30,8,16,16,17,206,55,61,21,16,21,1,,1872,,,Y,Y,A1100007,22,,4,9,2,6,,29,24,,5,20,,,,,,7,23,9,29,1,1,,,,7,0,2,2,7,22,2,10,17,6,1,1,,,,,,,,,,,,,,,,,,,
2026-10-01 00:00:00,서울특별시,A1100012,학교법인가톨릭학원가톨릭대학교서울성모병원,20260930235510,0215881511,Y,Y,,,4,,,1,1,0,Y,,Y,Y,Y,Y,Y,Y,-1,Y,48,Y,0,Y,Y,13,32,N1,28,7,,,2,50,5,6,32,10,2,9,10,8,80,40,39,11,9,4,,,1053,,,Y,Y,A1100012,23,1,3,9,10,11,,22,20,,18,35,1,3,,5,,0,10,5,19,1,0,,,,0,1,0,,3,3,2,,8,6,1,1,,,,,,,,,,,,,,,,,,,
2026-10-01 00:00:00,서울특별시,A1100009,재단법인아산사회복지재단 서울아산병원,20260930235215,02-3010-3114,Y,Y,1,,7,1,-1,1,1,1,Y,,Y,Y,Y,Y,Y,Y,5,Y,120,Y,3,Y,Y,21,1,Y,36,11,1,22,2,61,12,4,4,8,8,21,15,17,190,33,49,30,14,5,,1,2104,1,,Y,Y,A1100009,24,,0,5,7,9,,24,37,,47,28,,,1,,6,1,12,1,12,2,1,,,,2,0,0,4,5,26,2,13,12,6,2,1,,,,,,,,,,,,,,,,,,,
2026-10-01 00:00:00,서울특별시,A1100011,가톨릭대학교여의도성모병원,20260930235510,02-1661-7575,,,,,,1,4,2,,0,Y,,Y,Y,Y,Y,Y,Y,3,Y,9,Y,,N1,Y,,13,N1,15,,1,4,2,,,,13,1,2,2,2,2,23,,,5,1,2,,,330,,,Y,N1,A1100011,25,,-2,0,1,,,10,8,,1,,,,,,,,,0,9,,,,,,,,,,,,,,,,,,,,,,,,,,,,,,,,,,,,
2026-10-01 00:00:00,서울특별시,A1100055,한림대학교 강남성심병원,20260930235107,02-829-5114,Y,Y,,,3,3,2,0,1,,Y,,Y,Y,Y,Y,Y,Y,14,Y,117,Y,,Y,Y,3,14,N1,20,3,3,2,2,12,,3,14,,3,3,3,3,54,21,22,13,3,2,,,493,,,Y,Y,A1100055,26,,1,7,3,,,21,23,,7,,,,,,,4,10,,,,,,,,,,,,,,,,,,,,,,,,,,,,,,,,,,,,,,
2026-10-01 00:00:00,서울특별시,A1100054,성애의료재단성애병원,20260930235359,02-840-7114,Y,Y,,,,1,4,,,,Y,,Y,Y,Y,Y,Y,Y,13,N1,25,N1,1,Y,Y,4,5,N1,15,,1,4,,4,19,,5,,2,2,2,1,8,5,14,2,,,,,252,,,Y,Y,A1100054,27,,,,0,,,,,,1,,,,,,,,,,,,,,,,,,,,,,,,,,,,,,,,,,,,,,,,,,,,,,
2026-10-01 00:00:00,서울특별시,A1100004,순천향대학교부속서울병원,20260930235424,02-709-9114,Y,Y,,,3,1,2,0,1,0,Y,,Y,Y,Y,Y,Y,Y,6,Y,98,Y,1,Y,Y,-2,14,N1,20,4,1,2,2,13,43,3,14,4,7,3,3,4,51,8,17,14,5,3,,,597,,,Y,Y,A1100004,28,,,,2,5,,,,,10,21,,,,,,,,,,,,,0,0,,,,,,,,,,,,,,0,0,,,0,0,,,,,,,,,,,,
2026-10-01 00:00:00,서울특별시,A1121013,가톨릭대학교은평성모병원,20260930235509,02-1811-7755,Y,Y,,,8,1,2,,,1,Y,,Y,Y,Y,Y,Y,Y,8,Y,106,Y,,Y,Y,3,18,N1,24,8,2,2,,19,,,19,5,1,4,3,5,46,19,22,10,5,20,,,651,,,Y,Y,A1121013,29,,0,0,0,,,16,9,,4,,,,,,,-1,12,-1,13,,,,,,,,,,,,,,,,,,,,,,,,,,,,,,,,,,,,
2026-10-01 00:00:00,서울특별시,A1100006,강북삼성병원,20260930235515,02-2001-2001,Y,Y,,,2,1,2,,,1,Y,,Y,Y,Y,Y,Y,Y,5,Y,40,Y,3,Y,Y,-1,16,N1,15,2,1,2,,14,24,,16,2,1,5,4,6,54,13,14,8,4,3,,,543,,,Y,Y,A1100006,30,,,2,2,9,,,4,,5,18,,,,,,,,2,12,,,,,,,,,,2,,,,8,,,,,,,,,,,,,,,,,,,,,,
2026-10-01 00:00:00,서울특별시,A1100052,국립중앙의료원,20260930235505,02-2260-7114,N,Y,,0,3,2,2,1,0,5,Y,,Y,Y,Y,Y,Y,Y,9,Y,0,Y,9,Y,Y,,7,N1,15,3,2,3,6,,13,0,7,7,1,1,1,2,56,1,3,5,5,2,,,202,,0,Y,N,A1100052,31,,,0,2,,0,,0,20,2,,,,,,,,,,,,,0,,0,,,,,,,,,,,,,0,,0,,,5,5,2,6,2,6,0,2,50,2,,,,
2026-10-01 00:00:00,서울특별시,A1100036,부민병원,20260930235022,1577-7582,,Y,,,,1,,,,1,Y,,Y,Y,Y,Y,Y,Y,10,Y,54,N1,3,Y,Y,,8,N1,10,,1,,,,14,,8,3,1,3,3,1,22,,1,2,1,,,,282,,,Y,N1,A1100036,32,,,,0,,,,,,1,,,,,,,,,,,,,,,,,,,,,,,,,,,,,,,,,,,,,,,,,,,,,,
2026-10-01 00:00:00,서울특별시,A1100051,혜민병원,20260930235026,02-2049-9000,,,,,,1,,,,,,,Y,,Y,N1,Y,Y,7,N1,21,N1,8,N1,Y,,5,N1,9,,1,,,,19,,5,,,2,2,,16,,,2,,,,,205,,,Y,N1,A1100051,33,,,,,,,,,,,,,,,,,,,,,,,,,,,,,,,,,,,,,,,,,,,,,,,,,,,,,,,,
2026-10-01 00:00:00,서울특별시,A1100026,구로성심병원,20260930235414,02-2067-1500,,,,,,,1,,,,,,Y,,Y,N1,N1,Y,2,N1,37,N1,4,N1,Y,,3,N1,9,,,1,,,11,,3,,,1,1,,5,,,,,,,,191,,,Y,N1,A1100026,34,,,,,,,,,,,,,,,,,,,,,,,,,,,,,,,,,,,,,,,,,,,,,,,,,,,,,,,,
2026-10-01 00:00:00,서울특별시,A1100049,희명병원,20260930235257,02-804-0002,,,,,,,1,,,,,,Y,,Y,N1,Y,Y,8,Y,112,N1,8,N1,Y,,4,N1,10,,,1,,,19,,4,,,1,1,,9,,,1,1,,,,228,,,Y,N1,A1100049,35,,,,,,,,,,,,,,,,,,,,,,,,,,,,,,,,,,,,,,,,,,,,,,,,,,,,,,,,
2026-10-01 00:00:00,서울특별시,A1100027,한국원자력의학원원자력병원,20260930235253,02-970-2114,,Y,,,,1,0,,,0,Y,,Y,Y,Y,Y,Y,Y,9,N1,134,N1,6,Y,Y,,10,N1,9,,1,1,,,10,,10,1,1,4,2,1,16,,2,1,,,,,444,,,Y,N1,A1100027,36,,,,1,,,,,,1,,,,,,,,,,,,,,,,,,,,,,,,,,,,,,,,,1,1,,,,,,,,,,,,
2026-10-01 00:00:00,서울특별시,A1100022,서울특별시동부병원,20260930235520,02-920-9114,,Y,,,,1,1,,,,Y,,Y,,Y,N1,Y,Y,8,N1,35,N1,4,Y,Y,,3,N1,8,,1,1,,,8,,3,,1,1,1,,7,,1,1,,,,,195,,,Y,N1,A1100022,37,,,,0,,,,,,1,,,,,,,,,,,,,,,,,,,,,,,,,,,,,,,,,,,,,,,,,,,,,,
2026-10-01 00:00:00,서울특별시,A1100050,서울성심병원,20260930235243,02-966-1616,,,,,,1,2,,,,,,Y,,Y,N1,N1,Y,15,N1,73,N1,5,N1,Y,,6,N1,17,,1,2,,,10,,6,,,1,1,,11,,,,,,,,208,,,Y,N1,A1100050,38,,,,,,,,,,,,,,,,,,,,,,,,,,,,,,,,,,,,,,,,,,,,,,,,,,,,,,,,
2026-10-01 00:00:00,서울특별시,A1100025,의료법인동신의료재단동신병원,20260930235422,02-396-9161,,,,,,,1,,,,,,Y,,Y,N1,N1,Y,7,N1,41,N1,2,N1,Y,,3,N1,9,,,1,,,9,,3,,,1,1,,7,,,,,,,,196,,,Y,N1,A1100025,39,,,,,,,,,,,,,,,,,,,,,,,,,,,,,,,,,,,,,,,,,,,,,,,,,,,,,,,,
2026-10-01 00:00:00,서울특별시,A1122033,기쁨병원,20260930235508,02-570-1234,,,,,,,1,,,,,,Y,Y,Y,Y,N1,Y,1,N1,60,N1,,N1,Y,,8,N1,4,,,1,,,,,8,,,1,1,1,1,,,,,,,,110,,,Y,N1,A1122033,40,,,,,,,,,,,,,,,,,,,,,,,,,,,,,,,,,,,,,,,,,,,,,,,,,,,,,,,,
2026-10-01 00:00:00,서울특별시,A1100019,홍익병원,20260930235244,02-2693-5555,,,,,,,0,,,0,,,Y,Y,Y,Y,N,Y,7,N1,74,N1,8,N1,Y,,4,N1,9,,,1,,,14,,4,1,,4,2,2,7,,,1,,,,,251,,,Y,N1,A1100019,41,,,,1,,,,,,1,,,,,,,,,,,,,,,,,,,,,,,,,,,,,,,,,,,,,,,,,,,,,,
2026-10-01 00:00:00,서울특별시,A1100223,서울특별시서남병원,20260930235000,1566-6688,,,,0,,1,2,1,0,4,,,Y,,Y,N1,Y,Y,13,Y,26,Y,10,N1,Y,,4,N1,17,,1,2,2,,17,3,4,4,,2,1,,16,,,1,1,1,,,275,,0,Y,N1,A1100223,42,,,,0,,,,,,1,,,,,,,,,,,,,,,,,,,,,,,,,,,,,,,,,,,,,,,,,,,,,,
2026-10-01 00:00:00,서울특별시,A1100024,명지성모병원,20260930235503,02-1899-1475,,,,,,1,1,,,,,,Y,Y,Y,Y,N1,Y,5,N1,58,N1,6,N1,Y,,3,N1,8,,1,1,,,12,,3,,,1,3,2,7,,,,,,,,212,,,Y,N1,A1100024,43,,,,1,,,,,,1,,,,,,,,,,,,,,,,,,,,,,,,,,,,,,,,,,,,,,,,,,,,,,
2026-10-01 00:00:00,서울특별시,A1100037,대림성모병원,20260930235026,02-829-9000,,,,,,,2,,,,,,Y,,Y,N1,N1,Y,8,N1,32,N1,,N1,Y,,4,N1,8,,,2,,,,,4,,,1,2,,1,,,,,,,,114,,,Y,N1,A1100037,44,,,,,,,,,,,,,,,,,,,,,,,,,,,,,,,,,,,,,,,,,,,,,,,,,,,,,,,,
2026-10-01 00:00:00,서울특별시,A1100045,씨엠병원,20260930234500,02-2678-0001,,,,,,,1,,,,,,Y,,Y,N1,N1,Y,9,N1,29,N1,,N1,Y,,5,N1,9,,,1,,,,,5,,,2,2,,6,,,,,,,,110,,,Y,N1,A1100045,45,,,,,,,,,,,,,,,,,,,,,,,,,,,,,,,,,,,,,,,,,,,,,,,,,,,,,,,,
2026-10-01 00:00:00,서울특별시,A1100023,의료법인청구성심병원,20260930235226,02-350-3300,,,,,,,1,,,,,,Y,,Y,N1,N1,Y,9,N1,26,N1,1,N1,Y,,3,N1,10,,,1,,,6,,3,,,1,1,,4,,,,,,,,196,,,Y,N1,A1100023,46,,,,,,,,,,,,,,,,,,,,,,,,,,,,,,,,,,,,,,,,,,,,,,,,,,,,,,,,
2026-10-01 00:00:00,서울특별시,A1100029,서울적십자병원,20260930235406,02-2002-8000,,,,,,1,,,,,,,Y,,Y,N1,Y,Y,8,N1,109,N1,7,N1,Y,,6,N1,10,,1,,,,12,,6,,,1,1,,11,,,2,,,,,260,,,Y,N1,A1100029,47,,,,,,,,,,,,,,,,,,,,,,,,,,,,,,,,,,,,,,,,,,,,,,,,,,,,,,,,
2026-10-01 00:00:00,서울특별시,A1100032,세란병원,20260930235501,02-737-0181,,,,,,,1,,,,,,Y,,Y,N1,N1,Y,8,N1,36,N1,,N1,Y,,13,N1,10,,,1,,,,,13,,,3,5,,3,,,,,,,,205,,,Y,N1,A1100032,48,,,,,,,,,,,,,,,,,,,,,,,,,,,,,,,,,,,,,,,,,,,,,,,,,,,,,,,,
2026-10-01 00:00:00,서울특별시,A1100075,의료법인풍산의료재단동부제일병원,20260930235049,02-437-5011,,,,,,,1,,,,,,Y,,Y,N1,N1,Y,7,N1,49,N1,,N1,N,,2,N1,7,,,1,,,,,2,,,1,1,,3,,,,,,,,124,,,Y,N1,A1100075,49,,,,,,,,,,,,,,,,,,,,,,,,,,,,,,,,,,,,,,,,,,,,,,,,,,,,,,,,
2026-10-01 00:00:00,서울특별시,A1100044,녹색병원,20260930235507,02-490-2000,,,,,,1,4,,,0,N,,Y,,Y,N1,Y,Y,3,N1,71,N1,6,N1,Y,,3,N1,5,,1,4,,,17,,3,3,1,2,1,,22,,,1,,,,,293,,,Y,N1,A1100044,50,,,,1,,,,,,3,,,,,,,,,,,,,,,,,,,,,,,,,,,,,,,,,,,,,,,,,,,,,,
2026-10-01 00:00:00,경기도,A2100042,의료법인명지의료재단명지병원,20260930235500,031-810-5114,Y,Y,1,0,0,0,1,4,16,0,Y,Y,Y,Y,Y,Y,Y,Y,11,Y,140,Y,10,Y,Y,3,13,Y,15,0,0,3,16,3,31,28,13,0,2,6,3,5,49,4,5,8,5,2,1,2,443,4,0,Y,Y,A2100042,1,3,,,4,0,,,,,4,0,3,2,1,2,3,,,,,,1,0,0,0,,,,,,,,,,,,3,0,0,0,0,2,,,,,,,,,,,0,0,0,0
2026-10-01 00:00:00,경기도,A2100033,국민건강보험공단일산병원,20260930235503,1577-0013,Y,Y,1,0,1,2,3,1,3,1,Y,,Y,Y,Y,Y,Y,Y,10,Y,125,N1,,Y,Y,0,2,N1,23,5,2,3,19,25,,29,2,4,2,4,3,3,58,8,28,13,5,,,,659,1,0,Y,Y,A2100033,2,,0,0,0,7,,10,16,,11,28,,,,,,1,6,,,,,0,0,0,,,,,,,,,,,,,0,0,0,1,1,,,,,,,,,,,,,,
2026-10-01 00:00:00,경기도,A2100005,순천향대학교부속부천병원,20260930235121,032-621-5114,Y,Y,,,5,0,0,5,14,2,Y,Y,Y,Y,Y,Y,Y,Y,1,Y,122,Y,2,Y,Y,4,21,Y,17,5,0,0,20,24,22,34,21,7,1,4,3,5,71,9,31,17,4,3,1,1,674,,,Y,Y,A2100005,3,2,2,3,1,,,16,15,,8,,2,0,,3,,,,,,,,0,,0,,,,,,,,,,,,,0,,0,,,,,,2,,5,,,,,,0,,0
2026-10-01 00:00:00,경기도,A2100001,분당서울대학교병원,20260930235100,031-787-2114,Y,Y,,,1,2,2,1,11,1,Y,,Y,Y,Y,Y,Y,Y,-24,Y,86,Y,1,Y,Y,0,38,N1,30,5,2,3,15,35,8,30,39,3,3,11,11,11,128,17,39,16,8,8,,,1247,,,Y,Y,A2100001,4,,2,4,0,2,,13,13,,1,15,,,3,,5,3,9,0,10,,,,5,,0,,,,,6,,,,,,,,5,,,,,,,1,,2,,,,,,9,,9
2026-10-01 00:00:00,경기도,A2100030,차의과학대학교분당차병원,20260930235118,031-780-5000,Y,Y,0,,4,,,3,20,,Y,,Y,Y,Y,Y,Y,Y,7,Y,44,Y,,Y,Y,3,24,N1,22,11,,,14,35,,43,26,,8,5,3,4,40,26,46,6,2,2,,,717,2,,Y,Y,A2100030,5,1,0,4,0,3,,8,9,,4,22,2,3,0,3,2,0,6,1,7,1,1,,0,0,0,0,6,,,2,2,,,6,1,1,,0,1,,,0,0,,,,,,,,,,,,
2026-10-01 00:00:00,경기도,A2100002,아주대학교병원,20260930235340,031-219-5114,Y,Y,,,5,0,0,3,1,1,Y,,Y,Y,Y,Y,Y,Y,13,Y,66,Y,,Y,Y,0,24,N1,30,9,0,0,16,36,,42,25,8,3,8,6,9,126,27,34,32,9,7,,,792,,,Y,Y,A2100002,6,2,2,0,0,13,3,14,10,40,3,20,2,3,1,6,2,2,7,4,13,1,3,,,0,,0,0,1,2,,2,6,11,6,1,4,,,0,,,0,0,2,6,2,6,8,3,60,3,,0,,0
2026-10-01 00:00:00,경기도,A2100003,고려대학교의과대학부속안산병원,20260930235314,031-1577-7516,Y,Y,0,,4,,1,2,7,5,Y,,Y,Y,Y,Y,Y,Y,9,Y,65,Y,1,Y,Y,1,20,N1,22,4,,3,18,25,4,30,20,10,2,3,4,4,66,15,19,8,5,3,,,605,2,,Y,Y,A2100003,7,1,0,6,0,11,,11,18,,3,16,2,3,,3,,0,6,,,,,,,,,,,,,,,,,,,,,,,,,,,,,,,,,,,,,,
2026-10-01 00:00:00,경기도,A2100004,한림대학교성심병원,20260930235457,031-380-1500,Y,Y,0,,3,1,4,7,19,0,Y,Y,Y,Y,Y,Y,Y,Y,11,Y,79,Y,,Y,Y,7,18,N1,25,3,2,4,19,9,,30,19,14,2,4,3,6,102,8,10,20,14,2,1,,593,1,,Y,Y,A2100004,8,0,0,1,1,13,,27,16,,3,20,0,5,,5,,,,,,,,,,,,,,0,6,,,8,18,,,,,,,,,,,,,,,,,,,,,,
2026-10-01 00:00:00,경기도,A2100040,가톨릭대학교의정부성모병원,20260930235508,1661-7500,Y,Y,1,,11,2,4,7,10,,Y,,Y,Y,Y,Y,Y,Y,20,Y,54,Y,3,Y,Y,0,12,N1,42,11,2,4,18,15,26,30,13,,3,4,3,4,54,10,28,12,4,3,,,519,1,,Y,Y,A2100040,9,,,,0,,3,,,20,4,,,,0,,1,0,6,,,,,,,,,,,,,,,,,,,,,,,,,,,1,6,2,6,6,2,53,2,,,,
2026-10-01 00:00:00,경기도,A2100047,동국대학교일산불교병원,20260930235519,031-1577-7000,Y,Y,,,3,1,3,1,3,0,Y,,Y,Y,Y,Y,Y,Y,8,Y,116,Y,,Y,Y,7,12,N1,19,3,1,3,2,13,,3,12,0,8,2,2,2,19,13,25,4,2,1,,,460,,,Y,Y,A2100047,10,,2,1,0,7,,15,12,,4,15,,,,,,,,,,,,,,,,,,,,,,,,,,,,,,,,3,3,,,,,,,,,,,,
2026-10-01 00:00:00,경기도,A2100038,인제대학교일산백병원,20260930235409,031-910-7114,N,N,,,,3,3,,,0,Y,,Y,Y,Y,Y,Y,Y,16,Y,92,Y,,N,Y,,17,N1,34,,3,3,,,,,17,2,3,3,3,4,54,18,22,7,3,1,,,559,,,Y,N,A2100038,11,,0,0,1,2,,25,32,,4,16,,,,,,,,,,,,,,,,,,,0,,,,4,,,,,,,,,,,,,,,,,,,,,,
2026-10-01 00:00:00,경기도,A2118788,중앙대학교광명병원,20260930235507,1811-7800,Y,Y,,,,1,2,,,0,Y,,Y,Y,Y,Y,Y,Y,19,Y,81,Y,5,Y,Y,2,17,N1,21,,1,2,,16,24,,17,2,2,2,2,5,28,6,16,5,4,10,,,576,,,Y,Y,A2118788,12,0,,,2,,,,,,6,,0,0,,0,,3,5,,,,,,,,,,,3,,,,5,,,,,,,,,,,,,,,,,,,,,,,
2026-10-01 00:00:00,경기도,A2100007,광명성애병원,20260930235506,02-2680-7114,Y,Y,,7,4,1,4,,,,Y,,Y,Y,Y,Y,Y,Y,6,N1,37,N1,7,Y,Y,,5,N1,11,4,1,4,,,13,,5,,2,2,2,1,12,2,5,1,,,,,189,,50,Y,Y,A2100007,13,,,,0,,,,,,1,,,,,,,,,,,,,,,,,,,,,,,,,,,,,,,,,,,,,,,,,,,,,,
2026-10-01 00:00:00,경기도,A2100155,참조은병원,20260930235420,1600-9955,,,,,1,1,3,,,1,,,Y,Y,Y,Y,Y,Y,2,N1,21,Y,-3,N1,Y,,7,N1,9,1,1,3,,,22,,7,2,,3,3,2,18,,,3,,2,,,286,,,Y,N1,A2100155,14,,,,3,,,,,,3,,,,,,,,,,,,,,,0,,,,,,,,,,,,,,,0,,,6,6,,,,,,,,,,0,,0
2026-10-01 00:00:00,경기도,A2100039,한양대학교구리병원,20260930235259,031-1644-9118,Y,Y,,,,1,3,,,1,Y,,Y,Y,Y,Y,Y,Y,6,Y,43,Y,,Y,Y,3,9,N1,18,,1,4,,10,,,10,5,1,3,2,3,21,6,14,4,2,2,,,489,,,Y,Y,A2100039,15,,0,4,,,,17,14,,,,,,,,,,,,,,,,,,,,,,,,,,,,,,,,,,,,,,,,,,,,,,,,
2026-10-01 00:00:00,경기도,A2100054,효산의료재단지샘병원,20260930235438,031-389-3000,,,,,,2,1,,,0,,,Y,Y,Y,Y,Y,Y,15,N1,63,N1,6,N1,Y,,5,N1,18,,2,1,,,18,,7,2,,2,1,3,11,,,2,,,,,368,,,Y,N1,A2100054,16,,,,1,,,,,,1,,,,,,,,,,,,,,,,,,,,,,,,,,,,,,,,,1,1,,,,,,,,,,,,
2026-10-01 00:00:00,경기도,A2100048,원광대학교산본병원,20260930235410,031-390-2300,,,,,,0,2,,,,Y,,Y,Y,Y,Y,Y,Y,16,N1,68,N1,2,N1,Y,,5,N1,17,,1,2,,,12,,5,,1,1,1,1,1,,,2,,,,,188,,,Y,N1,A2100048,17,,,,,,,,,,,,,,,,,,,,,,,,,,,,,,,,,,,,,,,,,,,,,,,,,,,,,,,,
2026-10-01 00:00:00,경기도,A2100053,의료법인우리의료재단김포우리병원,20260930235452,031-999-1000,,,,0,,1,6,,,0,,,Y,Y,Y,Y,Y,Y,15,Y,16,Y,3,N1,Y,,7,N1,22,,1,6,,,36,,7,11,,2,2,2,48,,,4,1,2,,,477,,0,Y,N1,A2100053,18,,,,0,,,,,,1,,,,,,,,,,,,,,,0,,,,,,,,,,,,,,,0,,,,,,,,,,,,,,0,,0
2026-10-01 00:00:00,경기도,A2100006,의료법인인봉의료재단뉴고려병원,20260930235215,031-998-8129,,,,,,1,2,,,,,,Y,Y,Y,Y,Y,Y,9,N1,67,N1,0,N1,Y,,6,N1,14,,1,2,,,24,,6,,,2,2,2,7,,,1,,,,,278,,,Y,N1,A2100006,19,,,,3,,,,,,10,,,,,,,,,,,,,,,,,,,,,,,,,,,,,,,,,3,3,,,,,,,,,,,,
2026-10-01 00:00:00,경기도,A2100041,남양주한양병원,20260930235438,031-510-0114,,,,,,1,2,0,2,,,,Y,Y,Y,Y,Y,Y,17,N1,78,N1,0,N1,Y,,,Y,17,,1,2,4,,15,4,,,,2,2,1,33,,,2,,,,1,240,,,Y,N1,A2100041,20,,,,10,,,,,,20,,,,,,,,,,,,,,,,,,,,,,,,,,,,,,,,,,,,,,,,,,,,,,
2026-10-01 00:00:00,경기도,A2100037,현대병원,20260930235425,031-574-9118~9,,,,,,1,2,,,,,,Y,Y,Y,Y,Y,Y,5,N1,65,Y,0,N1,Y,,7,N1,17,,1,2,,,19,,7,,,2,2,2,50,,,17,,2,,,342,,,Y,N1,A2100037,21,,,,2,,,,,,20,,,,,,,,,,,,,,,,,,,,,,,,,,,,,,,,,,,,,,,,,,,,,,
2026-10-01 00:00:00,경기도,A2100055,부천세종병원,20260930235510,1599-6677,Y,Y,,,,1,2,0,0,3,Y,,Y,Y,Y,Y,Y,Y,17,Y,78,Y,1,Y,Y,,6,N1,17,,1,2,2,,20,3,6,6,1,2,1,5,18,1,1,5,4,1,,,268,,,Y,Y,A2100055,22,,,,0,,,,,,2,,,,,,,,,,,,,,,,,,,,,,,,,,,,,,,,,,,,,,,,,,,,,,
2026-10-01 00:00:00,경기도,A2100052,가톨릭대학교부천성모병원,20260930235508,032-1577-0675,Y,Y,,,,2,0,,,3,Y,,Y,Y,Y,Y,Y,Y,21,Y,66,Y,,Y,Y,8,13,N1,31,,2,1,,10,,,14,4,3,3,3,3,28,4,14,11,1,2,,,562,,,Y,Y,A2100052,23,,1,1,1,,,16,12,,4,,,,,,,,,8,18,,,,,,,,,,,,,,,,,,,,,,,3,3,,,,,,,,,,,,
2026-10-01 00:00:00,경기도,A2100025,대진의료재단분당제생병원,20260930235500,031-779-0114,Y,Y,,,3,1,2,1,1,0,Y,Y,Y,Y,Y,Y,Y,Y,5,Y,64,Y,,Y,Y,2,9,N1,24,3,1,2,2,3,,3,9,2,2,4,3,3,22,1,5,5,2,3,1,,481,,,Y,Y,A2100025,24,,5,4,2,,,10,13,,4,,,,,,,,,,,,,,7,,,,,,,,,,,,,,,7,,,,,,,,,,,,,,,,,
2026-10-01 00:00:00,경기도,A2116806,성남시의료원,20260930235500,031-738-7000,,,,,6,2,4,2,3,28,,,Y,Y,Y,Y,Y,Y,13,Y,88,Y,,N1,Y,,8,Y,17,6,2,4,2,,,4,8,28,,3,2,2,31,,,6,3,1,,2,237,,,Y,N1,A2116806,25,,,16,5,,,,23,,5,,,,,,,,,,,,,,,,,,,,,,,,,,,,,,,,,,,,,,,,,,,,,,
2026-10-01 00:00:00,경기도,A2117135,의료법인명인의료재단화홍병원,20260930235525,031-278-0119,Y,,,,,2,3,,,,,,Y,,Y,N1,N1,Y,10,Y,31,N1,7,N1,Y,,5,Y,15,,2,3,,,29,,6,,,2,2,,4,1,,,1,,,1,228,,,Y,Y,A2117135,26,,,,0,,,,,,1,,,,,,,,,,,,,,,,,,,,,,,,,,,,,,,,,,,,,,,,,,,,,,
2026-10-01 00:00:00,경기도,A2100009,의료법인녹산의료재단동수원병원,20260930235221,031-210-0114,,Y,,,,1,1,0,2,0,Y,,Y,Y,Y,Y,Y,Y,12,N1,74,N1,8,Y,Y,,5,N1,17,,1,2,2,,18,4,5,1,1,2,2,1,15,,4,1,,,,,335,,,Y,N1,A2100009,27,,,,0,,,,,,3,,,,,,,,,,,,,,,,,,,,,,,,,,,,,,,,,,,,,,,,,,,,,,
2026-10-01 00:00:00,경기도,A2100012,가톨릭대학교성빈센트병원,20260930235508,031-1577-8588,Y,Y,,,4,2,2,2,4,0,Y,,Y,Y,Y,Y,Y,Y,19,Y,59,Y,,Y,Y,1,19,N1,28,6,2,2,4,18,,8,19,11,2,5,4,6,52,7,18,12,4,4,,,650,,,Y,Y,A2100012,28,,4,5,1,7,,20,11,,5,30,,,,,,4,8,2,15,1,1,,,,,2,6,,4,,2,,8,6,1,1,,,,,,,,,,,,,,,,,,,
2026-10-01 00:00:00,경기도,A2100008,의료법인남촌의료재단시화병원,20260930235458,031-1811-7000,,,,,5,1,5,,,1,Y,,Y,Y,Y,Y,Y,Y,14,Y,56,N1,19,N1,Y,,7,N1,16,5,1,5,,,52,,7,1,1,3,3,2,29,,,4,2,,,,461,,,Y,N1,A2100008,29,,,,1,,,,,,1,,,,,,,,,,,,,,,,,,,,,,,,,,,,,,,,,,,,,,,,,,,,,,
2026-10-01 00:00:00,경기도,A2100017,대아의료재단한도병원,20260930235440,031-8040-1114,,,,,,1,2,,,,,,Y,Y,Y,Y,Y,Y,16,N1,36,N1,9,N1,Y,,6,N1,17,,1,2,,,29,,6,,,3,2,2,15,,,3,,,,,327,,,Y,N1,A2100017,30,,,,0,,,,,,1,,,,,,,,,,,,,,,,,,,,,,,,,,,,,,,,,,,,,,,,,,,,,,
2026-10-01 00:00:00,경기도,A2100015,효산의료재단안양샘병원,20260930235252,031-467-9114,,,,,,1,1,,,,,,Y,Y,Y,Y,Y,Y,14,Y,75,N1,,N1,Y,,6,N1,17,,1,2,,,,,6,,,2,1,2,12,,,2,1,,,,307,,,Y,N1,A2100015,31,,4,1,1,,,9,9,,1,,,,,,,,,,,,,,,,,,,,,,,,,,,,,,,,,,,,,,,,,,,,,,
2026-10-01 00:00:00,경기도,A2100024,오산한국병원,20260930235238,031-379-8300,,,,,,1,2,2,3,0,,,Y,Y,Y,Y,Y,Y,13,N1,47,Y,3,N1,Y,,5,N1,17,,1,2,2,,32,3,5,2,,2,2,2,17,,,2,,1,,,259,,,Y,N1,A2100024,32,,,,0,,,,,,1,,,,,,,,,,,,,,,,,,,,,,,,,,,,,,,,,,,,,,,,,,,,,,
2026-10-01 00:00:00,경기도,A2100020,연세대학교의과대학용인세브란스병원,20260930235136,1899-1004,Y,Y,,,6,1,2,,,2,Y,,Y,Y,Y,Y,Y,Y,11,Y,87,Y,,Y,Y,1,14,N1,16,6,1,3,,12,,,15,4,2,3,3,4,31,6,18,6,3,4,,,597,,,Y,Y,A2100020,33,,0,0,1,,,19,16,,2,,,,,,,,,,,,,,,,,,,,,,,,,,,,,,,,,,,,,,,,,,,,,,
2026-10-01 00:00:00,경기도,A2100029,강남병원,20260930235304,031-300-0114,,,,,,1,2,2,3,,,,Y,,Y,N1,Y,Y,11,N1,48,N1,11,N1,Y,,4,N1,17,,1,2,2,,30,3,4,,,2,2,,7,,,2,,,,,264,,,Y,N1,A2100029,34,,,,0,,,,,,1,,,,,,,,,,,,,,,,,,,,,,,,,,,,,,,,,,,,,,,,,,,,,,
2026-10-01 00:00:00,경기도,A2100019,(의)영문의료재단다보스병원,20260930235250,031-8021-2114,,,,,,1,2,1,0,,,,Y,Y,Y,Y,Y,Y,9,N1,3,N1,-1,N1,Y,,6,N1,13,,1,2,2,,23,3,6,,,1,1,1,7,,,2,,,,,222,,,Y,N1,A2100019,35,,,,0,,,,,,1,,,,,,,,,,,,,,,,,,,,,,,,,,,,,,,,,4,4,,,,,,,,,,,,
2026-10-01 00:00:00,경기도,A2117994,학교법인을지학원의정부을지대학교병원,20260930235101,031-951-1000,Y,Y,,,0,1,2,,,0,Y,,Y,Y,Y,Y,Y,Y,17,Y,172,Y,,Y,Y,2,12,N1,30,0,1,2,,5,,,14,6,8,3,3,4,48,5,5,6,3,2,,,588,,,Y,Y,A2117994,36,,9,5,2,12,,28,21,,2,22,,,,,,,,,,,,,,,,,,,,,,,,,,,,,,,,0,0,0,0,0,0,,,,,,,,
2026-10-01 00:00:00,경기도,A2100193,경기도의료원이천병원,20260930235401,031-630-4200,,,,,,1,1,2,1,6,,,Y,,Y,N1,N1,Y,17,N1,45,N1,2,N1,Y,,4,N1,17,,1,2,2,,6,3,4,6,,1,1,,8,,,,,,,,187,,,Y,N1,A2100193,37,,,,2,,,,,,2,,,,,,,,,,,,,,,,,,,,,,,,,,,,,,,,,,,,,,,,,,,,,,
2026-10-01 00:00:00,경기도,A2100035,경기도의료원파주병원,20260930235402,031-940-9100,,,,,,1,2,0,2,,Y,,Y,,Y,N1,N1,Y,14,N1,77,N1,5,N1,Y,,3,N1,17,,1,2,2,,8,3,3,,1,1,1,,9,,,,,,,,189,,,Y,N1,A2100035,38,,,,,,,,,,,,,,,,,,,,,,,,,,,,,,,,,,,,,,,,,,,,,,,,,,,,,,,,
2026-10-01 00:00:00,경기도,A2100028,의료법인백송의료재단굿모닝병원,20260930235419,031-5182-7700,,,,,,2,1,,,,,,Y,Y,Y,Y,Y,Y,10,Y,26,N1,3,N1,Y,,7,Y,19,,2,1,,,27,,7,,,5,3,3,23,,,5,3,,,1,392,,,Y,N1,A2100028,39,,,,1,,,,,,3,,,,,,,,,,,,,,,,,,,,,,,,,,,,,,,,,6,6,,,,,,,,,,,,
2026-10-01 00:00:00,경기도,A2113246,의료법인양진의료재단평택성모병원,20260930235431,031--1800-8800,,,,0,,1,2,2,2,,,,Y,Y,Y,Y,Y,Y,17,N1,51,N1,3,N1,Y,,6,N1,17,,1,2,2,,34,3,6,,,3,3,2,8,,,2,,,,,329,,0,Y,N1,A2113246,40,,,,2,,,,,,2,,,,,,,,,,,,,,,,,,,,,,,,,,,,,,,,,,,,,,,,,,,,,,
2026-10-01 00:00:00,경기도,A2100031,경기도의료원포천병원,20260930235501,031-539-9114,,Y,,,,1,2,2,3,1,Y,,Y,,Y,N1,N1,Y,17,N1,48,N1,1,Y,Y,,4,N1,17,,1,2,2,,8,3,4,3,3,1,1,,7,,2,,,,,,134,,,Y,N1,A2100031,41,,,,0,,,,,,0,,,,,,,,,,,,,,,,,,,,,,,,,,,,,,,,,,,,,,,,,,,,,,
2026-10-01 00:00:00,경기도,A2100046,한림대학교동탄성심병원,20260930235102,031-8086-3000,Y,Y,,,9,,,,,2,Y,Y,Y,Y,Y,Y,Y,Y,21,Y,131,Y,,Y,Y,11,20,Y,32,9,,,,13,,,20,11,1,6,3,6,51,8,16,17,5,5,1,1,535,,,Y,Y,A2100046,42,1,11,0,8,,,28,13,,11,,1,2,,2,,0,9,,,,,,,,,,,8,,,,13,,,,,,,,,,,,,,,,,,,,,,,
2026-10-01 00:00:00,경기도,A2100290,의료법인자인의료재단더자인병원,20260930235459,031-930-3114,,,,,,2,2,0,0,,,,Y,Y,Y,Y,Y,Y,13,N1,50,N1,4,N1,N,,5,N1,16,,2,2,2,,9,3,5,,,2,2,1,15,,,1,,,,,234,,,Y,N1,A2100290,43,,,,0,,,,,,3,,,,,,,,,,,,,,,,,,,,,,,,,,,,,,,,,,,,,,,,,,,,,,
2026-10-01 00:00:00,경기도,A2100049,국립암센터,20260930235200,031-920-0114,,N,,,,,0,,,,,,Y,Y,Y,Y,Y,Y,2,Y,58,Y,11,N,Y,,18,N1,24,,,1,,,19,,18,,,7,5,3,29,,1,8,2,7,,,554,,,Y,N1,A2100049,44,,,,8,,,,,,9,,,,,,,,,,,,,,,,,,,,,,,,,,,,,,,,,,,,,,,,,,,,,,
2026-10-01 00:00:00,경기도,A2116972,의료법인성광의료재단일산차병원,20260930235232,031-782-8300,Y,Y,,,,,4,,,1,Y,,,,Y,N1,N1,N1,3,N1,25,N1,4,Y,N1,0,10,N1,6,,,4,,17,4,,10,1,9,,,,4,11,19,,,,,,179,,,Y,Y,A2116972,45,,,,1,,,,,,1,,,,,,,,,,,,,,,,,,,,,,,,,,,,,,,,,,,,,,,,,,,,,,
2026-10-01 00:00:00,경기도,A2118188,엘병원,20260930235611,1899-3377,,,,,,,2,,,0,,,Y,,Y,N1,N1,Y,6,N1,39,N1,3,N1,Y,,3,N1,8,,,2,,,8,,3,1,,1,1,,2,,,,,,,,146,,,Y,N1,A2118188,46,,,,0,,,,,,1,,,,,,,,,,,,,,,,,,,,,,,,,,,,,,,,,,,,,,,,,,,,,,
2026-10-01 00:00:00,경기도,A2100050,의료법인대인의료재단다니엘종합병원,20260930235502,032-670-0001,,,,,,1,3,,,,,,Y,,Y,N1,N,Y,5,N1,25,N1,5,N1,Y,,3,N1,6,,1,3,,,30,,3,,,1,1,,17,,,1,,,,,169,,,Y,N1,A2100050,47,,,,0,,,,,,1,,,,,,,,,,,,,,,,,,,,,,,,,,,,,,,,,,,,,,,,,,,,,,
2026-10-01 00:00:00,경기도,A2100258,국군수도병원,20260930235015,031-725-6075,,,,,,0,,,,,,,Y,Y,Y,Y,Y,Y,10,Y,171,N1,5,N1,Y,,9,N1,16,,2,,,,12,,9,,,3,4,2,2,,,5,2,,,,530,,,Y,N1,A2100258,48,,,,1,9,15,,,20,1,15,,,,,,,,,,,,,,6,,,,,,,,,,,,,,,6,,,,,,,,,9,,40,,,2,,2
2026-10-01 00:00:00,경기도,A2100016,순천의료재단성남정병원,20260930235105,031-750-6000,,,,,,2,,,,,,,Y,,Y,N1,N1,Y,9,N1,77,N1,,N1,Y,,4,N1,9,,2,,,,,,4,,,1,1,,1,,,,,,,,98,,,Y,N1,A2100016,49,,,,,,,,,,,,,,,,,,,,,,,0,,33,,,,,,,,,,,,,0,,105,,,,,,,,,,,,,,,,
2026-10-01 00:00:00,경기도,A2121061,의료법인덕산의료재단수원덕산병원,20260930235504,031-686-2000,N,Y,,,3,1,2,1,1,0,Y,,Y,Y,Y,Y,Y,Y,23,Y,56,N1,5,Y,Y,,9,N1,24,3,1,2,2,,22,4,9,5,5,3,2,2,15,N,2,5,2,,,,403,,,Y,N,A2121061,50,,,,2,,,,,,3,,,,,,,,,,,,,,,,,,,,,,,,,,,,,,,,,,,,,,,,,,,,,,
2026-10-01 00:00:00,경기도,A2100032,경기도의료원수원병원,20260930235501,031-888-0114,,,,,,,2,,,2,,,Y,,Y,N1,N1,Y,6,N1,69,N1,8,N1,Y,,3,N1,8,,,2,,,9,,3,2,,1,1,,9,,,,,,,,156,,,Y,N1,A2100032,51,,,,,,,,,,,,,,,,,,,,,,,,,,,,,,,,,,,,,,,,,,,3,3,,,,,,,,,,,,
2026-10-01 00:00:00,경기도,A2100175,의료법인토마스의료재단윌스기념병원,20260930235259,031-223-2233,,,,,,1,2,0,0,,Y,,Y,Y,Y,Y,Y,Y,14,N1,31,N1,5,N1,Y,,10,N1,18,,1,2,2,,16,3,10,,1,1,4,1,1,,,1,,,,,275,,,Y,N1,A2100175,52,,,,0,,,,,,1,,,,,,,,,,,,,,,,,,,,,,,,,,,,,,,,,,,,,,,,,,,,,,
2026-10-01 00:00:00,경기도,A2100027,의료법인석경의료재단센트럴병원,20260930235516,031-8041-3000,,,,,,1,2,,,,,,Y,,Y,N1,Y,Y,17,N1,70,N1,0,N1,Y,,3,N1,18,,1,2,,,21,,3,,,2,2,,7,,,2,,,,,239,,,Y,N1,A2100027,53,,,,,,,,,,,,,,,,,,,,,,,,,,,,,,,,,,,,,,,,,,,,,,,,,,,,,,,,
2026-10-01 00:00:00,경기도,A2100013,의료법인록향의료재단신천연합병원,20260930235002,031-310-6300,,,,,,,1,,,,,,Y,,Y,N1,Y,Y,6,N1,16,N1,3,N1,Y,,3,N1,10,,,1,,,6,,3,,,1,1,,4,,,1,,,,,112,,,Y,N1,A2100013,54,,,,1,,,,,,1,,,,,,,,,,,,,,,,,,,,,,,,,,,,,,,,,,,,,,,,,,,,,,
2026-10-01 00:00:00,경기도,A2100021,의료법인플러스의료재단단원병원,20260930235543,031-8040-6600,,,,,,1,2,,,,,,Y,Y,Y,Y,Y,Y,12,Y,25,N1,4,N1,Y,,5,N1,17,,1,2,,,27,,5,,,1,1,2,8,,,2,1,,,,303,,,Y,N1,A2100021,55,,,,0,,,,,,1,,,,,,,,,,,,,,0,,,,,,,,,,,,,,,1,,,,,,,,,,,,,,,,,
2026-10-01 00:00:00,경기도,A2100014,근로복지공단안산병원,20260930235200,031-500-1114,,,,,,,1,,,1,,,Y,,Y,N1,N1,Y,4,N1,99,N1,13,N1,Y,,3,N1,7,,,1,,,18,,3,2,,1,1,,14,,,,,,,,359,,,Y,N1,A2100014,56,,,,1,,,,,,1,,,,,,,,,,,,,,,,,,,,,,,,,,,,,,,,,,,,,,,,,,,,,,
2026-10-01 00:00:00,경기도,A2100124,의료법인칠석의료재단사랑의병원,20260930234521,031-439-3000,,,,,,1,,,,,,,Y,,Y,N1,Y,Y,9,N1,27,N1,0,N1,Y,,5,N1,13,,1,,,,14,,5,,,2,2,,8,,,1,,,,,206,,,Y,N1,A2100124,57,,,,,,,,,,,,,,,,,,,,,,,,,,,,,,,,,,,,,,,,,,,,,,,,,,,,,,,,
2026-10-01 00:00:00,경기도,A2100045,경기도의료원안성병원,20260930235502,031-8046-5000,,,,,,1,,,,8,,,Y,,Y,N1,N1,Y,14,N1,107,N1,10,N1,Y,,5,N1,14,,1,,,,13,,5,8,,1,1,,8,,,,,,,,178,,,Y,N1,A2100045,58,,,,2,,,,,,2,,,,,,,,,,,,,,,,,,,,,,,,,,,,,,,,,,,,,,,,,,,,,,
2026-10-01 00:00:00,경기도,A2100305,안성성모병원,20260930235416,031-675-6007,,,,,,,0,,,,,,Y,,Y,N1,N1,Y,3,N1,81,N1,4,N1,Y,,3,N1,9,,,1,,,20,,3,,,1,1,,7,,,,,,,,188,,,Y,N1,A2100305,59,,,,,,,,,,,,,,,,,,,,,,,,,,,,,,,,,,,,,,,,,,,,,,,,,,,,,,,,
2026-10-01 00:00:00,경기도,A2100089,양평병원,20260930235001,031-770-5000,N,N,,,,,1,,,,N,N,Y,N,Y,N,N,Y,7,N,18,N,,N,Y,,3,N,9,,,1,,,,,3,,0,1,1,0,1,0,0,0,0,0,0,0,90,,,Y,N,A2100089,60,,,,,,,,,,,,,,,,,,,,,,,,,,,,,,,,,,,,,,,,,,,,,,,,,,,,,,,,
2026-10-01 00:00:00,경기도,A2100194,세종여주병원,20260930235510,031-880-7700,,,,,,,4,,,,,,Y,,Y,N1,Y,Y,4,N1,120,N1,,N1,Y,,2,N1,6,,,4,,,,,2,,,1,1,,4,,,2,,,,,211,,,Y,N1,A2100194,61,,,,,,,,,,,,,3,,3,,,,,,,,,,,,,,,,,,,,,,,,,,,,3,3,,,,,,,,,,,,
2026-10-01 00:00:00,경기도,E2100187,연천군보건의료원,20260930235316,031-839-4001,,,,,,,,,,,,,Y,,Y,N1,N1,Y,10,N1,50,N1,,N1,N1,,2,N1,10,,,,,,,,2,,,1,,,1,,,,,,,,52,,,Y,N1,E2100187,62,,,,,,,,,,,,,,,,,,,,,,,,,,,,,,,,,,,,,,,,,,,,,,,,,,,,,,,,
2026-10-01 00:00:00,경기도,A2100122,(의)효심의료재단용인서울병원,20260930235333,031-337-0114,,,,,,,,,,,,,Y,,Y,N1,N1,Y,8,N1,133,N1,,N1,Y,,3,N1,10,,,,,,,,3,,,1,1,,1,,,,,,,,201,,,Y,N1,A2100122,63,,,,,,,,,,,,,,,,,,,,,,,,,,,,,,,,,,,,,,,,,,,,,,,,,,,,,,,,
2026-10-01 00:00:00,경기도,A2121142,메디필드한강병원,20260930235404,031-1551-0077,,,,,,1,2,,,1,,,Y,Y,Y,Y,Y,Y,16,N1,142,N1,4,N1,Y,,6,N1,17,,1,2,,,15,,6,1,,3,2,1,13,,,2,,,,,192,,,Y,N1,A2121142,64,,,,1,,,,,,1,,,,,,,,,,,,,,,,,,,,,,,,,,,,,,,,,,,,,,,,,,,,,,
2026-10-01 00:00:00,경기도,A2100034,의료법인영동의료재단의정부백병원,20260930235516,031-856-8111,,,,,,,2,,,,,,Y,,Y,N1,N1,Y,9,N1,99,N1,2,N1,Y,,3,N1,10,,,2,,,9,,3,,,1,1,,1,,,,,,,,192,,,Y,N1,A2100034,65,,,,,,,,,,,,,,,,,,,,,,,,,,,,,,,,,,,,,,,,,,,,,,,,,,,,,,,,
2026-10-01 00:00:00,경기도,A2100150,추병원,20260930235122,031-845-7777,,,,,,1,1,,,,,,Y,Y,Y,Y,N1,Y,11,N1,46,N1,4,N1,N,,3,N1,12,,1,1,,,15,,3,,,2,1,1,1,,,,,,,,210,,,Y,N1,A2100150,66,,,,,,,,,,,,,,,,,,,,,,,,,,,,,,,,,,,,,,,,,,,,,,,,,,,,,,,,
2026-10-01 00:00:00,경기도,A2100043,경기도의료원의정부병원,20260930235501,0318285000,,,,0,,1,,,,2,,,Y,,Y,N1,N1,Y,10,N1,37,N1,2,N1,N1,,3,N1,10,,1,,,,6,,3,5,,1,,,8,,,,,,,,86,,0,Y,N1,A2100043,67,,,,,43,,,,,,70,,,,,,,,,,,,,,,,,,,,,,,,,,,,,,,,,,,,,,,,,,,,,
2026-10-01 00:00:00,경기도,A2100131,메디인병원,20260930235531,0319431191,,,,,,,2,,,,,,Y,Y,Y,Y,N1,Y,10,N1,45,N1,,N1,Y,,4,N1,12,,,2,,,,,4,,,1,1,1,2,,,,,,,,206,,,Y,N1,A2100131,68,,,,,,,,,,,,,,,,,,,,,,,,,,,,,,,,,,,,,,,,,,,,,,,,,,,,,,,,
2026-10-01 00:00:00,경기도,A2100309,의료법인갈렌의료재단박병원,20260930235500,031-666-2600,,,,,,,1,,,,,,Y,,Y,N1,N1,Y,8,N1,40,N1,1,N1,Y,,2,N1,10,,,1,,,10,,2,,,1,2,,3,,,,,,,,143,,,Y,N1,A2100309,69,,,,,,,,,,,,,,,,,,,,,,,,,,,,,,,,,,,,,,,,,,,,,,,,,,,,,,,,
2026-10-01 00:00:00,경기도,A2100022,의료법인박애의료재단박애병원,20260930235424,031-652-2121,,,,,,,1,,,,,,Y,,Y,N1,Y,Y,10,N1,97,N1,5,N1,Y,,5,N1,10,,,1,,,10,,5,,,2,1,,20,,,2,,,,,193,,,Y,N1,A2100022,70,,,,,,,,,,,,,,,,,,,,,,,,,,,,,,,,,,,,,,,,,,,,,,,,,,,,,,,,
2026-10-01 00:00:00,경기도,A2100036,의료법인 일심의료재단 포천우리병원,20260930235226,031-542-0222,,,,,,1,3,,,2,,,Y,Y,Y,Y,Y,Y,17,N1,61,N1,9,N1,Y,,5,N1,18,,1,3,,,18,,5,2,,2,2,1,14,,,3,,,,,201,,,Y,N1,A2100036,71,,,,2,,,,,,2,,,,,,,,,,,,,,,,,,,,,,,,,,,,,,,,,,,,,,,,,,,,,,
2026-10-01 00:00:00,경기도,A2100018,의료법인은혜와감사의료재단화성중앙종합병원,20260930235257,031-352-8114,,,,,,,1,,,,,,Y,,Y,N1,N1,Y,7,N1,75,N1,8,N1,Y,,3,N1,9,,,1,,,8,,3,,,1,1,,3,,,,,,,,131,,,Y,N1,A2100018,72,,,,,,,,,,,,,,,,,,,,,,,,,,,,,,,,,,,,,,,,,,,,,,,,,,,,,,,,
2026-10-01 00:00:00,경기도,A2115699,의료법인원광의료재단원광종합병원,20260930234550,031-8077-7200,,,,,,1,,,,,,,Y,,Y,N1,N1,Y,9,N1,27,N1,3,N1,Y,,4,N1,9,,1,,,,9,,4,,,1,2,,4,,,,,,,,135,,,Y,N1,A2115699,73,,,,,,,,,,,,,,,,,,,,,,,,,,,,,,,,,,,,,,,,,,,,,,,,,,,,,,,,
2026-10-01 00:00:00,인천광역시,A1400001,의료법인 길의료재단 길병원,20260930235435,1577-2299,Y,Y,,,8,,,0,10,12,Y,,Y,Y,Y,Y,Y,Y,-10,Y,260,Y,,Y,Y,0,3,Y,23,9,,,18,30,,30,3,13,3,6,6,7,113,19,40,19,10,6,,1,995,,,Y,Y,A1400001,1,2,18,0,3,10,4,38,11,20,11,18,2,0,0,3,2,0,6,0,14,1,1,,,1,,2,3,,1,,2,,4,6,1,1,,,3,,,,,2,6,2,6,7,2,47,2,,,,
2026-10-01 00:00:00,인천광역시,A1400002,인하대학교의과대학부속병원,20260930235233,032-890-2114,Y,Y,,,3,2,2,1,0,2,Y,Y,Y,Y,Y,Y,Y,Y,6,Y,72,Y,0,Y,Y,3,15,Y,20,7,2,5,20,26,23,30,16,7,4,6,3,5,109,17,27,13,9,7,1,2,681,,,Y,Y,A1400002,2,,0,0,0,12,,25,13,,3,15,,,,,,0,7,,,1,1,,,,0,0,3,,,3,2,,,6,1,1,,,,,,,,,,,,,,,,,,,
2026-10-01 00:00:00,인천광역시,A1400010,검단탑병원,20260930235418,032-590-0114,,,,,,1,2,2,1,0,,,Y,Y,Y,Y,Y,Y,14,N1,27,N1,7,N1,Y,,6,N1,18,,1,2,2,,13,5,6,2,,2,2,1,11,,,1,,,,,274,,,Y,N1,A1400010,3,,,,0,,,,,,3,,,,,,,,,,,,,,,,,,,,,,,,,,,,,,,,,,,,,,,,,,,,,,
2026-10-01 00:00:00,인천광역시,A1403372,인천세종병원,20260930235509,032-240-8000,,,,,,3,,0,0,2,,,Y,Y,Y,Y,Y,Y,12,Y,25,Y,0,N1,Y,,7,N1,18,,3,,2,,20,3,7,6,,2,2,3,13,,,4,5,1,,,274,,,Y,N1,A1403372,4,,,,2,,,,,,2,,,,,,,,,,,,,,,,,,,,,,,,,,,,,,,,,,,,,,,,,,,,,,
2026-10-01 00:00:00,인천광역시,A1400014,의료법인인성의료재단한림병원,20260930235320,032-540-9114,,,,,,2,0,,,1,Y,,Y,Y,Y,Y,Y,Y,13,Y,49,N1,6,N1,Y,,6,N1,17,,2,2,,,21,,6,2,1,3,2,2,20,,,3,3,,,,391,,,Y,N1,A1400014,5,,,,2,,,,,,2,,,,,,,,,,,,,,,,,,,,,,,,,,,,,,,,,,,,,,,,,,,,,,
2026-10-01 00:00:00,인천광역시,A1400016,인천사랑병원,20260930235359,032-425-2001,,Y,,,,1,1,1,2,0,Y,,Y,Y,Y,Y,Y,Y,4,N1,49,Y,0,Y,Y,,6,N1,14,,1,2,2,,14,3,7,1,1,2,1,1,12,,1,2,,1,,,277,,,Y,N1,A1400016,6,,,,1,,,,,,1,,,,,,,,,,,,,,,,,,,,,,,,,,,,,,,,,4,4,,,,,,,,,,,,
2026-10-01 00:00:00,인천광역시,A1400012,가톨릭대학교 인천성모병원,20260930235508,032-280-6364,Y,Y,,,0,3,2,7,,2,Y,,Y,Y,Y,Y,Y,Y,-10,Y,29,Y,,Y,Y,0,17,N1,19,4,3,5,12,13,,,17,9,1,4,4,5,53,5,14,11,5,4,,,579,,,Y,Y,A1400012,7,,1,4,1,,,15,18,,11,,,,,,,0,8,3,15,,,,,,,,,,,,,,,,,,,,,,,,,,,,,,,,,,,,
2026-10-01 00:00:00,인천광역시,A1400013,안은의료재단 부평세림병원,20260930235520,032-509-5555,,,,,,1,3,2,3,0,,,Y,Y,Y,Y,Y,Y,14,Y,13,N1,5,N1,Y,,4,N1,16,,1,3,2,,11,3,4,2,,3,2,1,9,,,1,1,,,,234,,,Y,N1,A1400013,8,,,,0,,,,,,2,,,,,,,,,,,,,,,,,,,,,,,,,,,,,,,,,,,,,,,,,,,,,,
2026-10-01 00:00:00,인천광역시,A1400015,가톨릭관동대학교국제성모병원,20260930235314,1600-8291,Y,Y,,,1,0,0,,,3,Y,,Y,Y,Y,Y,Y,Y,12,N,97,Y,,Y,Y,4,10,N1,23,3,0,0,,4,,,11,3,2,3,2,3,34,2,11,6,2,1,,,641,,,Y,Y,A1400015,9,4,1,,,5,,40,,,,11,5,0,,0,,,,-4,13,,,,18,,,,,,,,,,,,,,,21,,,,,,,,,,,,,,,,,
2026-10-01 00:00:00,인천광역시,A1400003,의료법인 루가의료재단 나은병원,20260930235042,032-584-0114,,Y,,,,1,2,,,9,Y,,Y,Y,Y,Y,Y,Y,6,Y,105,Y,,Y,Y,,10,N1,11,,1,2,,,,,10,9,1,2,2,3,17,,1,3,1,1,,,367,,,Y,N1,A1400003,10,,4,4,3,,,14,13,,3,,,,,,,,,,,,,,,,,,,,,,,,,,,,,,,,,6,6,,,,,,,,,,,,
2026-10-01 00:00:00,인천광역시,A1400011,의료법인 나사렛의료재단 나사렛국제병원,20260930235203,032-899-9999,,,,,,1,2,2,0,0,,,Y,Y,Y,Y,Y,Y,8,N1,31,N1,7,N1,Y,,5,N1,17,,1,2,2,,16,3,5,1,,2,2,2,8,,,2,,,,,276,,,Y,N1,A1400011,11,,,,0,,,,,,1,,,,,,,,,,,,,,,,,,,,,,,,,,,,,,,,,,,,,,,,,,,,,,
2026-10-01 00:00:00,인천광역시,A1403617,비에스종합병원,20260930235121,032-290-0001,,Y,,,,1,,,,,Y,,Y,Y,Y,Y,Y,Y,10,N1,87,N1,5,Y,N1,0,2,N1,10,,1,,,1,18,,2,,1,1,,1,6,,1,1,,,,,180,,,Y,N1,A1403617,12,,,,0,,,,,,1,,,,,,,,,,,,,,,,,,,,,,,,,,,,,,,,,,,,,,,,,,,,,,
2026-10-01 00:00:00,인천광역시,A1400005,온누리병원,20260930235343,032-567-6200,,,,,,1,1,,,,,,Y,,Y,N1,N1,Y,9,N1,34,N1,,N1,Y,,3,N1,10,,1,1,,,,,3,,,1,1,,5,,,,,,,,190,,,Y,N1,A1400005,13,,,,,,,,,,,,,,,,,,,,,,,,,,,,,,,,,,,,,,,,,,,,,,,,,,,,,,,,
2026-10-01 00:00:00,인천광역시,A1403871,인천힘찬종합병원,20260930235041,032-1899-2220,,,,,,1,2,1,4,,,,Y,,Y,N1,N1,Y,13,N1,81,N1,3,N1,Y,,7,N1,17,,1,2,2,,6,4,7,,,2,2,,4,,,,,,,,231,,,Y,N1,A1403871,14,,,,0,,,,,,1,,,,,,,,,,,,,,,,,,,,,,,,,,,,,,,,,,,,,,,,,,,,,,
2026-10-01 00:00:00,인천광역시,A1400004,현대유비스병원,20260930235208,032-888-7575,,,,,,1,,,,,,,Y,Y,Y,Y,Y,Y,18,N1,25,N1,3,N1,Y,,6,N1,19,,1,,,,13,,6,,,2,2,1,8,,,2,,,,,285,,,Y,N1,A1400004,15,,,,0,,,,,,1,,,,,,,,,,,,,,,,,,,,,,,,,,,,,,,,,,,,,,,,,,,,,,
2026-10-01 00:00:00,인천광역시,A1400008,(의)성세의료재단 뉴성민병원,20260930235355,032-726-1000,,,,,,,1,,,,,,Y,,Y,N1,Y,Y,9,N1,116,N1,10,N1,Y,,6,Y,9,,,1,,,17,,6,,,2,2,,11,,,2,,,,1,265,,,Y,N1,A1400008,16,,,,2,,,,,,2,,,,,,,,,,,,,,,0,,,,,,,,,,,,,,,0,,,,,,,,,,,,,,,,
2026-10-01 00:00:00,인천광역시,A1400018,인천적십자병원,20260930235302,032-899-4000,,,,,,1,1,,,,,,Y,,Y,N1,N1,Y,7,N1,72,N1,1,N1,Y,,3,N1,8,,1,1,,,8,,3,,,1,1,,2,,,,,,,,104,,,Y,N1,A1400018,17,,,,,,,,,,,,,,,,,,,,,,,,,,,,,,,,,,,,,,,,,,,,,,,,,,,,,,,,
2026-10-01 00:00:00,인천광역시,A1400037,인천광역시의료원백령병원,20260930235502,032-836-1731,Y,Y,,,,,1,,,,,,Y,,Y,N1,N1,Y,5,N1,30,N1,,Y,N1,,1,N1,5,,,1,,,,,1,,,1,,,1,1,2,,,,,,30,,,Y,Y,A1400037,18,,,,,,,,,,,,,,,,,,,,,,,,,,,,,,,,,,,,,,,,,,,,,,,,,,,,,,,,
2026-10-01 00:00:00,인천광역시,A1400009,인천기독병원,20260930235040,032-270-8000,,,,,,,1,,,,,,Y,,Y,N1,N1,Y,8,N1,38,N1,10,N1,Y,,4,N1,8,,,1,,,10,,4,,,1,1,,1,,,,,,,,139,,,Y,N1,A1400009,19,,,,,,,,,,,,,,,,,,,,,,,,,,,,,,,,,,,,,,,,,,,,,,1,,1,,,,,,,,
2026-10-01 00:00:00,인천광역시,A1400017,인천광역시의료원,20260930235501,032-580-6000,,,,,,2,,,,7,,,Y,,Y,N1,N1,Y,14,N1,48,N1,1,N1,Y,,6,N1,15,,2,,,,13,,6,7,,1,1,,19,,,,,,,,198,,,Y,N1,A1400017,20,,,,0,28,,,,,0,45,,,,,,,,,,,,,,,,,,,,,,,,,,,,,,,,,,,,,,,,,,,,,
2026-10-01 00:00:00,인천광역시,A1400007,의료법인 성수의료재단 인천백병원,20260930235508,032)765-7070,,,,,,,0,,,,,,Y,,Y,N1,Y,Y,5,N1,17,N1,0,N1,Y,,4,N1,5,,,1,,,12,,4,,,2,2,,6,,,1,,,,,189,,,Y,N1,A1400007,21,,,,,,,,,,,,,,,,,,,,,,,,,,,,,,,,,,,,,,,,,,,,,,,,,,,,,,,,
2026-10-01 00:00:00,부산광역시,A1200003,동아대학교병원,20260930235210,051-240-2400,Y,Y,,,3,,,5,2,1,Y,,Y,Y,Y,Y,Y,Y,14,Y,25,Y,3,Y,Y,0,18,N1,26,3,,,16,20,18,30,18,3,4,5,3,4,76,11,30,16,4,4,,,738,,,Y,Y,A1200003,1,2,,,1,8,,,,,6,18,2,5,0,6,4,3,11,2,13,,,,,,,,,1,2,,,8,7,,,,,,,1,1,,,,,,,,,,,,,,
2026-10-01 00:00:00,부산광역시,A1200022,인제대학교 해운대백병원,20260930235409,051-797-0100,Y,Y,1,,3,2,2,3,5,0,Y,Y,Y,Y,Y,Y,Y,Y,21,Y,-9,Y,,Y,Y,1,21,N1,29,3,2,3,12,25,,30,22,7,2,5,3,4,72,8,40,17,9,11,1,,710,5,,Y,Y,A1200022,2,,5,9,0,6,,28,27,,4,15,,,1,,3,,,,,,,,,,,,,,,,,,,,,,,,,,,,,,,,,,,,,,,,
2026-10-01 00:00:00,부산광역시,A1200018,대동병원,20260930235453,051-554-1233,,,,,3,1,2,,,1,,,Y,Y,Y,Y,Y,Y,14,N1,39,N1,3,N1,Y,,6,N1,15,3,1,2,,,21,,6,1,,2,1,1,10,,,1,,,,,401,,,Y,N1,A1200018,3,,,,0,,,,,,1,,,,,,,,,,,,,,,,,,,,,,,,,,,,,,,,,,,,,,,,,,,,,,
2026-10-01 00:00:00,부산광역시,A1200020,의료법인 온병원그룹의료재단 온병원,20260930235026,051-607-0114,,,,,,1,2,,,1,,,Y,Y,Y,Y,Y,Y,9,N1,196,N1,11,N1,Y,,9,Y,20,,1,2,,,23,,9,6,,4,2,2,7,,,1,,,,1,611,,,Y,N1,A1200020,4,,,,0,,,,,,1,,,,,,,,,,,,,,,,,,,,,,,,,,,,,,,,,,,,,,,,,,,,,,
2026-10-01 00:00:00,부산광역시,A1200001,인제대학교부산백병원,20260930235358,051-890-6114,Y,Y,,,,2,3,,,2,Y,,Y,Y,Y,Y,Y,Y,3,Y,53,Y,0,Y,Y,1,17,Y,21,,2,3,,35,10,,17,8,4,5,3,6,68,19,38,16,3,7,,2,691,,,Y,Y,A1200001,5,,3,0,0,2,,19,18,,1,20,,,,,,0,6,1,12,,,,,,,,,,,,,,,,,,,,,,,,,,,,,,,,,,,,
2026-10-01 00:00:00,부산광역시,A1200005,의료법인 은성의료재단 좋은삼선병원,20260930235414,051-322-0900,,,,,1,1,2,,,2,,,Y,Y,Y,Y,Y,Y,9,N1,38,N1,2,N1,Y,,7,N1,13,1,1,2,,,19,,7,2,,2,2,2,11,,,1,,,,,375,,,Y,N1,A1200005,6,,,,0,,,,,,2,,,,,,,0,4,1,5,,,,,,,,,,,,,,,,,,,,,,,2,3,,,,,,,,,,,,
2026-10-01 00:00:00,부산광역시,A1200004,고신대학교복음병원,20260930235424,051-990-6114,Y,Y,,,,,,1,0,0,Y,,Y,Y,Y,Y,Y,Y,13,Y,67,Y,,Y,Y,16,12,Y,24,,,,2,18,,3,13,2,7,3,3,5,53,13,19,14,3,1,,1,701,,,Y,Y,A1200004,7,1,5,2,5,11,,12,7,,7,14,1,4,,4,,1,16,1,13,,,,,,,,,1,,,,5,,,,,,,,,,,,,,,,,,,,,,,
2026-10-01 00:00:00,부산광역시,A1200002,부산대학교병원,20260930235500,051-240-7000,Y,Y,0,0,3,1,2,0,3,2,Y,,Y,Y,Y,Y,Y,Y,15,Y,268,Y,15,Y,Y,3,26,N,17,3,1,2,2,20,24,3,26,10,12,9,6,8,95,15,17,21,9,18,,1,901,2,0,Y,Y,A1200002,8,,1,,2,9,22,10,,42,4,19,,,,,,,,0,0,,,,,0,,,,,,,,,,,,,,,0,,,,,2,12,2,12,34,2,82,2,,0,,0
2026-10-01 00:00:00,부산광역시,A1200007,비에이치에스한서병원,20260930235533,051-756-0081,,,,,,1,1,2,3,,,,Y,Y,Y,Y,Y,Y,13,Y,63,N1,6,N1,Y,,4,N1,17,,1,2,2,,14,3,4,,,1,1,2,11,,,1,1,,,,285,,,Y,N1,A1200007,9,,,,,,,,,,,,,,,,,,,,,,,,,,,,,,,,,,,,,,,,,,,,,,,,,,,,,,,,
2026-10-01 00:00:00,부산광역시,A1200028,(의)서일의료재단기장병원,20260930235457,051-723-0171,,,,,,,0,,,,,,Y,,Y,N1,N1,Y,8,N1,15,N1,,N1,Y,,2,N1,9,,,1,,,,,3,,,1,1,,1,,,,,,,,154,,,Y,N1,A1200028,10,,,,,,,,,,,,,,,,,,,,,,,,,,,,,,,,,,,,,,,,,,,,,,,,,,,,,,,,
2026-10-01 00:00:00,부산광역시,A1200015,동남권원자력의학원,20260930235504,051-720-5114,,,,,,0,,,,,,,Y,Y,Y,Y,Y,Y,8,Y,26,N1,1,N1,Y,,8,N1,9,,1,,,,12,,8,,,2,3,2,12,,,2,0,,,,245,,,Y,N1,A1200015,11,,,,,,,,,,,,,,,,,,,,,,,,,,,,,,,,,,,,,,,,,,,,,,,,,,,,,,,,
2026-10-01 00:00:00,부산광역시,A1200013,부산성모병원(재단법인 천주교부산교구유지재단),20260930235410,051-933-7114,Y,Y,,,5,1,,,,0,,,Y,,Y,N1,Y,Y,2,N1,58,N1,3,Y,Y,0,7,N1,10,5,1,,,10,18,,7,2,,1,1,,6,14,13,1,,,,,373,,,Y,Y,A1200013,12,,,,2,,,,,,2,,,,,,,,,,,,,,,,,,,,,,,,,,,,,,,,,2,3,,,,,,,,,,,,
2026-10-01 00:00:00,부산광역시,A1200026,좋은문화병원,20260930235451,051-644-2002,Y,Y,,,2,1,2,,,2,Y,,Y,,Y,N1,N1,Y,5,N1,47,N1,2,Y,Y,0,0,Y,7,2,1,2,,10,8,,9,2,8,2,2,,3,5,13,,,,,1,270,,,Y,Y,A1200026,13,,,,,,,,,,,,,,,,,,,,,,,,,,,,,,,,,,,,,,,,,,,,,,,,,,,,,,,,
2026-10-01 00:00:00,부산광역시,A1200017,의료법인정화의료재단 봉생기념병원,20260930235431,051-664-4000,,,,,,,2,,,0,,,Y,Y,Y,Y,Y,Y,8,N1,47,N1,,N1,Y,,8,N1,9,,,2,,,,,8,1,,1,2,2,11,,,4,,,,,335,,,Y,N1,A1200017,14,,0,0,,3,,10,10,,,31,,,,,,,,,,,,,,,,,,,,,,,,,,,,,,,,,,,,,,,,,,,,,
2026-10-01 00:00:00,부산광역시,A1200011,동래봉생병원,20260930235205,051-520-5500,,,,,,1,1,,,,,,Y,Y,Y,Y,Y,Y,6,N1,47,N1,0,N1,Y,,7,N1,8,,1,1,,,18,,7,,,1,2,2,11,,,1,,,,,241,,,Y,N1,A1200011,15,,,,2,,,,,,2,,,,,,,,,,,,,,,,,,,,,,,,,,,,,,,,,,,,,,,,,,,,,,
2026-10-01 00:00:00,부산광역시,A1200009,의료법인 광혜의료재단 광혜병원,20260930235353,051-503-2111,,,,,,2,1,,,0,,,Y,,Y,N1,N1,Y,7,N1,57,N1,3,N1,Y,,3,N1,9,,2,1,,,9,,3,1,,1,1,,4,,,,,,,,190,,,Y,N1,A1200009,16,,,,,,,,,,,,,,,,,,,,,,,,,,,,,,,,,,,,,,,,,,,,,,,,,,,,,,,,
2026-10-01 00:00:00,부산광역시,A1200019,학교법인)동의병원,20260930235500,051-867-5101,,,,,,,1,,,,,,Y,Y,Y,Y,Y,Y,10,Y,120,N1,9,N1,Y,,1,N1,14,,,1,,,23,,5,,,2,2,2,7,,,2,1,,,,448,,,Y,N1,A1200019,17,,,,,,,,,,,,,,,,,,,,,,,,,,,,,,,,,,,,,,,,,,,,,,,,,,,,,,,,
2026-10-01 00:00:00,부산광역시,A1200025,춘해보건대학교병원,20260930235234,051-638-8000,,,,,,,1,,,,,,Y,,Y,N1,N1,Y,8,N1,68,N1,,N1,Y,,4,N1,9,,,1,,,,,4,,,1,1,,3,,,,,,,,201,,,Y,N1,A1200025,18,,,,,,,,,,,,,,,,,,,,,,,,,,,,,,,,,,,,,,,,,,,,,,,,,,,,,,,,
2026-10-01 00:00:00,부산광역시,A1200045,구포성심병원,20260930235040,051-330-2001,,,,,,,0,,,,,,Y,Y,Y,Y,N1,Y,7,N1,39,N1,,N1,Y,,4,N1,9,,,1,,,,,4,,,1,1,1,4,,,,,,,,243,,,Y,N1,A1200045,19,,,,,,,,,,,,,,,,,,,,,,,,,,,,,,,,,,,,,,,,,,,,,,,,,,,,,,,,
2026-10-01 00:00:00,부산광역시,A1200006,의료법인 인당의료재단 부민병원,20260930235022,051-330-3000,,,,,,1,2,,,,,,Y,Y,Y,Y,Y,Y,15,N1,42,N1,3,N1,Y,,8,N1,17,,1,2,,,18,,8,,,2,3,1,7,,,1,,,,,366,,,Y,N1,A1200006,20,,,,0,,,,,,1,,,,,,,,,,,,,,,,,,,,,,,,,,,,,,,,,,,,,,,,,,,,,,
2026-10-01 00:00:00,부산광역시,A1200016,한국보훈복지의료공단 부산보훈병원,20260930235439,051-601-6000,,,,,,1,1,,,,,,Y,Y,Y,Y,N1,Y,11,N1,39,N1,1,N1,Y,,7,N1,11,,1,1,,,9,,7,,,2,3,2,11,,,,,,,,452,,,Y,N1,A1200016,21,,,,1,,,,,,1,,,,,,,,,,,,,,,,,,,,,,,,,,,,,,,,,,,,,,,,,,,,,,
2026-10-01 00:00:00,부산광역시,A1200021,삼육부산병원,20260930235328,051-242-9751,,Y,,,,1,,,,,Y,,Y,Y,Y,Y,Y,Y,2,Y,2,N1,1,Y,Y,,,N1,9,,1,,,,14,,,,1,2,1,1,9,,1,2,1,,,,302,,,Y,N1,A1200021,22,,,,0,,,,,,1,,,,,,,,,,,,,,,,,,,,,,,,,,,,,,,,,,,,,,,,,,,,,,
2026-10-01 00:00:00,부산광역시,A1200008,의료법인 은성의료재단 좋은강안병원,20260930235534,051-625-0900,,,,,,1,1,,,0,,,Y,Y,Y,Y,Y,Y,14,Y,72,N1,4,N1,Y,,11,N1,18,,1,2,,,30,,11,3,,4,3,3,12,,,5,1,,,,535,,,Y,N1,A1200008,23,,,,1,,,,,,2,,,,,,,,,,,,,,,,,,,,,,,,,,,,,,,,,,,,,,,,,,,,,,
2026-10-01 00:00:00,부산광역시,A1200098,의료법인 센텀의료재단 센텀종합병원,20260930235303,051-750-5000,,,,,,,1,,,,,,Y,Y,Y,Y,N1,Y,6,N1,22,N1,1,N1,Y,,9,N1,9,,,1,,,16,,9,,,2,2,1,11,,,,,,,,338,,,Y,N1,A1200098,24,,,,1,,,,,,1,,,,,,,,,,,,,,,,,,,,,,,,,,,,,,,,,,,,,,,,,,,,,,
2026-10-01 00:00:00,부산광역시,A1200024,부산광역시의료원,20260930235316,051-507-3000,,N,,,,1,1,,,2,N,,Y,Y,Y,Y,Y,Y,16,N1,75,N1,,N,Y,,7,N1,18,,1,1,,,,,7,7,1,1,1,2,19,,2,4,,,,,348,,,Y,N1,A1200024,25,,8,10,,7,,13,14,,,29,,,,,,,,,,,,,,,,,,,,,,,,,,,,,,,,,,,,,,,,,,,,,
2026-10-01 00:00:00,부산광역시,A1200012,의료법인 행도의료재단 해동병원,20260930235417,051-412-6161,,,,,,1,,,,0,,,Y,,Y,N1,Y,Y,5,N1,42,N1,2,N1,Y,,3,Y,6,,1,,,,9,,3,0,,1,1,,5,,,1,,,,12,256,,,Y,N1,A1200012,26,,,,,,,,,,,,,,,,,,,,,,,,,,,,,,,,,,,,,,,,,,,,,,,,,,,,,,,,
2026-10-01 00:00:00,부산광역시,A1200014,영도병원,20260930235325,051-414-8101,,,,,,1,1,,,,,,Y,,Y,N1,N1,Y,7,N1,24,N1,1,N1,Y,,3,N1,7,,1,1,,,10,,3,,,1,1,,7,,,,,,,,217,,,Y,N1,A1200014,27,,,,,,,,,,,,,,,,,,,,,,,,,,,,,,,,,,,,,,,,,,,,,,,,,,,,,,,,
2026-10-01 00:00:00,부산광역시,A1200023,재단법인천주교부산교구유지재단 메리놀병원,20260930235408,051-465-8801,,,,,,,1,,,,Y,,Y,Y,Y,Y,Y,Y,7,N1,87,N1,4,N1,Y,,8,N1,9,,,1,,,18,,8,,1,1,1,1,9,,,2,,,,,380,,,Y,N1,A1200023,28,,,,0,,,,,,1,,,,,,,,,,,,,,,,,,,,,,,,,,,,,,,,,,,,,,,,,,,,,,
2026-10-01 00:00:00,부산광역시,A1205143,의료법인 인당의료재단 해운대부민병원,20260930235022,051-602-8000,,,,,,1,,,,0,,,Y,Y,Y,Y,Y,Y,4,N1,10,N1,7,N1,Y,,8,Y,9,,1,,,,19,,8,3,,2,2,1,10,,,1,,,,1,360,,,Y,N1,A1205143,29,,,,0,,,,,,2,,,,,,,,,,,,,,,,,,,,,,,,,,,,,,,,,,,,,,,,,,,,,,
2026-10-01 00:00:00,대구광역시,A1300001,영남대학교병원,20260930235237,053-623-8001,Y,Y,0,,2,2,2,6,5,7,Y,,Y,Y,Y,Y,Y,Y,18,Y,99,Y,,Y,Y,0,23,Y,28,3,2,3,21,15,,30,23,7,2,4,4,4,75,5,11,8,5,5,,1,704,1,,Y,Y,A1300001,1,,0,5,2,10,,10,15,,13,20,,0,3,0,3,0,7,1,14,,,,,,,,,,,,,,,,,,,,,,,,,,,,,,,,,0,,0,
2026-10-01 00:00:00,대구광역시,A1300002,경북대학교병원,20260930235405,053-200-5114,Y,Y,,,4,,,4,14,2,Y,,Y,Y,Y,Y,Y,Y,4,Y,56,Y,,Y,Y,-1,17,N1,25,4,,,20,15,,44,17,5,2,5,5,5,82,8,11,11,9,5,,,565,,,Y,Y,A1300002,2,2,2,1,,8,0,7,4,20,,20,2,2,,3,,3,6,0,5,,,,,,,,,1,1,,,4,4,,,,,,,,,,,2,4,2,6,9,2,40,2,,,,
2026-10-01 00:00:00,대구광역시,A1300004,대구가톨릭대학교병원,20260930235404,053-650-3000,Y,Y,,,,1,2,,,1,Y,Y,Y,Y,Y,Y,Y,Y,8,Y,181,Y,0,Y,Y,0,19,N1,24,,1,3,,42,0,,19,9,2,3,3,5,58,20,32,8,3,4,1,,704,,,Y,Y,A1300004,3,,1,4,1,6,,15,25,,6,20,,,,,,,,5,16,,,,,,,,,,,,,,,,,,,,,,,,,,,,,,,,,,,,
2026-10-01 00:00:00,대구광역시,A1300003,계명대학교동산병원,20260930235509,053-1577-6622,Y,Y,1,,2,1,3,9,2,2,Y,Y,Y,Y,Y,Y,Y,Y,3,Y,127,Y,4,Y,Y,0,24,Y,25,3,2,3,9,43,10,20,24,16,6,6,5,7,56,13,37,9,4,14,1,2,769,1,,Y,Y,A1300003,4,,0,0,0,3,,11,13,,4,20,,,,,,,,1,15,,,,,,0,,,2,,7,,8,,,,,,,,,,,,,,,,,,,,,,,
2026-10-01 00:00:00,대구광역시,A1300009,대구파티마병원,20260930235500,053-1688-7770,Y,Y,,,5,2,5,1,3,,Y,,Y,Y,Y,Y,Y,Y,6,Y,152,Y,,Y,Y,1,17,N1,25,5,2,5,2,8,,4,17,,2,5,3,4,32,11,19,5,1,1,,,566,,,Y,Y,A1300009,5,,5,6,4,,,17,8,,9,,,,,,,,,2,12,,,,,,,,,,,,,,,,,,,,,,,,,,,,,,,,,,,,
2026-10-01 00:00:00,대구광역시,A1300010,칠곡경북대학교병원,20260930235405,053-200-2000,Y,Y,,,4,1,2,5,0,13,Y,,Y,Y,Y,Y,Y,Y,7,Y,140,Y,,Y,Y,-2,18,N1,23,7,1,3,6,39,,3,19,13,2,8,5,8,52,9,27,9,3,1,,,778,,,Y,Y,A1300010,6,,6,6,4,8,,8,14,,4,20,,,,,,,,,,1,1,,,,6,1,3,,,10,2,,,8,1,1,,,,,,,,,,,,,,,,,,,
2026-10-01 00:00:00,대구광역시,A1300034,드림종합병원,20260930235421,053-640-8800,,,,,,,1,,,,,,Y,Y,Y,Y,Y,Y,7,Y,34,N1,,N1,N,,3,N1,8,,,1,,,,,3,,,2,1,1,2,,,1,1,,,,159,,,Y,N1,A1300034,7,,,,,,,,,,,,,,,,,,,,,,,,,,,,,,,,,,,,,,,,,,,1,1,,,,,,,,,,,,
2026-10-01 00:00:00,대구광역시,A1300006,의료법인구의료재단구병원,20260930235449,053-560-9114,,,,,,,1,,,,,,Y,,Y,N1,N1,Y,7,N1,17,N1,3,N1,Y,,9,N1,10,,,1,,,18,,9,,,3,1,,3,,,,,,,,235,,,Y,N1,A1300006,8,,,,0,,,,,,1,,,,,,,,,,,,,,,,,,,,,,,,,,,,,,,,,,,,,,,,,,,,,,
2026-10-01 00:00:00,대구광역시,A1300110,더블유병원,20260930235352,053-550-5000,,,,,,,1,,,,,,Y,,Y,N1,N1,Y,8,N1,35,N1,,N1,N,,11,Y,10,,,1,,,,,12,,,1,3,,1,,,,,,,8,431,,,Y,N1,A1300110,9,,,,,,,,,,,,,,,,,,,,,,,,,,,,,,,,,,,,,,,,,,,,,,,,,,,,,,,,
2026-10-01 00:00:00,대구광역시,A1300011,한국보훈복지의료공단대구보훈병원,20260930235135,053-630-7000,,,,,,1,1,,,1,,,Y,Y,Y,Y,N1,Y,9,N1,94,N1,6,N1,Y,,6,N1,12,,1,1,,,13,,6,1,,1,3,2,9,,,,,,,,406,,,Y,N1,A1300011,10,,,,1,,,,,,1,,,,,,,,,,,,,,,,,,,,,,,,,,,,,,,,,,,,,,,,,,,,,,
2026-10-01 00:00:00,대구광역시,A1300045,삼일병원,20260930235438,053-659-3100,,,,,,1,,,,,,,Y,Y,Y,Y,N1,Y,12,N1,63,N1,,N1,N,,4,N1,14,,1,,,,,,4,,,3,2,1,3,,,,,,,,299,,,Y,N1,A1300045,11,,,,,,,,,,,,,,,,,,,,,,,,,,,,,,,,,,,,,,,,,,,,,,,,,,,,,,,,
2026-10-01 00:00:00,대구광역시,A1300038,나사렛종합병원,20260930235451,053-643-1400,,,,,,,1,,,,,,Y,Y,Y,Y,Y,Y,5,N1,57,N1,8,N1,Y,,5,N1,9,,,1,,,28,,5,,,2,2,2,5,,,1,,,,,231,,,Y,N1,A1300038,12,,,,1,,,,,,1,,,1,,9,,,,,,,,,,,,,,,,,,,,,,,,,,,,,,,,,,,,,,,,,
2026-10-01 00:00:00,대구광역시,A1300018,강남종합병원,20260930235143,053-980-9000,,,,,,1,,,,1,,,Y,,Y,N1,N1,Y,10,N1,47,N1,,N1,Y,,5,N1,10,,1,,,,,,5,1,,2,2,,2,,,,,,,,206,,,Y,N1,A1300018,13,,,,,,,,,,,,,,,,,,,,,,,,,,,,,,,,,,,,,,,,,,,,,,,,,,,,,,,,
2026-10-01 00:00:00,대구광역시,A1300005,대구가톨릭대학교칠곡가톨릭병원,20260930235232,053-320-2500,,,,,,,1,,,,,,Y,,Y,N1,N1,Y,6,N1,51,N1,,N1,Y,,3,N1,9,,,1,,,,,3,,,2,2,,1,,,,,,,,161,,,Y,N1,A1300005,14,,,,,,,,,,,,,,,,,,,,,,,,,,,,,,,,,,,,,,,,,,,,,,,,,,,,,,,,
2026-10-01 00:00:00,대구광역시,A1300076,대구굿모닝병원,20260930235444,053-620-9100,,,,,,1,1,,,,,,Y,Y,Y,Y,N1,Y,13,N1,48,N1,4,N1,Y,,4,N1,17,,1,1,,,26,,4,,,2,4,2,13,,,,,,,,226,,,Y,N1,A1300076,15,,,,0,,,,,,1,,,,,,,,,,,,,,,,,,,,,,,,,,,,,,,,,,,,,,,,,,,,,,
2026-10-01 00:00:00,대구광역시,A1300007,대구의료원,20260930235501,053-560-7575,,Y,,,,1,1,,,3,Y,,Y,,Y,N1,N1,Y,17,N1,46,N1,7,Y,Y,,4,N1,18,,1,1,,,18,,4,3,1,1,1,,13,,4,,,,,,254,,,Y,N1,A1300007,16,,,,0,6,,,,,1,82,,,,,,,,,,,,,,,,,,,,,,,,,,,,,,,,,,,,,,,,,,,,,
2026-10-01 00:00:00,대구광역시,A1300081,(재)미리내천주성삼성직수도회천주성삼병원,20260930235502,053-790-1000,,,,,,,1,,,,,,Y,,Y,N1,N1,Y,5,N1,46,N1,,N1,Y,,4,N1,9,,,1,,,,,4,,,1,2,,4,,,,,,,,294,,,Y,N1,A1300081,17,,,,,,,,,,,,,,,,,,,,,,,,,,,,,,,,,,,,,,,,,,,,,,,,,,,,,,,,
2026-10-01 00:00:00,대구광역시,A1300008,곽병원,20260930235508,053-252-2401,,,,,,,2,,,,,,Y,,Y,N1,N1,Y,5,N1,29,N1,,N1,Y,,4,N1,10,,,2,,,,,4,,,1,1,,2,,,,,,,,221,,,Y,N1,A1300008,18,,,,,,,,,,,,,,,,,,,,,,,,,,,,,,,,,,,,,,,,,,,,,,,,,,,,,,,,
2026-10-01 00:00:00,대구광역시,A1303386,계명대학교대구동산병원,20260930235511,053-250-8114,,,,,,1,1,,,,N,,Y,Y,Y,Y,Y,Y,10,N1,48,N,3,N1,Y,,3,N1,12,,1,1,,,7,,3,,0,2,1,1,6,,,6,,0,,,196,,,Y,N1,A1303386,19,,,,0,,,,,,5,,,,,,,,,,,,,,,,,,,,,,,,,,,,,,,,,,,,,,,,,,,,,,
2026-10-01 00:00:00,대전광역시,A1600006,학교법인건양교육재단건양대학교병원,20260930235003,042-600-9999,Y,Y,1,0,4,2,2,5,5,1,Y,,Y,Y,Y,Y,Y,Y,11,Y,258,Y,20,Y,Y,1,19,Y,24,5,2,3,16,24,52,28,20,1,2,4,4,4,46,17,23,10,3,1,,1,658,1,0,Y,Y,A1600006,1,,,,6,13,,,,,7,20,,0,1,0,3,,,,,,,0,0,,,,,,,,,,,,,,0,0,,4,4,,,,,,,,,,,0,0,0,0
2026-10-01 00:00:00,대전광역시,A1600001,충남대학교병원,20260930235301,1599-7123,Y,Y,,,5,2,3,4,7,6,Y,,Y,Y,Y,Y,Y,Y,10,Y,101,Y,2,Y,Y,7,21,N1,28,6,2,3,20,34,12,30,21,14,5,5,4,5,76,12,36,6,8,2,,,966,,,Y,Y,A1600001,2,0,4,4,7,13,,16,14,,8,26,0,0,,0,,1,10,,,,,,,,1,,,,,5,,,,,,,,,,,,0,0,,,,,,,,,,,,
2026-10-01 00:00:00,대전광역시,A1600002,학교법인을지학원대전을지대학교병원,20260930235500,042-611-3000,Y,Y,,0,,2,1,0,4,,Y,,Y,Y,Y,Y,Y,Y,14,Y,103,Y,,Y,Y,17,14,N1,21,,2,1,2,20,,4,15,,16,4,2,4,70,12,47,7,3,3,,,326,,30,Y,Y,A1600002,3,,3,0,0,10,7,19,19,20,11,20,,,,,,0,5,,,,,0,0,0,,,,,,,,,,,,,0,0,0,,,3,3,2,3,2,6,2,2,40,2,,0,,0
2026-10-01 00:00:00,대전광역시,A1600007,의료법인영훈의료재단유성선병원,20260930235506,042-609-1000,,,,,,2,1,0,0,1,Y,,Y,Y,Y,Y,Y,Y,16,Y,35,N1,6,N1,Y,,7,Y,17,,2,1,2,,17,4,7,1,1,3,3,2,17,,,2,1,,,1,364,,,Y,N1,A1600007,4,,,,1,,,,,,1,,,,,,,,,,,,,,,,,,,,,,,,,,,,,,,,,,,,,,,,,,,,,,
2026-10-01 00:00:00,대전광역시,A1600005,학교법인가톨릭학원가톨릭대학교대전성모병원,20260930235509,042-220-9114,Y,Y,,,,3,,,,3,Y,,Y,Y,Y,Y,Y,Y,8,Y,116,N1,,Y,Y,4,12,N1,19,,3,,,4,,,12,4,1,3,2,4,24,4,8,7,2,,,,537,,,Y,Y,A1600005,5,,1,2,0,,,15,3,,1,,,,,,,1,3,1,9,,,,,,,,,0,0,,,3,2,,,,,,,,,,,,,,,,,,,,,,
2026-10-01 00:00:00,대전광역시,A1600008,의료법인영훈의료재단대전선병원,20260930235414,042-220-8114,,,,,,1,3,1,0,0,Y,,Y,Y,Y,Y,Y,Y,15,N1,24,N1,2,N1,Y,,7,N1,17,,1,3,2,,30,3,7,1,1,2,2,2,11,,,3,,,,,308,,,Y,N1,A1600008,6,,,,1,,,,,,1,,,,,,,,,,,,,,,,,,,,,,,,,,,,,,,,,,,,,,,,,,,,,,
2026-10-01 00:00:00,대전광역시,A1600004,대전보훈병원,20260930235328,042-939-0111,,,,,,1,1,,,0,,,Y,Y,Y,Y,N1,Y,7,N1,55,N1,7,N1,Y,,5,N1,7,,1,1,,,10,,5,1,,1,3,1,12,,,,,,,,316,,,Y,N1,A1600004,7,,,,1,,,,,,1,,,,,,,,,,,,,,,,,,,,,,,,,,,,,,,,,,,,,,,,,,,,,,
2026-10-01 00:00:00,대전광역시,A1600003,대전한국병원,20260930235508,042-606-1000,,Y,,,,1,,,,,Y,,Y,Y,Y,Y,Y,Y,7,N1,55,N1,5,Y,Y,,4,N1,9,,1,,,,12,,5,,1,2,2,2,6,,1,1,,,,,241,,,Y,N1,A1600003,8,,,,,,,,,,,,,,,,,,,,,,,,,,,,,,,,,,,,,,,,,,,,,,,,,,,,,,,,
2026-10-01 00:00:00,대전광역시,A1602246,대청병원,20260930235502,1899-6075,,,,,,,1,,,,,,Y,,Y,N1,Y,Y,9,N1,106,N1,0,N1,Y,,3,N1,9,,,1,,,17,,3,,,2,1,,10,,,1,,,,,245,,,Y,N1,A1602246,9,,,,,,,,,,,,,,,,,,,,,,,,,,,,,,,,,,,,,,,,,,,,,,,,,,,,,,,,
2026-10-01 00:00:00,울산광역시,A1700004,학교법인울산공업학원울산대학교병원,20260930235423,052-250-7000,Y,Y,,,5,0,0,5,9,0,Y,,Y,Y,Y,Y,Y,Y,8,Y,42,Y,3,Y,Y,8,20,N1,21,8,0,0,12,26,8,36,20,0,5,7,5,6,83,14,27,17,8,4,,,725,,,Y,Y,A1700004,1,3,5,6,4,10,10,13,16,20,8,20,3,3,2,3,8,0,6,,,,,,4,5,,,,,1,,,,2,,,,,4,5,,,,,2,5,2,6,10,2,42,2,,,,
2026-10-01 00:00:00,울산광역시,A1700028,의료법인정안의료재단중앙병원,20260930235410,052-226-1100,,,,,,1,1,0,2,0,,,Y,Y,Y,Y,Y,Y,10,N1,31,N1,1,N1,Y,,8,N1,17,,1,2,2,,18,4,8,1,,2,2,2,7,,,2,,,,,335,,,Y,N1,A1700028,2,,,,0,,,,,,2,,,,,,,,,,,,,,,,,,,,,,,,,,,,,,,,,,,,,,,,,,,,,,
2026-10-01 00:00:00,울산광역시,A1700003,울산병원,20260930235508,052-259-5000,,,,,,1,2,2,3,,,,Y,Y,Y,Y,Y,Y,16,Y,27,Y,5,N1,Y,,4,Y,19,,1,2,2,,17,3,4,,,2,2,3,12,,,4,1,2,,2,352,,,Y,N1,A1700003,3,,,,0,,,,,,1,,,,,,,,,,,,,,,,,,,,,,,,,,,,,,,,,,,,,,,,,,,,,,
2026-10-01 00:00:00,울산광역시,A1700025,의료법인송은의료재단울산시티병원,20260930235505,052-280-9000,,,,,,1,2,0,1,,,,Y,Y,Y,Y,Y,Y,15,N1,15,N1,2,N1,Y,,8,N1,17,,1,2,2,,24,3,8,,,2,2,2,17,,,4,,,,,347,,,Y,N1,A1700025,4,,,,1,,,,,,3,,,,,,,,,,,,,,,,,,,,,,,,,,,,,,,,,,,,,,,,,,,,,,
2026-10-01 00:00:00,울산광역시,A1700002,의료법인동강의료재단동강병원,20260930235444,052-241-1114,,,,,,1,2,0,1,0,,Y,Y,Y,Y,Y,Y,Y,17,Y,63,N1,,N1,Y,,8,N1,24,,1,2,2,,,3,8,2,,3,2,4,25,,,7,5,,1,,513,,,Y,N1,A1700002,5,,4,0,0,,,14,9,,1,,,,,,,2,13,,,,,,,,,,,,,,,,,,,,,,,,,,,,,,,,,,,,,,
2026-10-01 00:00:00,울산광역시,A1700011,의료법인은성의료재단좋은삼정병원,20260930235033,052-220-7500,,,,,,,1,,,0,,,Y,Y,Y,Y,Y,Y,9,N1,41,N1,4,N1,Y,,7,N1,9,,,1,,,14,,7,1,,2,2,1,8,,,1,,,,,283,,,Y,N1,A1700011,6,,,,0,,,,,,1,,,,,,,,,,,,,,,,,,,,,,,,,,,,,,,,,,,,,,,,,,,,,,
2026-10-01 00:00:00,울산광역시,A1700001,서울산보람병원,20260930235439,052-255-7114,,,,,,,1,,,,,,Y,,Y,N1,N1,Y,8,N1,84,N1,,N1,Y,,3,N1,10,,,1,,,,,3,,,1,1,,1,,,,,,,,213,,,Y,N1,A1700001,7,,,,,,,,,,,,,,,,,,,,,,,,,,,,,,,,,,,,,,,,,,,,,,,,,,,,,,,,
2026-10-01 00:00:00,세종특별자치시,A1800441,세종충남대학교병원,20260930235301,1800-3114,Y,Y,,,0,1,2,,,4,Y,,Y,Y,Y,Y,Y,Y,11,Y,50,Y,4,Y,Y,-2,7,N1,17,0,1,2,,19,11,,8,4,3,2,2,3,35,8,21,7,3,2,,,299,,,Y,Y,A1800441,1,,,,0,,,,,,2,,,,,,,,,,,0,0,,,,,1,5,,,,2,,,6,0,0,,,,,,,,,,,,,,,,,,,
2026-10-01 00:00:00,세종특별자치시,A1800417,의료법인 영제 의료재단 엔케이세종병원,20260930235446,044-850-7700,,,,,,,1,,,,,,Y,,Y,N1,N1,Y,8,N1,125,N1,,N1,Y,,3,N1,10,,,1,,,,,3,,,1,1,,1,,,,,,,,200,,,Y,N1,A1800417,2,,,,,,,,,,,,,,,,,,,,,,,,,,,,,,,,,,,,,,,,,,,,,,,,,,,,,,,,
2026-10-01 00:00:00,전남광주통합특별시,A1500002,전남대학교병원,20260930235500,1899-0000,Y,Y,,,3,,,4,5,5,Y,,Y,Y,Y,Y,Y,Y,15,Y,179,Y,2,Y,Y,1,20,Y,26,4,,,18,33,8,30,20,7,8,5,4,8,78,24,30,20,13,6,,1,803,,,Y,Y,A1500002,1,2,3,3,,11,8,11,12,20,,32,2,1,0,5,2,3,13,8,15,,,,,,0,,,2,,8,,9,,,,,,,,,,,,2,3,2,6,6,2,40,2,,,,
2026-10-01 00:00:00,전남광주통합특별시,A1500001,조선대학교병원,20260930235605,1811-7474,Y,Y,,,4,0,0,8,2,4,Y,Y,Y,Y,Y,Y,Y,Y,18,Y,97,Y,,Y,Y,8,15,Y,23,4,0,0,20,20,,28,15,5,3,5,3,3,65,11,15,24,5,1,1,1,568,,,Y,Y,A1500001,2,2,2,3,0,10,,16,19,,2,20,2,3,0,3,2,,,2,19,,,,,,,,,,,,,,,,,,,,,,,,,,,,,,,,,1,,2,
2026-10-01 00:00:00,전남광주통합특별시,A2600011,목포한국병원,20260930235335,061-270-5500,Y,Y,,,3,2,3,1,5,0,Y,,Y,Y,Y,Y,Y,Y,6,Y,92,Y,3,Y,Y,,6,Y,16,3,2,3,20,,27,42,6,2,1,4,2,3,48,1,1,14,2,3,,1,418,,,Y,Y,A2600011,3,,,,0,,2,,,20,1,,,,0,,1,,,,,,,,,,,,,,,,,,,,,,,,,,,,,2,6,2,6,14,2,40,2,,,,
2026-10-01 00:00:00,전남광주통합특별시,A2600019,성가롤로병원,20260930235035,061-720-2000,N,Y,,,3,2,3,0,20,5,Y,,Y,Y,Y,Y,Y,Y,4,Y,62,Y,,Y,Y,,8,Y,18,4,2,3,25,,,30,9,31,1,4,4,4,27,1,3,8,1,2,,3,481,,,Y,N,A2600019,4,,0,2,0,,,7,11,,1,,,,0,,4,1,8,,,,,,,,,,,,,,,,,,,,,,,,,,,,,,,,,,,,,,
2026-10-01 00:00:00,전남광주통합특별시,A1500019,KS병원,20260930235049,062-975-9000,,,,,3,1,2,0,1,,,,Y,Y,Y,Y,Y,Y,13,N1,31,Y,4,N1,Y,,4,N1,15,7,1,2,2,,12,3,4,,,2,2,1,5,,,1,,1,,,267,,,Y,N1,A1500019,5,,3,,,,,9,,,,,,,,,,,,,,,,,,,,,,,,,,,,,,,,,,,,0,0,,,,,,,,,,,,
2026-10-01 00:00:00,전남광주통합특별시,A1500011,첨단종합병원,20260930235426,062-601-8000,,,,,,1,2,2,2,1,,,Y,Y,Y,Y,Y,Y,18,N1,108,N1,7,N1,Y,,5,N1,22,,1,2,2,,21,3,5,1,,2,2,1,11,,,1,,,,,409,,,Y,N1,A1500011,6,,,,1,11,,,,,1,49,,,,,,,,,,,,,,,,,,,,,,,,,,,,,,,,,,,,,,,,,,,,,
2026-10-01 00:00:00,전남광주통합특별시,A1500021,광주기독병원,20260930235013,062-650-5000,,,,,,0,1,,,,N,,Y,Y,Y,Y,Y,Y,16,N1,41,N1,,N1,Y,3,9,N1,20,,1,2,,3,,,9,,0,2,2,2,11,,,2,,,,,514,,,Y,N1,A1500021,7,,0,0,1,,,16,9,,3,,,,,,,,,,,,,,,,,,,,,,,,,,,,,,,,,,,,,,,,,,,,,,
2026-10-01 00:00:00,전남광주통합특별시,A2600017,의료법인목포구암의료재단목포중앙병원,20260930235559,061-280-3000,,,,,,2,1,,,,,,Y,Y,Y,Y,Y,Y,13,N1,61,Y,7,N1,Y,,4,N1,16,,2,2,,,16,,4,,,2,1,2,10,,,1,,1,,,275,,,Y,N1,A2600017,8,,,,2,6,,,,,2,49,,,,,,,,,,,,,,,,,,,,,,,,,,,,,,,,,,,,,,,,,,,,,
2026-10-01 00:00:00,전남광주통합특별시,A1500020,서광병원,20260930235430,062-600-8000,,,,,2,2,1,1,1,1,N,,Y,N,Y,N,Y,Y,17,N1,70,N1,5,N1,Y,,-1,N1,18,2,2,1,2,,17,3,2,1,0,1,1,0,1,,,1,,,,,176,,,Y,N1,A1500020,9,,,,0,,,,,,1,,,,,,,,,,,,,,,,,,,,,,,,,,,,,,,,,,,,,,,,,,,,,,
2026-10-01 00:00:00,전남광주통합특별시,A2600014,여천전남병원,20260930235106,061690-6000,,,,,,1,2,,,,,,Y,Y,Y,Y,Y,Y,14,N1,117,N1,4,N1,Y,,5,N1,17,,1,2,,,14,,5,,,2,2,1,6,,,1,,,,,299,,,Y,N1,A2600014,10,,,,,,,,,,,,,,,,,,,,,,,,,,,,,,,,,,,,,,,,,,,,,,,,,,,,,,,,
2026-10-01 00:00:00,전남광주통합특별시,A2600001,화순전남대학교병원,20260930235500,061-379-7120,,Y,,,1,,2,0,1,5,,,Y,Y,Y,Y,Y,Y,14,Y,8,N1,,Y,Y,1,14,N1,16,1,,2,2,1,,4,14,5,,5,4,2,31,,1,7,1,,,,546,,,Y,N1,A2600001,11,1,3,7,1,,,8,12,,2,,1,4,,4,,,,,,,,,,,,,,,,,,,,,,,,,,,,,,,,,,,,,,,,,
2026-10-01 00:00:00,전남광주통합특별시,A2600050,전라남도강진의료원,20260930235001,061-433-2167,,Y,,,,,1,,,,Y,,Y,,Y,N1,N1,Y,6,N1,62,N1,,Y,Y,,3,N1,9,,,1,,,,,3,,1,1,1,,2,,2,,,,,,171,,,Y,N1,A2600050,12,,,,,,,,,,,,,,,,,,,,,,,,,,,,,,,,,,,,,,,,,,,,,,,,,,,,,,,,
2026-10-01 00:00:00,전남광주통합특별시,A2600018,의료법인영성의료재단고흥종합병원,20260930235323,061-832-1911,Y,Y,,,,,,,,,Y,,Y,,Y,N1,N1,Y,10,N1,168,N1,1,Y,Y,,2,N1,10,,,,,,12,,2,,1,1,1,,4,1,1,,,,,,271,,,Y,Y,A2600018,13,,,,,,,,,,,,,,,,,,,,,,,,,,,,,,,,,,,,,,,,,,,,,,,,,,,,,,,,
2026-10-01 00:00:00,전남광주통합특별시,A2600068,의료법인장호의료재단녹동현대병원,20260930234703,061-840-1200,,,,,,,2,,,,,,Y,,Y,N1,N1,Y,2,N1,37,N1,,N1,Y,,2,N1,3,,,2,,,,,2,,,1,1,,3,,,,,,,,118,,,Y,N1,A2600068,14,,,,,,,,,,,,,,,,,,,,,,,,,,,,,,,,,,,,,,,,,,,,,,,,,,,,,,,,
2026-10-01 00:00:00,전남광주통합특별시,A2600029,곡성사랑병원,20260930235415,061-360-6000,,,,,,,1,,,,,,Y,,Y,N1,N1,Y,4,N1,11,N1,,N1,N1,,1,N1,5,,,1,,,,,1,,,1,,,1,,,,,,,,46,,,Y,N1,A2600029,15,,,,,13,,,,,,45,,,,,,,,,,,,,,,,,,,,,,,,,,,,,,,,,,,,,,,,,,,,,
2026-10-01 00:00:00,전남광주통합특별시,A1500006,신가병원,20260930235317,062-610-8702,,,,,,,1,,,,,,Y,,Y,N1,N1,Y,8,N1,46,N1,,N1,Y,,3,N1,9,,,1,,,,,3,,,1,1,,1,,,,,,,,201,,,Y,N1,A1500006,16,,,,,,,,,,,,,,,,,,,,,,,,,,,,,,,,,,,,,,,,,,,1,1,,,,,,,,,,,,
2026-10-01 00:00:00,전남광주통합특별시,A1502007,광주센트럴병원,20260930235530,062-950-9700,,,,,,,1,,,,,,Y,,Y,N1,N1,Y,10,N1,48,N1,,N1,Y,,3,N1,10,,,1,,,,,3,,,1,1,,1,,,,,,,,299,,,Y,N1,A1502007,17,,,,,,,,,,,,,,,,,,,,,,,,,,,,,,,,,,,,,,,,,,,,,,,,,,,,,,,,
2026-10-01 00:00:00,전남광주통합특별시,A1500017,하남성심병원,20260930235458,062-953-6000,,,,,,,1,,,,,,Y,,Y,N1,N1,Y,18,N1,46,N1,4,N1,Y,,5,N1,19,,,1,,,10,,5,,,1,1,,4,,,,,,,,261,,,Y,N1,A1500017,18,,,,,,,,,,,,,,,,,,,,,,,,,,,,,,,,,,,,,,,,,,,,,,,,,,,,,,,,
2026-10-01 00:00:00,전남광주통합특별시,A1500018,광주수완병원,20260930235339,062-958-1111,,,,,,,0,,,,,,Y,,Y,N1,N1,Y,9,N1,52,N1,,N1,Y,,3,N1,9,,,1,,,,,3,,,1,1,,2,,,,,,,,177,,,Y,N1,A1500018,19,,,,,,,,,,,,,,,,,,,,,,,,,,,,,,,,,,,,,,,,,,,,,,,,,,,,,,,,
2026-10-01 00:00:00,전남광주통합특별시,A1500004,광주보훈병원,20260930235456,062-602-6021,,,,30,,1,1,,,1,,,Y,Y,Y,Y,Y,Y,12,N1,93,N1,15,N1,Y,,7,N1,14,,1,1,,,25,,7,2,,2,3,2,11,,,2,,,,,512,,30,Y,N1,A1500004,20,,,,1,,,,,,1,,,,,,,,,,,,,,,,,,,,,,,,,,,,,,,,,,,,,,,,,,,,,,
2026-10-01 00:00:00,전남광주통합특별시,A2600006,광양사랑병원,20260930235511,061797-7000,,,,,,,1,,,,,,Y,,Y,N1,Y,Y,8,N1,59,N1,4,N1,Y,,0,N1,9,,,1,,,9,,3,,,1,1,,4,,,1,,,,,149,,,Y,N1,A2600006,21,,,,,,,,,,,,,,,,,,,,,,,,,,,,,,,,,,,,,,,,,,,,,,,,,,,,,,,,
2026-10-01 00:00:00,전남광주통합특별시,A2600024,의료법인현경의료재단광양서울병원,20260930235447,061-798-9800,,,,,,,1,,,,,,Y,,Y,N1,Y,Y,8,N1,58,N1,,N1,Y,,3,N1,9,,,1,,,,,3,,,1,1,,3,,,1,,,,,208,,,Y,N1,A2600024,22,,,,,,,,,,,,,,,,,,,,,,,,,,,,,,,,,,,,,,,,,,,,,,,,,,,,,,,,
2026-10-01 00:00:00,전남광주통합특별시,A2600061,구례병원,20260930235442,061780-3300,,,,,,,0,,,,,,Y,,Y,N1,N1,Y,10,N1,34,N1,,N1,N1,,1,N1,10,,,0,,,,,1,,,1,,,1,,,,,,,,97,,,Y,N1,A2600061,23,,,,,,,,,,,,,,,,,,,,,,,,,,,,,,,,,,,,,,,,,,,,,,,,,,,,,,,,
2026-10-01 00:00:00,전남광주통합특별시,A2600016,나주종합병원,20260930235456,061-330-6114,,,,,,,,,,,,,Y,,Y,N1,N1,Y,6,N1,50,N1,,N1,Y,,3,N1,10,,,,,,,,3,,,1,1,,2,,,,,,,,178,,,Y,N1,A2600016,24,,,,,,,,,,,,,,,,,,,,,,,,,,,,,,,,,,,,,,,,,,,,,,,,,,,,,,,,
2026-10-01 00:00:00,전남광주통합특별시,A2602211,빛가람종합병원,20260930235442,061-820-0820,,,,,,,1,,,,,,Y,,Y,N1,N1,Y,7,N1,15,N1,,N1,Y,,4,N1,9,,,1,,,,,4,,,1,1,,2,,,,,,,,192,,,Y,N1,A2602211,25,,,,,,,,,,,,,,,,,,,,,,,,,,,,,,,,,,,,,,,,,,,,,,,,,,,,,,,,
2026-10-01 00:00:00,전남광주통합특별시,A1500013,동아병원,20260930235520,062-650-2500,,,,,,,1,,,,,,Y,,Y,N1,N1,Y,7,N1,66,N1,,N1,Y,,6,N1,9,,,1,,,,,6,,,1,2,,1,,,,,,,,276,,,Y,N1,A1500013,26,,,,,,,,,,,,,,,,,,,,,,,,,,,,,,,,,,,,,,,,,,,,,,,,,,,,,,,,
2026-10-01 00:00:00,전남광주통합특별시,A1500009,광주씨티병원,20260930235530,062-604-7000,,,,,,,1,,,,,,Y,,Y,N1,N1,Y,8,N1,36,N1,,N1,Y,,4,N1,10,,,1,,,,,4,,,1,1,,1,,,,,,,,173,,,Y,N1,A1500009,27,,,,,,,,,,,,,,,,,,,,,,,,,,,,,,,,,,,,,,,,,,,,,,,,,,,,,,,,
2026-10-01 00:00:00,전남광주통합특별시,A2600054,담양사랑병원,20260930235522,061-380-9000,,,,,,,2,,,,,,Y,,Y,N1,N1,Y,6,N1,45,N1,,N1,N1,,2,N1,6,,,2,,,,,2,,,1,,,1,,,,,,,,86,,,Y,N1,A2600054,28,,,,,,,,,,,,,,,,,,,,,,,,,,,,,,,,,,,,,,,,,,,,,,,,,,,,,,,,
2026-10-01 00:00:00,전남광주통합특별시,A2600020,목포기독병원,20260930235432,061-280-7500,,,,,,,1,,,,,,Y,,Y,N1,Y,Y,10,N1,78,N1,12,N1,Y,,4,N1,17,,,1,,,14,,4,,,1,2,,9,,,1,,,,,340,,,Y,N1,A2600020,29,,,,2,,,,,,3,,,,,,,,,,,,,,,,,,,,,,,,,,,,,,,,,2,2,,,,,,,,,,,,
2026-10-01 00:00:00,전남광주통합특별시,A2600022,목포시의료원,20260930235501,061-260-6500,,,,,,,1,,1,,,,Y,,Y,N1,N1,Y,9,N1,69,N1,,N1,Y,,3,N1,9,,,1,,,,1,3,,,1,1,,1,,,,,,,,253,,,Y,N1,A2600022,30,,,,,4,,,,,,45,,,,,,,,,,,,,,,,,,,,,,,,,,,,,,,,,,,,,,,,,,,,,
2026-10-01 00:00:00,전남광주통합특별시,A2600003,대송의료재단무안병원,20260930235443,061-450-3000,,,,,,,1,,,,,,Y,,Y,N1,Y,Y,2,N1,54,N1,0,N1,Y,,2,N1,4,,,1,,,13,,2,,,1,1,,1,,,1,,,,,173,,,Y,N1,A2600003,31,,,,,11,,,,,,105,,,,,,,,,,,,,,,,,,,,,,,,,,,,,,,,,,,,,,,,,,,,,
2026-10-01 00:00:00,전남광주통합특별시,A2600052,보성아산병원,20260930235000,061-850-3410,,,,,,,1,,,,,,Y,,Y,N1,N1,Y,8,N1,58,N1,,N1,N1,,2,N1,8,,,1,,,,,2,,,1,,,2,,,,,,,,100,,,Y,N1,A2600052,32,,,,,,,,,,,,,,,,,,,,,,,,,,,,,,,,,,,,,,,,,,,,,,,,,,,,,,,,
2026-10-01 00:00:00,전남광주통합특별시,A2600066,의료법인삼호의료재단벌교삼호병원,20260930234610,061-859-5000,,,,,,,1,,,,,,Y,,Y,N1,N1,Y,6,N1,34,N1,,N1,N1,,1,N1,6,,,1,,,,,1,,,1,,,1,,,,,,,,80,,,Y,N1,A2600066,33,,,,,72,,,,,,261,,,,,,,,,,,,,,,,,,,,,,,,,,,,,,,,,,,,,,,,,,,,,
2026-10-01 00:00:00,전남광주통합특별시,A1500015,광주병원,20260930234846,062-260-7000,,,,,,,1,,,,,,Y,Y,Y,Y,N1,Y,5,N1,22,N1,0,N1,Y,,4,N1,10,,,1,,,13,,4,,,1,1,1,1,,,,,,,,278,,,Y,N1,A1500015,34,,,,,,,,,,,,,,,,,,,,,,,,,,,,,,,,,,,,,,,,,,,,,,,,,,,,,,,,
2026-10-01 00:00:00,전남광주통합특별시,A1500010,운암한국병원,20260930235128,062-608-8000,,,,,,,1,,,,,,N,,Y,N1,N1,N,4,N1,33,N1,,N1,N,,3,N1,9,,,1,,,,,3,,,1,1,,1,,,,,,,,208,,,Y,N1,A1500010,35,,,,,,,,,,,,,,,,,,,,,,,,,,,,,,,,,,,,,,,,,,,,,,,,,,,,,,,,
2026-10-01 00:00:00,전남광주통합특별시,A1500003,광주현대병원,20260930235207,062-570-0114,,,,,,,1,,,,,,Y,,Y,N1,N1,Y,1,N1,43,N1,,N1,Y,,5,N1,9,,,1,,,,,5,,,1,2,,1,,,,,,,,236,,,Y,N1,A1500003,36,,,,,,,,,,,,,,,,,,,,,,,,,,,,,,,,,,,,,,,,,,,1,1,,,,,,,,,,,,
2026-10-01 00:00:00,전남광주통합특별시,A1500005,광주일곡병원,20260930235119,062-608-7013,,,,,,,1,,,,,,Y,,Y,N1,N1,Y,9,N1,35,N1,,N1,Y,,2,N1,9,,,1,,,,,2,,,1,1,,1,,,,,,,,144,,,Y,N1,A1500005,37,,,,,,,,,,,,,,,,,,,,,,,,,,,,,,,,,,,,,,,,,,,,,,,,,,,,,,,,
2026-10-01 00:00:00,전남광주통합특별시,A1500007,광주희망병원,20260930235039,062-608-6000,,,,,,,1,,,,,,,,Y,N1,N1,N1,7,N1,70,N1,6,N1,N1,,3,N1,9,,,1,,,8,,3,,,,,,,,,,,,,,182,,,N1,N1,A1500007,38,,,,1,,,,,,1,,,,,,,,,,,,,,,,,,,,,,,,,,,,,,,,,,,,,,,,,,,,,,
2026-10-01 00:00:00,전남광주통합특별시,A1500022,상무병원,20260930235510,062-600-7000,,,,,,,1,,,,,,Y,,Y,N1,N1,Y,8,N1,59,N1,,N1,Y,,3,N1,9,,,1,,,,,3,,,1,1,,1,,,,,,,,202,,,Y,N1,A1500022,39,,,,,,,,,,,,,,,,,,,,,,,,,,,,,,,,,,,,,,,,,,,,,,,,,,,,,,,,
2026-10-01 00:00:00,전남광주통합특별시,A1500016,광주한국병원,20260930235239,062-380-3000,,,,,,,1,,,,,,Y,,Y,N1,N1,Y,9,N1,82,N1,,N1,Y,,4,N1,15,,,1,,,,,4,,,1,1,,1,,,,,,,,259,,,Y,N1,A1500016,40,,,,,,,,,,,,,,,,,,,,,,,,,,,,,,,,,,,,,,,,,,,,,,,,,,,,,,,,
2026-10-01 00:00:00,전남광주통합특별시,A1500014,미래로21병원,20260930235206,062-450-1000,,,,,,,1,,,,,,Y,Y,Y,Y,Y,Y,3,N1,49,N1,4,N1,Y,,3,N1,9,,,1,,,8,,3,,,1,1,1,4,,,1,,,,,192,,,Y,N1,A1500014,41,,,,,,,,,,,,,,,,,,,,,,,,,,,,,,,,,,,,,,,,,,,,,,,,,,,,,,,,
2026-10-01 00:00:00,전남광주통합특별시,A2600008,순천제일병원,20260930235235,061-720-3413,,,,,,,1,,,,,,Y,,Y,N1,N1,Y,8,N1,9,N1,,N1,Y,,2,N1,9,,,1,,,,,2,,,1,1,,1,,,,,,,,200,,,Y,N1,A2600008,42,,,,,,,,,,,,,,,,,,,,,,,,,,,,,,,,,,,,,,,,,,,,,,,,,,,,,,,,
2026-10-01 00:00:00,전남광주통합특별시,A2600056,전라남도순천의료원,20260930235501,061-759-9114,,,,,,0,1,,,6,,,Y,,Y,N1,N1,Y,6,N1,53,N1,4,N1,Y,,3,N1,6,,1,1,,,7,,3,15,,1,1,,13,,,,,,,,164,,,Y,N1,A2600056,43,,,,,23,,,,,,80,,,,,,,,,,,,,,,,,,,,,,,,,,,,,,,,,,,,,,,,,,,,,
2026-10-01 00:00:00,전남광주통합특별시,A2600005,의료법인한국의료재단한국병원,20260930235509,061-740-5000,,,,,,,1,,,,,,Y,,Y,N1,N1,Y,9,N1,88,N1,3,N1,Y,,3,N1,11,,,1,,,9,,3,,,1,1,,4,,,,,,,,229,,,Y,N1,A2600005,44,,,,,,,,,,,,,,,,,,,,,,,,,,,,,,,,,,,,,,,,,,,,,,,,,,,,,,,,
2026-10-01 00:00:00,전남광주통합특별시,A2600004,순천중앙병원,20260930235534,061-743-9021,,,,,,,1,,,,,,Y,,Y,N1,N1,Y,3,N1,70,N1,,N1,Y,,2,N1,5,,,1,,,,,2,,,1,1,,1,,,,,,,,200,,,Y,N1,A2600004,45,,,,,,,,,,,,,,,,,,,,,,,,,,,,,,,,,,,,,,,,,,,,,,,,,,,,,,,,
2026-10-01 00:00:00,전남광주통합특별시,A2600051,의료법인신안대우병원,20260930235529,061-262-3301,,,,,,,1,,,,,,Y,,Y,N1,N1,Y,4,N1,24,N1,,N1,N1,,,N1,4,,,1,,,,,,,,1,,,1,,,,,,,,30,,,Y,N1,A2600051,46,,,,,,,,,,,,,,,,,,,,,,,,,,,,,,,,,,,,,,,,,,,,,,,,,,,,,,,,
2026-10-01 00:00:00,전남광주통합특별시,A2600027,의료법인한마음의료재단여수제일병원,20260930235434,061-689-8123,,Y,,,,,1,,,,Y,,Y,,Y,N1,Y,Y,7,Y,30,N1,10,Y,Y,,6,N1,9,,,1,,,13,,6,,1,2,2,,5,,3,2,1,,,,365,,,Y,N1,A2600027,47,,,,1,,,,,,1,,,,,,,,,,,,,,,,,,,,,,,,,,,,,,,,,,,,,,,,,,,,,,
2026-10-01 00:00:00,전남광주통합특별시,A2600010,여수전남병원,20260930235458,061640-7128,,,,,,,1,,,,,,Y,,Y,N1,Y,Y,8,N1,36,N1,1,N1,Y,,4,N1,10,,,1,,,11,,4,,,2,1,,8,,,1,,,,,272,,,Y,N1,A2600010,48,,,,,,,,,,,,,,,,,,,,,,,,,,,,,,,,,,,,,,,,,,,,,,,,,,,,,,,,
2026-10-01 00:00:00,전남광주통합특별시,A2600034,의료법인 거명의료재단 영광기독병원,20260930235413,061-350-3000,,,,,,,1,,,,,,Y,,Y,N1,N1,Y,10,N1,43,N1,0,N1,Y,,2,N1,10,,,1,,,11,,2,,,1,1,,3,,,,,,,,195,,,Y,N1,A2600034,49,,,,,,,,,,,,,,,,,,,,,,,,,,,,,,,,,,,,,,,,,,,,,,,,,,,,,,,,
2026-10-01 00:00:00,전남광주통합특별시,A2600015,영광종합병원,20260930235350,061-350-8000,,N,,,,,1,,,,N,,Y,,Y,N1,N1,Y,7,N1,65,N1,0,N,Y,,3,N1,10,,,1,,,7,,3,,0,1,1,,4,,0,,,,,,259,,,Y,N1,A2600015,50,,,,,,,,,,,,,,,,,,,,,,,,,,,,,,,,,,,,,,,,,,,0,0,,,,,,,,,,,,
2026-10-01 00:00:00,전남광주통합특별시,A2600070,영암한국병원,20260930235510,061-470-7100,,,,,,,0,,,,,,Y,,Y,N1,N1,Y,7,N1,28,N1,,N1,N1,,2,N1,8,,,1,,,,,2,,,1,,,1,,,,,,,,126,,,Y,N1,A2600070,51,,,,,34,,,,,,172,,,,,,,,,,,,,,,,,,,,,,,,,,,,,,,,,,,,,,,,,,,,,
2026-10-01 00:00:00,전남광주통합특별시,A2600032,완도대성병원,20260930235504,061-553-1234,,,,,,,1,,,,,,Y,,Y,N1,N1,Y,4,N1,52,N1,,N1,N1,,1,N1,5,,,1,,,,,1,,,1,,,1,,,,,,,,98,,,Y,N1,A2600032,52,,,,,,,,,,,,,,,,,,,,,,,,,,,,,,,,,,,,,,,,,,,,,,,,,,,,,,,,
2026-10-01 00:00:00,전남광주통합특별시,A2600035,의료법인행복나눔의료재단장성병원,20260930235254,061-390-9000,,,,,,,1,,,,,,Y,,Y,N1,N1,Y,4,N1,40,N1,,N1,N1,,,N1,4,,,1,,,,,1,,,1,,,,,,,,,,,104,,,N1,N1,A2600035,53,,,,,,,,,,,16,,,,,,,,,,,,,,,,,,,,,,,,,,,,,,,,,,,,,,,,,,,,,
2026-10-01 00:00:00,전남광주통합특별시,A2600021,의료법인우범의료재단장흥종합병원,20260930235351,061-862-8300,,,,,,,1,,,,,,Y,,Y,N1,N1,Y,7,N1,45,N1,,N1,Y,,2,N1,9,,,1,,,,,2,,,1,1,,1,,,,,,,,182,,,Y,N1,A2600021,54,,,,,,,,,,,,,,,,,,,,,,,,,,,,,,,,,,,,,,,,,,,,,,,,,,,,,,,,
2026-10-01 00:00:00,전남광주통합특별시,A2600037,장흥우리병원,20260930235448,061-862-6262,,,,,,,1,,,,,,Y,,Y,N1,N1,Y,4,N1,73,N1,2,N1,Y,,2,N1,4,,,1,,,5,,2,,,1,1,,1,,,,,,,,140,,,Y,N1,A2600037,55,,,,,,,,,,,,,,,,,,,,,,,,,,,,,,,,,,,,,,,,,,,,,,,,,,,,,,,,
2026-10-01 00:00:00,전남광주통합특별시,A2602088,의료법인남우의료재단 진도전남병원,20260930235306,061544-7933,,,,,,,1,,,,,,,,Y,N1,N1,N1,5,N1,48,N1,,N1,N1,,,N1,5,,,1,,,,,,,,,,,1,,,,,,,,100,,,Y,N1,A2602088,56,,,,,,,,,,,,,,,,,,,,,,,,,,,,,,,,,,,,,,,,,,,,,,,,,,,,,,,,
2026-10-01 00:00:00,전남광주통합특별시,A2600040,진도한국병원,20260930235408,061-544-2051,,,,,,,1,,,,,,,,Y,N1,N1,N1,4,N1,24,N1,,N1,N1,,,N1,4,,,1,,,,,,,,,,,,,,,,,,,40,,,N1,N1,A2600040,57,,,,,,,,,,,,,,,,,,,,,,,,,,,,,,,,,,,,,,,,,,,,,,,,,,,,,,,,
2026-10-01 00:00:00,전남광주통합특별시,A2600077,해남우리종합병원,20260930235513,061530-7000,,,,5,,,4,,,,,,Y,,Y,N1,N1,Y,14,N1,99,N1,3,N1,Y,,2,N1,15,,,4,,,23,,2,,,2,1,,9,,,,,,,,338,,24,Y,N1,A2600077,58,,,,2,,,,,,2,,,,,,,,,,,,,,,,,,,,,,,,,,,,,,,,,,,,,,,,,,,,,,
2026-10-01 00:00:00,전남광주통합특별시,A2600009,의료법인행촌의료재단해남종합병원,20260930235508,061-536-4116,,,,18,,,1,,,,Y,,Y,,Y,N1,N1,Y,9,N1,142,N1,4,N1,Y,,3,N1,10,,,1,,,18,,3,,1,1,1,,1,,,,,,,,351,,18,Y,N1,A2600009,59,,,,,,,,,,,,,,,,,,,,,,,,,,,,,,,,,,,,,,,,,,,,,,,,,,,,,,,,
2026-10-01 00:00:00,강원특별자치도,A2200008,강릉아산병원,20260930235515,033-610-3114,Y,Y,0,,3,2,3,1,8,,Y,,Y,Y,Y,Y,Y,Y,13,Y,28,Y,,Y,Y,1,14,Y,23,3,2,3,18,13,,38,15,,2,4,3,4,33,8,12,8,5,1,,2,604,1,,Y,Y,A2200008,1,,0,0,,,,14,16,,,,,,0,,6,,,,,,,,,,,,,,,,,,,,,,,,,,,,,,,,,,,,,,,,
2026-10-01 00:00:00,강원특별자치도,A2200001,연세대학교원주세브란스기독병원,20260930235002,033-741-0114,Y,Y,0,,3,2,3,2,6,,Y,,Y,Y,Y,Y,Y,Y,16,Y,32,Y,,Y,Y,-1,15,Y,29,3,2,3,20,19,,30,15,,2,5,4,7,100,12,25,16,7,13,,4,584,2,,Y,Y,A2200001,2,1,5,3,,4,4,15,12,20,,24,4,24,,36,,,,3,15,,,,,,,,,,,,,,,,,,,,,,,,,2,6,2,6,5,2,40,2,,,,
2026-10-01 00:00:00,강원특별자치도,A2200013,한림대학교춘천성심병원,20260930235107,033-240-5000,Y,Y,,,0,,,3,24,2,Y,Y,Y,Y,Y,Y,Y,Y,13,Y,63,Y,6,Y,Y,,9,Y,22,3,,,20,,20,45,9,2,1,2,2,3,33,1,4,6,2,1,1,1,266,,,Y,Y,A2200013,3,2,,,0,,,,,,2,,2,3,0,3,2,,,,,,,,,,,,,0,,,,8,,,,,,,,,,,,,,,,,,,,,,,
2026-10-01 00:00:00,강원특별자치도,A2200005,의료법인강릉동인병원,20260930235533,033-650-6113,,,,,,1,2,0,2,,,,Y,Y,Y,Y,Y,Y,15,N1,92,N1,0,N1,Y,,5,N1,17,,1,2,2,,10,4,5,,,2,1,1,14,,,1,,,,,244,,,Y,N1,A2200005,4,,0,,2,4,,12,,,2,101,,,,,,,,,,,,,,,,,,,,,,,,,,,,,,,,,,,,,,,,,,,,,
2026-10-01 00:00:00,강원특별자치도,A2200007,강원특별자치도삼척의료원,20260930235501,033-572-1141,,Y,,,1,2,1,1,3,8,Y,,Y,,Y,N1,Y,Y,16,N1,57,N1,0,Y,Y,,4,N1,16,1,2,1,2,,6,3,4,10,1,1,1,,3,,3,1,,,,,189,,,Y,N1,A2200007,5,,,,0,,,,,,2,,,,,,,,,,,,,,,,,,,,,,,,,,,,,,,,,,,,,,,,,,,,,,
2026-10-01 00:00:00,강원특별자치도,A2200012,강원특별자치도속초의료원,20260930235502,033-630-6000,Y,Y,,,,2,1,,,,Y,,Y,,Y,N1,N1,Y,17,N1,61,N1,3,Y,Y,,3,N1,17,,2,1,,,8,,3,,2,1,1,,7,1,1,,,,,,154,,,Y,Y,A2200012,6,,,,,,,,,,,,,,,,,,,,,,,,,,,,,,,,,,,,,,,,,,,,,,,,,,,,,,,,
2026-10-01 00:00:00,강원특별자치도,A2200009,강원대학교병원,20260930235500,033-258-2000,Y,Y,-1,,3,2,3,1,,6,Y,,Y,Y,Y,Y,Y,Y,7,Y,218,Y,,Y,Y,10,11,N1,21,3,2,3,5,15,,,11,14,3,4,2,4,43,13,24,12,3,10,,,508,0,,Y,Y,A2200009,7,,3,,0,5,,10,,,2,16,,,,,,3,8,1,8,,,,,,2,,,,,8,,,,,,,,,,,,,,,,,,,,,,,,,
2026-10-01 00:00:00,강원특별자치도,A2200011,강원특별자치도강릉의료원,20260930235501,033-610-1200,,,,20,,,1,,,5,,,Y,,Y,N1,N1,Y,3,N1,36,N1,0,N1,Y,,2,N1,5,,,1,,,8,,2,5,,1,1,,4,,,,,,,,122,,20,Y,N1,A2200011,8,,,,,,,,,,,,,,,,,,,,,,,,,,,,,,,,,,,,,,,,,,,,,,,,,,,,,,,,
2026-10-01 00:00:00,강원특별자치도,A2200003,의료법인동해동인병원,20260930235503,033-530-0114,,,,,,,1,,,,,,Y,,Y,N1,N1,Y,8,N1,27,N1,9,N1,Y,,0,N1,10,,,1,,,19,,2,,,1,1,,7,,,,,,,,178,,,Y,N1,A2200003,9,,,,1,56,,,,,1,110,,,,,,,,,,,,,,,,,,,,,,,,,,,,,,,,,,,,,,,,,,,,,
2026-10-01 00:00:00,강원특별자치도,A2200046,의료법인온세움의료재단온재병원,20260930235459,033-639-8633,,,,,,,1,,,,,,Y,,Y,N1,N1,Y,7,N1,69,N1,0,N1,Y,,4,N1,9,,,1,,,15,,4,,,1,1,,5,,,,,,,,219,,,Y,N1,A2200046,10,,,,,24,,,,,,59,,,,,,,,,,,,,,,,,,,,,,,,,,,,,,,,,,,,,,,,,,,,,
2026-10-01 00:00:00,강원특별자치도,A2200037,의료법인성심의료재단양구성심병원,20260930235446,033-480-8803,,Y,,,,1,,,,,Y,,Y,,Y,N1,N1,Y,-5,N1,32,N1,,Y,N1,,,N1,5,,1,,,,,,,,1,1,,,1,,1,,,,,,52,,,Y,N1,A2200037,11,,,,,,,,,,,,,,,,,,,,,,,,,,,,,,,,,,,,,,,,,,,,,,,,,,,,,,,,
2026-10-01 00:00:00,강원특별자치도,A2200002,강원특별자치도영월의료원,20260930235001,033-370-9101,,Y,,,,,,,,0,Y,,Y,,Y,N1,N1,Y,8,N1,40,N1,4,Y,Y,,2,N1,9,,,,,,10,,2,2,1,1,1,,7,,3,,,,,,174,,,Y,N1,A2200002,12,,,,1,,,,,,2,,,,,,,,,,,,,,,,,,,,,,,,,,,,,,,,,1,1,,,,,,,,,,,,
2026-10-01 00:00:00,강원특별자치도,A2200015,강원특별자치도원주의료원,20260930235502,033-760-4500,,,,,,1,2,,,,,,Y,,Y,N1,N1,Y,11,N1,77,N1,7,N1,Y,,3,N1,17,,1,2,,,20,,3,,,2,1,,7,,,,,,,,259,,,Y,N1,A2200015,13,,,,,,,,,,,,,,,,,,,,,,,,,,,,,,,,,,,,,,,,,,,,,,,,,,,,,,,,
2026-10-01 00:00:00,강원특별자치도,A2200024,의료법인성지의료재단성지병원,20260930234830,033-760-3101,,,,13,,,1,,,,,,Y,,Y,N1,N1,Y,1,N1,-81,N1,9,N1,Y,,4,N1,7,,,1,,,9,,4,,,1,2,,4,,,,,,,,135,,13,Y,N1,A2200024,14,,,,,,,,,,,,,,,,,,,,,,,,,,,,,,,,,,,,,,,,,,,,,,,,,,,,,,,,
2026-10-01 00:00:00,강원특별자치도,A2200048,근로복지공단정선병원,20260930235300,033-560-7100,,,,,,,1,,,,,,Y,,Y,N1,N1,Y,5,N1,39,N1,,N1,N1,,,N1,5,,,1,,,,,,,,1,,,3,,,,,,,,149,,,Y,N1,A2200048,15,,,,,,,,,,,,,,,,,,,,,,,,,,,,,,,,,,,,,,,,,,,,,,,,,,,,,,,,
2026-10-01 00:00:00,강원특별자치도,A2201730,철원병원,20260930235002,033-452-5011,N,Y,,,,1,,,,,Y,N,Y,N,Y,N,N,Y,5,N,30,N,,Y,Y,,2,N,5,,1,,,,,,2,,1,1,1,0,1,0,1,0,0,0,0,0,68,,,Y,N,A2201730,16,,,,,,,,,,,,,,,,,,,,,,,,,,,,,,,,,,,,,,,,,,,,,,,,,,,,,,,,
2026-10-01 00:00:00,강원특별자치도,A2200004,근로복지공단태백병원,20260930235400,033-580-3114,,,,,,1,,,,,Y,,Y,,Y,N1,N1,Y,8,N1,88,N1,1,N1,Y,,2,N1,9,,1,,,,9,,2,,1,1,1,,8,,,,,,,,223,,,Y,N1,A2200004,17,,,,1,,,,,,1,,,,,,,,,,,,,,,,,,,,,,,,,,,,,,,,,,,,,,,,,,,,,,
2026-10-01 00:00:00,강원특별자치도,E2200026,평창군보건의료원,20260930235501,033-332-4000,,,,,,,1,,,,,,Y,,Y,N1,N1,Y,6,N1,20,N1,,N1,N1,,,N1,6,,,1,,,,,,,,1,,,1,,,,,,,,20,,,Y,N1,E2200026,18,,,,,,,,,,,,,,,,,,,,,,,,,,,,,,,,,,,,,,,,,,,,,,,,,,,,,,,,
2026-10-01 00:00:00,강원특별자치도,A2200014,홍천아산병원,20260930235500,033-430-5211,,,,,,,,,,,,,Y,,Y,N1,N1,Y,10,N1,3,N1,0,N1,Y,,2,N1,10,,,,,,7,,2,,,1,1,,4,,,,,,,,128,,,Y,N1,A2200014,19,,,,,,,,,,,,,,,,,,,,,,,,,,,,,,,,,,,,,,,,,,,,,,,,,,,,,,,,
2026-10-01 00:00:00,강원특별자치도,E2200025,화천군보건의료원,20260930235501,033-441-4000,,,,,,,1,,,,,,,,Y,N1,N1,N1,7,N1,15,N1,,N1,N1,,,N1,7,,,1,,,,,,,,,,,1,,,,,,,,16,,,Y,N1,E2200025,20,,,,,,,,,,,,,,,,,,,,,,,,,,,,,,,,,,,,,,,,,,,,,,,,,,,,,,,,
2026-10-01 00:00:00,강원특별자치도,A2200016,횡성대성병원,20260930235535,033-343-0901,,,,,,,1,,,,,,Y,,Y,N1,N1,Y,9,N1,32,N1,,N1,Y,,1,N1,9,,,1,,,,,1,,,1,1,,1,,,,,,,,114,,,Y,N1,A2200016,21,,,,,,,,,,,,,,,,,,,,,,,,,,,,,,,,,,,,,,,,,,,,,,,,,,,,,,,,
2026-10-01 00:00:00,충청북도,A2300001,충북대학교병원,20260930235500,043-269-6114,Y,Y,,,8,,,3,21,10,Y,,Y,Y,Y,Y,Y,Y,21,Y,201,Y,5,Y,Y,9,16,N1,30,8,,,18,25,17,40,16,13,2,4,4,6,98,13,31,18,10,17,,,558,,,Y,Y,A2300001,1,2,0,,5,10,14,8,,20,5,21,2,3,2,3,2,,,,,,,,,,,,,3,,,,4,,,,,,,,,,,,2,6,2,6,4,2,40,2,,,,
2026-10-01 00:00:00,충청북도,A2300009,의료법인명지의료재단명지병원,20260930235353,043-640-8114,,,,,3,2,4,2,,,,,Y,Y,Y,Y,Y,Y,16,Y,55,N1,11,N1,Y,,3,N1,18,3,2,4,2,,15,,3,,,2,1,1,10,,,2,1,,,,201,,,Y,N1,A2300009,2,,,,3,,,,,,3,,,,,,,,,,,,,,,,,,,,,,,,,,,,,,,,,,,,,,,,,,,,,,
2026-10-01 00:00:00,충청북도,A2300005,의료법인자산의료재단제천서울병원,20260930235027,043-642-7606,,,,,,1,4,0,2,,,,Y,,Y,N1,Y,Y,12,N1,50,N1,1,N1,Y,,3,Y,15,,1,4,2,,11,3,3,,,1,1,,10,,,1,,,,1,202,,,Y,N1,A2300005,3,,,,,,,,,,,,,,,,,,,,,,,,,,,,,,,,,,,,,,,,,,,,,,,,,,,,,,,,
2026-10-01 00:00:00,충청북도,A2300013,의료법인 건명의료재단 중앙제일병원,20260930235357,043-533-1711,,,,,,3,,,,31,,,Y,,Y,N1,Y,Y,17,N1,52,N1,3,N1,Y,,5,N1,17,,3,,,,12,,5,31,,2,2,,6,,,1,,,,,192,,,Y,N1,A2300013,4,,,,0,,,,,,6,,,,,,,,,,,,,,,,,,,,,,,,,,,,,,,,,,,,,,,,,,,,,,
2026-10-01 00:00:00,충청북도,A2300007,의료법인인화재단한국병원,20260930235258,043-222-7000,,Y,,,,1,2,0,0,1,Y,,Y,Y,Y,Y,Y,Y,12,N1,53,N1,0,Y,Y,,8,N1,14,,1,2,2,,22,4,8,1,1,3,3,2,18,,1,3,,,,,399,,,Y,N1,A2300007,5,,,,0,,,,,,1,,,,,,,,,,,,,,,,,,,,,,,,,,,,,,,,,3,3,,,,,,,,,,,,
2026-10-01 00:00:00,충청북도,A2300003,의료법인정산의료재단효성병원,20260930235003,043-221-5000,,N,,,,1,4,0,0,,Y,,Y,Y,Y,Y,Y,Y,15,N1,70,N1,1,N,Y,,4,Y,18,,1,4,2,,27,3,4,,1,3,4,2,19,,1,2,,,,1,363,,,Y,N1,A2300003,6,,,,1,,,,,,2,,,,,,,,,,,,,,,,,,,,,,,,,,,,,,,,,,,,,,,,,,,,,,
2026-10-01 00:00:00,충청북도,A2300008,청주성모병원,20260930235509,043-219-8000,,Y,,,,2,4,2,4,2,Y,,Y,Y,Y,Y,Y,Y,5,N1,110,N1,,Y,Y,,8,N1,15,,2,5,2,,,4,8,30,1,3,2,2,19,,2,2,,,,,358,,,Y,N1,A2300008,7,,2,5,0,,,13,12,,1,,,,,,,,,,,,,,,,,,,,,,,,,,,,,,,,,,,,,,,,,,,,,,
2026-10-01 00:00:00,충청북도,A2300002,의료법인한마음의료재단하나병원,20260930235314,043-230-6114,,,,,,1,2,1,1,,,,Y,Y,Y,Y,Y,Y,4,N1,123,N1,-1,N1,Y,,7,Y,11,,1,2,2,,22,3,7,,,3,3,2,20,,,4,,,,1,460,,,Y,N1,A2300002,8,,,,1,,,,,,2,,,,,,,,,,,,,,,,,,,,,,,,,,,,,,,,,9,9,,,,,,,,,,,,
2026-10-01 00:00:00,충청북도,A2300010,건국대학교충주병원,20260930235501,043-840-8593,Y,Y,,,,1,2,,,1,Y,,Y,Y,Y,Y,Y,Y,13,Y,76,N1,6,Y,Y,,5,N1,20,,1,2,,,18,,5,1,1,2,1,2,11,1,4,3,1,,,,194,,,Y,Y,A2300010,9,,,,,,,,,,,,,,,,,,,,,,,,,,,,,,,,,,,,,,,,,,,,,,,,,,,,,,,,
2026-10-01 00:00:00,충청북도,A2300034,의료법인대광의료재단괴산성모병원,20260930235451,043-830-5400,,,,,,,0,,,,,,Y,,Y,N1,N1,Y,9,N1,14,N1,,N1,Y,,1,N1,9,,,1,,,,,1,,,1,1,,3,,,,,,,,153,,,Y,N1,A2300034,10,,,,,,,,,,,,,,,,,,,,,,,,,,,,,,,,,,,,,,,,,,,,,,,,,,,,,,,,
2026-10-01 00:00:00,충청북도,E2300011,단양군보건의료원,20260930235501,043-420-3203,,,,,,1,,,,2,,,Y,,Y,N1,N1,Y,6,N1,14,N1,,N1,N1,,,N1,6,,1,,,,,,,2,,1,,,1,,,,,,,,14,,,Y,N1,E2300011,11,,,,,,,,,,,,,,,,,,,,,,,,,,,,,,,,,,,,,,,,,,,,,,,,,,,,,,,,
2026-10-01 00:00:00,충청북도,A2300030,의료법인조윤의료재단영동병원,20260930235503,043-740-9000,,Y,,,,,,,,,Y,,Y,,Y,N1,N1,Y,10,N1,19,N1,,Y,Y,,2,N1,10,,,,,,,,2,,1,1,1,,3,,1,,,,,,161,,,Y,N1,A2300030,12,,,,,,,,,,,,,,,,,,,,,,,,,,,,,,,,,,,,,,,,,,,,,,,,,,,,,,,,
2026-10-01 00:00:00,충청북도,A2300011,의료법인힐링의료재단옥천성모병원,20260930235100,043-730-7000,,,,,,2,1,,,,,,Y,,Y,N1,N1,Y,7,N1,34,N1,0,N1,Y,,2,N1,7,,2,1,,,7,,2,,,1,1,,4,,,,,,,,157,,,Y,N1,A2300011,13,,,,,,,,,,,,,,,,,,,,,,,,,,,,,,,,,,,,,,,,,,,,,,,,,,,,,,,,
2026-10-01 00:00:00,충청북도,A2300006,충청북도청주의료원,20260930235502,043-279-2300,,Y,,,,1,,,,6,Y,,Y,Y,Y,Y,Y,Y,12,N1,153,N1,17,Y,Y,,5,N1,12,,1,,,,21,,5,6,1,1,1,1,11,,1,1,,,,,359,,,Y,N1,A2300006,14,,,,3,90,,,,,3,90,,,,,,,,,,,,,,,,,,,,,,,,,,,,,,,,3,3,,,,,,,,,,,,
2026-10-01 00:00:00,충청북도,A2300004,충청북도충주의료원,20260930235502,043-871-0114,,,,,,1,2,,,,,,Y,Y,Y,Y,Y,Y,17,N1,112,N1,1,N1,Y,,4,N1,18,,1,2,,,11,,4,,,1,1,1,8,,,1,,,,,282,,,Y,N1,A2300004,15,,,,1,,,,,,1,,,,,,,,,,,,,,,,,,,,,,,,,,,,,,,,,,,,,,,,,,,,,,
2026-10-01 00:00:00,충청남도,A2400002,단국대학교의과대학부속병원,20260930235501,041-550-7114,Y,Y,,,3,,1,7,0,0,Y,,Y,Y,Y,Y,Y,Y,20,Y,36,Y,,Y,Y,0,13,Y,25,4,,1,18,25,,30,13,8,3,4,3,6,65,14,29,15,7,17,,1,640,,,Y,Y,A2400002,1,2,,2,1,8,3,,13,20,1,20,2,2,0,2,2,,,6,13,,,,,,,,,,,,,,,,,,,,,,,,,1,6,2,6,2,2,40,2,,2,,7
2026-10-01 00:00:00,충청남도,A2400001,학교법인동은학원순천향대학교부속천안병원,20260930235103,041-570-2114,Y,Y,1,,13,4,3,8,7,5,Y,Y,Y,Y,Y,Y,Y,Y,13,Y,92,Y,,Y,Y,1,20,Y,22,14,4,3,17,38,,30,21,14,11,6,4,6,60,20,57,6,6,10,1,1,765,1,,Y,Y,A2400001,2,,9,5,5,,,18,15,,6,,,,,,,,,,,1,3,,,,,2,2,,,,2,,,6,1,3,,,,,,,,,,,,,,,,,,,
2026-10-01 00:00:00,충청남도,A2400009,의료법인백제병원,20260930235250,041-733-2191,,,,,,1,2,,,,,,Y,Y,Y,Y,Y,Y,18,N1,30,N1,-2,N1,Y,,4,N1,20,,1,2,,,26,,4,,,2,2,1,11,,,3,,,,,398,,,Y,N1,A2400009,3,,,,,20,,,,,,49,,,,,,,,,,,,,,,,,,,,,,,,,,,,,,,,,,,,,,,,,,,,,
2026-10-01 00:00:00,충청남도,A2400008,당진종합병원,20260930235451,041-357-0100,,,,,,1,2,,,,,,Y,Y,Y,Y,Y,Y,10,N1,90,N1,2,N1,Y,,4,N1,17,,1,2,,,13,,4,,,2,2,1,5,,,1,,,,,246,,,Y,N1,A2400008,4,,,,,,,,,,,,,,,,,,,,,,,,,,,,,,,,,,,,,,,,,,,,,,,,,,,,,,,,
2026-10-01 00:00:00,충청남도,A2400011,재단법인아산사회복지재단보령아산병원,20260930235000,041-930-5114,,,,,,1,2,,,,,,Y,,Y,N1,N1,Y,15,N1,28,N1,1,N1,Y,,2,N1,17,,1,2,,,8,,2,,,1,1,,4,,,,,,,,221,,,Y,N1,A2400011,5,,,,,,,,,,,,,,,,,,,,,,,,,,,,,,,,,,,,,,,,,,,,,,,,,,,,,,,,
2026-10-01 00:00:00,충청남도,A2400003,서산중앙병원,20260930235506,041-661-1000,,,,,,1,2,,,,,,Y,,Y,N1,Y,Y,12,N1,61,N1,12,N1,Y,,4,N1,17,,1,2,,,19,,4,,,1,1,,7,,,1,,,,,288,,,Y,N1,A2400003,6,,,,,,,,,,,,,,,,,,,,,,,,,,,,,,,,,,,,,,,,,,,,,,,,,,,,,,,,
2026-10-01 00:00:00,충청남도,A2400006,충청남도서산의료원,20260930235102,041-689-7000,,,,,,1,2,0,4,5,,,Y,,Y,N1,N1,Y,11,N1,42,N1,0,N1,Y,,3,N1,17,,1,2,2,,8,4,3,5,,2,1,,10,,,,,,,,259,,,Y,N1,A2400006,7,,,,,,,,,,,,,,,,,,,,,,,,,,,,,,,,,,,,,,,,,,,,,,,,,,,,,,,,
2026-10-01 00:00:00,충청남도,A2402257,아산충무병원,20260930235137,041-536-6666,,,,,,,,0,2,,Y,,Y,Y,Y,Y,Y,Y,10,Y,205,Y,3,N1,Y,,3,N1,13,,,,2,,22,3,4,,1,2,2,3,27,,,4,2,1,,,453,,,Y,N1,A2402257,8,1,,,2,,,,,,2,,1,7,,7,,,,,,,,,,,,,,,,,,,,,,,,,,,,,,,,,,,,,,,5,,5
2026-10-01 00:00:00,충청남도,A2400012,의료법인영서의료재단천안충무병원,20260930235335,041-570-7555,,,,,,1,4,0,0,,,,Y,Y,Y,Y,Y,Y,13,Y,22,N1,0,N1,Y,,5,N1,16,,1,4,2,,17,4,5,,,2,2,3,26,,,3,3,,,,329,,,Y,N1,A2400012,9,,,,0,,,,,,3,,,,,,,,,-1,7,,,,,,,,,,,,,,,,,,,,,,,,,,,,,,,,,,,,
2026-10-01 00:00:00,충청남도,A2400007,충청남도홍성의료원,20260930235402,041-630-6251,,,,,1,1,2,2,3,0,Y,,Y,N,Y,N,Y,Y,15,N1,94,N1,0,N1,Y,,2,N,18,1,1,2,2,,22,3,4,1,1,2,2,1,10,,,1,,,,2,260,,,Y,N1,A2400007,10,,,,0,5,,,,,1,49,,,,,,,,,,,,,,,,,,,,,,,,,,,,,,,,,,,,,,,,,,,,,
2026-10-01 00:00:00,충청남도,A2400010,충청남도공주의료원,20260930235401,041-962-1111,,,,,,,1,,,3,,,Y,,Y,N1,Y,Y,10,N1,83,N1,2,N1,Y,,6,N1,15,,,1,,,16,,6,6,,1,1,,9,,,2,,,,,273,,,Y,N1,A2400010,11,,,,,,,,,,,,,,,,,,,,,,,,,,,,,,,,,,,,,,,,,,,,,,,,,,,,,,,,
2026-10-01 00:00:00,충청남도,A2400038,학교법인건양교육재단건양대학교부여병원,20260930235257,041-837-1200,,,,,,,1,,,,,,Y,,Y,N1,N1,Y,9,N1,24,N1,,N1,N1,,1,N1,9,,,1,,,,,1,,,1,,,1,,,,,,,,55,,,Y,N1,A2400038,12,,,,,,,,,,,,,,,,,,,,,,,,,,,,,,,,,,,,,,,,,,,,,,,,,,,,,,,,
2026-10-01 00:00:00,충청남도,A2400044,의료법인서해의료재단서해병원,20260930235444,041-951-8282,,,,,,,2,,,,,,Y,,Y,N1,N1,Y,5,N1,21,N1,,N1,N1,,,N1,5,,,2,,,,,,,,1,,,1,,,,,,,,79,,,Y,N1,A2400044,13,,,,,,,,,,,,,,,,,,,,,,,,,,,,,,,,,,,,,,,,,,,,,,,,,,,,,,,,
2026-10-01 00:00:00,충청남도,A2400039,현대병원,20260930235001,041-546-3636,N,N,,,,,1,,,,N,N,Y,N,Y,N,N,Y,6,N,13,N,0,N,Y,,3,N,9,,,1,,,7,,3,,0,1,1,0,3,0,0,0,0,0,0,0,84,,,Y,N,A2400039,14,,,,,,,,,,,,,,,,,,,0,0,,,,,,,,,,,,,,,,,,,,,,,,,,,,,,,,,,,,
2026-10-01 00:00:00,충청남도,A2400004,의료법인 예당의료재단 예산종합병원,20260930235517,041-330-4000,,,,,,,1,,,,,,Y,,Y,N1,N1,Y,6,N1,12,N1,4,N1,Y,,0,N1,6,,,1,,,9,,0,,,0,0,,0,,,,,,,,88,,,Y,N1,A2400004,15,,,,,,,,,,,,,,,,,,,,,,,,,,,,,,,,,,,,,,,,,,,,,,,,,,,,,,,,
2026-10-01 00:00:00,충청남도,A2400005,충청남도천안의료원,20260930235501,041-570-7200,,,,6,,1,,,,,,,Y,,Y,N1,N1,Y,9,N1,77,N1,4,N1,Y,,4,N1,12,,1,,,,15,,4,,,1,1,,10,,,,,,,,241,,6,Y,N1,A2400005,16,,,,,,,,,,,,,,,,,,,,,,,,,,,,,,,,,,,,,,,,,,,,,,,,,,,,,,,,
2026-10-01 00:00:00,충청남도,E2400032,청양군보건의료원,20260930235501,041-940-4531,,,,,,,1,,,,,,Y,,Y,N1,N1,Y,6,N1,12,N1,,N1,N1,,1,N1,6,,,1,,,,,1,,,1,,,1,,,,,,,,12,,,Y,N1,E2400032,17,,,,,,,,,,,,,,,,,,,,,,,,,,,,,,,,,,,,,,,,,,,,,,,,,,,,,,,,
2026-10-01 00:00:00,충청남도,E2400033,태안군보건의료원,20260930235501,041-671-5300,,,,,,,1,,,,,,Y,,Y,N1,N1,Y,10,N1,23,N1,,N1,N1,,,N1,10,,,1,,,,,,,,1,,,1,,,,,,,,34,,,Y,N1,E2400033,18,,,,,,,,,,,,,,,,,,,,,,,,,,,,,,,,,,,,,,,,,,,,,,,,,,,,,,,,
2026-10-01 00:00:00,전북특별자치도,A2500001,원광대학교병원,20260930235515,063-859-1114,Y,Y,,,3,,,2,5,0,Y,,Y,Y,Y,Y,Y,Y,6,Y,24,Y,5,Y,Y,7,15,Y,26,3,,,18,15,15,31,15,2,1,5,4,5,11,12,20,8,4,1,,2,543,,,Y,Y,A2500001,1,2,2,6,4,1,1,8,15,20,7,30,2,1,1,3,2,2,8,,,,,,,,,,,,,,,,,,,,,,,,,,,2,6,2,6,11,2,40,2,,,,
2026-10-01 00:00:00,전북특별자치도,A2500002,전북대학교병원,20260930235359,063-250-1114,Y,Y,2,,5,,,5,2,15,Y,,Y,Y,Y,Y,Y,Y,16,Y,198,Y,,Y,Y,18,20,N1,36,5,,,17,25,,30,21,15,3,1,2,5,11,15,22,4,2,1,,,836,2,,Y,Y,A2500002,2,2,4,5,2,7,,10,8,,2,23,2,4,0,5,1,6,15,6,18,,,,,,7,,,,,10,,,,,,,,,,,,,,,,,,,,,,,,,
2026-10-01 00:00:00,전북특별자치도,A2500007,전북특별자치도군산의료원,20260930235301,063-472-5000,,Y,,,,1,2,0,2,,Y,,Y,,Y,N1,N1,Y,8,N1,96,N1,10,Y,Y,,6,N1,17,,1,2,2,,18,3,6,,1,1,1,,18,,2,,,,,,285,,,Y,N1,A2500007,3,,,,1,,,,,,2,,,,,,,,,,,,,,,,,,,,,,,,,,,,,,,,,,,,,,,,,,,,,,
2026-10-01 00:00:00,전북특별자치도,A2500012,의료법인오성의료재단동군산병원,20260930235347,063-440-0570,,,,0,,1,5,2,0,,,,Y,Y,Y,Y,Y,Y,14,N1,29,N1,4,N1,Y,,6,N1,17,,1,5,2,,24,3,6,,,2,2,2,13,,,2,,,,,262,,0,Y,N1,A2500012,4,,,,,,,,,,,,,,,,,,,,,,,,,,,,,,,,,,,,,,,,,,,,,,,,,,,,,,,,
2026-10-01 00:00:00,전북특별자치도,A2500004,전북특별자치도남원의료원,20260930235501,063-620-1114,,Y,,,,1,2,1,3,,Y,,Y,,Y,N1,N1,Y,17,N1,53,N1,1,Y,Y,,3,N1,17,,1,2,2,,7,3,3,,3,2,1,,10,,1,,,,,,187,,,Y,N1,A2500004,5,,,,1,,,,,,1,,,,,,,,,,,,,,,,,,,,,,,,,,,,,,,,,,,,,,,,,,,,,,
2026-10-01 00:00:00,전북특별자치도,A2500011,의료법인대산의료재단익산병원,20260930235504,063-840-9114,,,,,,1,2,,,,,,Y,Y,Y,Y,Y,Y,12,N1,36,N1,5,N1,Y,,5,N1,17,,1,2,,,17,,5,,,2,2,1,7,,,1,,,,,333,,,Y,N1,A2500011,6,,,,0,,,,,,1,,,,,,,,,,,,,,,,,,,,,,,,,,,,,,,,,,,,,,,,,,,,,,
2026-10-01 00:00:00,전북특별자치도,A2500056,대자인병원,20260930235408,063-240-2000,,,,,,2,3,,,,,Y,Y,Y,Y,Y,Y,Y,17,Y,31,Y,2,N1,Y,,15,Y,25,,2,3,,,15,,15,,,4,3,2,12,,,4,2,1,1,1,45,,,Y,N1,A2500056,7,,,5,0,,,,36,,4,,,,,,,,,,,,,,,,,,,,,,,,,,,,,,,,,,,,,,,,,,,,,,
2026-10-01 00:00:00,전북특별자치도,A2500006,재단법인예수병원유지재단예수병원,20260930235411,063-230-8114,Y,Y,,,6,1,2,,,0,Y,,Y,Y,Y,Y,Y,Y,28,Y,86,N1,-1,Y,Y,2,12,Y,38,10,1,2,,12,23,,14,5,4,4,3,4,40,6,11,7,2,,,2,685,,,Y,Y,A2500006,8,,,,4,,,,,,4,,,,,,,,,2,14,1,0,,,,,2,3,,,,2,,,6,1,1,,,,,,,,,,,,,,,,,,,
2026-10-01 00:00:00,전북특별자치도,A2500005,의료법인영경의료재단전주병원,20260930235207,063-220-7200,,,,,,1,2,,,,,,Y,,Y,N1,Y,Y,10,N1,-2,N1,0,N1,Y,,5,N1,17,,1,2,,,9,,5,,,1,2,,6,,,1,,,,,275,,,Y,N1,A2500005,9,,,,,,,,,,,,,,,,,,,,,,,,,,,,,,,,,,,,,,,,,,,,,,,,,,,,,,,,
2026-10-01 00:00:00,전북특별자치도,A2500008,재단법인 아산사회복지재단 정읍아산병원,20260930235001,063-530-6000,,,,,,1,2,,,,,,Y,,Y,N1,N1,Y,13,N1,41,N1,0,N1,Y,,3,N1,17,,1,2,,,10,,3,,,1,1,,5,,,,,,,,276,,,Y,N1,A2500008,10,,,,,,,,,,,,,,,,,,,,,,,,,,,,,,,,,,,,,,,,,,,,,,,,,,,,,,,,
2026-10-01 00:00:00,전북특별자치도,A2500009,의료법인석천재단고창병원,20260930235528,063-560-5600,,,,,,,1,,,,,,Y,,Y,N1,N1,Y,7,N1,0,N1,,N1,Y,,2,N1,10,,,1,,,,,2,,,1,1,,4,,,,,,,,258,,,Y,N1,A2500009,11,,,,,,,,,,,,,,,,,,,,,,,,,,,,,,,,,,,,,,,,,,,,,,,,,,,,,,,,
2026-10-01 00:00:00,전북특별자치도,A2500038,김제우석병원,20260930235416,063-540-5114,,,,,,,1,,,,,,Y,,Y,N1,N1,Y,10,N1,61,N1,,N1,Y,,2,N1,10,,,1,,,,,2,,,1,1,,1,,,,,,,,200,,,Y,N1,A2500038,12,,,,,,,,,,,,,,,,,,,,,,,,,,,,,,,,,,,,,,,,,,,,,,,,,,,,,,,,
2026-10-01 00:00:00,전북특별자치도,E2500019,무주군보건의료원,20260930235501,063-320-8314,,,,,,,1,,,,,,Y,,Y,N1,N1,Y,4,N1,24,N1,,N1,N1,,,N1,4,,,1,,,,,,,,1,,,1,,,,,,,,24,,,Y,N1,E2500019,13,,,,,,,,,,,,,,,,,,,,,,,,,,,,,,,,,,,,,,,,,,,,,,,,,,,,,,,,
2026-10-01 00:00:00,전북특별자치도,A2500010,부안성모병원,20260930235450,063-581-5100,,,,,,,2,,,,,,Y,,Y,N1,N1,Y,10,N1,37,N1,9,N1,Y,,3,N1,10,,,2,,,9,,3,,,1,1,,2,,,,,,,,240,,,Y,N1,A2500010,14,,,,,,,,,,,,,,,,,,,,,,,,,,,,,,,,,,,,,,,,,,,,,,,,,,,,,,,,
2026-10-01 00:00:00,전북특별자치도,E2500021,순창군보건의료원,20260930235501,063-650-5321,,,,,,,1,,,,,,Y,,Y,N1,N1,Y,9,N1,30,N1,,N1,N1,,,N1,9,,,1,,,,,,,,1,,,1,,,,,,,,30,,,Y,N1,E2500021,15,,,,,,,,,,,,,,,,,,,,,,,,,,,,,,,,,,,,,,,,,,,,,,,,,,,,,,,,
2026-10-01 00:00:00,전북특별자치도,E2500022,임실군보건의료원,20260930235501,063-640-3102,,,,,,,1,,,,,,Y,,Y,N1,N1,Y,4,N1,,N1,,N1,N1,,,N1,4,,,1,,,,,,,,1,,,1,,,,,,,,,,,Y,N1,E2500022,16,,,,,,,,,,,,,,,,,,,,,,,,,,,,,,,,,,,,,,,,,,,,,,,,,,,,,,,,
2026-10-01 00:00:00,전북특별자치도,E2500020,장수군보건의료원,20260930235501,063-351-8000,,,,,,,1,,,,,,,,Y,N1,N1,N1,5,N1,21,N1,,N1,N1,,,N1,5,,,1,,,,,,,,,,,1,,,,,,,,22,,,Y,N1,E2500020,17,,,,,,,,,,,,,,,,,,,,,,,,,,,,,,,,,,,,,,,,,,,,,,,,,,,,,,,,
2026-10-01 00:00:00,전북특별자치도,A2501890,의료법인영경의료재단호성전주병원,20260930235528,063-240-8800,,,,,,,1,,,,,,Y,,Y,N1,N1,Y,7,N1,10,N1,,N1,Y,,2,N1,9,,,1,,,,,2,,,1,1,,1,,,,,,,,122,,,Y,N1,A2501890,18,,,,,,,,,,,,,,,,,,,,,,,,,,,,,,,,,,,,,,,,,,,,,,,,,,,,,,,,
2026-10-01 00:00:00,전북특별자치도,A2502742,새강병원,20260930235406,063236-9000,,,0,,3,1,2,0,,0,,,Y,,Y,N1,N1,Y,12,N1,65,N1,16,N1,Y,,5,N1,14,3,1,2,0,,16,,5,0,,1,1,,1,,,,,,,,201,0,,Y,N1,A2502742,19,0,0,0,3,,,0,0,,3,,0,0,,0,,,,,,,0,,,,,,0,,,,,,,0,,0,,,,,,,,,,,,,0,,0,,,,
2026-10-01 00:00:00,전북특별자치도,A2502031,진안군의료원,20260930235501,063-430-7000,,,,,,,2,,,,,,Y,,Y,N1,N1,Y,6,N1,22,N1,,N1,Y,,2,N1,6,,,2,,,,,2,,,1,1,,3,,,,,,,,64,,,Y,N1,A2502031,20,,,,,,,,,,,,,,,,,,,,,,,,,,,,,,,,,,,,,,,,,,,,,,,,,,,,,,,,
2026-10-01 00:00:00,경상북도,A2700007,차의과학대학교부속구미차병원,20260930235505,054-450-9700,Y,Y,0,,5,3,3,5,5,,Y,Y,Y,Y,Y,Y,Y,Y,13,Y,42,Y,0,Y,Y,7,8,N1,20,5,3,3,25,8,18,30,8,,3,3,2,2,21,3,13,2,1,2,1,,301,3,,Y,Y,A2700007,1,,,,,,,,,,,,,,,,,,,,,,,,,,,,,,,,,,,,,,,,,,,,,,,,,,,,,,,,
2026-10-01 00:00:00,경상북도,A2700014,의료법인안동병원,20260930235200,054-840-1004,Y,Y,0,,1,,,2,10,4,Y,Y,Y,Y,Y,Y,Y,Y,4,Y,95,Y,1,Y,Y,10,11,Y,15,3,,,19,10,13,30,11,6,3,6,3,5,67,3,12,14,4,13,1,1,775,1,,Y,Y,A2700014,2,2,2,,0,0,4,20,,20,3,34,2,2,,3,,,,,,,,,,,,,,,,,,,,,,,,,,,,,,1,4,2,6,0,2,40,2,,,,
2026-10-01 00:00:00,경상북도,A2700016,포항성모병원,20260930235438,054-272-0151,Y,Y,,,11,,,6,5,1,Y,Y,Y,Y,Y,Y,Y,Y,12,Y,86,Y,6,Y,Y,,9,Y,20,11,,,15,,16,17,9,1,1,3,2,2,25,1,6,4,2,2,1,3,468,,,Y,Y,A2700016,3,2,,,1,,,,,,1,,2,3,0,3,5,,,,,,,,,,,,,,,,,,,,,,,,,11,13,,,,,,,,,,,,,,
2026-10-01 00:00:00,경상북도,A2700003,동국대학교의과대학경주병원,20260930235049,054-748-9300,Y,Y,,,3,2,5,,,2,Y,,Y,Y,Y,Y,Y,Y,10,N1,79,N1,0,Y,Y,,7,N1,16,3,2,5,,,7,,7,3,1,2,2,2,26,2,6,3,,,,,279,,,Y,Y,A2700003,4,,0,0,3,9,,11,17,,4,20,,,,,,,,,,,,,,,,,,,,,,,,,,,,,,,,,,,,,,,,,,,,,
2026-10-01 00:00:00,경상북도,A2700013,순천향대학교부속구미병원,20260930235120,054-468-9114,,Y,,,3,1,2,1,1,1,Y,,Y,Y,Y,Y,Y,Y,5,N1,38,N1,5,Y,Y,,6,N1,13,4,1,2,2,,31,3,6,1,1,2,2,2,20,,1,2,,,,,263,,,Y,N1,A2700013,5,,,,2,,,,,,2,,,,,,,,,,,,,,,,,,,,,,,,,,,,,,,,,,,,,,,,,,,,,,
2026-10-01 00:00:00,경상북도,A2700012,의료법인덕산의료재단김천제일병원,20260930235102,054-420-9300,,,,,,1,3,2,3,,Y,,Y,Y,Y,Y,Y,Y,14,N1,72,N1,5,N1,Y,,4,Y,16,,1,3,2,,16,3,4,,3,1,1,1,10,,,1,,,,1,276,,,Y,N1,A2700012,6,,,,,,,,,,,,,,,,,,,,,,,,,,,,,,,,,,,,,,,,,,,,,,,,,,,,,,,,
2026-10-01 00:00:00,경상북도,A2700006,의료법인동춘의료재단문경제일병원,20260930235500,054-550-7700,,,,,,1,0,2,1,4,,,Y,,Y,N1,N1,Y,15,N1,66,N1,19,N1,Y,,3,N1,17,,1,2,2,,29,3,3,4,,2,1,,8,,,,,,,,306,,,Y,N1,A2700006,7,,,,1,57,,,,,1,162,,,,,,,,,,,,,,,,,,,,,,,,,,,,,,,,,,,,,,,,,,,,,
2026-10-01 00:00:00,경상북도,A2700004,안동성소병원,20260930235517,054-850-8114,,Y,,,,1,2,0,2,1,Y,,Y,Y,Y,Y,Y,Y,12,N1,134,N1,7,Y,Y,,6,N1,12,,1,2,2,,16,3,6,2,1,2,2,2,21,,4,1,,,,,393,,,Y,N1,A2700004,8,,,,1,21,,,,,3,186,,,,,,,,,,,,,,,,,,,,,,,,,,,,,,,,5,5,,,,,,,,,,,,
2026-10-01 00:00:00,경상북도,A2700002,포항세명기독병원,20260930234851,054-275-0005,,,,,,1,1,1,2,1,,,Y,Y,Y,Y,Y,Y,5,Y,147,Y,12,N1,Y,,14,Y,15,,1,3,2,,52,3,14,6,,6,5,4,25,,,5,1,1,,1,662,,,Y,N1,A2700002,9,,,,0,,,,,,1,,,,,,,,,,,,,,,,,,,,,,,,,,,,,,,,,5,6,,,,,,,,,,,,
2026-10-01 00:00:00,경상북도,A2700019,의)근원의료재단경산중앙병원,20260930235509,053-715-0100,,,,,,,2,,,,,,Y,,Y,N1,N1,Y,7,N1,101,N1,3,N1,Y,,4,N1,10,,,2,,,11,,4,,,1,1,,9,,,,,,,,301,,,Y,N1,A2700019,10,,,,0,44,,,,,2,116,,,,,,,,,,,,,,,,,,,,,,,,,,,,,,,,,,,,,,,,,,,,,
2026-10-01 00:00:00,경상북도,A2700036,의료법인서명의료재단세명종합병원,20260930235257,053-819-8800,,,,,,,2,,,,,,Y,,Y,N1,N1,Y,6,N1,65,N1,3,N1,Y,,4,N1,13,,,2,,,14,,4,,,1,1,,6,,,,,,,,276,,,Y,N1,A2700036,11,,,,,2,,,,,,24,,,,,,,,,,,,,,,,,,,,,,,,,,,,,,,,,,,,,,,,,,,,,
2026-10-01 00:00:00,경상북도,A2700097,계명대학교경주동산병원,20260930235456,054-770-9500,,,,,,,1,,,,,,Y,,Y,N1,N1,Y,9,N1,56,N1,,N1,Y,,2,N1,9,,,1,,,,,2,,,1,1,,1,,,,,,,,88,,,Y,N1,A2700097,12,,,,,,,,,,,,,,,,,,,,,,,,,,,,,,,,,,,,,,,,,,,,,,,,,,,,,,,,
2026-10-01 00:00:00,경상북도,A2700070,의료법인영암의료재단고령영생병원,20260930235528,054-955-2661,,,,,,,1,,,,,,Y,,Y,N1,N1,Y,5,N1,27,N1,,N1,N1,,1,N1,5,,,1,,,,,1,,,1,,,1,,,,,,,,59,,,Y,N1,A2700070,13,,,,,,,,,,,,,,,,,,,,,,,,,,,,,,,,,,,,,,,,,,,,,,,,,,,,,,,,
2026-10-01 00:00:00,경상북도,A2700015,구미강동병원,20260930235517,054-453-7575,,,,9,,1,2,,,,,,Y,Y,Y,Y,N1,Y,5,N1,62,N1,4,N1,Y,,5,N1,7,,1,2,,,12,,5,,,1,1,1,3,,,,,,,,191,,9,Y,N1,A2700015,14,,,,,,,,,,,,,,,,,,,,,,,,,,,,,,,,,,,,,,,,,,,,,,,,,,,,,,,,
2026-10-01 00:00:00,경상북도,A2700018,경상북도김천의료원,20260930235502,054-432-8901,,,,,,1,,,,,,,Y,,Y,N1,N1,Y,14,N1,23,N1,7,N1,Y,,5,N1,17,,1,,,,22,,5,,,1,2,,7,,,,,,,,274,,,Y,N1,A2700018,15,,,,1,,,,,,3,,,,,,,,,,,,,,,,,,,,,,,,,,,,,,,,,,,,,,,,,,,,,,
2026-10-01 00:00:00,경상북도,A2700009,의료법인삼백의료재단상주성모병원,20260930235438,054-532-5001,,,,,,,1,,,,,,Y,,Y,N1,N1,Y,9,N1,23,N1,1,N1,Y,,3,N1,9,,,1,,,10,,3,,,1,1,,1,,,,,,,,172,,,Y,N1,A2700009,16,,,,,,,,,,,,,,,,,,,,,,,,,,,,,,,,,,,,,,,,,,,,,,,,,,,,,,,,
2026-10-01 00:00:00,경상북도,A2700011,상주적십자병원,20260930235505,054-534-3501,,Y,,,,1,,,,,Y,,Y,,Y,N1,Y,Y,9,N1,82,N1,6,Y,Y,,3,N1,9,,1,,,,10,,3,,1,1,1,,6,,2,1,,,,,164,,,Y,N1,A2700011,17,,,,,,,,,,,,,,,,,,,,,,,,,,,,,,,,,,,,,,,,,,,,,,,,,,,,,,,,
2026-10-01 00:00:00,경상북도,A2700001,경상북도안동의료원,20260930235502,054-850-6000,,,,,,,2,,,,,,Y,,Y,N1,N1,Y,6,N1,119,N1,0,N1,Y,,5,N1,6,,,2,,,10,,5,,,2,1,,7,,,,,,,,238,,,Y,N1,A2700001,18,,,,,,,,,,,,,,,,,,,,,,,,,,,,,,,,,,,,,,,,,,,,,,,,,,,,,,,,
2026-10-01 00:00:00,경상북도,A2700031,영주기독병원,20260930235453,054-635-6161,,Y,,,,,1,,,,Y,,Y,,Y,N1,N1,Y,4,N1,6,N1,,Y,N1,,1,N1,4,,,1,,,,,1,,1,1,,,1,,2,,,,,,70,,,Y,N1,A2700031,19,,,,,,,,,,,,,,,,,,,,,,,,,,,,,,,,,,,,,,,,,,,,,,,,,,,,,,,,
2026-10-01 00:00:00,경상북도,A2700020,영주자인병원,20260930235516,054-633-1131,,,,,,,1,,,,,,Y,,Y,N1,N1,Y,3,N1,26,N1,,N1,Y,,,N1,4,,,1,,,,,2,,,1,1,,,,,,,,,,133,,,N1,N1,A2700020,20,,,,,,,,,,,,,,,,,,,,,,,,,,,,,,,,,,,,,,,,,,,,,,,,,,,,,,,,
2026-10-01 00:00:00,경상북도,A2702752,영주적십자병원,20260930235348,054-630-0100,,,,,,1,,,,,,,Y,,Y,N1,Y,Y,9,N1,65,N1,1,N1,Y,,3,N1,10,,1,,,,10,,3,,,1,1,,4,,,1,,,,,140,,,Y,N1,A2702752,21,,,,,,,,,,,,,,,,,,,,,,,,,,,,,,,,,,,,,,,,,,,,,,,,,,,,,,,,
2026-10-01 00:00:00,경상북도,A2700017,영남대학교의과대학부속영천병원,20260930235133,0543389000,,,,,,1,2,,,,,,Y,,Y,N1,N1,Y,10,N1,47,N1,2,N1,Y,,4,N1,10,,1,2,,,10,,4,,,1,1,,1,,,,,,,,190,,,Y,N1,A2700017,22,,,,,,,,,,,,,,,,,,,,,,,,,,,,,,,,,,,,,,,,,,,,,,,,,,,,,,,,
2026-10-01 00:00:00,경상북도,A2700023,의료법인서준의료재단예천권병원,20260930235021,054-654-6611,,Y,,,,1,0,,,0,Y,,Y,,Y,N1,N1,Y,6,N1,76,N1,,Y,Y,,2,N1,6,,1,0,,,,,2,0,1,1,1,,3,,2,,,,,,173,,,Y,N1,A2700023,23,,,,,,,,,,,,,,,,,,,,,,,,,,,,,,,,,,,,,,,,,,,,,,,,,,,,,,,,
2026-10-01 00:00:00,경상북도,E2700553,울릉군보건의료원,20260930235501,054-790-6871,,,,,,,,,,,,,Y,,Y,N1,N1,Y,5,N1,27,N1,,N1,N1,,1,N1,5,,,,,,,,1,,,1,,,1,,,,,,,,27,,,Y,N1,E2700553,24,,,,,,,,,,,,,,,,,,,,,,,,,,,,,,,,,,,,,,,,,,,,,,,,,,,,,,,,
2026-10-01 00:00:00,경상북도,A2700052,울진군의료원,20260930235101,054-785-7000,,,,,,2,,,,2,,,Y,,Y,N1,N1,Y,8,N1,32,N1,,N1,Y,,3,N1,8,,2,,,,,,3,2,,1,1,,1,,,,,,,,97,,,Y,N1,A2700052,25,,,,,,,,,,,,,,,,,,,,,,,,,,,,,,,,,,,,,,,,,,,,,,,,,,,,,,,,
2026-10-01 00:00:00,경상북도,A2700063,의료법인영제의료재단영남제일병원,20260930235419,054-861-9111,,,,,,,1,,,,,,Y,,Y,N1,N1,Y,4,N1,27,N1,,N1,N1,,1,N1,,,,,,,,,,,,,,,,,,,,,,,,,,Y,N1,A2700063,26,,,,,,,,,,,,,,,,,,,,,,,,,,,,,,,,,,,,,,,,,,,,,,,,,,,,,,,,
2026-10-01 00:00:00,경상북도,A2700038,의료법인대남의료재단청도대남병원,20260930235417,054-373-0606,,,,,,,,,,,,,Y,,Y,N1,N1,Y,10,N1,90,N1,,N1,Y,,1,N1,10,,,,,,,,1,,,1,1,,1,,,,,,,,115,,,Y,N1,A2700038,27,,,,,,,,,,,,,,,,,,,,,,,,,,,,,,,,,,,,,,,,,,,,,,,,,,,,,,,,
2026-10-01 00:00:00,경상북도,E2700554,청송군보건의료원,20260930235500,054-870-7100,,,,,,,1,,,,,,,,Y,N1,N1,N1,6,N1,47,N1,,N1,N1,,,N1,6,,,1,,,,,,,,,,,1,,,,,,,,39,,,Y,N1,E2700554,28,,,,,,,,,,,,,,,,,,,,,,,,,,,,,,,,,,,,,,,,,,,,,,,,,,,,,,,,
2026-10-01 00:00:00,경상북도,A2700008,에스포항병원,20260930235142,054-289-9000,Y,,,,,,1,,,,,,Y,Y,Y,Y,Y,Y,5,N1,39,N1,6,N1,Y,,4,N1,6,,,1,,,14,,4,,,2,2,3,9,9,,1,,,,,239,,,Y,Y,A2700008,29,,,,1,,,,,,1,,,,,,,,,,,,,,,,,,,,,,,,,,,,,,,,,,,,,,,,,,,,,,
2026-10-01 00:00:00,경상북도,A2702563,의료법인은성의료재단좋은선린병원,20260930235516,054-245-5000,,,,2,,,2,,,,,,Y,N,Y,N,N1,Y,9,N1,74,N1,0,N1,Y,,1,N,10,,,2,,,17,,4,,,1,1,2,7,,,,,,,14,281,,2,N,N1,A2702563,30,,,,1,,,,,,1,,,,,,,,,,,,,,,,,,,,,,,,,,,,,,,,,,,,,,,,,,,,,,
2026-10-01 00:00:00,경상북도,A2700005,경상북도포항의료원,20260930235502,054-247-0551,,,,,,1,1,,,4,,,Y,,Y,N1,N1,Y,6,N1,44,N1,9,N1,Y,,3,N1,8,,1,1,,,19,,3,7,,1,1,,4,,,,,,,,177,,,Y,N1,A2700005,31,,,,1,7,,,,,1,56,,,,,,,,,,,,,,,,,,,,,,,,,,,,,,,,,,,,,,,,,,,,,
2026-10-01 00:00:00,경상남도,A2800011,양산부산대학교병원,20260930235327,055-360-1000,Y,Y,0,,3,,1,3,11,4,Y,,Y,Y,Y,Y,Y,Y,7,Y,207,Y,,Y,Y,8,22,N1,23,8,,1,16,38,,30,25,4,4,6,5,6,92,24,23,19,12,2,,,766,2,,Y,Y,A2800011,1,2,3,2,0,13,,16,11,,0,33,2,2,0,3,2,,,4,9,1,1,0,0,4,5,1,0,,0,11,2,,10,6,1,1,0,0,4,,,,,,,,,,,,,,,,
2026-10-01 00:00:00,경상남도,A2800001,경상국립대학교병원,20260930235401,055-750-8000,Y,Y,,,3,2,3,3,6,6,Y,,Y,Y,Y,Y,Y,Y,17,Y,171,Y,,Y,Y,6,14,N1,28,3,2,3,14,15,,30,15,7,7,3,3,4,16,9,19,5,4,17,,,652,,,Y,Y,A2800001,2,,2,1,0,14,12,8,9,20,3,26,,,0,,6,2,6,,,,,,,,,,,,,,,,,,,,,,,,,,,2,6,2,6,22,2,40,2,,,,
2026-10-01 00:00:00,경상남도,A2800020,학교법인성균관대학삼성창원병원,20260930235442,055-233-8899,Y,Y,,,8,2,3,3,9,3,Y,,Y,Y,Y,Y,Y,Y,21,Y,106,Y,,Y,Y,15,16,N1,27,8,2,3,19,24,,30,16,5,7,4,3,4,45,8,20,5,3,3,,,645,,,Y,Y,A2800020,3,,1,10,1,,,15,20,,3,,,,1,,1,,,,,,,,,,,,,,,,,,,,,,,,,,,,,,,,,,,,,,,,
2026-10-01 00:00:00,경상남도,A2800010,의료법인환명의료재단 조은금강병원,20260930235049,055-330-0300,,,,,,1,2,,,,,,Y,Y,Y,Y,N1,Y,13,N1,59,N1,5,N1,Y,,3,Y,17,,1,2,,,23,,4,,,1,2,1,7,,,,,,,2,305,,,Y,N1,A2800010,4,,,,0,8,,,,,1,96,,,,,,,,,,,,,,,,,,,,,,,,,,,,,,,,,,,,,,,,,,,,,
2026-10-01 00:00:00,경상남도,A2800006,의료법인숭인의료재단 김해복음병원,20260930235216,055-330-8888,,,,,,1,3,,,,,,Y,Y,Y,Y,Y,Y,15,N1,6,N1,2,N1,Y,,5,N1,16,,1,3,,,18,,5,,,2,3,1,3,,,3,,,,,359,,,Y,N1,A2800006,5,,,,1,,,,,,1,,,,,,,,,,,,,,,,,,,,,,,,,,,,,,,,,,,,,,,,,,,,,,
2026-10-01 00:00:00,경상남도,A2800043,한일병원,20260930235236,055-759-7777,,,,,,1,1,0,2,,,,Y,Y,Y,Y,Y,Y,14,N1,32,N1,5,N1,Y,,4,Y,17,,1,2,2,,13,3,4,,,2,2,1,6,,,1,,,,1,282,,,Y,N1,A2800043,6,,,,1,,,,,,1,,,,,,,,,,,,,,,,,,,,,,,,,,,,,,,,,,,,,,,,,,,,,,
2026-10-01 00:00:00,경상남도,A2800003,제일병원,20260930235441,055-750-7123,,,,,,1,2,2,0,,,Y,Y,Y,Y,Y,N1,Y,15,N1,49,N1,5,N1,Y,,3,Y,17,,1,2,2,,9,3,7,,,2,2,1,4,,,,,,1,1,258,,,Y,N1,A2800003,7,,,,,,,,,,,,,,,,,,,,,,,,,,,,,,,,,,,,,,,,,,,,,,,,,,,,,,,,
2026-10-01 00:00:00,경상남도,A2800017,의료법인합포의료재단에스엠지연세병원,20260930235509,055-243-0100,,,,,,1,2,0,1,,,,Y,Y,Y,Y,Y,Y,16,N1,50,N1,1,N1,Y,,4,N1,17,,1,2,2,,10,3,4,,,1,2,1,7,,,1,,,,,283,,,Y,N1,A2800017,8,,,,1,,,,,,1,,,,,,,,,,,,,,,,,,,,,,,,,,,,,,,,,,,,,,,,,,,,,,
2026-10-01 00:00:00,경상남도,A2803505,창원경상국립대학교병원,20260930235100,055-214-2000,Y,Y,,,,1,1,,,6,Y,,Y,Y,Y,Y,Y,Y,14,Y,134,Y,8,Y,Y,0,13,N1,18,,1,2,,17,34,,13,6,9,3,2,5,52,9,22,6,7,14,,,437,,,Y,Y,A2803505,9,,,,1,9,,,,,2,22,,,,,,,,,,,,,,0,,,,,,,,,,,,,,,0,,,0,0,,,,,,,,,,5,,5
2026-10-01 00:00:00,경상남도,A2800007,창원한마음병원,20260930235410,055-225-0000,Y,Y,,,,1,2,,,0,Y,,Y,Y,Y,Y,Y,Y,11,Y,20,Y,,Y,Y,10,13,Y,21,,1,3,,10,,,13,6,2,4,4,4,29,3,11,6,1,2,,2,688,,,Y,Y,A2800007,10,,2,6,1,,,25,37,,1,,,,,,,,,,,,,,,,,,,,,,,,,,,,,,,,,,,,,,,,,,,,,,
2026-10-01 00:00:00,경상남도,A2800004,창원파티마병원,20260930235107,055-270-1000,Y,Y,,,,1,2,0,1,6,Y,Y,Y,Y,Y,Y,Y,Y,10,N1,90,Y,,Y,Y,1,7,N1,17,,1,2,2,2,,3,7,6,2,4,3,3,16,3,6,3,,4,1,,444,,,Y,Y,A2800004,11,,4,2,1,,,12,13,,2,,,,,,,,,,,,,,,,,,,,,,,,,,,,,,,,,,,,,,,,,,,,,,
2026-10-01 00:00:00,경상남도,A2800008,의료법인 거붕 백병원,20260930235508,055-733-0000,,,,,,,1,,,,,,Y,,Y,N1,N1,Y,6,N1,47,N1,6,N1,Y,,4,N1,9,,,1,,,20,,4,,,2,2,,12,,,,,,,,365,,,Y,N1,A2800008,12,,,,,,,,,,,,,,,,,,,,,,,,,,,,,,,,,,,,,,,,,,,,,,,,,,,,,,,,
2026-10-01 00:00:00,경상남도,A2800005,의료법인 대우의료재단대우병원,20260930235236,055-680-8114,,,,,,,1,,,,,,Y,,Y,N1,N1,Y,9,N1,52,N1,1,N1,Y,,4,N1,9,,,1,,,10,,4,,,2,1,,5,,,,,,,,231,,,Y,N1,A2800005,13,,,,,,,,,,,,,,,,,,,,,,,,,,,,,,,,,,,,,,,,,,,,,,,,,,,,,,,,
2026-10-01 00:00:00,경상남도,A2800022,의료법인 성념의료재단맑은샘병원,20260930234754,055-731-1240,,,,,,,1,,,,,,Y,,Y,N1,N1,Y,9,N1,20,N1,,N1,Y,,2,N1,9,,,1,,,,,2,,,1,1,,4,,,,,,,,200,,,Y,N1,A2800022,14,,,,,,,,,,,,,,,,,,,,,,,,,,,,,,,,,,,,,,,,,,,,,,,,,,,,,,,,
2026-10-01 00:00:00,경상남도,A2800076,거창적십자병원,20260930235358,0559443251,,Y,,,,,1,,,,Y,,Y,,Y,N1,N1,Y,9,N1,33,N1,,Y,Y,,2,N1,9,,,1,,,,,2,,1,1,1,,2,,2,,,,,,91,,,Y,N1,A2800076,15,,,,,,,,,,,,,,,,,,,,,,,,,,,,,,,,,,,,,,,,,,,,,,,,,,,,,,,,
2026-10-01 00:00:00,경상남도,A2800032,강병원,20260930235107,055-673-0101,,,,,,,1,,,,,,Y,,Y,N1,N1,Y,9,N1,39,N1,,N1,Y,,1,N1,9,,,1,,,,,1,,,1,1,,1,,,,,,,,99,,,Y,N1,A2800032,16,,,,,,,,,,,,,,,,,,,,,,,,,,,,,,,,,,,,,,,,,,,,,,,,,,,,,,,,
2026-10-01 00:00:00,경상남도,A2800014,의료법인갑을의료재단 갑을장유병원,20260930235252,055-310-6000,,,,,,1,,,,,,,Y,,Y,N1,N1,Y,3,N1,48,N1,,N1,Y,,4,N1,9,,1,,,,,,4,,,1,1,,1,,,,,,,,210,,,Y,N1,A2800014,17,,,,,,,,,,,,,,,,,,,,,,,,,,,,,,,,,,,,,,,,,,,,,,,,,,,,,,,,
2026-10-01 00:00:00,경상남도,A2800094,의료법인 이도의료재단 남해병원,20260930235014,055-863-2201,N,N,,,,1,1,,,,N,N,Y,N,Y,N,N,Y,8,N,81,N,,N,Y,,2,N,,,,,,,,,,,,,,,,,,,,,,,,,,N,N,A2800094,18,,,,,,,,,,,,,,,,,,,,,,,,,,,,,,,,,,,,,,,,,,,,,,,,,,,,,,,,
2026-10-01 00:00:00,경상남도,A2800113,밀양병원,20260930235152,055-351-3993,,,,,,,1,,,,,,Y,,Y,N1,N1,Y,7,N1,17,N1,,N1,Y,,0,N1,9,,,1,,,,,0,,,1,1,,1,,,,,,,,200,,,Y,N1,A2800113,19,,,,,,,,,,,,,,,,,,,,,,,,,,,,,,,,,,,,,,,,,,,,,,,,,,,,,,,,
2026-10-01 00:00:00,경상남도,A2800068,의료법인승연의료재단 삼천포서울병원,20260930234543,055-835-9900,,,,,,,1,,,,,,Y,Y,Y,Y,N1,Y,7,N1,60,N1,,N1,Y,,3,Y,9,,,1,,,,,3,,,1,2,1,4,,,,,,,1,287,,,Y,N1,A2800068,20,,,,,,,,,,,,,,,,,,,,,,,,,,,,,,,,,,,,,,,,,,,,,,,,,,,,,,,,
2026-10-01 00:00:00,경상남도,A2800101,삼천포제일병원,20260930235512,055-833-4400,,,,,,,2,,,,,,Y,,Y,N1,N1,Y,8,N1,61,N1,,N1,Y,,2,N,8,,,2,,,,,2,,,1,1,,1,,,,,,,1,214,,,Y,N1,A2800101,21,,,,,,,,,,,,,,,,,,,,,,,,,,,,,,,,,,,,,,,,,,,,,,,,,,,,,,,,
2026-10-01 00:00:00,경상남도,E2800380,산청군보건의료원,20260930235501,055-970-7500,,,,,,,1,,,,,,,,Y,N1,N1,N1,5,N1,20,N1,,N1,N1,,,N1,5,,,1,,,,,,,,,,,1,,,,,,,,20,,,Y,N1,E2800380,22,,,,,,,,,,,,,,,,,,,,,,,,,,,,,,,,,,,,,,,,,,,,,,,,,,,,,,,,
2026-10-01 00:00:00,경상남도,A2804593,양산성모병원,20260930235520,1600-7582,,,,,,1,,,,,,,Y,,Y,N1,N1,Y,11,N1,141,N1,4,N1,Y,,0,N1,13,,1,,,,6,,4,,,1,2,,1,,,,,,,,214,,,Y,N1,A2804593,23,,,,,,,,,,,,,,,,,,,,,,,,,,,,,,,,,,,,,,,,,,,,,,,,,,,,,,,,
2026-10-01 00:00:00,경상남도,A2800019,베데스다복음병원,20260930235400,055-384-9901,,,,,,,1,,,,,,Y,,Y,N1,N1,Y,9,N1,55,N1,,N1,Y,,3,N1,9,,,1,,,,,3,,,1,1,,1,,,,,,,,133,,,Y,N1,A2800019,24,,,,,,,,,,,,,,,,,,,,,,,,,,,,,,,,,,,,,,,,,,,,,,,,,,,,,,,,
2026-10-01 00:00:00,경상남도,A2800090,의령병원,20260930235428,055-573-4100,,,,,,,1,,,,,,Y,,Y,N1,N1,Y,3,N1,38,N1,,N1,N1,,,N1,4,,,1,,,,,,,,1,,,1,,,,,,,,58,,,Y,N1,A2800090,25,,,,,,,,,,,,,,,,,,,,,,,,,,,,,,,,,,,,,,,,,,,,,,,,,,,,,,,,
2026-10-01 00:00:00,경상남도,A2800084,반도병원,20260930235006,0557476000,,,,,,,1,,,,,,Y,,Y,N1,N1,Y,7,N1,70,N1,,N1,Y,,3,N1,7,,,1,,,,,3,,,1,1,,3,,,,,,,,165,,,Y,N1,A2800084,26,,,,,,,,,,,,,,,,,,,,,,,,,,,,,,,,,,,,,,,,,,,,,,,,,,,,,,,,
2026-10-01 00:00:00,경상남도,A2800015,의료법인 문병욱의료재단 진주고려병원,20260930235216,055-751-2500,,,,,,,1,,,,,,Y,Y,Y,Y,N1,Y,8,N1,103,N1,1,N1,Y,,0,Y,9,,,1,,,9,,4,,,2,2,1,4,,,,,,,1,229,,,Y,N1,A2800015,27,,,,,,,,,,,,,,,,,,,,,,,,,,,,,,,,,,,,,,,,,,,,,,,,,,,,,,,,
2026-10-01 00:00:00,경상남도,A2800037,진주복음병원,20260930235528,055-749-7110,,,,,,,1,,,,,,Y,,Y,N1,N1,Y,6,N1,41,N1,,N1,N,,3,N1,9,,,1,,,,,3,,,1,1,,1,,,,,,,,131,,,N,N1,A2800037,28,,,,,,,,,,,,,,,,,,,,,,,,,,,,,,,,,,,,,,,,,,,,,,,,,,,,,,,,
2026-10-01 00:00:00,경상남도,A2800062,태황의료재단한성병원,20260930235454,0555305000,,,,,,,1,,,,,,,,Y,N1,N1,N1,9,N1,81,N1,,N1,N1,,,N1,9,,,1,,,,,,,,,,,,,,,,,,,167,,,N1,N1,A2800062,29,,,,,,,,,,,,,,,,,,,,,,,,,,,,,,,,,,,,,,,,,,,,,,,,,,,,,,,,
2026-10-01 00:00:00,경상남도,A2800025,경상남도마산의료원,20260930235502,055-249-1000,,,,,,1,1,,,20,,,Y,,Y,N1,Y,Y,13,N1,85,N1,3,N1,Y,,4,N1,13,,1,1,,,6,,5,27,,1,1,,17,,,2,,,,,263,,,Y,N1,A2800025,30,,,,2,,,,,,2,,,,,,,,,,,,,,,,,,,,,,,,,,,,,,,,,,,,,,,,,,,,,,
2026-10-01 00:00:00,경상남도,A2800009,의료법인청아의료재단청아병원,20260930235512,055-230-1500,,,,,,,1,,,,,,Y,,Y,N1,N1,Y,5,N1,84,N1,,N1,Y,,3,N1,9,,,1,,,,,4,,,2,2,,4,,,,,,,,274,,,Y,N1,A2800009,31,,,,,,,,,,,,,,,,,,,,,,,,,,,,,,,,,,,,,,,,,,,,,,,,,,,,,,,,
2026-10-01 00:00:00,경상남도,A2800021,연세에스병원,20260930235243,055-548-7700,,,,,,,1,,,,,,Y,Y,Y,Y,N1,Y,8,N1,91,N1,7,N1,Y,,3,N1,9,,,1,,,10,,3,,,2,2,1,5,,,,,,,,255,,,Y,N1,A2800021,32,,,,,,,,,,,,,,,,,,,,,,,,,,,,,,,,,,,,,,,,,,,,,,,,,,,,,,,,
2026-10-01 00:00:00,경상남도,A2800092,새통영병원,20260930235517,055-646-6000,,,,,,,1,,,,,,Y,,Y,N1,N1,Y,7,N1,75,N1,,N1,Y,,3,N1,9,,,1,,,,,3,,,1,2,,3,,,,,,,,256,,,Y,N1,A2800092,33,,,,,,,,,,,,,,,,,,,,,,,,,,,,,,,,,,,,,,,,,,,,,,,,,,,,,,,,
2026-10-01 00:00:00,경상남도,A2800080,함양성심병원,20260930235258,055-963-4322,,,,,,,1,,,,,,Y,,Y,N1,N1,Y,4,N1,28,N1,,N1,Y,,2,N1,4,,,1,,,,,2,,,1,1,,1,,,,,,,,121,,,Y,N1,A2800080,34,,,,,,,,,,,,,,,,,,,,,,,,,,,,,,,,,,,,,,,,,,,,,,,,,,,,,,,,
2026-10-01 00:00:00,경상남도,A2800055,삼성합천병원,20260930235501,055-933-2200,,,,,,,1,,,,,,Y,,Y,N1,N1,Y,4,N1,23,N1,,N1,Y,,2,N1,4,,,1,,,,,2,,,1,1,,1,,,,,,,,141,,,Y,N1,A2800055,35,,,,,,,,,,,,,,,,,,,,,,,,,,,,,,,,,,,,,,,,,,,,,,,,,,,,,,,,
2026-10-01 00:00:00,제주특별자치도,A2900001,제주한라병원,20260930235229,064740-5000,Y,Y,1,,3,2,3,4,14,,Y,,Y,Y,Y,Y,Y,Y,13,Y,109,Y,4,Y,Y,3,6,N1,15,3,2,3,14,7,15,30,6,,2,3,2,3,46,3,8,9,4,2,,,414,4,,Y,Y,A2900001,1,,,,,,11,,,20,,,,,1,,2,,,,,,,,,,,,,,,,,,,,,,,,,,,,,1,6,2,6,9,2,40,2,2,,4,
2026-10-01 00:00:00,제주특별자치도,A2900002,제주특별자치도서귀포의료원,20260930235402,064-730-3000,,Y,,,4,1,4,2,3,,Y,,Y,Y,Y,Y,Y,Y,13,N1,146,N1,7,Y,Y,,4,Y,16,4,1,4,2,,17,3,4,,1,2,1,1,16,,4,3,,,,1,326,,,Y,N1,A2900002,2,,,,3,1,,,,,3,26,,,,,,,,,,,,,,,,,,,,,,,,,,,,,,,,,,,,,,,,,,,,,
2026-10-01 00:00:00,제주특별자치도,A2900007,제주대학교병원,20260930235500,064-717-1114,Y,Y,,,,1,0,,,1,Y,,Y,Y,Y,Y,Y,Y,6,Y,94,Y,,Y,Y,12,12,N1,20,,1,5,,16,,,12,9,3,2,2,4,45,8,17,10,5,3,,,458,,,Y,Y,A2900007,3,,3,2,,0,,12,12,,,20,,,,,,4,6,,,,,,,,3,,,,,3,,,,,,,,,,,,,,,,,,,,,,,,,
2026-10-01 00:00:00,제주특별자치도,A2900005,한마음병원,20260930235127,064-750-9000,,,,,,0,1,0,0,,,,Y,Y,Y,Y,Y,Y,8,N1,48,N1,5,N1,Y,,4,N1,17,,1,2,2,,10,3,4,,,1,1,1,6,,,2,,,,,213,,,Y,N1,A2900005,4,,,,,,,,,,,,,,,,,,,,,,,,,,,,,,,,,,,,,,,,,,,,,,,,,,,,,,,,
2026-10-01 00:00:00,제주특별자치도,A2900006,의료법인중앙의료재단중앙병원,20260930235458,064-786-7000,,,,,1,1,2,2,3,,,,Y,Y,Y,Y,Y,Y,9,Y,99,N1,8,N1,Y,,3,N1,16,1,1,2,2,,14,3,3,,,1,1,2,10,,,2,1,,,,278,,,Y,N1,A2900006,5,,,,1,,,,,,1,,,,,,,,,,,,,,,,,,,,,,,,,,,,,,,,,,,,,,,,,,,,,,
2026-10-01 00:00:00,제주특별자치도,A2900003,의료법인 혜인의료재단 한국병원,20260930235356,064-750-0000,,,,,,,1,,,,,,Y,,Y,N1,N1,Y,1,N1,44,N1,2,N1,Y,,2,N1,9,,,1,,,10,,3,,,1,1,,6,,,,,,,,209,,,Y,N1,A2900003,6,,,,,,,,,,,,,,,,,,,,,,,,,,,,,,,,,,,,,,,,,,,,,,,,,,,,,,,,
2026-10-01 00:30:00,서울특별시,A1100043,강동경희대학교병원,20261001002517,02-440-7114,Y,Y,1,2,3,2,3,2,3,0,Y,N,Y,Y,Y,Y,Y,Y,4,Y,128,Y,3,Y,Y,10,17,N,15,3,2,3,19,17,27,30,17,1,8,2,2,3,32,9,13,4,1,1,0,0,625,3,2,Y,Y,A1100043,1,,,,,,,,,,,,,,,,,,,,,,,,,,,,,,,,,,,,,,,,,,,,,,,,,,,,,,,,
2026-10-01 00:30:00,서울특별시,A1100014,고려대학교의과대학부속구로병원,20261001002035,02-2626-1114,Y,Y,,,2,,,3,3,3,Y,,Y,Y,Y,Y,Y,Y,1,Y,46,Y,7,Y,Y,1,23,N1,29,3,,,20,23,35,30,24,4,2,6,4,4,98,11,35,15,10,3,,,778,,,Y,Y,A1100014,2,2,1,0,1,3,0,20,4,6,10,18,5,,,,,,,,,,,,,,,,,,,,,,,,,,,,,,,,,,,,,,,,,,,,
2026-10-01 00:30:00,서울특별시,A1100013,한양대학교병원,20261001002259,02-2290-8114,Y,Y,1,,1,,,5,6,0,Y,,Y,Y,Y,Y,Y,Y,5,Y,107,Y,0,Y,Y,0,16,Y,20,3,,,22,14,0,30,16,2,1,3,2,3,69,10,23,13,6,3,,1,670,2,,Y,Y,A1100013,3,4,0,,0,4,,12,,,2,16,4,2,1,8,5,,,,,,,,,,,,,,,,,,,,,,,,,,,,,,,,,,,,,,,,
2026-10-01 00:30:00,서울특별시,A1100008,학교법인 고려중앙학원 고려대학교의과대학부속병원(안암병원),20261001002522,1577-0083,Y,Y,0,,4,,,2,0,0,Y,,Y,Y,Y,Y,Y,Y,8,Y,28,Y,,Y,Y,-3,23,Y,30,4,,,15,17,,31,25,3,4,7,6,8,84,14,20,11,8,7,,1,777,6,,Y,Y,A1100008,4,2,1,2,0,2,,16,19,,6,10,2,6,,7,,3,9,,,,,,,,,,,,,,,,,,,,,,,,,,,,,,,,,,,,,,
2026-10-01 00:30:00,서울특별시,A1100005,이화여자대학교의과대학부속목동병원,20261001002052,02-2650-5114,Y,Y,0,,8,2,3,3,3,2,Y,,Y,Y,Y,Y,Y,Y,10,Y,32,Y,,Y,Y,7,13,Y,19,8,2,4,19,28,,32,13,9,2,4,4,4,58,10,34,9,3,5,,1,526,1,,Y,Y,A1100005,5,,0,3,0,6,,10,13,,4,10,,,0,,1,,,3,14,,,,,,,,,,,,,,,,,,,,,,,,,,,,,,,,,,,,
2026-10-01 00:30:00,서울특별시,A1100017,서울대학교병원,20261001002514,02-1588-5700,Y,Y,0,,6,1,3,4,18,5,Y,Y,Y,Y,Y,Y,Y,Y,-4,Y,50,Y,,Y,Y,6,53,N1,24,10,2,4,17,40,,30,53,7,4,13,13,14,160,19,46,22,9,3,1,,1365,2,,Y,Y,A1100017,6,,2,3,10,7,,10,18,,28,41,,,1,,1,0,6,1,5,1,1,0,0,3,5,1,5,2,3,22,2,10,10,6,1,1,0,0,8,,,,,,,,,,,,,,,,
2026-10-01 00:30:00,서울특별시,A1100035,서울특별시서울의료원,20261001002500,02-2276-7000,Y,Y,2,,3,2,3,1,6,3,Y,Y,Y,Y,Y,Y,Y,Y,5,Y,99,Y,0,Y,Y,3,10,Y,19,3,2,3,14,3,5,28,10,3,4,5,3,5,65,5,12,7,2,4,1,2,461,2,,Y,Y,A1100035,7,,1,,,16,,7,,,,30,,,1,,4,,,2,6,,,,,,,,,,,,,,,,,,,,,0,2,,,,,,,,,,,,,,
2026-10-01 00:30:00,서울특별시,A1100015,연세대학교의과대학강남세브란스병원,20261001002144,02-2019-3114,Y,Y,,,2,1,2,,,4,Y,,Y,Y,Y,Y,Y,Y,9,Y,85,Y,12,Y,Y,1,23,N1,21,2,1,2,,28,29,,23,5,1,4,3,6,47,10,23,6,3,5,,,691,,,Y,Y,A1100015,8,,,,,,,,,,,,,,,,,5,8,3,12,,,,,,,,,,,,,,,,,,,,,,,,,,,,,,,,,,,,
2026-10-01 00:30:00,서울특별시,A1100010,삼성서울병원,20261001002512,02-3410-2114,Y,Y,,,1,1,2,,,3,Y,,Y,Y,Y,Y,Y,Y,-42,Y,106,Y,,Y,Y,6,45,N1,52,4,2,2,,59,,,46,8,6,19,16,15,117,22,43,21,11,2,,,1528,,,Y,Y,A1100010,9,,4,9,,3,,28,23,,,27,,,,,,3,12,1,12,,,,,,2,,,,12,14,,,36,,,,,,,,,,,,,,,,,,,,,,
2026-10-01 00:30:00,서울특별시,A1100028,성심의료재단강동성심병원,20261001002045,02-2224-2114,Y,Y,,,,1,4,,,0,Y,,Y,Y,Y,Y,Y,Y,6,Y,99,Y,0,Y,Y,2,13,N1,15,,1,6,,3,19,,13,2,1,4,2,5,35,3,3,8,3,1,,,566,,,Y,Y,A1100028,10,,1,,2,,,18,,,5,,,,,,,,,,,,,,,,,,,,,,,,,,,,,,,,,2,2,,,,,,,,,,,,
2026-10-01 00:30:00,서울특별시,A1100053,한국보훈복지의료공단 중앙보훈병원,20261001002117,02-2225-1111,,,,,,1,2,1,0,1,N,,Y,Y,Y,Y,Y,Y,16,Y,135,N1,,N1,Y,,13,N1,22,,1,2,2,,,3,13,7,1,3,4,4,38,,,10,1,,,,820,,,Y,N1,A1100053,11,,6,7,1,39,,14,14,,1,60,,,,,,0,10,1,13,,,,,,,,,,,,,,,,,,,,,,,,,,,,,,,,,,,,
2026-10-01 00:30:00,서울특별시,A1120796,이화여자대학교의과대학부속서울병원,20261001002101,1522-7000,Y,Y,,,4,2,6,,,0,Y,,Y,Y,Y,Y,Y,Y,-3,Y,118,Y,0,Y,Y,3,19,N1,14,9,2,6,,24,11,,19,4,2,5,5,8,71,9,22,12,4,5,,,736,,,Y,Y,A1120796,12,,1,2,1,,,10,17,,7,,,,,,,1,11,2,17,,,,,,,,,,3,,,,19,,,,,,,,,,,,,,,,,,,,,,
2026-10-01 00:30:00,서울특별시,A1100041,의료법인서울효천의료재단 에이치플러스양지병원,20261001002510,02-1877-8875,,,,,,1,2,,,1,,,Y,Y,Y,Y,Y,Y,7,Y,13,Y,1,N1,Y,,7,N1,18,,1,2,,,27,,7,3,,2,3,3,23,,,5,1,1,,,293,,,Y,N1,A1100041,13,,,,0,,,,,,1,,,,,,,,,,,,,,,,,,,,,,,,,,,,,,,,,,,,,,,,,,,,,,
2026-10-01 00:30:00,서울특별시,A1100002,건국대학교병원,20261001002249,1588-1533,Y,Y,,,4,1,2,,,3,Y,,Y,Y,Y,Y,Y,Y,11,Y,61,Y,,Y,Y,1,21,N1,20,4,1,2,,16,,,21,3,2,4,4,5,45,7,18,7,3,14,,,678,,,Y,Y,A1100002,14,,11,2,1,7,,24,25,,1,14,,,,,,,,,,,,,,,,,,,,,,,,,,,,,,,,,,,,,,,,,,,,,
2026-10-01 00:30:00,서울특별시,A1100016,인제대학교상계백병원,20261001002133,02-950-1114,Y,Y,,,,1,2,,,0,Y,,Y,Y,Y,Y,Y,Y,7,Y,34,Y,,Y,Y,2,12,N1,16,,1,2,,15,,,13,2,2,3,2,3,36,10,25,10,3,1,,,390,,,Y,Y,A1100016,15,,2,2,2,1,,19,18,,4,5,,,,,,,,,,,,,,,,,,,,,,,,,,,,,,,,2,4,,,,,,,,,,,,
2026-10-01 00:30:00,서울특별시,A1100048,노원을지대학교병원,20261001002102,02-970-8000,Y,Y,,,,1,4,,,0,Y,,Y,Y,Y,Y,Y,Y,9,Y,198,N1,,Y,Y,0,11,N1,17,,1,4,,10,,,11,1,3,2,2,2,26,8,19,3,1,,,,479,,,Y,Y,A1100048,16,,-1,0,2,3,,16,16,,2,21,,,,,,,,,,,,,,,,,,,,,,,,,,,,,,,,,,0,0,0,0,,,,,,,,
2026-10-01 00:30:00,서울특별시,A1100020,의료법인한전의료재단 한일병원,20261001002504,02-901-3114,N,N,,,2,2,2,1,2,2,,Y,Y,Y,Y,Y,Y,Y,14,N1,64,Y,6,N,Y,,8,N,21,2,2,2,2,,21,3,8,5,,2,1,2,25,1,4,2,,4,2,2,389,,,Y,N,A1100020,17,,,,0,,,,,,1,,,,,,,,,,,,,,,,,,,,,,,,,,,,,,,,,,,,,,,,,,,,,,
2026-10-01 00:30:00,서울특별시,A1100001,경희대학교병원,20261001002440,02-958-8114,Y,Y,,,1,2,3,,,8,Y,,Y,Y,Y,Y,Y,Y,12,Y,135,Y,22,Y,Y,9,16,N1,15,3,2,3,,26,65,,16,10,3,3,3,5,48,6,12,8,3,2,,,653,,,Y,Y,A1100001,18,,,,,4,,,,,,20,,,,,,,,2,15,,,,,,,,,,,,,,,,,,,,,,,,,,,,,,,,,,,,
2026-10-01 00:30:00,서울특별시,A1100021,삼육서울병원,20261001002103,02-2244-0191,,N,,,,1,1,1,2,3,Y,,Y,Y,Y,Y,Y,Y,11,Y,88,Y,4,N,Y,4,5,Y,13,,1,2,2,4,15,3,5,4,2,1,1,2,20,,4,5,2,1,,1,389,,,Y,N1,A1100021,19,,,,0,,,,,,1,,,,,,,,,,,,,,,,,,,,,,,,,,,,,,,,,0,4,,,,,,,,,,,,
2026-10-01 00:30:00,서울특별시,A1100040,서울특별시보라매병원,20261001002500,02-870-2114,Y,Y,,,3,2,1,,,3,Y,,Y,Y,Y,Y,Y,Y,19,Y,129,Y,,Y,Y,1,14,N1,31,3,2,1,,14,,,14,3,4,6,3,5,48,14,13,5,9,2,,,695,,,Y,Y,A1100040,20,,3,6,1,5,,15,16,,4,14,,,,,,1,4,,,,,,,,,,,,,,,,,,,,,,,,,,,,,,,,,,,,,,
2026-10-01 00:30:00,서울특별시,A1100003,중앙대학교병원,20261001002508,1800-1114,Y,Y,0,,4,2,3,1,,0,Y,,Y,Y,Y,Y,Y,Y,10,Y,126,Y,,Y,Y,0,16,N1,22,4,2,3,12,25,,,16,2,2,4,3,4,51,9,21,13,6,12,,,629,1,,Y,Y,A1100003,21,0,1,2,0,1,,12,17,,11,2,0,0,,0,,,,,,,,,,3,,,,,,,,,,,,,,,4,,,,,,,,,,,,,,,,
2026-10-01 00:30:00,서울특별시,A1100007,연세대학교의과대학세브란스병원,20261001002359,02-2228-0114,Y,Y,,,6,1,1,,,1,Y,Y,Y,Y,Y,Y,Y,Y,-3,Y,193,Y,6,Y,Y,14,3,N1,39,8,1,3,,52,18,,3,30,8,16,16,17,206,55,61,21,16,21,1,,1872,,,Y,Y,A1100007,22,,4,8,2,6,,29,24,,5,20,,,,,,7,23,9,29,1,1,,,,7,0,2,2,7,22,2,10,17,6,1,1,,,,,,,,,,,,,,,,,,,
2026-10-01 00:30:00,서울특별시,A1100012,학교법인가톨릭학원가톨릭대학교서울성모병원,20261001002511,0215881511,Y,Y,,,4,,,1,1,0,Y,,Y,Y,Y,Y,Y,Y,-1,Y,48,Y,0,Y,Y,13,32,N1,28,7,,,2,50,5,6,32,10,2,9,10,8,80,40,39,11,9,4,,,1053,,,Y,Y,A1100012,23,1,3,9,10,11,,22,20,,18,35,1,3,,5,,0,10,5,19,1,0,,,,0,1,0,,3,3,2,,8,6,1,1,,,,,,,,,,,,,,,,,,,
2026-10-01 00:30:00,서울특별시,A1100009,재단법인아산사회복지재단 서울아산병원,20261001002215,02-3010-3114,Y,Y,1,,4,1,-1,1,1,1,Y,,Y,Y,Y,Y,Y,Y,1,Y,136,Y,3,Y,Y,21,4,Y,36,11,1,22,2,61,12,4,4,8,8,21,15,17,190,33,49,30,14,5,,1,2121,1,,Y,Y,A1100009,24,,0,5,7,9,,24,37,,47,28,,,1,,6,1,12,1,12,2,1,,,,2,0,0,4,5,26,2,13,12,6,2,1,,,,,,,,,,,,,,,,,,,
2026-10-01 00:30:00,서울특별시,A1100011,가톨릭대학교여의도성모병원,20261001002510,02-1661-7575,,,,,,1,4,2,,0,Y,,Y,Y,Y,Y,Y,Y,5,Y,9,Y,,N1,Y,,13,N1,15,,1,4,2,,,,13,1,2,2,2,2,23,,,5,1,2,,,330,,,Y,N1,A1100011,25,,-2,0,1,,,10,8,,1,,,,,,,,,0,9,,,,,,,,,,,,,,,,,,,,,,,,,,,,,,,,,,,,
2026-10-01 00:30:00,서울특별시,A1100055,한림대학교 강남성심병원,20261001002107,02-829-5114,Y,Y,,,3,3,2,0,1,,Y,,Y,Y,Y,Y,Y,Y,15,Y,117,Y,,Y,Y,3,14,N1,20,3,3,2,2,12,,3,14,,3,3,3,3,54,21,22,13,3,2,,,493,,,Y,Y,A1100055,26,,1,7,3,,,21,23,,7,,,,,,,4,10,,,,,,,,,,,,,,,,,,,,,,,,,,,,,,,,,,,,,,
2026-10-01 00:30:00,서울특별시,A1100054,성애의료재단성애병원,20261001002405,02-840-7114,Y,Y,,,,1,4,,,,Y,,Y,Y,Y,Y,Y,Y,13,N1,25,N1,1,Y,Y,4,5,N1,15,,1,4,,4,19,,5,,2,2,2,1,8,5,14,2,,,,,252,,,Y,Y,A1100054,27,,,,0,,,,,,1,,,,,,,,,,,,,,,,,,,,,,,,,,,,,,,,,,,,,,,,,,,,,,
2026-10-01 00:30:00,서울특별시,A1100004,순천향대학교부속서울병원,20261001002425,02-709-9114,Y,Y,,,3,1,2,0,1,0,Y,,Y,Y,Y,Y,Y,Y,8,Y,97,Y,1,Y,Y,-2,14,N1,20,4,1,2,2,13,43,3,14,4,7,3,3,4,51,8,17,14,5,3,,,597,,,Y,Y,A1100004,28,,,,2,5,,,,,10,21,,,,,,,,,,,,,0,0,,,,,,,,,,,,,,0,0,,,0,0,,,,,,,,,,,,
2026-10-01 00:30:00,서울특별시,A1121013,가톨릭대학교은평성모병원,20261001002510,02-1811-7755,Y,Y,,,7,0,2,,,1,Y,,Y,Y,Y,Y,Y,Y,11,Y,106,Y,,Y,Y,3,19,N1,24,8,2,2,,19,,,19,5,1,4,3,5,46,19,22,10,5,20,,,651,,,Y,Y,A1121013,29,,0,0,0,,,16,9,,4,,,,,,,-1,12,-1,13,,,,,,,,,,,,,,,,,,,,,,,,,,,,,,,,,,,,
2026-10-01 00:30:00,서울특별시,A1100006,강북삼성병원,20261001002527,02-2001-2001,Y,Y,,,2,1,2,,,1,Y,,Y,Y,Y,Y,Y,Y,2,Y,39,Y,3,Y,Y,-1,16,N1,15,2,1,2,,14,24,,16,2,1,5,4,6,54,13,14,8,4,3,,,543,,,Y,Y,A1100006,30,,,2,2,9,,,4,,5,18,,,,,,,,2,12,,,,,,,,,,2,,,,8,,,,,,,,,,,,,,,,,,,,,,
2026-10-01 00:30:00,서울특별시,A1100052,국립중앙의료원,20261001002505,02-2260-7114,N,Y,,0,3,2,2,1,0,5,Y,,Y,Y,Y,Y,Y,Y,9,Y,0,Y,9,Y,Y,,7,N1,15,3,2,3,6,,13,0,7,7,1,1,1,2,56,1,3,5,5,2,,,202,,0,Y,N,A1100052,31,,,0,2,,0,,0,20,2,,,,,,,,,,,,,0,,0,,,,,,,,,,,,,0,,0,,,5,5,2,6,2,6,0,2,50,2,,,,
2026-10-01 00:30:00,서울특별시,A1100036,부민병원,20261001002036,1577-7582,,Y,,,,1,,,,1,Y,,Y,Y,Y,Y,Y,Y,9,Y,54,N1,3,Y,Y,,8,N1,10,,1,,,,14,,8,3,1,3,3,1,22,,1,2,1,,,,282,,,Y,N1,A1100036,32,,,,0,,,,,,1,,,,,,,,,,,,,,,,,,,,,,,,,,,,,,,,,,,,,,,,,,,,,,
2026-10-01 00:30:00,서울특별시,A1100051,혜민병원,20261001002038,02-2049-9000,,,,,,1,,,,,,,Y,,Y,N1,Y,Y,7,N1,20,N1,8,N1,Y,,5,N1,9,,1,,,,19,,5,,,2,2,,16,,,2,,,,,205,,,Y,N1,A1100051,33,,,,,,,,,,,,,,,,,,,,,,,,,,,,,,,,,,,,,,,,,,,,,,,,,,,,,,,,
2026-10-01 00:30:00,서울특별시,A1100026,구로성심병원,20261001002433,02-2067-1500,,,,,,,1,,,,,,Y,,Y,N1,N1,Y,1,N1,37,N1,4,N1,Y,,3,N1,9,,,1,,,11,,3,,,1,1,,5,,,,,,,,191,,,Y,N1,A1100026,34,,,,,,,,,,,,,,,,,,,,,,,,,,,,,,,,,,,,,,,,,,,,,,,,,,,,,,,,
2026-10-01 00:30:00,서울특별시,A1100049,희명병원,20261001002318,02-804-0002,,,,,,,1,,,,,,Y,,Y,N1,Y,Y,9,Y,112,N1,8,N1,Y,,4,N1,10,,,1,,,19,,4,,,1,1,,9,,,1,1,,,,228,,,Y,N1,A1100049,35,,,,,,,,,,,,,,,,,,,,,,,,,,,,,,,,,,,,,,,,,,,,,,,,,,,,,,,,
2026-10-01 00:30:00,서울특별시,A1100027,한국원자력의학원원자력병원,20261001002258,02-970-2114,,Y,,,,1,0,,,0,Y,,Y,Y,Y,Y,Y,Y,8,N1,134,N1,6,Y,Y,,10,N1,9,,1,1,,,10,,10,1,1,4,2,1,16,,2,1,,,,,444,,,Y,N1,A1100027,36,,,,1,,,,,,1,,,,,,,,,,,,,,,,,,,,,,,,,,,,,,,,,1,1,,,,,,,,,,,,
2026-10-01 00:30:00,서울특별시,A1100022,서울특별시동부병원,20261001002520,02-920-9114,,Y,,,,1,1,,,,Y,,Y,,Y,N1,Y,Y,8,N1,34,N1,4,Y,Y,,3,N1,8,,1,1,,,8,,3,,1,1,1,,7,,1,1,,,,,195,,,Y,N1,A1100022,37,,,,0,,,,,,1,,,,,,,,,,,,,,,,,,,,,,,,,,,,,,,,,,,,,,,,,,,,,,
2026-10-01 00:30:00,서울특별시,A1100050,서울성심병원,20261001002325,02-966-1616,,,,,,1,2,,,,,,Y,,Y,N1,N1,Y,14,N1,73,N1,5,N1,Y,,6,N1,17,,1,2,,,10,,6,,,1,1,,11,,,,,,,,208,,,Y,N1,A1100050,38,,,,,,,,,,,,,,,,,,,,,,,,,,,,,,,,,,,,,,,,,,,,,,,,,,,,,,,,
2026-10-01 00:30:00,서울특별시,A1100025,의료법인동신의료재단동신병원,20261001002438,02-396-9161,,,,,,,1,,,,,,Y,,Y,N1,N1,Y,7,N1,41,N1,2,N1,Y,,3,N1,9,,,1,,,9,,3,,,1,1,,7,,,,,,,,196,,,Y,N1,A1100025,39,,,,,,,,,,,,,,,,,,,,,,,,,,,,,,,,,,,,,,,,,,,,,,,,,,,,,,,,
2026-10-01 00:30:00,서울특별시,A1122033,기쁨병원,20261001002528,02-570-1234,,,,,,,1,,,,,,Y,Y,Y,Y,N1,Y,0,N1,60,N1,,N1,Y,,8,N1,4,,,1,,,,,8,,,1,1,1,1,,,,,,,,110,,,Y,N1,A1122033,40,,,,,,,,,,,,,,,,,,,,,,,,,,,,,,,,,,,,,,,,,,,,,,,,,,,,,,,,
2026-10-01 00:30:00,서울특별시,A1100019,홍익병원,20261001002249,02-2693-5555,,,,,,,0,,,0,,,Y,Y,Y,Y,N,Y,6,N1,74,N1,8,N1,Y,,4,N1,9,,,1,,,14,,4,1,,4,2,2,7,,,1,,,,,251,,,Y,N1,A1100019,41,,,,1,,,,,,1,,,,,,,,,,,,,,,,,,,,,,,,,,,,,,,,,,,,,,,,,,,,,,
2026-10-01 00:30:00,서울특별시,A1100223,서울특별시서남병원,20261001002000,1566-6688,,,,0,,1,2,1,0,4,,,Y,,Y,N1,Y,Y,14,Y,25,Y,9,N1,Y,,4,N1,17,,1,2,2,,17,3,4,4,,2,1,,16,,,1,1,1,,,275,,0,Y,N1,A1100223,42,,,,0,,,,,,1,,,,,,,,,,,,,,,,,,,,,,,,,,,,,,,,,,,,,,,,,,,,,,
2026-10-01 00:30:00,서울특별시,A1100024,명지성모병원,20261001002505,02-1899-1475,,,,,,1,1,,,,,,Y,Y,Y,Y,N1,Y,5,N1,58,N1,5,N1,Y,,3,N1,8,,1,1,,,12,,3,,,1,3,2,7,,,,,,,,212,,,Y,N1,A1100024,43,,,,1,,,,,,1,,,,,,,,,,,,,,,,,,,,,,,,,,,,,,,,,,,,,,,,,,,,,,
2026-10-01 00:30:00,서울특별시,A1100037,대림성모병원,20261001002038,02-829-9000,,,,,,,2,,,,,,Y,,Y,N1,N1,Y,7,N1,32,N1,,N1,Y,,4,N1,8,,,2,,,,,4,,,1,2,,1,,,,,,,,114,,,Y,N1,A1100037,44,,,,,,,,,,,,,,,,,,,,,,,,,,,,,,,,,,,,,,,,,,,,,,,,,,,,,,,,
2026-10-01 00:30:00,서울특별시,A1100045,씨엠병원,20261001001500,02-2678-0001,,,,,,,1,,,,,,Y,,Y,N1,N1,Y,9,N1,29,N1,,N1,Y,,5,N1,9,,,1,,,,,5,,,2,2,,6,,,,,,,,110,,,Y,N1,A1100045,45,,,,,,,,,,,,,,,,,,,,,,,,,,,,,,,,,,,,,,,,,,,,,,,,,,,,,,,,
2026-10-01 00:30:00,서울특별시,A1100023,의료법인청구성심병원,20261001002238,02-350-3300,,,,,,,1,,,,,,Y,,Y,N1,N1,Y,10,N1,26,N1,1,N1,Y,,3,N1,10,,,1,,,6,,3,,,1,1,,4,,,,,,,,196,,,Y,N1,A1100023,46,,,,,,,,,,,,,,,,,,,,,,,,,,,,,,,,,,,,,,,,,,,,,,,,,,,,,,,,
2026-10-01 00:30:00,서울특별시,A1100029,서울적십자병원,20261001002446,02-2002-8000,,,,,,1,,,,,,,Y,,Y,N1,Y,Y,7,N1,108,N1,7,N1,Y,,6,N1,10,,1,,,,12,,6,,,1,1,,11,,,2,,,,,260,,,Y,N1,A1100029,47,,,,,,,,,,,,,,,,,,,,,,,,,,,,,,,,,,,,,,,,,,,,,,,,,,,,,,,,
2026-10-01 00:30:00,서울특별시,A1100032,세란병원,20261001002502,02-737-0181,,,,,,,1,,,,,,Y,,Y,N1,N1,Y,10,N1,36,N1,,N1,Y,,13,N1,10,,,1,,,,,13,,,3,5,,3,,,,,,,,205,,,Y,N1,A1100032,48,,,,,,,,,,,,,,,,,,,,,,,,,,,,,,,,,,,,,,,,,,,,,,,,,,,,,,,,
2026-10-01 00:30:00,서울특별시,A1100075,의료법인풍산의료재단동부제일병원,20261001002053,02-437-5011,,,,,,,1,,,,,,Y,,Y,N1,N1,Y,7,N1,49,N1,,N1,N,,2,N1,7,,,1,,,,,2,,,1,1,,3,,,,,,,,124,,,Y,N1,A1100075,49,,,,,,,,,,,,,,,,,,,,,,,,,,,,,,,,,,,,,,,,,,,,,,,,,,,,,,,,
2026-10-01 00:30:00,서울특별시,A1100044,녹색병원,20261001002508,02-490-2000,,,,,,1,4,,,0,N,,Y,,Y,N1,Y,Y,5,N1,70,N1,6,N1,Y,,3,N1,5,,1,4,,,17,,3,3,1,2,1,,22,,,1,,,,,293,,,Y,N1,A1100044,50,,,,1,,,,,,3,,,,,,,,,,,,,,,,,,,,,,,,,,,,,,,,,,,,,,,,,,,,,,
2026-10-01 00:30:00,경기도,A2100042,의료법인명지의료재단명지병원,20261001002500,031-810-5114,Y,Y,1,0,0,0,1,4,16,0,Y,Y,Y,Y,Y,Y,Y,Y,9,Y,139,Y,10,Y,Y,3,6,Y,15,0,0,3,16,3,31,28,13,0,2,6,3,5,49,4,5,8,5,2,1,2,443,4,0,Y,Y,A2100042,1,3,,,4,0,,,,,4,0,3,2,1,2,3,,,,,,1,0,0,0,,,,,,,,,,,,3,0,0,0,0,2,,,,,,,,,,,0,0,0,0
2026-10-01 00:30:00,경기도,A2100033,국민건강보험공단일산병원,20261001002502,1577-0013,Y,Y,1,0,0,2,3,1,3,1,Y,,Y,Y,Y,Y,Y,Y,9,Y,125,N1,,Y,Y,0,2,N1,23,5,2,3,19,25,,29,2,4,2,4,3,3,58,8,28,13,5,,,,659,1,0,Y,Y,A2100033,2,,0,0,0,7,,10,16,,11,28,,,,,,1,6,,,,,0,0,0,,,,,,,,,,,,,0,0,0,1,1,,,,,,,,,,,,,,
2026-10-01 00:30:00,경기도,A2100005,순천향대학교부속부천병원,20261001002121,032-621-5114,Y,Y,,,5,0,0,3,14,2,Y,Y,Y,Y,Y,Y,Y,Y,1,Y,121,Y,2,Y,Y,4,21,Y,17,5,0,0,20,24,22,34,21,7,1,4,3,5,71,9,31,17,4,3,1,1,674,,,Y,Y,A2100005,3,2,2,3,1,,,16,15,,8,,2,1,,3,,,,,,,,0,,0,,,,,,,,,,,,,0,,0,,,,,,2,,5,,,,,,0,,0
2026-10-01 00:30:00,경기도,A2100001,분당서울대학교병원,20261001002100,031-787-2114,Y,Y,,,1,2,2,1,11,1,Y,,Y,Y,Y,Y,Y,Y,-22,Y,248,Y,1,Y,Y,0,39,N1,30,5,2,3,15,35,8,30,39,3,3,11,11,11,128,17,39,16,8,8,,,1247,,,Y,Y,A2100001,4,,2,4,0,2,,13,13,,1,15,,,3,,5,3,9,0,10,,,,5,,0,,,,,6,,,,,,,,5,,,,,,,1,,2,,,,,,9,,9
2026-10-01 00:30:00,경기도,A2100030,차의과학대학교분당차병원,20261001002143,031-780-5000,Y,Y,0,,3,,,3,20,,Y,,Y,Y,Y,Y,Y,Y,8,Y,44,Y,,Y,Y,3,26,N1,22,11,,,14,35,,43,26,,8,5,3,4,40,26,46,6,2,2,,,717,2,,Y,Y,A2100030,5,1,0,4,0,3,,8,9,,4,22,2,3,0,3,2,0,6,1,7,1,1,,0,0,0,0,6,,,2,2,,,6,1,1,,0,1,,,0,0,,,,,,,,,,,,
2026-10-01 00:30:00,경기도,A2100002,아주대학교병원,20261001002347,031-219-5114,Y,Y,,,5,0,0,3,1,1,Y,,Y,Y,Y,Y,Y,Y,12,Y,66,Y,,Y,Y,0,25,N1,30,9,0,0,16,36,,42,25,8,3,8,6,9,126,27,34,32,9,7,,,792,,,Y,Y,A2100002,6,2,2,0,0,13,3,14,10,40,3,20,2,2,1,6,2,2,7,4,13,1,3,,,0,,0,0,1,2,,2,6,11,6,1,4,,,0,,,0,0,2,6,2,6,8,3,60,3,,0,,0
2026-10-01 00:30:00,경기도,A2100003,고려대학교의과대학부속안산병원,20261001002324,031-1577-7516,Y,Y,0,,4,,2,2,7,5,Y,,Y,Y,Y,Y,Y,Y,8,Y,65,Y,1,Y,Y,1,20,N1,22,4,,3,18,25,4,30,20,10,2,3,4,4,66,15,19,8,5,3,,,605,2,,Y,Y,A2100003,7,1,0,6,0,11,,11,18,,3,16,2,2,,3,,0,6,,,,,,,,,,,,,,,,,,,,,,,,,,,,,,,,,,,,,,
2026-10-01 00:30:00,경기도,A2100004,한림대학교성심병원,20261001002457,031-380-1500,Y,Y,0,,3,1,3,7,19,0,Y,Y,Y,Y,Y,Y,Y,Y,15,Y,78,Y,,Y,Y,7,19,N1,25,3,2,4,19,9,,30,19,14,2,4,3,6,102,8,10,20,14,2,1,,593,1,,Y,Y,A2100004,8,0,0,1,1,13,,27,16,,3,20,0,5,,5,,,,,,,,,,,,,,0,6,,,8,18,,,,,,,,,,,,,,,,,,,,,,
2026-10-01 00:30:00,경기도,A2100040,가톨릭대학교의정부성모병원,20261001002509,1661-7500,Y,Y,1,,11,2,4,6,10,,Y,,Y,Y,Y,Y,Y,Y,21,Y,54,Y,3,Y,Y,0,13,N1,42,11,2,4,18,15,26,30,13,,3,4,3,4,54,10,28,12,4,3,,,519,1,,Y,Y,A2100040,9,,,,0,,3,,,20,4,,,,0,,1,0,6,,,,,,,,,,,,,,,,,,,,,,,,,,,0,6,2,6,6,2,53,2,,,,
2026-10-01 00:30:00,경기도,A2100047,동국대학교일산불교병원,20261001002519,031-1577-7000,Y,Y,,,3,1,3,1,3,0,Y,,Y,Y,Y,Y,Y,Y,11,Y,114,Y,,Y,Y,7,12,N1,19,3,1,3,2,13,,3,12,0,8,2,2,2,19,13,25,4,2,1,,,460,,,Y,Y,A2100047,10,,2,1,0,7,,15,12,,4,15,,,,,,,,,,,,,,,,,,,,,,,,,,,,,,,,3,3,,,,,,,,,,,,
2026-10-01 00:30:00,경기도,A2100038,인제대학교일산백병원,20261001002231,031-910-7114,N,N,,,,3,3,,,0,Y,,Y,Y,Y,Y,Y,Y,20,Y,92,Y,,N,Y,,17,N1,34,,3,3,,,,,17,2,3,3,3,4,54,18,22,7,3,1,,,559,,,Y,N,A2100038,11,,0,0,0,2,,25,32,,4,16,,,,,,,,,,,,,,,,,,,0,,,,4,,,,,,,,,,,,,,,,,,,,,,
2026-10-01 00:30:00,경기도,A2118788,중앙대학교광명병원,20261001002507,1811-7800,Y,Y,,,,1,2,,,0,Y,,Y,Y,Y,Y,Y,Y,20,Y,81,Y,5,Y,Y,2,17,N1,21,,1,2,,16,24,,17,2,2,2,2,5,28,6,16,5,4,10,,,576,,,Y,Y,A2118788,12,0,,,2,,,,,,6,,0,0,,0,,3,5,,,,,,,,,,,3,,,,5,,,,,,,,,,,,,,,,,,,,,,,
2026-10-01 00:30:00,경기도,A2100007,광명성애병원,20261001002507,02-2680-7114,Y,Y,,7,4,1,4,,,,Y,,Y,Y,Y,Y,Y,Y,7,N1,37,N1,7,Y,Y,,5,N1,11,4,1,4,,,13,,5,,2,2,2,1,12,2,5,1,,,,,189,,50,Y,Y,A2100007,13,,,,0,,,,,,1,,,,,,,,,,,,,,,,,,,,,,,,,,,,,,,,,,,,,,,,,,,,,,
2026-10-01 00:30:00,경기도,A2100155,참조은병원,20261001002447,1600-9955,,,,,1,1,3,,,1,,,Y,Y,Y,Y,Y,Y,1,N1,21,Y,-3,N1,Y,,7,N1,9,1,1,3,,,22,,7,2,,3,3,2,18,,,3,,2,,,286,,,Y,N1,A2100155,14,,,,3,,,,,,3,,,,,,,,,,,,,,,0,,,,,,,,,,,,,,,0,,,6,6,,,,,,,,,,0,,0
2026-10-01 00:30:00,경기도,A2100039,한양대학교구리병원,20261001002259,031-1644-9118,Y,Y,,,,1,3,,,1,Y,,Y,Y,Y,Y,Y,Y,8,Y,43,Y,,Y,Y,3,9,N1,18,,1,4,,10,,,10,5,1,3,2,3,21,6,14,4,2,2,,,489,,,Y,Y,A2100039,15,,0,4,,,,17,14,,,,,,,,,,,,,,,,,,,,,,,,,,,,,,,,,,,,,,,,,,,,,,,,
2026-10-01 00:30:00,경기도,A2100054,효산의료재단지샘병원,20261001002438,031-389-3000,,,,,,2,1,,,0,,,Y,Y,Y,Y,Y,Y,16,N1,63,N1,6,N1,Y,,5,N1,18,,2,1,,,18,,7,2,,2,1,3,11,,,2,,,,,368,,,Y,N1,A2100054,16,,,,1,,,,,,1,,,,,,,,,,,,,,,,,,,,,,,,,,,,,,,,,1,1,,,,,,,,,,,,
2026-10-01 00:30:00,경기도,A2100048,원광대학교산본병원,20261001002412,031-390-2300,,,,,,0,2,,,,Y,,Y,Y,Y,Y,Y,Y,16,N1,68,N1,2,N1,Y,,5,N1,17,,1,2,,,12,,5,,1,1,1,1,1,,,2,,,,,188,,,Y,N1,A2100048,17,,,,,,,,,,,,,,,,,,,,,,,,,,,,,,,,,,,,,,,,,,,,,,,,,,,,,,,,
2026-10-01 00:30:00,경기도,A2100053,의료법인우리의료재단김포우리병원,20261001002510,031-999-1000,,,,0,,1,6,,,0,,,Y,Y,Y,Y,Y,Y,15,Y,15,Y,3,N1,Y,,7,N1,22,,1,6,,,36,,7,11,,2,2,2,48,,,4,1,2,,,477,,0,Y,N1,A2100053,18,,,,0,,,,,,1,,,,,,,,,,,,,,,0,,,,,,,,,,,,,,,0,,,,,,,,,,,,,,0,,0
2026-10-01 00:30:00,경기도,A2100006,의료법인인봉의료재단뉴고려병원,20261001002219,031-998-8129,,,,,,1,2,,,,,,Y,Y,Y,Y,Y,Y,13,N1,67,N1,0,N1,Y,,6,N1,14,,1,2,,,24,,6,,,2,2,2,7,,,1,,,,,278,,,Y,N1,A2100006,19,,,,3,,,,,,10,,,,,,,,,,,,,,,,,,,,,,,,,,,,,,,,,3,3,,,,,,,,,,,,
2026-10-01 00:30:00,경기도,A2100041,남양주한양병원,20261001002517,031-510-0114,,,,,,1,2,0,2,,,,Y,Y,Y,Y,Y,Y,17,N1,78,N1,0,N1,Y,,,Y,17,,1,2,4,,15,4,,,,2,2,1,33,,,2,,,,1,240,,,Y,N1,A2100041,20,,,,10,,,,,,20,,,,,,,,,,,,,,,,,,,,,,,,,,,,,,,,,,,,,,,,,,,,,,
2026-10-01 00:30:00,경기도,A2100037,현대병원,20261001002446,031-574-9118~9,,,,,,1,2,,,,,,Y,Y,Y,Y,Y,Y,7,N1,64,Y,0,N1,Y,,7,N1,17,,1,2,,,19,,7,,,2,2,2,50,,,17,,2,,,342,,,Y,N1,A2100037,21,,,,1,,,,,,20,,,,,,,,,,,,,,,,,,,,,,,,,,,,,,,,,,,,,,,,,,,,,,
2026-10-01 00:30:00,경기도,A2100055,부천세종병원,20261001002510,1599-6677,Y,Y,,,,1,2,0,0,3,Y,,Y,Y,Y,Y,Y,Y,17,Y,78,Y,1,Y,Y,,6,N1,17,,1,2,2,,20,3,6,6,1,2,1,5,18,1,1,5,4,1,,,268,,,Y,Y,A2100055,22,,,,0,,,,,,2,,,,,,,,,,,,,,,,,,,,,,,,,,,,,,,,,,,,,,,,,,,,,,
2026-10-01 00:30:00,경기도,A2100052,가톨릭대학교부천성모병원,20261001002509,032-1577-0675,Y,Y,,,,2,0,,,3,Y,,Y,Y,Y,Y,Y,Y,21,Y,65,Y,,Y,Y,8,14,N1,31,,2,1,,10,,,14,4,3,3,3,3,28,4,14,11,1,2,,,562,,,Y,Y,A2100052,23,,1,1,1,,,16,12,,4,,,,,,,,,8,18,,,,,,,,,,,,,,,,,,,,,,,3,3,,,,,,,,,,,,
2026-10-01 00:30:00,경기도,A2100025,대진의료재단분당제생병원,20261001002500,031-779-0114,Y,Y,,,3,1,2,1,1,0,Y,Y,Y,Y,Y,Y,Y,Y,4,Y,63,Y,,Y,Y,2,9,N1,24,3,1,2,2,3,,3,9,2,2,4,3,3,22,1,5,5,2,3,1,,481,,,Y,Y,A2100025,24,,5,4,2,,,10,13,,4,,,,,,,,,,,,,,7,,,,,,,,,,,,,,,7,,,,,,,,,,,,,,,,,
2026-10-01 00:30:00,경기도,A2116806,성남시의료원,20261001002500,031-738-7000,,,,,6,2,4,2,3,28,,,Y,Y,Y,Y,Y,Y,12,Y,88,Y,,N1,Y,,8,Y,17,6,2,4,2,,,4,8,28,,3,2,2,31,,,6,3,1,,2,237,,,Y,N1,A2116806,25,,,16,5,,,,23,,5,,,,,,,,,,,,,,,,,,,,,,,,,,,,,,,,,,,,,,,,,,,,,,
2026-10-01 00:30:00,경기도,A2117135,의료법인명인의료재단화홍병원,20261001001535,031-278-0119,Y,,,,,2,3,,,,,,Y,,Y,N1,N1,Y,11,Y,31,N1,7,N1,Y,,6,Y,15,,2,3,,,29,,6,,,2,2,,4,1,,,1,,,1,228,,,Y,Y,A2117135,26,,,,0,,,,,,1,,,,,,,,,,,,,,,,,,,,,,,,,,,,,,,,,,,,,,,,,,,,,,
2026-10-01 00:30:00,경기도,A2100009,의료법인녹산의료재단동수원병원,20261001002241,031-210-0114,,Y,,,,1,1,0,2,0,Y,,Y,Y,Y,Y,Y,Y,14,N1,74,N1,8,Y,Y,,5,N1,17,,1,2,2,,18,4,5,1,1,2,2,1,15,,4,1,,,,,335,,,Y,N1,A2100009,27,,,,0,,,,,,3,,,,,,,,,,,,,,,,,,,,,,,,,,,,,,,,,,,,,,,,,,,,,,
2026-10-01 00:30:00,경기도,A2100012,가톨릭대학교성빈센트병원,20261001002509,031-1577-8588,Y,Y,,,4,2,2,2,4,0,Y,,Y,Y,Y,Y,Y,Y,18,Y,59,Y,,Y,Y,1,19,N1,28,6,2,2,4,18,,8,19,11,2,5,4,6,52,7,18,12,4,4,,,650,,,Y,Y,A2100012,28,,4,5,1,7,,20,11,,5,30,,,,,,4,8,2,15,1,1,,,,,2,6,,4,,2,,8,6,1,1,,,,,,,,,,,,,,,,,,,
2026-10-01 00:30:00,경기도,A2100008,의료법인남촌의료재단시화병원,20261001002512,031-1811-7000,,,,,5,1,5,,,1,Y,,Y,Y,Y,Y,Y,Y,14,Y,56,N1,19,N1,Y,,7,N1,16,5,1,5,,,52,,7,1,1,3,3,2,29,,,4,2,,,,461,,,Y,N1,A2100008,29,,,,1,,,,,,1,,,,,,,,,,,,,,,,,,,,,,,,,,,,,,,,,,,,,,,,,,,,,,
2026-10-01 00:30:00,경기도,A2100017,대아의료재단한도병원,20261001002253,031-8040-1114,,,,,,1,2,,,,,,Y,Y,Y,Y,Y,Y,16,N1,41,N1,9,N1,Y,,3,N1,17,,1,2,,,29,,6,,,3,2,2,15,,,3,,,,,327,,,Y,N1,A2100017,30,,,,0,,,,,,1,,,,,,,,,,,,,,,,,,,,,,,,,,,,,,,,,,,,,,,,,,,,,,
2026-10-01 00:30:00,경기도,A2100015,효산의료재단안양샘병원,20261001002252,031-467-9114,,,,,,1,1,,,,,,Y,Y,Y,Y,Y,Y,14,Y,75,N1,,N1,Y,,6,N1,17,,1,2,,,,,6,,,2,1,2,12,,,2,1,,,,307,,,Y,N1,A2100015,31,,4,0,1,,,9,9,,1,,,,,,,,,,,,,,,,,,,,,,,,,,,,,,,,,,,,,,,,,,,,,,
2026-10-01 00:30:00,경기도,A2100024,오산한국병원,20261001002254,031-379-8300,,,,,,1,2,2,3,0,,,Y,Y,Y,Y,Y,Y,15,N1,47,Y,3,N1,Y,,5,N1,17,,1,2,2,,32,3,5,2,,2,2,2,17,,,2,,1,,,259,,,Y,N1,A2100024,32,,,,0,,,,,,1,,,,,,,,,,,,,,,,,,,,,,,,,,,,,,,,,,,,,,,,,,,,,,
2026-10-01 00:30:00,경기도,A2100020,연세대학교의과대학용인세브란스병원,20261001002137,1899-1004,Y,Y,,,6,1,2,,,2,Y,,Y,Y,Y,Y,Y,Y,10,Y,87,Y,,Y,Y,1,15,N1,16,6,1,3,,12,,,15,4,2,3,3,4,31,6,18,6,3,4,,,597,,,Y,Y,A2100020,33,,1,0,1,,,19,16,,2,,,,,,,,,,,,,,,,,,,,,,,,,,,,,,,,,,,,,,,,,,,,,,
2026-10-01 00:30:00,경기도,A2100029,강남병원,20261001002322,031-300-0114,,,,,,1,2,2,3,,,,Y,,Y,N1,Y,Y,14,N1,48,N1,11,N1,Y,,4,N1,17,,1,2,2,,30,3,4,,,2,2,,7,,,2,,,,,264,,,Y,N1,A2100029,34,,,,0,,,,,,1,,,,,,,,,,,,,,,,,,,,,,,,,,,,,,,,,,,,,,,,,,,,,,
2026-10-01 00:30:00,경기도,A2100019,(의)영문의료재단다보스병원,20261001002259,031-8021-2114,,,,,,1,2,1,0,,,,Y,Y,Y,Y,Y,Y,7,N1,2,N1,-1,N1,Y,,6,N1,13,,1,2,2,,23,3,6,,,1,1,1,7,,,2,,,,,222,,,Y,N1,A2100019,35,,,,0,,,,,,1,,,,,,,,,,,,,,,,,,,,,,,,,,,,,,,,,4,4,,,,,,,,,,,,
2026-10-01 00:30:00,경기도,A2117994,학교법인을지학원의정부을지대학교병원,20261001002101,031-951-1000,Y,Y,,,0,1,2,,,0,Y,,Y,Y,Y,Y,Y,Y,20,Y,170,Y,,Y,Y,2,12,N1,30,0,1,2,,5,,,14,6,8,3,3,4,48,5,5,6,3,2,,,588,,,Y,Y,A2117994,36,,9,5,2,12,,28,21,,2,22,,,,,,,,,,,,,,,,,,,,,,,,,,,,,,,,0,0,0,0,0,0,,,,,,,,
2026-10-01 00:30:00,경기도,A2100193,경기도의료원이천병원,20261001002401,031-630-4200,,,,,,1,1,2,1,6,,,Y,,Y,N1,N1,Y,17,N1,45,N1,2,N1,Y,,4,N1,17,,1,2,2,,6,3,4,6,,1,1,,8,,,,,,,,187,,,Y,N1,A2100193,37,,,,2,,,,,,2,,,,,,,,,,,,,,,,,,,,,,,,,,,,,,,,,,,,,,,,,,,,,,
2026-10-01 00:30:00,경기도,A2100035,경기도의료원파주병원,20261001002401,031-940-9100,,,,,,1,2,0,2,,Y,,Y,,Y,N1,N1,Y,17,N1,77,N1,5,N1,Y,,3,N1,17,,1,2,2,,8,3,3,,1,1,1,,9,,,,,,,,189,,,Y,N1,A2100035,38,,,,,,,,,,,,,,,,,,,,,,,,,,,,,,,,,,,,,,,,,,,,,,,,,,,,,,,,
2026-10-01 00:30:00,경기도,A2100028,의료법인백송의료재단굿모닝병원,20261001002438,031-5182-7700,,,,,,2,1,,,,,,Y,Y,Y,Y,Y,Y,11,Y,23,N1,3,N1,Y,,7,Y,19,,2,1,,,27,,7,,,5,3,3,23,,,5,3,,,1,392,,,Y,N1,A2100028,39,,,,1,,,,,,3,,,,,,,,,,,,,,,,,,,,,,,,,,,,,,,,,6,6,,,,,,,,,,,,
2026-10-01 00:30:00,경기도,A2113246,의료법인양진의료재단평택성모병원,20261001002514,031--1800-8800,,,,0,,1,2,2,2,,,,Y,Y,Y,Y,Y,Y,15,N1,51,N1,3,N1,Y,,6,N1,17,,1,2,2,,34,3,6,,,3,3,2,8,,,2,,,,,329,,0,Y,N1,A2113246,40,,,,2,,,,,,2,,,,,,,,,,,,,,,,,,,,,,,,,,,,,,,,,,,,,,,,,,,,,,
2026-10-01 00:30:00,경기도,A2100031,경기도의료원포천병원,20261001002501,031-539-9114,,Y,,,,1,2,2,3,1,Y,,Y,,Y,N1,N1,Y,17,N1,48,N1,1,Y,Y,,4,N1,17,,1,2,2,,8,3,4,3,3,1,1,,7,,2,,,,,,134,,,Y,N1,A2100031,41,,,,0,,,,,,0,,,,,,,,,,,,,,,,,,,,,,,,,,,,,,,,,,,,,,,,,,,,,,
2026-10-01 00:30:00,경기도,A2100046,한림대학교동탄성심병원,20261001002102,031-8086-3000,Y,Y,,,9,,,,,2,Y,Y,Y,Y,Y,Y,Y,Y,24,Y,131,Y,,Y,Y,11,20,Y,32,9,,,,13,,,20,11,1,6,3,6,51,8,16,17,5,5,1,1,535,,,Y,Y,A2100046,42,1,11,0,8,,,28,13,,11,,1,2,,2,,0,9,,,,,,,,,,,8,,,,13,,,,,,,,,,,,,,,,,,,,,,,
2026-10-01 00:30:00,경기도,A2100290,의료법인자인의료재단더자인병원,20261001002525,031-930-3114,,,,,,2,2,0,0,,,,Y,Y,Y,Y,Y,Y,15,N1,50,N1,4,N1,N,,5,N1,16,,2,2,2,,9,3,5,,,2,2,1,15,,,1,,,,,234,,,Y,N1,A2100290,43,,,,0,,,,,,3,,,,,,,,,,,,,,,,,,,,,,,,,,,,,,,,,,,,,,,,,,,,,,
2026-10-01 00:30:00,경기도,A2100049,국립암센터,20261001002401,031-920-0114,,N,,,,,0,,,,,,Y,Y,Y,Y,Y,Y,2,Y,58,Y,11,N,Y,,18,N1,24,,,1,,,19,,18,,,7,5,3,29,,1,8,2,7,,,554,,,Y,N1,A2100049,44,,,,8,,,,,,9,,,,,,,,,,,,,,,,,,,,,,,,,,,,,,,,,,,,,,,,,,,,,,
2026-10-01 00:30:00,경기도,A2116972,의료법인성광의료재단일산차병원,20261001002245,031-782-8300,Y,Y,,,,,4,,,1,Y,,,,Y,N1,N1,N1,6,N1,25,N1,4,Y,N1,0,10,N1,6,,,4,,17,4,,10,1,9,,,,4,11,19,,,,,,179,,,Y,Y,A2116972,45,,,,1,,,,,,1,,,,,,,,,,,,,,,,,,,,,,,,,,,,,,,,,,,,,,,,,,,,,,
2026-10-01 00:30:00,경기도,A2118188,엘병원,20261001002616,1899-3377,,,,,,,2,,,0,,,Y,,Y,N1,N1,Y,7,N1,39,N1,3,N1,Y,,3,N1,8,,,2,,,8,,3,1,,1,1,,2,,,,,,,,146,,,Y,N1,A2118188,46,,,,0,,,,,,1,,,,,,,,,,,,,,,,,,,,,,,,,,,,,,,,,,,,,,,,,,,,,,
2026-10-01 00:30:00,경기도,A2100050,의료법인대인의료재단다니엘종합병원,20261001002502,032-670-0001,,,,,,1,3,,,,,,Y,,Y,N1,N,Y,5,N1,25,N1,5,N1,Y,,3,N1,6,,1,3,,,30,,3,,,1,1,,17,,,1,,,,,169,,,Y,N1,A2100050,47,,,,0,,,,,,1,,,,,,,,,,,,,,,,,,,,,,,,,,,,,,,,,,,,,,,,,,,,,,
2026-10-01 00:30:00,경기도,A2100258,국군수도병원,20261001002015,031-725-6075,,,,,,0,,,,,,,Y,Y,Y,Y,Y,Y,16,Y,170,N1,5,N1,Y,,9,N1,16,,2,,,,12,,9,,,3,4,2,2,,,5,2,,,,530,,,Y,N1,A2100258,48,,,,1,9,14,,,20,1,15,,,,,,,,,,,,,,6,,,,,,,,,,,,,,,6,,,,,,,,,9,,40,,,2,,2
2026-10-01 00:30:00,경기도,A2100016,순천의료재단성남정병원,20261001002106,031-750-6000,,,,,,2,,,,,,,Y,,Y,N1,N1,Y,7,N1,77,N1,,N1,Y,,4,N1,9,,2,,,,,,4,,,1,1,,1,,,,,,,,98,,,Y,N1,A2100016,49,,,,,,,,,,,,,,,,,,,,,,,0,,33,,,,,,,,,,,,,0,,105,,,,,,,,,,,,,,,,
2026-10-01 00:30:00,경기도,A2121061,의료법인덕산의료재단수원덕산병원,20261001002504,031-686-2000,N,Y,,,3,1,2,1,1,0,Y,,Y,Y,Y,Y,Y,Y,23,Y,56,N1,5,Y,Y,,9,N1,24,3,1,2,2,,22,4,9,5,5,3,2,2,15,N,2,5,2,,,,403,,,Y,N,A2121061,50,,,,2,,,,,,3,,,,,,,,,,,,,,,,,,,,,,,,,,,,,,,,,,,,,,,,,,,,,,
2026-10-01 00:30:00,경기도,A2100032,경기도의료원수원병원,20261001002502,031-888-0114,,,,,,,2,,,2,,,Y,,Y,N1,N1,Y,6,N1,69,N1,8,N1,Y,,3,N1,8,,,2,,,9,,3,2,,1,1,,9,,,,,,,,156,,,Y,N1,A2100032,51,,,,,,,,,,,,,,,,,,,,,,,,,,,,,,,,,,,,,,,,,,,3,3,,,,,,,,,,,,
2026-10-01 00:30:00,경기도,A2100175,의료법인토마스의료재단윌스기념병원,20261001002335,031-223-2233,,,,,,1,2,0,0,,Y,,Y,Y,Y,Y,Y,Y,14,N1,30,N1,5,N1,Y,,10,N1,18,,1,2,2,,16,3,10,,1,1,4,1,1,,,1,,,,,275,,,Y,N1,A2100175,52,,,,0,,,,,,1,,,,,,,,,,,,,,,,,,,,,,,,,,,,,,,,,,,,,,,,,,,,,,
2026-10-01 00:30:00,경기도,A2100027,의료법인석경의료재단센트럴병원,20261001002529,031-8041-3000,,,,,,1,2,,,,,,Y,,Y,N1,Y,Y,18,N1,70,N1,0,N1,Y,,3,N1,18,,1,2,,,21,,3,,,2,2,,7,,,2,,,,,239,,,Y,N1,A2100027,53,,,,,,,,,,,,,,,,,,,,,,,,,,,,,,,,,,,,,,,,,,,,,,,,,,,,,,,,
2026-10-01 00:30:00,경기도,A2100013,의료법인록향의료재단신천연합병원,20261001002003,031-310-6300,,,,,,,1,,,,,,Y,,Y,N1,Y,Y,5,N1,16,N1,3,N1,Y,,3,N1,10,,,1,,,6,,3,,,1,1,,4,,,1,,,,,112,,,Y,N1,A2100013,54,,,,1,,,,,,1,,,,,,,,,,,,,,,,,,,,,,,,,,,,,,,,,,,,,,,,,,,,,,
2026-10-01 00:30:00,경기도,A2100021,의료법인플러스의료재단단원병원,20261001002549,031-8040-6600,,,,,,1,2,,,,,,Y,Y,Y,Y,Y,Y,14,Y,24,N1,4,N1,Y,,5,N1,17,,1,2,,,27,,5,,,1,1,2,8,,,2,1,,,,303,,,Y,N1,A2100021,55,,,,0,,,,,,1,,,,,,,,,,,,,,0,,,,,,,,,,,,,,,1,,,,,,,,,,,,,,,,,
2026-10-01 00:30:00,경기도,A2100014,근로복지공단안산병원,20261001002400,031-500-1114,,,,,,,1,,,1,,,Y,,Y,N1,N1,Y,6,N1,99,N1,13,N1,Y,,3,N1,7,,,1,,,18,,3,2,,1,1,,14,,,,,,,,359,,,Y,N1,A2100014,56,,,,1,,,,,,1,,,,,,,,,,,,,,,,,,,,,,,,,,,,,,,,,,,,,,,,,,,,,,
2026-10-01 00:30:00,경기도,A2100124,의료법인칠석의료재단사랑의병원,20261001001544,031-439-3000,,,,,,1,,,,,,,Y,,Y,N1,Y,Y,10,N1,26,N1,0,N1,Y,,5,N1,13,,1,,,,14,,5,,,2,2,,8,,,1,,,,,206,,,Y,N1,A2100124,57,,,,,,,,,,,,,,,,,,,,,,,,,,,,,,,,,,,,,,,,,,,,,,,,,,,,,,,,
2026-10-01 00:30:00,경기도,A2100045,경기도의료원안성병원,20261001002502,031-8046-5000,,,,,,1,,,,8,,,Y,,Y,N1,N1,Y,11,N1,107,N1,10,N1,Y,,5,N1,14,,1,,,,13,,5,8,,1,1,,8,,,,,,,,178,,,Y,N1,A2100045,58,,,,2,,,,,,2,,,,,,,,,,,,,,,,,,,,,,,,,,,,,,,,,,,,,,,,,,,,,,
2026-10-01 00:30:00,경기도,A2100305,안성성모병원,20261001002437,031-675-6007,,,,,,,1,,,,,,Y,,Y,N1,N1,Y,4,N1,81,N1,4,N1,Y,,3,N1,9,,,1,,,20,,3,,,1,1,,7,,,,,,,,188,,,Y,N1,A2100305,59,,,,,,,,,,,,,,,,,,,,,,,,,,,,,,,,,,,,,,,,,,,,,,,,,,,,,,,,
2026-10-01 00:30:00,경기도,A2100089,양평병원,20261001002001,031-770-5000,N,N,,,,,1,,,,N,N,Y,N,Y,N,N,Y,6,N,18,N,,N,Y,,3,N,9,,,1,,,,,3,,0,1,1,0,1,0,0,0,0,0,0,0,90,,,Y,N,A2100089,60,,,,,,,,,,,,,,,,,,,,,,,,,,,,,,,,,,,,,,,,,,,,,,,,,,,,,,,,
2026-10-01 00:30:00,경기도,A2100194,세종여주병원,20261001002439,031-880-7700,,,,,,,4,,,,,,Y,,Y,N1,Y,Y,1,N1,120,N1,,N1,Y,,2,N1,6,,,4,,,,,2,,,1,1,,4,,,2,,,,,211,,,Y,N1,A2100194,61,,,,,,,,,,,,,3,,3,,,,,,,,,,,,,,,,,,,,,,,,,,,,3,3,,,,,,,,,,,,
2026-10-01 00:30:00,경기도,E2100187,연천군보건의료원,20261001002316,031-839-4001,,,,,,,,,,,,,Y,,Y,N1,N1,Y,10,N1,50,N1,,N1,N1,,2,N1,10,,,,,,,,2,,,1,,,1,,,,,,,,52,,,Y,N1,E2100187,62,,,,,,,,,,,,,,,,,,,,,,,,,,,,,,,,,,,,,,,,,,,,,,,,,,,,,,,,
2026-10-01 00:30:00,경기도,A2100122,(의)효심의료재단용인서울병원,20261001002334,031-337-0114,,,,,,,,,,,,,Y,,Y,N1,N1,Y,9,N1,133,N1,,N1,Y,,3,N1,10,,,,,,,,3,,,1,1,,1,,,,,,,,201,,,Y,N1,A2100122,63,,,,,,,,,,,,,,,,,,,,,,,,,,,,,,,,,,,,,,,,,,,,,,,,,,,,,,,,
2026-10-01 00:30:00,경기도,A2121142,메디필드한강병원,20261001002405,031-1551-0077,,,,,,1,2,,,1,,,Y,Y,Y,Y,Y,Y,17,N1,142,N1,4,N1,Y,,6,N1,17,,1,2,,,15,,6,1,,3,2,1,13,,,2,,,,,192,,,Y,N1,A2121142,64,,,,1,,,,,,1,,,,,,,,,,,,,,,,,,,,,,,,,,,,,,,,,,,,,,,,,,,,,,
2026-10-01 00:30:00,경기도,A2100034,의료법인영동의료재단의정부백병원,20261001002319,031-856-8111,,,,,,,2,,,,,,Y,,Y,N1,N1,Y,9,N1,99,N1,3,N1,Y,,3,N1,10,,,2,,,9,,3,,,1,1,,1,,,,,,,,192,,,Y,N1,A2100034,65,,,,,,,,,,,,,,,,,,,,,,,,,,,,,,,,,,,,,,,,,,,,,,,,,,,,,,,,
2026-10-01 00:30:00,경기도,A2100150,추병원,20261001002125,031-845-7777,,,,,,1,1,,,,,,Y,Y,Y,Y,N1,Y,11,N1,46,N1,4,N1,N,,3,N1,12,,1,1,,,15,,3,,,2,1,1,1,,,,,,,,210,,,Y,N1,A2100150,66,,,,,,,,,,,,,,,,,,,,,,,,,,,,,,,,,,,,,,,,,,,,,,,,,,,,,,,,
2026-10-01 00:30:00,경기도,A2100043,경기도의료원의정부병원,20261001002502,0318285000,,,,0,,1,,,,2,,,Y,,Y,N1,N1,Y,10,N1,37,N1,2,N1,N1,,3,N1,10,,1,,,,6,,3,5,,1,,,8,,,,,,,,86,,0,Y,N1,A2100043,67,,,,,43,,,,,,70,,,,,,,,,,,,,,,,,,,,,,,,,,,,,,,,,,,,,,,,,,,,,
2026-10-01 00:30:00,경기도,A2100131,메디인병원,20261001002533,0319431191,,,,,,,2,,,,,,Y,Y,Y,Y,N1,Y,12,N1,45,N1,,N1,Y,,4,N1,12,,,2,,,,,4,,,1,1,1,2,,,,,,,,206,,,Y,N1,A2100131,68,,,,,,,,,,,,,,,,,,,,,,,,,,,,,,,,,,,,,,,,,,,,,,,,,,,,,,,,
2026-10-01 00:30:00,경기도,A2100309,의료법인갈렌의료재단박병원,20261001002502,031-666-2600,,,,,,,1,,,,,,Y,,Y,N1,N1,Y,9,N1,40,N1,1,N1,Y,,2,N1,10,,,1,,,10,,2,,,1,2,,3,,,,,,,,143,,,Y,N1,A2100309,69,,,,,,,,,,,,,,,,,,,,,,,,,,,,,,,,,,,,,,,,,,,,,,,,,,,,,,,,
2026-10-01 00:30:00,경기도,A2100022,의료법인박애의료재단박애병원,20261001002437,031-652-2121,,,,,,,1,,,,,,Y,,Y,N1,Y,Y,10,N1,97,N1,5,N1,Y,,5,N1,10,,,1,,,10,,5,,,2,1,,20,,,2,,,,,193,,,Y,N1,A2100022,70,,,,,,,,,,,,,,,,,,,,,,,,,,,,,,,,,,,,,,,,,,,,,,,,,,,,,,,,
2026-10-01 00:30:00,경기도,A2100036,의료법인 일심의료재단 포천우리병원,20261001002244,031-542-0222,,,,,,1,3,,,2,,,Y,Y,Y,Y,Y,Y,17,N1,61,N1,9,N1,Y,,5,N1,18,,1,3,,,18,,5,2,,2,2,1,14,,,3,,,,,201,,,Y,N1,A2100036,71,,,,2,,,,,,2,,,,,,,,,,,,,,,,,,,,,,,,,,,,,,,,,,,,,,,,,,,,,,
2026-10-01 00:30:00,경기도,A2100018,의료법인은혜와감사의료재단화성중앙종합병원,20261001002400,031-352-8114,,,,,,,1,,,,,,Y,,Y,N1,N1,Y,7,N1,75,N1,8,N1,Y,,3,N1,9,,,1,,,8,,3,,,1,1,,3,,,,,,,,131,,,Y,N1,A2100018,72,,,,,,,,,,,,,,,,,,,,,,,,,,,,,,,,,,,,,,,,,,,,,,,,,,,,,,,,
2026-10-01 00:30:00,경기도,A2115699,의료법인원광의료재단원광종합병원,20261001002327,031-8077-7200,,,,,,1,,,,,,,Y,,Y,N1,N1,Y,9,N1,27,N1,3,N1,Y,,4,N1,9,,1,,,,9,,4,,,1,2,,4,,,,,,,,135,,,Y,N1,A2115699,73,,,,,,,,,,,,,,,,,,,,,,,,,,,,,,,,,,,,,,,,,,,,,,,,,,,,,,,,
2026-10-01 00:30:00,인천광역시,A1400001,의료법인 길의료재단 길병원,20261001002435,1577-2299,Y,Y,,,9,,,0,10,12,Y,,Y,Y,Y,Y,Y,Y,-8,Y,259,Y,,Y,Y,0,3,Y,23,9,,,18,30,,30,3,13,3,6,6,7,113,19,40,19,10,6,,1,995,,,Y,Y,A1400001,1,2,2,0,1,10,2,22,11,18,9,18,2,0,0,3,2,0,6,0,14,1,1,,,1,,2,3,,1,,2,,4,6,1,1,,,3,,,,,2,6,2,6,7,2,47,2,,,,
2026-10-01 00:30:00,인천광역시,A1400002,인하대학교의과대학부속병원,20261001002233,032-890-2114,Y,Y,,,2,2,2,0,0,2,Y,Y,Y,Y,Y,Y,Y,Y,3,Y,72,Y,0,Y,Y,3,16,Y,20,7,2,5,20,26,23,30,16,7,4,6,3,5,109,17,27,13,9,7,1,2,681,,,Y,Y,A1400002,2,,0,0,0,12,,25,13,,3,15,,,,,,0,7,,,1,1,,,,0,0,3,,,3,2,,,6,1,1,,,,,,,,,,,,,,,,,,,
2026-10-01 00:30:00,인천광역시,A1400010,검단탑병원,20261001002438,032-590-0114,,,,,,1,2,2,1,0,,,Y,Y,Y,Y,Y,Y,14,N1,27,N1,7,N1,Y,,6,N1,18,,1,2,2,,13,5,6,2,,2,2,1,11,,,1,,,,,274,,,Y,N1,A1400010,3,,,,0,,,,,,3,,,,,,,,,,,,,,,,,,,,,,,,,,,,,,,,,,,,,,,,,,,,,,
2026-10-01 00:30:00,인천광역시,A1403372,인천세종병원,20261001002510,032-240-8000,,,,,,3,,0,0,2,,,Y,Y,Y,Y,Y,Y,13,Y,20,Y,5,N1,Y,,7,N1,18,,3,,2,,20,3,7,6,,2,2,3,13,,,4,5,1,,,274,,,Y,N1,A1403372,4,,,,2,,,,,,2,,,,,,,,,,,,,,,,,,,,,,,,,,,,,,,,,,,,,,,,,,,,,,
2026-10-01 00:30:00,인천광역시,A1400014,의료법인인성의료재단한림병원,20261001002326,032-540-9114,,,,,,2,2,,,1,Y,,Y,Y,Y,Y,Y,Y,15,Y,48,N1,6,N1,Y,,6,N1,17,,2,2,,,21,,6,2,1,3,2,2,20,,,3,3,,,,391,,,Y,N1,A1400014,5,,,,2,,,,,,2,,,,,,,,,,,,,,,,,,,,,,,,,,,,,,,,,,,,,,,,,,,,,,
2026-10-01 00:30:00,인천광역시,A1400016,인천사랑병원,20261001002425,032-425-2001,,Y,,,,1,2,1,2,0,Y,,Y,Y,Y,Y,Y,Y,5,N1,49,Y,0,Y,Y,,7,N1,14,,1,2,2,,14,3,7,1,1,2,1,1,12,,1,2,,1,,,277,,,Y,N1,A1400016,6,,,,1,,,,,,1,,,,,,,,,,,,,,,,,,,,,,,,,,,,,,,,,4,4,,,,,,,,,,,,
2026-10-01 00:30:00,인천광역시,A1400012,가톨릭대학교 인천성모병원,20261001002510,032-280-6364,Y,Y,,,0,2,3,7,,2,Y,,Y,Y,Y,Y,Y,Y,-8,Y,29,Y,,Y,Y,0,17,N1,19,4,3,5,12,13,,,17,9,1,4,4,5,53,5,14,11,5,4,,,579,,,Y,Y,A1400012,7,,0,4,2,,,15,18,,11,,,,,,,0,8,3,15,,,,,,,,,,,,,,,,,,,,,,,,,,,,,,,,,,,,
2026-10-01 00:30:00,인천광역시,A1400013,안은의료재단 부평세림병원,20261001002457,032-509-5555,,,,,,1,3,2,3,0,,,Y,Y,Y,Y,Y,Y,11,Y,13,N1,5,N1,Y,,4,N1,16,,1,3,2,,11,3,4,2,,3,2,1,9,,,1,1,,,,234,,,Y,N1,A1400013,8,,,,0,,,,,,2,,,,,,,,,,,,,,,,,,,,,,,,,,,,,,,,,,,,,,,,,,,,,,
2026-10-01 00:30:00,인천광역시,A1400015,가톨릭관동대학교국제성모병원,20261001002314,1600-8291,Y,Y,,,1,0,0,,,3,Y,,Y,Y,Y,Y,Y,Y,10,N,97,Y,,Y,Y,4,11,N1,23,3,0,0,,4,,,11,3,2,3,2,3,34,2,11,6,2,1,,,641,,,Y,Y,A1400015,9,5,0,,,5,,40,,,,11,5,0,,0,,,,-4,13,,,,18,,,,,,,,,,,,,,,21,,,,,,,,,,,,,,,,,
2026-10-01 00:30:00,인천광역시,A1400003,의료법인 루가의료재단 나은병원,20261001002108,032-584-0114,,Y,,,,1,2,,,9,Y,,Y,Y,Y,Y,Y,Y,5,Y,105,Y,,Y,Y,,10,N1,11,,1,2,,,,,10,9,1,2,2,3,17,,1,3,1,1,,,367,,,Y,N1,A1400003,10,,4,4,3,,,14,13,,3,,,,,,,,,,,,,,,,,,,,,,,,,,,,,,,,,6,6,,,,,,,,,,,,
2026-10-01 00:30:00,인천광역시,A1400011,의료법인 나사렛의료재단 나사렛국제병원,20261001002231,032-899-9999,,,,,,1,2,2,0,0,,,Y,Y,Y,Y,Y,Y,7,N1,31,N1,7,N1,Y,,5,N1,17,,1,2,2,,16,3,5,1,,2,2,2,8,,,2,,,,,276,,,Y,N1,A1400011,11,,,,0,,,,,,1,,,,,,,,,,,,,,,,,,,,,,,,,,,,,,,,,,,,,,,,,,,,,,
2026-10-01 00:30:00,인천광역시,A1403617,비에스종합병원,20261001002124,032-290-0001,,Y,,,,1,,,,,Y,,Y,Y,Y,Y,Y,Y,9,N1,88,N1,4,Y,N1,0,2,N1,10,,1,,,1,18,,2,,1,1,,1,6,,1,1,,,,,180,,,Y,N1,A1403617,12,,,,0,,,,,,1,,,,,,,,,,,,,,,,,,,,,,,,,,,,,,,,,,,,,,,,,,,,,,
2026-10-01 00:30:00,인천광역시,A1400005,온누리병원,20261001002343,032-567-6200,,,,,,1,1,,,,,,Y,,Y,N1,N1,Y,8,N1,34,N1,,N1,Y,,3,N1,10,,1,1,,,,,3,,,1,1,,5,,,,,,,,190,,,Y,N1,A1400005,13,,,,,,,,,,,,,,,,,,,,,,,,,,,,,,,,,,,,,,,,,,,,,,,,,,,,,,,,
2026-10-01 00:30:00,인천광역시,A1403871,인천힘찬종합병원,20261001002050,032-1899-2220,,,,,,1,2,1,4,,,,Y,,Y,N1,N1,Y,16,N1,81,N1,3,N1,Y,,7,N1,17,,1,2,2,,6,4,7,,,2,2,,4,,,,,,,,231,,,Y,N1,A1403871,14,,,,0,,,,,,1,,,,,,,,,,,,,,,,,,,,,,,,,,,,,,,,,,,,,,,,,,,,,,
2026-10-01 00:30:00,인천광역시,A1400004,현대유비스병원,20261001001958,032-888-7575,,,,,,1,,,,,,,Y,Y,Y,Y,Y,Y,18,N1,25,N1,3,N1,Y,,6,N1,19,,1,,,,13,,6,,,2,2,1,8,,,2,,,,,285,,,Y,N1,A1400004,15,,,,0,,,,,,1,,,,,,,,,,,,,,,,,,,,,,,,,,,,,,,,,,,,,,,,,,,,,,
2026-10-01 00:30:00,인천광역시,A1400008,(의)성세의료재단 뉴성민병원,20261001002400,032-726-1000,,,,,,,1,,,,,,Y,,Y,N1,Y,Y,9,N1,116,N1,10,N1,Y,,6,Y,9,,,1,,,17,,6,,,2,2,,11,,,2,,,,1,265,,,Y,N1,A1400008,16,,,,2,,,,,,2,,,,,,,,,,,,,,,0,,,,,,,,,,,,,,,0,,,,,,,,,,,,,,,,
2026-10-01 00:30:00,인천광역시,A1400018,인천적십자병원,20261001002319,032-899-4000,,,,,,1,1,,,,,,Y,,Y,N1,N1,Y,7,N1,72,N1,1,N1,Y,,3,N1,8,,1,1,,,8,,3,,,1,1,,2,,,,,,,,104,,,Y,N1,A1400018,17,,,,,,,,,,,,,,,,,,,,,,,,,,,,,,,,,,,,,,,,,,,,,,,,,,,,,,,,
2026-10-01 00:30:00,인천광역시,A1400037,인천광역시의료원백령병원,20261001002502,032-836-1731,Y,Y,,,,,1,,,,,,Y,,Y,N1,N1,Y,5,N1,30,N1,,Y,N1,,1,N1,5,,,1,,,,,1,,,1,,,1,1,2,,,,,,30,,,Y,Y,A1400037,18,,,,,,,,,,,,,,,,,,,,,,,,,,,,,,,,,,,,,,,,,,,,,,,,,,,,,,,,
2026-10-01 00:30:00,인천광역시,A1400009,인천기독병원,20261001002046,032-270-8000,,,,,,,1,,,,,,Y,,Y,N1,N1,Y,8,N1,38,N1,10,N1,Y,,4,N1,8,,,1,,,10,,4,,,1,1,,1,,,,,,,,139,,,Y,N1,A1400009,19,,,,,,,,,,,,,,,,,,,,,,,,,,,,,,,,,,,,,,,,,,,,,,1,,1,,,,,,,,
2026-10-01 00:30:00,인천광역시,A1400017,인천광역시의료원,20261001002501,032-580-6000,,,,,,2,,,,7,,,Y,,Y,N1,N1,Y,15,N1,48,N1,0,N1,Y,,6,N1,15,,2,,,,13,,6,7,,1,1,,19,,,,,,,,198,,,Y,N1,A1400017,20,,,,0,28,,,,,0,45,,,,,,,,,,,,,,,,,,,,,,,,,,,,,,,,,,,,,,,,,,,,,
2026-10-01 00:30:00,인천광역시,A1400007,의료법인 성수의료재단 인천백병원,20261001002513,032)765-7070,,,,,,,1,,,,,,Y,,Y,N1,Y,Y,5,N1,16,N1,0,N1,Y,,4,N1,5,,,1,,,12,,4,,,2,2,,6,,,1,,,,,189,,,Y,N1,A1400007,21,,,,,,,,,,,,,,,,,,,,,,,,,,,,,,,,,,,,,,,,,,,,,,,,,,,,,,,,
2026-10-01 00:30:00,부산광역시,A1200003,동아대학교병원,20261001002211,051-240-2400,Y,Y,,,3,,,5,2,1,Y,,Y,Y,Y,Y,Y,Y,15,Y,25,Y,2,Y,Y,0,18,N1,26,3,,,16,20,18,30,18,3,4,5,3,4,76,11,30,16,4,4,,,738,,,Y,Y,A1200003,1,2,,,1,8,,,,,6,18,2,5,0,6,4,3,11,2,13,,,,,,,,,1,2,,,8,7,,,,,,,1,1,,,,,,,,,,,,,,
2026-10-01 00:30:00,부산광역시,A1200022,인제대학교 해운대백병원,20261001002129,051-797-0100,Y,Y,1,,3,2,2,3,5,0,Y,Y,Y,Y,Y,Y,Y,Y,23,Y,-9,Y,,Y,Y,1,21,N1,29,3,2,3,12,25,,30,22,7,2,5,3,4,72,8,40,17,9,11,1,,710,5,,Y,Y,A1200022,2,,5,9,0,6,,28,27,,4,15,,,1,,3,,,,,,,,,,,,,,,,,,,,,,,,,,,,,,,,,,,,,,,,
2026-10-01 00:30:00,부산광역시,A1200018,대동병원,20261001002455,051-554-1233,,,,,3,1,1,,,1,,,Y,Y,Y,Y,Y,Y,15,N1,39,N1,3,N1,Y,,6,N1,15,3,1,2,,,21,,6,1,,2,1,1,10,,,1,,,,,401,,,Y,N1,A1200018,3,,,,0,,,,,,1,,,,,,,,,,,,,,,,,,,,,,,,,,,,,,,,,,,,,,,,,,,,,,
2026-10-01 00:30:00,부산광역시,A1200020,의료법인 온병원그룹의료재단 온병원,20261001002038,051-607-0114,,,,,,1,2,,,1,,,Y,Y,Y,Y,Y,Y,12,N1,195,N1,11,N1,Y,,9,Y,20,,1,2,,,23,,9,6,,4,2,2,7,,,1,,,,1,611,,,Y,N1,A1200020,4,,,,0,,,,,,1,,,,,,,,,,,,,,,,,,,,,,,,,,,,,,,,,,,,,,,,,,,,,,
2026-10-01 00:30:00,부산광역시,A1200001,인제대학교부산백병원,20261001002056,051-890-6114,Y,Y,,,,2,3,,,2,Y,,Y,Y,Y,Y,Y,Y,4,Y,51,Y,0,Y,Y,1,17,Y,21,,2,3,,35,10,,17,8,4,5,3,6,68,19,38,16,3,7,,2,691,,,Y,Y,A1200001,5,,3,0,0,2,,19,18,,1,20,,,,,,0,6,0,12,,,,,,,,,,,,,,,,,,,,,,,,,,,,,,,,,,,,
2026-10-01 00:30:00,부산광역시,A1200005,의료법인 은성의료재단 좋은삼선병원,20261001002534,051-322-0900,,,,,1,1,2,,,2,,,Y,Y,Y,Y,Y,Y,11,N1,38,N1,2,N1,Y,,7,N1,13,1,1,2,,,19,,7,2,,2,2,2,11,,,1,,,,,375,,,Y,N1,A1200005,6,,,,0,,,,,,2,,,,,,,0,4,1,5,,,,,,,,,,,,,,,,,,,,,,,2,3,,,,,,,,,,,,
2026-10-01 00:30:00,부산광역시,A1200004,고신대학교복음병원,20261001002434,051-990-6114,Y,Y,,,,,,1,0,0,Y,,Y,Y,Y,Y,Y,Y,13,Y,67,Y,,Y,Y,16,12,Y,24,,,,2,18,,3,13,2,7,3,3,5,53,13,19,14,3,1,,1,701,,,Y,Y,A1200004,7,1,5,2,5,11,,12,7,,7,14,1,4,,4,,1,16,1,13,,,,,,,,,1,,,,5,,,,,,,,,,,,,,,,,,,,,,,
2026-10-01 00:30:00,부산광역시,A1200002,부산대학교병원,20261001002500,051-240-7000,Y,Y,1,0,3,1,2,0,3,2,Y,,Y,Y,Y,Y,Y,Y,15,Y,240,Y,15,Y,Y,3,26,N,17,3,1,2,2,20,24,3,26,10,12,9,6,8,95,15,17,21,9,18,,1,901,2,0,Y,Y,A1200002,8,,1,,2,9,22,10,,42,4,19,,,,,,,,0,0,,,,,0,,,,,,,,,,,,,,,0,,,,,2,12,2,12,34,2,82,2,,0,,0
2026-10-01 00:30:00,부산광역시,A1200007,비에이치에스한서병원,20261001002535,051-756-0081,,,,,,1,1,2,3,,,,Y,Y,Y,Y,Y,Y,12,Y,63,N1,6,N1,Y,,4,N1,17,,1,2,2,,14,3,4,,,1,1,2,11,,,1,1,,,,285,,,Y,N1,A1200007,9,,,,,,,,,,,,,,,,,,,,,,,,,,,,,,,,,,,,,,,,,,,,,,,,,,,,,,,,
2026-10-01 00:30:00,부산광역시,A1200028,(의)서일의료재단기장병원,20261001002448,051-723-0171,,,,,,,1,,,,,,Y,,Y,N1,N1,Y,9,N1,15,N1,,N1,Y,,3,N1,9,,,1,,,,,3,,,1,1,,1,,,,,,,,154,,,Y,N1,A1200028,10,,,,,,,,,,,,,,,,,,,,,,,,,,,,,,,,,,,,,,,,,,,,,,,,,,,,,,,,
2026-10-01 00:30:00,부산광역시,A1200015,동남권원자력의학원,20261001002500,051-720-5114,,,,,,0,,,,,,,Y,Y,Y,Y,Y,Y,7,Y,26,N1,1,N1,Y,,8,N1,9,,1,,,,12,,8,,,2,3,2,12,,,2,0,,,,245,,,Y,N1,A1200015,11,,,,,,,,,,,,,,,,,,,,,,,,,,,,,,,,,,,,,,,,,,,,,,,,,,,,,,,,
2026-10-01 00:30:00,부산광역시,A1200013,부산성모병원(재단법인 천주교부산교구유지재단),20261001002410,051-933-7114,Y,Y,,,5,1,,,,0,,,Y,,Y,N1,Y,Y,4,N1,58,N1,3,Y,Y,0,7,N1,10,5,1,,,10,18,,7,2,,1,1,,6,14,13,1,,,,,373,,,Y,Y,A1200013,12,,,,2,,,,,,2,,,,,,,,,,,,,,,,,,,,,,,,,,,,,,,,,3,3,,,,,,,,,,,,
2026-10-01 00:30:00,부산광역시,A1200026,좋은문화병원,20261001002532,051-644-2002,Y,Y,,,2,1,2,,,2,Y,,Y,,Y,N1,N1,Y,5,N1,47,N1,2,Y,Y,0,0,Y,7,2,1,2,,10,8,,9,2,8,2,2,,3,5,13,,,,,1,270,,,Y,Y,A1200026,13,,,,,,,,,,,,,,,,,,,,,,,,,,,,,,,,,,,,,,,,,,,,,,,,,,,,,,,,
2026-10-01 00:30:00,부산광역시,A1200017,의료법인정화의료재단 봉생기념병원,20261001002457,051-664-4000,,,,,,,2,,,0,,,Y,Y,Y,Y,Y,Y,8,N1,47,N1,,N1,Y,,8,N1,9,,,2,,,,,8,1,,1,2,2,11,,,4,,,,,335,,,Y,N1,A1200017,14,,0,0,,3,,10,10,,,31,,,,,,,,,,,,,,,,,,,,,,,,,,,,,,,,,,,,,,,,,,,,,
2026-10-01 00:30:00,부산광역시,A1200011,동래봉생병원,20261001002227,051-520-5500,,,,,,1,1,,,,,,Y,Y,Y,Y,Y,Y,5,N1,47,N1,0,N1,Y,,7,N1,8,,1,1,,,18,,7,,,1,2,2,11,,,1,,,,,241,,,Y,N1,A1200011,15,,,,2,,,,,,2,,,,,,,,,,,,,,,,,,,,,,,,,,,,,,,,,,,,,,,,,,,,,,
2026-10-01 00:30:00,부산광역시,A1200009,의료법인 광혜의료재단 광혜병원,20261001002411,051-503-2111,,,,,,2,1,,,0,,,Y,,Y,N1,N1,Y,9,N1,57,N1,3,N1,Y,,3,N1,9,,2,1,,,9,,3,1,,1,1,,4,,,,,,,,190,,,Y,N1,A1200009,16,,,,,,,,,,,,,,,,,,,,,,,,,,,,,,,,,,,,,,,,,,,,,,,,,,,,,,,,
2026-10-01 00:30:00,부산광역시,A1200019,학교법인)동의병원,20261001002400,051-867-5101,,,,,,,1,,,,,,Y,Y,Y,Y,Y,Y,10,Y,120,N1,9,N1,Y,,1,N1,14,,,1,,,23,,5,,,2,2,2,7,,,2,1,,,,448,,,Y,N1,A1200019,17,,,,,,,,,,,,,,,,,,,,,,,,,,,,,,,,,,,,,,,,,,,,,,,,,,,,,,,,
2026-10-01 00:30:00,부산광역시,A1200025,춘해보건대학교병원,20261001002249,051-638-8000,,,,,,,1,,,,,,Y,,Y,N1,N1,Y,9,N1,68,N1,,N1,Y,,4,N1,9,,,1,,,,,4,,,1,1,,3,,,,,,,,201,,,Y,N1,A1200025,18,,,,,,,,,,,,,,,,,,,,,,,,,,,,,,,,,,,,,,,,,,,,,,,,,,,,,,,,
2026-10-01 00:30:00,부산광역시,A1200045,구포성심병원,20261001002113,051-330-2001,,,,,,,0,,,,,,Y,Y,Y,Y,N1,Y,7,N1,39,N1,,N1,Y,,4,N1,9,,,1,,,,,4,,,1,1,1,4,,,,,,,,243,,,Y,N1,A1200045,19,,,,,,,,,,,,,,,,,,,,,,,,,,,,,,,,,,,,,,,,,,,,,,,,,,,,,,,,
2026-10-01 00:30:00,부산광역시,A1200006,의료법인 인당의료재단 부민병원,20261001002036,051-330-3000,,,,,,1,2,,,,,,Y,Y,Y,Y,Y,Y,16,N1,42,N1,3,N1,Y,,8,N1,17,,1,2,,,18,,8,,,2,3,1,7,,,1,,,,,366,,,Y,N1,A1200006,20,,,,0,,,,,,1,,,,,,,,,,,,,,,,,,,,,,,,,,,,,,,,,,,,,,,,,,,,,,
2026-10-01 00:30:00,부산광역시,A1200016,한국보훈복지의료공단 부산보훈병원,20261001002439,051-601-6000,,,,,,1,1,,,,,,Y,Y,Y,Y,N1,Y,11,N1,39,N1,1,N1,Y,,7,N1,11,,1,1,,,9,,7,,,2,3,2,11,,,,,,,,452,,,Y,N1,A1200016,21,,,,1,,,,,,1,,,,,,,,,,,,,,,,,,,,,,,,,,,,,,,,,,,,,,,,,,,,,,
2026-10-01 00:30:00,부산광역시,A1200021,삼육부산병원,20261001002338,051-242-9751,,Y,,,,1,,,,,Y,,Y,Y,Y,Y,Y,Y,5,Y,2,N1,1,Y,Y,,,N1,9,,1,,,,14,,,,1,2,1,1,9,,1,2,1,,,,302,,,Y,N1,A1200021,22,,,,0,,,,,,1,,,,,,,,,,,,,,,,,,,,,,,,,,,,,,,,,,,,,,,,,,,,,,
2026-10-01 00:30:00,부산광역시,A1200008,의료법인 은성의료재단 좋은강안병원,20261001002535,051-625-0900,,,,,,1,0,,,0,,,Y,Y,Y,Y,Y,Y,11,Y,72,N1,4,N1,Y,,11,N1,18,,1,2,,,30,,11,3,,4,3,3,12,,,5,1,,,,535,,,Y,N1,A1200008,23,,,,1,,,,,,2,,,,,,,,,,,,,,,,,,,,,,,,,,,,,,,,,,,,,,,,,,,,,,
2026-10-01 00:30:00,부산광역시,A1200098,의료법인 센텀의료재단 센텀종합병원,20261001002309,051-750-5000,,,,,,,1,,,,,,Y,Y,Y,Y,N1,Y,6,N1,22,N1,1,N1,Y,,9,N1,9,,,1,,,16,,9,,,2,2,1,11,,,,,,,,338,,,Y,N1,A1200098,24,,,,1,,,,,,1,,,,,,,,,,,,,,,,,,,,,,,,,,,,,,,,,,,,,,,,,,,,,,
2026-10-01 00:30:00,부산광역시,A1200024,부산광역시의료원,20261001002316,051-507-3000,,N,,,,1,1,,,2,N,,Y,Y,Y,Y,Y,Y,18,N1,75,N1,,N,Y,,7,N1,18,,1,1,,,,,7,7,1,1,1,2,19,,2,4,,,,,348,,,Y,N1,A1200024,25,,8,10,,7,,13,14,,,29,,,,,,,,,,,,,,,,,,,,,,,,,,,,,,,,,,,,,,,,,,,,,
2026-10-01 00:30:00,부산광역시,A1200012,의료법인 행도의료재단 해동병원,20261001002424,051-412-6161,,,,,,1,,,,0,,,Y,,Y,N1,Y,Y,5,N1,42,N1,2,N1,Y,,3,Y,6,,1,,,,9,,3,0,,1,1,,5,,,1,,,,12,256,,,Y,N1,A1200012,26,,,,,,,,,,,,,,,,,,,,,,,,,,,,,,,,,,,,,,,,,,,,,,,,,,,,,,,,
2026-10-01 00:30:00,부산광역시,A1200014,영도병원,20261001002156,051-414-8101,,,,,,1,1,,,,,,Y,,Y,N1,N1,Y,7,N1,24,N1,1,N1,Y,,3,N1,7,,1,1,,,10,,3,,,1,1,,7,,,,,,,,217,,,Y,N1,A1200014,27,,,,,,,,,,,,,,,,,,,,,,,,,,,,,,,,,,,,,,,,,,,,,,,,,,,,,,,,
2026-10-01 00:30:00,부산광역시,A1200023,재단법인천주교부산교구유지재단 메리놀병원,20261001002408,051-465-8801,,,,,,,1,,,,Y,,Y,Y,Y,Y,Y,Y,5,N1,87,N1,4,N1,Y,,8,N1,9,,,1,,,18,,8,,1,1,1,1,9,,,2,,,,,380,,,Y,N1,A1200023,28,,,,0,,,,,,1,,,,,,,,,,,,,,,,,,,,,,,,,,,,,,,,,,,,,,,,,,,,,,
2026-10-01 00:30:00,부산광역시,A1205143,의료법인 인당의료재단 해운대부민병원,20261001002036,051-602-8000,,,,,,0,,,,0,,,Y,Y,Y,Y,Y,Y,4,N1,9,N1,7,N1,Y,,8,Y,9,,1,,,,19,,8,3,,2,2,1,10,,,1,,,,1,360,,,Y,N1,A1205143,29,,,,0,,,,,,2,,,,,,,,,,,,,,,,,,,,,,,,,,,,,,,,,,,,,,,,,,,,,,
2026-10-01 00:30:00,대구광역시,A1300001,영남대학교병원,20261001002237,053-623-8001,Y,Y,0,,3,2,2,6,5,7,Y,,Y,Y,Y,Y,Y,Y,20,Y,99,Y,,Y,Y,0,23,Y,28,3,2,3,21,15,,30,23,7,2,4,4,4,75,5,11,8,5,5,,1,704,1,,Y,Y,A1300001,1,,0,5,2,10,,10,15,,13,20,,0,3,0,3,0,7,1,14,,,,,,,,,,,,,,,,,,,,,,,,,,,,,,,,,0,,0,
2026-10-01 00:30:00,대구광역시,A1300002,경북대학교병원,20261001002405,053-200-5114,Y,Y,,,4,,,4,14,2,Y,,Y,Y,Y,Y,Y,Y,6,Y,56,Y,,Y,Y,-1,17,N1,25,4,,,20,15,,44,17,5,2,5,5,5,82,8,11,11,9,5,,,565,,,Y,Y,A1300002,2,2,2,1,,8,0,7,4,20,,20,2,2,,3,,3,6,0,5,,,,,,,,,1,1,,,4,4,,,,,,,,,,,2,4,2,6,9,2,40,2,,,,
2026-10-01 00:30:00,대구광역시,A1300004,대구가톨릭대학교병원,20261001002408,053-650-3000,Y,Y,,,,1,2,,,1,Y,Y,Y,Y,Y,Y,Y,Y,10,Y,180,Y,0,Y,Y,0,19,N1,24,,1,3,,42,0,,19,9,2,3,3,5,58,20,32,8,3,4,1,,704,,,Y,Y,A1300004,3,,1,4,1,6,,15,25,,6,20,,,,,,,,5,16,,,,,,,,,,,,,,,,,,,,,,,,,,,,,,,,,,,,
2026-10-01 00:30:00,대구광역시,A1300003,계명대학교동산병원,20261001002509,053-1577-6622,Y,Y,1,,2,1,3,8,2,2,Y,Y,Y,Y,Y,Y,Y,Y,3,Y,124,Y,4,Y,Y,0,23,Y,25,3,2,3,9,43,10,20,24,16,6,6,5,7,56,13,37,9,4,14,1,2,769,1,,Y,Y,A1300003,4,,0,0,0,3,,11,13,,4,20,,,,,,,,1,15,,,,,,0,,,2,,7,,8,,,,,,,,,,,,,,,,,,,,,,,
2026-10-01 00:30:00,대구광역시,A1300009,대구파티마병원,20261001002500,053-1688-7770,Y,Y,,,5,2,5,1,3,,Y,,Y,Y,Y,Y,Y,Y,6,Y,152,Y,,Y,Y,1,17,N1,25,5,2,5,2,8,,4,17,,2,5,3,4,32,11,19,5,1,1,,,566,,,Y,Y,A1300009,5,,5,6,4,,,17,8,,9,,,,,,,,,2,12,,,,,,,,,,,,,,,,,,,,,,,,,,,,,,,,,,,,
2026-10-01 00:30:00,대구광역시,A1300010,칠곡경북대학교병원,20261001002405,053-200-2000,Y,Y,,,1,1,2,5,0,13,Y,,Y,Y,Y,Y,Y,Y,6,Y,140,Y,,Y,Y,-2,18,N1,23,7,1,3,6,39,,3,19,13,2,8,5,8,52,9,27,9,3,1,,,778,,,Y,Y,A1300010,6,,6,6,4,8,,8,14,,4,20,,,,,,,,,,1,1,,,,6,1,3,,,10,2,,,8,1,1,,,,,,,,,,,,,,,,,,,
2026-10-01 00:30:00,대구광역시,A1300034,드림종합병원,20261001002423,053-640-8800,,,,,,,1,,,,,,Y,Y,Y,Y,Y,Y,6,Y,34,N1,,N1,N,,3,N1,8,,,1,,,,,3,,,2,1,1,2,,,1,1,,,,159,,,Y,N1,A1300034,7,,,,,,,,,,,,,,,,,,,,,,,,,,,,,,,,,,,,,,,,,,,1,1,,,,,,,,,,,,
2026-10-01 00:30:00,대구광역시,A1300006,의료법인구의료재단구병원,20261001002509,053-560-9114,,,,,,,1,,,,,,Y,,Y,N1,N1,Y,7,N1,17,N1,3,N1,Y,,9,N1,10,,,1,,,18,,9,,,3,1,,3,,,,,,,,235,,,Y,N1,A1300006,8,,,,0,,,,,,1,,,,,,,,,,,,,,,,,,,,,,,,,,,,,,,,,,,,,,,,,,,,,,
2026-10-01 00:30:00,대구광역시,A1300110,더블유병원,20261001002358,053-550-5000,,,,,,,1,,,,,,Y,,Y,N1,N1,Y,9,N1,35,N1,,N1,N,,11,Y,10,,,1,,,,,12,,,1,3,,1,,,,,,,8,431,,,Y,N1,A1300110,9,,,,,,,,,,,,,,,,,,,,,,,,,,,,,,,,,,,,,,,,,,,,,,,,,,,,,,,,
2026-10-01 00:30:00,대구광역시,A1300011,한국보훈복지의료공단대구보훈병원,20261001002136,053-630-7000,,,,,,1,1,,,1,,,Y,Y,Y,Y,N1,Y,8,N1,94,N1,6,N1,Y,,6,N1,12,,1,1,,,13,,6,1,,1,3,2,9,,,,,,,,406,,,Y,N1,A1300011,10,,,,1,,,,,,1,,,,,,,,,,,,,,,,,,,,,,,,,,,,,,,,,,,,,,,,,,,,,,
2026-10-01 00:30:00,대구광역시,A1300045,삼일병원,20261001002453,053-659-3100,,,,,,1,,,,,,,Y,Y,Y,Y,N1,Y,11,N1,62,N1,,N1,N,,4,N1,14,,1,,,,,,4,,,3,2,1,3,,,,,,,,299,,,Y,N1,A1300045,11,,,,,,,,,,,,,,,,,,,,,,,,,,,,,,,,,,,,,,,,,,,,,,,,,,,,,,,,
2026-10-01 00:30:00,대구광역시,A1300038,나사렛종합병원,20261001002453,053-643-1400,,,,,,,1,,,,,,Y,Y,Y,Y,Y,Y,4,N1,57,N1,8,N1,Y,,5,N1,9,,,1,,,28,,5,,,2,2,2,5,,,1,,,,,231,,,Y,N1,A1300038,12,,,,1,,,,,,1,,,1,,9,,,,,,,,,,,,,,,,,,,,,,,,,,,,,,,,,,,,,,,,,
2026-10-01 00:30:00,대구광역시,A1300018,강남종합병원,20261001002246,053-980-9000,,,,,,1,,,,1,,,Y,,Y,N1,N1,Y,10,N1,47,N1,,N1,Y,,5,N1,10,,1,,,,,,5,1,,2,2,,2,,,,,,,,206,,,Y,N1,A1300018,13,,,,,,,,,,,,,,,,,,,,,,,,,,,,,,,,,,,,,,,,,,,,,,,,,,,,,,,,
2026-10-01 00:30:00,대구광역시,A1300005,대구가톨릭대학교칠곡가톨릭병원,20261001002246,053-320-2500,,,,,,,1,,,,,,Y,,Y,N1,N1,Y,7,N1,51,N1,,N1,Y,,3,N1,9,,,1,,,,,3,,,2,2,,1,,,,,,,,161,,,Y,N1,A1300005,14,,,,,,,,,,,,,,,,,,,,,,,,,,,,,,,,,,,,,,,,,,,,,,,,,,,,,,,,
2026-10-01 00:30:00,대구광역시,A1300076,대구굿모닝병원,20261001002504,053-620-9100,,,,,,1,1,,,,,,Y,Y,Y,Y,N1,Y,16,N1,48,N1,3,N1,Y,,4,N1,17,,1,1,,,26,,4,,,2,4,2,13,,,,,,,,226,,,Y,N1,A1300076,15,,,,0,,,,,,1,,,,,,,,,,,,,,,,,,,,,,,,,,,,,,,,,,,,,,,,,,,,,,
2026-10-01 00:30:00,대구광역시,A1300007,대구의료원,20261001002502,053-560-7575,,Y,,,,1,1,,,3,Y,,Y,,Y,N1,N1,Y,17,N1,46,N1,7,Y,Y,,4,N1,18,,1,1,,,18,,4,3,1,1,1,,13,,4,,,,,,254,,,Y,N1,A1300007,16,,,,0,6,,,,,1,82,,,,,,,,,,,,,,,,,,,,,,,,,,,,,,,,,,,,,,,,,,,,,
2026-10-01 00:30:00,대구광역시,A1300081,(재)미리내천주성삼성직수도회천주성삼병원,20261001002502,053-790-1000,,,,,,,1,,,,,,Y,,Y,N1,N1,Y,7,N1,45,N1,,N1,Y,,4,N1,9,,,1,,,,,4,,,1,2,,4,,,,,,,,294,,,Y,N1,A1300081,17,,,,,,,,,,,,,,,,,,,,,,,,,,,,,,,,,,,,,,,,,,,,,,,,,,,,,,,,
2026-10-01 00:30:00,대구광역시,A1300008,곽병원,20261001002426,053-252-2401,,,,,,,2,,,,,,Y,,Y,N1,N1,Y,6,N1,29,N1,,N1,Y,,4,N1,10,,,2,,,,,4,,,1,1,,2,,,,,,,,221,,,Y,N1,A1300008,18,,,,,,,,,,,,,,,,,,,,,,,,,,,,,,,,,,,,,,,,,,,,,,,,,,,,,,,,
2026-10-01 00:30:00,대구광역시,A1303386,계명대학교대구동산병원,20261001002511,053-250-8114,,,,,,1,1,,,,N,,Y,Y,Y,Y,Y,Y,10,N1,48,N,3,N1,Y,,3,N1,12,,1,1,,,7,,3,,0,2,1,1,6,,,6,,0,,,196,,,Y,N1,A1303386,19,,,,0,,,,,,5,,,,,,,,,,,,,,,,,,,,,,,,,,,,,,,,,,,,,,,,,,,,,,
2026-10-01 00:30:00,대전광역시,A1600006,학교법인건양교육재단건양대학교병원,20261001002011,042-600-9999,Y,Y,1,0,3,2,2,5,5,1,Y,,Y,Y,Y,Y,Y,Y,12,Y,257,Y,20,Y,Y,1,20,Y,24,5,2,3,16,24,52,28,20,1,2,4,4,4,46,17,23,10,3,1,,1,658,1,0,Y,Y,A1600006,1,,,,6,13,,,,,7,20,,0,0,0,3,,,,,,,0,0,,,,,,,,,,,,,,0,0,,4,4,,,,,,,,,,,0,0,0,0
2026-10-01 00:30:00,대전광역시,A1600001,충남대학교병원,20261001002301,1599-7123,Y,Y,,,4,2,3,4,6,6,Y,,Y,Y,Y,Y,Y,Y,16,Y,101,Y,2,Y,Y,7,21,N1,28,6,2,3,20,34,12,30,21,14,5,5,4,5,76,12,36,6,8,2,,,966,,,Y,Y,A1600001,2,0,4,3,7,13,,16,14,,8,26,0,0,,0,,1,10,,,,,,,,1,,,,,5,,,,,,,,,,,,0,0,,,,,,,,,,,,
2026-10-01 00:30:00,대전광역시,A1600002,학교법인을지학원대전을지대학교병원,20261001002500,042-611-3000,Y,Y,,0,,2,1,0,4,,Y,,Y,Y,Y,Y,Y,Y,14,Y,102,Y,,Y,Y,17,15,N1,21,,2,1,2,20,,4,15,,16,4,2,4,70,12,47,7,3,3,,,326,,30,Y,Y,A1600002,3,,3,0,0,10,7,19,19,20,11,20,,,,,,0,5,,,,,0,0,0,,,,,,,,,,,,,0,0,0,,,3,3,2,5,2,6,2,2,40,2,,0,,0
2026-10-01 00:30:00,대전광역시,A1600007,의료법인영훈의료재단유성선병원,20261001002503,042-609-1000,,,,,,2,1,0,0,1,Y,,Y,Y,Y,Y,Y,Y,16,Y,35,N1,6,N1,Y,,7,Y,17,,2,1,2,,17,4,7,1,1,3,3,2,17,,,2,1,,,1,364,,,Y,N1,A1600007,4,,,,1,,,,,,1,,,,,,,,,,,,,,,,,,,,,,,,,,,,,,,,,,,,,,,,,,,,,,
2026-10-01 00:30:00,대전광역시,A1600005,학교법인가톨릭학원가톨릭대학교대전성모병원,20261001002510,042-220-9114,Y,Y,,,,3,,,,3,Y,,Y,Y,Y,Y,Y,Y,12,Y,116,N1,,Y,Y,4,12,N1,19,,3,,,4,,,12,4,1,3,2,4,24,4,8,7,2,,,,537,,,Y,Y,A1600005,5,,1,2,0,,,15,3,,1,,,,,,,1,3,1,9,,,,,,,,,0,0,,,3,2,,,,,,,,,,,,,,,,,,,,,,
2026-10-01 00:30:00,대전광역시,A1600008,의료법인영훈의료재단대전선병원,20261001002409,042-220-8114,,,,,,1,3,1,0,0,Y,,Y,Y,Y,Y,Y,Y,17,N1,24,N1,2,N1,Y,,7,N1,17,,1,3,2,,30,3,7,1,1,2,2,2,11,,,3,,,,,308,,,Y,N1,A1600008,6,,,,1,,,,,,1,,,,,,,,,,,,,,,,,,,,,,,,,,,,,,,,,,,,,,,,,,,,,,
2026-10-01 00:30:00,대전광역시,A1600004,대전보훈병원,20261001002328,042-939-0111,,,,,,1,1,,,0,,,Y,Y,Y,Y,N1,Y,7,N1,55,N1,7,N1,Y,,5,N1,7,,1,1,,,10,,5,1,,1,3,1,12,,,,,,,,316,,,Y,N1,A1600004,7,,,,1,,,,,,1,,,,,,,,,,,,,,,,,,,,,,,,,,,,,,,,,,,,,,,,,,,,,,
2026-10-01 00:30:00,대전광역시,A1600003,대전한국병원,20261001002501,042-606-1000,,Y,,,,1,,,,,Y,,Y,Y,Y,Y,Y,Y,7,N1,54,N1,5,Y,Y,,5,N1,9,,1,,,,12,,5,,1,2,2,2,6,,1,1,,,,,241,,,Y,N1,A1600003,8,,,,,,,,,,,,,,,,,,,,,,,,,,,,,,,,,,,,,,,,,,,,,,,,,,,,,,,,
2026-10-01 00:30:00,대전광역시,A1602246,대청병원,20261001002503,1899-6075,,,,,,,1,,,,,,Y,,Y,N1,Y,Y,7,N1,106,N1,0,N1,Y,,3,N1,9,,,1,,,17,,3,,,2,1,,10,,,1,,,,,245,,,Y,N1,A1602246,9,,,,,,,,,,,,,,,,,,,,,,,,,,,,,,,,,,,,,,,,,,,,,,,,,,,,,,,,
2026-10-01 00:30:00,울산광역시,A1700004,학교법인울산공업학원울산대학교병원,20261001002423,052-250-7000,Y,Y,,,7,0,0,5,9,0,Y,,Y,Y,Y,Y,Y,Y,8,Y,42,Y,3,Y,Y,8,20,N1,21,8,0,0,12,26,8,36,20,0,5,7,5,6,83,14,27,17,8,4,,,725,,,Y,Y,A1700004,1,3,5,6,4,10,10,13,16,20,8,20,3,3,2,3,8,0,6,,,,,,4,5,,,,,1,,,,2,,,,,4,5,,,,,2,5,2,6,10,2,42,2,,,,
2026-10-01 00:30:00,울산광역시,A1700028,의료법인정안의료재단중앙병원,20261001002410,052-226-1100,,,,,,1,1,0,2,0,,,Y,Y,Y,Y,Y,Y,9,N1,31,N1,1,N1,Y,,8,N1,17,,1,2,2,,18,4,8,1,,2,2,2,7,,,2,,,,,335,,,Y,N1,A1700028,2,,,,0,,,,,,2,,,,,,,,,,,,,,,,,,,,,,,,,,,,,,,,,,,,,,,,,,,,,,
2026-10-01 00:30:00,울산광역시,A1700003,울산병원,20261001002509,052-259-5000,,,,,,1,2,2,3,,,,Y,Y,Y,Y,Y,Y,17,Y,27,Y,5,N1,Y,,4,Y,19,,1,2,2,,17,3,4,,,2,2,3,12,,,4,1,2,,2,352,,,Y,N1,A1700003,3,,,,0,,,,,,1,,,,,,,,,,,,,,,,,,,,,,,,,,,,,,,,,,,,,,,,,,,,,,
2026-10-01 00:30:00,울산광역시,A1700025,의료법인송은의료재단울산시티병원,20261001002505,052-280-9000,,,,,,1,2,0,1,,,,Y,Y,Y,Y,Y,Y,16,N1,15,N1,2,N1,Y,,8,N1,17,,1,2,2,,24,3,8,,,2,2,2,17,,,4,,,,,347,,,Y,N1,A1700025,4,,,,1,,,,,,3,,,,,,,,,,,,,,,,,,,,,,,,,,,,,,,,,,,,,,,,,,,,,,
2026-10-01 00:30:00,울산광역시,A1700002,의료법인동강의료재단동강병원,20261001002445,052-241-1114,,,,,,1,2,0,1,0,,Y,Y,Y,Y,Y,Y,Y,21,Y,63,N1,,N1,Y,,8,N1,24,,1,2,2,,,3,8,2,,3,2,4,25,,,7,5,,1,,513,,,Y,N1,A1700002,5,,4,0,0,,,14,9,,1,,,,,,,2,13,,,,,,,,,,,,,,,,,,,,,,,,,,,,,,,,,,,,,,
2026-10-01 00:30:00,울산광역시,A1700011,의료법인은성의료재단좋은삼정병원,20261001002105,052-220-7500,,,,,,,1,,,0,,,Y,Y,Y,Y,Y,Y,8,N1,41,N1,4,N1,Y,,7,N1,9,,,1,,,14,,7,1,,2,2,1,8,,,1,,,,,283,,,Y,N1,A1700011,6,,,,0,,,,,,1,,,,,,,,,,,,,,,,,,,,,,,,,,,,,,,,,,,,,,,,,,,,,,
2026-10-01 00:30:00,울산광역시,A1700001,서울산보람병원,20261001002442,052-255-7114,,,,,,,1,,,,,,Y,,Y,N1,N1,Y,8,N1,84,N1,,N1,Y,,3,N1,10,,,1,,,,,3,,,1,1,,1,,,,,,,,213,,,Y,N1,A1700001,7,,,,,,,,,,,,,,,,,,,,,,,,,,,,,,,,,,,,,,,,,,,,,,,,,,,,,,,,
2026-10-01 00:30:00,세종특별자치시,A1800441,세종충남대학교병원,20261001002301,1800-3114,Y,Y,,,0,1,2,,,4,Y,,Y,Y,Y,Y,Y,Y,11,Y,51,Y,4,Y,Y,-2,8,N1,17,0,1,2,,19,11,,8,4,3,2,2,3,35,8,21,7,3,2,,,300,,,Y,Y,A1800441,1,,,,0,,,,,,2,,,,,,,,,,,0,0,,,,,1,5,,,,2,,,6,0,0,,,,,,,,,,,,,,,,,,,
2026-10-01 00:30:00,세종특별자치시,A1800417,의료법인 영제 의료재단 엔케이세종병원,20261001002452,044-850-7700,,,,,,,1,,,,,,Y,,Y,N1,N1,Y,7,N1,125,N1,,N1,Y,,3,N1,10,,,1,,,,,3,,,1,1,,1,,,,,,,,200,,,Y,N1,A1800417,2,,,,,,,,,,,,,,,,,,,,,,,,,,,,,,,,,,,,,,,,,,,,,,,,,,,,,,,,
2026-10-01 00:30:00,전남광주통합특별시,A1500002,전남대학교병원,20261001002500,1899-0000,Y,Y,,,3,,,4,5,5,Y,,Y,Y,Y,Y,Y,Y,14,Y,179,Y,2,Y,Y,1,20,Y,26,4,,,18,33,8,30,20,7,8,5,4,8,78,24,30,20,13,6,,1,803,,,Y,Y,A1500002,1,2,3,3,,11,8,11,12,20,,32,2,1,0,5,2,3,13,8,15,,,,,,0,,,2,,8,,9,,,,,,,,,,,,2,3,2,6,6,2,40,2,,,,
2026-10-01 00:30:00,전남광주통합특별시,A1500001,조선대학교병원,20261001002605,1811-7474,Y,Y,,,4,0,0,7,2,4,Y,Y,Y,Y,Y,Y,Y,Y,18,Y,96,Y,,Y,Y,8,15,Y,23,4,0,0,20,20,,28,15,5,3,5,3,3,65,11,15,24,5,1,1,1,568,,,Y,Y,A1500001,2,2,2,3,0,10,,16,19,,2,20,2,3,0,3,2,,,2,19,,,,,,,,,,,,,,,,,,,,,,,,,,,,,,,,,1,,2,
2026-10-01 00:30:00,전남광주통합특별시,A2600011,목포한국병원,20261001002353,061-270-5500,Y,Y,,,3,2,3,1,5,0,Y,,Y,Y,Y,Y,Y,Y,7,Y,92,Y,3,Y,Y,,6,Y,16,3,2,3,20,,27,42,6,2,1,4,2,3,48,1,1,14,2,3,,1,418,,,Y,Y,A2600011,3,,,,0,,2,,,20,1,,,,0,,1,,,,,,,,,,,,,,,,,,,,,,,,,,,,,2,6,2,6,14,2,40,2,,,,
2026-10-01 00:30:00,전남광주통합특별시,A2600019,성가롤로병원,20261001002047,061-720-2000,N,Y,,,4,2,3,0,19,5,Y,,Y,Y,Y,Y,Y,Y,3,Y,62,Y,,Y,Y,,8,Y,18,4,2,3,25,,,30,9,31,1,4,4,4,27,1,3,8,1,2,,3,481,,,Y,N,A2600019,4,,0,2,0,,,7,11,,1,,,,0,,4,1,8,,,,,,,,,,,,,,,,,,,,,,,,,,,,,,,,,,,,,,
2026-10-01 00:30:00,전남광주통합특별시,A1500019,KS병원,20261001002049,062-975-9000,,,,,5,1,2,0,1,,,,Y,Y,Y,Y,Y,Y,13,N1,31,Y,4,N1,Y,,4,N1,15,7,1,2,2,,12,3,4,,,2,2,1,5,,,1,,1,,,267,,,Y,N1,A1500019,5,,3,,,,,9,,,,,,,,,,,,,,,,,,,,,,,,,,,,,,,,,,,,0,0,,,,,,,,,,,,
2026-10-01 00:30:00,전남광주통합특별시,A1500011,첨단종합병원,20261001002426,062-601-8000,,,,,,1,2,2,2,1,,,Y,Y,Y,Y,Y,Y,17,N1,108,N1,7,N1,Y,,5,N1,22,,1,2,2,,21,3,5,1,,2,2,1,11,,,1,,,,,409,,,Y,N1,A1500011,6,,,,1,11,,,,,1,49,,,,,,,,,,,,,,,,,,,,,,,,,,,,,,,,,,,,,,,,,,,,,
2026-10-01 00:30:00,전남광주통합특별시,A1500021,광주기독병원,20261001002053,062-650-5000,,,,,,0,1,,,,N,,Y,Y,Y,Y,Y,Y,17,N1,41,N1,,N1,Y,3,9,N1,20,,1,2,,3,,,9,,0,2,2,2,11,,,2,,,,,514,,,Y,N1,A1500021,7,,0,0,1,,,16,9,,3,,,,,,,,,,,,,,,,,,,,,,,,,,,,,,,,,,,,,,,,,,,,,,
2026-10-01 00:30:00,전남광주통합특별시,A2600017,의료법인목포구암의료재단목포중앙병원,20261001002600,061-280-3000,,,,,,2,2,,,,,,Y,Y,Y,Y,Y,Y,11,N1,61,Y,7,N1,Y,,4,N1,16,,2,2,,,16,,4,,,2,1,2,10,,,1,,1,,,275,,,Y,N1,A2600017,8,,,,2,6,,,,,2,49,,,,,,,,,,,,,,,,,,,,,,,,,,,,,,,,,,,,,,,,,,,,,
2026-10-01 00:30:00,전남광주통합특별시,A1500020,서광병원,20261001002245,062-600-8000,,,,,2,2,1,1,1,1,N,,Y,N,Y,N,Y,Y,18,N1,73,N1,6,N1,Y,,2,N1,18,2,2,1,2,,17,3,2,1,0,1,1,0,1,,,1,,,,,176,,,Y,N1,A1500020,9,,,,0,,,,,,1,,,,,,,,,,,,,,,,,,,,,,,,,,,,,,,,,,,,,,,,,,,,,,
2026-10-01 00:30:00,전남광주통합특별시,A2600014,여천전남병원,20261001002107,061690-6000,,,,,,1,2,,,,,,Y,Y,Y,Y,Y,Y,13,N1,117,N1,3,N1,Y,,5,N1,17,,1,2,,,14,,5,,,2,2,1,6,,,1,,,,,299,,,Y,N1,A2600014,10,,,,,,,,,,,,,,,,,,,,,,,,,,,,,,,,,,,,,,,,,,,,,,,,,,,,,,,,
2026-10-01 00:30:00,전남광주통합특별시,A2600001,화순전남대학교병원,20261001002500,061-379-7120,,Y,,,1,,2,0,1,5,,,Y,Y,Y,Y,Y,Y,14,Y,8,N1,,Y,Y,1,14,N1,16,1,,2,2,1,,4,14,5,,5,4,2,31,,1,7,1,,,,546,,,Y,N1,A2600001,11,1,3,7,1,,,8,12,,2,,1,4,,4,,,,,,,,,,,,,,,,,,,,,,,,,,,,,,,,,,,,,,,,,
2026-10-01 00:30:00,전남광주통합특별시,A2600050,전라남도강진의료원,20261001002001,061-433-2167,,Y,,,,,1,,,,Y,,Y,,Y,N1,N1,Y,6,N1,62,N1,,Y,Y,,3,N1,9,,,1,,,,,3,,1,1,1,,2,,2,,,,,,171,,,Y,N1,A2600050,12,,,,,,,,,,,,,,,,,,,,,,,,,,,,,,,,,,,,,,,,,,,,,,,,,,,,,,,,
2026-10-01 00:30:00,전남광주통합특별시,A2600018,의료법인영성의료재단고흥종합병원,20261001002343,061-832-1911,Y,Y,,,,,,,,,Y,,Y,,Y,N1,N1,Y,10,N1,168,N1,1,Y,Y,,2,N1,10,,,,,,12,,2,,1,1,1,,4,1,1,,,,,,271,,,Y,Y,A2600018,13,,,,,,,,,,,,,,,,,,,,,,,,,,,,,,,,,,,,,,,,,,,,,,,,,,,,,,,,
2026-10-01 00:30:00,전남광주통합특별시,A2600068,의료법인장호의료재단녹동현대병원,20261001001729,061-840-1200,,,,,,,2,,,,,,Y,,Y,N1,N1,Y,2,N1,37,N1,,N1,Y,,2,N1,3,,,2,,,,,2,,,1,1,,3,,,,,,,,118,,,Y,N1,A2600068,14,,,,,,,,,,,,,,,,,,,,,,,,,,,,,,,,,,,,,,,,,,,,,,,,,,,,,,,,
2026-10-01 00:30:00,전남광주통합특별시,A2600029,곡성사랑병원,20261001002440,061-360-6000,,,,,,,1,,,,,,Y,,Y,N1,N1,Y,5,N1,11,N1,,N1,N1,,1,N1,5,,,1,,,,,1,,,1,,,1,,,,,,,,46,,,Y,N1,A2600029,15,,,,,13,,,,,,45,,,,,,,,,,,,,,,,,,,,,,,,,,,,,,,,,,,,,,,,,,,,,
2026-10-01 00:30:00,전남광주통합특별시,A1500006,신가병원,20261001002133,062-610-8702,,,,,,,1,,,,,,Y,,Y,N1,N1,Y,7,N1,46,N1,,N1,Y,,3,N1,9,,,1,,,,,3,,,1,1,,1,,,,,,,,201,,,Y,N1,A1500006,16,,,,,,,,,,,,,,,,,,,,,,,,,,,,,,,,,,,,,,,,,,,1,1,,,,,,,,,,,,
2026-10-01 00:30:00,전남광주통합특별시,A1502007,광주센트럴병원,20261001002440,062-950-9700,,,,,,,1,,,,,,Y,,Y,N1,N1,Y,9,N1,48,N1,,N1,Y,,3,N1,10,,,1,,,,,3,,,1,1,,1,,,,,,,,299,,,Y,N1,A1502007,17,,,,,,,,,,,,,,,,,,,,,,,,,,,,,,,,,,,,,,,,,,,,,,,,,,,,,,,,
2026-10-01 00:30:00,전남광주통합특별시,A1500017,하남성심병원,20261001002510,062-953-6000,,,,,,,1,,,,,,Y,,Y,N1,N1,Y,15,N1,46,N1,4,N1,Y,,5,N1,19,,,1,,,10,,5,,,1,1,,4,,,,,,,,261,,,Y,N1,A1500017,18,,,,,,,,,,,,,,,,,,,,,,,,,,,,,,,,,,,,,,,,,,,,,,,,,,,,,,,,
2026-10-01 00:30:00,전남광주통합특별시,A1500018,광주수완병원,20261001002344,062-958-1111,,,,,,,0,,,,,,Y,,Y,N1,N1,Y,9,N1,52,N1,,N1,Y,,3,N1,9,,,1,,,,,3,,,1,1,,2,,,,,,,,177,,,Y,N1,A1500018,19,,,,,,,,,,,,,,,,,,,,,,,,,,,,,,,,,,,,,,,,,,,,,,,,,,,,,,,,
2026-10-01 00:30:00,전남광주통합특별시,A1500004,광주보훈병원,20261001002457,062-602-6021,,,,30,,1,1,,,1,,,Y,Y,Y,Y,Y,Y,12,N1,93,N1,15,N1,Y,,7,N1,14,,1,1,,,25,,7,2,,2,3,2,11,,,2,,,,,512,,30,Y,N1,A1500004,20,,,,1,,,,,,1,,,,,,,,,,,,,,,,,,,,,,,,,,,,,,,,,,,,,,,,,,,,,,
2026-10-01 00:30:00,전남광주통합특별시,A2600006,광양사랑병원,20261001002515,061797-7000,,,,,,,1,,,,,,Y,,Y,N1,Y,Y,9,N1,59,N1,4,N1,Y,,3,N1,9,,,1,,,9,,3,,,1,1,,4,,,1,,,,,149,,,Y,N1,A2600006,21,,,,,,,,,,,,,,,,,,,,,,,,,,,,,,,,,,,,,,,,,,,,,,,,,,,,,,,,
2026-10-01 00:30:00,전남광주통합특별시,A2600024,의료법인현경의료재단광양서울병원,20261001002507,061-798-9800,,,,,,,1,,,,,,Y,,Y,N1,Y,Y,8,N1,57,N1,,N1,Y,,3,N1,9,,,1,,,,,3,,,1,1,,3,,,1,,,,,208,,,Y,N1,A2600024,22,,,,,,,,,,,,,,,,,,,,,,,,,,,,,,,,,,,,,,,,,,,,,,,,,,,,,,,,
2026-10-01 00:30:00,전남광주통합특별시,A2600061,구례병원,20261001002456,061780-3300,,,,,,,0,,,,,,Y,,Y,N1,N1,Y,10,N1,34,N1,,N1,N1,,1,N1,10,,,0,,,,,1,,,1,,,1,,,,,,,,97,,,Y,N1,A2600061,23,,,,,,,,,,,,,,,,,,,,,,,,,,,,,,,,,,,,,,,,,,,,,,,,,,,,,,,,
2026-10-01 00:30:00,전남광주통합특별시,A2600016,나주종합병원,20261001002527,061-330-6114,,,,,,,,,,,,,Y,,Y,N1,N1,Y,6,N1,50,N1,,N1,Y,,3,N1,10,,,,,,,,3,,,1,1,,2,,,,,,,,178,,,Y,N1,A2600016,24,,,,,,,,,,,,,,,,,,,,,,,,,,,,,,,,,,,,,,,,,,,,,,,,,,,,,,,,
2026-10-01 00:30:00,전남광주통합특별시,A2602211,빛가람종합병원,20261001002444,061-820-0820,,,,,,,1,,,,,,Y,,Y,N1,N1,Y,7,N1,15,N1,,N1,Y,,4,N1,9,,,1,,,,,4,,,1,1,,2,,,,,,,,192,,,Y,N1,A2602211,25,,,,,,,,,,,,,,,,,,,,,,,,,,,,,,,,,,,,,,,,,,,,,,,,,,,,,,,,
2026-10-01 00:30:00,전남광주통합특별시,A1500013,동아병원,20261001002526,062-650-2500,,,,,,,1,,,,,,Y,,Y,N1,N1,Y,7,N1,66,N1,,N1,Y,,1,N1,9,,,1,,,,,6,,,1,2,,1,,,,,,,,276,,,Y,N1,A1500013,26,,,,,,,,,,,,,,,,,,,,,,,,,,,,,,,,,,,,,,,,,,,,,,,,,,,,,,,,
2026-10-01 00:30:00,전남광주통합특별시,A1500009,광주씨티병원,20261001002239,062-604-7000,,,,,,,1,,,,,,Y,,Y,N1,N1,Y,10,N1,36,N1,,N1,Y,,4,N1,10,,,1,,,,,4,,,1,1,,1,,,,,,,,173,,,Y,N1,A1500009,27,,,,,,,,,,,,,,,,,,,,,,,,,,,,,,,,,,,,,,,,,,,,,,,,,,,,,,,,
2026-10-01 00:30:00,전남광주통합특별시,A2600054,담양사랑병원,20261001002523,061-380-9000,,,,,,,2,,,,,,Y,,Y,N1,N1,Y,6,N1,45,N1,,N1,N1,,2,N1,6,,,2,,,,,2,,,1,,,1,,,,,,,,86,,,Y,N1,A2600054,28,,,,,,,,,,,,,,,,,,,,,,,,,,,,,,,,,,,,,,,,,,,,,,,,,,,,,,,,
2026-10-01 00:30:00,전남광주통합특별시,A2600020,목포기독병원,20261001002456,061-280-7500,,,,,,,1,,,,,,Y,,Y,N1,Y,Y,17,N1,78,N1,12,N1,Y,,4,N1,17,,,1,,,14,,4,,,1,2,,9,,,1,,,,,340,,,Y,N1,A2600020,29,,,,2,,,,,,3,,,,,,,,,,,,,,,,,,,,,,,,,,,,,,,,,2,2,,,,,,,,,,,,
2026-10-01 00:30:00,전남광주통합특별시,A2600022,목포시의료원,20261001002502,061-260-6500,,,,,,,1,,1,,,,Y,,Y,N1,N1,Y,9,N1,69,N1,,N1,Y,,3,N1,9,,,1,,,,1,3,,,1,1,,1,,,,,,,,253,,,Y,N1,A2600022,30,,,,,4,,,,,,45,,,,,,,,,,,,,,,,,,,,,,,,,,,,,,,,,,,,,,,,,,,,,
2026-10-01 00:30:00,전남광주통합특별시,A2600003,대송의료재단무안병원,20261001002458,061-450-3000,,,,,,,1,,,,,,Y,,Y,N1,Y,Y,2,N1,54,N1,0,N1,Y,,2,N1,4,,,1,,,13,,2,,,1,1,,1,,,1,,,,,173,,,Y,N1,A2600003,31,,,,,11,,,,,,105,,,,,,,,,,,,,,,,,,,,,,,,,,,,,,,,,,,,,,,,,,,,,
2026-10-01 00:30:00,전남광주통합특별시,A2600052,보성아산병원,20261001002501,061-850-3410,,,,,,,1,,,,,,Y,,Y,N1,N1,Y,8,N1,58,N1,,N1,N1,,2,N1,8,,,1,,,,,2,,,1,,,2,,,,,,,,100,,,Y,N1,A2600052,32,,,,,,,,,,,,,,,,,,,,,,,,,,,,,,,,,,,,,,,,,,,,,,,,,,,,,,,,
2026-10-01 00:30:00,전남광주통합특별시,A2600066,의료법인삼호의료재단벌교삼호병원,20261001001636,061-859-5000,,,,,,,1,,,,,,Y,,Y,N1,N1,Y,6,N1,34,N1,,N1,N1,,1,N1,6,,,1,,,,,1,,,1,,,1,,,,,,,,80,,,Y,N1,A2600066,33,,,,,72,,,,,,261,,,,,,,,,,,,,,,,,,,,,,,,,,,,,,,,,,,,,,,,,,,,,
2026-10-01 00:30:00,전남광주통합특별시,A1500015,광주병원,20261001001855,062-260-7000,,,,,,,1,,,,,,Y,Y,Y,Y,N1,Y,4,N1,22,N1,0,N1,Y,,4,N1,10,,,1,,,13,,4,,,1,1,1,1,,,,,,,,278,,,Y,N1,A1500015,34,,,,,,,,,,,,,,,,,,,,,,,,,,,,,,,,,,,,,,,,,,,,,,,,,,,,,,,,
2026-10-01 00:30:00,전남광주통합특별시,A1500010,운암한국병원,20261001002232,062-608-8000,,,,,,,1,,,,,,N,,Y,N1,N1,N,7,N1,33,N1,,N1,N,,3,N1,9,,,1,,,,,3,,,1,1,,1,,,,,,,,208,,,Y,N1,A1500010,35,,,,,,,,,,,,,,,,,,,,,,,,,,,,,,,,,,,,,,,,,,,,,,,,,,,,,,,,
2026-10-01 00:30:00,전남광주통합특별시,A1500003,광주현대병원,20261001002413,062-570-0114,,,,,,,1,,,,,,Y,,Y,N1,N1,Y,4,N1,42,N1,,N1,Y,,5,N1,9,,,1,,,,,5,,,1,2,,1,,,,,,,,236,,,Y,N1,A1500003,36,,,,,,,,,,,,,,,,,,,,,,,,,,,,,,,,,,,,,,,,,,,1,1,,,,,,,,,,,,
2026-10-01 00:30:00,전남광주통합특별시,A1500005,광주일곡병원,20261001002119,062-608-7013,,,,,,,1,,,,,,Y,,Y,N1,N1,Y,9,N1,35,N1,,N1,Y,,2,N1,9,,,1,,,,,2,,,1,1,,1,,,,,,,,144,,,Y,N1,A1500005,37,,,,,,,,,,,,,,,,,,,,,,,,,,,,,,,,,,,,,,,,,,,,,,,,,,,,,,,,
2026-10-01 00:30:00,전남광주통합특별시,A1500007,광주희망병원,20261001002047,062-608-6000,,,,,,,1,,,,,,,,Y,N1,N1,N1,8,N1,70,N1,6,N1,N1,,2,N1,9,,,1,,,8,,3,,,,,,,,,,,,,,182,,,N1,N1,A1500007,38,,,,1,,,,,,1,,,,,,,,,,,,,,,,,,,,,,,,,,,,,,,,,,,,,,,,,,,,,,
2026-10-01 00:30:00,전남광주통합특별시,A1500022,상무병원,20261001002515,062-600-7000,,,,,,,1,,,,,,Y,,Y,N1,N1,Y,9,N1,59,N1,,N1,Y,,3,N1,9,,,1,,,,,3,,,1,1,,1,,,,,,,,202,,,Y,N1,A1500022,39,,,,,,,,,,,,,,,,,,,,,,,,,,,,,,,,,,,,,,,,,,,,,,,,,,,,,,,,
2026-10-01 00:30:00,전남광주통합특별시,A1500016,광주한국병원,20261001002252,062-380-3000,,,,,,,1,,,,,,Y,,Y,N1,N1,Y,11,N1,82,N1,,N1,Y,,4,N1,15,,,1,,,,,4,,,1,1,,1,,,,,,,,259,,,Y,N1,A1500016,40,,,,,,,,,,,,,,,,,,,,,,,,,,,,,,,,,,,,,,,,,,,,,,,,,,,,,,,,
2026-10-01 00:30:00,전남광주통합특별시,A1500014,미래로21병원,20261001002247,062-450-1000,,,,,,,1,,,,,,Y,Y,Y,Y,Y,Y,4,N1,49,N1,4,N1,Y,,3,N1,9,,,1,,,8,,3,,,1,1,1,4,,,1,,,,,192,,,Y,N1,A1500014,41,,,,,,,,,,,,,,,,,,,,,,,,,,,,,,,,,,,,,,,,,,,,,,,,,,,,,,,,
2026-10-01 00:30:00,전남광주통합특별시,A2600008,순천제일병원,20261001002246,061-720-3413,,,,,,,1,,,,,,Y,,Y,N1,N1,Y,9,N1,9,N1,,N1,Y,,2,N1,9,,,1,,,,,2,,,1,1,,1,,,,,,,,200,,,Y,N1,A2600008,42,,,,,,,,,,,,,,,,,,,,,,,,,,,,,,,,,,,,,,,,,,,,,,,,,,,,,,,,
2026-10-01 00:30:00,전남광주통합특별시,A2600056,전라남도순천의료원,20261001002501,061-759-9114,,,,,,0,1,,,6,,,Y,,Y,N1,N1,Y,6,N1,53,N1,4,N1,Y,,3,N1,6,,1,1,,,7,,3,15,,1,1,,13,,,,,,,,164,,,Y,N1,A2600056,43,,,,,23,,,,,,80,,,,,,,,,,,,,,,,,,,,,,,,,,,,,,,,,,,,,,,,,,,,,
2026-10-01 00:30:00,전남광주통합특별시,A2600005,의료법인한국의료재단한국병원,20261001002518,061-740-5000,,,,,,,1,,,,,,Y,,Y,N1,N1,Y,7,N1,88,N1,3,N1,Y,,3,N1,11,,,1,,,9,,3,,,1,1,,4,,,,,,,,229,,,Y,N1,A2600005,44,,,,,,,,,,,,,,,,,,,,,,,,,,,,,,,,,,,,,,,,,,,,,,,,,,,,,,,,
2026-10-01 00:30:00,전남광주통합특별시,A2600004,순천중앙병원,20261001002444,061-743-9021,,,,,,,1,,,,,,Y,,Y,N1,N1,Y,4,N1,70,N1,,N1,Y,,2,N1,5,,,1,,,,,2,,,1,1,,1,,,,,,,,200,,,Y,N1,A2600004,45,,,,,,,,,,,,,,,,,,,,,,,,,,,,,,,,,,,,,,,,,,,,,,,,,,,,,,,,
2026-10-01 00:30:00,전남광주통합특별시,A2600051,의료법인신안대우병원,20261001002530,061-262-3301,,,,,,,1,,,,,,Y,,Y,N1,N1,Y,4,N1,24,N1,,N1,N1,,,N1,4,,,1,,,,,,,,1,,,1,,,,,,,,30,,,Y,N1,A2600051,46,,,,,,,,,,,,,,,,,,,,,,,,,,,,,,,,,,,,,,,,,,,,,,,,,,,,,,,,
2026-10-01 00:30:00,전남광주통합특별시,A2600027,의료법인한마음의료재단여수제일병원,20261001002455,061-689-8123,,Y,,,,,1,,,,Y,,Y,,Y,N1,Y,Y,7,Y,30,N1,10,Y,Y,,6,N1,9,,,1,,,13,,6,,1,2,2,,5,,3,2,1,,,,365,,,Y,N1,A2600027,47,,,,1,,,,,,1,,,,,,,,,,,,,,,,,,,,,,,,,,,,,,,,,,,,,,,,,,,,,,
2026-10-01 00:30:00,전남광주통합특별시,A2600010,여수전남병원,20261001002503,061640-7128,,,,,,,1,,,,,,Y,,Y,N1,Y,Y,8,N1,36,N1,1,N1,Y,,4,N1,10,,,1,,,11,,4,,,2,1,,8,,,1,,,,,272,,,Y,N1,A2600010,48,,,,,,,,,,,,,,,,,,,,,,,,,,,,,,,,,,,,,,,,,,,,,,,,,,,,,,,,
2026-10-01 00:30:00,전남광주통합특별시,A2600034,의료법인 거명의료재단 영광기독병원,20261001002424,061-350-3000,,,,,,,1,,,,,,Y,,Y,N1,N1,Y,10,N1,43,N1,0,N1,Y,,2,N1,10,,,1,,,11,,2,,,1,1,,3,,,,,,,,195,,,Y,N1,A2600034,49,,,,,,,,,,,,,,,,,,,,,,,,,,,,,,,,,,,,,,,,,,,,,,,,,,,,,,,,
2026-10-01 00:30:00,전남광주통합특별시,A2600015,영광종합병원,20261001002149,061-350-8000,,N,,,,,1,,,,N,,Y,,Y,N1,N1,Y,7,N1,65,N1,0,N,Y,,3,N1,10,,,1,,,7,,3,,0,1,1,,4,,0,,,,,,259,,,Y,N1,A2600015,50,,,,,,,,,,,,,,,,,,,,,,,,,,,,,,,,,,,,,,,,,,,0,0,,,,,,,,,,,,
2026-10-01 00:30:00,전남광주통합특별시,A2600070,영암한국병원,20261001002512,061-470-7100,,,,,,,0,,,,,,Y,,Y,N1,N1,Y,7,N1,28,N1,,N1,N1,,2,N1,8,,,1,,,,,2,,,1,,,1,,,,,,,,126,,,Y,N1,A2600070,51,,,,,34,,,,,,172,,,,,,,,,,,,,,,,,,,,,,,,,,,,,,,,,,,,,,,,,,,,,
2026-10-01 00:30:00,전남광주통합특별시,A2600032,완도대성병원,20261001002506,061-553-1234,,,,,,,1,,,,,,Y,,Y,N1,N1,Y,4,N1,52,N1,,N1,N1,,1,N1,5,,,1,,,,,1,,,1,,,1,,,,,,,,98,,,Y,N1,A2600032,52,,,,,,,,,,,,,,,,,,,,,,,,,,,,,,,,,,,,,,,,,,,,,,,,,,,,,,,,
2026-10-01 00:30:00,전남광주통합특별시,A2600035,의료법인행복나눔의료재단장성병원,20261001002254,061-390-9000,,,,,,,1,,,,,,Y,,Y,N1,N1,Y,4,N1,40,N1,,N1,N1,,,N1,4,,,1,,,,,1,,,1,,,,,,,,,,,104,,,N1,N1,A2600035,53,,,,,,,,,,,16,,,,,,,,,,,,,,,,,,,,,,,,,,,,,,,,,,,,,,,,,,,,,
2026-10-01 00:30:00,전남광주통합특별시,A2600021,의료법인우범의료재단장흥종합병원,20261001002214,061-862-8300,,,,,,,1,,,,,,Y,,Y,N1,N1,Y,9,N1,45,N1,,N1,Y,,2,N1,9,,,1,,,,,2,,,1,1,,1,,,,,,,,182,,,Y,N1,A2600021,54,,,,,,,,,,,,,,,,,,,,,,,,,,,,,,,,,,,,,,,,,,,,,,,,,,,,,,,,
2026-10-01 00:30:00,전남광주통합특별시,A2600037,장흥우리병원,20261001002454,061-862-6262,,,,,,,1,,,,,,Y,,Y,N1,N1,Y,4,N1,73,N1,2,N1,Y,,2,N1,4,,,1,,,5,,2,,,1,1,,1,,,,,,,,140,,,Y,N1,A2600037,55,,,,,,,,,,,,,,,,,,,,,,,,,,,,,,,,,,,,,,,,,,,,,,,,,,,,,,,,
2026-10-01 00:30:00,전남광주통합특별시,A2602088,의료법인남우의료재단 진도전남병원,20261001002306,061544-7933,,,,,,,1,,,,,,,,Y,N1,N1,N1,5,N1,48,N1,,N1,N1,,,N1,5,,,1,,,,,,,,,,,1,,,,,,,,100,,,Y,N1,A2602088,56,,,,,,,,,,,,,,,,,,,,,,,,,,,,,,,,,,,,,,,,,,,,,,,,,,,,,,,,
2026-10-01 00:30:00,전남광주통합특별시,A2600040,진도한국병원,20261001002409,061-544-2051,,,,,,,1,,,,,,,,Y,N1,N1,N1,4,N1,24,N1,,N1,N1,,,N1,4,,,1,,,,,,,,,,,,,,,,,,,40,,,N1,N1,A2600040,57,,,,,,,,,,,,,,,,,,,,,,,,,,,,,,,,,,,,,,,,,,,,,,,,,,,,,,,,
2026-10-01 00:30:00,전남광주통합특별시,A2600077,해남우리종합병원,20261001002515,061530-7000,,,,5,,,4,,,,,,Y,,Y,N1,N1,Y,15,N1,99,N1,3,N1,Y,,2,N1,15,,,4,,,23,,2,,,2,1,,9,,,,,,,,338,,24,Y,N1,A2600077,58,,,,2,,,,,,2,,,,,,,,,,,,,,,,,,,,,,,,,,,,,,,,,,,,,,,,,,,,,,
2026-10-01 00:30:00,전남광주통합특별시,A2600009,의료법인행촌의료재단해남종합병원,20261001002500,061-536-4116,,,,18,,,1,,,,Y,,Y,,Y,N1,N1,Y,9,N1,142,N1,4,N1,Y,,3,N1,10,,,1,,,18,,3,,1,1,1,,1,,,,,,,,351,,18,Y,N1,A2600009,59,,,,,,,,,,,,,,,,,,,,,,,,,,,,,,,,,,,,,,,,,,,,,,,,,,,,,,,,
2026-10-01 00:30:00,강원특별자치도,A2200008,강릉아산병원,20261001002515,033-610-3114,Y,Y,0,,3,2,3,1,8,,Y,,Y,Y,Y,Y,Y,Y,14,Y,28,Y,,Y,Y,1,15,Y,23,3,2,3,18,13,,38,15,,2,4,3,4,33,8,12,8,5,1,,2,604,1,,Y,Y,A2200008,1,,0,0,,,,14,16,,,,,,0,,6,,,,,,,,,,,,,,,,,,,,,,,,,,,,,,,,,,,,,,,,
2026-10-01 00:30:00,강원특별자치도,A2200001,연세대학교원주세브란스기독병원,20261001002002,033-741-0114,Y,Y,0,,3,2,3,2,6,,Y,,Y,Y,Y,Y,Y,Y,16,Y,32,Y,,Y,Y,-1,15,Y,29,3,2,3,20,19,,30,15,,2,5,4,7,100,12,25,16,7,13,,4,584,2,,Y,Y,A2200001,2,1,5,3,,4,4,15,12,20,,24,4,24,,36,,,,3,15,,,,,,,,,,,,,,,,,,,,,,,,,2,6,2,6,5,2,40,2,,,,
2026-10-01 00:30:00,강원특별자치도,A2200013,한림대학교춘천성심병원,20261001002107,033-240-5000,Y,Y,,,0,,,3,24,2,Y,Y,Y,Y,Y,Y,Y,Y,15,Y,63,Y,6,Y,Y,,9,Y,22,3,,,20,,20,45,9,2,1,2,2,3,33,1,4,6,2,1,1,1,266,,,Y,Y,A2200013,3,2,,,0,,,,,,2,,2,3,0,3,2,,,,,,,,,,,,,0,,,,8,,,,,,,,,,,,,,,,,,,,,,,
2026-10-01 00:30:00,강원특별자치도,A2200005,의료법인강릉동인병원,20261001002443,033-650-6113,,,,,,1,2,0,2,,,,Y,Y,Y,Y,Y,Y,17,N1,92,N1,0,N1,Y,,5,N1,17,,1,2,2,,10,4,5,,,2,1,1,14,,,1,,,,,244,,,Y,N1,A2200005,4,,0,,2,4,,12,,,2,101,,,,,,,,,,,,,,,,,,,,,,,,,,,,,,,,,,,,,,,,,,,,,
2026-10-01 00:30:00,강원특별자치도,A2200007,강원특별자치도삼척의료원,20261001002501,033-572-1141,,Y,,,1,2,1,1,3,8,Y,,Y,,Y,N1,Y,Y,16,N1,57,N1,0,Y,Y,,4,N1,16,1,2,1,2,,6,3,4,10,1,1,1,,3,,3,1,,,,,189,,,Y,N1,A2200007,5,,,,0,,,,,,2,,,,,,,,,,,,,,,,,,,,,,,,,,,,,,,,,,,,,,,,,,,,,,
2026-10-01 00:30:00,강원특별자치도,A2200012,강원특별자치도속초의료원,20261001002501,033-630-6000,Y,Y,,,,2,1,,,,Y,,Y,,Y,N1,N1,Y,17,N1,61,N1,3,Y,Y,,3,N1,17,,2,1,,,8,,3,,2,1,1,,7,1,1,,,,,,154,,,Y,Y,A2200012,6,,,,,,,,,,,,,,,,,,,,,,,,,,,,,,,,,,,,,,,,,,,,,,,,,,,,,,,,
2026-10-01 00:30:00,강원특별자치도,A2200009,강원대학교병원,20261001002500,033-258-2000,Y,Y,-1,,3,2,3,1,,6,Y,,Y,Y,Y,Y,Y,Y,14,Y,215,Y,,Y,Y,10,11,N1,21,3,2,3,5,15,,,11,14,3,4,2,4,43,13,24,12,3,10,,,508,0,,Y,Y,A2200009,7,,3,,0,5,,10,,,2,16,,,,,,3,8,1,8,,,,,,2,,,,,8,,,,,,,,,,,,,,,,,,,,,,,,,
2026-10-01 00:30:00,강원특별자치도,A2200011,강원특별자치도강릉의료원,20261001002501,033-610-1200,,,,20,,,1,,,5,,,Y,,Y,N1,N1,Y,4,N1,36,N1,0,N1,Y,,2,N1,5,,,1,,,8,,2,5,,1,1,,4,,,,,,,,122,,20,Y,N1,A2200011,8,,,,,,,,,,,,,,,,,,,,,,,,,,,,,,,,,,,,,,,,,,,,,,,,,,,,,,,,
2026-10-01 00:30:00,강원특별자치도,A2200003,의료법인동해동인병원,20261001002442,033-530-0114,,,,,,,1,,,,,,Y,,Y,N1,N1,Y,9,N1,27,N1,9,N1,Y,,2,N1,10,,,1,,,19,,2,,,1,1,,7,,,,,,,,178,,,Y,N1,A2200003,9,,,,1,56,,,,,1,110,,,,,,,,,,,,,,,,,,,,,,,,,,,,,,,,,,,,,,,,,,,,,
2026-10-01 00:30:00,강원특별자치도,A2200046,의료법인온세움의료재단온재병원,20261001002519,033-639-8633,,,,,,,1,,,,,,Y,,Y,N1,N1,Y,7,N1,69,N1,0,N1,Y,,4,N1,9,,,1,,,15,,4,,,1,1,,5,,,,,,,,219,,,Y,N1,A2200046,10,,,,,24,,,,,,59,,,,,,,,,,,,,,,,,,,,,,,,,,,,,,,,,,,,,,,,,,,,,
2026-10-01 00:30:00,강원특별자치도,A2200037,의료법인성심의료재단양구성심병원,20261001002526,033-480-8803,,Y,,,,1,,,,,Y,,Y,,Y,N1,N1,Y,5,N1,32,N1,,Y,N1,,,N1,5,,1,,,,,,,,1,1,,,1,,1,,,,,,52,,,Y,N1,A2200037,11,,,,,,,,,,,,,,,,,,,,,,,,,,,,,,,,,,,,,,,,,,,,,,,,,,,,,,,,
2026-10-01 00:30:00,강원특별자치도,A2200002,강원특별자치도영월의료원,20261001002001,033-370-9101,,Y,,,,,,,,0,Y,,Y,,Y,N1,N1,Y,8,N1,40,N1,4,Y,Y,,2,N1,9,,,,,,10,,2,2,1,1,1,,7,,3,,,,,,174,,,Y,N1,A2200002,12,,,,1,,,,,,2,,,,,,,,,,,,,,,,,,,,,,,,,,,,,,,,,1,1,,,,,,,,,,,,
2026-10-01 00:30:00,강원특별자치도,A2200015,강원특별자치도원주의료원,20261001002502,033-760-4500,,,,,,1,2,,,,,,Y,,Y,N1,N1,Y,10,N1,77,N1,7,N1,Y,,3,N1,17,,1,2,,,20,,3,,,2,1,,7,,,,,,,,259,,,Y,N1,A2200015,13,,,,,,,,,,,,,,,,,,,,,,,,,,,,,,,,,,,,,,,,,,,,,,,,,,,,,,,,
2026-10-01 00:30:00,강원특별자치도,A2200024,의료법인성지의료재단성지병원,20261001001840,033-760-3101,,,,13,,,1,,,,,,Y,,Y,N1,N1,Y,5,N1,-82,N1,9,N1,Y,,4,N1,7,,,1,,,9,,4,,,1,2,,4,,,,,,,,135,,13,Y,N1,A2200024,14,,,,,,,,,,,,,,,,,,,,,,,,,,,,,,,,,,,,,,,,,,,,,,,,,,,,,,,,
2026-10-01 00:30:00,강원특별자치도,A2200048,근로복지공단정선병원,20261001002100,033-560-7100,,,,,,,1,,,,,,Y,,Y,N1,N1,Y,5,N1,39,N1,,N1,N1,,,N1,5,,,1,,,,,,,,1,,,3,,,,,,,,149,,,Y,N1,A2200048,15,,,,,,,,,,,,,,,,,,,,,,,,,,,,,,,,,,,,,,,,,,,,,,,,,,,,,,,,
2026-10-01 00:30:00,강원특별자치도,A2201730,철원병원,20261001002001,033-452-5011,N,Y,,,,1,,,,,Y,N,Y,N,Y,N,N,Y,5,N,30,N,,Y,Y,,2,N,5,,1,,,,,,2,,1,1,1,0,1,0,1,0,0,0,0,0,68,,,Y,N,A2201730,16,,,,,,,,,,,,,,,,,,,,,,,,,,,,,,,,,,,,,,,,,,,,,,,,,,,,,,,,
2026-10-01 00:30:00,강원특별자치도,A2200004,근로복지공단태백병원,20261001002400,033-580-3114,,,,,,1,,,,,Y,,Y,,Y,N1,N1,Y,9,N1,88,N1,1,N1,Y,,2,N1,9,,1,,,,9,,2,,1,1,1,,8,,,,,,,,223,,,Y,N1,A2200004,17,,,,1,,,,,,1,,,,,,,,,,,,,,,,,,,,,,,,,,,,,,,,,,,,,,,,,,,,,,
2026-10-01 00:30:00,강원특별자치도,E2200026,평창군보건의료원,20261001002501,033-332-4000,,,,,,,1,,,,,,Y,,Y,N1,N1,Y,5,N1,20,N1,,N1,N1,,,N1,6,,,1,,,,,,,,1,,,1,,,,,,,,20,,,Y,N1,E2200026,18,,,,,,,,,,,,,,,,,,,,,,,,,,,,,,,,,,,,,,,,,,,,,,,,,,,,,,,,
2026-10-01 00:30:00,강원특별자치도,A2200014,홍천아산병원,20261001002000,033-430-5211,,,,,,,,,,,,,Y,,Y,N1,N1,Y,10,N1,3,N1,0,N1,Y,,2,N1,10,,,,,,7,,2,,,1,1,,4,,,,,,,,128,,,Y,N1,A2200014,19,,,,,,,,,,,,,,,,,,,,,,,,,,,,,,,,,,,,,,,,,,,,,,,,,,,,,,,,
2026-10-01 00:30:00,강원특별자치도,E2200025,화천군보건의료원,20261001002501,033-441-4000,,,,,,,1,,,,,,,,Y,N1,N1,N1,7,N1,15,N1,,N1,N1,,,N1,7,,,1,,,,,,,,,,,1,,,,,,,,16,,,Y,N1,E2200025,20,,,,,,,,,,,,,,,,,,,,,,,,,,,,,,,,,,,,,,,,,,,,,,,,,,,,,,,,
2026-10-01 00:30:00,강원특별자치도,A2200016,횡성대성병원,20261001002455,033-343-0901,,,,,,,1,,,,,,Y,,Y,N1,N1,Y,9,N1,32,N1,,N1,Y,,1,N1,9,,,1,,,,,1,,,1,1,,1,,,,,,,,114,,,Y,N1,A2200016,21,,,,,,,,,,,,,,,,,,,,,,,,,,,,,,,,,,,,,,,,,,,,,,,,,,,,,,,,
2026-10-01 00:30:00,충청북도,A2300001,충북대학교병원,20261001002500,043-269-6114,Y,Y,,,8,,,3,21,10,Y,,Y,Y,Y,Y,Y,Y,23,Y,201,Y,5,Y,Y,9,16,N1,30,8,,,18,25,17,40,16,13,2,4,4,6,98,13,31,18,10,17,,,558,,,Y,Y,A2300001,1,2,0,,5,10,14,8,,20,5,21,2,3,2,3,2,,,,,,,,,,,,,3,,,,4,,,,,,,,,,,,2,6,2,6,4,2,40,2,,,,
2026-10-01 00:30:00,충청북도,A2300009,의료법인명지의료재단명지병원,20261001002444,043-640-8114,,,,,3,2,4,2,,,,,Y,Y,Y,Y,Y,Y,17,Y,55,N1,11,N1,Y,,3,N1,18,3,2,4,2,,15,,3,,,2,1,1,10,,,2,1,,,,201,,,Y,N1,A2300009,2,,,,3,,,,,,3,,,,,,,,,,,,,,,,,,,,,,,,,,,,,,,,,,,,,,,,,,,,,,
2026-10-01 00:30:00,충청북도,A2300005,의료법인자산의료재단제천서울병원,20261001002038,043-642-7606,,,,,,1,4,0,2,,,,Y,,Y,N1,Y,Y,13,N1,50,N1,1,N1,Y,,3,Y,15,,1,4,2,,11,3,3,,,1,1,,10,,,1,,,,1,202,,,Y,N1,A2300005,3,,,,,,,,,,,,,,,,,,,,,,,,,,,,,,,,,,,,,,,,,,,,,,,,,,,,,,,,
2026-10-01 00:30:00,충청북도,A2300013,의료법인 건명의료재단 중앙제일병원,20261001002409,043-533-1711,,,,,,3,,,,31,,,Y,,Y,N1,Y,Y,16,N1,52,N1,3,N1,Y,,5,N1,17,,3,,,,12,,5,31,,2,2,,6,,,1,,,,,192,,,Y,N1,A2300013,4,,,,0,,,,,,6,,,,,,,,,,,,,,,,,,,,,,,,,,,,,,,,,,,,,,,,,,,,,,
2026-10-01 00:30:00,충청북도,A2300007,의료법인인화재단한국병원,20261001002259,043-222-7000,,Y,,,,1,2,0,0,1,Y,,Y,Y,Y,Y,Y,Y,13,N1,53,N1,0,Y,Y,,8,N1,14,,1,2,2,,22,4,8,1,1,3,3,2,18,,1,3,,,,,399,,,Y,N1,A2300007,5,,,,0,,,,,,1,,,,,,,,,,,,,,,,,,,,,,,,,,,,,,,,,3,3,,,,,,,,,,,,
2026-10-01 00:30:00,충청북도,A2300003,의료법인정산의료재단효성병원,20261001002015,043-221-5000,,N,,,,1,4,0,0,,Y,,Y,Y,Y,Y,Y,Y,16,N1,70,N1,1,N,Y,,4,Y,18,,1,4,2,,27,3,4,,1,3,4,2,19,,1,2,,,,1,363,,,Y,N1,A2300003,6,,,,1,,,,,,2,,,,,,,,,,,,,,,,,,,,,,,,,,,,,,,,,,,,,,,,,,,,,,
2026-10-01 00:30:00,충청북도,A2300008,청주성모병원,20261001002508,043-219-8000,,Y,,,,2,4,2,4,2,Y,,Y,Y,Y,Y,Y,Y,6,N1,109,N1,,Y,Y,,8,N1,15,,2,5,2,,,4,8,30,1,3,2,2,19,,2,2,,,,,358,,,Y,N1,A2300008,7,,2,5,0,,,13,12,,1,,,,,,,,,,,,,,,,,,,,,,,,,,,,,,,,,,,,,,,,,,,,,,
2026-10-01 00:30:00,충청북도,A2300002,의료법인한마음의료재단하나병원,20261001002448,043-230-6114,,,,,,1,2,1,1,,,,Y,Y,Y,Y,Y,Y,6,N1,122,N1,-1,N1,Y,,7,Y,11,,1,2,2,,22,3,7,,,3,3,2,20,,,4,,,,1,460,,,Y,N1,A2300002,8,,,,1,,,,,,2,,,,,,,,,,,,,,,,,,,,,,,,,,,,,,,,,9,9,,,,,,,,,,,,
2026-10-01 00:30:00,충청북도,A2300010,건국대학교충주병원,20261001002501,043-840-8593,Y,Y,,,,1,2,,,1,Y,,Y,Y,Y,Y,Y,Y,15,Y,77,N1,6,Y,Y,,5,N1,20,,1,2,,,18,,5,1,1,2,1,2,11,1,4,3,1,,,,194,,,Y,Y,A2300010,9,,,,,,,,,,,,,,,,,,,,,,,,,,,,,,,,,,,,,,,,,,,,,,,,,,,,,,,,
2026-10-01 00:30:00,충청북도,A2300034,의료법인대광의료재단괴산성모병원,20261001002454,043-830-5400,,,,,,,0,,,,,,Y,,Y,N1,N1,Y,9,N1,14,N1,,N1,Y,,1,N1,9,,,1,,,,,1,,,1,1,,3,,,,,,,,153,,,Y,N1,A2300034,10,,,,,,,,,,,,,,,,,,,,,,,,,,,,,,,,,,,,,,,,,,,,,,,,,,,,,,,,
2026-10-01 00:30:00,충청북도,E2300011,단양군보건의료원,20261001002501,043-420-3203,,,,,,1,,,,2,,,Y,,Y,N1,N1,Y,5,N1,14,N1,,N1,N1,,,N1,6,,1,,,,,,,2,,1,,,1,,,,,,,,14,,,Y,N1,E2300011,11,,,,,,,,,,,,,,,,,,,,,,,,,,,,,,,,,,,,,,,,,,,,,,,,,,,,,,,,
2026-10-01 00:30:00,충청북도,A2300030,의료법인조윤의료재단영동병원,20261001002504,043-740-9000,,Y,,,,,,,,,Y,,Y,,Y,N1,N1,Y,9,N1,19,N1,,Y,Y,,2,N1,10,,,,,,,,2,,1,1,1,,3,,1,,,,,,161,,,Y,N1,A2300030,12,,,,,,,,,,,,,,,,,,,,,,,,,,,,,,,,,,,,,,,,,,,,,,,,,,,,,,,,
2026-10-01 00:30:00,충청북도,A2300011,의료법인힐링의료재단옥천성모병원,20261001002114,043-730-7000,,,,,,2,1,,,,,,Y,,Y,N1,N1,Y,7,N1,34,N1,0,N1,Y,,2,N1,7,,2,1,,,7,,2,,,1,1,,4,,,,,,,,157,,,Y,N1,A2300011,13,,,,,,,,,,,,,,,,,,,,,,,,,,,,,,,,,,,,,,,,,,,,,,,,,,,,,,,,
2026-10-01 00:30:00,충청북도,A2300006,충청북도청주의료원,20261001002503,043-279-2300,,Y,,,,1,,,,6,Y,,Y,Y,Y,Y,Y,Y,11,N1,153,N1,17,Y,Y,,5,N1,12,,1,,,,21,,5,6,1,1,1,1,11,,1,1,,,,,359,,,Y,N1,A2300006,14,,,,3,90,,,,,3,90,,,,,,,,,,,,,,,,,,,,,,,,,,,,,,,,3,3,,,,,,,,,,,,
2026-10-01 00:30:00,충청북도,A2300004,충청북도충주의료원,20261001002502,043-871-0114,,,,,,1,2,,,,,,Y,Y,Y,Y,Y,Y,17,N1,112,N1,1,N1,Y,,4,N1,18,,1,2,,,11,,4,,,1,1,1,8,,,1,,,,,282,,,Y,N1,A2300004,15,,,,1,,,,,,1,,,,,,,,,,,,,,,,,,,,,,,,,,,,,,,,,,,,,,,,,,,,,,
2026-10-01 00:30:00,충청남도,A2400002,단국대학교의과대학부속병원,20261001002500,041-550-7114,Y,Y,,,4,,1,7,0,0,Y,,Y,Y,Y,Y,Y,Y,20,Y,35,Y,,Y,Y,0,13,Y,25,4,,1,18,25,,30,13,8,3,4,3,6,65,14,29,15,7,17,,1,640,,,Y,Y,A2400002,1,2,,2,1,8,3,,13,20,1,20,2,2,0,2,2,,,6,13,,,,,,,,,,,,,,,,,,,,,,,,,1,6,2,6,2,2,40,2,,2,,7
2026-10-01 00:30:00,충청남도,A2400001,학교법인동은학원순천향대학교부속천안병원,20261001002103,041-570-2114,Y,Y,1,,12,4,3,8,7,4,Y,Y,Y,Y,Y,Y,Y,Y,15,Y,92,Y,,Y,Y,1,21,Y,22,14,4,3,17,38,,30,21,14,11,6,4,6,60,20,57,6,6,10,1,1,765,1,,Y,Y,A2400001,2,,9,5,5,,,18,15,,6,,,,,,,,,,,1,3,,,,,2,2,,,,2,,,6,1,3,,,,,,,,,,,,,,,,,,,
2026-10-01 00:30:00,충청남도,A2400009,의료법인백제병원,20261001002413,041-733-2191,,,,,,1,2,,,,,,Y,Y,Y,Y,Y,Y,18,N1,30,N1,-2,N1,Y,,4,N1,20,,1,2,,,26,,4,,,2,2,1,11,,,3,,,,,398,,,Y,N1,A2400009,3,,,,,20,,,,,,49,,,,,,,,,,,,,,,,,,,,,,,,,,,,,,,,,,,,,,,,,,,,,
2026-10-01 00:30:00,충청남도,A2400008,당진종합병원,20261001002506,041-357-0100,,,,,,1,2,,,,,,Y,Y,Y,Y,Y,Y,11,N1,90,N1,2,N1,Y,,4,N1,17,,1,2,,,13,,4,,,2,2,1,5,,,1,,,,,246,,,Y,N1,A2400008,4,,,,,,,,,,,,,,,,,,,,,,,,,,,,,,,,,,,,,,,,,,,,,,,,,,,,,,,,
2026-10-01 00:30:00,충청남도,A2400011,재단법인아산사회복지재단보령아산병원,20261001002000,041-930-5114,,,,,,1,2,,,,,,Y,,Y,N1,N1,Y,16,N1,28,N1,1,N1,Y,,2,N1,17,,1,2,,,8,,2,,,1,1,,4,,,,,,,,221,,,Y,N1,A2400011,5,,,,,,,,,,,,,,,,,,,,,,,,,,,,,,,,,,,,,,,,,,,,,,,,,,,,,,,,
2026-10-01 00:30:00,충청남도,A2400003,서산중앙병원,20261001002506,041-661-1000,,,,,,1,2,,,,,,Y,,Y,N1,Y,Y,13,N1,61,N1,12,N1,Y,,4,N1,17,,1,2,,,19,,4,,,1,1,,7,,,1,,,,,288,,,Y,N1,A2400003,6,,,,,,,,,,,,,,,,,,,,,,,,,,,,,,,,,,,,,,,,,,,,,,,,,,,,,,,,
2026-10-01 00:30:00,충청남도,A2400006,충청남도서산의료원,20261001002101,041-689-7000,,,,,,1,2,0,2,5,,,Y,,Y,N1,N1,Y,12,N1,42,N1,0,N1,Y,,3,N1,17,,1,2,2,,8,4,3,5,,2,1,,10,,,,,,,,259,,,Y,N1,A2400006,7,,,,,,,,,,,,,,,,,,,,,,,,,,,,,,,,,,,,,,,,,,,,,,,,,,,,,,,,
2026-10-01 00:30:00,충청남도,A2402257,아산충무병원,20261001002153,041-536-6666,,,,,,,,0,2,,Y,,Y,Y,Y,Y,Y,Y,10,Y,205,Y,3,N1,Y,,3,N1,13,,,,2,,22,3,4,,1,2,2,3,27,,,4,2,1,,,453,,,Y,N1,A2402257,8,1,,,2,,,,,,2,,1,7,,7,,,,,,,,,,,,,,,,,,,,,,,,,,,,,,,,,,,,,,,5,,5
2026-10-01 00:30:00,충청남도,A2400012,의료법인영서의료재단천안충무병원,20261001002348,041-570-7555,,,,,,1,4,0,0,,,,Y,Y,Y,Y,Y,Y,14,Y,22,N1,0,N1,Y,,5,N1,16,,1,4,2,,17,4,5,,,2,2,3,26,,,3,3,,,,329,,,Y,N1,A2400012,9,,,,0,,,,,,3,,,,,,,,,-1,7,,,,,,,,,,,,,,,,,,,,,,,,,,,,,,,,,,,,
2026-10-01 00:30:00,충청남도,A2400007,충청남도홍성의료원,20261001002402,041-630-6251,,,,,1,1,2,2,3,0,Y,,Y,N,Y,N,Y,Y,17,N1,94,N1,0,N1,Y,,4,N,18,1,1,2,2,,22,3,4,1,1,2,2,1,10,,,1,,,,2,260,,,Y,N1,A2400007,10,,,,0,5,,,,,1,49,,,,,,,,,,,,,,,,,,,,,,,,,,,,,,,,,,,,,,,,,,,,,
2026-10-01 00:30:00,충청남도,A2400010,충청남도공주의료원,20261001002403,041-962-1111,,,,,,,1,,,3,,,Y,,Y,N1,Y,Y,9,N1,82,N1,2,N1,Y,,6,N1,15,,,1,,,16,,6,6,,1,1,,9,,,2,,,,,273,,,Y,N1,A2400010,11,,,,,,,,,,,,,,,,,,,,,,,,,,,,,,,,,,,,,,,,,,,,,,,,,,,,,,,,
2026-10-01 00:30:00,충청남도,A2400038,학교법인건양교육재단건양대학교부여병원,20261001002401,041-837-1200,,,,,,,1,,,,,,Y,,Y,N1,N1,Y,9,N1,24,N1,,N1,N1,,1,N1,9,,,1,,,,,1,,,1,,,1,,,,,,,,55,,,Y,N1,A2400038,12,,,,,,,,,,,,,,,,,,,,,,,,,,,,,,,,,,,,,,,,,,,,,,,,,,,,,,,,
2026-10-01 00:30:00,충청남도,A2400044,의료법인서해의료재단서해병원,20261001002505,041-951-8282,,,,,,,2,,,,,,Y,,Y,N1,N1,Y,5,N1,21,N1,,N1,N1,,,N1,5,,,2,,,,,,,,1,,,1,,,,,,,,79,,,Y,N1,A2400044,13,,,,,,,,,,,,,,,,,,,,,,,,,,,,,,,,,,,,,,,,,,,,,,,,,,,,,,,,
2026-10-01 00:30:00,충청남도,A2400039,현대병원,20261001002001,041-546-3636,N,N,,,,,1,,,,N,N,Y,N,Y,N,N,Y,8,N,13,N,0,N,Y,,3,N,9,,,1,,,7,,3,,0,1,1,0,3,0,0,0,0,0,0,0,84,,,Y,N,A2400039,14,,,,,,,,,,,,,,,,,,,0,0,,,,,,,,,,,,,,,,,,,,,,,,,,,,,,,,,,,,
2026-10-01 00:30:00,충청남도,A2400004,의료법인 예당의료재단 예산종합병원,20261001002537,041-330-4000,,,,,,,1,,,,,,Y,,Y,N1,N1,Y,6,N1,12,N1,4,N1,Y,,0,N1,6,,,1,,,9,,0,,,0,0,,0,,,,,,,,88,,,Y,N1,A2400004,15,,,,,,,,,,,,,,,,,,,,,,,,,,,,,,,,,,,,,,,,,,,,,,,,,,,,,,,,
2026-10-01 00:30:00,충청남도,A2400005,충청남도천안의료원,20261001002503,041-570-7200,,,,6,,1,,,,,,,Y,,Y,N1,N1,Y,10,N1,77,N1,4,N1,Y,,4,N1,12,,1,,,,15,,4,,,1,1,,10,,,,,,,,241,,6,Y,N1,A2400005,16,,,,,,,,,,,,,,,,,,,,,,,,,,,,,,,,,,,,,,,,,,,,,,,,,,,,,,,,
2026-10-01 00:30:00,충청남도,E2400032,청양군보건의료원,20261001002500,041-940-4531,,,,,,,1,,,,,,Y,,Y,N1,N1,Y,6,N1,12,N1,,N1,N1,,1,N1,6,,,1,,,,,1,,,1,,,1,,,,,,,,12,,,Y,N1,E2400032,17,,,,,,,,,,,,,,,,,,,,,,,,,,,,,,,,,,,,,,,,,,,,,,,,,,,,,,,,
2026-10-01 00:30:00,충청남도,E2400033,태안군보건의료원,20261001002501,041-671-5300,,,,,,,1,,,,,,Y,,Y,N1,N1,Y,10,N1,23,N1,,N1,N1,,,N1,10,,,1,,,,,,,,1,,,1,,,,,,,,34,,,Y,N1,E2400033,18,,,,,,,,,,,,,,,,,,,,,,,,,,,,,,,,,,,,,,,,,,,,,,,,,,,,,,,,
2026-10-01 00:30:00,전북특별자치도,A2500001,원광대학교병원,20261001002516,063-859-1114,Y,Y,,,3,,,3,5,0,Y,,Y,Y,Y,Y,Y,Y,8,Y,24,Y,5,Y,Y,7,15,Y,26,3,,,18,15,15,31,15,2,1,5,4,5,11,12,20,8,4,1,,2,543,,,Y,Y,A2500001,1,2,2,6,4,1,1,8,15,20,7,30,2,1,1,3,2,2,8,,,,,,,,,,,,,,,,,,,,,,,,,,,2,6,2,6,11,2,40,2,,,,
2026-10-01 00:30:00,전북특별자치도,A2500002,전북대학교병원,20261001002409,063-250-1114,Y,Y,2,,5,,,5,2,15,Y,,Y,Y,Y,Y,Y,Y,15,Y,198,Y,,Y,Y,18,21,N1,36,5,,,17,25,,30,21,15,3,1,2,5,11,15,22,4,2,1,,,836,2,,Y,Y,A2500002,2,2,4,5,2,7,,10,8,,2,23,2,4,0,5,1,6,15,6,18,,,,,,7,,,,,10,,,,,,,,,,,,,,,,,,,,,,,,,
2026-10-01 00:30:00,전북특별자치도,A2500007,전북특별자치도군산의료원,20261001002502,063-472-5000,,Y,,,,1,2,0,2,,Y,,Y,,Y,N1,N1,Y,6,N1,96,N1,10,Y,Y,,6,N1,17,,1,2,2,,18,3,6,,1,1,1,,18,,2,,,,,,285,,,Y,N1,A2500007,3,,,,1,,,,,,2,,,,,,,,,,,,,,,,,,,,,,,,,,,,,,,,,,,,,,,,,,,,,,
2026-10-01 00:30:00,전북특별자치도,A2500012,의료법인오성의료재단동군산병원,20261001002348,063-440-0570,,,,0,,1,5,2,0,,,,Y,Y,Y,Y,Y,Y,15,N1,29,N1,4,N1,Y,,6,N1,17,,1,5,2,,24,3,6,,,2,2,2,13,,,2,,,,,262,,0,Y,N1,A2500012,4,,,,,,,,,,,,,,,,,,,,,,,,,,,,,,,,,,,,,,,,,,,,,,,,,,,,,,,,
2026-10-01 00:30:00,전북특별자치도,A2500004,전북특별자치도남원의료원,20261001002503,063-620-1114,,Y,,,,1,2,1,3,,Y,,Y,,Y,N1,N1,Y,17,N1,53,N1,1,Y,Y,,3,N1,17,,1,2,2,,7,3,3,,3,2,1,,10,,1,,,,,,187,,,Y,N1,A2500004,5,,,,1,,,,,,1,,,,,,,,,,,,,,,,,,,,,,,,,,,,,,,,,,,,,,,,,,,,,,
2026-10-01 00:30:00,전북특별자치도,A2500011,의료법인대산의료재단익산병원,20261001002505,063-840-9114,,,,,,1,2,,,,,,Y,Y,Y,Y,Y,Y,11,N1,37,N1,5,N1,Y,,5,N1,17,,1,2,,,17,,5,,,2,2,1,7,,,1,,,,,333,,,Y,N1,A2500011,6,,,,0,,,,,,1,,,,,,,,,,,,,,,,,,,,,,,,,,,,,,,,,,,,,,,,,,,,,,
2026-10-01 00:30:00,전북특별자치도,A2500056,대자인병원,20261001002408,063-240-2000,,,,,,2,3,,,,,Y,Y,Y,Y,Y,Y,Y,20,Y,34,Y,2,N1,Y,,15,Y,25,,2,3,,,15,,15,,,4,3,2,12,,,4,2,1,1,1,45,,,Y,N1,A2500056,7,,,4,0,,,,36,,4,,,,,,,,,,,,,,,,,,,,,,,,,,,,,,,,,,,,,,,,,,,,,,
2026-10-01 00:30:00,전북특별자치도,A2500006,재단법인예수병원유지재단예수병원,20261001002411,063-230-8114,Y,Y,,,6,1,2,,,0,Y,,Y,Y,Y,Y,Y,Y,30,Y,85,N1,-1,Y,Y,2,13,Y,38,10,1,2,,12,23,,14,5,4,4,3,4,40,6,11,7,2,,,2,685,,,Y,Y,A2500006,8,,,,4,,,,,,4,,,,,,,,,2,14,1,0,,,,,2,3,,,,2,,,6,1,1,,,,,,,,,,,,,,,,,,,
2026-10-01 00:30:00,전북특별자치도,A2500005,의료법인영경의료재단전주병원,20261001002241,063-220-7200,,,,,,1,2,,,,,,Y,,Y,N1,Y,Y,10,N1,-2,N1,0,N1,Y,,5,N1,17,,1,2,,,9,,5,,,1,2,,6,,,1,,,,,275,,,Y,N1,A2500005,9,,,,,,,,,,,,,,,,,,,,,,,,,,,,,,,,,,,,,,,,,,,,,,,,,,,,,,,,
2026-10-01 00:30:00,전북특별자치도,A2500008,재단법인 아산사회복지재단 정읍아산병원,20261001002000,063-530-6000,,,,,,1,2,,,,,,Y,,Y,N1,N1,Y,15,N1,41,N1,0,N1,Y,,3,N1,17,,1,2,,,10,,3,,,1,1,,5,,,,,,,,276,,,Y,N1,A2500008,10,,,,,,,,,,,,,,,,,,,,,,,,,,,,,,,,,,,,,,,,,,,,,,,,,,,,,,,,
2026-10-01 00:30:00,전북특별자치도,A2500009,의료법인석천재단고창병원,20261001002529,063-560-5600,,,,,,,1,,,,,,Y,,Y,N1,N1,Y,8,N1,0,N1,,N1,Y,,2,N1,10,,,1,,,,,2,,,1,1,,4,,,,,,,,258,,,Y,N1,A2500009,11,,,,,,,,,,,,,,,,,,,,,,,,,,,,,,,,,,,,,,,,,,,,,,,,,,,,,,,,
2026-10-01 00:30:00,전북특별자치도,A2500038,김제우석병원,20261001002426,063-540-5114,,,,,,,1,,,,,,Y,,Y,N1,N1,Y,10,N1,61,N1,,N1,Y,,2,N1,10,,,1,,,,,2,,,1,1,,1,,,,,,,,200,,,Y,N1,A2500038,12,,,,,,,,,,,,,,,,,,,,,,,,,,,,,,,,,,,,,,,,,,,,,,,,,,,,,,,,
2026-10-01 00:30:00,전북특별자치도,E2500019,무주군보건의료원,20261001002501,063-320-8314,,,,,,,1,,,,,,Y,,Y,N1,N1,Y,4,N1,24,N1,,N1,N1,,,N1,4,,,1,,,,,,,,1,,,1,,,,,,,,24,,,Y,N1,E2500019,13,,,,,,,,,,,,,,,,,,,,,,,,,,,,,,,,,,,,,,,,,,,,,,,,,,,,,,,,
2026-10-01 00:30:00,전북특별자치도,A2500010,부안성모병원,20261001002450,063-581-5100,,,,,,,2,,,,,,Y,,Y,N1,N1,Y,10,N1,37,N1,9,N1,Y,,3,N1,10,,,2,,,9,,3,,,1,1,,2,,,,,,,,240,,,Y,N1,A2500010,14,,,,,,,,,,,,,,,,,,,,,,,,,,,,,,,,,,,,,,,,,,,,,,,,,,,,,,,,
2026-10-01 00:30:00,전북특별자치도,E2500021,순창군보건의료원,20261001002501,063-650-5321,,,,,,,1,,,,,,Y,,Y,N1,N1,Y,9,N1,30,N1,,N1,N1,,,N1,9,,,1,,,,,,,,1,,,1,,,,,,,,30,,,Y,N1,E2500021,15,,,,,,,,,,,,,,,,,,,,,,,,,,,,,,,,,,,,,,,,,,,,,,,,,,,,,,,,
2026-10-01 00:30:00,전북특별자치도,E2500022,임실군보건의료원,20261001002501,063-640-3102,,,,,,,1,,,,,,Y,,Y,N1,N1,Y,3,N1,,N1,,N1,N1,,,N1,4,,,1,,,,,,,,1,,,1,,,,,,,,,,,Y,N1,E2500022,16,,,,,,,,,,,,,,,,,,,,,,,,,,,,,,,,,,,,,,,,,,,,,,,,,,,,,,,,
2026-10-01 00:30:00,전북특별자치도,E2500020,장수군보건의료원,20261001002501,063-351-8000,,,,,,,1,,,,,,,,Y,N1,N1,N1,5,N1,21,N1,,N1,N1,,,N1,5,,,1,,,,,,,,,,,1,,,,,,,,22,,,Y,N1,E2500020,17,,,,,,,,,,,,,,,,,,,,,,,,,,,,,,,,,,,,,,,,,,,,,,,,,,,,,,,,
2026-10-01 00:30:00,전북특별자치도,A2501890,의료법인영경의료재단호성전주병원,20261001002340,063-240-8800,,,,,,,1,,,,,,Y,,Y,N1,N1,Y,6,N1,10,N1,,N1,Y,,2,N1,9,,,1,,,,,2,,,1,1,,1,,,,,,,,122,,,Y,N1,A2501890,18,,,,,,,,,,,,,,,,,,,,,,,,,,,,,,,,,,,,,,,,,,,,,,,,,,,,,,,,
2026-10-01 00:30:00,전북특별자치도,A2502742,새강병원,20261001002407,063236-9000,,,0,,3,1,2,0,,0,,,Y,,Y,N1,N1,Y,12,N1,65,N1,16,N1,Y,,5,N1,14,3,1,2,0,,16,,5,0,,1,1,,1,,,,,,,,201,0,,Y,N1,A2502742,19,0,0,0,3,,,0,0,,3,,0,0,,0,,,,,,,0,,,,,,0,,,,,,,0,,0,,,,,,,,,,,,,0,,0,,,,
2026-10-01 00:30:00,전북특별자치도,A2502031,진안군의료원,20261001002502,063-430-7000,,,,,,,2,,,,,,Y,,Y,N1,N1,Y,6,N1,22,N1,,N1,Y,,2,N1,6,,,2,,,,,2,,,1,1,,3,,,,,,,,64,,,Y,N1,A2502031,20,,,,,,,,,,,,,,,,,,,,,,,,,,,,,,,,,,,,,,,,,,,,,,,,,,,,,,,,
2026-10-01 00:30:00,경상북도,A2700007,차의과학대학교부속구미차병원,20261001002505,054-450-9700,Y,Y,0,,5,3,3,5,5,,Y,Y,Y,Y,Y,Y,Y,Y,14,Y,42,Y,0,Y,Y,7,8,N1,20,5,3,3,25,8,18,30,8,,3,3,2,2,21,3,13,2,1,2,1,,301,3,,Y,Y,A2700007,1,,,,,,,,,,,,,,,,,,,,,,,,,,,,,,,,,,,,,,,,,,,,,,,,,,,,,,,,
2026-10-01 00:30:00,경상북도,A2700014,의료법인안동병원,20261001002400,054-840-1004,Y,Y,0,,1,,,2,10,4,Y,Y,Y,Y,Y,Y,Y,Y,3,Y,95,Y,1,Y,Y,10,11,Y,15,3,,,19,10,13,30,11,6,3,6,3,5,67,3,12,14,4,13,1,1,775,1,,Y,Y,A2700014,2,2,2,,0,0,4,20,,20,3,34,2,2,,3,,,,,,,,,,,,,,,,,,,,,,,,,,,,,,2,5,2,6,0,2,40,2,,,,
2026-10-01 00:30:00,경상북도,A2700016,포항성모병원,20261001002301,054-272-0151,Y,Y,,,11,,,6,5,1,Y,Y,Y,Y,Y,Y,Y,Y,13,Y,86,Y,6,Y,Y,,9,Y,20,11,,,15,,16,17,9,1,1,3,2,2,25,1,6,4,2,2,1,3,468,,,Y,Y,A2700016,3,2,,,1,,,,,,1,,2,3,0,3,5,,,,,,,,,,,,,,,,,,,,,,,,,11,13,,,,,,,,,,,,,,
2026-10-01 00:30:00,경상북도,A2700003,동국대학교의과대학경주병원,20261001002058,054-748-9300,Y,Y,,,3,2,5,,,2,Y,,Y,Y,Y,Y,Y,Y,9,N1,79,N1,0,Y,Y,,7,N1,16,3,2,5,,,7,,7,3,1,2,2,2,26,2,6,3,,,,,279,,,Y,Y,A2700003,4,,0,0,3,9,,11,17,,4,20,,,,,,,,,,,,,,,,,,,,,,,,,,,,,,,,,,,,,,,,,,,,,
2026-10-01 00:30:00,경상북도,A2700013,순천향대학교부속구미병원,20261001002121,054-468-9114,,Y,,,3,1,2,1,1,1,Y,,Y,Y,Y,Y,Y,Y,3,N1,37,N1,5,Y,Y,,6,N1,13,4,1,2,2,,31,3,6,1,1,2,2,2,20,,1,2,,,,,263,,,Y,N1,A2700013,5,,,,2,,,,,,2,,,,,,,,,,,,,,,,,,,,,,,,,,,,,,,,,,,,,,,,,,,,,,
2026-10-01 00:30:00,경상북도,A2700012,의료법인덕산의료재단김천제일병원,20261001002109,054-420-9300,,,,,,1,3,2,3,,Y,,Y,Y,Y,Y,Y,Y,14,N1,72,N1,5,N1,Y,,4,Y,16,,1,3,2,,16,3,4,,3,1,1,1,10,,,1,,,,1,276,,,Y,N1,A2700012,6,,,,,,,,,,,,,,,,,,,,,,,,,,,,,,,,,,,,,,,,,,,,,,,,,,,,,,,,
2026-10-01 00:30:00,경상북도,A2700006,의료법인동춘의료재단문경제일병원,20261001002500,054-550-7700,,,,,,1,0,2,1,4,,,Y,,Y,N1,N1,Y,15,N1,66,N1,19,N1,Y,,3,N1,17,,1,2,2,,29,3,3,4,,2,1,,8,,,,,,,,306,,,Y,N1,A2700006,7,,,,1,57,,,,,1,162,,,,,,,,,,,,,,,,,,,,,,,,,,,,,,,,,,,,,,,,,,,,,
2026-10-01 00:30:00,경상북도,A2700004,안동성소병원,20261001002517,054-850-8114,,Y,,,,1,2,0,2,1,Y,,Y,Y,Y,Y,Y,Y,12,N1,134,N1,7,Y,Y,,6,N1,12,,1,2,2,,16,3,6,2,1,2,2,2,21,,4,1,,,,,393,,,Y,N1,A2700004,8,,,,1,21,,,,,3,186,,,,,,,,,,,,,,,,,,,,,,,,,,,,,,,,5,5,,,,,,,,,,,,
2026-10-01 00:30:00,경상북도,A2700002,포항세명기독병원,20261001001900,054-275-0005,,,,,,1,3,1,2,1,,,Y,Y,Y,Y,Y,Y,4,Y,147,Y,12,N1,Y,,14,Y,15,,1,3,2,,52,3,14,6,,6,5,4,25,,,5,1,1,,1,662,,,Y,N1,A2700002,9,,,,0,,,,,,1,,,,,,,,,,,,,,,,,,,,,,,,,,,,,,,,,6,6,,,,,,,,,,,,
2026-10-01 00:30:00,경상북도,A2700019,의)근원의료재단경산중앙병원,20261001002509,053-715-0100,,,,,,,2,,,,,,Y,,Y,N1,N1,Y,6,N1,101,N1,4,N1,Y,,4,N1,10,,,2,,,11,,4,,,1,1,,9,,,,,,,,301,,,Y,N1,A2700019,10,,,,0,44,,,,,2,116,,,,,,,,,,,,,,,,,,,,,,,,,,,,,,,,,,,,,,,,,,,,,
2026-10-01 00:30:00,경상북도,A2700036,의료법인서명의료재단세명종합병원,20261001002309,053-819-8800,,,,,,,2,,,,,,Y,,Y,N1,N1,Y,7,N1,65,N1,4,N1,Y,,4,N1,13,,,2,,,14,,4,,,1,1,,6,,,,,,,,276,,,Y,N1,A2700036,11,,,,,2,,,,,,24,,,,,,,,,,,,,,,,,,,,,,,,,,,,,,,,,,,,,,,,,,,,,
2026-10-01 00:30:00,경상북도,A2700097,계명대학교경주동산병원,20261001002456,054-770-9500,,,,,,,1,,,,,,Y,,Y,N1,N1,Y,9,N1,56,N1,,N1,Y,,2,N1,9,,,1,,,,,2,,,1,1,,1,,,,,,,,88,,,Y,N1,A2700097,12,,,,,,,,,,,,,,,,,,,,,,,,,,,,,,,,,,,,,,,,,,,,,,,,,,,,,,,,
2026-10-01 00:30:00,경상북도,A2700070,의료법인영암의료재단고령영생병원,20261001002439,054-955-2661,,,,,,,1,,,,,,Y,,Y,N1,N1,Y,5,N1,27,N1,,N1,N1,,1,N1,5,,,1,,,,,1,,,1,,,1,,,,,,,,59,,,Y,N1,A2700070,13,,,,,,,,,,,,,,,,,,,,,,,,,,,,,,,,,,,,,,,,,,,,,,,,,,,,,,,,
2026-10-01 00:30:00,경상북도,A2700015,구미강동병원,20261001003313,054-453-7575,,,,9,,1,2,,,,,,Y,Y,Y,Y,N1,Y,4,N1,61,N1,4,N1,Y,,5,N1,7,,1,2,,,12,,5,,,1,1,1,3,,,,,,,,191,,9,Y,N1,A2700015,14,,,,,,,,,,,,,,,,,,,,,,,,,,,,,,,,,,,,,,,,,,,,,,,,,,,,,,,,
2026-10-01 00:30:00,경상북도,A2700018,경상북도김천의료원,20261001002501,054-432-8901,,,,,,1,,,,,,,Y,,Y,N1,N1,Y,14,N1,23,N1,7,N1,Y,,5,N1,17,,1,,,,22,,5,,,1,2,,7,,,,,,,,274,,,Y,N1,A2700018,15,,,,1,,,,,,3,,,,,,,,,,,,,,,,,,,,,,,,,,,,,,,,,,,,,,,,,,,,,,
2026-10-01 00:30:00,경상북도,A2700009,의료법인삼백의료재단상주성모병원,20261001002440,054-532-5001,,,,,,,1,,,,,,Y,,Y,N1,N1,Y,8,N1,23,N1,1,N1,Y,,3,N1,9,,,1,,,10,,3,,,1,1,,1,,,,,,,,172,,,Y,N1,A2700009,16,,,,,,,,,,,,,,,,,,,,,,,,,,,,,,,,,,,,,,,,,,,,,,,,,,,,,,,,
2026-10-01 00:30:00,경상북도,A2700011,상주적십자병원,20261001002442,054-534-3501,,Y,,,,1,,,,,Y,,Y,,Y,N1,Y,Y,9,N1,82,N1,6,Y,Y,,3,N1,9,,1,,,,10,,3,,1,1,1,,6,,2,1,,,,,164,,,Y,N1,A2700011,17,,,,,,,,,,,,,,,,,,,,,,,,,,,,,,,,,,,,,,,,,,,,,,,,,,,,,,,,
2026-10-01 00:30:00,경상북도,A2700001,경상북도안동의료원,20261001002502,054-850-6000,,,,,,,2,,,,,,Y,,Y,N1,N1,Y,5,N1,119,N1,0,N1,Y,,5,N1,6,,,2,,,10,,5,,,2,1,,7,,,,,,,,238,,,Y,N1,A2700001,18,,,,,,,,,,,,,,,,,,,,,,,,,,,,,,,,,,,,,,,,,,,,,,,,,,,,,,,,
2026-10-01 00:30:00,경상북도,A2700031,영주기독병원,20261001002454,054-635-6161,,Y,,,,,1,,,,Y,,Y,,Y,N1,N1,Y,4,N1,6,N1,,Y,N1,,1,N1,4,,,1,,,,,1,,1,1,,,1,,2,,,,,,70,,,Y,N1,A2700031,19,,,,,,,,,,,,,,,,,,,,,,,,,,,,,,,,,,,,,,,,,,,,,,,,,,,,,,,,
2026-10-01 00:30:00,경상북도,A2700020,영주자인병원,20261001002518,054-633-1131,,,,,,,1,,,,,,Y,,Y,N1,N1,Y,4,N1,26,N1,,N1,Y,,,N1,4,,,1,,,,,2,,,1,1,,,,,,,,,,133,,,N1,N1,A2700020,20,,,,,,,,,,,,,,,,,,,,,,,,,,,,,,,,,,,,,,,,,,,,,,,,,,,,,,,,
2026-10-01 00:30:00,경상북도,A2702752,영주적십자병원,20261001002404,054-630-0100,,,,,,1,,,,,,,Y,,Y,N1,Y,Y,8,N1,65,N1,1,N1,Y,,3,N1,10,,1,,,,10,,3,,,1,1,,4,,,1,,,,,140,,,Y,N1,A2702752,21,,,,,,,,,,,,,,,,,,,,,,,,,,,,,,,,,,,,,,,,,,,,,,,,,,,,,,,,
2026-10-01 00:30:00,경상북도,A2700017,영남대학교의과대학부속영천병원,20261001002133,0543389000,,,,,,1,2,,,,,,Y,,Y,N1,N1,Y,10,N1,47,N1,2,N1,Y,,4,N1,10,,1,2,,,10,,4,,,1,1,,1,,,,,,,,190,,,Y,N1,A2700017,22,,,,,,,,,,,,,,,,,,,,,,,,,,,,,,,,,,,,,,,,,,,,,,,,,,,,,,,,
2026-10-01 00:30:00,경상북도,A2700023,의료법인서준의료재단예천권병원,20261001002024,054-654-6611,,Y,,,,1,0,,,0,Y,,Y,,Y,N1,N1,Y,6,N1,76,N1,,Y,Y,,2,N1,6,,1,0,,,,,2,0,1,1,1,,3,,2,,,,,,173,,,Y,N1,A2700023,23,,,,,,,,,,,,,,,,,,,,,,,,,,,,,,,,,,,,,,,,,,,,,,,,,,,,,,,,
2026-10-01 00:30:00,경상북도,E2700553,울릉군보건의료원,20261001002501,054-790-6871,,,,,,,,,,,,,Y,,Y,N1,N1,Y,5,N1,27,N1,,N1,N1,,1,N1,5,,,,,,,,1,,,1,,,1,,,,,,,,27,,,Y,N1,E2700553,24,,,,,,,,,,,,,,,,,,,,,,,,,,,,,,,,,,,,,,,,,,,,,,,,,,,,,,,,
2026-10-01 00:30:00,경상북도,A2700052,울진군의료원,20261001002102,054-785-7000,,,,,,2,,,,2,,,Y,,Y,N1,N1,Y,8,N1,32,N1,,N1,Y,,3,N1,8,,2,,,,,,3,2,,1,1,,1,,,,,,,,97,,,Y,N1,A2700052,25,,,,,,,,,,,,,,,,,,,,,,,,,,,,,,,,,,,,,,,,,,,,,,,,,,,,,,,,
2026-10-01 00:30:00,경상북도,A2700063,의료법인영제의료재단영남제일병원,20261001002426,054-861-9111,,,,,,,1,,,,,,Y,,Y,N1,N1,Y,4,N1,27,N1,,N1,N1,,1,N1,,,,,,,,,,,,,,,,,,,,,,,,,,Y,N1,A2700063,26,,,,,,,,,,,,,,,,,,,,,,,,,,,,,,,,,,,,,,,,,,,,,,,,,,,,,,,,
2026-10-01 00:30:00,경상북도,A2700038,의료법인대남의료재단청도대남병원,20261001002433,054-373-0606,,,,,,,,,,,,,Y,,Y,N1,N1,Y,10,N1,90,N1,,N1,Y,,1,N1,10,,,,,,,,1,,,1,1,,1,,,,,,,,115,,,Y,N1,A2700038,27,,,,,,,,,,,,,,,,,,,,,,,,,,,,,,,,,,,,,,,,,,,,,,,,,,,,,,,,
2026-10-01 00:30:00,경상북도,E2700554,청송군보건의료원,20261001002500,054-870-7100,,,,,,,1,,,,,,,,Y,N1,N1,N1,5,N1,47,N1,,N1,N1,,,N1,6,,,1,,,,,,,,,,,1,,,,,,,,39,,,Y,N1,E2700554,28,,,,,,,,,,,,,,,,,,,,,,,,,,,,,,,,,,,,,,,,,,,,,,,,,,,,,,,,
2026-10-01 00:30:00,경상북도,A2700008,에스포항병원,20261001002350,054-289-9000,Y,,,,,,1,,,,,,Y,Y,Y,Y,Y,Y,6,N1,38,N1,6,N1,Y,,4,N1,6,,,1,,,14,,4,,,2,2,3,9,9,,1,,,,,239,,,Y,Y,A2700008,29,,,,1,,,,,,1,,,,,,,,,,,,,,,,,,,,,,,,,,,,,,,,,,,,,,,,,,,,,,
2026-10-01 00:30:00,경상북도,A2702563,의료법인은성의료재단좋은선린병원,20261001002426,054-245-5000,,,,2,,,2,,,,,,Y,N,Y,N,N1,Y,10,N1,74,N1,0,N1,Y,,4,N,10,,,2,,,17,,4,,,1,1,2,7,,,,,,,14,281,,2,N,N1,A2702563,30,,,,1,,,,,,1,,,,,,,,,,,,,,,,,,,,,,,,,,,,,,,,,,,,,,,,,,,,,,
2026-10-01 00:30:00,경상북도,A2700005,경상북도포항의료원,20261001002501,054-247-0551,,,,,,1,1,,,4,,,Y,,Y,N1,N1,Y,6,N1,44,N1,9,N1,Y,,3,N1,8,,1,1,,,19,,3,7,,1,1,,4,,,,,,,,177,,,Y,N1,A2700005,31,,,,1,7,,,,,1,56,,,,,,,,,,,,,,,,,,,,,,,,,,,,,,,,,,,,,,,,,,,,,
2026-10-01 00:30:00,경상남도,A2800011,양산부산대학교병원,20261001002327,055-360-1000,Y,Y,0,,4,,1,2,11,4,Y,,Y,Y,Y,Y,Y,Y,8,Y,206,Y,,Y,Y,8,25,N1,23,8,,1,16,38,,30,25,4,4,6,5,6,92,24,23,19,12,2,,,766,2,,Y,Y,A2800011,1,2,3,2,0,13,,16,11,,0,33,2,2,0,3,2,,,4,9,1,1,0,0,4,5,1,0,,0,11,2,,10,6,1,1,0,0,4,,,,,,,,,,,,,,,,
2026-10-01 00:30:00,경상남도,A2800001,경상국립대학교병원,20261001002401,055-750-8000,Y,Y,,,3,2,3,3,6,6,Y,,Y,Y,Y,Y,Y,Y,17,Y,172,Y,,Y,Y,6,15,N1,28,3,2,3,14,15,,30,15,7,7,3,3,4,16,9,19,5,4,17,,,652,,,Y,Y,A2800001,2,,2,1,0,14,12,8,9,20,3,26,,,0,,6,2,6,,,,,,,,,,,,,,,,,,,,,,,,,,,2,6,2,6,22,2,40,2,,,,
2026-10-01 00:30:00,경상남도,A2800020,학교법인성균관대학삼성창원병원,20261001002436,055-233-8899,Y,Y,,,8,2,3,3,9,3,Y,,Y,Y,Y,Y,Y,Y,22,Y,106,Y,,Y,Y,15,16,N1,27,8,2,3,19,24,,30,16,5,7,4,3,4,45,8,20,5,3,3,,,645,,,Y,Y,A2800020,3,,1,10,1,,,15,20,,3,,,,1,,1,,,,,,,,,,,,,,,,,,,,,,,,,,,,,,,,,,,,,,,,
2026-10-01 00:30:00,경상남도,A2800010,의료법인환명의료재단 조은금강병원,20261001002107,055-330-0300,,,,,,1,2,,,,,,Y,Y,Y,Y,N1,Y,13,N1,59,N1,5,N1,Y,,4,Y,17,,1,2,,,23,,4,,,1,2,1,7,,,,,,,2,305,,,Y,N1,A2800010,4,,,,0,8,,,,,1,96,,,,,,,,,,,,,,,,,,,,,,,,,,,,,,,,,,,,,,,,,,,,,
2026-10-01 00:30:00,경상남도,A2800006,의료법인숭인의료재단 김해복음병원,20261001002238,055-330-8888,,,,,,1,3,,,,,,Y,Y,Y,Y,Y,Y,14,N1,6,N1,2,N1,Y,,5,N1,16,,1,3,,,18,,5,,,2,3,1,3,,,3,,,,,359,,,Y,N1,A2800006,5,,,,1,,,,,,1,,,,,,,,,,,,,,,,,,,,,,,,,,,,,,,,,,,,,,,,,,,,,,
2026-10-01 00:30:00,경상남도,A2800043,한일병원,20261001002246,055-759-7777,,,,,,1,2,0,2,,,,Y,Y,Y,Y,Y,Y,17,N1,31,N1,5,N1,Y,,4,Y,17,,1,2,2,,13,3,4,,,2,2,1,6,,,1,,,,1,282,,,Y,N1,A2800043,6,,,,1,,,,,,1,,,,,,,,,,,,,,,,,,,,,,,,,,,,,,,,,,,,,,,,,,,,,,
2026-10-01 00:30:00,경상남도,A2800003,제일병원,20261001002341,055-750-7123,,,,,,1,2,2,0,,,Y,Y,Y,Y,Y,N1,Y,15,N1,49,N1,5,N1,Y,,3,Y,17,,1,2,2,,9,3,7,,,2,2,1,4,,,,,,1,1,258,,,Y,N1,A2800003,7,,,,,,,,,,,,,,,,,,,,,,,,,,,,,,,,,,,,,,,,,,,,,,,,,,,,,,,,
2026-10-01 00:30:00,경상남도,A2800017,의료법인합포의료재단에스엠지연세병원,20261001002506,055-243-0100,,,,,,1,2,0,1,,,,Y,Y,Y,Y,Y,Y,17,N1,50,N1,1,N1,Y,,4,N1,17,,1,2,2,,10,3,4,,,1,2,1,7,,,1,,,,,283,,,Y,N1,A2800017,8,,,,1,,,,,,1,,,,,,,,,,,,,,,,,,,,,,,,,,,,,,,,,,,,,,,,,,,,,,
2026-10-01 00:30:00,경상남도,A2803505,창원경상국립대학교병원,20261001002100,055-214-2000,Y,Y,,,,1,1,,,6,Y,,Y,Y,Y,Y,Y,Y,13,Y,133,Y,8,Y,Y,0,13,N1,18,,1,2,,17,34,,13,6,9,3,2,5,52,9,22,6,7,14,,,437,,,Y,Y,A2803505,9,,,,1,9,,,,,2,22,,,,,,,,,,,,,,0,,,,,,,,,,,,,,,0,,,0,0,,,,,,,,,,5,,5
2026-10-01 00:30:00,경상남도,A2800007,창원한마음병원,20261001002410,055-225-0000,Y,Y,,,,1,2,,,0,Y,,Y,Y,Y,Y,Y,Y,9,Y,20,Y,,Y,Y,10,13,Y,21,,1,3,,10,,,13,6,2,4,4,4,29,3,11,6,1,2,,2,688,,,Y,Y,A2800007,10,,2,6,1,,,25,37,,1,,,,,,,,,,,,,,,,,,,,,,,,,,,,,,,,,,,,,,,,,,,,,,
2026-10-01 00:30:00,경상남도,A2800004,창원파티마병원,20261001002107,055-270-1000,Y,Y,,,,1,2,0,1,6,Y,Y,Y,Y,Y,Y,Y,Y,9,N1,90,Y,,Y,Y,1,7,N1,17,,1,2,2,2,,3,7,6,2,4,3,3,16,3,6,3,,4,1,,444,,,Y,Y,A2800004,11,,4,2,1,,,12,13,,2,,,,,,,,,,,,,,,,,,,,,,,,,,,,,,,,,,,,,,,,,,,,,,
2026-10-01 00:30:00,경상남도,A2800008,의료법인 거붕 백병원,20261001002528,055-733-0000,,,,,,,1,,,,,,Y,,Y,N1,N1,Y,6,N1,47,N1,6,N1,Y,,4,N1,9,,,1,,,20,,4,,,2,2,,12,,,,,,,,365,,,Y,N1,A2800008,12,,,,,,,,,,,,,,,,,,,,,,,,,,,,,,,,,,,,,,,,,,,,,,,,,,,,,,,,
2026-10-01 00:30:00,경상남도,A2800005,의료법인 대우의료재단대우병원,20261001002336,055-680-8114,,,,,,,1,,,,,,Y,,Y,N1,N1,Y,9,N1,52,N1,1,N1,Y,,4,N1,9,,,1,,,10,,4,,,2,1,,5,,,,,,,,231,,,Y,N1,A2800005,13,,,,,,,,,,,,,,,,,,,,,,,,,,,,,,,,,,,,,,,,,,,,,,,,,,,,,,,,
2026-10-01 00:30:00,경상남도,A2800022,의료법인 성념의료재단맑은샘병원,20261001001819,055-731-1240,,,,,,,1,,,,,,Y,,Y,N1,N1,Y,9,N1,20,N1,,N1,Y,,2,N1,9,,,1,,,,,2,,,1,1,,4,,,,,,,,200,,,Y,N1,A2800022,14,,,,,,,,,,,,,,,,,,,,,,,,,,,,,,,,,,,,,,,,,,,,,,,,,,,,,,,,
2026-10-01 00:30:00,경상남도,A2800076,거창적십자병원,20261001002408,0559443251,,Y,,,,,1,,,,Y,,Y,,Y,N1,N1,Y,9,N1,33,N1,,Y,Y,,2,N1,9,,,1,,,,,2,,1,1,1,,2,,2,,,,,,91,,,Y,N1,A2800076,15,,,,,,,,,,,,,,,,,,,,,,,,,,,,,,,,,,,,,,,,,,,,,,,,,,,,,,,,
2026-10-01 00:30:00,경상남도,A2800032,강병원,20261001002110,055-673-0101,,,,,,,1,,,,,,Y,,Y,N1,N1,Y,9,N1,39,N1,,N1,Y,,1,N1,9,,,1,,,,,1,,,1,1,,1,,,,,,,,99,,,Y,N1,A2800032,16,,,,,,,,,,,,,,,,,,,,,,,,,,,,,,,,,,,,,,,,,,,,,,,,,,,,,,,,
2026-10-01 00:30:00,경상남도,A2800014,의료법인갑을의료재단 갑을장유병원,20261001002337,055-310-6000,,,,,,1,,,,,,,Y,,Y,N1,N1,Y,5,N1,48,N1,,N1,Y,,4,N1,9,,1,,,,,,4,,,1,1,,1,,,,,,,,210,,,Y,N1,A2800014,17,,,,,,,,,,,,,,,,,,,,,,,,,,,,,,,,,,,,,,,,,,,,,,,,,,,,,,,,
2026-10-01 00:30:00,경상남도,A2800094,의료법인 이도의료재단 남해병원,20260930235014,055-863-2201,N,N,,,,1,1,,,,N,N,Y,N,Y,N,N,Y,8,N,81,N,,N,Y,,2,N,,,,,,,,,,,,,,,,,,,,,,,,,,N,N,A2800094,18,,,,,,,,,,,,,,,,,,,,,,,,,,,,,,,,,,,,,,,,,,,,,,,,,,,,,,,,
2026-10-01 00:30:00,경상남도,A2800113,밀양병원,20261001002315,055-351-3993,,,,,,,1,,,,,,Y,,Y,N1,N1,Y,9,N1,17,N1,,N1,Y,,0,N1,9,,,1,,,,,0,,,1,1,,1,,,,,,,,200,,,Y,N1,A2800113,19,,,,,,,,,,,,,,,,,,,,,,,,,,,,,,,,,,,,,,,,,,,,,,,,,,,,,,,,
2026-10-01 00:30:00,경상남도,A2800068,의료법인승연의료재단 삼천포서울병원,20261001001551,055-835-9900,,,,,,,1,,,,,,Y,Y,Y,Y,N1,Y,9,N1,60,N1,,N1,Y,,3,Y,9,,,1,,,,,3,,,1,2,1,4,,,,,,,1,287,,,Y,N1,A2800068,20,,,,,,,,,,,,,,,,,,,,,,,,,,,,,,,,,,,,,,,,,,,,,,,,,,,,,,,,
2026-10-01 00:30:00,경상남도,A2800101,삼천포제일병원,20261001002512,055-833-4400,,,,,,,2,,,,,,Y,,Y,N1,N1,Y,8,N1,61,N1,,N1,Y,,2,N,8,,,2,,,,,2,,,1,1,,1,,,,,,,1,214,,,Y,N1,A2800101,21,,,,,,,,,,,,,,,,,,,,,,,,,,,,,,,,,,,,,,,,,,,,,,,,,,,,,,,,
2026-10-01 00:30:00,경상남도,E2800380,산청군보건의료원,20261001002501,055-970-7500,,,,,,,1,,,,,,,,Y,N1,N1,N1,5,N1,20,N1,,N1,N1,,,N1,5,,,1,,,,,,,,,,,1,,,,,,,,20,,,Y,N1,E2800380,22,,,,,,,,,,,,,,,,,,,,,,,,,,,,,,,,,,,,,,,,,,,,,,,,,,,,,,,,
2026-10-01 00:30:00,경상남도,A2804593,양산성모병원,20261001002503,1600-7582,,,,,,1,,,,,,,Y,,Y,N1,N1,Y,12,N1,141,N1,5,N1,Y,,4,N1,13,,1,,,,6,,4,,,1,2,,1,,,,,,,,214,,,Y,N1,A2804593,23,,,,,,,,,,,,,,,,,,,,,,,,,,,,,,,,,,,,,,,,,,,,,,,,,,,,,,,,
2026-10-01 00:30:00,경상남도,A2800019,베데스다복음병원,20261001002441,055-384-9901,,,,,,,1,,,,,,Y,,Y,N1,N1,Y,9,N1,55,N1,,N1,Y,,3,N1,9,,,1,,,,,3,,,1,1,,1,,,,,,,,133,,,Y,N1,A2800019,24,,,,,,,,,,,,,,,,,,,,,,,,,,,,,,,,,,,,,,,,,,,,,,,,,,,,,,,,
2026-10-01 00:30:00,경상남도,A2800090,의령병원,20261001002430,055-573-4100,,,,,,,1,,,,,,Y,,Y,N1,N1,Y,3,N1,38,N1,,N1,N1,,,N1,4,,,1,,,,,,,,1,,,1,,,,,,,,58,,,Y,N1,A2800090,25,,,,,,,,,,,,,,,,,,,,,,,,,,,,,,,,,,,,,,,,,,,,,,,,,,,,,,,,
2026-10-01 00:30:00,경상남도,A2800084,반도병원,20261001002008,0557476000,,,,,,,1,,,,,,Y,,Y,N1,N1,Y,7,N1,70,N1,,N1,Y,,3,N1,7,,,1,,,,,3,,,1,1,,3,,,,,,,,165,,,Y,N1,A2800084,26,,,,,,,,,,,,,,,,,,,,,,,,,,,,,,,,,,,,,,,,,,,,,,,,,,,,,,,,
2026-10-01 00:30:00,경상남도,A2800015,의료법인 문병욱의료재단 진주고려병원,20261001002222,055-751-2500,,,,,,,1,,,,,,Y,Y,Y,Y,N1,Y,9,N1,103,N1,1,N1,Y,,4,Y,9,,,1,,,9,,4,,,2,2,1,4,,,,,,,1,229,,,Y,N1,A2800015,27,,,,,,,,,,,,,,,,,,,,,,,,,,,,,,,,,,,,,,,,,,,,,,,,,,,,,,,,
2026-10-01 00:30:00,경상남도,A2800037,진주복음병원,20261001002455,055-749-7110,,,,,,,1,,,,,,Y,,Y,N1,N1,Y,8,N1,40,N1,,N1,N,,3,N1,9,,,1,,,,,3,,,1,1,,1,,,,,,,,131,,,N,N1,A2800037,28,,,,,,,,,,,,,,,,,,,,,,,,,,,,,,,,,,,,,,,,,,,,,,,,,,,,,,,,
2026-10-01 00:30:00,경상남도,A2800062,태황의료재단한성병원,20261001002514,0555305000,,,,,,,1,,,,,,,,Y,N1,N1,N1,9,N1,81,N1,,N1,N1,,,N1,9,,,1,,,,,,,,,,,,,,,,,,,167,,,N1,N1,A2800062,29,,,,,,,,,,,,,,,,,,,,,,,,,,,,,,,,,,,,,,,,,,,,,,,,,,,,,,,,
2026-10-01 00:30:00,경상남도,A2800025,경상남도마산의료원,20261001002502,055-249-1000,,,,,,1,1,,,20,,,Y,,Y,N1,Y,Y,12,N1,85,N1,3,N1,Y,,5,N1,13,,1,1,,,6,,5,27,,1,1,,17,,,2,,,,,263,,,Y,N1,A2800025,30,,,,2,,,,,,2,,,,,,,,,,,,,,,,,,,,,,,,,,,,,,,,,,,,,,,,,,,,,,
2026-10-01 00:30:00,경상남도,A2800009,의료법인청아의료재단청아병원,20261001002516,055-230-1500,,,,,,,1,,,,,,Y,,Y,N1,N1,Y,7,N1,84,N1,,N1,Y,,4,N1,9,,,1,,,,,4,,,2,2,,4,,,,,,,,274,,,Y,N1,A2800009,31,,,,,,,,,,,,,,,,,,,,,,,,,,,,,,,,,,,,,,,,,,,,,,,,,,,,,,,,
2026-10-01 00:30:00,경상남도,A2800021,연세에스병원,20261001002243,055-548-7700,,,,,,,1,,,,,,Y,Y,Y,Y,N1,Y,6,N1,91,N1,7,N1,Y,,3,N1,9,,,1,,,10,,3,,,2,2,1,5,,,,,,,,255,,,Y,N1,A2800021,32,,,,,,,,,,,,,,,,,,,,,,,,,,,,,,,,,,,,,,,,,,,,,,,,,,,,,,,,
2026-10-01 00:30:00,경상남도,A2800092,새통영병원,20261001002427,055-646-6000,,,,,,,1,,,,,,Y,,Y,N1,N1,Y,8,N1,75,N1,,N1,Y,,3,N1,9,,,1,,,,,3,,,1,2,,3,,,,,,,,256,,,Y,N1,A2800092,33,,,,,,,,,,,,,,,,,,,,,,,,,,,,,,,,,,,,,,,,,,,,,,,,,,,,,,,,
2026-10-01 00:30:00,경상남도,A2800080,함양성심병원,20261001002200,055-963-4322,,,,,,,1,,,,,,Y,,Y,N1,N1,Y,4,N1,28,N1,,N1,Y,,2,N1,4,,,1,,,,,2,,,1,1,,1,,,,,,,,121,,,Y,N1,A2800080,34,,,,,,,,,,,,,,,,,,,,,,,,,,,,,,,,,,,,,,,,,,,,,,,,,,,,,,,,
2026-10-01 00:30:00,경상남도,A2800055,삼성합천병원,20261001002501,055-933-2200,,,,,,,1,,,,,,Y,,Y,N1,N1,Y,4,N1,23,N1,,N1,Y,,2,N1,4,,,1,,,,,2,,,1,1,,1,,,,,,,,141,,,Y,N1,A2800055,35,,,,,,,,,,,,,,,,,,,,,,,,,,,,,,,,,,,,,,,,,,,,,,,,,,,,,,,,
2026-10-01 00:30:00,제주특별자치도,A2900001,제주한라병원,20261001002237,064740-5000,Y,Y,1,,3,2,3,4,14,,Y,,Y,Y,Y,Y,Y,Y,14,Y,109,Y,4,Y,Y,3,6,N1,15,3,2,3,14,7,15,30,6,,2,3,2,3,46,3,8,9,4,2,,,414,4,,Y,Y,A2900001,1,,,,,,11,,,20,,,,,1,,2,,,,,,,,,,,,,,,,,,,,,,,,,,,,,1,6,2,6,9,2,40,2,2,,4,
2026-10-01 00:30:00,제주특별자치도,A2900002,제주특별자치도서귀포의료원,20261001002402,064-730-3000,,Y,,,4,1,4,2,3,,Y,,Y,Y,Y,Y,Y,Y,13,N1,146,N1,7,Y,Y,,4,Y,16,4,1,4,2,,17,3,4,,1,2,1,1,16,,4,3,,,,1,326,,,Y,N1,A2900002,2,,,,3,1,,,,,3,26,,,,,,,,,,,,,,,,,,,,,,,,,,,,,,,,,,,,,,,,,,,,,
2026-10-01 00:30:00,제주특별자치도,A2900007,제주대학교병원,20261001002500,064-717-1114,Y,Y,,,,1,0,,,1,Y,,Y,Y,Y,Y,Y,Y,4,Y,94,Y,,Y,Y,12,12,N1,20,,1,5,,16,,,12,9,3,2,2,4,45,8,17,10,5,3,,,458,,,Y,Y,A2900007,3,,3,2,,0,,12,12,,,20,,,,,,4,6,,,,,,,,3,,,,,3,,,,,,,,,,,,,,,,,,,,,,,,,
2026-10-01 00:30:00,제주특별자치도,A2900005,한마음병원,20261001002141,064-750-9000,,,,,,0,1,0,0,,,,Y,Y,Y,Y,Y,Y,8,N1,48,N1,5,N1,Y,,4,N1,17,,1,2,2,,10,3,4,,,1,1,1,6,,,2,,,,,213,,,Y,N1,A2900005,4,,,,,,,,,,,,,,,,,,,,,,,,,,,,,,,,,,,,,,,,,,,,,,,,,,,,,,,,
2026-10-01 00:30:00,제주특별자치도,A2900006,의료법인중앙의료재단중앙병원,20261001002438,064-786-7000,,,,,1,1,1,2,3,,,,Y,Y,Y,Y,Y,Y,10,Y,98,N1,8,N1,Y,,3,N1,16,1,1,2,2,,14,3,3,,,1,1,2,10,,,2,1,,,,278,,,Y,N1,A2900006,5,,,,1,,,,,,1,,,,,,,,,,,,,,,,,,,,,,,,,,,,,,,,,,,,,,,,,,,,,,
2026-10-01 00:30:00,제주특별자치도,A2900003,의료법인 혜인의료재단 한국병원,20261001002430,064-750-0000,,,,,,,0,,,,,,Y,,Y,N1,N1,Y,3,N1,44,N1,2,N1,Y,,3,N1,9,,,1,,,10,,3,,,1,1,,6,,,,,,,,209,,,Y,N1,A2900003,6,,,,,,,,,,,,,,,,,,,,,,,,,,,,,,,,,,,,,,,,,,,,,,,,,,,,,,,,
2026-10-01 01:00:01,서울특별시,A1100043,강동경희대학교병원,20261001005517,02-440-7114,Y,Y,1,2,3,2,3,2,3,0,Y,N,Y,Y,Y,Y,Y,Y,5,Y,128,Y,3,Y,Y,10,17,N,15,3,2,3,19,17,27,30,17,1,8,2,2,3,32,9,13,4,1,1,0,0,625,3,2,Y,Y,A1100043,1,,,,,,,,,,,,,,,,,,,,,,,,,,,,,,,,,,,,,,,,,,,,,,,,,,,,,,,,
2026-10-01 01:00:01,서울특별시,A1100014,고려대학교의과대학부속구로병원,20261001005107,02-2626-1114,Y,Y,,,2,,,2,2,3,Y,,Y,Y,Y,Y,Y,Y,1,Y,45,Y,7,Y,Y,1,23,N1,29,3,,,20,23,35,30,24,4,2,6,4,4,98,11,35,15,10,3,,,778,,,Y,Y,A1100014,2,2,1,0,1,3,0,20,4,6,10,18,5,,,,,,,,,,,,,,,,,,,,,,,,,,,,,,,,,,,,,,,,,,,,
2026-10-01 01:00:01,서울특별시,A1100013,한양대학교병원,20261001005259,02-2290-8114,Y,Y,1,,2,,,5,6,0,Y,,Y,Y,Y,Y,Y,Y,4,Y,107,Y,0,Y,Y,0,16,Y,20,3,,,22,14,0,30,16,2,1,3,2,3,69,10,23,13,6,3,,1,670,2,,Y,Y,A1100013,3,4,0,,0,4,,12,,,2,16,4,2,1,8,5,,,,,,,,,,,,,,,,,,,,,,,,,,,,,,,,,,,,,,,,
2026-10-01 01:00:01,서울특별시,A1100008,학교법인 고려중앙학원 고려대학교의과대학부속병원(안암병원),20261001005507,1577-0083,Y,Y,0,,4,,,1,0,0,Y,,Y,Y,Y,Y,Y,Y,9,Y,27,Y,,Y,Y,-3,23,Y,30,4,,,15,17,,31,25,3,4,7,6,8,84,14,20,11,8,7,,1,777,6,,Y,Y,A1100008,4,2,1,2,0,2,,16,19,,6,10,2,6,,7,,3,9,,,,,,,,,,,,,,,,,,,,,,,,,,,,,,,,,,,,,,
2026-10-01 01:00:01,서울특별시,A1100005,이화여자대학교의과대학부속목동병원,20261001005052,02-2650-5114,Y,Y,0,,8,2,3,3,3,1,Y,,Y,Y,Y,Y,Y,Y,11,Y,32,Y,,Y,Y,7,13,Y,19,8,2,4,19,28,,32,13,9,2,4,4,4,58,10,34,9,3,5,,1,526,1,,Y,Y,A1100005,5,,0,3,0,6,,10,13,,4,10,,,0,,1,,,3,14,,,,,,,,,,,,,,,,,,,,,,,,,,,,,,,,,,,,
2026-10-01 01:00:01,서울특별시,A1100017,서울대학교병원,20261001005514,02-1588-5700,Y,Y,0,,8,1,3,4,18,5,Y,Y,Y,Y,Y,Y,Y,Y,-4,Y,49,Y,,Y,Y,6,53,N1,24,10,2,4,17,40,,30,53,7,4,13,13,14,160,19,46,22,9,3,1,,1365,2,,Y,Y,A1100017,6,,2,3,10,7,,10,18,,28,41,,,0,,1,0,6,1,5,1,1,0,0,3,5,1,5,2,3,22,2,10,10,6,1,1,0,0,8,,,,,,,,,,,,,,,,
2026-10-01 01:00:01,서울특별시,A1100035,서울특별시서울의료원,20261001005500,02-2276-7000,Y,Y,2,,3,2,3,1,6,3,Y,Y,Y,Y,Y,Y,Y,Y,6,Y,99,Y,0,Y,Y,3,10,Y,19,3,2,3,14,3,5,28,10,3,4,5,3,5,65,5,12,7,2,4,1,2,461,2,,Y,Y,A1100035,7,,1,,,16,,7,,,,30,,,1,,4,,,2,6,,,,,,,,,,,,,,,,,,,,,0,2,,,,,,,,,,,,,,
2026-10-01 01:00:01,서울특별시,A1100015,연세대학교의과대학강남세브란스병원,20261001005145,02-2019-3114,Y,Y,,,2,1,2,,,4,Y,,Y,Y,Y,Y,Y,Y,9,Y,84,Y,12,Y,Y,1,23,N1,21,2,1,2,,28,29,,23,5,1,4,3,6,47,10,23,6,3,5,,,691,,,Y,Y,A1100015,8,,,,,,,,,,,,,,,,,5,8,3,12,,,,,,,,,,,,,,,,,,,,,,,,,,,,,,,,,,,,
2026-10-01 01:00:01,서울특별시,A1100010,삼성서울병원,20261001005315,02-3410-2114,Y,Y,,,0,1,2,,,3,Y,,Y,Y,Y,Y,Y,Y,-36,Y,106,Y,,Y,Y,6,45,N1,52,4,2,2,,59,,,46,8,6,19,16,15,117,22,43,21,11,2,,,1528,,,Y,Y,A1100010,9,,4,9,,3,,28,23,,,27,,,,,,2,12,1,12,,,,,,2,,,,12,14,,,36,,,,,,,,,,,,,,,,,,,,,,
2026-10-01 01:00:01,서울특별시,A1100028,성심의료재단강동성심병원,20261001005045,02-2224-2114,Y,Y,,,,1,5,,,0,Y,,Y,Y,Y,Y,Y,Y,8,Y,99,Y,0,Y,Y,2,13,N1,15,,1,6,,3,19,,13,2,1,4,2,5,35,3,3,8,3,1,,,566,,,Y,Y,A1100028,10,,1,,2,,,18,,,5,,,,,,,,,,,,,,,,,,,,,,,,,,,,,,,,,2,2,,,,,,,,,,,,
2026-10-01 01:00:01,서울특별시,A1100053,한국보훈복지의료공단 중앙보훈병원,20261001005117,02-2225-1111,,,,,,1,2,1,0,1,N,,Y,Y,Y,Y,Y,Y,17,Y,135,N1,,N1,Y,,13,N1,22,,1,2,2,,,3,13,7,1,3,4,4,38,,,10,1,,,,820,,,Y,N1,A1100053,11,,6,7,1,39,,14,14,,1,60,,,,,,0,10,1,13,,,,,,,,,,,,,,,,,,,,,,,,,,,,,,,,,,,,
2026-10-01 01:00:01,서울특별시,A1120796,이화여자대학교의과대학부속서울병원,20261001005101,1522-7000,Y,Y,,,4,0,6,,,0,Y,,Y,Y,Y,Y,Y,Y,-1,Y,119,Y,0,Y,Y,3,19,N1,14,9,2,6,,24,11,,19,4,2,5,5,8,71,9,22,12,4,5,,,736,,,Y,Y,A1120796,12,,1,2,1,,,10,17,,7,,,,,,,1,11,1,17,,,,,,,,,,3,,,,19,,,,,,,,,,,,,,,,,,,,,,
2026-10-01 01:00:01,서울특별시,A1100041,의료법인서울효천의료재단 에이치플러스양지병원,20261001005512,02-1877-8875,,,,,,1,2,,,1,,,Y,Y,Y,Y,Y,Y,9,Y,13,Y,1,N1,Y,,7,N1,18,,1,2,,,27,,7,3,,2,3,3,23,,,5,1,1,,,293,,,Y,N1,A1100041,13,,,,0,,,,,,1,,,,,,,,,,,,,,,,,,,,,,,,,,,,,,,,,,,,,,,,,,,,,,
2026-10-01 01:00:01,서울특별시,A1100002,건국대학교병원,20261001005249,1588-1533,Y,Y,,,4,1,2,,,3,Y,,Y,Y,Y,Y,Y,Y,10,Y,62,Y,,Y,Y,1,21,N1,20,4,1,2,,16,,,21,3,2,4,4,5,45,7,18,7,3,14,,,678,,,Y,Y,A1100002,14,,10,2,1,7,,24,25,,1,14,,,,,,,,,,,,,,,,,,,,,,,,,,,,,,,,,,,,,,,,,,,,,
2026-10-01 01:00:01,서울특별시,A1100016,인제대학교상계백병원,20261001005138,02-950-1114,Y,Y,,,,1,2,,,0,Y,,Y,Y,Y,Y,Y,Y,6,Y,33,Y,,Y,Y,2,12,N1,16,,1,2,,15,,,13,2,2,3,2,3,36,10,25,10,3,1,,,390,,,Y,Y,A1100016,15,,2,1,2,1,,19,18,,4,5,,,,,,,,,,,,,,,,,,,,,,,,,,,,,,,,1,4,,,,,,,,,,,,
2026-10-01 01:00:01,서울특별시,A1100048,노원을지대학교병원,20261001005102,02-970-8000,Y,Y,,,,1,4,,,0,Y,,Y,Y,Y,Y,Y,Y,11,Y,198,N1,,Y,Y,0,11,N1,17,,1,4,,10,,,11,1,3,2,2,2,26,8,19,3,1,,,,479,,,Y,Y,A1100048,16,,-1,0,2,3,,16,16,,2,21,,,,,,,,,,,,,,,,,,,,,,,,,,,,,,,,,,0,0,0,0,,,,,,,,
2026-10-01 01:00:01,서울특별시,A1100020,의료법인한전의료재단 한일병원,20261001005503,02-901-3114,N,N,,,2,2,2,1,2,2,,Y,Y,Y,Y,Y,Y,Y,15,N1,64,Y,6,N,Y,,8,N,21,2,2,2,2,,21,3,8,5,,2,1,2,25,1,4,2,,4,2,2,389,,,Y,N,A1100020,17,,,,0,,,,,,1,,,,,,,,,,,,,,,,,,,,,,,,,,,,,,,,,,,,,,,,,,,,,,
2026-10-01 01:00:01,서울특별시,A1100001,경희대학교병원,20261001005441,02-958-8114,Y,Y,,,2,2,3,,,8,Y,,Y,Y,Y,Y,Y,Y,10,Y,135,Y,22,Y,Y,9,16,N1,15,3,2,3,,26,65,,16,10,3,3,3,5,48,6,12,8,3,2,,,653,,,Y,Y,A1100001,18,,,,,4,,,,,,20,,,,,,,,2,15,,,,,,,,,,,,,,,,,,,,,,,,,,,,,,,,,,,,
2026-10-01 01:00:01,서울특별시,A1100021,삼육서울병원,20261001005128,02-2244-0191,,N,,,,1,1,1,2,3,Y,,Y,Y,Y,Y,Y,Y,11,Y,87,Y,4,N,Y,4,5,Y,13,,1,2,2,4,15,3,5,4,2,1,1,2,20,,4,5,2,1,,1,389,,,Y,N1,A1100021,19,,,,0,,,,,,1,,,,,,,,,,,,,,,,,,,,,,,,,,,,,,,,,0,4,,,,,,,,,,,,
2026-10-01 01:00:01,서울특별시,A1100040,서울특별시보라매병원,20261001005500,02-870-2114,Y,Y,,,3,2,1,,,3,Y,,Y,Y,Y,Y,Y,Y,19,Y,129,Y,,Y,Y,1,14,N1,31,3,2,1,,14,,,14,3,4,6,3,5,48,14,13,5,9,2,,,695,,,Y,Y,A1100040,20,,3,6,1,5,,15,16,,4,14,,,,,,1,4,,,,,,,,,,,,,,,,,,,,,,,,,,,,,,,,,,,,,,
2026-10-01 01:00:01,서울특별시,A1100003,중앙대학교병원,20261001005508,1800-1114,Y,Y,0,,3,2,3,1,,0,Y,,Y,Y,Y,Y,Y,Y,11,Y,126,Y,,Y,Y,0,16,N1,22,4,2,3,12,25,,,16,2,2,4,3,4,51,9,21,13,6,12,,,629,1,,Y,Y,A1100003,21,0,1,2,0,1,,12,17,,11,2,0,0,,0,,,,,,,,,,3,,,,,,,,,,,,,,,4,,,,,,,,,,,,,,,,
2026-10-01 01:00:01,서울특별시,A1100007,연세대학교의과대학세브란스병원,20261001005401,02-2228-0114,Y,Y,,,6,1,1,,,1,Y,Y,Y,Y,Y,Y,Y,Y,-3,Y,193,Y,5,Y,Y,14,3,N1,39,8,1,3,,52,18,,3,30,8,16,16,17,206,55,61,21,16,21,1,,1872,,,Y,Y,A1100007,22,,4,8,2,6,,29,24,,5,20,,,,,,7,23,9,29,1,1,,,,7,0,2,2,7,22,2,10,17,6,1,1,,,,,,,,,,,,,,,,,,,
2026-10-01 01:00:01,서울특별시,A1100012,학교법인가톨릭학원가톨릭대학교서울성모병원,20261001005512,0215881511,Y,Y,,,5,,,1,1,0,Y,,Y,Y,Y,Y,Y,Y,-3,Y,48,Y,0,Y,Y,13,32,N1,28,7,,,2,50,5,6,32,10,2,9,10,8,80,40,39,11,9,4,,,1053,,,Y,Y,A1100012,23,1,3,9,10,11,,22,20,,18,35,1,3,,5,,0,10,5,19,1,0,,,,0,1,0,,3,3,2,,8,6,1,1,,,,,,,,,,,,,,,,,,,
2026-10-01 01:00:01,서울특별시,A1100009,재단법인아산사회복지재단 서울아산병원,20261001005215,02-3010-3114,Y,Y,1,,6,1,-2,1,1,1,Y,,Y,Y,Y,Y,Y,Y,-4,Y,136,Y,3,Y,Y,21,3,Y,36,11,1,22,2,61,12,4,4,8,8,21,15,17,190,33,49,30,14,5,,1,2121,1,,Y,Y,A1100009,24,,0,5,7,9,,24,37,,47,28,,,1,,6,1,12,1,12,2,1,,,,2,0,0,4,5,26,2,13,12,6,2,1,,,,,,,,,,,,,,,,,,,
2026-10-01 01:00:01,서울특별시,A1100011,가톨릭대학교여의도성모병원,20261001005511,02-1661-7575,,,,,,1,4,2,,0,Y,,Y,Y,Y,Y,Y,Y,6,Y,9,Y,,N1,Y,,13,N1,15,,1,4,2,,,,13,1,2,2,2,2,23,,,5,1,2,,,330,,,Y,N1,A1100011,25,,-2,0,1,,,10,8,,1,,,,,,,,,0,9,,,,,,,,,,,,,,,,,,,,,,,,,,,,,,,,,,,,
2026-10-01 01:00:01,서울특별시,A1100055,한림대학교 강남성심병원,20261001005107,02-829-5114,Y,Y,,,3,3,2,0,1,,Y,,Y,Y,Y,Y,Y,Y,15,Y,117,Y,,Y,Y,3,14,N1,20,3,3,2,2,12,,3,14,,3,3,3,3,54,21,22,13,3,2,,,493,,,Y,Y,A1100055,26,,1,7,3,,,21,23,,7,,,,,,,4,10,,,,,,,,,,,,,,,,,,,,,,,,,,,,,,,,,,,,,,
2026-10-01 01:00:01,서울특별시,A1100054,성애의료재단성애병원,20261001005359,02-840-7114,Y,Y,,,,1,4,,,,Y,,Y,Y,Y,Y,Y,Y,12,N1,24,N1,1,Y,Y,4,5,N1,15,,1,4,,4,19,,5,,2,2,2,1,8,5,14,2,,,,,252,,,Y,Y,A1100054,27,,,,0,,,,,,1,,,,,,,,,,,,,,,,,,,,,,,,,,,,,,,,,,,,,,,,,,,,,,
2026-10-01 01:00:01,서울특별시,A1100004,순천향대학교부속서울병원,20261001005425,02-709-9114,Y,Y,,,4,1,2,0,1,0,Y,,Y,Y,Y,Y,Y,Y,11,Y,95,Y,1,Y,Y,-2,14,N1,20,4,1,2,2,13,43,3,14,4,7,3,3,4,51,8,17,14,5,3,,,597,,,Y,Y,A1100004,28,,,,2,5,,,,,10,21,,,,,,,,,,,,,0,0,,,,,,,,,,,,,,0,0,,,0,0,,,,,,,,,,,,
2026-10-01 01:00:01,서울특별시,A1121013,가톨릭대학교은평성모병원,20261001005509,02-1811-7755,Y,Y,,,7,0,2,,,1,Y,,Y,Y,Y,Y,Y,Y,10,Y,106,Y,,Y,Y,3,19,N1,24,8,2,2,,19,,,19,5,1,4,3,5,46,19,22,10,5,20,,,651,,,Y,Y,A1121013,29,,0,0,0,,,16,9,,4,,,,,,,-1,12,-1,13,,,,,,,,,,,,,,,,,,,,,,,,,,,,,,,,,,,,
2026-10-01 01:00:01,서울특별시,A1100006,강북삼성병원,20261001005525,02-2001-2001,Y,Y,,,2,1,2,,,1,Y,,Y,Y,Y,Y,Y,Y,2,Y,39,Y,3,Y,Y,-1,16,N1,15,2,1,2,,14,24,,16,2,1,5,4,6,54,13,14,8,4,3,,,543,,,Y,Y,A1100006,30,,,2,2,9,,,4,,5,18,,,,,,,,2,12,,,,,,,,,,2,,,,8,,,,,,,,,,,,,,,,,,,,,,
2026-10-01 01:00:01,서울특별시,A1100052,국립중앙의료원,20261001005505,02-2260-7114,N,Y,,0,3,2,2,1,0,5,Y,,Y,Y,Y,Y,Y,Y,9,Y,0,Y,9,Y,Y,,7,N1,15,3,2,3,6,,13,0,7,7,1,1,1,2,56,1,3,5,5,2,,,202,,0,Y,N,A1100052,31,,,0,2,,0,,0,20,2,,,,,,,,,,,,,0,,0,,,,,,,,,,,,,0,,0,,,5,5,2,6,2,6,0,2,50,2,,,,
2026-10-01 01:00:01,서울특별시,A1100036,부민병원,20261001005049,1577-7582,,Y,,,,1,,,,1,Y,,Y,Y,Y,Y,Y,Y,9,Y,54,N1,3,Y,Y,,8,N1,10,,1,,,,14,,8,3,1,3,3,1,22,,1,2,1,,,,282,,,Y,N1,A1100036,32,,,,0,,,,,,1,,,,,,,,,,,,,,,,,,,,,,,,,,,,,,,,,,,,,,,,,,,,,,
2026-10-01 01:00:01,서울특별시,A1100051,혜민병원,20261001005047,02-2049-9000,,,,,,1,,,,,,,Y,,Y,N1,Y,Y,8,N1,20,N1,8,N1,Y,,5,N1,9,,1,,,,19,,5,,,2,2,,16,,,2,,,,,205,,,Y,N1,A1100051,33,,,,,,,,,,,,,,,,,,,,,,,,,,,,,,,,,,,,,,,,,,,,,,,,,,,,,,,,
2026-10-01 01:00:01,서울특별시,A1100026,구로성심병원,20261001005451,02-2067-1500,,,,,,,1,,,,,,Y,,Y,N1,N1,Y,3,N1,37,N1,4,N1,Y,,3,N1,9,,,1,,,11,,3,,,1,1,,5,,,,,,,,191,,,Y,N1,A1100026,34,,,,,,,,,,,,,,,,,,,,,,,,,,,,,,,,,,,,,,,,,,,,,,,,,,,,,,,,
2026-10-01 01:00:01,서울특별시,A1100049,희명병원,20261001005339,02-804-0002,,,,,,,1,,,,,,Y,,Y,N1,Y,Y,9,Y,112,N1,8,N1,Y,,4,N1,10,,,1,,,19,,4,,,1,1,,9,,,1,1,,,,228,,,Y,N1,A1100049,35,,,,,,,,,,,,,,,,,,,,,,,,,,,,,,,,,,,,,,,,,,,,,,,,,,,,,,,,
2026-10-01 01:00:01,서울특별시,A1100027,한국원자력의학원원자력병원,20261001005259,02-970-2114,,Y,,,,1,0,,,0,Y,,Y,Y,Y,Y,Y,Y,8,N1,133,N1,6,Y,Y,,10,N1,9,,1,1,,,10,,10,1,1,4,2,1,16,,2,1,,,,,444,,,Y,N1,A1100027,36,,,,1,,,,,,1,,,,,,,,,,,,,,,,,,,,,,,,,,,,,,,,,1,1,,,,,,,,,,,,
2026-10-01 01:00:01,서울특별시,A1100022,서울특별시동부병원,20261001005520,02-920-9114,,Y,,,,1,1,,,,Y,,Y,,Y,N1,Y,Y,8,N1,34,N1,4,Y,Y,,3,N1,8,,1,1,,,8,,3,,1,1,1,,7,,1,1,,,,,195,,,Y,N1,A1100022,37,,,,0,,,,,,1,,,,,,,,,,,,,,,,,,,,,,,,,,,,,,,,,,,,,,,,,,,,,,
2026-10-01 01:00:01,서울특별시,A1100050,서울성심병원,20261001005422,02-966-1616,,,,,,1,2,,,,,,Y,,Y,N1,N1,Y,14,N1,73,N1,5,N1,Y,,6,N1,17,,1,2,,,10,,6,,,1,1,,11,,,,,,,,208,,,Y,N1,A1100050,38,,,,,,,,,,,,,,,,,,,,,,,,,,,,,,,,,,,,,,,,,,,,,,,,,,,,,,,,
2026-10-01 01:00:01,서울특별시,A1100025,의료법인동신의료재단동신병원,20261001005252,02-396-9161,,,,,,,1,,,,,,Y,,Y,N1,N1,Y,8,N1,41,N1,2,N1,Y,,3,N1,9,,,1,,,9,,3,,,1,1,,7,,,,,,,,196,,,Y,N1,A1100025,39,,,,,,,,,,,,,,,,,,,,,,,,,,,,,,,,,,,,,,,,,,,,,,,,,,,,,,,,
2026-10-01 01:00:01,서울특별시,A1122033,기쁨병원,20261001005438,02-570-1234,,,,,,,1,,,,,,Y,Y,Y,Y,N1,Y,2,N1,60,N1,,N1,Y,,8,N1,4,,,1,,,,,8,,,1,1,1,1,,,,,,,,110,,,Y,N1,A1122033,40,,,,,,,,,,,,,,,,,,,,,,,,,,,,,,,,,,,,,,,,,,,,,,,,,,,,,,,,
2026-10-01 01:00:01,서울특별시,A1100019,홍익병원,20261001005255,02-2693-5555,,,,,,,0,,,0,,,Y,Y,Y,Y,N,Y,5,N1,73,N1,8,N1,Y,,4,N1,9,,,1,,,14,,4,1,,4,2,2,7,,,1,,,,,251,,,Y,N1,A1100019,41,,,,1,,,,,,1,,,,,,,,,,,,,,,,,,,,,,,,,,,,,,,,,,,,,,,,,,,,,,
2026-10-01 01:00:01,서울특별시,A1100223,서울특별시서남병원,20261001005000,1566-6688,,,,0,,1,2,1,0,4,,,Y,,Y,N1,Y,Y,14,Y,25,Y,9,N1,Y,,4,N1,17,,1,2,2,,17,3,4,4,,2,1,,16,,,1,1,1,,,275,,0,Y,N1,A1100223,42,,,,0,,,,,,1,,,,,,,,,,,,,,,,,,,,,,,,,,,,,,,,,,,,,,,,,,,,,,
2026-10-01 01:00:01,서울특별시,A1100024,명지성모병원,20261001005508,02-1899-1475,,,,,,1,1,,,,,,Y,Y,Y,Y,N1,Y,5,N1,58,N1,5,N1,Y,,3,N1,8,,1,1,,,12,,3,,,1,3,2,7,,,,,,,,212,,,Y,N1,A1100024,43,,,,1,,,,,,1,,,,,,,,,,,,,,,,,,,,,,,,,,,,,,,,,,,,,,,,,,,,,,
2026-10-01 01:00:01,서울특별시,A1100037,대림성모병원,20261001005047,02-829-9000,,,,,,,2,,,,,,Y,,Y,N1,N1,Y,7,N1,32,N1,,N1,Y,,4,N1,8,,,2,,,,,4,,,1,2,,1,,,,,,,,114,,,Y,N1,A1100037,44,,,,,,,,,,,,,,,,,,,,,,,,,,,,,,,,,,,,,,,,,,,,,,,,,,,,,,,,
2026-10-01 01:00:01,서울특별시,A1100045,씨엠병원,20261001004500,02-2678-0001,,,,,,,1,,,,,,Y,,Y,N1,N1,Y,9,N1,29,N1,,N1,Y,,5,N1,9,,,1,,,,,5,,,2,2,,6,,,,,,,,110,,,Y,N1,A1100045,45,,,,,,,,,,,,,,,,,,,,,,,,,,,,,,,,,,,,,,,,,,,,,,,,,,,,,,,,
2026-10-01 01:00:01,서울특별시,A1100023,의료법인청구성심병원,20261001005251,02-350-3300,,,,,,,1,,,,,,Y,,Y,N1,N1,Y,10,N1,26,N1,1,N1,Y,,3,N1,10,,,1,,,6,,3,,,1,1,,4,,,,,,,,196,,,Y,N1,A1100023,46,,,,,,,,,,,,,,,,,,,,,,,,,,,,,,,,,,,,,,,,,,,,,,,,,,,,,,,,
2026-10-01 01:00:01,서울특별시,A1100029,서울적십자병원,20261001005527,02-2002-8000,,,,,,1,,,,,,,Y,,Y,N1,Y,Y,8,N1,107,N1,7,N1,Y,,6,N1,10,,1,,,,12,,6,,,1,1,,11,,,2,,,,,260,,,Y,N1,A1100029,47,,,,,,,,,,,,,,,,,,,,,,,,,,,,,,,,,,,,,,,,,,,,,,,,,,,,,,,,
2026-10-01 01:00:01,서울특별시,A1100032,세란병원,20261001005503,02-737-0181,,,,,,,1,,,,,,Y,,Y,N1,N1,Y,10,N1,36,N1,,N1,Y,,13,N1,10,,,1,,,,,13,,,3,5,,3,,,,,,,,205,,,Y,N1,A1100032,48,,,,,,,,,,,,,,,,,,,,,,,,,,,,,,,,,,,,,,,,,,,,,,,,,,,,,,,,
2026-10-01 01:00:01,서울특별시,A1100075,의료법인풍산의료재단동부제일병원,20261001005056,02-437-5011,,,,,,,1,,,,,,Y,,Y,N1,N1,Y,7,N1,49,N1,,N1,N,,2,N1,7,,,1,,,,,2,,,1,1,,3,,,,,,,,124,,,Y,N1,A1100075,49,,,,,,,,,,,,,,,,,,,,,,,,,,,,,,,,,,,,,,,,,,,,,,,,,,,,,,,,
2026-10-01 01:00:01,서울특별시,A1100044,녹색병원,20261001005510,02-490-2000,,,,,,1,4,,,0,N,,Y,,Y,N1,Y,Y,5,N1,70,N1,6,N1,Y,,3,N1,5,,1,4,,,17,,3,3,1,2,1,,22,,,1,,,,,293,,,Y,N1,A1100044,50,,,,1,,,,,,3,,,,,,,,,,,,,,,,,,,,,,,,,,,,,,,,,,,,,,,,,,,,,,
2026-10-01 01:00:01,경기도,A2100042,의료법인명지의료재단명지병원,20261001005500,031-810-5114,Y,Y,1,0,0,0,1,4,16,0,Y,Y,Y,Y,Y,Y,Y,Y,9,Y,139,Y,10,Y,Y,3,6,Y,15,0,0,3,16,3,31,28,13,0,2,6,3,5,49,4,5,8,5,2,1,2,443,4,0,Y,Y,A2100042,1,3,,,4,0,,,,,4,0,3,2,1,2,3,,,,,,2,0,0,0,,,,,,,,,,,,3,0,0,0,0,2,,,,,,,,,,,0,0,0,0
2026-10-01 01:00:01,경기도,A2100033,국민건강보험공단일산병원,20261001005503,1577-0013,Y,Y,1,0,1,2,3,0,3,1,Y,,Y,Y,Y,Y,Y,Y,10,Y,125,N1,,Y,Y,0,2,N1,23,5,2,3,19,25,,29,2,4,2,4,3,3,58,8,28,13,5,,,,659,1,0,Y,Y,A2100033,2,,0,0,0,7,,10,16,,11,28,,,,,,1,6,,,,,0,0,0,,,,,,,,,,,,,0,0,0,1,1,,,,,,,,,,,,,,
2026-10-01 01:00:01,경기도,A2100005,순천향대학교부속부천병원,20261001005121,032-621-5114,Y,Y,,,5,0,0,3,14,2,Y,Y,Y,Y,Y,Y,Y,Y,2,Y,121,Y,2,Y,Y,4,21,Y,17,5,0,0,20,24,22,34,21,7,1,4,3,5,71,9,31,17,4,3,1,1,674,,,Y,Y,A2100005,3,2,2,3,1,,,16,15,,8,,2,0,,3,,,,,,,,0,,0,,,,,,,,,,,,,0,,0,,,,,,2,,5,,,,,,0,,0
2026-10-01 01:00:01,경기도,A2100001,분당서울대학교병원,20261001005100,031-787-2114,Y,Y,,,1,2,2,1,11,1,Y,,Y,Y,Y,Y,Y,Y,-22,Y,248,Y,1,Y,Y,0,39,N1,30,5,2,3,15,35,8,30,39,3,3,11,11,11,128,17,39,16,8,8,,,1247,,,Y,Y,A2100001,4,,2,4,0,2,,13,13,,1,15,,,3,,5,3,9,0,10,,,,5,,0,,,,,6,,,,,,,,5,,,,,,,1,,2,,,,,,9,,9
2026-10-01 01:00:01,경기도,A2100030,차의과학대학교분당차병원,20261001005208,031-780-5000,Y,Y,0,,6,,,3,20,,Y,,Y,Y,Y,Y,Y,Y,11,Y,43,Y,,Y,Y,3,26,N1,22,11,,,14,35,,43,26,,8,5,3,4,40,26,46,6,2,2,,,717,2,,Y,Y,A2100030,5,1,0,4,0,3,,8,9,,4,22,2,3,0,3,2,0,6,1,7,1,1,,0,0,0,0,6,,,2,2,,,6,1,1,,0,1,,,0,0,,,,,,,,,,,,
2026-10-01 01:00:01,경기도,A2100002,아주대학교병원,20261001005354,031-219-5114,Y,Y,,,6,0,0,3,1,1,Y,,Y,Y,Y,Y,Y,Y,10,Y,65,Y,,Y,Y,0,25,N1,30,9,0,0,16,36,,42,25,8,3,8,6,9,126,27,34,32,9,7,,,792,,,Y,Y,A2100002,6,2,2,0,0,13,3,14,10,40,3,20,2,2,1,6,2,2,7,4,13,1,1,,,0,,0,0,1,2,,2,6,11,6,1,4,,,0,,,0,0,2,6,2,6,8,3,60,3,,0,,0
2026-10-01 01:00:01,경기도,A2100003,고려대학교의과대학부속안산병원,20261001005334,031-1577-7516,Y,Y,0,,4,,2,1,7,5,Y,,Y,Y,Y,Y,Y,Y,9,Y,65,Y,1,Y,Y,1,20,N1,22,4,,3,18,25,4,30,20,10,2,3,4,4,66,15,19,8,5,3,,,605,2,,Y,Y,A2100003,7,1,0,5,0,11,,11,18,,3,16,2,2,,3,,0,6,,,,,,,,,,,,,,,,,,,,,,,,,,,,,,,,,,,,,,
2026-10-01 01:00:01,경기도,A2100004,한림대학교성심병원,20261001005457,031-380-1500,Y,Y,0,,3,1,3,7,18,0,Y,Y,Y,Y,Y,Y,Y,Y,15,Y,78,Y,,Y,Y,7,19,N1,25,3,2,4,19,9,,30,19,14,2,4,3,6,102,8,10,20,14,2,1,,593,1,,Y,Y,A2100004,8,0,0,1,1,13,,27,16,,3,20,0,5,,5,,,,,,,,,,,,,,0,6,,,8,18,,,,,,,,,,,,,,,,,,,,,,
2026-10-01 01:00:01,경기도,A2100040,가톨릭대학교의정부성모병원,20261001005509,1661-7500,Y,Y,1,,11,2,4,6,10,,Y,,Y,Y,Y,Y,Y,Y,18,Y,53,Y,4,Y,Y,0,13,N1,42,11,2,4,18,15,26,30,13,,3,4,3,4,54,10,28,12,4,3,,,519,1,,Y,Y,A2100040,9,,,,0,,3,,,20,4,,,,0,,1,0,6,,,,,,,,,,,,,,,,,,,,,,,,,,,1,6,2,6,5,2,53,2,,,,
2026-10-01 01:00:01,경기도,A2100047,동국대학교일산불교병원,20261001005520,031-1577-7000,Y,Y,,,3,1,3,1,3,0,Y,,Y,Y,Y,Y,Y,Y,10,Y,112,Y,,Y,Y,7,12,N1,19,3,1,3,2,13,,3,12,0,8,2,2,2,19,13,25,4,2,1,,,460,,,Y,Y,A2100047,10,,2,1,0,7,,15,12,,4,15,,,,,,,,,,,,,,,,,,,,,,,,,,,,,,,,3,3,,,,,,,,,,,,
2026-10-01 01:00:01,경기도,A2100038,인제대학교일산백병원,20261001005232,031-910-7114,N,N,,,,3,2,,,0,Y,,Y,Y,Y,Y,Y,Y,19,Y,92,Y,,N,Y,,17,N1,34,,3,3,,,,,17,2,3,3,3,4,54,18,22,7,3,1,,,559,,,Y,N,A2100038,11,,0,0,0,2,,25,32,,4,16,,,,,,,,,,,,,,,,,,,0,,,,4,,,,,,,,,,,,,,,,,,,,,,
2026-10-01 01:00:01,경기도,A2118788,중앙대학교광명병원,20261001005508,1811-7800,Y,Y,,,,1,2,,,0,Y,,Y,Y,Y,Y,Y,Y,20,Y,81,Y,5,Y,Y,2,17,N1,21,,1,2,,16,24,,17,2,2,2,2,5,28,6,16,5,4,10,,,576,,,Y,Y,A2118788,12,0,,,2,,,,,,6,,0,0,,0,,3,5,,,,,,,,,,,3,,,,5,,,,,,,,,,,,,,,,,,,,,,,
2026-10-01 01:00:01,경기도,A2100007,광명성애병원,20261001005507,02-2680-7114,Y,Y,,7,4,1,4,,,,Y,,Y,Y,Y,Y,Y,Y,6,N1,37,N1,7,Y,Y,,5,N1,11,4,1,4,,,13,,5,,2,2,2,1,12,2,5,1,,,,,189,,50,Y,Y,A2100007,13,,,,0,,,,,,1,,,,,,,,,,,,,,,,,,,,,,,,,,,,,,,,,,,,,,,,,,,,,,
2026-10-01 01:00:01,경기도,A2100155,참조은병원,20261001005514,1600-9955,,,,,1,1,3,,,1,,,Y,Y,Y,Y,Y,Y,5,N1,21,Y,-3,N1,Y,,7,N1,9,1,1,3,,,22,,7,2,,3,3,2,18,,,3,,2,,,286,,,Y,N1,A2100155,14,,,,3,,,,,,3,,,,,,,,,,,,,,,0,,,,,,,,,,,,,,,0,,,6,6,,,,,,,,,,0,,0
2026-10-01 01:00:01,경기도,A2100039,한양대학교구리병원,20261001005259,031-1644-9118,Y,Y,,,,1,3,,,1,Y,,Y,Y,Y,Y,Y,Y,11,Y,42,Y,,Y,Y,3,9,N1,18,,1,4,,10,,,10,5,1,3,2,3,21,6,14,4,2,2,,,489,,,Y,Y,A2100039,15,,0,4,,,,17,14,,,,,,,,,,,,,,,,,,,,,,,,,,,,,,,,,,,,,,,,,,,,,,,,
2026-10-01 01:00:01,경기도,A2100054,효산의료재단지샘병원,20261001005438,031-389-3000,,,,,,2,1,,,0,,,Y,Y,Y,Y,Y,Y,16,N1,63,N1,6,N1,Y,,5,N1,18,,2,1,,,18,,7,2,,2,1,3,11,,,2,,,,,368,,,Y,N1,A2100054,16,,,,1,,,,,,1,,,,,,,,,,,,,,,,,,,,,,,,,,,,,,,,,1,1,,,,,,,,,,,,
2026-10-01 01:00:01,경기도,A2100048,원광대학교산본병원,20261001005415,031-390-2300,,,,,,0,2,,,,Y,,Y,Y,Y,Y,Y,Y,16,N1,68,N1,2,N1,Y,,5,N1,17,,1,2,,,12,,5,,1,1,1,1,1,,,2,,,,,188,,,Y,N1,A2100048,17,,,,,,,,,,,,,,,,,,,,,,,,,,,,,,,,,,,,,,,,,,,,,,,,,,,,,,,,
2026-10-01 01:00:01,경기도,A2100053,의료법인우리의료재단김포우리병원,20261001005528,031-999-1000,,,,0,,1,6,,,0,,,Y,Y,Y,Y,Y,Y,13,Y,15,Y,3,N1,Y,,7,N1,22,,1,6,,,36,,7,11,,2,2,2,48,,,4,1,2,,,477,,0,Y,N1,A2100053,18,,,,0,,,,,,1,,,,,,,,,,,,,,,0,,,,,,,,,,,,,,,0,,,,,,,,,,,,,,0,,0
2026-10-01 01:00:01,경기도,A2100006,의료법인인봉의료재단뉴고려병원,20261001005221,031-998-8129,,,,,,1,2,,,,,,Y,Y,Y,Y,Y,Y,11,N1,67,N1,0,N1,Y,,6,N1,14,,1,2,,,24,,6,,,2,2,2,7,,,1,,,,,278,,,Y,N1,A2100006,19,,,,3,,,,,,10,,,,,,,,,,,,,,,,,,,,,,,,,,,,,,,,,3,3,,,,,,,,,,,,
2026-10-01 01:00:01,경기도,A2100041,남양주한양병원,20261001005455,031-510-0114,,,,,,1,2,0,2,,,,Y,Y,Y,Y,Y,Y,17,N1,78,N1,0,N1,Y,,,Y,17,,1,2,4,,15,4,,,,2,2,1,33,,,2,,,,1,240,,,Y,N1,A2100041,20,,,,10,,,,,,20,,,,,,,,,,,,,,,,,,,,,,,,,,,,,,,,,,,,,,,,,,,,,,
2026-10-01 01:00:01,경기도,A2100037,현대병원,20261001005502,031-574-9118~9,,,,,,1,2,,,,,,Y,Y,Y,Y,Y,Y,11,N1,64,Y,0,N1,Y,,7,N1,17,,1,2,,,19,,7,,,2,2,2,50,,,17,,2,,,342,,,Y,N1,A2100037,21,,,,1,,,,,,20,,,,,,,,,,,,,,,,,,,,,,,,,,,,,,,,,,,,,,,,,,,,,,
2026-10-01 01:00:01,경기도,A2100055,부천세종병원,20261001005511,1599-6677,Y,Y,,,,1,2,0,0,3,Y,,Y,Y,Y,Y,Y,Y,16,Y,78,Y,1,Y,Y,,6,N1,17,,1,2,2,,20,3,6,6,1,2,1,5,18,1,1,5,4,1,,,268,,,Y,Y,A2100055,22,,,,0,,,,,,2,,,,,,,,,,,,,,,,,,,,,,,,,,,,,,,,,,,,,,,,,,,,,,
2026-10-01 01:00:01,경기도,A2100052,가톨릭대학교부천성모병원,20261001005508,032-1577-0675,Y,Y,,,,2,0,,,3,Y,,Y,Y,Y,Y,Y,Y,21,Y,65,Y,,Y,Y,8,14,N1,31,,2,1,,10,,,14,4,3,3,3,3,28,4,14,11,1,2,,,562,,,Y,Y,A2100052,23,,1,1,1,,,16,12,,4,,,,,,,,,8,18,,,,,,,,,,,,,,,,,,,,,,,3,3,,,,,,,,,,,,
2026-10-01 01:00:01,경기도,A2100025,대진의료재단분당제생병원,20261001005501,031-779-0114,Y,Y,,,3,1,2,1,1,0,Y,Y,Y,Y,Y,Y,Y,Y,3,Y,61,Y,,Y,Y,2,9,N1,24,3,1,2,2,3,,3,9,2,2,4,3,3,22,1,5,5,2,3,1,,481,,,Y,Y,A2100025,24,,5,4,2,,,10,13,,4,,,,,,,,,,,,,,7,,,,,,,,,,,,,,,7,,,,,,,,,,,,,,,,,
2026-10-01 01:00:01,경기도,A2116806,성남시의료원,20261001005501,031-738-7000,,,,,6,2,4,2,3,28,,,Y,Y,Y,Y,Y,Y,12,Y,88,Y,,N1,Y,,8,Y,17,6,2,4,2,,,4,8,28,,3,2,2,31,,,6,3,1,,2,237,,,Y,N1,A2116806,25,,,16,5,,,,23,,5,,,,,,,,,,,,,,,,,,,,,,,,,,,,,,,,,,,,,,,,,,,,,,
2026-10-01 01:00:01,경기도,A2117135,의료법인명인의료재단화홍병원,20261001004543,031-278-0119,Y,,,,,2,3,,,,,,Y,,Y,N1,N1,Y,11,Y,31,N1,7,N1,Y,,6,Y,15,,2,3,,,29,,6,,,2,2,,4,1,,,1,,,1,228,,,Y,Y,A2117135,26,,,,0,,,,,,1,,,,,,,,,,,,,,,,,,,,,,,,,,,,,,,,,,,,,,,,,,,,,,
2026-10-01 01:00:01,경기도,A2100009,의료법인녹산의료재단동수원병원,20261001005259,031-210-0114,,Y,,,,1,2,0,2,0,Y,,Y,Y,Y,Y,Y,Y,14,N1,74,N1,8,Y,Y,,5,N1,17,,1,2,2,,18,4,5,1,1,2,2,1,15,,4,1,,,,,335,,,Y,N1,A2100009,27,,,,0,,,,,,3,,,,,,,,,,,,,,,,,,,,,,,,,,,,,,,,,,,,,,,,,,,,,,
2026-10-01 01:00:01,경기도,A2100012,가톨릭대학교성빈센트병원,20261001005508,031-1577-8588,Y,Y,,,3,2,2,2,3,0,Y,,Y,Y,Y,Y,Y,Y,17,Y,59,Y,,Y,Y,1,19,N1,28,6,2,2,4,18,,8,19,11,2,5,4,6,52,7,18,12,4,4,,,650,,,Y,Y,A2100012,28,,4,5,1,7,,20,11,,5,30,,,,,,4,8,2,15,1,1,,,,,2,6,,4,,2,,8,6,1,1,,,,,,,,,,,,,,,,,,,
2026-10-01 01:00:01,경기도,A2100008,의료법인남촌의료재단시화병원,20261001005522,031-1811-7000,,,,,5,1,5,,,1,Y,,Y,Y,Y,Y,Y,Y,13,Y,56,N1,19,N1,Y,,7,N1,16,5,1,5,,,52,,7,1,1,3,3,2,29,,,4,2,,,,461,,,Y,N1,A2100008,29,,,,1,,,,,,1,,,,,,,,,,,,,,,,,,,,,,,,,,,,,,,,,,,,,,,,,,,,,,
2026-10-01 01:00:01,경기도,A2100017,대아의료재단한도병원,20261001005408,031-8040-1114,,,,,,1,2,,,,,,Y,Y,Y,Y,Y,Y,16,N1,41,N1,9,N1,Y,,4,N1,17,,1,2,,,29,,6,,,3,2,2,15,,,3,,,,,327,,,Y,N1,A2100017,30,,,,0,,,,,,1,,,,,,,,,,,,,,,,,,,,,,,,,,,,,,,,,,,,,,,,,,,,,,
2026-10-01 01:00:01,경기도,A2100015,효산의료재단안양샘병원,20261001005252,031-467-9114,,,,,,1,2,,,,,,Y,Y,Y,Y,Y,Y,13,Y,74,N1,,N1,Y,,6,N1,17,,1,2,,,,,6,,,2,1,2,12,,,2,1,,,,307,,,Y,N1,A2100015,31,,4,0,1,,,9,9,,1,,,,,,,,,,,,,,,,,,,,,,,,,,,,,,,,,,,,,,,,,,,,,,
2026-10-01 01:00:01,경기도,A2100024,오산한국병원,20261001005411,031-379-8300,,,,,,1,2,2,3,0,,,Y,Y,Y,Y,Y,Y,15,N1,46,Y,3,N1,Y,,5,N1,17,,1,2,2,,32,3,5,2,,2,2,2,17,,,2,,1,,,259,,,Y,N1,A2100024,32,,,,0,,,,,,1,,,,,,,,,,,,,,,,,,,,,,,,,,,,,,,,,,,,,,,,,,,,,,
2026-10-01 01:00:01,경기도,A2100020,연세대학교의과대학용인세브란스병원,20261001005137,1899-1004,Y,Y,,,6,1,3,,,2,Y,,Y,Y,Y,Y,Y,Y,10,Y,87,Y,,Y,Y,1,15,N1,16,6,1,3,,12,,,15,4,2,3,3,4,31,6,18,6,3,4,,,597,,,Y,Y,A2100020,33,,1,0,1,,,19,16,,2,,,,,,,,,,,,,,,,,,,,,,,,,,,,,,,,,,,,,,,,,,,,,,
2026-10-01 01:00:01,경기도,A2100029,강남병원,20261001005340,031-300-0114,,,,,,1,2,2,3,,,,Y,,Y,N1,Y,Y,13,N1,48,N1,11,N1,Y,,4,N1,17,,1,2,2,,30,3,4,,,2,2,,7,,,2,,,,,264,,,Y,N1,A2100029,34,,,,0,,,,,,1,,,,,,,,,,,,,,,,,,,,,,,,,,,,,,,,,,,,,,,,,,,,,,
2026-10-01 01:00:01,경기도,A2100019,(의)영문의료재단다보스병원,20261001005308,031-8021-2114,,,,,,1,2,1,0,,,,Y,Y,Y,Y,Y,Y,10,N1,1,N1,-1,N1,Y,,6,N1,13,,1,2,2,,23,3,6,,,1,1,1,7,,,2,,,,,222,,,Y,N1,A2100019,35,,,,0,,,,,,1,,,,,,,,,,,,,,,,,,,,,,,,,,,,,,,,,4,4,,,,,,,,,,,,
2026-10-01 01:00:01,경기도,A2117994,학교법인을지학원의정부을지대학교병원,20261001005100,031-951-1000,Y,Y,,,0,1,2,,,0,Y,,Y,Y,Y,Y,Y,Y,15,Y,170,Y,,Y,Y,2,12,N1,30,0,1,2,,5,,,14,6,8,3,3,4,48,5,5,6,3,2,,,588,,,Y,Y,A2117994,36,,9,5,2,12,,28,21,,2,22,,,,,,,,,,,,,,,,,,,,,,,,,,,,,,,,0,0,0,0,0,0,,,,,,,,
2026-10-01 01:00:01,경기도,A2100193,경기도의료원이천병원,20261001005401,031-630-4200,,,,,,1,1,2,1,6,,,Y,,Y,N1,N1,Y,13,N1,45,N1,2,N1,Y,,4,N1,17,,1,2,2,,6,3,4,6,,1,1,,8,,,,,,,,187,,,Y,N1,A2100193,37,,,,2,,,,,,2,,,,,,,,,,,,,,,,,,,,,,,,,,,,,,,,,,,,,,,,,,,,,,
2026-10-01 01:00:01,경기도,A2100035,경기도의료원파주병원,20261001005401,031-940-9100,,,,,,1,2,0,2,,Y,,Y,,Y,N1,N1,Y,17,N1,77,N1,5,N1,Y,,3,N1,17,,1,2,2,,8,3,3,,1,1,1,,9,,,,,,,,189,,,Y,N1,A2100035,38,,,,,,,,,,,,,,,,,,,,,,,,,,,,,,,,,,,,,,,,,,,,,,,,,,,,,,,,
2026-10-01 01:00:01,경기도,A2100028,의료법인백송의료재단굿모닝병원,20261001005502,031-5182-7700,,,,,,2,1,,,,,,Y,Y,Y,Y,Y,Y,9,Y,22,N1,3,N1,Y,,6,Y,19,,2,1,,,27,,7,,,5,3,3,23,,,5,3,,,1,392,,,Y,N1,A2100028,39,,,,1,,,,,,3,,,,,,,,,,,,,,,,,,,,,,,,,,,,,,,,,6,6,,,,,,,,,,,,
2026-10-01 01:00:01,경기도,A2113246,의료법인양진의료재단평택성모병원,20261001005255,031--1800-8800,,,,0,,1,2,2,2,,,,Y,Y,Y,Y,Y,Y,13,N1,51,N1,3,N1,Y,,6,N1,17,,1,2,2,,34,3,6,,,3,3,2,8,,,2,,,,,329,,0,Y,N1,A2113246,40,,,,2,,,,,,2,,,,,,,,,,,,,,,,,,,,,,,,,,,,,,,,,,,,,,,,,,,,,,
2026-10-01 01:00:01,경기도,A2100031,경기도의료원포천병원,20261001005502,031-539-9114,,Y,,,,1,2,2,3,1,Y,,Y,,Y,N1,N1,Y,17,N1,48,N1,1,Y,Y,,4,N1,17,,1,2,2,,8,3,4,3,3,1,1,,7,,2,,,,,,134,,,Y,N1,A2100031,41,,,,0,,,,,,0,,,,,,,,,,,,,,,,,,,,,,,,,,,,,,,,,,,,,,,,,,,,,,
2026-10-01 01:00:01,경기도,A2100046,한림대학교동탄성심병원,20261001005102,031-8086-3000,Y,Y,,,9,,,,,2,Y,Y,Y,Y,Y,Y,Y,Y,23,Y,131,Y,,Y,Y,11,20,Y,32,9,,,,13,,,20,11,1,6,3,6,51,8,16,17,5,5,1,1,535,,,Y,Y,A2100046,42,1,11,0,8,,,28,13,,11,,1,2,,2,,0,9,,,,,,,,,,,8,,,,13,,,,,,,,,,,,,,,,,,,,,,,
2026-10-01 01:00:01,경기도,A2100290,의료법인자인의료재단더자인병원,20261001005449,031-930-3114,,,,,,2,2,0,0,,,,Y,Y,Y,Y,Y,Y,15,N1,50,N1,4,N1,N,,5,N1,16,,2,2,2,,9,3,5,,,2,2,1,15,,,1,,,,,234,,,Y,N1,A2100290,43,,,,0,,,,,,3,,,,,,,,,,,,,,,,,,,,,,,,,,,,,,,,,,,,,,,,,,,,,,
2026-10-01 01:00:01,경기도,A2100049,국립암센터,20261001005200,031-920-0114,,N,,,,,0,,,,,,Y,Y,Y,Y,Y,Y,1,Y,58,Y,11,N,Y,,18,N1,24,,,1,,,19,,18,,,7,5,3,29,,1,8,2,7,,,554,,,Y,N1,A2100049,44,,,,8,,,,,,9,,,,,,,,,,,,,,,,,,,,,,,,,,,,,,,,,,,,,,,,,,,,,,
2026-10-01 01:00:01,경기도,A2116972,의료법인성광의료재단일산차병원,20261001005259,031-782-8300,Y,Y,,,,,4,,,1,Y,,,,Y,N1,N1,N1,6,N1,25,N1,4,Y,N1,0,10,N1,6,,,4,,17,4,,10,1,9,,,,4,11,19,,,,,,179,,,Y,Y,A2116972,45,,,,1,,,,,,1,,,,,,,,,,,,,,,,,,,,,,,,,,,,,,,,,,,,,,,,,,,,,,
2026-10-01 01:00:01,경기도,A2118188,엘병원,20261001005320,1899-3377,,,,,,,2,,,0,,,Y,,Y,N1,N1,Y,6,N1,39,N1,3,N1,Y,,3,N1,8,,,2,,,8,,3,1,,1,1,,2,,,,,,,,146,,,Y,N1,A2118188,46,,,,0,,,,,,1,,,,,,,,,,,,,,,,,,,,,,,,,,,,,,,,,,,,,,,,,,,,,,
2026-10-01 01:00:01,경기도,A2100050,의료법인대인의료재단다니엘종합병원,20261001005502,032-670-0001,,,,,,1,3,,,,,,Y,,Y,N1,N,Y,5,N1,25,N1,5,N1,Y,,3,N1,6,,1,3,,,30,,3,,,1,1,,17,,,1,,,,,169,,,Y,N1,A2100050,47,,,,0,,,,,,1,,,,,,,,,,,,,,,,,,,,,,,,,,,,,,,,,,,,,,,,,,,,,,
2026-10-01 01:00:01,경기도,A2100258,국군수도병원,20261001005015,031-725-6075,,,,,,0,,,,,,,Y,Y,Y,Y,Y,Y,16,Y,170,N1,5,N1,Y,,9,N1,16,,2,,,,12,,9,,,3,4,2,2,,,5,2,,,,530,,,Y,N1,A2100258,48,,,,1,9,14,,,20,1,15,,,,,,,,,,,,,,6,,,,,,,,,,,,,,,6,,,,,,,,,9,,40,,,2,,2
2026-10-01 01:00:01,경기도,A2100016,순천의료재단성남정병원,20261001005108,031-750-6000,,,,,,2,,,,,,,Y,,Y,N1,N1,Y,7,N1,77,N1,,N1,Y,,4,N1,9,,2,,,,,,4,,,1,1,,1,,,,,,,,98,,,Y,N1,A2100016,49,,,,,,,,,,,,,,,,,,,,,,,0,,33,,,,,,,,,,,,,0,,105,,,,,,,,,,,,,,,,
2026-10-01 01:00:01,경기도,A2121061,의료법인덕산의료재단수원덕산병원,20261001005504,031-686-2000,N,Y,,,3,1,2,1,1,0,Y,,Y,Y,Y,Y,Y,Y,24,Y,55,N1,5,Y,Y,,9,N1,24,3,1,2,2,,22,4,9,5,5,3,2,2,15,N,2,5,2,,,,403,,,Y,N,A2121061,50,,,,2,,,,,,3,,,,,,,,,,,,,,,,,,,,,,,,,,,,,,,,,,,,,,,,,,,,,,
2026-10-01 01:00:01,경기도,A2100032,경기도의료원수원병원,20261001005502,031-888-0114,,,,,,,2,,,2,,,Y,,Y,N1,N1,Y,7,N1,69,N1,8,N1,Y,,3,N1,8,,,2,,,9,,3,2,,1,1,,9,,,,,,,,156,,,Y,N1,A2100032,51,,,,,,,,,,,,,,,,,,,,,,,,,,,,,,,,,,,,,,,,,,,3,3,,,,,,,,,,,,
2026-10-01 01:00:01,경기도,A2100175,의료법인토마스의료재단윌스기념병원,20261001005409,031-223-2233,,,,,,1,2,0,0,,Y,,Y,Y,Y,Y,Y,Y,12,N1,30,N1,4,N1,Y,,10,N1,18,,1,2,2,,16,3,10,,1,1,4,1,1,,,1,,,,,275,,,Y,N1,A2100175,52,,,,1,,,,,,1,,,,,,,,,,,,,,,,,,,,,,,,,,,,,,,,,,,,,,,,,,,,,,
2026-10-01 01:00:01,경기도,A2100027,의료법인석경의료재단센트럴병원,20261001005242,031-8041-3000,,,,,,1,2,,,,,,Y,,Y,N1,Y,Y,18,N1,70,N1,0,N1,Y,,3,N1,18,,1,2,,,21,,3,,,2,2,,7,,,2,,,,,239,,,Y,N1,A2100027,53,,,,,,,,,,,,,,,,,,,,,,,,,,,,,,,,,,,,,,,,,,,,,,,,,,,,,,,,
2026-10-01 01:00:01,경기도,A2100013,의료법인록향의료재단신천연합병원,20261001005004,031-310-6300,,,,,,,1,,,,,,Y,,Y,N1,Y,Y,9,N1,16,N1,3,N1,Y,,3,N1,10,,,1,,,6,,3,,,1,1,,4,,,1,,,,,112,,,Y,N1,A2100013,54,,,,1,,,,,,1,,,,,,,,,,,,,,,,,,,,,,,,,,,,,,,,,,,,,,,,,,,,,,
2026-10-01 01:00:01,경기도,A2100021,의료법인플러스의료재단단원병원,20261001005555,031-8040-6600,,,,,,1,2,,,,,,Y,Y,Y,Y,Y,Y,16,Y,22,N1,4,N1,Y,,5,N1,17,,1,2,,,27,,5,,,1,1,2,8,,,2,1,,,,303,,,Y,N1,A2100021,55,,,,0,,,,,,1,,,,,,,,,,,,,,0,,,,,,,,,,,,,,,1,,,,,,,,,,,,,,,,,
2026-10-01 01:00:01,경기도,A2100014,근로복지공단안산병원,20261001005200,031-500-1114,,,,,,,1,,,1,,,Y,,Y,N1,N1,Y,7,N1,98,N1,13,N1,Y,,3,N1,7,,,1,,,18,,3,2,,1,1,,14,,,,,,,,359,,,Y,N1,A2100014,56,,,,1,,,,,,1,,,,,,,,,,,,,,,,,,,,,,,,,,,,,,,,,,,,,,,,,,,,,,
2026-10-01 01:00:01,경기도,A2100124,의료법인칠석의료재단사랑의병원,20261001004607,031-439-3000,,,,,,1,,,,,,,Y,,Y,N1,Y,Y,10,N1,26,N1,0,N1,Y,,5,N1,13,,1,,,,14,,5,,,2,2,,8,,,1,,,,,206,,,Y,N1,A2100124,57,,,,,,,,,,,,,,,,,,,,,,,,,,,,,,,,,,,,,,,,,,,,,,,,,,,,,,,,
2026-10-01 01:00:01,경기도,A2100045,경기도의료원안성병원,20261001005502,031-8046-5000,,,,,,1,,,,8,,,Y,,Y,N1,N1,Y,12,N1,107,N1,10,N1,Y,,5,N1,14,,1,,,,13,,5,8,,1,1,,8,,,,,,,,178,,,Y,N1,A2100045,58,,,,2,,,,,,2,,,,,,,,,,,,,,,,,,,,,,,,,,,,,,,,,,,,,,,,,,,,,,
2026-10-01 01:00:01,경기도,A2100305,안성성모병원,20261001005357,031-675-6007,,,,,,,1,,,,,,Y,,Y,N1,N1,Y,8,N1,81,N1,4,N1,Y,,3,N1,9,,,1,,,20,,3,,,1,1,,7,,,,,,,,188,,,Y,N1,A2100305,59,,,,,,,,,,,,,,,,,,,,,,,,,,,,,,,,,,,,,,,,,,,,,,,,,,,,,,,,
2026-10-01 01:00:01,경기도,A2100089,양평병원,20261001005001,031-770-5000,N,N,,,,,1,,,,N,N,Y,N,Y,N,N,Y,8,N,18,N,,N,Y,,3,N,9,,,1,,,,,3,,0,1,1,0,1,0,0,0,0,0,0,0,90,,,Y,N,A2100089,60,,,,,,,,,,,,,,,,,,,,,,,,,,,,,,,,,,,,,,,,,,,,,,,,,,,,,,,,
2026-10-01 01:00:01,경기도,A2100194,세종여주병원,20261001005509,031-880-7700,,,,,,,4,,,,,,Y,,Y,N1,Y,Y,2,N1,120,N1,,N1,Y,,2,N1,6,,,4,,,,,2,,,1,1,,4,,,2,,,,,211,,,Y,N1,A2100194,61,,,,,,,,,,,,,2,,3,,,,,,,,,,,,,,,,,,,,,,,,,,,,2,3,,,,,,,,,,,,
2026-10-01 01:00:01,경기도,E2100187,연천군보건의료원,20261001005316,031-839-4001,,,,,,,,,,,,,Y,,Y,N1,N1,Y,10,N1,50,N1,,N1,N1,,2,N1,10,,,,,,,,2,,,1,,,1,,,,,,,,52,,,Y,N1,E2100187,62,,,,,,,,,,,,,,,,,,,,,,,,,,,,,,,,,,,,,,,,,,,,,,,,,,,,,,,,
2026-10-01 01:00:01,경기도,A2100122,(의)효심의료재단용인서울병원,20261001005335,031-337-0114,,,,,,,,,,,,,Y,,Y,N1,N1,Y,9,N1,133,N1,,N1,Y,,3,N1,10,,,,,,,,3,,,1,1,,1,,,,,,,,201,,,Y,N1,A2100122,63,,,,,,,,,,,,,,,,,,,,,,,,,,,,,,,,,,,,,,,,,,,,,,,,,,,,,,,,
2026-10-01 01:00:01,경기도,A2121142,메디필드한강병원,20261001005408,031-1551-0077,,,,,,1,2,,,1,,,Y,Y,Y,Y,Y,Y,17,N1,142,N1,4,N1,Y,,6,N1,17,,1,2,,,15,,6,1,,3,2,1,13,,,2,,,,,192,,,Y,N1,A2121142,64,,,,1,,,,,,1,,,,,,,,,,,,,,,,,,,,,,,,,,,,,,,,,,,,,,,,,,,,,,
2026-10-01 01:00:01,경기도,A2100034,의료법인영동의료재단의정부백병원,20261001005522,031-856-8111,,,,,,,2,,,,,,Y,,Y,N1,N1,Y,8,N1,99,N1,3,N1,Y,,3,N1,10,,,2,,,9,,3,,,1,1,,1,,,,,,,,192,,,Y,N1,A2100034,65,,,,,,,,,,,,,,,,,,,,,,,,,,,,,,,,,,,,,,,,,,,,,,,,,,,,,,,,
2026-10-01 01:00:01,경기도,A2100150,추병원,20261001005128,031-845-7777,,,,,,1,1,,,,,,Y,Y,Y,Y,N1,Y,12,N1,46,N1,4,N1,N,,3,N1,12,,1,1,,,15,,3,,,2,1,1,1,,,,,,,,210,,,Y,N1,A2100150,66,,,,,,,,,,,,,,,,,,,,,,,,,,,,,,,,,,,,,,,,,,,,,,,,,,,,,,,,
2026-10-01 01:00:01,경기도,A2100043,경기도의료원의정부병원,20261001005501,0318285000,,,,0,,1,,,,2,,,Y,,Y,N1,N1,Y,10,N1,37,N1,2,N1,N1,,3,N1,10,,1,,,,6,,3,5,,1,,,8,,,,,,,,86,,0,Y,N1,A2100043,67,,,,,43,,,,,,70,,,,,,,,,,,,,,,,,,,,,,,,,,,,,,,,,,,,,,,,,,,,,
2026-10-01 01:00:01,경기도,A2100131,메디인병원,20261001005534,0319431191,,,,,,,2,,,,,,Y,Y,Y,Y,N1,Y,11,N1,45,N1,,N1,Y,,4,N1,12,,,2,,,,,4,,,1,1,1,2,,,,,,,,206,,,Y,N1,A2100131,68,,,,,,,,,,,,,,,,,,,,,,,,,,,,,,,,,,,,,,,,,,,,,,,,,,,,,,,,
2026-10-01 01:00:01,경기도,A2100309,의료법인갈렌의료재단박병원,20261001005503,031-666-2600,,,,,,,1,,,,,,Y,,Y,N1,N1,Y,8,N1,40,N1,1,N1,Y,,2,N1,10,,,1,,,10,,2,,,1,2,,3,,,,,,,,143,,,Y,N1,A2100309,69,,,,,,,,,,,,,,,,,,,,,,,,,,,,,,,,,,,,,,,,,,,,,,,,,,,,,,,,
2026-10-01 01:00:01,경기도,A2100022,의료법인박애의료재단박애병원,20261001005445,031-652-2121,,,,,,,1,,,,,,Y,,Y,N1,Y,Y,10,N1,96,N1,5,N1,Y,,5,N1,10,,,1,,,10,,5,,,2,1,,20,,,2,,,,,193,,,Y,N1,A2100022,70,,,,,,,,,,,,,,,,,,,,,,,,,,,,,,,,,,,,,,,,,,,,,,,,,,,,,,,,
2026-10-01 01:00:01,경기도,A2100036,의료법인 일심의료재단 포천우리병원,20261001005303,031-542-0222,,,,,,1,3,,,2,,,Y,Y,Y,Y,Y,Y,17,N1,61,N1,9,N1,Y,,5,N1,18,,1,3,,,18,,5,2,,2,2,1,14,,,3,,,,,201,,,Y,N1,A2100036,71,,,,2,,,,,,2,,,,,,,,,,,,,,,,,,,,,,,,,,,,,,,,,,,,,,,,,,,,,,
2026-10-01 01:00:01,경기도,A2100018,의료법인은혜와감사의료재단화성중앙종합병원,20261001005404,031-352-8114,,,,,,,1,,,,,,Y,,Y,N1,N1,Y,9,N1,75,N1,8,N1,Y,,3,N1,9,,,1,,,8,,3,,,1,1,,3,,,,,,,,131,,,Y,N1,A2100018,72,,,,,,,,,,,,,,,,,,,,,,,,,,,,,,,,,,,,,,,,,,,,,,,,,,,,,,,,
2026-10-01 01:00:01,경기도,A2115699,의료법인원광의료재단원광종합병원,20261001004835,031-8077-7200,,,,,,1,,,,,,,Y,,Y,N1,N1,Y,9,N1,27,N1,3,N1,Y,,4,N1,9,,1,,,,9,,4,,,1,2,,4,,,,,,,,135,,,Y,N1,A2115699,73,,,,,,,,,,,,,,,,,,,,,,,,,,,,,,,,,,,,,,,,,,,,,,,,,,,,,,,,
2026-10-01 01:00:01,인천광역시,A1400001,의료법인 길의료재단 길병원,20261001005436,1577-2299,Y,Y,,,9,,,0,10,12,Y,,Y,Y,Y,Y,Y,Y,-1,Y,258,Y,,Y,Y,0,3,Y,23,9,,,18,30,,30,3,13,3,6,6,7,113,19,40,19,10,6,,1,995,,,Y,Y,A1400001,1,2,0,0,1,10,2,22,11,18,9,18,2,0,0,3,2,0,6,0,14,1,1,,,1,,2,3,,1,,2,,4,6,1,1,,,3,,,,,2,6,2,6,7,2,47,2,,,,
2026-10-01 01:00:01,인천광역시,A1400002,인하대학교의과대학부속병원,20261001005233,032-890-2114,Y,Y,,,4,2,2,0,0,2,Y,Y,Y,Y,Y,Y,Y,Y,4,Y,72,Y,0,Y,Y,3,16,Y,20,7,2,5,20,26,23,30,16,7,4,6,3,5,109,17,27,13,9,7,1,2,681,,,Y,Y,A1400002,2,,0,0,0,12,,25,13,,3,15,,,,,,0,7,,,1,1,,,,0,0,3,,,3,2,,,6,1,1,,,,,,,,,,,,,,,,,,,
2026-10-01 01:00:01,인천광역시,A1400010,검단탑병원,20261001005458,032-590-0114,,,,,,1,2,2,1,0,,,Y,Y,Y,Y,Y,Y,14,N1,27,N1,7,N1,Y,,6,N1,18,,1,2,2,,13,5,6,2,,2,2,1,11,,,1,,,,,274,,,Y,N1,A1400010,3,,,,0,,,,,,3,,,,,,,,,,,,,,,,,,,,,,,,,,,,,,,,,,,,,,,,,,,,,,
2026-10-01 01:00:01,인천광역시,A1403372,인천세종병원,20261001005509,032-240-8000,,,,,,3,,0,0,2,,,Y,Y,Y,Y,Y,Y,13,Y,21,Y,4,N1,Y,,7,N1,18,,3,,2,,20,3,7,6,,2,2,3,13,,,4,5,1,,,274,,,Y,N1,A1403372,4,,,,2,,,,,,2,,,,,,,,,,,,,,,,,,,,,,,,,,,,,,,,,,,,,,,,,,,,,,
2026-10-01 01:00:01,인천광역시,A1400014,의료법인인성의료재단한림병원,20261001005334,032-540-9114,,,,,,2,2,,,1,Y,,Y,Y,Y,Y,Y,Y,16,Y,48,N1,6,N1,Y,,6,N1,17,,2,2,,,21,,6,2,1,3,2,2,20,,,3,3,,,,391,,,Y,N1,A1400014,5,,,,2,,,,,,2,,,,,,,,,,,,,,,,,,,,,,,,,,,,,,,,,,,,,,,,,,,,,,
2026-10-01 01:00:01,인천광역시,A1400016,인천사랑병원,20261001005452,032-425-2001,,Y,,,,1,2,1,2,0,Y,,Y,Y,Y,Y,Y,Y,7,N1,49,Y,0,Y,Y,,7,N1,14,,1,2,2,,14,3,7,1,1,2,1,1,12,,1,2,,1,,,277,,,Y,N1,A1400016,6,,,,1,,,,,,1,,,,,,,,,,,,,,,,,,,,,,,,,,,,,,,,,4,4,,,,,,,,,,,,
2026-10-01 01:00:01,인천광역시,A1400012,가톨릭대학교 인천성모병원,20261001005509,032-280-6364,Y,Y,,,1,3,3,7,,2,Y,,Y,Y,Y,Y,Y,Y,-1,Y,29,Y,,Y,Y,0,17,N1,19,4,3,5,12,13,,,17,9,1,4,4,5,53,5,14,11,5,4,,,579,,,Y,Y,A1400012,7,,0,4,2,,,15,18,,11,,,,,,,0,8,3,15,,,,,,,,,,,,,,,,,,,,,,,,,,,,,,,,,,,,
2026-10-01 01:00:01,인천광역시,A1400013,안은의료재단 부평세림병원,20261001005435,032-509-5555,,,,,,1,3,2,3,0,,,Y,Y,Y,Y,Y,Y,11,Y,13,N1,4,N1,Y,,4,N1,16,,1,3,2,,11,3,4,2,,3,2,1,9,,,1,1,,,,234,,,Y,N1,A1400013,8,,,,0,,,,,,2,,,,,,,,,,,,,,,,,,,,,,,,,,,,,,,,,,,,,,,,,,,,,,
2026-10-01 01:00:01,인천광역시,A1400015,가톨릭관동대학교국제성모병원,20261001005314,1600-8291,Y,Y,,,2,0,0,,,3,Y,,Y,Y,Y,Y,Y,Y,13,N,96,Y,,Y,Y,4,11,N1,23,3,0,0,,4,,,11,3,2,3,2,3,34,2,11,6,2,1,,,641,,,Y,Y,A1400015,9,5,0,,,5,,40,,,,11,5,0,,0,,,,-4,13,,,,18,,,,,,,,,,,,,,,21,,,,,,,,,,,,,,,,,
2026-10-01 01:00:01,인천광역시,A1400003,의료법인 루가의료재단 나은병원,20261001005134,032-584-0114,,Y,,,,1,2,,,9,Y,,Y,Y,Y,Y,Y,Y,6,Y,105,Y,,Y,Y,,10,N1,11,,1,2,,,,,10,9,1,2,2,3,17,,1,3,1,1,,,367,,,Y,N1,A1400003,10,,4,4,3,,,14,13,,3,,,,,,,,,,,,,,,,,,,,,,,,,,,,,,,,,6,6,,,,,,,,,,,,
2026-10-01 01:00:01,인천광역시,A1400011,의료법인 나사렛의료재단 나사렛국제병원,20261001005259,032-899-9999,,,,,,1,2,2,0,0,,,Y,Y,Y,Y,Y,Y,6,N1,31,N1,7,N1,Y,,5,N1,17,,1,2,2,,16,3,5,1,,2,2,2,8,,,2,,,,,276,,,Y,N1,A1400011,11,,,,0,,,,,,1,,,,,,,,,,,,,,,,,,,,,,,,,,,,,,,,,,,,,,,,,,,,,,
2026-10-01 01:00:01,인천광역시,A1403617,비에스종합병원,20261001005127,032-290-0001,,Y,,,,1,,,,,Y,,Y,Y,Y,Y,Y,Y,9,N1,88,N1,4,Y,N1,0,2,N1,10,,1,,,1,18,,2,,1,1,,1,6,,1,1,,,,,180,,,Y,N1,A1403617,12,,,,0,,,,,,1,,,,,,,,,,,,,,,,,,,,,,,,,,,,,,,,,,,,,,,,,,,,,,
2026-10-01 01:00:01,인천광역시,A1400005,온누리병원,20261001005343,032-567-6200,,,,,,1,1,,,,,,Y,,Y,N1,N1,Y,8,N1,34,N1,,N1,Y,,3,N1,10,,1,1,,,,,3,,,1,1,,5,,,,,,,,190,,,Y,N1,A1400005,13,,,,,,,,,,,,,,,,,,,,,,,,,,,,,,,,,,,,,,,,,,,,,,,,,,,,,,,,
2026-10-01 01:00:01,인천광역시,A1403871,인천힘찬종합병원,20261001005059,032-1899-2220,,,,,,1,2,1,4,,,,Y,,Y,N1,N1,Y,15,N1,81,N1,3,N1,Y,,7,N1,17,,1,2,2,,6,4,7,,,2,2,,4,,,,,,,,231,,,Y,N1,A1403871,14,,,,0,,,,,,1,,,,,,,,,,,,,,,,,,,,,,,,,,,,,,,,,,,,,,,,,,,,,,
2026-10-01 01:00:01,인천광역시,A1400004,현대유비스병원,20261001005020,032-888-7575,,,,,,1,,,,,,,Y,Y,Y,Y,Y,Y,19,N1,25,N1,3,N1,Y,,6,N1,19,,1,,,,13,,6,,,2,2,1,8,,,2,,,,,285,,,Y,N1,A1400004,15,,,,0,,,,,,1,,,,,,,,,,,,,,,,,,,,,,,,,,,,,,,,,,,,,,,,,,,,,,
2026-10-01 01:00:01,인천광역시,A1400008,(의)성세의료재단 뉴성민병원,20261001005404,032-726-1000,,,,,,,1,,,,,,Y,,Y,N1,Y,Y,9,N1,116,N1,10,N1,Y,,6,Y,9,,,1,,,17,,6,,,2,2,,11,,,2,,,,1,265,,,Y,N1,A1400008,16,,,,2,,,,,,2,,,,,,,,,,,,,,,0,,,,,,,,,,,,,,,0,,,,,,,,,,,,,,,,
2026-10-01 01:00:01,인천광역시,A1400018,인천적십자병원,20261001005335,032-899-4000,,,,,,1,1,,,,,,Y,,Y,N1,N1,Y,7,N1,72,N1,1,N1,Y,,3,N1,8,,1,1,,,8,,3,,,1,1,,2,,,,,,,,104,,,Y,N1,A1400018,17,,,,,,,,,,,,,,,,,,,,,,,,,,,,,,,,,,,,,,,,,,,,,,,,,,,,,,,,
2026-10-01 01:00:01,인천광역시,A1400037,인천광역시의료원백령병원,20261001005502,032-836-1731,Y,Y,,,,,1,,,,,,Y,,Y,N1,N1,Y,5,N1,30,N1,,Y,N1,,1,N1,5,,,1,,,,,1,,,1,,,1,1,2,,,,,,30,,,Y,Y,A1400037,18,,,,,,,,,,,,,,,,,,,,,,,,,,,,,,,,,,,,,,,,,,,,,,,,,,,,,,,,
2026-10-01 01:00:01,인천광역시,A1400009,인천기독병원,20261001005052,032-270-8000,,,,,,,1,,,,,,Y,,Y,N1,N1,Y,7,N1,38,N1,10,N1,Y,,4,N1,8,,,1,,,10,,4,,,1,1,,1,,,,,,,,139,,,Y,N1,A1400009,19,,,,,,,,,,,,,,,,,,,,,,,,,,,,,,,,,,,,,,,,,,,,,,1,,1,,,,,,,,
2026-10-01 01:00:01,인천광역시,A1400017,인천광역시의료원,20261001005502,032-580-6000,,,,,,2,,,,7,,,Y,,Y,N1,N1,Y,15,N1,48,N1,0,N1,Y,,6,N1,15,,2,,,,13,,6,7,,1,1,,19,,,,,,,,198,,,Y,N1,A1400017,20,,,,0,28,,,,,0,45,,,,,,,,,,,,,,,,,,,,,,,,,,,,,,,,,,,,,,,,,,,,,
2026-10-01 01:00:01,인천광역시,A1400007,의료법인 성수의료재단 인천백병원,20261001005518,032)765-7070,,,,,,,1,,,,,,Y,,Y,N1,Y,Y,5,N1,16,N1,0,N1,Y,,4,N1,5,,,1,,,12,,4,,,2,2,,6,,,1,,,,,189,,,Y,N1,A1400007,21,,,,,,,,,,,,,,,,,,,,,,,,,,,,,,,,,,,,,,,,,,,,,,,,,,,,,,,,
2026-10-01 01:00:01,부산광역시,A1200003,동아대학교병원,20261001005210,051-240-2400,Y,Y,,,3,,,5,2,1,Y,,Y,Y,Y,Y,Y,Y,15,Y,24,Y,2,Y,Y,0,18,N1,26,3,,,16,20,18,30,18,3,4,5,3,4,76,11,30,16,4,4,,,738,,,Y,Y,A1200003,1,2,,,1,8,,,,,6,18,2,5,0,6,4,3,11,2,13,,,,,,,,,1,2,,,8,7,,,,,,,1,1,,,,,,,,,,,,,,
2026-10-01 01:00:01,부산광역시,A1200022,인제대학교 해운대백병원,20261001005129,051-797-0100,Y,Y,1,,3,2,2,3,5,0,Y,Y,Y,Y,Y,Y,Y,Y,25,Y,-9,Y,,Y,Y,1,21,N1,29,3,2,3,12,25,,30,22,7,2,5,3,4,72,8,40,17,9,11,1,,710,5,,Y,Y,A1200022,2,,5,9,0,6,,28,27,,4,15,,,1,,3,,,,,,,,,,,,,,,,,,,,,,,,,,,,,,,,,,,,,,,,
2026-10-01 01:00:01,부산광역시,A1200018,대동병원,20261001005457,051-554-1233,,,,,3,1,1,,,1,,,Y,Y,Y,Y,Y,Y,15,N1,39,N1,3,N1,Y,,6,N1,15,3,1,2,,,21,,6,1,,2,1,1,10,,,1,,,,,401,,,Y,N1,A1200018,3,,,,0,,,,,,1,,,,,,,,,,,,,,,,,,,,,,,,,,,,,,,,,,,,,,,,,,,,,,
2026-10-01 01:00:01,부산광역시,A1200020,의료법인 온병원그룹의료재단 온병원,20261001005047,051-607-0114,,,,,,1,2,,,1,,,Y,Y,Y,Y,Y,Y,14,N1,195,N1,11,N1,Y,,9,Y,20,,1,2,,,23,,9,6,,4,2,2,7,,,1,,,,1,611,,,Y,N1,A1200020,4,,,,0,,,,,,1,,,,,,,,,,,,,,,,,,,,,,,,,,,,,,,,,,,,,,,,,,,,,,
2026-10-01 01:00:01,부산광역시,A1200001,인제대학교부산백병원,20261001005056,051-890-6114,Y,Y,,,,2,3,,,2,Y,,Y,Y,Y,Y,Y,Y,4,Y,51,Y,0,Y,Y,1,17,Y,21,,2,3,,35,10,,17,8,4,5,3,6,68,19,38,16,3,7,,2,691,,,Y,Y,A1200001,5,,3,0,0,2,,19,18,,1,20,,,,,,0,6,0,12,,,,,,,,,,,,,,,,,,,,,,,,,,,,,,,,,,,,
2026-10-01 01:00:01,부산광역시,A1200005,의료법인 은성의료재단 좋은삼선병원,20261001005433,051-322-0900,,,,,1,1,2,,,2,,,Y,Y,Y,Y,Y,Y,10,N1,38,N1,2,N1,Y,,7,N1,13,1,1,2,,,19,,7,2,,2,2,2,11,,,1,,,,,375,,,Y,N1,A1200005,6,,,,0,,,,,,2,,,,,,,0,4,1,5,,,,,,,,,,,,,,,,,,,,,,,3,3,,,,,,,,,,,,
2026-10-01 01:00:01,부산광역시,A1200004,고신대학교복음병원,20261001005444,051-990-6114,Y,Y,,,,,,1,0,0,Y,,Y,Y,Y,Y,Y,Y,13,Y,67,Y,,Y,Y,16,12,Y,24,,,,2,18,,3,13,2,7,3,3,5,53,13,19,14,3,1,,1,701,,,Y,Y,A1200004,7,1,5,2,5,11,,12,7,,7,14,1,4,,4,,1,16,1,13,,,,,,,,,1,,,,5,,,,,,,,,,,,,,,,,,,,,,,
2026-10-01 01:00:01,부산광역시,A1200002,부산대학교병원,20261001005500,051-240-7000,Y,Y,1,0,3,1,2,0,3,2,Y,,Y,Y,Y,Y,Y,Y,16,Y,240,Y,15,Y,Y,3,26,N,17,3,1,2,2,20,24,3,26,10,12,9,6,8,95,15,17,21,9,18,,1,901,2,0,Y,Y,A1200002,8,,1,,2,9,22,10,,42,4,19,,,,,,,,0,0,,,,,0,,,,,,,,,,,,,,,0,,,,,2,12,2,12,34,2,82,2,,0,,0
2026-10-01 01:00:01,부산광역시,A1200007,비에이치에스한서병원,20261001005537,051-756-0081,,,,,,1,1,2,3,,,,Y,Y,Y,Y,Y,Y,12,Y,63,N1,6,N1,Y,,4,N1,17,,1,2,2,,14,3,4,,,1,1,2,11,,,1,1,,,,285,,,Y,N1,A1200007,9,,,,,,,,,,,,,,,,,,,,,,,,,,,,,,,,,,,,,,,,,,,,,,,,,,,,,,,,
2026-10-01 01:00:01,부산광역시,A1200028,(의)서일의료재단기장병원,20261001005508,051-723-0171,,,,,,,1,,,,,,Y,,Y,N1,N1,Y,8,N1,15,N1,,N1,Y,,3,N1,9,,,1,,,,,3,,,1,1,,1,,,,,,,,154,,,Y,N1,A1200028,10,,,,,,,,,,,,,,,,,,,,,,,,,,,,,,,,,,,,,,,,,,,,,,,,,,,,,,,,
2026-10-01 01:00:01,부산광역시,A1200015,동남권원자력의학원,20261001005500,051-720-5114,,,,,,0,,,,,,,Y,Y,Y,Y,Y,Y,7,Y,26,N1,1,N1,Y,,8,N1,9,,1,,,,12,,8,,,2,3,2,12,,,2,0,,,,245,,,Y,N1,A1200015,11,,,,,,,,,,,,,,,,,,,,,,,,,,,,,,,,,,,,,,,,,,,,,,,,,,,,,,,,
2026-10-01 01:00:01,부산광역시,A1200013,부산성모병원(재단법인 천주교부산교구유지재단),20261001005410,051-933-7114,Y,Y,,,5,1,,,,0,,,Y,,Y,N1,Y,Y,6,N1,58,N1,3,Y,Y,0,7,N1,10,5,1,,,10,18,,7,2,,1,1,,6,14,13,1,,,,,373,,,Y,Y,A1200013,12,,,,2,,,,,,2,,,,,,,,,,,,,,,,,,,,,,,,,,,,,,,,,3,3,,,,,,,,,,,,
2026-10-01 01:00:01,부산광역시,A1200026,좋은문화병원,20261001005410,051-644-2002,Y,Y,,,2,1,1,,,2,Y,,Y,,Y,N1,N1,Y,5,N1,46,N1,2,Y,Y,0,0,Y,7,2,1,2,,10,8,,9,2,8,2,2,,3,5,13,,,,,1,270,,,Y,Y,A1200026,13,,,,,,,,,,,,,,,,,,,,,,,,,,,,,,,,,,,,,,,,,,,,,,,,,,,,,,,,
2026-10-01 01:00:01,부산광역시,A1200017,의료법인정화의료재단 봉생기념병원,20261001005523,051-664-4000,,,,,,,2,,,0,,,Y,Y,Y,Y,Y,Y,7,N1,47,N1,,N1,Y,,8,N1,9,,,2,,,,,8,1,,1,2,2,11,,,4,,,,,335,,,Y,N1,A1200017,14,,0,0,,3,,10,10,,,31,,,,,,,,,,,,,,,,,,,,,,,,,,,,,,,,,,,,,,,,,,,,,
2026-10-01 01:00:01,부산광역시,A1200011,동래봉생병원,20261001005250,051-520-5500,,,,,,1,1,,,,,,Y,Y,Y,Y,Y,Y,6,N1,47,N1,0,N1,Y,,7,N1,8,,1,1,,,18,,7,,,1,2,2,11,,,1,,,,,241,,,Y,N1,A1200011,15,,,,2,,,,,,2,,,,,,,,,,,,,,,,,,,,,,,,,,,,,,,,,,,,,,,,,,,,,,
2026-10-01 01:00:01,부산광역시,A1200009,의료법인 광혜의료재단 광혜병원,20261001005430,051-503-2111,,,,,,2,1,,,0,,,Y,,Y,N1,N1,Y,8,N1,57,N1,3,N1,Y,,3,N1,9,,2,1,,,9,,3,1,,1,1,,4,,,,,,,,190,,,Y,N1,A1200009,16,,,,,,,,,,,,,,,,,,,,,,,,,,,,,,,,,,,,,,,,,,,,,,,,,,,,,,,,
2026-10-01 01:00:01,부산광역시,A1200019,학교법인)동의병원,20261001005200,051-867-5101,,,,,,,1,,,,,,Y,Y,Y,Y,Y,Y,10,Y,120,N1,9,N1,Y,,1,N1,14,,,1,,,23,,5,,,2,2,2,7,,,2,1,,,,448,,,Y,N1,A1200019,17,,,,,,,,,,,,,,,,,,,,,,,,,,,,,,,,,,,,,,,,,,,,,,,,,,,,,,,,
2026-10-01 01:00:01,부산광역시,A1200025,춘해보건대학교병원,20261001005403,051-638-8000,,,,,,,1,,,,,,Y,,Y,N1,N1,Y,8,N1,68,N1,,N1,Y,,4,N1,9,,,1,,,,,4,,,1,1,,3,,,,,,,,201,,,Y,N1,A1200025,18,,,,,,,,,,,,,,,,,,,,,,,,,,,,,,,,,,,,,,,,,,,,,,,,,,,,,,,,
2026-10-01 01:00:01,부산광역시,A1200045,구포성심병원,20261001005144,051-330-2001,,,,,,,0,,,,,,Y,Y,Y,Y,N1,Y,8,N1,39,N1,,N1,Y,,4,N1,9,,,1,,,,,4,,,1,1,1,4,,,,,,,,243,,,Y,N1,A1200045,19,,,,,,,,,,,,,,,,,,,,,,,,,,,,,,,,,,,,,,,,,,,,,,,,,,,,,,,,
2026-10-01 01:00:01,부산광역시,A1200006,의료법인 인당의료재단 부민병원,20261001005049,051-330-3000,,,,,,1,2,,,,,,Y,Y,Y,Y,Y,Y,16,N1,42,N1,3,N1,Y,,8,N1,17,,1,2,,,18,,8,,,2,3,1,7,,,1,,,,,366,,,Y,N1,A1200006,20,,,,0,,,,,,1,,,,,,,,,,,,,,,,,,,,,,,,,,,,,,,,,,,,,,,,,,,,,,
2026-10-01 01:00:01,부산광역시,A1200016,한국보훈복지의료공단 부산보훈병원,20261001005439,051-601-6000,,,,,,1,1,,,,,,Y,Y,Y,Y,N1,Y,10,N1,39,N1,1,N1,Y,,7,N1,11,,1,1,,,9,,7,,,2,3,2,11,,,,,,,,452,,,Y,N1,A1200016,21,,,,1,,,,,,1,,,,,,,,,,,,,,,,,,,,,,,,,,,,,,,,,,,,,,,,,,,,,,
2026-10-01 01:00:01,부산광역시,A1200021,삼육부산병원,20261001005348,051-242-9751,,Y,,,,1,,,,,Y,,Y,Y,Y,Y,Y,Y,5,Y,2,N1,1,Y,Y,,,N1,9,,1,,,,14,,,,1,2,1,1,9,,1,2,1,,,,302,,,Y,N1,A1200021,22,,,,0,,,,,,1,,,,,,,,,,,,,,,,,,,,,,,,,,,,,,,,,,,,,,,,,,,,,,
2026-10-01 01:00:01,부산광역시,A1200008,의료법인 은성의료재단 좋은강안병원,20261001005436,051-625-0900,,,,,,1,0,,,0,,,Y,Y,Y,Y,Y,Y,12,Y,72,N1,4,N1,Y,,11,N1,18,,1,2,,,30,,11,3,,4,3,3,12,,,5,1,,,,535,,,Y,N1,A1200008,23,,,,1,,,,,,2,,,,,,,,,,,,,,,,,,,,,,,,,,,,,,,,,,,,,,,,,,,,,,
2026-10-01 01:00:01,부산광역시,A1200098,의료법인 센텀의료재단 센텀종합병원,20261001005318,051-750-5000,,,,,,,1,,,,,,Y,Y,Y,Y,N1,Y,6,N1,21,N1,0,N1,Y,,9,N1,9,,,1,,,16,,9,,,2,2,1,11,,,,,,,,338,,,Y,N1,A1200098,24,,,,1,,,,,,1,,,,,,,,,,,,,,,,,,,,,,,,,,,,,,,,,,,,,,,,,,,,,,
2026-10-01 01:00:01,부산광역시,A1200024,부산광역시의료원,20261001005416,051-507-3000,,N,,,,1,1,,,2,N,,Y,Y,Y,Y,Y,Y,16,N1,75,N1,,N,Y,,7,N1,18,,1,1,,,,,7,7,1,1,1,2,19,,2,4,,,,,348,,,Y,N1,A1200024,25,,8,10,,7,,13,14,,,29,,,,,,,,,,,,,,,,,,,,,,,,,,,,,,,,,,,,,,,,,,,,,
2026-10-01 01:00:01,부산광역시,A1200012,의료법인 행도의료재단 해동병원,20261001005428,051-412-6161,,,,,,1,,,,0,,,Y,,Y,N1,Y,Y,5,N1,41,N1,2,N1,Y,,3,Y,6,,1,,,,9,,3,0,,1,1,,5,,,1,,,,12,256,,,Y,N1,A1200012,26,,,,,,,,,,,,,,,,,,,,,,,,,,,,,,,,,,,,,,,,,,,,,,,,,,,,,,,,
2026-10-01 01:00:01,부산광역시,A1200014,영도병원,20261001005431,051-414-8101,,,,,,1,1,,,,,,Y,,Y,N1,N1,Y,7,N1,24,N1,1,N1,Y,,3,N1,7,,1,1,,,10,,3,,,1,1,,7,,,,,,,,217,,,Y,N1,A1200014,27,,,,,,,,,,,,,,,,,,,,,,,,,,,,,,,,,,,,,,,,,,,,,,,,,,,,,,,,
2026-10-01 01:00:01,부산광역시,A1200023,재단법인천주교부산교구유지재단 메리놀병원,20261001005408,051-465-8801,,,,,,,1,,,,Y,,Y,Y,Y,Y,Y,Y,6,N1,87,N1,4,N1,Y,,8,N1,9,,,1,,,18,,8,,1,1,1,1,9,,,2,,,,,380,,,Y,N1,A1200023,28,,,,0,,,,,,1,,,,,,,,,,,,,,,,,,,,,,,,,,,,,,,,,,,,,,,,,,,,,,
2026-10-01 01:00:01,부산광역시,A1205143,의료법인 인당의료재단 해운대부민병원,20261001005049,051-602-8000,,,,,,0,,,,0,,,Y,Y,Y,Y,Y,Y,3,N1,9,N1,7,N1,Y,,8,Y,9,,1,,,,19,,8,3,,2,2,1,10,,,1,,,,1,360,,,Y,N1,A1205143,29,,,,0,,,,,,2,,,,,,,,,,,,,,,,,,,,,,,,,,,,,,,,,,,,,,,,,,,,,,
2026-10-01 01:00:01,대구광역시,A1300001,영남대학교병원,20261001005237,053-623-8001,Y,Y,0,,3,2,2,6,4,7,Y,,Y,Y,Y,Y,Y,Y,21,Y,99,Y,,Y,Y,0,23,Y,28,3,2,3,21,15,,30,23,7,2,4,4,4,75,5,11,8,5,5,,1,704,1,,Y,Y,A1300001,1,,0,5,2,10,,10,15,,13,20,,0,3,0,3,0,7,1,14,,,,,,,,,,,,,,,,,,,,,,,,,,,,,,,,,0,,0,
2026-10-01 01:00:01,대구광역시,A1300002,경북대학교병원,20261001005405,053-200-5114,Y,Y,,,4,,,4,14,2,Y,,Y,Y,Y,Y,Y,Y,8,Y,59,Y,,Y,Y,-1,17,N1,25,4,,,20,15,,44,17,5,2,5,5,5,82,8,11,11,9,5,,,565,,,Y,Y,A1300002,2,2,2,1,,8,0,7,4,20,,20,2,2,,3,,3,6,0,5,,,,,,,,,1,1,,,4,4,,,,,,,,,,,2,6,2,6,9,2,40,2,,,,
2026-10-01 01:00:01,대구광역시,A1300004,대구가톨릭대학교병원,20261001005412,053-650-3000,Y,Y,,,,1,2,,,1,Y,Y,Y,Y,Y,Y,Y,Y,11,Y,180,Y,0,Y,Y,0,19,N1,24,,1,3,,42,0,,19,9,2,3,3,5,58,20,32,8,3,4,1,,704,,,Y,Y,A1300004,3,,1,4,1,6,,15,25,,6,20,,,,,,,,5,16,,,,,,,,,,,,,,,,,,,,,,,,,,,,,,,,,,,,
2026-10-01 01:00:01,대구광역시,A1300003,계명대학교동산병원,20261001005509,053-1577-6622,Y,Y,1,,2,1,3,8,2,2,Y,Y,Y,Y,Y,Y,Y,Y,6,Y,124,Y,4,Y,Y,0,23,Y,25,3,2,3,9,43,10,20,24,16,6,6,5,7,56,13,37,9,4,14,1,2,769,1,,Y,Y,A1300003,4,,0,0,0,3,,11,13,,4,20,,,,,,,,1,15,,,,,,0,,,1,,7,,8,,,,,,,,,,,,,,,,,,,,,,,
2026-10-01 01:00:01,대구광역시,A1300009,대구파티마병원,20261001005501,053-1688-7770,Y,Y,,,5,2,5,1,3,,Y,,Y,Y,Y,Y,Y,Y,5,Y,152,Y,,Y,Y,1,17,N1,25,5,2,5,2,8,,4,17,,2,5,3,4,32,11,19,5,1,1,,,566,,,Y,Y,A1300009,5,,5,6,4,,,17,8,,9,,,,,,,,,2,12,,,,,,,,,,,,,,,,,,,,,,,,,,,,,,,,,,,,
2026-10-01 01:00:01,대구광역시,A1300010,칠곡경북대학교병원,20261001005405,053-200-2000,Y,Y,,,5,1,2,5,0,13,Y,,Y,Y,Y,Y,Y,Y,6,Y,146,Y,,Y,Y,-2,18,N1,23,7,1,3,6,39,,3,19,13,2,8,5,8,52,9,27,9,3,1,,,778,,,Y,Y,A1300010,6,,6,6,4,8,,8,14,,4,20,,,,,,,,,,1,1,,,,6,1,3,,,10,2,,,8,1,1,,,,,,,,,,,,,,,,,,,
2026-10-01 01:00:01,대구광역시,A1300034,드림종합병원,20261001005425,053-640-8800,,,,,,,1,,,,,,Y,Y,Y,Y,Y,Y,5,Y,34,N1,,N1,N,,3,N1,8,,,1,,,,,3,,,2,1,1,2,,,1,1,,,,159,,,Y,N1,A1300034,7,,,,,,,,,,,,,,,,,,,,,,,,,,,,,,,,,,,,,,,,,,,1,1,,,,,,,,,,,,
2026-10-01 01:00:01,대구광역시,A1300006,의료법인구의료재단구병원,20261001005529,053-560-9114,,,,,,,1,,,,,,Y,,Y,N1,N1,Y,8,N1,16,N1,3,N1,Y,,9,N1,10,,,1,,,18,,9,,,3,1,,3,,,,,,,,235,,,Y,N1,A1300006,8,,,,0,,,,,,1,,,,,,,,,,,,,,,,,,,,,,,,,,,,,,,,,,,,,,,,,,,,,,
2026-10-01 01:00:01,대구광역시,A1300110,더블유병원,20261001005402,053-550-5000,,,,,,,1,,,,,,Y,,Y,N1,N1,Y,9,N1,35,N1,,N1,N,,11,Y,10,,,1,,,,,12,,,1,3,,1,,,,,,,8,431,,,Y,N1,A1300110,9,,,,,,,,,,,,,,,,,,,,,,,,,,,,,,,,,,,,,,,,,,,,,,,,,,,,,,,,
2026-10-01 01:00:01,대구광역시,A1300011,한국보훈복지의료공단대구보훈병원,20261001005137,053-630-7000,,,,,,1,1,,,1,,,Y,Y,Y,Y,N1,Y,9,N1,94,N1,6,N1,Y,,6,N1,12,,1,1,,,13,,6,1,,1,3,2,9,,,,,,,,406,,,Y,N1,A1300011,10,,,,1,,,,,,1,,,,,,,,,,,,,,,,,,,,,,,,,,,,,,,,,,,,,,,,,,,,,,
2026-10-01 01:00:01,대구광역시,A1300045,삼일병원,20261001005507,053-659-3100,,,,,,1,,,,,,,Y,Y,Y,Y,N1,Y,12,N1,62,N1,,N1,N,,4,N1,14,,1,,,,,,4,,,3,2,1,3,,,,,,,,299,,,Y,N1,A1300045,11,,,,,,,,,,,,,,,,,,,,,,,,,,,,,,,,,,,,,,,,,,,,,,,,,,,,,,,,
2026-10-01 01:00:01,대구광역시,A1300038,나사렛종합병원,20261001005455,053-643-1400,,,,,,,1,,,,,,Y,Y,Y,Y,Y,Y,3,N1,57,N1,8,N1,Y,,5,N1,9,,,1,,,28,,5,,,2,2,2,5,,,1,,,,,231,,,Y,N1,A1300038,12,,,,1,,,,,,1,,,1,,9,,,,,,,,,,,,,,,,,,,,,,,,,,,,,,,,,,,,,,,,,
2026-10-01 01:00:01,대구광역시,A1300018,강남종합병원,20261001005348,053-980-9000,,,,,,1,,,,1,,,Y,,Y,N1,N1,Y,9,N1,47,N1,,N1,Y,,5,N1,10,,1,,,,,,5,1,,2,2,,2,,,,,,,,206,,,Y,N1,A1300018,13,,,,,,,,,,,,,,,,,,,,,,,,,,,,,,,,,,,,,,,,,,,,,,,,,,,,,,,,
2026-10-01 01:00:01,대구광역시,A1300005,대구가톨릭대학교칠곡가톨릭병원,20261001005301,053-320-2500,,,,,,,1,,,,,,Y,,Y,N1,N1,Y,7,N1,51,N1,,N1,Y,,3,N1,9,,,1,,,,,3,,,2,2,,1,,,,,,,,161,,,Y,N1,A1300005,14,,,,,,,,,,,,,,,,,,,,,,,,,,,,,,,,,,,,,,,,,,,,,,,,,,,,,,,,
2026-10-01 01:00:01,대구광역시,A1300076,대구굿모닝병원,20261001005525,053-620-9100,,,,,,1,1,,,,,,Y,Y,Y,Y,N1,Y,17,N1,48,N1,2,N1,Y,,4,N1,17,,1,1,,,26,,4,,,2,4,2,13,,,,,,,,226,,,Y,N1,A1300076,15,,,,0,,,,,,1,,,,,,,,,,,,,,,,,,,,,,,,,,,,,,,,,,,,,,,,,,,,,,
2026-10-01 01:00:01,대구광역시,A1300007,대구의료원,20261001005502,053-560-7575,,Y,,,,1,1,,,3,Y,,Y,,Y,N1,N1,Y,16,N1,46,N1,7,Y,Y,,4,N1,18,,1,1,,,18,,4,3,1,1,1,,13,,4,,,,,,254,,,Y,N1,A1300007,16,,,,0,6,,,,,1,82,,,,,,,,,,,,,,,,,,,,,,,,,,,,,,,,,,,,,,,,,,,,,
2026-10-01 01:00:01,대구광역시,A1300081,(재)미리내천주성삼성직수도회천주성삼병원,20261001005502,053-790-1000,,,,,,,1,,,,,,Y,,Y,N1,N1,Y,6,N1,45,N1,,N1,Y,,4,N1,9,,,1,,,,,4,,,1,2,,4,,,,,,,,294,,,Y,N1,A1300081,17,,,,,,,,,,,,,,,,,,,,,,,,,,,,,,,,,,,,,,,,,,,,,,,,,,,,,,,,
2026-10-01 01:00:01,대구광역시,A1300008,곽병원,20261001005446,053-252-2401,,,,,,,2,,,,,,Y,,Y,N1,N1,Y,8,N1,29,N1,,N1,Y,,4,N1,10,,,2,,,,,4,,,1,1,,2,,,,,,,,221,,,Y,N1,A1300008,18,,,,,,,,,,,,,,,,,,,,,,,,,,,,,,,,,,,,,,,,,,,,,,,,,,,,,,,,
2026-10-01 01:00:01,대구광역시,A1303386,계명대학교대구동산병원,20261001005511,053-250-8114,,,,,,1,1,,,,N,,Y,Y,Y,Y,Y,Y,11,N1,48,N,3,N1,Y,,3,N1,12,,1,1,,,7,,3,,0,2,1,1,6,,,6,,0,,,196,,,Y,N1,A1303386,19,,,,0,,,,,,5,,,,,,,,,,,,,,,,,,,,,,,,,,,,,,,,,,,,,,,,,,,,,,
2026-10-01 01:00:01,대전광역시,A1600006,학교법인건양교육재단건양대학교병원,20261001005021,042-600-9999,Y,Y,1,0,4,2,2,5,5,1,Y,,Y,Y,Y,Y,Y,Y,13,Y,257,Y,20,Y,Y,1,20,Y,24,5,2,3,16,24,52,28,20,1,2,4,4,4,46,17,23,10,3,1,,1,658,1,0,Y,Y,A1600006,1,,,,6,13,,,,,7,20,,0,0,0,3,,,,,,,0,0,,,,,,,,,,,,,,0,0,,4,4,,,,,,,,,,,0,0,0,0
2026-10-01 01:00:01,대전광역시,A1600001,충남대학교병원,20261001005301,1599-7123,Y,Y,,,3,2,3,4,6,6,Y,,Y,Y,Y,Y,Y,Y,15,Y,101,Y,2,Y,Y,7,20,N1,28,6,2,3,20,34,12,30,21,14,5,5,4,5,76,12,36,6,8,2,,,966,,,Y,Y,A1600001,2,0,4,3,7,13,,16,14,,8,26,0,0,,0,,1,10,,,,,,,,1,,,,,5,,,,,,,,,,,,0,0,,,,,,,,,,,,
2026-10-01 01:00:01,대전광역시,A1600002,학교법인을지학원대전을지대학교병원,20261001005500,042-611-3000,Y,Y,,0,,2,1,0,4,,Y,,Y,Y,Y,Y,Y,Y,16,Y,102,Y,,Y,Y,17,15,N1,21,,2,1,2,20,,4,15,,16,4,2,4,70,12,47,7,3,3,,,326,,30,Y,Y,A1600002,3,,3,0,0,10,7,19,19,20,11,20,,,,,,0,5,,,,,0,0,0,,,,,,,,,,,,,0,0,0,,,3,3,2,6,2,6,2,2,40,2,,0,,0
2026-10-01 01:00:01,대전광역시,A1600007,의료법인영훈의료재단유성선병원,20261001005459,042-609-1000,,,,,,2,1,0,0,1,Y,,Y,Y,Y,Y,Y,Y,15,Y,35,N1,6,N1,Y,,7,Y,17,,2,1,2,,17,4,7,1,1,3,3,2,17,,,2,1,,,1,364,,,Y,N1,A1600007,4,,,,1,,,,,,1,,,,,,,,,,,,,,,,,,,,,,,,,,,,,,,,,,,,,,,,,,,,,,
2026-10-01 01:00:01,대전광역시,A1600005,학교법인가톨릭학원가톨릭대학교대전성모병원,20261001005510,042-220-9114,Y,Y,,,,3,,,,4,Y,,Y,Y,Y,Y,Y,Y,16,Y,114,N1,,Y,Y,4,12,N1,19,,3,,,4,,,12,4,1,3,2,4,24,4,8,7,2,,,,537,,,Y,Y,A1600005,5,,1,2,0,,,15,3,,1,,,,,,,1,3,2,9,,,,,,,,,0,0,,,3,2,,,,,,,,,,,,,,,,,,,,,,
2026-10-01 01:00:01,대전광역시,A1600008,의료법인영훈의료재단대전선병원,20261001005405,042-220-8114,,,,,,1,3,1,0,0,Y,,Y,Y,Y,Y,Y,Y,17,N1,24,N1,2,N1,Y,,7,N1,17,,1,3,2,,30,3,7,1,1,2,2,2,11,,,3,,,,,308,,,Y,N1,A1600008,6,,,,1,,,,,,1,,,,,,,,,,,,,,,,,,,,,,,,,,,,,,,,,,,,,,,,,,,,,,
2026-10-01 01:00:01,대전광역시,A1600004,대전보훈병원,20261001005329,042-939-0111,,,,,,1,1,,,0,,,Y,Y,Y,Y,N1,Y,7,N1,55,N1,7,N1,Y,,5,N1,7,,1,1,,,10,,5,1,,1,3,1,12,,,,,,,,316,,,Y,N1,A1600004,7,,,,1,,,,,,1,,,,,,,,,,,,,,,,,,,,,,,,,,,,,,,,,,,,,,,,,,,,,,
2026-10-01 01:00:01,대전광역시,A1600003,대전한국병원,20261001005503,042-606-1000,,Y,,,,1,,,,,Y,,Y,Y,Y,Y,Y,Y,8,N1,53,N1,5,Y,Y,,5,N1,9,,1,,,,12,,5,,1,2,2,2,6,,1,1,,,,,241,,,Y,N1,A1600003,8,,,,,,,,,,,,,,,,,,,,,,,,,,,,,,,,,,,,,,,,,,,,,,,,,,,,,,,,
2026-10-01 01:00:01,대전광역시,A1602246,대청병원,20261001005504,1899-6075,,,,,,,1,,,,,,Y,,Y,N1,Y,Y,6,N1,105,N1,0,N1,Y,,3,N1,9,,,1,,,17,,3,,,2,1,,10,,,1,,,,,245,,,Y,N1,A1602246,9,,,,,,,,,,,,,,,,,,,,,,,,,,,,,,,,,,,,,,,,,,,,,,,,,,,,,,,,
2026-10-01 01:00:01,울산광역시,A1700004,학교법인울산공업학원울산대학교병원,20261001005423,052-250-7000,Y,Y,,,7,0,0,5,8,0,Y,,Y,Y,Y,Y,Y,Y,8,Y,42,Y,3,Y,Y,8,20,N1,21,8,0,0,12,26,8,36,20,0,5,7,5,6,83,14,27,17,8,4,,,725,,,Y,Y,A1700004,1,3,5,6,4,10,10,13,16,20,8,20,3,3,2,3,8,0,6,,,,,,4,5,,,,,1,,,,2,,,,,4,5,,,,,2,5,2,6,10,2,42,2,,,,
2026-10-01 01:00:01,울산광역시,A1700028,의료법인정안의료재단중앙병원,20261001005410,052-226-1100,,,,,,1,1,0,2,0,,,Y,Y,Y,Y,Y,Y,11,N1,30,N1,1,N1,Y,,8,N1,17,,1,2,2,,18,4,8,1,,2,2,2,7,,,2,,,,,335,,,Y,N1,A1700028,2,,,,0,,,,,,2,,,,,,,,,,,,,,,,,,,,,,,,,,,,,,,,,,,,,,,,,,,,,,
2026-10-01 01:00:01,울산광역시,A1700003,울산병원,20261001005501,052-259-5000,,,,,,1,2,2,3,,,,Y,Y,Y,Y,Y,Y,17,Y,27,Y,5,N1,Y,,4,Y,19,,1,2,2,,17,3,4,,,2,2,3,12,,,4,1,2,,2,352,,,Y,N1,A1700003,3,,,,0,,,,,,1,,,,,,,,,,,,,,,,,,,,,,,,,,,,,,,,,,,,,,,,,,,,,,
2026-10-01 01:00:01,울산광역시,A1700025,의료법인송은의료재단울산시티병원,20261001005505,052-280-9000,,,,,,1,2,0,1,,,,Y,Y,Y,Y,Y,Y,14,N1,15,N1,2,N1,Y,,8,N1,17,,1,2,2,,24,3,8,,,2,2,2,17,,,4,,,,,347,,,Y,N1,A1700025,4,,,,1,,,,,,3,,,,,,,,,,,,,,,,,,,,,,,,,,,,,,,,,,,,,,,,,,,,,,
2026-10-01 01:00:01,울산광역시,A1700002,의료법인동강의료재단동강병원,20261001005446,052-241-1114,,,,,,1,2,0,1,0,,Y,Y,Y,Y,Y,Y,Y,20,Y,63,N1,,N1,Y,,8,N1,24,,1,2,2,,,3,8,2,,3,2,4,25,,,7,5,,1,,513,,,Y,N1,A1700002,5,,4,0,0,,,14,9,,1,,,,,,,2,13,,,,,,,,,,,,,,,,,,,,,,,,,,,,,,,,,,,,,,
2026-10-01 01:00:01,울산광역시,A1700011,의료법인은성의료재단좋은삼정병원,20261001005137,052-220-7500,,,,,,,1,,,0,,,Y,Y,Y,Y,Y,Y,7,N1,41,N1,4,N1,Y,,7,N1,9,,,1,,,14,,7,1,,2,2,1,8,,,1,,,,,283,,,Y,N1,A1700011,6,,,,0,,,,,,1,,,,,,,,,,,,,,,,,,,,,,,,,,,,,,,,,,,,,,,,,,,,,,
2026-10-01 01:00:01,울산광역시,A1700001,서울산보람병원,20261001005444,052-255-7114,,,,,,,1,,,,,,Y,,Y,N1,N1,Y,9,N1,83,N1,,N1,Y,,3,N1,10,,,1,,,,,3,,,1,1,,1,,,,,,,,213,,,Y,N1,A1700001,7,,,,,,,,,,,,,,,,,,,,,,,,,,,,,,,,,,,,,,,,,,,,,,,,,,,,,,,,
2026-10-01 01:00:01,세종특별자치시,A1800441,세종충남대학교병원,20261001005301,1800-3114,Y,Y,,,0,1,2,,,4,Y,,Y,Y,Y,Y,Y,Y,12,Y,51,Y,4,Y,Y,-2,8,N1,17,0,1,2,,19,11,,8,4,3,2,2,3,35,8,21,7,3,2,,,300,,,Y,Y,A1800441,1,,,,0,,,,,,2,,,,,,,,,,,0,0,,,,,1,5,,,,2,,,6,0,0,,,,,,,,,,,,,,,,,,,
2026-10-01 01:00:01,세종특별자치시,A1800417,의료법인 영제 의료재단 엔케이세종병원,20261001005459,044-850-7700,,,,,,,1,,,,,,Y,,Y,N1,N1,Y,9,N1,125,N1,,N1,Y,,3,N1,10,,,1,,,,,3,,,1,1,,1,,,,,,,,200,,,Y,N1,A1800417,2,,,,,,,,,,,,,,,,,,,,,,,,,,,,,,,,,,,,,,,,,,,,,,,,,,,,,,,,
2026-10-01 01:00:01,전남광주통합특별시,A1500002,전남대학교병원,20261001005500,1899-0000,Y,Y,,,3,,,4,5,5,Y,,Y,Y,Y,Y,Y,Y,16,Y,179,Y,1,Y,Y,1,20,Y,26,4,,,18,33,8,30,20,7,8,5,4,8,78,24,30,20,13,6,,1,803,,,Y,Y,A1500002,1,2,3,3,,11,8,11,12,20,,32,2,1,0,5,2,3,13,8,15,,,,,,0,,,2,,8,,9,,,,,,,,,,,,2,2,2,6,6,2,40,2,,,,
2026-10-01 01:00:01,전남광주통합특별시,A1500001,조선대학교병원,20261001005605,1811-7474,Y,Y,,,4,0,0,7,2,4,Y,Y,Y,Y,Y,Y,Y,Y,16,Y,96,Y,,Y,Y,8,15,Y,23,4,0,0,20,20,,28,15,5,3,5,3,3,65,11,15,24,5,1,1,1,568,,,Y,Y,A1500001,2,2,2,3,0,10,,16,19,,2,20,2,3,0,3,2,,,2,19,,,,,,,,,,,,,,,,,,,,,,,,,,,,,,,,,1,,2,
2026-10-01 01:00:01,전남광주통합특별시,A2600011,목포한국병원,20261001005410,061-270-5500,Y,Y,,,3,2,3,1,5,0,Y,,Y,Y,Y,Y,Y,Y,8,Y,92,Y,3,Y,Y,,6,Y,16,3,2,3,20,,27,42,6,2,1,4,2,3,48,1,1,14,2,3,,1,418,,,Y,Y,A2600011,3,,,,0,,2,,,20,1,,,,0,,1,,,,,,,,,,,,,,,,,,,,,,,,,,,,,2,6,2,6,14,2,40,2,,,,
2026-10-01 01:00:01,전남광주통합특별시,A2600019,성가롤로병원,20261001005057,061-720-2000,N,Y,,,3,2,3,0,18,5,Y,,Y,Y,Y,Y,Y,Y,4,Y,62,Y,,Y,Y,,9,Y,18,4,2,3,25,,,30,9,31,1,4,4,4,27,1,3,8,1,2,,3,481,,,Y,N,A2600019,4,,0,2,0,,,7,11,,1,,,,0,,4,1,8,,,,,,,,,,,,,,,,,,,,,,,,,,,,,,,,,,,,,,
2026-10-01 01:00:01,전남광주통합특별시,A1500019,KS병원,20261001005050,062-975-9000,,,,,4,1,2,0,1,,,,Y,Y,Y,Y,Y,Y,13,N1,31,Y,4,N1,Y,,4,N1,15,7,1,2,2,,12,3,4,,,2,2,1,5,,,1,,1,,,267,,,Y,N1,A1500019,5,,3,,,,,9,,,,,,,,,,,,,,,,,,,,,,,,,,,,,,,,,,,,0,0,,,,,,,,,,,,
2026-10-01 01:00:01,전남광주통합특별시,A1500011,첨단종합병원,20261001005425,062-601-8000,,,,,,1,2,2,2,1,,,Y,Y,Y,Y,Y,Y,20,N1,107,N1,7,N1,Y,,5,N1,22,,1,2,2,,21,3,5,1,,2,2,1,11,,,1,,,,,409,,,Y,N1,A1500011,6,,,,1,11,,,,,1,49,,,,,,,,,,,,,,,,,,,,,,,,,,,,,,,,,,,,,,,,,,,,,
2026-10-01 01:00:01,전남광주통합특별시,A1500021,광주기독병원,20261001005053,062-650-5000,,,,,,0,1,,,,N,,Y,Y,Y,Y,Y,Y,17,N1,41,N1,,N1,Y,3,9,N1,20,,1,2,,3,,,9,,0,2,2,2,11,,,2,,,,,514,,,Y,N1,A1500021,7,,0,0,1,,,16,9,,3,,,,,,,,,,,,,,,,,,,,,,,,,,,,,,,,,,,,,,,,,,,,,,
2026-10-01 01:00:01,전남광주통합특별시,A2600017,의료법인목포구암의료재단목포중앙병원,20261001005605,061-280-3000,,,,,,2,2,,,,,,Y,Y,Y,Y,Y,Y,11,N1,61,Y,7,N1,Y,,4,N1,16,,2,2,,,16,,4,,,2,1,2,10,,,1,,1,,,275,,,Y,N1,A2600017,8,,,,2,6,,,,,2,49,,,,,,,,,,,,,,,,,,,,,,,,,,,,,,,,,,,,,,,,,,,,,
2026-10-01 01:00:01,전남광주통합특별시,A1500020,서광병원,20261001005059,062-600-8000,,,,,2,2,1,1,1,1,N,,Y,N,Y,N,Y,Y,18,N1,73,N1,6,N1,Y,,2,N1,18,2,2,1,2,,17,3,2,1,0,1,1,0,1,,,1,,,,,176,,,Y,N1,A1500020,9,,,,0,,,,,,1,,,,,,,,,,,,,,,,,,,,,,,,,,,,,,,,,,,,,,,,,,,,,,
2026-10-01 01:00:01,전남광주통합특별시,A2600014,여천전남병원,20261001005108,061690-6000,,,,,,1,2,,,,,,Y,Y,Y,Y,Y,Y,14,N1,116,N1,3,N1,Y,,5,N1,17,,1,2,,,14,,5,,,2,2,1,6,,,1,,,,,299,,,Y,N1,A2600014,10,,,,,,,,,,,,,,,,,,,,,,,,,,,,,,,,,,,,,,,,,,,,,,,,,,,,,,,,
2026-10-01 01:00:01,전남광주통합특별시,A2600001,화순전남대학교병원,20261001005500,061-379-7120,,Y,,,1,,2,0,1,5,,,Y,Y,Y,Y,Y,Y,15,Y,8,N1,,Y,Y,1,14,N1,16,1,,2,2,1,,4,14,5,,5,4,2,31,,1,7,1,,,,546,,,Y,N1,A2600001,11,1,3,7,1,,,8,12,,2,,1,4,,4,,,,,,,,,,,,,,,,,,,,,,,,,,,,,,,,,,,,,,,,,
2026-10-01 01:00:01,전남광주통합특별시,A2600050,전라남도강진의료원,20261001005001,061-433-2167,,Y,,,,,1,,,,Y,,Y,,Y,N1,N1,Y,7,N1,62,N1,,Y,Y,,3,N1,9,,,1,,,,,3,,1,1,1,,2,,2,,,,,,171,,,Y,N1,A2600050,12,,,,,,,,,,,,,,,,,,,,,,,,,,,,,,,,,,,,,,,,,,,,,,,,,,,,,,,,
2026-10-01 01:00:01,전남광주통합특별시,A2600018,의료법인영성의료재단고흥종합병원,20261001005402,061-832-1911,Y,Y,,,,,,,,,Y,,Y,,Y,N1,N1,Y,10,N1,168,N1,1,Y,Y,,2,N1,10,,,,,,12,,2,,1,1,1,,4,1,1,,,,,,271,,,Y,Y,A2600018,13,,,,,,,,,,,,,,,,,,,,,,,,,,,,,,,,,,,,,,,,,,,,,,,,,,,,,,,,
2026-10-01 01:00:01,전남광주통합특별시,A2600068,의료법인장호의료재단녹동현대병원,20261001004754,061-840-1200,,,,,,,2,,,,,,Y,,Y,N1,N1,Y,3,N1,37,N1,,N1,Y,,2,N1,3,,,2,,,,,2,,,1,1,,3,,,,,,,,118,,,Y,N1,A2600068,14,,,,,,,,,,,,,,,,,,,,,,,,,,,,,,,,,,,,,,,,,,,,,,,,,,,,,,,,
2026-10-01 01:00:01,전남광주통합특별시,A2600029,곡성사랑병원,20261001005505,061-360-6000,,,,,,,1,,,,,,Y,,Y,N1,N1,Y,5,N1,11,N1,,N1,N1,,1,N1,5,,,1,,,,,1,,,1,,,1,,,,,,,,46,,,Y,N1,A2600029,15,,,,,13,,,,,,45,,,,,,,,,,,,,,,,,,,,,,,,,,,,,,,,,,,,,,,,,,,,,
2026-10-01 01:00:01,전남광주통합특별시,A1500006,신가병원,20261001005154,062-610-8702,,,,,,,1,,,,,,Y,,Y,N1,N1,Y,7,N1,46,N1,,N1,Y,,3,N1,9,,,1,,,,,3,,,1,1,,1,,,,,,,,201,,,Y,N1,A1500006,16,,,,,,,,,,,,,,,,,,,,,,,,,,,,,,,,,,,,,,,,,,,1,1,,,,,,,,,,,,
2026-10-01 01:00:01,전남광주통합특별시,A1502007,광주센트럴병원,20261001005500,062-950-9700,,,,,,,1,,,,,,Y,,Y,N1,N1,Y,8,N1,48,N1,,N1,Y,,3,N1,10,,,1,,,,,3,,,1,1,,1,,,,,,,,299,,,Y,N1,A1502007,17,,,,,,,,,,,,,,,,,,,,,,,,,,,,,,,,,,,,,,,,,,,,,,,,,,,,,,,,
2026-10-01 01:00:01,전남광주통합특별시,A1500017,하남성심병원,20261001005522,062-953-6000,,,,,,,1,,,,,,Y,,Y,N1,N1,Y,15,N1,46,N1,4,N1,Y,,5,N1,19,,,1,,,10,,5,,,1,1,,4,,,,,,,,261,,,Y,N1,A1500017,18,,,,,,,,,,,,,,,,,,,,,,,,,,,,,,,,,,,,,,,,,,,,,,,,,,,,,,,,
2026-10-01 01:00:01,전남광주통합특별시,A1500018,광주수완병원,20261001005346,062-958-1111,,,,,,,0,,,,,,Y,,Y,N1,N1,Y,9,N1,52,N1,,N1,Y,,3,N1,9,,,1,,,,,3,,,1,1,,2,,,,,,,,177,,,Y,N1,A1500018,19,,,,,,,,,,,,,,,,,,,,,,,,,,,,,,,,,,,,,,,,,,,,,,,,,,,,,,,,
2026-10-01 01:00:01,전남광주통합특별시,A1500004,광주보훈병원,20261001005457,062-602-6021,,,,30,,1,1,,,1,,,Y,Y,Y,Y,Y,Y,12,N1,93,N1,15,N1,Y,,7,N1,14,,1,1,,,25,,7,2,,2,3,2,11,,,2,,,,,512,,30,Y,N1,A1500004,20,,,,1,,,,,,1,,,,,,,,,,,,,,,,,,,,,,,,,,,,,,,,,,,,,,,,,,,,,,
2026-10-01 01:00:01,전남광주통합특별시,A2600006,광양사랑병원,20261001005519,061797-7000,,,,,,,1,,,,,,Y,,Y,N1,Y,Y,9,N1,59,N1,4,N1,Y,,3,N1,9,,,1,,,9,,3,,,1,1,,4,,,1,,,,,149,,,Y,N1,A2600006,21,,,,,,,,,,,,,,,,,,,,,,,,,,,,,,,,,,,,,,,,,,,,,,,,,,,,,,,,
2026-10-01 01:00:01,전남광주통합특별시,A2600024,의료법인현경의료재단광양서울병원,20261001005527,061-798-9800,,,,,,,1,,,,,,Y,,Y,N1,Y,Y,9,N1,58,N1,,N1,Y,,3,N1,9,,,1,,,,,3,,,1,1,,3,,,1,,,,,208,,,Y,N1,A2600024,22,,,,,,,,,,,,,,,,,,,,,,,,,,,,,,,,,,,,,,,,,,,,,,,,,,,,,,,,
2026-10-01 01:00:01,전남광주통합특별시,A2600061,구례병원,20261001005509,061780-3300,,,,,,,0,,,,,,Y,,Y,N1,N1,Y,10,N1,34,N1,,N1,N1,,1,N1,10,,,0,,,,,1,,,1,,,1,,,,,,,,97,,,Y,N1,A2600061,23,,,,,,,,,,,,,,,,,,,,,,,,,,,,,,,,,,,,,,,,,,,,,,,,,,,,,,,,
2026-10-01 01:00:01,전남광주통합특별시,A2600016,나주종합병원,20261001005053,061-330-6114,,,,,,,,,,,,,Y,,Y,N1,N1,Y,6,N1,50,N1,,N1,Y,,3,N1,10,,,,,,,,3,,,1,1,,2,,,,,,,,178,,,Y,N1,A2600016,24,,,,,,,,,,,,,,,,,,,,,,,,,,,,,,,,,,,,,,,,,,,,,,,,,,,,,,,,
2026-10-01 01:00:01,전남광주통합특별시,A2602211,빛가람종합병원,20261001005447,061-820-0820,,,,,,,1,,,,,,Y,,Y,N1,N1,Y,8,N1,15,N1,,N1,Y,,4,N1,9,,,1,,,,,4,,,1,1,,2,,,,,,,,192,,,Y,N1,A2602211,25,,,,,,,,,,,,,,,,,,,,,,,,,,,,,,,,,,,,,,,,,,,,,,,,,,,,,,,,
2026-10-01 01:00:01,전남광주통합특별시,A1500013,동아병원,20261001005532,062-650-2500,,,,,,,1,,,,,,Y,,Y,N1,N1,Y,8,N1,66,N1,,N1,Y,,1,N1,9,,,1,,,,,6,,,1,2,,1,,,,,,,,276,,,Y,N1,A1500013,26,,,,,,,,,,,,,,,,,,,,,,,,,,,,,,,,,,,,,,,,,,,,,,,,,,,,,,,,
2026-10-01 01:00:01,전남광주통합특별시,A1500009,광주씨티병원,20261001005247,062-604-7000,,,,,,,1,,,,,,Y,,Y,N1,N1,Y,9,N1,36,N1,,N1,Y,,4,N1,10,,,1,,,,,4,,,1,1,,1,,,,,,,,173,,,Y,N1,A1500009,27,,,,,,,,,,,,,,,,,,,,,,,,,,,,,,,,,,,,,,,,,,,,,,,,,,,,,,,,
2026-10-01 01:00:01,전남광주통합특별시,A2600054,담양사랑병원,20261001005523,061-380-9000,,,,,,,2,,,,,,Y,,Y,N1,N1,Y,6,N1,45,N1,,N1,N1,,2,N1,6,,,2,,,,,2,,,1,,,1,,,,,,,,86,,,Y,N1,A2600054,28,,,,,,,,,,,,,,,,,,,,,,,,,,,,,,,,,,,,,,,,,,,,,,,,,,,,,,,,
2026-10-01 01:00:01,전남광주통합특별시,A2600020,목포기독병원,20261001005200,061-280-7500,,,,,,,1,,,,,,Y,,Y,N1,Y,Y,16,N1,78,N1,12,N1,Y,,4,N1,17,,,1,,,14,,4,,,1,2,,9,,,1,,,,,340,,,Y,N1,A2600020,29,,,,2,,,,,,3,,,,,,,,,,,,,,,,,,,,,,,,,,,,,,,,,2,2,,,,,,,,,,,,
2026-10-01 01:00:01,전남광주통합특별시,A2600022,목포시의료원,20261001005502,061-260-6500,,,,,,,1,,1,,,,Y,,Y,N1,N1,Y,8,N1,69,N1,,N1,Y,,3,N1,9,,,1,,,,1,3,,,1,1,,1,,,,,,,,253,,,Y,N1,A2600022,30,,,,,4,,,,,,45,,,,,,,,,,,,,,,,,,,,,,,,,,,,,,,,,,,,,,,,,,,,,
2026-10-01 01:00:01,전남광주통합특별시,A2600003,대송의료재단무안병원,20261001005512,061-450-3000,,,,,,,1,,,,,,Y,,Y,N1,Y,Y,4,N1,53,N1,0,N1,Y,,2,N1,4,,,1,,,13,,2,,,1,1,,1,,,1,,,,,173,,,Y,N1,A2600003,31,,,,,11,,,,,,105,,,,,,,,,,,,,,,,,,,,,,,,,,,,,,,,,,,,,,,,,,,,,
2026-10-01 01:00:01,전남광주통합특별시,A2600052,보성아산병원,20261001005501,061-850-3410,,,,,,,1,,,,,,Y,,Y,N1,N1,Y,8,N1,58,N1,,N1,N1,,2,N1,8,,,1,,,,,2,,,1,,,2,,,,,,,,100,,,Y,N1,A2600052,32,,,,,,,,,,,,,,,,,,,,,,,,,,,,,,,,,,,,,,,,,,,,,,,,,,,,,,,,
2026-10-01 01:00:01,전남광주통합특별시,A2600066,의료법인삼호의료재단벌교삼호병원,20261001004702,061-859-5000,,,,,,,1,,,,,,Y,,Y,N1,N1,Y,6,N1,34,N1,,N1,N1,,1,N1,6,,,1,,,,,1,,,1,,,1,,,,,,,,80,,,Y,N1,A2600066,33,,,,,72,,,,,,261,,,,,,,,,,,,,,,,,,,,,,,,,,,,,,,,,,,,,,,,,,,,,
2026-10-01 01:00:01,전남광주통합특별시,A1500015,광주병원,20261001004902,062-260-7000,,,,,,,1,,,,,,Y,Y,Y,Y,N1,Y,6,N1,21,N1,0,N1,Y,,4,N1,10,,,1,,,13,,4,,,1,1,1,1,,,,,,,,278,,,Y,N1,A1500015,34,,,,,,,,,,,,,,,,,,,,,,,,,,,,,,,,,,,,,,,,,,,,,,,,,,,,,,,,
2026-10-01 01:00:01,전남광주통합특별시,A1500010,운암한국병원,20261001005238,062-608-8000,,,,,,,1,,,,,,N,,Y,N1,N1,N,8,N1,33,N1,,N1,N,,3,N1,9,,,1,,,,,3,,,1,1,,1,,,,,,,,208,,,Y,N1,A1500010,35,,,,,,,,,,,,,,,,,,,,,,,,,,,,,,,,,,,,,,,,,,,,,,,,,,,,,,,,
2026-10-01 01:00:01,전남광주통합특별시,A1500003,광주현대병원,20261001005218,062-570-0114,,,,,,,1,,,,,,Y,,Y,N1,N1,Y,7,N1,42,N1,,N1,Y,,5,N1,9,,,1,,,,,5,,,1,2,,1,,,,,,,,236,,,Y,N1,A1500003,36,,,,,,,,,,,,,,,,,,,,,,,,,,,,,,,,,,,,,,,,,,,1,1,,,,,,,,,,,,
2026-10-01 01:00:01,전남광주통합특별시,A1500005,광주일곡병원,20261001005119,062-608-7013,,,,,,,1,,,,,,Y,,Y,N1,N1,Y,9,N1,35,N1,,N1,Y,,2,N1,9,,,1,,,,,2,,,1,1,,1,,,,,,,,144,,,Y,N1,A1500005,37,,,,,,,,,,,,,,,,,,,,,,,,,,,,,,,,,,,,,,,,,,,,,,,,,,,,,,,,
2026-10-01 01:00:01,전남광주통합특별시,A1500007,광주희망병원,20261001005057,062-608-6000,,,,,,,1,,,,,,,,Y,N1,N1,N1,8,N1,70,N1,6,N1,N1,,2,N1,9,,,1,,,8,,3,,,,,,,,,,,,,,182,,,N1,N1,A1500007,38,,,,1,,,,,,1,,,,,,,,,,,,,,,,,,,,,,,,,,,,,,,,,,,,,,,,,,,,,,
2026-10-01 01:00:01,전남광주통합특별시,A1500022,상무병원,20261001005520,062-600-7000,,,,,,,1,,,,,,Y,,Y,N1,N1,Y,8,N1,59,N1,,N1,Y,,3,N1,9,,,1,,,,,3,,,1,1,,1,,,,,,,,202,,,Y,N1,A1500022,39,,,,,,,,,,,,,,,,,,,,,,,,,,,,,,,,,,,,,,,,,,,,,,,,,,,,,,,,
2026-10-01 01:00:01,전남광주통합특별시,A1500016,광주한국병원,20261001005311,062-380-3000,,,,,,,1,,,,,,Y,,Y,N1,N1,Y,12,N1,82,N1,,N1,Y,,4,N1,15,,,1,,,,,4,,,1,1,,1,,,,,,,,259,,,Y,N1,A1500016,40,,,,,,,,,,,,,,,,,,,,,,,,,,,,,,,,,,,,,,,,,,,,,,,,,,,,,,,,
2026-10-01 01:00:01,전남광주통합특별시,A1500014,미래로21병원,20261001005320,062-450-1000,,,,,,,1,,,,,,Y,Y,Y,Y,Y,Y,6,N1,49,N1,4,N1,Y,,3,N1,9,,,1,,,8,,3,,,1,1,1,4,,,1,,,,,192,,,Y,N1,A1500014,41,,,,,,,,,,,,,,,,,,,,,,,,,,,,,,,,,,,,,,,,,,,,,,,,,,,,,,,,
2026-10-01 01:00:01,전남광주통합특별시,A2600008,순천제일병원,20261001005254,061-720-3413,,,,,,,1,,,,,,Y,,Y,N1,N1,Y,9,N1,9,N1,,N1,Y,,2,N1,9,,,1,,,,,2,,,1,1,,1,,,,,,,,200,,,Y,N1,A2600008,42,,,,,,,,,,,,,,,,,,,,,,,,,,,,,,,,,,,,,,,,,,,,,,,,,,,,,,,,
2026-10-01 01:00:01,전남광주통합특별시,A2600056,전라남도순천의료원,20261001005502,061-759-9114,,,,,,0,1,,,6,,,Y,,Y,N1,N1,Y,6,N1,53,N1,4,N1,Y,,3,N1,6,,1,1,,,7,,3,15,,1,1,,13,,,,,,,,164,,,Y,N1,A2600056,43,,,,,23,,,,,,80,,,,,,,,,,,,,,,,,,,,,,,,,,,,,,,,,,,,,,,,,,,,,
2026-10-01 01:00:01,전남광주통합특별시,A2600005,의료법인한국의료재단한국병원,20261001005527,061-740-5000,,,,,,,1,,,,,,Y,,Y,N1,N1,Y,5,N1,88,N1,3,N1,Y,,3,N1,11,,,1,,,9,,3,,,1,1,,4,,,,,,,,229,,,Y,N1,A2600005,44,,,,,,,,,,,,,,,,,,,,,,,,,,,,,,,,,,,,,,,,,,,,,,,,,,,,,,,,
2026-10-01 01:00:01,전남광주통합특별시,A2600004,순천중앙병원,20261001005504,061-743-9021,,,,,,,1,,,,,,Y,,Y,N1,N1,Y,4,N1,70,N1,,N1,Y,,2,N1,5,,,1,,,,,2,,,1,1,,1,,,,,,,,200,,,Y,N1,A2600004,45,,,,,,,,,,,,,,,,,,,,,,,,,,,,,,,,,,,,,,,,,,,,,,,,,,,,,,,,
2026-10-01 01:00:01,전남광주통합특별시,A2600051,의료법인신안대우병원,20261001005530,061-262-3301,,,,,,,1,,,,,,Y,,Y,N1,N1,Y,4,N1,24,N1,,N1,N1,,,N1,4,,,1,,,,,,,,1,,,1,,,,,,,,30,,,Y,N1,A2600051,46,,,,,,,,,,,,,,,,,,,,,,,,,,,,,,,,,,,,,,,,,,,,,,,,,,,,,,,,
2026-10-01 01:00:01,전남광주통합특별시,A2600027,의료법인한마음의료재단여수제일병원,20261001005515,061-689-8123,,Y,,,,,1,,,,Y,,Y,,Y,N1,Y,Y,7,Y,30,N1,10,Y,Y,,6,N1,9,,,1,,,13,,6,,1,2,2,,5,,3,2,1,,,,365,,,Y,N1,A2600027,47,,,,1,,,,,,1,,,,,,,,,,,,,,,,,,,,,,,,,,,,,,,,,,,,,,,,,,,,,,
2026-10-01 01:00:01,전남광주통합특별시,A2600010,여수전남병원,20261001005508,061640-7128,,,,,,,1,,,,,,Y,,Y,N1,Y,Y,7,N1,36,N1,1,N1,Y,,4,N1,10,,,1,,,11,,4,,,2,1,,8,,,1,,,,,272,,,Y,N1,A2600010,48,,,,,,,,,,,,,,,,,,,,,,,,,,,,,,,,,,,,,,,,,,,,,,,,,,,,,,,,
2026-10-01 01:00:01,전남광주통합특별시,A2600034,의료법인 거명의료재단 영광기독병원,20261001005434,061-350-3000,,,,,,,1,,,,,,Y,,Y,N1,N1,Y,10,N1,43,N1,0,N1,Y,,2,N1,10,,,1,,,11,,2,,,1,1,,3,,,,,,,,195,,,Y,N1,A2600034,49,,,,,,,,,,,,,,,,,,,,,,,,,,,,,,,,,,,,,,,,,,,,,,,,,,,,,,,,
2026-10-01 01:00:01,전남광주통합특별시,A2600015,영광종합병원,20261001005350,061-350-8000,,N,,,,,1,,,,N,,Y,,Y,N1,N1,Y,8,N1,65,N1,0,N,Y,,3,N1,10,,,1,,,7,,3,,0,1,1,,4,,0,,,,,,259,,,Y,N1,A2600015,50,,,,,,,,,,,,,,,,,,,,,,,,,,,,,,,,,,,,,,,,,,,0,0,,,,,,,,,,,,
2026-10-01 01:00:01,전남광주통합특별시,A2600070,영암한국병원,20261001005515,061-470-7100,,,,,,,0,,,,,,Y,,Y,N1,N1,Y,7,N1,28,N1,,N1,N1,,2,N1,8,,,1,,,,,2,,,1,,,1,,,,,,,,126,,,Y,N1,A2600070,51,,,,,34,,,,,,172,,,,,,,,,,,,,,,,,,,,,,,,,,,,,,,,,,,,,,,,,,,,,
2026-10-01 01:00:01,전남광주통합특별시,A2600032,완도대성병원,20261001005507,061-553-1234,,,,,,,1,,,,,,Y,,Y,N1,N1,Y,4,N1,52,N1,,N1,N1,,1,N1,5,,,1,,,,,1,,,1,,,1,,,,,,,,98,,,Y,N1,A2600032,52,,,,,,,,,,,,,,,,,,,,,,,,,,,,,,,,,,,,,,,,,,,,,,,,,,,,,,,,
2026-10-01 01:00:01,전남광주통합특별시,A2600035,의료법인행복나눔의료재단장성병원,20261001005255,061-390-9000,,,,,,,1,,,,,,Y,,Y,N1,N1,Y,4,N1,40,N1,,N1,N1,,,N1,4,,,1,,,,,1,,,1,,,,,,,,,,,104,,,N1,N1,A2600035,53,,,,,,,,,,,16,,,,,,,,,,,,,,,,,,,,,,,,,,,,,,,,,,,,,,,,,,,,,
2026-10-01 01:00:01,전남광주통합특별시,A2600021,의료법인우범의료재단장흥종합병원,20261001005442,061-862-8300,,,,,,,1,,,,,,Y,,Y,N1,N1,Y,9,N1,45,N1,,N1,Y,,2,N1,9,,,1,,,,,2,,,1,1,,1,,,,,,,,182,,,Y,N1,A2600021,54,,,,,,,,,,,,,,,,,,,,,,,,,,,,,,,,,,,,,,,,,,,,,,,,,,,,,,,,
2026-10-01 01:00:01,전남광주통합특별시,A2600037,장흥우리병원,20261001005500,061-862-6262,,,,,,,1,,,,,,Y,,Y,N1,N1,Y,4,N1,73,N1,2,N1,Y,,2,N1,4,,,1,,,5,,2,,,1,1,,1,,,,,,,,140,,,Y,N1,A2600037,55,,,,,,,,,,,,,,,,,,,,,,,,,,,,,,,,,,,,,,,,,,,,,,,,,,,,,,,,
2026-10-01 01:00:01,전남광주통합특별시,A2602088,의료법인남우의료재단 진도전남병원,20261001005307,061544-7933,,,,,,,1,,,,,,,,Y,N1,N1,N1,5,N1,48,N1,,N1,N1,,,N1,5,,,1,,,,,,,,,,,1,,,,,,,,100,,,Y,N1,A2602088,56,,,,,,,,,,,,,,,,,,,,,,,,,,,,,,,,,,,,,,,,,,,,,,,,,,,,,,,,
2026-10-01 01:00:01,전남광주통합특별시,A2600040,진도한국병원,20261001005409,061-544-2051,,,,,,,1,,,,,,,,Y,N1,N1,N1,4,N1,24,N1,,N1,N1,,,N1,4,,,1,,,,,,,,,,,,,,,,,,,40,,,N1,N1,A2600040,57,,,,,,,,,,,,,,,,,,,,,,,,,,,,,,,,,,,,,,,,,,,,,,,,,,,,,,,,
2026-10-01 01:00:01,전남광주통합특별시,A2600077,해남우리종합병원,20261001005516,061530-7000,,,,5,,,4,,,,,,Y,,Y,N1,N1,Y,15,N1,99,N1,3,N1,Y,,2,N1,15,,,4,,,23,,2,,,2,1,,9,,,,,,,,338,,24,Y,N1,A2600077,58,,,,2,,,,,,2,,,,,,,,,,,,,,,,,,,,,,,,,,,,,,,,,,,,,,,,,,,,,,
2026-10-01 01:00:01,전남광주통합특별시,A2600009,의료법인행촌의료재단해남종합병원,20261001005501,061-536-4116,,,,18,,,1,,,,Y,,Y,,Y,N1,N1,Y,10,N1,142,N1,4,N1,Y,,3,N1,10,,,1,,,18,,3,,1,1,1,,1,,,,,,,,351,,18,Y,N1,A2600009,59,,,,,,,,,,,,,,,,,,,,,,,,,,,,,,,,,,,,,,,,,,,,,,,,,,,,,,,,
2026-10-01 01:00:01,강원특별자치도,A2200008,강릉아산병원,20261001005516,033-610-3114,Y,Y,0,,3,2,3,1,8,,Y,,Y,Y,Y,Y,Y,Y,14,Y,27,Y,,Y,Y,1,15,Y,23,3,2,3,18,13,,38,15,,2,4,3,4,33,8,12,8,5,1,,2,604,1,,Y,Y,A2200008,1,,0,0,,,,14,16,,,,,,0,,6,,,,,,,,,,,,,,,,,,,,,,,,,,,,,,,,,,,,,,,,
2026-10-01 01:00:01,강원특별자치도,A2200001,연세대학교원주세브란스기독병원,20261001005002,033-741-0114,Y,Y,0,,3,2,3,2,5,,Y,,Y,Y,Y,Y,Y,Y,16,Y,32,Y,,Y,Y,-1,15,Y,29,3,2,3,20,19,,30,15,,2,5,4,7,100,12,25,16,7,13,,4,584,2,,Y,Y,A2200001,2,1,5,3,,4,4,15,12,20,,24,4,24,,36,,,,3,15,,,,,,,,,,,,,,,,,,,,,,,,,2,6,2,6,5,2,40,2,,,,
2026-10-01 01:00:01,강원특별자치도,A2200013,한림대학교춘천성심병원,20261001005107,033-240-5000,Y,Y,,,2,,,3,23,2,Y,Y,Y,Y,Y,Y,Y,Y,16,Y,63,Y,6,Y,Y,,9,Y,22,3,,,20,,20,45,9,2,1,2,2,3,33,1,4,6,2,1,1,1,266,,,Y,Y,A2200013,3,2,,,0,,,,,,2,,2,3,0,3,2,,,,,,,,,,,,,0,,,,8,,,,,,,,,,,,,,,,,,,,,,,
2026-10-01 01:00:01,강원특별자치도,A2200005,의료법인강릉동인병원,20261001005503,033-650-6113,,,,,,1,2,0,2,,,,Y,Y,Y,Y,Y,Y,17,N1,92,N1,0,N1,Y,,5,N1,17,,1,2,2,,10,4,5,,,2,1,1,14,,,1,,,,,244,,,Y,N1,A2200005,4,,0,,2,4,,12,,,2,101,,,,,,,,,,,,,,,,,,,,,,,,,,,,,,,,,,,,,,,,,,,,,
2026-10-01 01:00:01,강원특별자치도,A2200007,강원특별자치도삼척의료원,20261001005502,033-572-1141,,Y,,,1,2,1,1,3,8,Y,,Y,,Y,N1,Y,Y,15,N1,57,N1,0,Y,Y,,4,N1,16,1,2,1,2,,6,3,4,10,1,1,1,,3,,3,1,,,,,189,,,Y,N1,A2200007,5,,,,0,,,,,,2,,,,,,,,,,,,,,,,,,,,,,,,,,,,,,,,,,,,,,,,,,,,,,
2026-10-01 01:00:01,강원특별자치도,A2200012,강원특별자치도속초의료원,20261001005501,033-630-6000,Y,Y,,,,2,1,,,,Y,,Y,,Y,N1,N1,Y,16,N1,61,N1,3,Y,Y,,3,N1,17,,2,1,,,8,,3,,2,1,1,,7,1,1,,,,,,154,,,Y,Y,A2200012,6,,,,,,,,,,,,,,,,,,,,,,,,,,,,,,,,,,,,,,,,,,,,,,,,,,,,,,,,
2026-10-01 01:00:01,강원특별자치도,A2200009,강원대학교병원,20261001005500,033-258-2000,Y,Y,-1,,3,2,3,1,,6,Y,,Y,Y,Y,Y,Y,Y,15,Y,214,Y,,Y,Y,10,11,N1,21,3,2,3,5,15,,,11,14,3,4,2,4,43,13,24,12,3,10,,,508,0,,Y,Y,A2200009,7,,3,,0,5,,10,,,2,16,,,,,,3,8,1,8,,,,,,2,,,,,8,,,,,,,,,,,,,,,,,,,,,,,,,
2026-10-01 01:00:01,강원특별자치도,A2200011,강원특별자치도강릉의료원,20261001005501,033-610-1200,,,,20,,,1,,,5,,,Y,,Y,N1,N1,Y,2,N1,36,N1,0,N1,Y,,2,N1,5,,,1,,,8,,2,5,,1,1,,4,,,,,,,,122,,20,Y,N1,A2200011,8,,,,,,,,,,,,,,,,,,,,,,,,,,,,,,,,,,,,,,,,,,,,,,,,,,,,,,,,
2026-10-01 01:00:01,강원특별자치도,A2200003,의료법인동해동인병원,20261001005504,033-530-0114,,,,,,,1,,,,,,Y,,Y,N1,N1,Y,9,N1,27,N1,9,N1,Y,,2,N1,10,,,1,,,19,,2,,,1,1,,7,,,,,,,,178,,,Y,N1,A2200003,9,,,,1,56,,,,,1,110,,,,,,,,,,,,,,,,,,,,,,,,,,,,,,,,,,,,,,,,,,,,,
2026-10-01 01:00:01,강원특별자치도,A2200046,의료법인온세움의료재단온재병원,20261001005539,033-639-8633,,,,,,,1,,,,,,Y,,Y,N1,N1,Y,7,N1,69,N1,0,N1,Y,,4,N1,9,,,1,,,15,,4,,,1,1,,5,,,,,,,,219,,,Y,N1,A2200046,10,,,,,24,,,,,,59,,,,,,,,,,,,,,,,,,,,,,,,,,,,,,,,,,,,,,,,,,,,,
2026-10-01 01:00:01,강원특별자치도,A2200037,의료법인성심의료재단양구성심병원,20261001005504,033-480-8803,,Y,,,,1,,,,,Y,,Y,,Y,N1,N1,Y,5,N1,32,N1,,Y,N1,,,N1,5,,1,,,,,,,,1,1,,,1,,1,,,,,,52,,,Y,N1,A2200037,11,,,,,,,,,,,,,,,,,,,,,,,,,,,,,,,,,,,,,,,,,,,,,,,,,,,,,,,,
2026-10-01 01:00:01,강원특별자치도,A2200002,강원특별자치도영월의료원,20261001005001,033-370-9101,,Y,,,,,,,,0,Y,,Y,,Y,N1,N1,Y,9,N1,39,N1,4,Y,Y,,2,N1,9,,,,,,10,,2,2,1,1,1,,7,,3,,,,,,174,,,Y,N1,A2200002,12,,,,1,,,,,,2,,,,,,,,,,,,,,,,,,,,,,,,,,,,,,,,,1,1,,,,,,,,,,,,
2026-10-01 01:00:01,강원특별자치도,A2200015,강원특별자치도원주의료원,20261001005501,033-760-4500,,,,,,1,2,,,,,,Y,,Y,N1,N1,Y,13,N1,77,N1,7,N1,Y,,3,N1,17,,1,2,,,20,,3,,,2,1,,7,,,,,,,,259,,,Y,N1,A2200015,13,,,,,,,,,,,,,,,,,,,,,,,,,,,,,,,,,,,,,,,,,,,,,,,,,,,,,,,,
2026-10-01 01:00:01,강원특별자치도,A2200024,의료법인성지의료재단성지병원,20261001004858,033-760-3101,,,,13,,,1,,,,,,Y,,Y,N1,N1,Y,6,N1,-82,N1,9,N1,Y,,4,N1,7,,,1,,,9,,4,,,1,2,,4,,,,,,,,135,,13,Y,N1,A2200024,14,,,,,,,,,,,,,,,,,,,,,,,,,,,,,,,,,,,,,,,,,,,,,,,,,,,,,,,,
2026-10-01 01:00:01,강원특별자치도,A2200048,근로복지공단정선병원,20261001005300,033-560-7100,,,,,,,1,,,,,,Y,,Y,N1,N1,Y,5,N1,39,N1,,N1,N1,,,N1,5,,,1,,,,,,,,1,,,3,,,,,,,,149,,,Y,N1,A2200048,15,,,,,,,,,,,,,,,,,,,,,,,,,,,,,,,,,,,,,,,,,,,,,,,,,,,,,,,,
2026-10-01 01:00:01,강원특별자치도,A2201730,철원병원,20261001005002,033-452-5011,N,Y,,,,1,,,,,Y,N,Y,N,Y,N,N,Y,4,N,30,N,,Y,Y,,2,N,5,,1,,,,,,2,,1,1,1,0,1,0,1,0,0,0,0,0,68,,,Y,N,A2201730,16,,,,,,,,,,,,,,,,,,,,,,,,,,,,,,,,,,,,,,,,,,,,,,,,,,,,,,,,
2026-10-01 01:00:01,강원특별자치도,A2200004,근로복지공단태백병원,20261001005400,033-580-3114,,,,,,1,,,,,Y,,Y,,Y,N1,N1,Y,9,N1,88,N1,1,N1,Y,,2,N1,9,,1,,,,9,,2,,1,1,1,,8,,,,,,,,223,,,Y,N1,A2200004,17,,,,1,,,,,,1,,,,,,,,,,,,,,,,,,,,,,,,,,,,,,,,,,,,,,,,,,,,,,
2026-10-01 01:00:01,강원특별자치도,E2200026,평창군보건의료원,20261001005501,033-332-4000,,,,,,,1,,,,,,Y,,Y,N1,N1,Y,5,N1,20,N1,,N1,N1,,,N1,6,,,1,,,,,,,,1,,,1,,,,,,,,20,,,Y,N1,E2200026,18,,,,,,,,,,,,,,,,,,,,,,,,,,,,,,,,,,,,,,,,,,,,,,,,,,,,,,,,
2026-10-01 01:00:01,강원특별자치도,A2200014,홍천아산병원,20261001005000,033-430-5211,,,,,,,,,,,,,Y,,Y,N1,N1,Y,10,N1,3,N1,0,N1,Y,,2,N1,10,,,,,,7,,2,,,1,1,,4,,,,,,,,128,,,Y,N1,A2200014,19,,,,,,,,,,,,,,,,,,,,,,,,,,,,,,,,,,,,,,,,,,,,,,,,,,,,,,,,
2026-10-01 01:00:01,강원특별자치도,E2200025,화천군보건의료원,20261001005501,033-441-4000,,,,,,,1,,,,,,,,Y,N1,N1,N1,6,N1,15,N1,,N1,N1,,,N1,7,,,1,,,,,,,,,,,1,,,,,,,,16,,,Y,N1,E2200025,20,,,,,,,,,,,,,,,,,,,,,,,,,,,,,,,,,,,,,,,,,,,,,,,,,,,,,,,,
2026-10-01 01:00:01,강원특별자치도,A2200016,횡성대성병원,20261001005525,033-343-0901,,,,,,,1,,,,,,Y,,Y,N1,N1,Y,9,N1,32,N1,,N1,Y,,1,N1,9,,,1,,,,,1,,,1,1,,1,,,,,,,,114,,,Y,N1,A2200016,21,,,,,,,,,,,,,,,,,,,,,,,,,,,,,,,,,,,,,,,,,,,,,,,,,,,,,,,,
2026-10-01 01:00:01,충청북도,A2300001,충북대학교병원,20261001005500,043-269-6114,Y,Y,,,8,,,3,21,10,Y,,Y,Y,Y,Y,Y,Y,21,Y,201,Y,5,Y,Y,9,16,N1,30,8,,,18,25,17,40,16,13,2,4,4,6,98,13,31,18,10,17,,,558,,,Y,Y,A2300001,1,2,0,,5,10,14,8,,20,5,21,2,3,2,3,2,,,,,,,,,,,,,3,,,,4,,,,,,,,,,,,2,6,2,6,4,2,40,2,,,,
2026-10-01 01:00:01,충청북도,A2300009,의료법인명지의료재단명지병원,20261001005231,043-640-8114,,,,,3,2,4,2,,,,,Y,Y,Y,Y,Y,Y,18,Y,55,N1,11,N1,Y,,3,N1,18,3,2,4,2,,15,,3,,,2,1,1,10,,,2,1,,,,201,,,Y,N1,A2300009,2,,,,3,,,,,,3,,,,,,,,,,,,,,,,,,,,,,,,,,,,,,,,,,,,,,,,,,,,,,
2026-10-01 01:00:01,충청북도,A2300005,의료법인자산의료재단제천서울병원,20261001005048,043-642-7606,,,,,,1,4,0,2,,,,Y,,Y,N1,Y,Y,13,N1,50,N1,1,N1,Y,,3,Y,15,,1,4,2,,11,3,3,,,1,1,,10,,,1,,,,1,202,,,Y,N1,A2300005,3,,,,,,,,,,,,,,,,,,,,,,,,,,,,,,,,,,,,,,,,,,,,,,,,,,,,,,,,
2026-10-01 01:00:01,충청북도,A2300013,의료법인 건명의료재단 중앙제일병원,20261001005415,043-533-1711,,,,,,3,,,,31,,,Y,,Y,N1,Y,Y,16,N1,52,N1,3,N1,Y,,5,N1,17,,3,,,,12,,5,31,,2,2,,6,,,1,,,,,192,,,Y,N1,A2300013,4,,,,0,,,,,,6,,,,,,,,,,,,,,,,,,,,,,,,,,,,,,,,,,,,,,,,,,,,,,
2026-10-01 01:00:01,충청북도,A2300007,의료법인인화재단한국병원,20261001005300,043-222-7000,,Y,,,,1,2,0,0,1,Y,,Y,Y,Y,Y,Y,Y,12,N1,53,N1,0,Y,Y,,8,N1,14,,1,2,2,,22,4,8,1,1,3,3,2,18,,1,3,,,,,399,,,Y,N1,A2300007,5,,,,0,,,,,,1,,,,,,,,,,,,,,,,,,,,,,,,,,,,,,,,,3,3,,,,,,,,,,,,
2026-10-01 01:00:01,충청북도,A2300003,의료법인정산의료재단효성병원,20261001005027,043-221-5000,,N,,,,1,4,0,0,,Y,,Y,Y,Y,Y,Y,Y,18,N1,69,N1,1,N,Y,,4,Y,18,,1,4,2,,27,3,4,,1,3,4,2,19,,1,2,,,,1,363,,,Y,N1,A2300003,6,,,,1,,,,,,2,,,,,,,,,,,,,,,,,,,,,,,,,,,,,,,,,,,,,,,,,,,,,,
2026-10-01 01:00:01,충청북도,A2300008,청주성모병원,20261001005509,043-219-8000,,Y,,,,2,3,2,4,2,Y,,Y,Y,Y,Y,Y,Y,7,N1,109,N1,,Y,Y,,8,N1,15,,2,5,2,,,4,8,30,1,3,2,2,19,,2,2,,,,,358,,,Y,N1,A2300008,7,,2,5,0,,,13,12,,1,,,,,,,,,,,,,,,,,,,,,,,,,,,,,,,,,,,,,,,,,,,,,,
2026-10-01 01:00:01,충청북도,A2300002,의료법인한마음의료재단하나병원,20261001005105,043-230-6114,,,,,,1,2,1,0,,,,Y,Y,Y,Y,Y,Y,7,N1,122,N1,-1,N1,Y,,7,Y,11,,1,2,2,,22,3,7,,,3,3,2,20,,,4,,,,1,460,,,Y,N1,A2300002,8,,,,1,,,,,,2,,,,,,,,,,,,,,,,,,,,,,,,,,,,,,,,,9,9,,,,,,,,,,,,
2026-10-01 01:00:01,충청북도,A2300010,건국대학교충주병원,20261001005501,043-840-8593,Y,Y,,,,1,2,,,1,Y,,Y,Y,Y,Y,Y,Y,17,Y,77,N1,6,Y,Y,,5,N1,20,,1,2,,,18,,5,1,1,2,1,2,11,1,4,3,1,,,,194,,,Y,Y,A2300010,9,,,,,,,,,,,,,,,,,,,,,,,,,,,,,,,,,,,,,,,,,,,,,,,,,,,,,,,,
2026-10-01 01:00:01,충청북도,A2300034,의료법인대광의료재단괴산성모병원,20261001005457,043-830-5400,,,,,,,0,,,,,,Y,,Y,N1,N1,Y,9,N1,14,N1,,N1,Y,,1,N1,9,,,1,,,,,1,,,1,1,,3,,,,,,,,153,,,Y,N1,A2300034,10,,,,,,,,,,,,,,,,,,,,,,,,,,,,,,,,,,,,,,,,,,,,,,,,,,,,,,,,
2026-10-01 01:00:01,충청북도,E2300011,단양군보건의료원,20261001005502,043-420-3203,,,,,,1,,,,2,,,Y,,Y,N1,N1,Y,6,N1,14,N1,,N1,N1,,,N1,6,,1,,,,,,,2,,1,,,1,,,,,,,,14,,,Y,N1,E2300011,11,,,,,,,,,,,,,,,,,,,,,,,,,,,,,,,,,,,,,,,,,,,,,,,,,,,,,,,,
2026-10-01 01:00:01,충청북도,A2300030,의료법인조윤의료재단영동병원,20261001005505,043-740-9000,,Y,,,,,,,,,Y,,Y,,Y,N1,N1,Y,10,N1,19,N1,,Y,Y,,2,N1,10,,,,,,,,2,,1,1,1,,3,,1,,,,,,161,,,Y,N1,A2300030,12,,,,,,,,,,,,,,,,,,,,,,,,,,,,,,,,,,,,,,,,,,,,,,,,,,,,,,,,
2026-10-01 01:00:01,충청북도,A2300011,의료법인힐링의료재단옥천성모병원,20261001005128,043-730-7000,,,,,,2,1,,,,,,Y,,Y,N1,N1,Y,7,N1,34,N1,0,N1,Y,,2,N1,7,,2,1,,,7,,2,,,1,1,,4,,,,,,,,157,,,Y,N1,A2300011,13,,,,,,,,,,,,,,,,,,,,,,,,,,,,,,,,,,,,,,,,,,,,,,,,,,,,,,,,
2026-10-01 01:00:01,충청북도,A2300006,충청북도청주의료원,20261001005502,043-279-2300,,Y,,,,1,,,,6,Y,,Y,Y,Y,Y,Y,Y,12,N1,153,N1,17,Y,Y,,5,N1,12,,1,,,,21,,5,6,1,1,1,1,11,,1,1,,,,,359,,,Y,N1,A2300006,14,,,,3,90,,,,,3,90,,,,,,,,,,,,,,,,,,,,,,,,,,,,,,,,3,3,,,,,,,,,,,,
2026-10-01 01:00:01,충청북도,A2300004,충청북도충주의료원,20261001005502,043-871-0114,,,,,,1,2,,,,,,Y,Y,Y,Y,Y,Y,17,N1,112,N1,1,N1,Y,,4,N1,18,,1,2,,,11,,4,,,1,1,1,8,,,1,,,,,282,,,Y,N1,A2300004,15,,,,1,,,,,,1,,,,,,,,,,,,,,,,,,,,,,,,,,,,,,,,,,,,,,,,,,,,,,
2026-10-01 01:00:01,충청남도,A2400002,단국대학교의과대학부속병원,20261001005500,041-550-7114,Y,Y,,,4,,1,7,0,0,Y,,Y,Y,Y,Y,Y,Y,19,Y,35,Y,,Y,Y,0,13,Y,25,4,,1,18,25,,30,13,8,3,4,3,6,65,14,29,15,7,17,,1,640,,,Y,Y,A2400002,1,2,,2,1,8,3,,13,20,1,20,2,2,0,2,2,,,6,13,,,,,,,,,,,,,,,,,,,,,,,,,1,6,2,6,2,2,40,2,,2,,7
2026-10-01 01:00:01,충청남도,A2400001,학교법인동은학원순천향대학교부속천안병원,20261001005103,041-570-2114,Y,Y,1,,11,4,3,8,7,4,Y,Y,Y,Y,Y,Y,Y,Y,14,Y,92,Y,,Y,Y,1,21,Y,22,14,4,3,17,38,,30,21,14,11,6,4,6,60,20,57,6,6,10,1,1,765,1,,Y,Y,A2400001,2,,9,5,5,,,18,15,,6,,,,,,,,,,,1,3,,,,,2,2,,,,2,,,6,1,3,,,,,,,,,,,,,,,,,,,
2026-10-01 01:00:01,충청남도,A2400009,의료법인백제병원,20261001005236,041-733-2191,,,,,,1,2,,,,,,Y,Y,Y,Y,Y,Y,18,N1,30,N1,-2,N1,Y,,4,N1,20,,1,2,,,26,,4,,,2,2,1,11,,,3,,,,,398,,,Y,N1,A2400009,3,,,,,20,,,,,,49,,,,,,,,,,,,,,,,,,,,,,,,,,,,,,,,,,,,,,,,,,,,,
2026-10-01 01:00:01,충청남도,A2400008,당진종합병원,20261001005518,041-357-0100,,,,,,1,2,,,,,,Y,Y,Y,Y,Y,Y,13,N1,90,N1,2,N1,Y,,4,N1,17,,1,2,,,13,,4,,,2,2,1,5,,,1,,,,,246,,,Y,N1,A2400008,4,,,,,,,,,,,,,,,,,,,,,,,,,,,,,,,,,,,,,,,,,,,,,,,,,,,,,,,,
2026-10-01 01:00:01,충청남도,A2400011,재단법인아산사회복지재단보령아산병원,20261001005001,041-930-5114,,,,,,1,2,,,,,,Y,,Y,N1,N1,Y,16,N1,28,N1,1,N1,Y,,2,N1,17,,1,2,,,8,,2,,,1,1,,4,,,,,,,,221,,,Y,N1,A2400011,5,,,,,,,,,,,,,,,,,,,,,,,,,,,,,,,,,,,,,,,,,,,,,,,,,,,,,,,,
2026-10-01 01:00:01,충청남도,A2400003,서산중앙병원,20261001005506,041-661-1000,,,,,,1,2,,,,,,Y,,Y,N1,Y,Y,16,N1,61,N1,11,N1,Y,,4,N1,17,,1,2,,,19,,4,,,1,1,,7,,,1,,,,,288,,,Y,N1,A2400003,6,,,,,,,,,,,,,,,,,,,,,,,,,,,,,,,,,,,,,,,,,,,,,,,,,,,,,,,,
2026-10-01 01:00:01,충청남도,A2400006,충청남도서산의료원,20261001005102,041-689-7000,,,,,,1,2,0,2,5,,,Y,,Y,N1,N1,Y,14,N1,42,N1,0,N1,Y,,3,N1,17,,1,2,2,,8,4,3,5,,2,1,,10,,,,,,,,259,,,Y,N1,A2400006,7,,,,,,,,,,,,,,,,,,,,,,,,,,,,,,,,,,,,,,,,,,,,,,,,,,,,,,,,
2026-10-01 01:00:01,충청남도,A2402257,아산충무병원,20261001005245,041-536-6666,,,,,,,,0,2,,Y,,Y,Y,Y,Y,Y,Y,10,Y,205,Y,2,N1,Y,,3,N1,13,,,,2,,22,3,4,,1,2,2,3,27,,,4,2,1,,,453,,,Y,N1,A2402257,8,1,,,2,,,,,,2,,1,7,,7,,,,,,,,,,,,,,,,,,,,,,,,,,,,,,,,,,,,,,,5,,5
2026-10-01 01:00:01,충청남도,A2400012,의료법인영서의료재단천안충무병원,20261001005407,041-570-7555,,,,,,1,4,0,0,,,,Y,Y,Y,Y,Y,Y,11,Y,22,N1,0,N1,Y,,5,N1,16,,1,4,2,,17,4,5,,,2,2,3,26,,,3,3,,,,329,,,Y,N1,A2400012,9,,,,0,,,,,,3,,,,,,,,,-1,7,,,,,,,,,,,,,,,,,,,,,,,,,,,,,,,,,,,,
2026-10-01 01:00:01,충청남도,A2400007,충청남도홍성의료원,20261001005402,041-630-6251,,,,,1,1,2,2,3,0,Y,,Y,N,Y,N,Y,Y,17,N1,94,N1,0,N1,Y,,4,N,18,1,1,2,2,,22,3,4,1,1,2,2,1,10,,,1,,,,2,260,,,Y,N1,A2400007,10,,,,0,5,,,,,1,49,,,,,,,,,,,,,,,,,,,,,,,,,,,,,,,,,,,,,,,,,,,,,
2026-10-01 01:00:01,충청남도,A2400010,충청남도공주의료원,20261001005402,041-962-1111,,,,,,,1,,,3,,,Y,,Y,N1,Y,Y,9,N1,82,N1,2,N1,Y,,6,N1,15,,,1,,,16,,6,6,,1,1,,9,,,2,,,,,273,,,Y,N1,A2400010,11,,,,,,,,,,,,,,,,,,,,,,,,,,,,,,,,,,,,,,,,,,,,,,,,,,,,,,,,
2026-10-01 01:00:01,충청남도,A2400038,학교법인건양교육재단건양대학교부여병원,20261001005405,041-837-1200,,,,,,,1,,,,,,Y,,Y,N1,N1,Y,9,N1,24,N1,,N1,N1,,1,N1,9,,,1,,,,,1,,,1,,,1,,,,,,,,55,,,Y,N1,A2400038,12,,,,,,,,,,,,,,,,,,,,,,,,,,,,,,,,,,,,,,,,,,,,,,,,,,,,,,,,
2026-10-01 01:00:01,충청남도,A2400044,의료법인서해의료재단서해병원,20261001005527,041-951-8282,,,,,,,2,,,,,,Y,,Y,N1,N1,Y,5,N1,21,N1,,N1,N1,,,N1,5,,,2,,,,,,,,1,,,1,,,,,,,,79,,,Y,N1,A2400044,13,,,,,,,,,,,,,,,,,,,,,,,,,,,,,,,,,,,,,,,,,,,,,,,,,,,,,,,,
2026-10-01 01:00:01,충청남도,A2400039,현대병원,20261001005001,041-546-3636,N,N,,,,,1,,,,N,N,Y,N,Y,N,N,Y,9,N,13,N,0,N,Y,,3,N,9,,,1,,,7,,3,,0,1,1,0,3,0,0,0,0,0,0,0,84,,,Y,N,A2400039,14,,,,,,,,,,,,,,,,,,,0,0,,,,,,,,,,,,,,,,,,,,,,,,,,,,,,,,,,,,
2026-10-01 01:00:01,충청남도,A2400004,의료법인 예당의료재단 예산종합병원,20261001005447,041-330-4000,,,,,,,1,,,,,,Y,,Y,N1,N1,Y,6,N1,12,N1,4,N1,Y,,0,N1,6,,,1,,,9,,0,,,0,0,,0,,,,,,,,88,,,Y,N1,A2400004,15,,,,,,,,,,,,,,,,,,,,,,,,,,,,,,,,,,,,,,,,,,,,,,,,,,,,,,,,
2026-10-01 01:00:01,충청남도,A2400005,충청남도천안의료원,20261001005501,041-570-7200,,,,6,,1,,,,,,,Y,,Y,N1,N1,Y,9,N1,77,N1,4,N1,Y,,4,N1,12,,1,,,,15,,4,,,1,1,,10,,,,,,,,241,,6,Y,N1,A2400005,16,,,,,,,,,,,,,,,,,,,,,,,,,,,,,,,,,,,,,,,,,,,,,,,,,,,,,,,,
2026-10-01 01:00:01,충청남도,E2400032,청양군보건의료원,20261001005501,041-940-4531,,,,,,,1,,,,,,Y,,Y,N1,N1,Y,6,N1,12,N1,,N1,N1,,1,N1,6,,,1,,,,,1,,,1,,,1,,,,,,,,12,,,Y,N1,E2400032,17,,,,,,,,,,,,,,,,,,,,,,,,,,,,,,,,,,,,,,,,,,,,,,,,,,,,,,,,
2026-10-01 01:00:01,충청남도,E2400033,태안군보건의료원,20261001005501,041-671-5300,,,,,,,1,,,,,,Y,,Y,N1,N1,Y,10,N1,23,N1,,N1,N1,,,N1,10,,,1,,,,,,,,1,,,1,,,,,,,,34,,,Y,N1,E2400033,18,,,,,,,,,,,,,,,,,,,,,,,,,,,,,,,,,,,,,,,,,,,,,,,,,,,,,,,,
2026-10-01 01:00:01,전북특별자치도,A2500001,원광대학교병원,20261001005517,063-859-1114,Y,Y,,,3,,,3,5,0,Y,,Y,Y,Y,Y,Y,Y,7,Y,24,Y,5,Y,Y,7,15,Y,26,3,,,18,15,15,31,15,2,1,5,4,5,11,12,20,8,4,1,,2,543,,,Y,Y,A2500001,1,2,2,6,4,1,1,8,15,20,7,30,2,1,1,3,2,2,8,,,,,,,,,,,,,,,,,,,,,,,,,,,2,6,2,6,11,2,40,2,,,,
2026-10-01 01:00:01,전북특별자치도,A2500002,전북대학교병원,20261001005419,063-250-1114,Y,Y,2,,5,,,5,2,15,Y,,Y,Y,Y,Y,Y,Y,15,Y,197,Y,,Y,Y,18,21,N1,36,5,,,17,25,,30,21,15,3,1,2,5,11,15,22,4,2,1,,,836,2,,Y,Y,A2500002,2,2,4,5,2,7,,10,8,,2,23,2,4,0,5,1,6,15,6,18,,,,,,7,,,,,10,,,,,,,,,,,,,,,,,,,,,,,,,
2026-10-01 01:00:01,전북특별자치도,A2500007,전북특별자치도군산의료원,20261001005301,063-472-5000,,Y,,,,1,2,0,2,,Y,,Y,,Y,N1,N1,Y,6,N1,96,N1,10,Y,Y,,6,N1,17,,1,2,2,,18,3,6,,1,1,1,,18,,2,,,,,,285,,,Y,N1,A2500007,3,,,,1,,,,,,2,,,,,,,,,,,,,,,,,,,,,,,,,,,,,,,,,,,,,,,,,,,,,,
2026-10-01 01:00:01,전북특별자치도,A2500012,의료법인오성의료재단동군산병원,20261001005350,063-440-0570,,,,0,,1,4,2,0,,,,Y,Y,Y,Y,Y,Y,16,N1,29,N1,4,N1,Y,,6,N1,17,,1,5,2,,24,3,6,,,2,2,2,13,,,2,,,,,262,,0,Y,N1,A2500012,4,,,,,,,,,,,,,,,,,,,,,,,,,,,,,,,,,,,,,,,,,,,,,,,,,,,,,,,,
2026-10-01 01:00:01,전북특별자치도,A2500004,전북특별자치도남원의료원,20261001005502,063-620-1114,,Y,,,,1,2,1,3,,Y,,Y,,Y,N1,N1,Y,17,N1,53,N1,1,Y,Y,,3,N1,17,,1,2,2,,7,3,3,,3,2,1,,10,,1,,,,,,187,,,Y,N1,A2500004,5,,,,1,,,,,,1,,,,,,,,,,,,,,,,,,,,,,,,,,,,,,,,,,,,,,,,,,,,,,
2026-10-01 01:00:01,전북특별자치도,A2500011,의료법인대산의료재단익산병원,20261001005505,063-840-9114,,,,,,1,2,,,,,,Y,Y,Y,Y,Y,Y,11,N1,37,N1,5,N1,Y,,5,N1,17,,1,2,,,17,,5,,,2,2,1,7,,,1,,,,,333,,,Y,N1,A2500011,6,,,,0,,,,,,1,,,,,,,,,,,,,,,,,,,,,,,,,,,,,,,,,,,,,,,,,,,,,,
2026-10-01 01:00:01,전북특별자치도,A2500056,대자인병원,20261001005407,063-240-2000,,,,,,2,3,,,,,Y,Y,Y,Y,Y,Y,Y,17,Y,34,Y,2,N1,Y,,15,Y,25,,2,3,,,15,,15,,,4,3,2,12,,,4,2,1,1,1,45,,,Y,N1,A2500056,7,,,4,0,,,,36,,4,,,,,,,,,,,,,,,,,,,,,,,,,,,,,,,,,,,,,,,,,,,,,,
2026-10-01 01:00:01,전북특별자치도,A2500006,재단법인예수병원유지재단예수병원,20261001005411,063-230-8114,Y,Y,,,5,1,2,,,0,Y,,Y,Y,Y,Y,Y,Y,29,Y,85,N1,-1,Y,Y,2,13,Y,38,10,1,2,,12,23,,14,5,4,4,3,4,40,6,11,7,2,,,2,685,,,Y,Y,A2500006,8,,,,4,,,,,,4,,,,,,,,,2,14,1,0,,,,,2,3,,,,2,,,6,1,1,,,,,,,,,,,,,,,,,,,
2026-10-01 01:00:01,전북특별자치도,A2500005,의료법인영경의료재단전주병원,20261001005314,063-220-7200,,,,,,1,2,,,,,,Y,,Y,N1,Y,Y,10,N1,-2,N1,0,N1,Y,,5,N1,17,,1,2,,,9,,5,,,1,2,,6,,,1,,,,,275,,,Y,N1,A2500005,9,,,,,,,,,,,,,,,,,,,,,,,,,,,,,,,,,,,,,,,,,,,,,,,,,,,,,,,,
2026-10-01 01:00:01,전북특별자치도,A2500008,재단법인 아산사회복지재단 정읍아산병원,20261001005000,063-530-6000,,,,,,1,2,,,,,,Y,,Y,N1,N1,Y,16,N1,41,N1,0,N1,Y,,3,N1,17,,1,2,,,10,,3,,,1,1,,5,,,,,,,,276,,,Y,N1,A2500008,10,,,,,,,,,,,,,,,,,,,,,,,,,,,,,,,,,,,,,,,,,,,,,,,,,,,,,,,,
2026-10-01 01:00:01,전북특별자치도,A2500009,의료법인석천재단고창병원,20261001005530,063-560-5600,,,,,,,1,,,,,,Y,,Y,N1,N1,Y,8,N1,0,N1,,N1,Y,,2,N1,10,,,1,,,,,2,,,1,1,,4,,,,,,,,258,,,Y,N1,A2500009,11,,,,,,,,,,,,,,,,,,,,,,,,,,,,,,,,,,,,,,,,,,,,,,,,,,,,,,,,
2026-10-01 01:00:01,전북특별자치도,A2500038,김제우석병원,20261001005436,063-540-5114,,,,,,,1,,,,,,Y,,Y,N1,N1,Y,10,N1,61,N1,,N1,Y,,2,N1,10,,,1,,,,,2,,,1,1,,1,,,,,,,,200,,,Y,N1,A2500038,12,,,,,,,,,,,,,,,,,,,,,,,,,,,,,,,,,,,,,,,,,,,,,,,,,,,,,,,,
2026-10-01 01:00:01,전북특별자치도,E2500019,무주군보건의료원,20261001005501,063-320-8314,,,,,,,1,,,,,,Y,,Y,N1,N1,Y,4,N1,24,N1,,N1,N1,,,N1,4,,,1,,,,,,,,1,,,1,,,,,,,,24,,,Y,N1,E2500019,13,,,,,,,,,,,,,,,,,,,,,,,,,,,,,,,,,,,,,,,,,,,,,,,,,,,,,,,,
2026-10-01 01:00:01,전북특별자치도,A2500010,부안성모병원,20261001005450,063-581-5100,,,,,,,2,,,,,,Y,,Y,N1,N1,Y,10,N1,37,N1,9,N1,Y,,3,N1,10,,,2,,,9,,3,,,1,1,,2,,,,,,,,240,,,Y,N1,A2500010,14,,,,,,,,,,,,,,,,,,,,,,,,,,,,,,,,,,,,,,,,,,,,,,,,,,,,,,,,
2026-10-01 01:00:01,전북특별자치도,E2500021,순창군보건의료원,20261001005501,063-650-5321,,,,,,,1,,,,,,Y,,Y,N1,N1,Y,9,N1,30,N1,,N1,N1,,,N1,9,,,1,,,,,,,,1,,,1,,,,,,,,30,,,Y,N1,E2500021,15,,,,,,,,,,,,,,,,,,,,,,,,,,,,,,,,,,,,,,,,,,,,,,,,,,,,,,,,
2026-10-01 01:00:01,전북특별자치도,E2500022,임실군보건의료원,20261001005501,063-640-3102,,,,,,,1,,,,,,Y,,Y,N1,N1,Y,4,N1,,N1,,N1,N1,,,N1,4,,,1,,,,,,,,1,,,1,,,,,,,,,,,Y,N1,E2500022,16,,,,,,,,,,,,,,,,,,,,,,,,,,,,,,,,,,,,,,,,,,,,,,,,,,,,,,,,
2026-10-01 01:00:01,전북특별자치도,E2500020,장수군보건의료원,20261001005501,063-351-8000,,,,,,,1,,,,,,,,Y,N1,N1,N1,5,N1,21,N1,,N1,N1,,,N1,5,,,1,,,,,,,,,,,1,,,,,,,,22,,,Y,N1,E2500020,17,,,,,,,,,,,,,,,,,,,,,,,,,,,,,,,,,,,,,,,,,,,,,,,,,,,,,,,,
2026-10-01 01:00:01,전북특별자치도,A2501890,의료법인영경의료재단호성전주병원,20261001005353,063-240-8800,,,,,,,1,,,,,,Y,,Y,N1,N1,Y,8,N1,10,N1,,N1,Y,,2,N1,9,,,1,,,,,2,,,1,1,,1,,,,,,,,122,,,Y,N1,A2501890,18,,,,,,,,,,,,,,,,,,,,,,,,,,,,,,,,,,,,,,,,,,,,,,,,,,,,,,,,
2026-10-01 01:00:01,전북특별자치도,A2502742,새강병원,20261001005407,063236-9000,,,0,,3,1,2,0,,0,,,Y,,Y,N1,N1,Y,11,N1,65,N1,16,N1,Y,,5,N1,14,3,1,2,0,,16,,5,0,,1,1,,1,,,,,,,,201,0,,Y,N1,A2502742,19,0,0,0,3,,,0,0,,3,,0,0,,0,,,,,,,0,,,,,,0,,,,,,,0,,0,,,,,,,,,,,,,0,,0,,,,
2026-10-01 01:00:01,전북특별자치도,A2502031,진안군의료원,20261001005501,063-430-7000,,,,,,,2,,,,,,Y,,Y,N1,N1,Y,6,N1,22,N1,,N1,Y,,2,N1,6,,,2,,,,,2,,,1,1,,3,,,,,,,,64,,,Y,N1,A2502031,20,,,,,,,,,,,,,,,,,,,,,,,,,,,,,,,,,,,,,,,,,,,,,,,,,,,,,,,,
2026-10-01 01:00:01,경상북도,A2700007,차의과학대학교부속구미차병원,20261001005505,054-450-9700,Y,Y,0,,5,3,3,5,5,,Y,Y,Y,Y,Y,Y,Y,Y,15,Y,42,Y,0,Y,Y,7,8,N1,20,5,3,3,25,8,18,30,8,,3,3,2,2,21,3,13,2,1,2,1,,301,3,,Y,Y,A2700007,1,,,,,,,,,,,,,,,,,,,,,,,,,,,,,,,,,,,,,,,,,,,,,,,,,,,,,,,,
2026-10-01 01:00:01,경상북도,A2700014,의료법인안동병원,20261001005200,054-840-1004,Y,Y,0,,1,,,2,10,4,Y,Y,Y,Y,Y,Y,Y,Y,3,Y,95,Y,1,Y,Y,10,11,Y,15,3,,,19,10,13,30,11,6,3,6,3,5,67,3,12,14,4,13,1,1,775,1,,Y,Y,A2700014,2,2,2,,0,0,3,20,,20,3,34,2,2,,3,,,,,,,,,,,,,,,,,,,,,,,,,,,,,,2,5,2,6,0,2,40,2,,,,
2026-10-01 01:00:01,경상북도,A2700016,포항성모병원,20261001005528,054-272-0151,Y,Y,,,11,,,6,5,1,Y,Y,Y,Y,Y,Y,Y,Y,15,Y,86,Y,6,Y,Y,,9,Y,20,11,,,15,,16,17,9,1,1,3,2,2,25,1,6,4,2,2,1,3,468,,,Y,Y,A2700016,3,2,,,1,,,,,,1,,2,3,0,3,5,,,,,,,,,,,,,,,,,,,,,,,,,10,13,,,,,,,,,,,,,,
2026-10-01 01:00:01,경상북도,A2700003,동국대학교의과대학경주병원,20261001005501,054-748-9300,Y,Y,,,3,2,5,,,2,Y,,Y,Y,Y,Y,Y,Y,7,N1,79,N1,0,Y,Y,,7,N1,16,3,2,5,,,7,,7,3,1,2,2,2,26,2,6,3,,,,,279,,,Y,Y,A2700003,4,,0,0,3,9,,11,17,,4,20,,,,,,,,,,,,,,,,,,,,,,,,,,,,,,,,,,,,,,,,,,,,,
2026-10-01 01:00:01,경상북도,A2700013,순천향대학교부속구미병원,20261001005120,054-468-9114,,Y,,,3,1,2,1,1,1,Y,,Y,Y,Y,Y,Y,Y,0,N1,37,N1,5,Y,Y,,6,N1,13,4,1,2,2,,31,3,6,1,1,2,2,2,20,,1,2,,,,,263,,,Y,N1,A2700013,5,,,,2,,,,,,2,,,,,,,,,,,,,,,,,,,,,,,,,,,,,,,,,,,,,,,,,,,,,,
2026-10-01 01:00:01,경상북도,A2700012,의료법인덕산의료재단김천제일병원,20261001005116,054-420-9300,,,,,,1,3,2,3,,Y,,Y,Y,Y,Y,Y,Y,16,N1,72,N1,5,N1,Y,,4,Y,16,,1,3,2,,16,3,4,,3,1,1,1,10,,,1,,,,1,276,,,Y,N1,A2700012,6,,,,,,,,,,,,,,,,,,,,,,,,,,,,,,,,,,,,,,,,,,,,,,,,,,,,,,,,
2026-10-01 01:00:01,경상북도,A2700006,의료법인동춘의료재단문경제일병원,20261001005500,054-550-7700,,,,,,1,0,2,1,4,,,Y,,Y,N1,N1,Y,16,N1,65,N1,19,N1,Y,,3,N1,17,,1,2,2,,29,3,3,4,,2,1,,8,,,,,,,,306,,,Y,N1,A2700006,7,,,,1,57,,,,,1,162,,,,,,,,,,,,,,,,,,,,,,,,,,,,,,,,,,,,,,,,,,,,,
2026-10-01 01:00:01,경상북도,A2700004,안동성소병원,20261001005519,054-850-8114,,Y,,,,1,2,0,2,1,Y,,Y,Y,Y,Y,Y,Y,11,N1,134,N1,7,Y,Y,,6,N1,12,,1,2,2,,16,3,6,2,1,2,2,2,21,,4,1,,,,,393,,,Y,N1,A2700004,8,,,,1,21,,,,,3,186,,,,,,,,,,,,,,,,,,,,,,,,,,,,,,,,5,5,,,,,,,,,,,,
2026-10-01 01:00:01,경상북도,A2700002,포항세명기독병원,20261001004908,054-275-0005,,,,,,1,3,1,2,1,,,Y,Y,Y,Y,Y,Y,9,Y,147,Y,12,N1,Y,,14,Y,15,,1,3,2,,52,3,14,6,,6,5,4,25,,,5,1,1,,1,662,,,Y,N1,A2700002,9,,,,0,,,,,,1,,,,,,,,,,,,,,,,,,,,,,,,,,,,,,,,,6,6,,,,,,,,,,,,
2026-10-01 01:00:01,경상북도,A2700019,의)근원의료재단경산중앙병원,20261001005510,053-715-0100,,,,,,,2,,,,,,Y,,Y,N1,N1,Y,9,N1,101,N1,4,N1,Y,,4,N1,10,,,2,,,11,,4,,,1,1,,9,,,,,,,,301,,,Y,N1,A2700019,10,,,,0,44,,,,,2,116,,,,,,,,,,,,,,,,,,,,,,,,,,,,,,,,,,,,,,,,,,,,,
2026-10-01 01:00:01,경상북도,A2700036,의료법인서명의료재단세명종합병원,20261001005319,053-819-8800,,,,,,,2,,,,,,Y,,Y,N1,N1,Y,7,N1,65,N1,4,N1,Y,,4,N1,13,,,2,,,14,,4,,,1,1,,6,,,,,,,,276,,,Y,N1,A2700036,11,,,,,2,,,,,,24,,,,,,,,,,,,,,,,,,,,,,,,,,,,,,,,,,,,,,,,,,,,,
2026-10-01 01:00:01,경상북도,A2700097,계명대학교경주동산병원,20261001005457,054-770-9500,,,,,,,1,,,,,,Y,,Y,N1,N1,Y,9,N1,56,N1,,N1,Y,,2,N1,9,,,1,,,,,2,,,1,1,,1,,,,,,,,88,,,Y,N1,A2700097,12,,,,,,,,,,,,,,,,,,,,,,,,,,,,,,,,,,,,,,,,,,,,,,,,,,,,,,,,
2026-10-01 01:00:01,경상북도,A2700070,의료법인영암의료재단고령영생병원,20261001005450,054-955-2661,,,,,,,1,,,,,,Y,,Y,N1,N1,Y,5,N1,27,N1,,N1,N1,,1,N1,5,,,1,,,,,1,,,1,,,1,,,,,,,,59,,,Y,N1,A2700070,13,,,,,,,,,,,,,,,,,,,,,,,,,,,,,,,,,,,,,,,,,,,,,,,,,,,,,,,,
2026-10-01 01:00:01,경상북도,A2700015,구미강동병원,20261001010033,054-453-7575,,,,9,,1,2,,,,,,Y,Y,Y,Y,N1,Y,4,N1,61,N1,4,N1,Y,,5,N1,7,,1,2,,,12,,5,,,1,1,1,3,,,,,,,,191,,9,Y,N1,A2700015,14,,,,,,,,,,,,,,,,,,,,,,,,,,,,,,,,,,,,,,,,,,,,,,,,,,,,,,,,
2026-10-01 01:00:01,경상북도,A2700018,경상북도김천의료원,20261001005501,054-432-8901,,,,,,1,,,,,,,Y,,Y,N1,N1,Y,13,N1,23,N1,6,N1,Y,,5,N1,17,,1,,,,22,,5,,,1,2,,7,,,,,,,,274,,,Y,N1,A2700018,15,,,,1,,,,,,3,,,,,,,,,,,,,,,,,,,,,,,,,,,,,,,,,,,,,,,,,,,,,,
2026-10-01 01:00:01,경상북도,A2700009,의료법인삼백의료재단상주성모병원,20261001005438,054-532-5001,,,,,,,1,,,,,,Y,,Y,N1,N1,Y,8,N1,23,N1,1,N1,Y,,3,N1,9,,,1,,,10,,3,,,1,1,,1,,,,,,,,172,,,Y,N1,A2700009,16,,,,,,,,,,,,,,,,,,,,,,,,,,,,,,,,,,,,,,,,,,,,,,,,,,,,,,,,
2026-10-01 01:00:01,경상북도,A2700011,상주적십자병원,20261001005521,054-534-3501,,Y,,,,1,,,,,Y,,Y,,Y,N1,Y,Y,9,N1,82,N1,6,Y,Y,,3,N1,9,,1,,,,10,,3,,1,1,1,,6,,2,1,,,,,164,,,Y,N1,A2700011,17,,,,,,,,,,,,,,,,,,,,,,,,,,,,,,,,,,,,,,,,,,,,,,,,,,,,,,,,
2026-10-01 01:00:01,경상북도,A2700001,경상북도안동의료원,20261001005502,054-850-6000,,,,,,,2,,,,,,Y,,Y,N1,N1,Y,6,N1,119,N1,0,N1,Y,,5,N1,6,,,2,,,10,,5,,,2,1,,7,,,,,,,,238,,,Y,N1,A2700001,18,,,,,,,,,,,,,,,,,,,,,,,,,,,,,,,,,,,,,,,,,,,,,,,,,,,,,,,,
2026-10-01 01:00:01,경상북도,A2700031,영주기독병원,20261001005454,054-635-6161,,Y,,,,,1,,,,Y,,Y,,Y,N1,N1,Y,4,N1,6,N1,,Y,N1,,1,N1,4,,,1,,,,,1,,1,1,,,1,,2,,,,,,70,,,Y,N1,A2700031,19,,,,,,,,,,,,,,,,,,,,,,,,,,,,,,,,,,,,,,,,,,,,,,,,,,,,,,,,
2026-10-01 01:00:01,경상북도,A2700020,영주자인병원,20261001005518,054-633-1131,,,,,,,1,,,,,,Y,,Y,N1,N1,Y,4,N1,26,N1,,N1,Y,,,N1,4,,,1,,,,,2,,,1,1,,,,,,,,,,133,,,N1,N1,A2700020,20,,,,,,,,,,,,,,,,,,,,,,,,,,,,,,,,,,,,,,,,,,,,,,,,,,,,,,,,
2026-10-01 01:00:01,경상북도,A2702752,영주적십자병원,20261001005417,054-630-0100,,,,,,1,,,,,,,Y,,Y,N1,Y,Y,9,N1,65,N1,1,N1,Y,,3,N1,10,,1,,,,10,,3,,,1,1,,4,,,1,,,,,140,,,Y,N1,A2702752,21,,,,,,,,,,,,,,,,,,,,,,,,,,,,,,,,,,,,,,,,,,,,,,,,,,,,,,,,
2026-10-01 01:00:01,경상북도,A2700017,영남대학교의과대학부속영천병원,20261001005133,0543389000,,,,,,1,2,,,,,,Y,,Y,N1,N1,Y,10,N1,47,N1,2,N1,Y,,4,N1,10,,1,2,,,10,,4,,,1,1,,1,,,,,,,,190,,,Y,N1,A2700017,22,,,,,,,,,,,,,,,,,,,,,,,,,,,,,,,,,,,,,,,,,,,,,,,,,,,,,,,,
2026-10-01 01:00:01,경상북도,A2700023,의료법인서준의료재단예천권병원,20261001005027,054-654-6611,,Y,,,,1,0,,,0,Y,,Y,,Y,N1,N1,Y,6,N1,76,N1,,Y,Y,,2,N1,6,,1,0,,,,,2,0,1,1,1,,3,,2,,,,,,173,,,Y,N1,A2700023,23,,,,,,,,,,,,,,,,,,,,,,,,,,,,,,,,,,,,,,,,,,,,,,,,,,,,,,,,
2026-10-01 01:00:01,경상북도,E2700553,울릉군보건의료원,20261001005501,054-790-6871,,,,,,,,,,,,,Y,,Y,N1,N1,Y,5,N1,27,N1,,N1,N1,,1,N1,5,,,,,,,,1,,,1,,,1,,,,,,,,27,,,Y,N1,E2700553,24,,,,,,,,,,,,,,,,,,,,,,,,,,,,,,,,,,,,,,,,,,,,,,,,,,,,,,,,
2026-10-01 01:00:01,경상북도,A2700052,울진군의료원,20261001005101,054-785-7000,,,,,,2,,,,2,,,Y,,Y,N1,N1,Y,7,N1,32,N1,,N1,Y,,3,N1,8,,2,,,,,,3,2,,1,1,,1,,,,,,,,97,,,Y,N1,A2700052,25,,,,,,,,,,,,,,,,,,,,,,,,,,,,,,,,,,,,,,,,,,,,,,,,,,,,,,,,
2026-10-01 01:00:01,경상북도,A2700063,의료법인영제의료재단영남제일병원,20261001004917,054-861-9111,,,,,,,1,,,,,,Y,,Y,N1,N1,Y,4,N1,27,N1,,N1,N1,,1,N1,,,,,,,,,,,,,,,,,,,,,,,,,,Y,N1,A2700063,26,,,,,,,,,,,,,,,,,,,,,,,,,,,,,,,,,,,,,,,,,,,,,,,,,,,,,,,,
2026-10-01 01:00:01,경상북도,A2700038,의료법인대남의료재단청도대남병원,20261001005449,054-373-0606,,,,,,,,,,,,,Y,,Y,N1,N1,Y,10,N1,90,N1,,N1,Y,,1,N1,10,,,,,,,,1,,,1,1,,1,,,,,,,,115,,,Y,N1,A2700038,27,,,,,,,,,,,,,,,,,,,,,,,,,,,,,,,,,,,,,,,,,,,,,,,,,,,,,,,,
2026-10-01 01:00:01,경상북도,E2700554,청송군보건의료원,20261001005500,054-870-7100,,,,,,,1,,,,,,,,Y,N1,N1,N1,5,N1,47,N1,,N1,N1,,,N1,6,,,1,,,,,,,,,,,1,,,,,,,,39,,,Y,N1,E2700554,28,,,,,,,,,,,,,,,,,,,,,,,,,,,,,,,,,,,,,,,,,,,,,,,,,,,,,,,,
2026-10-01 01:00:01,경상북도,A2700008,에스포항병원,20261001005158,054-289-9000,Y,,,,,,1,,,,,,Y,Y,Y,Y,Y,Y,6,N1,38,N1,6,N1,Y,,4,N1,6,,,1,,,14,,4,,,2,2,3,9,9,,1,,,,,239,,,Y,Y,A2700008,29,,,,1,,,,,,1,,,,,,,,,,,,,,,,,,,,,,,,,,,,,,,,,,,,,,,,,,,,,,
2026-10-01 01:00:01,경상북도,A2702563,의료법인은성의료재단좋은선린병원,20261001005448,054-245-5000,,,,2,,,2,,,,,,Y,N,Y,N,N1,Y,10,N1,74,N1,0,N1,Y,,4,N,10,,,2,,,17,,4,,,1,1,2,7,,,,,,,14,281,,2,N,N1,A2702563,30,,,,1,,,,,,1,,,,,,,,,,,,,,,,,,,,,,,,,,,,,,,,,,,,,,,,,,,,,,
2026-10-01 01:00:01,경상북도,A2700005,경상북도포항의료원,20261001005502,054-247-0551,,,,,,1,1,,,4,,,Y,,Y,N1,N1,Y,5,N1,44,N1,9,N1,Y,,3,N1,8,,1,1,,,19,,3,7,,1,1,,4,,,,,,,,177,,,Y,N1,A2700005,31,,,,1,7,,,,,1,56,,,,,,,,,,,,,,,,,,,,,,,,,,,,,,,,,,,,,,,,,,,,,
2026-10-01 01:00:01,경상남도,A2800011,양산부산대학교병원,20261001005327,055-360-1000,Y,Y,0,,3,,1,2,11,4,Y,,Y,Y,Y,Y,Y,Y,10,Y,206,Y,,Y,Y,8,25,N1,23,8,,1,16,38,,30,25,4,4,6,5,6,92,24,23,19,12,2,,,766,2,,Y,Y,A2800011,1,2,3,2,0,13,,16,11,,0,33,2,2,0,3,2,,,4,9,1,1,0,0,4,5,1,0,,0,11,2,,10,6,1,1,0,0,4,,,,,,,,,,,,,,,,
2026-10-01 01:00:01,경상남도,A2800001,경상국립대학교병원,20261001005401,055-750-8000,Y,Y,,,3,2,3,3,6,6,Y,,Y,Y,Y,Y,Y,Y,18,Y,172,Y,,Y,Y,6,15,N1,28,3,2,3,14,15,,30,15,7,7,3,3,4,16,9,19,5,4,17,,,652,,,Y,Y,A2800001,2,,2,1,0,14,12,8,9,20,3,26,,,0,,6,2,6,,,,,,,,,,,,,,,,,,,,,,,,,,,2,6,2,6,22,2,40,2,,,,
2026-10-01 01:00:01,경상남도,A2800020,학교법인성균관대학삼성창원병원,20261001005531,055-233-8899,Y,Y,,,8,2,3,3,9,3,Y,,Y,Y,Y,Y,Y,Y,21,Y,106,Y,,Y,Y,15,16,N1,27,8,2,3,19,24,,30,16,5,7,4,3,4,45,8,20,5,3,3,,,645,,,Y,Y,A2800020,3,,1,10,1,,,15,20,,3,,,,1,,1,,,,,,,,,,,,,,,,,,,,,,,,,,,,,,,,,,,,,,,,
2026-10-01 01:00:01,경상남도,A2800010,의료법인환명의료재단 조은금강병원,20261001005123,055-330-0300,,,,,,1,2,,,,,,Y,Y,Y,Y,N1,Y,13,N1,59,N1,5,N1,Y,,4,Y,17,,1,2,,,23,,4,,,1,2,1,7,,,,,,,2,305,,,Y,N1,A2800010,4,,,,0,8,,,,,1,96,,,,,,,,,,,,,,,,,,,,,,,,,,,,,,,,,,,,,,,,,,,,,
2026-10-01 01:00:01,경상남도,A2800006,의료법인숭인의료재단 김해복음병원,20261001005259,055-330-8888,,,,,,1,3,,,,,,Y,Y,Y,Y,Y,Y,14,N1,6,N1,2,N1,Y,,5,N1,16,,1,3,,,18,,5,,,2,3,1,3,,,3,,,,,359,,,Y,N1,A2800006,5,,,,1,,,,,,1,,,,,,,,,,,,,,,,,,,,,,,,,,,,,,,,,,,,,,,,,,,,,,
2026-10-01 01:00:01,경상남도,A2800043,한일병원,20261001005255,055-759-7777,,,,,,1,2,0,2,,,,Y,Y,Y,Y,Y,Y,17,N1,31,N1,5,N1,Y,,4,Y,17,,1,2,2,,13,3,4,,,2,2,1,6,,,1,,,,1,282,,,Y,N1,A2800043,6,,,,1,,,,,,1,,,,,,,,,,,,,,,,,,,,,,,,,,,,,,,,,,,,,,,,,,,,,,
2026-10-01 01:00:01,경상남도,A2800003,제일병원,20261001005341,055-750-7123,,,,,,1,2,2,0,,,Y,Y,Y,Y,Y,N1,Y,16,N1,49,N1,5,N1,Y,,3,Y,17,,1,2,2,,9,3,7,,,2,2,1,4,,,,,,1,1,258,,,Y,N1,A2800003,7,,,,,,,,,,,,,,,,,,,,,,,,,,,,,,,,,,,,,,,,,,,,,,,,,,,,,,,,
2026-10-01 01:00:01,경상남도,A2800017,의료법인합포의료재단에스엠지연세병원,20261001005506,055-243-0100,,,,,,1,2,0,1,,,,Y,Y,Y,Y,Y,Y,17,N1,50,N1,1,N1,Y,,4,N1,17,,1,2,2,,10,3,4,,,1,2,1,7,,,1,,,,,283,,,Y,N1,A2800017,8,,,,1,,,,,,1,,,,,,,,,,,,,,,,,,,,,,,,,,,,,,,,,,,,,,,,,,,,,,
2026-10-01 01:00:01,경상남도,A2803505,창원경상국립대학교병원,20261001005100,055-214-2000,Y,Y,,,,1,1,,,6,Y,,Y,Y,Y,Y,Y,Y,11,Y,133,Y,8,Y,Y,0,13,N1,18,,1,2,,17,34,,13,6,9,3,2,5,52,9,22,6,7,14,,,437,,,Y,Y,A2803505,9,,,,1,9,,,,,2,22,,,,,,,,,,,,,,0,,,,,,,,,,,,,,,0,,,0,0,,,,,,,,,,5,,5
2026-10-01 01:00:01,경상남도,A2800007,창원한마음병원,20261001005410,055-225-0000,Y,Y,,,,1,2,,,0,Y,,Y,Y,Y,Y,Y,Y,9,Y,20,Y,,Y,Y,10,13,Y,21,,1,3,,10,,,13,6,2,4,4,4,29,3,11,6,1,2,,2,688,,,Y,Y,A2800007,10,,2,6,1,,,25,37,,1,,,,,,,,,,,,,,,,,,,,,,,,,,,,,,,,,,,,,,,,,,,,,,
2026-10-01 01:00:01,경상남도,A2800004,창원파티마병원,20261001005107,055-270-1000,Y,Y,,,,1,2,0,2,6,Y,Y,Y,Y,Y,Y,Y,Y,8,N1,88,Y,,Y,Y,1,7,N1,17,,1,2,2,2,,3,7,6,2,4,3,3,16,3,6,3,,4,1,,444,,,Y,Y,A2800004,11,,4,2,1,,,12,13,,2,,,,,,,,,,,,,,,,,,,,,,,,,,,,,,,,,,,,,,,,,,,,,,
2026-10-01 01:00:01,경상남도,A2800008,의료법인 거붕 백병원,20261001005438,055-733-0000,,,,,,,1,,,,,,Y,,Y,N1,N1,Y,9,N1,47,N1,6,N1,Y,,4,N1,9,,,1,,,20,,4,,,2,2,,12,,,,,,,,365,,,Y,N1,A2800008,12,,,,,,,,,,,,,,,,,,,,,,,,,,,,,,,,,,,,,,,,,,,,,,,,,,,,,,,,
2026-10-01 01:00:01,경상남도,A2800005,의료법인 대우의료재단대우병원,20261001005436,055-680-8114,,,,,,,1,,,,,,Y,,Y,N1,N1,Y,9,N1,52,N1,1,N1,Y,,4,N1,9,,,1,,,10,,4,,,2,1,,5,,,,,,,,231,,,Y,N1,A2800005,13,,,,,,,,,,,,,,,,,,,,,,,,,,,,,,,,,,,,,,,,,,,,,,,,,,,,,,,,
2026-10-01 01:00:01,경상남도,A2800022,의료법인 성념의료재단맑은샘병원,20261001004845,055-731-1240,,,,,,,1,,,,,,Y,,Y,N1,N1,Y,8,N1,20,N1,,N1,Y,,2,N1,9,,,1,,,,,2,,,1,1,,4,,,,,,,,200,,,Y,N1,A2800022,14,,,,,,,,,,,,,,,,,,,,,,,,,,,,,,,,,,,,,,,,,,,,,,,,,,,,,,,,
2026-10-01 01:00:01,경상남도,A2800076,거창적십자병원,20261001005418,0559443251,,Y,,,,,1,,,,Y,,Y,,Y,N1,N1,Y,8,N1,33,N1,,Y,Y,,2,N1,9,,,1,,,,,2,,1,1,1,,2,,2,,,,,,91,,,Y,N1,A2800076,15,,,,,,,,,,,,,,,,,,,,,,,,,,,,,,,,,,,,,,,,,,,,,,,,,,,,,,,,
2026-10-01 01:00:01,경상남도,A2800032,강병원,20261001005114,055-673-0101,,,,,,,1,,,,,,Y,,Y,N1,N1,Y,9,N1,39,N1,,N1,Y,,1,N1,9,,,1,,,,,1,,,1,1,,1,,,,,,,,99,,,Y,N1,A2800032,16,,,,,,,,,,,,,,,,,,,,,,,,,,,,,,,,,,,,,,,,,,,,,,,,,,,,,,,,
2026-10-01 01:00:01,경상남도,A2800014,의료법인갑을의료재단 갑을장유병원,20261001005423,055-310-6000,,,,,,1,,,,,,,Y,,Y,N1,N1,Y,6,N1,48,N1,,N1,Y,,4,N1,9,,1,,,,,,4,,,1,1,,1,,,,,,,,210,,,Y,N1,A2800014,17,,,,,,,,,,,,,,,,,,,,,,,,,,,,,,,,,,,,,,,,,,,,,,,,,,,,,,,,
2026-10-01 01:00:01,경상남도,A2800094,의료법인 이도의료재단 남해병원,20260930235014,055-863-2201,N,N,,,,1,1,,,,N,N,Y,N,Y,N,N,Y,8,N,81,N,,N,Y,,2,N,,,,,,,,,,,,,,,,,,,,,,,,,,N,N,A2800094,18,,,,,,,,,,,,,,,,,,,,,,,,,,,,,,,,,,,,,,,,,,,,,,,,,,,,,,,,
2026-10-01 01:00:01,경상남도,A2800113,밀양병원,20261001005315,055-351-3993,,,,,,,1,,,,,,Y,,Y,N1,N1,Y,9,N1,17,N1,,N1,Y,,0,N1,9,,,1,,,,,0,,,1,1,,1,,,,,,,,200,,,Y,N1,A2800113,19,,,,,,,,,,,,,,,,,,,,,,,,,,,,,,,,,,,,,,,,,,,,,,,,,,,,,,,,
2026-10-01 01:00:01,경상남도,A2800068,의료법인승연의료재단 삼천포서울병원,20261001004604,055-835-9900,,,,,,,1,,,,,,Y,Y,Y,Y,N1,Y,9,N1,60,N1,,N1,Y,,3,Y,9,,,1,,,,,3,,,1,2,1,4,,,,,,,1,287,,,Y,N1,A2800068,20,,,,,,,,,,,,,,,,,,,,,,,,,,,,,,,,,,,,,,,,,,,,,,,,,,,,,,,,
2026-10-01 01:00:01,경상남도,A2800101,삼천포제일병원,20261001005512,055-833-4400,,,,,,,2,,,,,,Y,,Y,N1,N1,Y,8,N1,61,N1,,N1,Y,,2,N,8,,,2,,,,,2,,,1,1,,1,,,,,,,1,214,,,Y,N1,A2800101,21,,,,,,,,,,,,,,,,,,,,,,,,,,,,,,,,,,,,,,,,,,,,,,,,,,,,,,,,
2026-10-01 01:00:01,경상남도,E2800380,산청군보건의료원,20261001005501,055-970-7500,,,,,,,1,,,,,,,,Y,N1,N1,N1,5,N1,20,N1,,N1,N1,,,N1,5,,,1,,,,,,,,,,,1,,,,,,,,20,,,Y,N1,E2800380,22,,,,,,,,,,,,,,,,,,,,,,,,,,,,,,,,,,,,,,,,,,,,,,,,,,,,,,,,
2026-10-01 01:00:01,경상남도,A2804593,양산성모병원,20261001005523,1600-7582,,,,,,1,,,,,,,Y,,Y,N1,N1,Y,13,N1,141,N1,6,N1,Y,,4,N1,13,,1,,,,6,,4,,,1,2,,1,,,,,,,,214,,,Y,N1,A2804593,23,,,,,,,,,,,,,,,,,,,,,,,,,,,,,,,,,,,,,,,,,,,,,,,,,,,,,,,,
2026-10-01 01:00:01,경상남도,A2800019,베데스다복음병원,20261001005523,055-384-9901,,,,,,,1,,,,,,Y,,Y,N1,N1,Y,8,N1,55,N1,,N1,Y,,3,N1,9,,,1,,,,,3,,,1,1,,1,,,,,,,,133,,,Y,N1,A2800019,24,,,,,,,,,,,,,,,,,,,,,,,,,,,,,,,,,,,,,,,,,,,,,,,,,,,,,,,,
2026-10-01 01:00:01,경상남도,A2800090,의령병원,20261001005435,055-573-4100,,,,,,,1,,,,,,Y,,Y,N1,N1,Y,3,N1,38,N1,,N1,N1,,,N1,4,,,1,,,,,,,,1,,,1,,,,,,,,58,,,Y,N1,A2800090,25,,,,,,,,,,,,,,,,,,,,,,,,,,,,,,,,,,,,,,,,,,,,,,,,,,,,,,,,
2026-10-01 01:00:01,경상남도,A2800084,반도병원,20261001005000,0557476000,,,,,,,1,,,,,,Y,,Y,N1,N1,Y,7,N1,70,N1,,N1,Y,,3,N1,7,,,1,,,,,3,,,1,1,,3,,,,,,,,165,,,Y,N1,A2800084,26,,,,,,,,,,,,,,,,,,,,,,,,,,,,,,,,,,,,,,,,,,,,,,,,,,,,,,,,
2026-10-01 01:00:01,경상남도,A2800015,의료법인 문병욱의료재단 진주고려병원,20261001005228,055-751-2500,,,,,,,1,,,,,,Y,Y,Y,Y,N1,Y,9,N1,103,N1,1,N1,Y,,4,Y,9,,,1,,,9,,4,,,2,2,1,4,,,,,,,1,229,,,Y,N1,A2800015,27,,,,,,,,,,,,,,,,,,,,,,,,,,,,,,,,,,,,,,,,,,,,,,,,,,,,,,,,
2026-10-01 01:00:01,경상남도,A2800037,진주복음병원,20261001005515,055-749-7110,,,,,,,1,,,,,,Y,,Y,N1,N1,Y,8,N1,40,N1,,N1,N,,3,N1,9,,,1,,,,,3,,,1,1,,1,,,,,,,,131,,,N,N1,A2800037,28,,,,,,,,,,,,,,,,,,,,,,,,,,,,,,,,,,,,,,,,,,,,,,,,,,,,,,,,
2026-10-01 01:00:01,경상남도,A2800062,태황의료재단한성병원,20261001005424,0555305000,,,,,,,1,,,,,,,,Y,N1,N1,N1,9,N1,81,N1,,N1,N1,,,N1,9,,,1,,,,,,,,,,,,,,,,,,,167,,,N1,N1,A2800062,29,,,,,,,,,,,,,,,,,,,,,,,,,,,,,,,,,,,,,,,,,,,,,,,,,,,,,,,,
2026-10-01 01:00:01,경상남도,A2800025,경상남도마산의료원,20261001005502,055-249-1000,,,,,,1,1,,,20,,,Y,,Y,N1,Y,Y,13,N1,85,N1,4,N1,Y,,5,N1,13,,1,1,,,6,,5,27,,1,1,,17,,,2,,,,,263,,,Y,N1,A2800025,30,,,,2,,,,,,2,,,,,,,,,,,,,,,,,,,,,,,,,,,,,,,,,,,,,,,,,,,,,,
2026-10-01 01:00:01,경상남도,A2800009,의료법인청아의료재단청아병원,20261001005519,055-230-1500,,,,,,,1,,,,,,Y,,Y,N1,N1,Y,5,N1,83,N1,,N1,Y,,4,N1,9,,,1,,,,,4,,,2,2,,4,,,,,,,,274,,,Y,N1,A2800009,31,,,,,,,,,,,,,,,,,,,,,,,,,,,,,,,,,,,,,,,,,,,,,,,,,,,,,,,,
2026-10-01 01:00:01,경상남도,A2800021,연세에스병원,20261001005243,055-548-7700,,,,,,,1,,,,,,Y,Y,Y,Y,N1,Y,6,N1,91,N1,7,N1,Y,,3,N1,9,,,1,,,10,,3,,,2,2,1,5,,,,,,,,255,,,Y,N1,A2800021,32,,,,,,,,,,,,,,,,,,,,,,,,,,,,,,,,,,,,,,,,,,,,,,,,,,,,,,,,
2026-10-01 01:00:01,경상남도,A2800092,새통영병원,20261001005447,055-646-6000,,,,,,,1,,,,,,Y,,Y,N1,N1,Y,5,N1,75,N1,,N1,Y,,3,N1,9,,,1,,,,,3,,,1,2,,3,,,,,,,,256,,,Y,N1,A2800092,33,,,,,,,,,,,,,,,,,,,,,,,,,,,,,,,,,,,,,,,,,,,,,,,,,,,,,,,,
2026-10-01 01:00:01,경상남도,A2800080,함양성심병원,20261001005202,055-963-4322,,,,,,,1,,,,,,Y,,Y,N1,N1,Y,4,N1,28,N1,,N1,Y,,2,N1,4,,,1,,,,,2,,,1,1,,1,,,,,,,,121,,,Y,N1,A2800080,34,,,,,,,,,,,,,,,,,,,,,,,,,,,,,,,,,,,,,,,,,,,,,,,,,,,,,,,,
2026-10-01 01:00:01,경상남도,A2800055,삼성합천병원,20261001005501,055-933-2200,,,,,,,1,,,,,,Y,,Y,N1,N1,Y,4,N1,23,N1,,N1,Y,,2,N1,4,,,1,,,,,2,,,1,1,,1,,,,,,,,141,,,Y,N1,A2800055,35,,,,,,,,,,,,,,,,,,,,,,,,,,,,,,,,,,,,,,,,,,,,,,,,,,,,,,,,
2026-10-01 01:00:01,제주특별자치도,A2900001,제주한라병원,20261001005245,064740-5000,Y,Y,1,,3,2,3,4,14,,Y,,Y,Y,Y,Y,Y,Y,13,Y,109,Y,4,Y,Y,3,6,N1,15,3,2,3,14,7,15,30,6,,2,3,2,3,46,3,8,9,4,2,,,414,4,,Y,Y,A2900001,1,,,,,,11,,,20,,,,,1,,2,,,,,,,,,,,,,,,,,,,,,,,,,,,,,1,6,2,6,9,2,40,2,2,,4,
2026-10-01 01:00:01,제주특별자치도,A2900002,제주특별자치도서귀포의료원,20261001005401,064-730-3000,,Y,,,4,1,4,2,3,,Y,,Y,Y,Y,Y,Y,Y,15,N1,146,N1,7,Y,Y,,4,Y,16,4,1,4,2,,17,3,4,,1,2,1,1,16,,4,3,,,,1,326,,,Y,N1,A2900002,2,,,,3,1,,,,,3,26,,,,,,,,,,,,,,,,,,,,,,,,,,,,,,,,,,,,,,,,,,,,,
2026-10-01 01:00:01,제주특별자치도,A2900007,제주대학교병원,20261001005500,064-717-1114,Y,Y,,,,1,0,,,1,Y,,Y,Y,Y,Y,Y,Y,5,Y,94,Y,,Y,Y,12,12,N1,20,,1,5,,16,,,12,9,3,2,2,4,45,8,17,10,5,3,,,458,,,Y,Y,A2900007,3,,3,2,,0,,12,12,,,20,,,,,,4,6,,,,,,,,3,,,,,3,,,,,,,,,,,,,,,,,,,,,,,,,
2026-10-01 01:00:01,제주특별자치도,A2900005,한마음병원,20261001005154,064-750-9000,,,,,,0,1,0,0,,,,Y,Y,Y,Y,Y,Y,8,N1,48,N1,5,N1,Y,,4,N1,17,,1,2,2,,10,3,4,,,1,1,1,6,,,2,,,,,213,,,Y,N1,A2900005,4,,,,,,,,,,,,,,,,,,,,,,,,,,,,,,,,,,,,,,,,,,,,,,,,,,,,,,,,
2026-10-01 01:00:01,제주특별자치도,A2900006,의료법인중앙의료재단중앙병원,20261001005522,064-786-7000,,,,,1,1,1,2,3,,,,Y,Y,Y,Y,Y,Y,11,Y,97,N1,8,N1,Y,,3,N1,16,1,1,2,2,,14,3,3,,,1,1,2,10,,,2,1,,,,278,,,Y,N1,A2900006,5,,,,1,,,,,,1,,,,,,,,,,,,,,,,,,,,,,,,,,,,,,,,,,,,,,,,,,,,,,
2026-10-01 01:00:01,제주특별자치도,A2900003,의료법인 혜인의료재단 한국병원,20261001005503,064-750-0000,,,,,,,0,,,,,,Y,,Y,N1,N1,Y,5,N1,44,N1,2,N1,Y,,3,N1,9,,,1,,,10,,3,,,1,1,,6,,,,,,,,209,,,Y,N1,A2900003,6,,,,,,,,,,,,,,,,,,,,,,,,,,,,,,,,,,,,,,,,,,,,,,,,,,,,,,,,
2026-10-01 01:30:00,서울특별시,A1100043,강동경희대학교병원,20261001012516,02-440-7114,Y,Y,1,2,3,2,3,2,3,0,Y,N,Y,Y,Y,Y,Y,Y,8,Y,128,Y,3,Y,Y,10,17,N,15,3,2,3,19,17,27,30,17,1,8,2,2,3,32,9,13,4,1,1,0,0,625,3,2,Y,Y,A1100043,1,,,,,,,,,,,,,,,,,,,,,,,,,,,,,,,,,,,,,,,,,,,,,,,,,,,,,,,,
2026-10-01 01:30:00,서울특별시,A1100014,고려대학교의과대학부속구로병원,20261001012131,02-2626-1114,Y,Y,,,1,,,2,2,3,Y,,Y,Y,Y,Y,Y,Y,3,Y,44,Y,7,Y,Y,1,24,N1,29,3,,,20,23,35,30,24,4,2,6,4,4,98,11,35,15,10,3,,,778,,,Y,Y,A1100014,2,2,1,0,1,3,0,20,4,6,10,18,5,,,,,,,,,,,,,,,,,,,,,,,,,,,,,,,,,,,,,,,,,,,,
2026-10-01 01:30:00,서울특별시,A1100013,한양대학교병원,20261001012259,02-2290-8114,Y,Y,1,,2,,,5,6,0,Y,,Y,Y,Y,Y,Y,Y,4,Y,107,Y,0,Y,Y,0,16,Y,20,3,,,22,14,0,30,16,2,1,3,2,3,69,10,23,13,6,3,,1,670,2,,Y,Y,A1100013,3,4,0,,0,4,,12,,,2,16,4,2,1,8,5,,,,,,,,,,,,,,,,,,,,,,,,,,,,,,,,,,,,,,,,
2026-10-01 01:30:00,서울특별시,A1100008,학교법인 고려중앙학원 고려대학교의과대학부속병원(안암병원),20261001012421,1577-0083,Y,Y,0,,4,,,1,0,0,Y,,Y,Y,Y,Y,Y,Y,12,Y,27,Y,,Y,Y,-3,24,Y,30,4,,,15,17,,31,25,3,4,7,6,8,84,14,20,11,8,7,,1,777,6,,Y,Y,A1100008,4,2,1,2,0,2,,16,19,,6,10,2,6,,7,,3,9,,,,,,,,,,,,,,,,,,,,,,,,,,,,,,,,,,,,,,
2026-10-01 01:30:00,서울특별시,A1100005,이화여자대학교의과대학부속목동병원,20261001012052,02-2650-5114,Y,Y,0,,8,2,3,2,3,1,Y,,Y,Y,Y,Y,Y,Y,13,Y,31,Y,,Y,Y,7,13,Y,19,8,2,4,19,28,,32,13,9,2,4,4,4,58,10,34,9,3,5,,1,526,1,,Y,Y,A1100005,5,,0,3,0,6,,10,13,,4,10,,,0,,1,,,3,14,,,,,,,,,,,,,,,,,,,,,,,,,,,,,,,,,,,,
2026-10-01 01:30:00,서울특별시,A1100017,서울대학교병원,20261001012514,02-1588-5700,Y,Y,0,,8,1,3,4,18,5,Y,Y,Y,Y,Y,Y,Y,Y,-4,Y,48,Y,,Y,Y,6,53,N1,24,10,2,4,17,40,,30,53,7,4,13,13,14,160,19,46,22,9,3,1,,1365,2,,Y,Y,A1100017,6,,2,3,10,7,,10,18,,28,41,,,0,,1,0,6,1,5,1,1,0,0,3,5,1,5,2,3,22,2,10,10,6,1,1,0,0,8,,,,,,,,,,,,,,,,
2026-10-01 01:30:00,서울특별시,A1100035,서울특별시서울의료원,20261001012500,02-2276-7000,Y,Y,2,,3,2,3,1,7,3,Y,Y,Y,Y,Y,Y,Y,Y,5,Y,98,Y,0,Y,Y,3,10,Y,19,3,2,3,14,3,5,28,10,3,4,5,3,5,65,5,12,7,2,4,1,2,461,2,,Y,Y,A1100035,7,,1,,,16,,7,,,,30,,,1,,4,,,2,6,,,,,,,,,,,,,,,,,,,,,0,2,,,,,,,,,,,,,,
2026-10-01 01:30:00,서울특별시,A1100015,연세대학교의과대학강남세브란스병원,20261001012145,02-2019-3114,Y,Y,,,2,1,2,,,4,Y,,Y,Y,Y,Y,Y,Y,10,Y,84,Y,12,Y,Y,1,23,N1,21,2,1,2,,28,29,,23,5,1,4,3,6,47,10,23,6,3,5,,,691,,,Y,Y,A1100015,8,,,,,,,,,,,,,,,,,5,8,3,12,,,,,,,,,,,,,,,,,,,,,,,,,,,,,,,,,,,,
2026-10-01 01:30:00,서울특별시,A1100010,삼성서울병원,20261001012503,02-3410-2114,Y,Y,,,1,1,2,,,3,Y,,Y,Y,Y,Y,Y,Y,-34,Y,105,Y,,Y,Y,6,45,N1,52,4,2,2,,59,,,46,8,6,19,16,15,117,22,43,21,11,2,,,1528,,,Y,Y,A1100010,9,,4,9,,3,,28,23,,,27,,,,,,2,12,1,12,,,,,,2,,,,12,14,,,36,,,,,,,,,,,,,,,,,,,,,,
2026-10-01 01:30:00,서울특별시,A1100028,성심의료재단강동성심병원,20261001012045,02-2224-2114,Y,Y,,,,1,5,,,0,Y,,Y,Y,Y,Y,Y,Y,8,Y,98,Y,0,Y,Y,2,13,N1,15,,1,6,,3,19,,13,2,1,4,2,5,35,3,3,8,3,1,,,566,,,Y,Y,A1100028,10,,1,,2,,,18,,,5,,,,,,,,,,,,,,,,,,,,,,,,,,,,,,,,,2,2,,,,,,,,,,,,
2026-10-01 01:30:00,서울특별시,A1100053,한국보훈복지의료공단 중앙보훈병원,20261001012118,02-2225-1111,,,,,,1,2,1,0,1,N,,Y,Y,Y,Y,Y,Y,16,Y,135,N1,,N1,Y,,13,N1,22,,1,2,2,,,3,13,7,1,3,4,4,38,,,10,1,,,,820,,,Y,N1,A1100053,11,,6,7,1,39,,14,14,,1,60,,,,,,0,10,1,13,,,,,,,,,,,,,,,,,,,,,,,,,,,,,,,,,,,,
2026-10-01 01:30:00,서울특별시,A1120796,이화여자대학교의과대학부속서울병원,20261001012101,1522-7000,Y,Y,,,5,2,5,,,0,Y,,Y,Y,Y,Y,Y,Y,1,Y,117,Y,0,Y,Y,3,19,N1,14,9,2,6,,24,11,,19,4,2,5,5,8,71,9,22,12,4,5,,,736,,,Y,Y,A1120796,12,,1,2,1,,,10,17,,7,,,,,,,1,11,1,17,,,,,,,,,,3,,,,19,,,,,,,,,,,,,,,,,,,,,,
2026-10-01 01:30:00,서울특별시,A1100041,의료법인서울효천의료재단 에이치플러스양지병원,20261001012510,02-1877-8875,,,,,,1,2,,,1,,,Y,Y,Y,Y,Y,Y,7,Y,13,Y,1,N1,Y,,7,N1,18,,1,2,,,27,,7,3,,2,3,3,23,,,5,1,1,,,293,,,Y,N1,A1100041,13,,,,0,,,,,,1,,,,,,,,,,,,,,,,,,,,,,,,,,,,,,,,,,,,,,,,,,,,,,
2026-10-01 01:30:00,서울특별시,A1100002,건국대학교병원,20261001012249,1588-1533,Y,Y,,,4,1,2,,,3,Y,,Y,Y,Y,Y,Y,Y,10,Y,62,Y,,Y,Y,1,21,N1,20,4,1,2,,16,,,21,3,2,4,4,5,45,7,18,7,3,14,,,678,,,Y,Y,A1100002,14,,10,2,1,7,,24,25,,1,14,,,,,,,,,,,,,,,,,,,,,,,,,,,,,,,,,,,,,,,,,,,,,
2026-10-01 01:30:00,서울특별시,A1100016,인제대학교상계백병원,20261001012143,02-950-1114,Y,Y,,,,1,2,,,0,Y,,Y,Y,Y,Y,Y,Y,6,Y,33,Y,,Y,Y,2,13,N1,16,,1,2,,15,,,13,2,2,3,2,3,36,10,25,10,3,1,,,390,,,Y,Y,A1100016,15,,2,0,2,1,,19,18,,4,5,,,,,,,,,,,,,,,,,,,,,,,,,,,,,,,,3,4,,,,,,,,,,,,
2026-10-01 01:30:00,서울특별시,A1100048,노원을지대학교병원,20261001012102,02-970-8000,Y,Y,,,,1,4,,,0,Y,,Y,Y,Y,Y,Y,Y,12,Y,197,N1,,Y,Y,0,11,N1,17,,1,4,,10,,,11,1,3,2,2,2,26,8,19,3,1,,,,479,,,Y,Y,A1100048,16,,-1,0,2,3,,16,16,,2,21,,,,,,,,,,,,,,,,,,,,,,,,,,,,,,,,,,0,0,0,0,,,,,,,,
2026-10-01 01:30:00,서울특별시,A1100020,의료법인한전의료재단 한일병원,20261001012503,02-901-3114,N,N,,,2,2,2,1,2,2,,Y,Y,Y,Y,Y,Y,Y,17,N1,65,Y,6,N,Y,,8,N,21,2,2,2,2,,21,3,8,5,,2,1,2,25,1,4,2,,4,2,2,389,,,Y,N,A1100020,17,,,,0,,,,,,1,,,,,,,,,,,,,,,,,,,,,,,,,,,,,,,,,,,,,,,,,,,,,,
2026-10-01 01:30:00,서울특별시,A1100001,경희대학교병원,20261001012436,02-958-8114,Y,Y,,,2,2,3,,,8,Y,,Y,Y,Y,Y,Y,Y,10,Y,134,Y,22,Y,Y,9,16,N1,15,3,2,3,,26,65,,16,10,3,3,3,5,48,6,12,8,3,2,,,653,,,Y,Y,A1100001,18,,,,,4,,,,,,20,,,,,,,,2,15,,,,,,,,,,,,,,,,,,,,,,,,,,,,,,,,,,,,
2026-10-01 01:30:00,서울특별시,A1100021,삼육서울병원,20261001012204,02-2244-0191,,N,,,,1,1,1,2,3,Y,,Y,Y,Y,Y,Y,Y,8,Y,88,Y,3,N,Y,4,5,Y,13,,1,2,2,4,15,3,5,4,2,1,1,2,20,,4,5,2,1,,1,389,,,Y,N1,A1100021,19,,,,0,,,,,,1,,,,,,,,,,,,,,,,,,,,,,,,,,,,,,,,,0,4,,,,,,,,,,,,
2026-10-01 01:30:00,서울특별시,A1100040,서울특별시보라매병원,20261001012500,02-870-2114,Y,Y,,,3,2,1,,,3,Y,,Y,Y,Y,Y,Y,Y,17,Y,129,Y,,Y,Y,1,14,N1,31,3,2,1,,14,,,14,3,4,6,3,5,48,14,13,5,9,2,,,695,,,Y,Y,A1100040,20,,3,6,1,5,,15,16,,4,14,,,,,,1,4,,,,,,,,,,,,,,,,,,,,,,,,,,,,,,,,,,,,,,
2026-10-01 01:30:00,서울특별시,A1100003,중앙대학교병원,20261001012508,1800-1114,Y,Y,0,,3,2,3,1,,0,Y,,Y,Y,Y,Y,Y,Y,10,Y,126,Y,,Y,Y,0,16,N1,22,4,2,3,12,25,,,16,2,2,4,3,4,51,9,21,13,6,12,,,629,1,,Y,Y,A1100003,21,0,1,2,0,1,,12,17,,11,2,0,0,,0,,,,,,,,,,3,,,,,,,,,,,,,,,4,,,,,,,,,,,,,,,,
2026-10-01 01:30:00,서울특별시,A1100007,연세대학교의과대학세브란스병원,20261001012402,02-2228-0114,Y,Y,,,7,1,1,,,1,Y,Y,Y,Y,Y,Y,Y,Y,-2,Y,193,Y,5,Y,Y,14,3,N1,39,8,1,3,,52,18,,3,30,8,16,16,17,206,55,61,21,16,21,1,,1872,,,Y,Y,A1100007,22,,4,8,2,6,,29,24,,5,20,,,,,,7,23,9,29,1,1,,,,7,0,2,2,7,22,2,10,17,6,1,1,,,,,,,,,,,,,,,,,,,
2026-10-01 01:30:00,서울특별시,A1100012,학교법인가톨릭학원가톨릭대학교서울성모병원,20261001012510,0215881511,Y,Y,,,5,,,1,1,0,Y,,Y,Y,Y,Y,Y,Y,-1,Y,48,Y,0,Y,Y,13,32,N1,28,7,,,2,50,5,6,32,10,2,9,10,8,80,40,39,11,9,4,,,1053,,,Y,Y,A1100012,23,1,3,9,10,11,,22,20,,18,35,1,4,,5,,0,10,5,19,1,1,,,,0,1,0,,3,3,2,,8,6,1,1,,,,,,,,,,,,,,,,,,,
2026-10-01 01:30:00,서울특별시,A1100009,재단법인아산사회복지재단 서울아산병원,20261001012215,02-3010-3114,Y,Y,1,,7,1,-1,1,1,1,Y,,Y,Y,Y,Y,Y,Y,-4,Y,135,Y,3,Y,Y,21,3,Y,36,11,1,22,2,61,12,4,4,8,8,21,15,17,190,33,49,30,14,5,,1,2121,1,,Y,Y,A1100009,24,,0,5,7,9,,24,37,,47,28,,,1,,6,1,12,1,12,2,1,,,,2,0,0,4,5,26,2,13,12,6,2,1,,,,,,,,,,,,,,,,,,,
2026-10-01 01:30:00,서울특별시,A1100011,가톨릭대학교여의도성모병원,20261001012510,02-1661-7575,,,,,,1,4,2,,0,Y,,Y,Y,Y,Y,Y,Y,7,Y,9,Y,,N1,Y,,13,N1,15,,1,4,2,,,,13,1,2,2,2,2,23,,,5,1,2,,,330,,,Y,N1,A1100011,25,,-2,-1,1,,,10,8,,1,,,,,,,,,0,9,,,,,,,,,,,,,,,,,,,,,,,,,,,,,,,,,,,,
2026-10-01 01:30:00,서울특별시,A1100055,한림대학교 강남성심병원,20261001012107,02-829-5114,Y,Y,,,3,3,2,0,1,,Y,,Y,Y,Y,Y,Y,Y,14,Y,116,Y,,Y,Y,3,14,N1,20,3,3,2,2,12,,3,14,,3,3,3,3,54,21,22,13,3,2,,,493,,,Y,Y,A1100055,26,,1,7,3,,,21,23,,7,,,,,,,4,10,,,,,,,,,,,,,,,,,,,,,,,,,,,,,,,,,,,,,,
2026-10-01 01:30:00,서울특별시,A1100054,성애의료재단성애병원,20261001012359,02-840-7114,Y,Y,,,,1,4,,,,Y,,Y,Y,Y,Y,Y,Y,11,N1,24,N1,1,Y,Y,4,5,N1,15,,1,4,,4,19,,5,,2,2,2,1,8,5,14,2,,,,,252,,,Y,Y,A1100054,27,,,,0,,,,,,1,,,,,,,,,,,,,,,,,,,,,,,,,,,,,,,,,,,,,,,,,,,,,,
2026-10-01 01:30:00,서울특별시,A1100004,순천향대학교부속서울병원,20261001012425,02-709-9114,Y,Y,,,4,1,2,0,1,0,Y,,Y,Y,Y,Y,Y,Y,14,Y,93,Y,1,Y,Y,-2,13,N1,20,4,1,2,2,13,43,3,14,4,7,3,3,4,51,8,17,14,5,3,,,597,,,Y,Y,A1100004,28,,,,2,5,,,,,10,21,,,,,,,,,,,,,0,0,,,,,,,,,,,,,,0,0,,,0,0,,,,,,,,,,,,
2026-10-01 01:30:00,서울특별시,A1121013,가톨릭대학교은평성모병원,20261001012508,02-1811-7755,Y,Y,,,7,0,2,,,1,Y,,Y,Y,Y,Y,Y,Y,10,Y,106,Y,,Y,Y,3,19,N1,24,8,2,2,,19,,,19,5,1,4,3,5,46,19,22,10,5,20,,,651,,,Y,Y,A1121013,29,,0,0,0,,,16,9,,4,,,,,,,-1,12,-1,13,,,,,,,,,,,,,,,,,,,,,,,,,,,,,,,,,,,,
2026-10-01 01:30:00,서울특별시,A1100006,강북삼성병원,20261001012524,02-2001-2001,Y,Y,,,2,1,2,,,1,Y,,Y,Y,Y,Y,Y,Y,2,Y,38,Y,3,Y,Y,-1,16,N1,15,2,1,2,,14,24,,16,2,1,5,4,6,54,13,14,8,4,3,,,543,,,Y,Y,A1100006,30,,,2,2,9,,,4,,5,18,,,,,,,,2,12,,,,,,,,,,2,,,,8,,,,,,,,,,,,,,,,,,,,,,
2026-10-01 01:30:00,서울특별시,A1100052,국립중앙의료원,20261001012505,02-2260-7114,N,Y,,0,3,2,3,2,0,1,Y,,Y,Y,Y,Y,Y,Y,11,Y,0,Y,1,Y,Y,,7,N1,15,3,2,3,6,,13,0,7,7,1,1,1,2,56,1,3,5,5,2,,,202,,0,Y,N,A1100052,31,,,0,0,,5,,0,20,2,,,,,,,,,,,,,0,,0,,,,,,,,,,,,,0,,0,,,4,5,2,6,2,6,15,2,50,2,,,,
2026-10-01 01:30:00,서울특별시,A1100036,부민병원,20261001012042,1577-7582,,Y,,,,1,,,,1,Y,,Y,Y,Y,Y,Y,Y,10,Y,54,N1,3,Y,Y,,8,N1,10,,1,,,,14,,8,3,1,3,3,1,22,,1,2,1,,,,282,,,Y,N1,A1100036,32,,,,0,,,,,,1,,,,,,,,,,,,,,,,,,,,,,,,,,,,,,,,,,,,,,,,,,,,,,
2026-10-01 01:30:00,서울특별시,A1100051,혜민병원,20261001012027,02-2049-9000,,,,,,1,,,,,,,Y,,Y,N1,Y,Y,7,N1,19,N1,8,N1,Y,,5,N1,9,,1,,,,19,,5,,,2,2,,16,,,2,,,,,205,,,Y,N1,A1100051,33,,,,,,,,,,,,,,,,,,,,,,,,,,,,,,,,,,,,,,,,,,,,,,,,,,,,,,,,
2026-10-01 01:30:00,서울특별시,A1100026,구로성심병원,20261001012509,02-2067-1500,,,,,,,1,,,,,,Y,,Y,N1,N1,Y,6,N1,36,N1,4,N1,Y,,3,N1,9,,,1,,,11,,3,,,1,1,,5,,,,,,,,191,,,Y,N1,A1100026,34,,,,,,,,,,,,,,,,,,,,,,,,,,,,,,,,,,,,,,,,,,,,,,,,,,,,,,,,
2026-10-01 01:30:00,서울특별시,A1100049,희명병원,20261001012356,02-804-0002,,,,,,,1,,,,,,Y,,Y,N1,Y,Y,9,Y,112,N1,8,N1,Y,,4,N1,10,,,1,,,19,,4,,,1,1,,9,,,1,1,,,,228,,,Y,N1,A1100049,35,,,,,,,,,,,,,,,,,,,,,,,,,,,,,,,,,,,,,,,,,,,,,,,,,,,,,,,,
2026-10-01 01:30:00,서울특별시,A1100027,한국원자력의학원원자력병원,20261001012259,02-970-2114,,Y,,,,1,1,,,0,Y,,Y,Y,Y,Y,Y,Y,8,N1,133,N1,6,Y,Y,,10,N1,9,,1,1,,,10,,10,1,1,4,2,1,16,,2,1,,,,,444,,,Y,N1,A1100027,36,,,,1,,,,,,1,,,,,,,,,,,,,,,,,,,,,,,,,,,,,,,,,1,1,,,,,,,,,,,,
2026-10-01 01:30:00,서울특별시,A1100022,서울특별시동부병원,20261001012520,02-920-9114,,Y,,,,1,1,,,,Y,,Y,,Y,N1,Y,Y,8,N1,34,N1,4,Y,Y,,3,N1,8,,1,1,,,8,,3,,1,1,1,,7,,1,1,,,,,195,,,Y,N1,A1100022,37,,,,0,,,,,,1,,,,,,,,,,,,,,,,,,,,,,,,,,,,,,,,,,,,,,,,,,,,,,
2026-10-01 01:30:00,서울특별시,A1100050,서울성심병원,20261001012446,02-966-1616,,,,,,1,2,,,,,,Y,,Y,N1,N1,Y,16,N1,73,N1,5,N1,Y,,6,N1,17,,1,2,,,10,,6,,,1,1,,11,,,,,,,,208,,,Y,N1,A1100050,38,,,,,,,,,,,,,,,,,,,,,,,,,,,,,,,,,,,,,,,,,,,,,,,,,,,,,,,,
2026-10-01 01:30:00,서울특별시,A1100025,의료법인동신의료재단동신병원,20261001012408,02-396-9161,,,,,,,1,,,,,,Y,,Y,N1,N1,Y,8,N1,41,N1,2,N1,Y,,3,N1,9,,,1,,,9,,3,,,1,1,,7,,,,,,,,196,,,Y,N1,A1100025,39,,,,,,,,,,,,,,,,,,,,,,,,,,,,,,,,,,,,,,,,,,,,,,,,,,,,,,,,
2026-10-01 01:30:00,서울특별시,A1122033,기쁨병원,20261001012458,02-570-1234,,,,,,,1,,,,,,Y,Y,Y,Y,N1,Y,2,N1,59,N1,,N1,Y,,8,N1,4,,,1,,,,,8,,,1,1,1,1,,,,,,,,110,,,Y,N1,A1122033,40,,,,,,,,,,,,,,,,,,,,,,,,,,,,,,,,,,,,,,,,,,,,,,,,,,,,,,,,
2026-10-01 01:30:00,서울특별시,A1100019,홍익병원,20261001012300,02-2693-5555,,,,,,,0,,,0,,,Y,Y,Y,Y,N,Y,7,N1,73,N1,8,N1,Y,,4,N1,9,,,1,,,14,,4,1,,4,2,2,7,,,1,,,,,251,,,Y,N1,A1100019,41,,,,1,,,,,,1,,,,,,,,,,,,,,,,,,,,,,,,,,,,,,,,,,,,,,,,,,,,,,
2026-10-01 01:30:00,서울특별시,A1100223,서울특별시서남병원,20261001012000,1566-6688,,,,0,,1,2,1,0,4,,,Y,,Y,N1,Y,Y,14,Y,25,Y,9,N1,Y,,4,N1,17,,1,2,2,,17,3,4,4,,2,1,,16,,,1,1,1,,,275,,0,Y,N1,A1100223,42,,,,0,,,,,,1,,,,,,,,,,,,,,,,,,,,,,,,,,,,,,,,,,,,,,,,,,,,,,
2026-10-01 01:30:00,서울특별시,A1100024,명지성모병원,20261001012511,02-1899-1475,,,,,,1,1,,,,,,Y,Y,Y,Y,N1,Y,5,N1,58,N1,5,N1,Y,,3,N1,8,,1,1,,,12,,3,,,1,3,2,7,,,,,,,,212,,,Y,N1,A1100024,43,,,,1,,,,,,1,,,,,,,,,,,,,,,,,,,,,,,,,,,,,,,,,,,,,,,,,,,,,,
2026-10-01 01:30:00,서울특별시,A1100037,대림성모병원,20261001012027,02-829-9000,,,,,,,2,,,,,,Y,,Y,N1,N1,Y,7,N1,32,N1,,N1,Y,,4,N1,8,,,2,,,,,4,,,1,2,,1,,,,,,,,114,,,Y,N1,A1100037,44,,,,,,,,,,,,,,,,,,,,,,,,,,,,,,,,,,,,,,,,,,,,,,,,,,,,,,,,
2026-10-01 01:30:00,서울특별시,A1100045,씨엠병원,20261001011500,02-2678-0001,,,,,,,1,,,,,,Y,,Y,N1,N1,Y,9,N1,29,N1,,N1,Y,,5,N1,9,,,1,,,,,5,,,2,2,,6,,,,,,,,110,,,Y,N1,A1100045,45,,,,,,,,,,,,,,,,,,,,,,,,,,,,,,,,,,,,,,,,,,,,,,,,,,,,,,,,
2026-10-01 01:30:00,서울특별시,A1100023,의료법인청구성심병원,20261001012203,02-350-3300,,,,,,,1,,,,,,Y,,Y,N1,N1,Y,9,N1,26,N1,1,N1,Y,,3,N1,10,,,1,,,6,,3,,,1,1,,4,,,,,,,,196,,,Y,N1,A1100023,46,,,,,,,,,,,,,,,,,,,,,,,,,,,,,,,,,,,,,,,,,,,,,,,,,,,,,,,,
2026-10-01 01:30:00,서울특별시,A1100029,서울적십자병원,20261001012405,02-2002-8000,,,,,,1,,,,,,,Y,,Y,N1,Y,Y,8,N1,107,N1,7,N1,Y,,6,N1,10,,1,,,,12,,6,,,1,1,,11,,,2,,,,,260,,,Y,N1,A1100029,47,,,,,,,,,,,,,,,,,,,,,,,,,,,,,,,,,,,,,,,,,,,,,,,,,,,,,,,,
2026-10-01 01:30:00,서울특별시,A1100032,세란병원,20261001012504,02-737-0181,,,,,,,1,,,,,,Y,,Y,N1,N1,Y,10,N1,36,N1,,N1,Y,,13,N1,10,,,1,,,,,13,,,3,5,,3,,,,,,,,205,,,Y,N1,A1100032,48,,,,,,,,,,,,,,,,,,,,,,,,,,,,,,,,,,,,,,,,,,,,,,,,,,,,,,,,
2026-10-01 01:30:00,서울특별시,A1100075,의료법인풍산의료재단동부제일병원,20261001012000,02-437-5011,,,,,,,1,,,,,,Y,,Y,N1,N1,Y,7,N1,49,N1,,N1,N,,2,N1,7,,,1,,,,,2,,,1,1,,3,,,,,,,,124,,,Y,N1,A1100075,49,,,,,,,,,,,,,,,,,,,,,,,,,,,,,,,,,,,,,,,,,,,,,,,,,,,,,,,,
2026-10-01 01:30:00,서울특별시,A1100044,녹색병원,20261001012507,02-490-2000,,,,,,1,4,,,0,Y,,Y,,Y,N1,Y,Y,3,N1,70,N1,6,N1,Y,,3,N1,5,,1,4,,,17,,3,3,1,2,1,,22,,,1,,,,,293,,,Y,N1,A1100044,50,,,,1,,,,,,3,,,,,,,,,,,,,,,,,,,,,,,,,,,,,,,,,,,,,,,,,,,,,,
2026-10-01 01:30:00,경기도,A2100042,의료법인명지의료재단명지병원,20261001012500,031-810-5114,Y,Y,1,0,0,0,1,4,15,0,Y,Y,Y,Y,Y,Y,Y,Y,10,Y,140,Y,10,Y,Y,3,6,Y,15,0,0,3,16,3,31,28,13,0,2,6,3,5,49,4,5,8,5,2,1,2,443,4,0,Y,Y,A2100042,1,3,,,4,0,,,,,4,0,3,2,1,2,3,,,,,,3,0,0,0,,,,,,,,,,,,3,0,0,0,0,2,,,,,,,,,,,0,0,0,0
2026-10-01 01:30:00,경기도,A2100033,국민건강보험공단일산병원,20261001012503,1577-0013,Y,Y,1,0,2,2,3,0,2,1,Y,,Y,Y,Y,Y,Y,Y,13,Y,124,N1,,Y,Y,0,2,N1,23,5,2,3,19,25,,29,2,4,2,4,3,3,58,8,28,13,5,,,,659,1,0,Y,Y,A2100033,2,,0,0,0,7,,10,16,,11,28,,,,,,1,6,,,,,0,0,0,,,,,,,,,,,,,0,0,0,1,1,,,,,,,,,,,,,,
2026-10-01 01:30:00,경기도,A2100005,순천향대학교부속부천병원,20261001012121,032-621-5114,Y,Y,,,5,0,0,3,14,2,Y,Y,Y,Y,Y,Y,Y,Y,4,Y,121,Y,2,Y,Y,4,21,Y,17,5,0,0,20,24,22,34,21,7,1,4,3,5,71,9,31,17,4,3,1,1,674,,,Y,Y,A2100005,3,2,2,4,1,,,16,15,,8,,2,0,,3,,,,,,,,0,,0,,,,,,,,,,,,,0,,0,,,,,,2,,5,,,,,,0,,0
2026-10-01 01:30:00,경기도,A2100001,분당서울대학교병원,20261001012100,031-787-2114,Y,Y,,,1,2,2,1,11,1,Y,,Y,Y,Y,Y,Y,Y,-22,Y,247,Y,1,Y,Y,0,39,N1,30,5,2,3,15,35,8,30,39,3,3,11,11,11,128,17,39,16,8,8,,,1247,,,Y,Y,A2100001,4,,2,4,0,2,,13,13,,1,15,,,3,,5,2,9,0,10,,,,5,,0,,,,,6,,,,,,,,5,,,,,,,1,,2,,,,,,9,,9
2026-10-01 01:30:00,경기도,A2100030,차의과학대학교분당차병원,20261001012234,031-780-5000,Y,Y,0,,7,,,3,20,,Y,,Y,Y,Y,Y,Y,Y,10,Y,43,Y,,Y,Y,3,26,N1,22,11,,,14,35,,43,26,,8,5,3,4,40,26,46,6,2,2,,,717,2,,Y,Y,A2100030,5,1,0,4,0,3,,8,9,,4,22,2,3,0,3,2,0,6,1,7,1,1,,0,0,0,0,6,,,2,2,,,6,1,1,,0,1,,,0,0,,,,,,,,,,,,
2026-10-01 01:30:00,경기도,A2100002,아주대학교병원,20261001012401,031-219-5114,Y,Y,,,7,0,0,3,1,1,Y,,Y,Y,Y,Y,Y,Y,10,Y,64,Y,,Y,Y,0,25,N1,30,9,0,0,16,36,,42,25,8,3,8,6,9,126,27,34,32,9,7,,,792,,,Y,Y,A2100002,6,2,2,0,0,13,3,14,10,40,3,20,2,3,1,6,2,2,7,4,13,1,0,,,0,,0,0,1,2,,2,6,11,6,1,4,,,0,,,0,0,2,6,2,6,8,3,60,3,,0,,0
2026-10-01 01:30:00,경기도,A2100003,고려대학교의과대학부속안산병원,20261001012341,031-1577-7516,Y,Y,0,,4,,2,1,7,5,Y,,Y,Y,Y,Y,Y,Y,7,Y,65,Y,1,Y,Y,1,20,N1,22,4,,3,18,25,4,30,20,10,2,3,4,4,66,15,19,8,5,3,,,605,2,,Y,Y,A2100003,7,1,0,5,0,11,,11,18,,3,16,2,2,,3,,0,6,,,,,,,,,,,,,,,,,,,,,,,,,,,,,,,,,,,,,,
2026-10-01 01:30:00,경기도,A2100004,한림대학교성심병원,20261001012457,031-380-1500,Y,Y,0,,3,2,3,7,18,0,Y,Y,Y,Y,Y,Y,Y,Y,16,Y,79,Y,,Y,Y,7,19,N1,25,3,2,4,19,9,,30,19,14,2,4,3,6,102,8,10,20,14,2,1,,593,1,,Y,Y,A2100004,8,0,0,1,1,13,,27,16,,3,20,0,5,,5,,,,,,,,,,,,,,0,6,,,8,18,,,,,,,,,,,,,,,,,,,,,,
2026-10-01 01:30:00,경기도,A2100040,가톨릭대학교의정부성모병원,20261001012508,1661-7500,Y,Y,1,,11,2,4,5,10,,Y,,Y,Y,Y,Y,Y,Y,17,Y,53,Y,4,Y,Y,0,13,N1,42,11,2,4,18,15,26,30,13,,3,4,3,4,54,10,28,12,4,3,,,519,1,,Y,Y,A2100040,9,,,,0,,3,,,20,4,,,,0,,1,0,6,,,,,,,,,,,,,,,,,,,,,,,,,,,1,6,2,6,5,2,53,2,,,,
2026-10-01 01:30:00,경기도,A2100047,동국대학교일산불교병원,20261001012520,031-1577-7000,Y,Y,,,3,1,3,1,3,0,Y,,Y,Y,Y,Y,Y,Y,11,Y,109,Y,,Y,Y,7,12,N1,19,3,1,3,2,13,,3,12,0,8,2,2,2,19,13,25,4,2,1,,,460,,,Y,Y,A2100047,10,,2,1,0,7,,15,12,,4,15,,,,,,,,,,,,,,,,,,,,,,,,,,,,,,,,3,3,,,,,,,,,,,,
2026-10-01 01:30:00,경기도,A2100038,인제대학교일산백병원,20261001012232,031-910-7114,N,N,,,,3,2,,,0,Y,,Y,Y,Y,Y,Y,Y,20,Y,91,Y,,N,Y,,17,N1,34,,3,3,,,,,17,2,3,3,3,4,54,18,22,7,3,1,,,559,,,Y,N,A2100038,11,,0,0,0,2,,25,32,,4,16,,,,,,,,,,,,,,,,,,,0,,,,4,,,,,,,,,,,,,,,,,,,,,,
2026-10-01 01:30:00,경기도,A2118788,중앙대학교광명병원,20261001012507,1811-7800,Y,Y,,,,1,2,,,0,Y,,Y,Y,Y,Y,Y,Y,20,Y,81,Y,5,Y,Y,2,17,N1,21,,1,2,,16,24,,17,2,2,2,2,5,28,6,16,5,4,10,,,576,,,Y,Y,A2118788,12,0,,,2,,,,,,6,,0,0,,0,,3,5,,,,,,,,,,,3,,,,5,,,,,,,,,,,,,,,,,,,,,,,
2026-10-01 01:30:00,경기도,A2100007,광명성애병원,20261001012507,02-2680-7114,Y,Y,,7,4,1,4,,,,Y,,Y,Y,Y,Y,Y,Y,8,N1,37,N1,7,Y,Y,,5,N1,11,4,1,4,,,13,,5,,2,2,2,1,12,2,5,1,,,,,189,,50,Y,Y,A2100007,13,,,,0,,,,,,1,,,,,,,,,,,,,,,,,,,,,,,,,,,,,,,,,,,,,,,,,,,,,,
2026-10-01 01:30:00,경기도,A2100155,참조은병원,20261001012238,1600-9955,,,,,1,1,3,,,1,,,Y,Y,Y,Y,Y,Y,6,N1,21,Y,-3,N1,Y,,7,N1,9,1,1,3,,,22,,7,2,,3,3,2,18,,,3,,2,,,286,,,Y,N1,A2100155,14,,,,3,,,,,,3,,,,,,,,,,,,,,,0,,,,,,,,,,,,,,,0,,,6,6,,,,,,,,,,0,,0
2026-10-01 01:30:00,경기도,A2100039,한양대학교구리병원,20261001012259,031-1644-9118,Y,Y,,,,1,4,,,1,Y,,Y,Y,Y,Y,Y,Y,13,Y,41,Y,,Y,Y,3,10,N1,18,,1,4,,10,,,10,5,1,3,2,3,21,6,14,4,2,2,,,489,,,Y,Y,A2100039,15,,0,4,,,,17,14,,,,,,,,,,,,,,,,,,,,,,,,,,,,,,,,,,,,,,,,,,,,,,,,
2026-10-01 01:30:00,경기도,A2100054,효산의료재단지샘병원,20261001012438,031-389-3000,,,,,,2,1,,,0,,,Y,Y,Y,Y,Y,Y,14,N1,63,N1,6,N1,Y,,5,N1,18,,2,1,,,18,,7,2,,2,1,3,11,,,2,,,,,368,,,Y,N1,A2100054,16,,,,1,,,,,,1,,,,,,,,,,,,,,,,,,,,,,,,,,,,,,,,,1,1,,,,,,,,,,,,
2026-10-01 01:30:00,경기도,A2100048,원광대학교산본병원,20261001012417,031-390-2300,,,,,,0,2,,,,Y,,Y,Y,Y,Y,Y,Y,16,N1,68,N1,2,N1,Y,,5,N1,17,,1,2,,,12,,5,,1,1,1,1,1,,,2,,,,,188,,,Y,N1,A2100048,17,,,,,,,,,,,,,,,,,,,,,,,,,,,,,,,,,,,,,,,,,,,,,,,,,,,,,,,,
2026-10-01 01:30:00,경기도,A2100053,의료법인우리의료재단김포우리병원,20261001012546,031-999-1000,,,,0,,1,6,,,0,,,Y,Y,Y,Y,Y,Y,12,Y,15,Y,3,N1,Y,,7,N1,22,,1,6,,,36,,7,11,,2,2,2,48,,,4,1,2,,,477,,0,Y,N1,A2100053,18,,,,0,,,,,,1,,,,,,,,,,,,,,,0,,,,,,,,,,,,,,,0,,,,,,,,,,,,,,0,,0
2026-10-01 01:30:00,경기도,A2100006,의료법인인봉의료재단뉴고려병원,20261001012224,031-998-8129,,,,,,1,2,,,,,,Y,Y,Y,Y,Y,Y,10,N1,67,N1,0,N1,Y,,6,N1,14,,1,2,,,24,,6,,,2,2,2,7,,,1,,,,,278,,,Y,N1,A2100006,19,,,,3,,,,,,10,,,,,,,,,,,,,,,,,,,,,,,,,,,,,,,,,3,3,,,,,,,,,,,,
2026-10-01 01:30:00,경기도,A2100041,남양주한양병원,20261001012535,031-510-0114,,,,,,1,2,0,2,,,,Y,Y,Y,Y,Y,Y,17,N1,78,N1,0,N1,Y,,,Y,17,,1,2,4,,15,4,,,,2,2,1,33,,,2,,,,1,240,,,Y,N1,A2100041,20,,,,10,,,,,,20,,,,,,,,,,,,,,,,,,,,,,,,,,,,,,,,,,,,,,,,,,,,,,
2026-10-01 01:30:00,경기도,A2100037,현대병원,20261001012524,031-574-9118~9,,,,,,1,2,,,,,,Y,Y,Y,Y,Y,Y,11,N1,64,Y,0,N1,Y,,7,N1,17,,1,2,,,19,,7,,,2,2,2,50,,,17,,2,,,342,,,Y,N1,A2100037,21,,,,1,,,,,,20,,,,,,,,,,,,,,,,,,,,,,,,,,,,,,,,,,,,,,,,,,,,,,
2026-10-01 01:30:00,경기도,A2100055,부천세종병원,20261001012511,1599-6677,Y,Y,,,,1,2,0,0,3,Y,,Y,Y,Y,Y,Y,Y,16,Y,78,Y,1,Y,Y,,6,N1,17,,1,2,2,,20,3,6,6,1,2,1,5,18,1,1,5,4,1,,,268,,,Y,Y,A2100055,22,,,,0,,,,,,2,,,,,,,,,,,,,,,,,,,,,,,,,,,,,,,,,,,,,,,,,,,,,,
2026-10-01 01:30:00,경기도,A2100052,가톨릭대학교부천성모병원,20261001012508,032-1577-0675,Y,Y,,,,2,0,,,3,Y,,Y,Y,Y,Y,Y,Y,19,Y,64,Y,,Y,Y,8,14,N1,31,,2,1,,10,,,14,4,3,3,3,3,28,4,14,11,1,2,,,562,,,Y,Y,A2100052,23,,1,1,1,,,16,12,,4,,,,,,,,,8,18,,,,,,,,,,,,,,,,,,,,,,,3,3,,,,,,,,,,,,
2026-10-01 01:30:00,경기도,A2100025,대진의료재단분당제생병원,20261001012500,031-779-0114,Y,Y,,,3,1,2,1,1,0,Y,Y,Y,Y,Y,Y,Y,Y,3,Y,60,Y,,Y,Y,2,9,N1,24,3,1,2,2,3,,3,9,2,2,4,3,3,22,1,5,5,2,3,1,,481,,,Y,Y,A2100025,24,,5,4,2,,,10,13,,4,,,,,,,,,,,,,,7,,,,,,,,,,,,,,,7,,,,,,,,,,,,,,,,,
2026-10-01 01:30:00,경기도,A2116806,성남시의료원,20261001012501,031-738-7000,,,,,6,2,4,2,3,28,,,Y,Y,Y,Y,Y,Y,12,Y,88,Y,,N1,Y,,8,Y,17,6,2,4,2,,,4,8,28,,3,2,2,31,,,6,3,1,,2,237,,,Y,N1,A2116806,25,,,16,5,,,,23,,5,,,,,,,,,,,,,,,,,,,,,,,,,,,,,,,,,,,,,,,,,,,,,,
2026-10-01 01:30:00,경기도,A2117135,의료법인명인의료재단화홍병원,20261001011557,031-278-0119,Y,,,,,2,3,,,,,,Y,,Y,N1,N1,Y,12,Y,31,N1,7,N1,Y,,6,Y,15,,2,3,,,29,,6,,,2,2,,4,1,,,1,,,1,228,,,Y,Y,A2117135,26,,,,0,,,,,,1,,,,,,,,,,,,,,,,,,,,,,,,,,,,,,,,,,,,,,,,,,,,,,
2026-10-01 01:30:00,경기도,A2100009,의료법인녹산의료재단동수원병원,20261001012318,031-210-0114,,Y,,,,1,2,0,2,0,Y,,Y,Y,Y,Y,Y,Y,14,N1,74,N1,8,Y,Y,,5,N1,17,,1,2,2,,18,4,5,1,1,2,2,1,15,,4,1,,,,,335,,,Y,N1,A2100009,27,,,,0,,,,,,3,,,,,,,,,,,,,,,,,,,,,,,,,,,,,,,,,,,,,,,,,,,,,,
2026-10-01 01:30:00,경기도,A2100012,가톨릭대학교성빈센트병원,20261001012507,031-1577-8588,Y,Y,,,4,2,2,2,3,0,Y,,Y,Y,Y,Y,Y,Y,18,Y,61,Y,,Y,Y,1,19,N1,28,6,2,2,4,18,,8,19,11,2,5,4,6,52,7,18,12,4,4,,,650,,,Y,Y,A2100012,28,,3,5,1,7,,20,11,,5,30,,,,,,4,8,2,15,1,1,,,,,2,6,,4,,2,,8,6,1,1,,,,,,,,,,,,,,,,,,,
2026-10-01 01:30:00,경기도,A2100008,의료법인남촌의료재단시화병원,20261001012530,031-1811-7000,,,,,5,1,5,,,1,Y,,Y,Y,Y,Y,Y,Y,14,Y,56,N1,19,N1,Y,,7,N1,16,5,1,5,,,52,,7,1,1,3,3,2,29,,,4,2,,,,461,,,Y,N1,A2100008,29,,,,1,,,,,,1,,,,,,,,,,,,,,,,,,,,,,,,,,,,,,,,,,,,,,,,,,,,,,
2026-10-01 01:30:00,경기도,A2100017,대아의료재단한도병원,20261001012423,031-8040-1114,,,,,,1,2,,,,,,Y,Y,Y,Y,Y,Y,17,N1,41,N1,9,N1,Y,,6,N1,17,,1,2,,,29,,6,,,3,2,2,15,,,3,,,,,327,,,Y,N1,A2100017,30,,,,0,,,,,,1,,,,,,,,,,,,,,,,,,,,,,,,,,,,,,,,,,,,,,,,,,,,,,
2026-10-01 01:30:00,경기도,A2100015,효산의료재단안양샘병원,20261001012252,031-467-9114,,,,,,1,2,,,,,,Y,Y,Y,Y,Y,Y,13,Y,74,N1,,N1,Y,,6,N1,17,,1,2,,,,,6,,,2,1,2,12,,,2,1,,,,307,,,Y,N1,A2100015,31,,4,0,1,,,9,9,,1,,,,,,,,,,,,,,,,,,,,,,,,,,,,,,,,,,,,,,,,,,,,,,
2026-10-01 01:30:00,경기도,A2100024,오산한국병원,20261001012427,031-379-8300,,,,,,1,2,2,3,0,,,Y,Y,Y,Y,Y,Y,16,N1,45,Y,3,N1,Y,,5,N1,17,,1,2,2,,32,3,5,2,,2,2,2,17,,,2,,1,,,259,,,Y,N1,A2100024,32,,,,0,,,,,,1,,,,,,,,,,,,,,,,,,,,,,,,,,,,,,,,,,,,,,,,,,,,,,
2026-10-01 01:30:00,경기도,A2100020,연세대학교의과대학용인세브란스병원,20261001012137,1899-1004,Y,Y,,,6,1,3,,,2,Y,,Y,Y,Y,Y,Y,Y,10,Y,87,Y,,Y,Y,1,15,N1,16,6,1,3,,12,,,15,4,2,3,3,4,31,6,18,6,3,4,,,597,,,Y,Y,A2100020,33,,1,0,1,,,19,16,,2,,,,,,,,,,,,,,,,,,,,,,,,,,,,,,,,,,,,,,,,,,,,,,
2026-10-01 01:30:00,경기도,A2100029,강남병원,20261001012358,031-300-0114,,,,,,1,2,2,3,,,,Y,,Y,N1,Y,Y,15,N1,48,N1,11,N1,Y,,4,N1,17,,1,2,2,,30,3,4,,,2,2,,7,,,2,,,,,264,,,Y,N1,A2100029,34,,,,0,,,,,,1,,,,,,,,,,,,,,,,,,,,,,,,,,,,,,,,,,,,,,,,,,,,,,
2026-10-01 01:30:00,경기도,A2100019,(의)영문의료재단다보스병원,20261001012318,031-8021-2114,,,,,,1,2,1,0,,,,Y,Y,Y,Y,Y,Y,12,N1,1,N1,-1,N1,Y,,6,N1,13,,1,2,2,,23,3,6,,,1,1,1,7,,,2,,,,,222,,,Y,N1,A2100019,35,,,,0,,,,,,1,,,,,,,,,,,,,,,,,,,,,,,,,,,,,,,,,4,4,,,,,,,,,,,,
2026-10-01 01:30:00,경기도,A2117994,학교법인을지학원의정부을지대학교병원,20261001012100,031-951-1000,Y,Y,,,0,1,2,,,0,Y,,Y,Y,Y,Y,Y,Y,18,Y,168,Y,,Y,Y,2,12,N1,30,0,1,2,,5,,,14,6,8,3,3,4,48,5,5,6,3,2,,,588,,,Y,Y,A2117994,36,,9,5,2,12,,28,21,,2,22,,,,,,,,,,,,,,,,,,,,,,,,,,,,,,,,0,0,0,0,0,0,,,,,,,,
2026-10-01 01:30:00,경기도,A2100193,경기도의료원이천병원,20261001012402,031-630-4200,,,,,,1,1,2,1,6,,,Y,,Y,N1,N1,Y,14,N1,45,N1,2,N1,Y,,4,N1,17,,1,2,2,,6,3,4,6,,1,1,,8,,,,,,,,187,,,Y,N1,A2100193,37,,,,2,,,,,,2,,,,,,,,,,,,,,,,,,,,,,,,,,,,,,,,,,,,,,,,,,,,,,
2026-10-01 01:30:00,경기도,A2100035,경기도의료원파주병원,20261001012401,031-940-9100,,,,,,1,2,0,2,,Y,,Y,,Y,N1,N1,Y,17,N1,77,N1,5,N1,Y,,3,N1,17,,1,2,2,,8,3,3,,1,1,1,,9,,,,,,,,189,,,Y,N1,A2100035,38,,,,,,,,,,,,,,,,,,,,,,,,,,,,,,,,,,,,,,,,,,,,,,,,,,,,,,,,
2026-10-01 01:30:00,경기도,A2100028,의료법인백송의료재단굿모닝병원,20261001012523,031-5182-7700,,,,,,2,1,,,,,,Y,Y,Y,Y,Y,Y,11,Y,22,N1,3,N1,Y,,6,Y,19,,2,1,,,27,,7,,,5,3,3,23,,,5,3,,,1,392,,,Y,N1,A2100028,39,,,,1,,,,,,3,,,,,,,,,,,,,,,,,,,,,,,,,,,,,,,,,5,6,,,,,,,,,,,,
2026-10-01 01:30:00,경기도,A2113246,의료법인양진의료재단평택성모병원,20261001012418,031--1800-8800,,,,0,,1,1,2,2,,,,Y,Y,Y,Y,Y,Y,12,N1,51,N1,3,N1,Y,,6,N1,17,,1,2,2,,34,3,6,,,3,3,2,8,,,2,,,,,329,,0,Y,N1,A2113246,40,,,,2,,,,,,2,,,,,,,,,,,,,,,,,,,,,,,,,,,,,,,,,,,,,,,,,,,,,,
2026-10-01 01:30:00,경기도,A2100031,경기도의료원포천병원,20261001012502,031-539-9114,,Y,,,,1,2,2,3,1,Y,,Y,,Y,N1,N1,Y,17,N1,48,N1,1,Y,Y,,4,N1,17,,1,2,2,,8,3,4,3,3,1,1,,7,,2,,,,,,134,,,Y,N1,A2100031,41,,,,0,,,,,,0,,,,,,,,,,,,,,,,,,,,,,,,,,,,,,,,,,,,,,,,,,,,,,
2026-10-01 01:30:00,경기도,A2100046,한림대학교동탄성심병원,20261001012102,031-8086-3000,Y,Y,,,9,,,,,2,Y,Y,Y,Y,Y,Y,Y,Y,25,Y,131,Y,,Y,Y,11,20,Y,32,9,,,,13,,,20,11,1,6,3,6,51,8,16,17,5,5,1,1,535,,,Y,Y,A2100046,42,1,11,0,8,,,28,13,,11,,1,2,,2,,0,9,,,,,,,,,,,8,,,,13,,,,,,,,,,,,,,,,,,,,,,,
2026-10-01 01:30:00,경기도,A2100290,의료법인자인의료재단더자인병원,20261001012514,031-930-3114,,,,,,2,2,0,0,,,,Y,Y,Y,Y,Y,Y,15,N1,50,N1,4,N1,N,,5,N1,16,,2,2,2,,9,3,5,,,2,2,1,15,,,1,,,,,234,,,Y,N1,A2100290,43,,,,0,,,,,,3,,,,,,,,,,,,,,,,,,,,,,,,,,,,,,,,,,,,,,,,,,,,,,
2026-10-01 01:30:00,경기도,A2100049,국립암센터,20261001012400,031-920-0114,,N,,,,,0,,,,,,Y,Y,Y,Y,Y,Y,1,Y,58,Y,11,N,Y,,18,N1,24,,,1,,,19,,18,,,7,5,3,29,,1,8,2,7,,,554,,,Y,N1,A2100049,44,,,,8,,,,,,9,,,,,,,,,,,,,,,,,,,,,,,,,,,,,,,,,,,,,,,,,,,,,,
2026-10-01 01:30:00,경기도,A2116972,의료법인성광의료재단일산차병원,20261001012312,031-782-8300,Y,Y,,,,,4,,,1,Y,,,,Y,N1,N1,N1,6,N1,25,N1,4,Y,N1,0,10,N1,6,,,4,,17,4,,10,1,9,,,,4,11,19,,,,,,179,,,Y,Y,A2116972,45,,,,1,,,,,,1,,,,,,,,,,,,,,,,,,,,,,,,,,,,,,,,,,,,,,,,,,,,,,
2026-10-01 01:30:00,경기도,A2118188,엘병원,20261001012324,1899-3377,,,,,,,2,,,0,,,Y,,Y,N1,N1,Y,7,N1,39,N1,3,N1,Y,,3,N1,8,,,2,,,8,,3,1,,1,1,,2,,,,,,,,146,,,Y,N1,A2118188,46,,,,0,,,,,,1,,,,,,,,,,,,,,,,,,,,,,,,,,,,,,,,,,,,,,,,,,,,,,
2026-10-01 01:30:00,경기도,A2100050,의료법인대인의료재단다니엘종합병원,20261001012501,032-670-0001,,,,,,1,3,,,,,,Y,,Y,N1,N,Y,5,N1,25,N1,5,N1,Y,,3,N1,6,,1,3,,,30,,3,,,1,1,,17,,,1,,,,,169,,,Y,N1,A2100050,47,,,,0,,,,,,1,,,,,,,,,,,,,,,,,,,,,,,,,,,,,,,,,,,,,,,,,,,,,,
2026-10-01 01:30:00,경기도,A2100258,국군수도병원,20261001012015,031-725-6075,,,,,,0,,,,,,,Y,Y,Y,Y,Y,Y,15,Y,170,N1,5,N1,Y,,9,N1,16,,2,,,,12,,9,,,3,4,2,2,,,5,2,,,,530,,,Y,N1,A2100258,48,,,,1,9,14,,,20,1,15,,,,,,,,,,,,,,6,,,,,,,,,,,,,,,6,,,,,,,,,9,,40,,,2,,2
2026-10-01 01:30:00,경기도,A2100016,순천의료재단성남정병원,20261001012110,031-750-6000,,,,,,2,,,,,,,Y,,Y,N1,N1,Y,7,N1,77,N1,,N1,Y,,4,N1,9,,2,,,,,,4,,,1,1,,1,,,,,,,,98,,,Y,N1,A2100016,49,,,,,,,,,,,,,,,,,,,,,,,0,,33,,,,,,,,,,,,,0,,105,,,,,,,,,,,,,,,,
2026-10-01 01:30:00,경기도,A2121061,의료법인덕산의료재단수원덕산병원,20261001012504,031-686-2000,N,Y,,,3,1,2,1,1,0,Y,,Y,Y,Y,Y,Y,Y,22,Y,55,N1,5,Y,Y,,9,N1,24,3,1,2,2,,22,4,9,5,5,3,2,2,15,N,2,5,2,,,,403,,,Y,N,A2121061,50,,,,2,,,,,,3,,,,,,,,,,,,,,,,,,,,,,,,,,,,,,,,,,,,,,,,,,,,,,
2026-10-01 01:30:00,경기도,A2100032,경기도의료원수원병원,20261001012501,031-888-0114,,,,,,,2,,,2,,,Y,,Y,N1,N1,Y,6,N1,70,N1,8,N1,Y,,3,N1,8,,,2,,,9,,3,2,,1,1,,9,,,,,,,,156,,,Y,N1,A2100032,51,,,,,,,,,,,,,,,,,,,,,,,,,,,,,,,,,,,,,,,,,,,3,3,,,,,,,,,,,,
2026-10-01 01:30:00,경기도,A2100175,의료법인토마스의료재단윌스기념병원,20261001012444,031-223-2233,,,,,,1,2,0,0,,Y,,Y,Y,Y,Y,Y,Y,12,N1,30,N1,4,N1,Y,,10,N1,18,,1,2,2,,16,3,10,,1,1,4,1,1,,,1,,,,,275,,,Y,N1,A2100175,52,,,,1,,,,,,1,,,,,,,,,,,,,,,,,,,,,,,,,,,,,,,,,,,,,,,,,,,,,,
2026-10-01 01:30:00,경기도,A2100027,의료법인석경의료재단센트럴병원,20261001012254,031-8041-3000,,,,,,1,2,,,,,,Y,,Y,N1,Y,Y,18,N1,70,N1,0,N1,Y,,3,N1,18,,1,2,,,21,,3,,,2,2,,7,,,2,,,,,239,,,Y,N1,A2100027,53,,,,,,,,,,,,,,,,,,,,,,,,,,,,,,,,,,,,,,,,,,,,,,,,,,,,,,,,
2026-10-01 01:30:00,경기도,A2100013,의료법인록향의료재단신천연합병원,20261001012005,031-310-6300,,,,,,,1,,,,,,Y,,Y,N1,Y,Y,9,N1,16,N1,3,N1,Y,,3,N1,10,,,1,,,6,,3,,,1,1,,4,,,1,,,,,112,,,Y,N1,A2100013,54,,,,1,,,,,,1,,,,,,,,,,,,,,,,,,,,,,,,,,,,,,,,,,,,,,,,,,,,,,
2026-10-01 01:30:00,경기도,A2100021,의료법인플러스의료재단단원병원,20261001012602,031-8040-6600,,,,,,1,2,,,,,,Y,Y,Y,Y,Y,Y,16,Y,22,N1,4,N1,Y,,5,N1,17,,1,2,,,27,,5,,,1,1,2,8,,,2,1,,,,303,,,Y,N1,A2100021,55,,,,0,,,,,,1,,,,,,,,,,,,,,0,,,,,,,,,,,,,,,1,,,,,,,,,,,,,,,,,
2026-10-01 01:30:00,경기도,A2100014,근로복지공단안산병원,20261001012400,031-500-1114,,,,,,,1,,,1,,,Y,,Y,N1,N1,Y,7,N1,98,N1,13,N1,Y,,3,N1,7,,,1,,,18,,3,2,,1,1,,14,,,,,,,,359,,,Y,N1,A2100014,56,,,,1,,,,,,1,,,,,,,,,,,,,,,,,,,,,,,,,,,,,,,,,,,,,,,,,,,,,,
2026-10-01 01:30:00,경기도,A2100124,의료법인칠석의료재단사랑의병원,20261001011637,031-439-3000,,,,,,1,,,,,,,Y,,Y,N1,Y,Y,11,N1,26,N1,0,N1,Y,,5,N1,13,,1,,,,14,,5,,,2,2,,8,,,1,,,,,206,,,Y,N1,A2100124,57,,,,,,,,,,,,,,,,,,,,,,,,,,,,,,,,,,,,,,,,,,,,,,,,,,,,,,,,
2026-10-01 01:30:00,경기도,A2100045,경기도의료원안성병원,20261001012501,031-8046-5000,,,,,,1,,,,8,,,Y,,Y,N1,N1,Y,13,N1,107,N1,10,N1,Y,,5,N1,14,,1,,,,13,,5,8,,1,1,,8,,,,,,,,178,,,Y,N1,A2100045,58,,,,2,,,,,,2,,,,,,,,,,,,,,,,,,,,,,,,,,,,,,,,,,,,,,,,,,,,,,
2026-10-01 01:30:00,경기도,A2100305,안성성모병원,20261001012418,031-675-6007,,,,,,,1,,,,,,Y,,Y,N1,N1,Y,8,N1,81,N1,4,N1,Y,,3,N1,9,,,1,,,20,,3,,,1,1,,7,,,,,,,,188,,,Y,N1,A2100305,59,,,,,,,,,,,,,,,,,,,,,,,,,,,,,,,,,,,,,,,,,,,,,,,,,,,,,,,,
2026-10-01 01:30:00,경기도,A2100089,양평병원,20261001012001,031-770-5000,N,N,,,,,1,,,,N,N,Y,N,Y,N,N,Y,8,N,18,N,,N,Y,,3,N,9,,,1,,,,,3,,0,1,1,0,1,0,0,0,0,0,0,0,90,,,Y,N,A2100089,60,,,,,,,,,,,,,,,,,,,,,,,,,,,,,,,,,,,,,,,,,,,,,,,,,,,,,,,,
2026-10-01 01:30:00,경기도,A2100194,세종여주병원,20261001012439,031-880-7700,,,,,,,4,,,,,,Y,,Y,N1,Y,Y,5,N1,119,N1,,N1,Y,,2,N1,6,,,4,,,,,2,,,1,1,,4,,,2,,,,,211,,,Y,N1,A2100194,61,,,,,,,,,,,,,2,,3,,,,,,,,,,,,,,,,,,,,,,,,,,,,2,3,,,,,,,,,,,,
2026-10-01 01:30:00,경기도,E2100187,연천군보건의료원,20261001012316,031-839-4001,,,,,,,,,,,,,Y,,Y,N1,N1,Y,10,N1,50,N1,,N1,N1,,2,N1,10,,,,,,,,2,,,1,,,1,,,,,,,,52,,,Y,N1,E2100187,62,,,,,,,,,,,,,,,,,,,,,,,,,,,,,,,,,,,,,,,,,,,,,,,,,,,,,,,,
2026-10-01 01:30:00,경기도,A2100122,(의)효심의료재단용인서울병원,20261001012344,031-337-0114,,,,,,,,,,,,,Y,,Y,N1,N1,Y,10,N1,133,N1,,N1,Y,,3,N1,10,,,,,,,,3,,,1,1,,1,,,,,,,,201,,,Y,N1,A2100122,63,,,,,,,,,,,,,,,,,,,,,,,,,,,,,,,,,,,,,,,,,,,,,,,,,,,,,,,,
2026-10-01 01:30:00,경기도,A2121142,메디필드한강병원,20261001012410,031-1551-0077,,,,,,1,2,,,1,,,Y,Y,Y,Y,Y,Y,17,N1,142,N1,4,N1,Y,,6,N1,17,,1,2,,,15,,6,1,,3,2,1,13,,,2,,,,,192,,,Y,N1,A2121142,64,,,,1,,,,,,1,,,,,,,,,,,,,,,,,,,,,,,,,,,,,,,,,,,,,,,,,,,,,,
2026-10-01 01:30:00,경기도,A2100034,의료법인영동의료재단의정부백병원,20261001012325,031-856-8111,,,,,,,2,,,,,,Y,,Y,N1,N1,Y,8,N1,99,N1,2,N1,Y,,3,N1,10,,,2,,,9,,3,,,1,1,,1,,,,,,,,192,,,Y,N1,A2100034,65,,,,,,,,,,,,,,,,,,,,,,,,,,,,,,,,,,,,,,,,,,,,,,,,,,,,,,,,
2026-10-01 01:30:00,경기도,A2100150,추병원,20261001012132,031-845-7777,,,,,,1,1,,,,,,Y,Y,Y,Y,N1,Y,12,N1,46,N1,4,N1,N,,3,N1,12,,1,1,,,15,,3,,,2,1,1,1,,,,,,,,210,,,Y,N1,A2100150,66,,,,,,,,,,,,,,,,,,,,,,,,,,,,,,,,,,,,,,,,,,,,,,,,,,,,,,,,
2026-10-01 01:30:00,경기도,A2100043,경기도의료원의정부병원,20261001012501,0318285000,,,,0,,1,,,,2,,,Y,,Y,N1,N1,Y,10,N1,37,N1,2,N1,N1,,3,N1,10,,1,,,,6,,3,5,,1,,,8,,,,,,,,86,,0,Y,N1,A2100043,67,,,,,43,,,,,,70,,,,,,,,,,,,,,,,,,,,,,,,,,,,,,,,,,,,,,,,,,,,,
2026-10-01 01:30:00,경기도,A2100131,메디인병원,20261001012536,0319431191,,,,,,,2,,,,,,Y,Y,Y,Y,N1,Y,11,N1,45,N1,,N1,Y,,4,N1,12,,,2,,,,,4,,,1,1,1,2,,,,,,,,206,,,Y,N1,A2100131,68,,,,,,,,,,,,,,,,,,,,,,,,,,,,,,,,,,,,,,,,,,,,,,,,,,,,,,,,
2026-10-01 01:30:00,경기도,A2100309,의료법인갈렌의료재단박병원,20261001012505,031-666-2600,,,,,,,1,,,,,,Y,,Y,N1,N1,Y,10,N1,40,N1,1,N1,Y,,2,N1,10,,,1,,,10,,2,,,1,2,,3,,,,,,,,143,,,Y,N1,A2100309,69,,,,,,,,,,,,,,,,,,,,,,,,,,,,,,,,,,,,,,,,,,,,,,,,,,,,,,,,
2026-10-01 01:30:00,경기도,A2100022,의료법인박애의료재단박애병원,20261001012502,031-652-2121,,,,,,,1,,,,,,Y,,Y,N1,Y,Y,8,N1,96,N1,5,N1,Y,,5,N1,10,,,1,,,10,,5,,,2,1,,20,,,2,,,,,193,,,Y,N1,A2100022,70,,,,,,,,,,,,,,,,,,,,,,,,,,,,,,,,,,,,,,,,,,,,,,,,,,,,,,,,
2026-10-01 01:30:00,경기도,A2100036,의료법인 일심의료재단 포천우리병원,20261001012323,031-542-0222,,,,,,1,3,,,2,,,Y,Y,Y,Y,Y,Y,15,N1,61,N1,9,N1,Y,,5,N1,18,,1,3,,,18,,5,2,,2,2,1,14,,,3,,,,,201,,,Y,N1,A2100036,71,,,,2,,,,,,2,,,,,,,,,,,,,,,,,,,,,,,,,,,,,,,,,,,,,,,,,,,,,,
2026-10-01 01:30:00,경기도,A2100018,의료법인은혜와감사의료재단화성중앙종합병원,20261001012407,031-352-8114,,,,,,,1,,,,,,Y,,Y,N1,N1,Y,9,N1,75,N1,8,N1,Y,,3,N1,9,,,1,,,8,,3,,,1,1,,3,,,,,,,,131,,,Y,N1,A2100018,72,,,,,,,,,,,,,,,,,,,,,,,,,,,,,,,,,,,,,,,,,,,,,,,,,,,,,,,,
2026-10-01 01:30:00,경기도,A2115699,의료법인원광의료재단원광종합병원,20261001011337,031-8077-7200,,,,,,1,,,,,,,Y,,Y,N1,N1,Y,9,N1,27,N1,3,N1,Y,,4,N1,9,,1,,,,9,,4,,,1,2,,4,,,,,,,,135,,,Y,N1,A2115699,73,,,,,,,,,,,,,,,,,,,,,,,,,,,,,,,,,,,,,,,,,,,,,,,,,,,,,,,,
2026-10-01 01:30:00,인천광역시,A1400001,의료법인 길의료재단 길병원,20261001012436,1577-2299,Y,Y,,,9,,,0,10,12,Y,,Y,Y,Y,Y,Y,Y,-2,Y,258,Y,,Y,Y,0,3,Y,23,9,,,18,30,,30,3,13,3,6,6,7,113,19,40,19,10,6,,1,995,,,Y,Y,A1400001,1,2,0,0,1,10,2,22,11,18,9,18,2,1,0,3,2,0,6,0,14,1,1,,,1,,2,3,,1,,2,,4,6,1,1,,,3,,,,,2,6,2,6,7,2,47,2,,,,
2026-10-01 01:30:00,인천광역시,A1400002,인하대학교의과대학부속병원,20261001012233,032-890-2114,Y,Y,,,4,2,2,0,0,2,Y,Y,Y,Y,Y,Y,Y,Y,5,Y,72,Y,0,Y,Y,3,16,Y,20,7,2,5,20,26,23,30,16,7,4,6,3,5,109,17,27,13,9,7,1,2,681,,,Y,Y,A1400002,2,,0,0,0,12,,25,13,,3,15,,,,,,0,7,,,1,1,,,,0,0,3,,,3,2,,,6,1,1,,,,,,,,,,,,,,,,,,,
2026-10-01 01:30:00,인천광역시,A1400010,검단탑병원,20261001012519,032-590-0114,,,,,,1,2,2,1,0,,,Y,Y,Y,Y,Y,Y,16,N1,27,N1,7,N1,Y,,6,N1,18,,1,2,2,,13,5,6,2,,2,2,1,11,,,1,,,,,274,,,Y,N1,A1400010,3,,,,0,,,,,,3,,,,,,,,,,,,,,,,,,,,,,,,,,,,,,,,,,,,,,,,,,,,,,
2026-10-01 01:30:00,인천광역시,A1403372,인천세종병원,20261001012509,032-240-8000,,,,,,3,,0,0,2,,,Y,Y,Y,Y,Y,Y,12,Y,22,Y,2,N1,Y,,7,N1,18,,3,,2,,20,3,7,6,,2,2,3,13,,,4,5,1,,,274,,,Y,N1,A1403372,4,,,,2,,,,,,2,,,,,,,,,,,,,,,,,,,,,,,,,,,,,,,,,,,,,,,,,,,,,,
2026-10-01 01:30:00,인천광역시,A1400014,의료법인인성의료재단한림병원,20261001012339,032-540-9114,,,,,,2,1,,,1,Y,,Y,Y,Y,Y,Y,Y,15,Y,49,N1,6,N1,Y,,6,N1,17,,2,2,,,21,,6,2,1,3,2,2,20,,,3,3,,,,391,,,Y,N1,A1400014,5,,,,2,,,,,,2,,,,,,,,,,,,,,,,,,,,,,,,,,,,,,,,,,,,,,,,,,,,,,
2026-10-01 01:30:00,인천광역시,A1400016,인천사랑병원,20261001012518,032-425-2001,,Y,,,,1,2,1,2,0,Y,,Y,Y,Y,Y,Y,Y,6,N1,49,Y,0,Y,Y,,7,N1,14,,1,2,2,,14,3,7,1,1,2,1,1,12,,1,2,,1,,,277,,,Y,N1,A1400016,6,,,,1,,,,,,1,,,,,,,,,,,,,,,,,,,,,,,,,,,,,,,,,4,4,,,,,,,,,,,,
2026-10-01 01:30:00,인천광역시,A1400012,가톨릭대학교 인천성모병원,20261001012508,032-280-6364,Y,Y,,,2,3,3,7,,2,Y,,Y,Y,Y,Y,Y,Y,0,Y,29,Y,,Y,Y,0,17,N1,19,4,3,5,12,13,,,17,9,1,4,4,5,53,5,14,11,5,4,,,579,,,Y,Y,A1400012,7,,0,4,2,,,15,18,,11,,,,,,,0,8,3,15,,,,,,,,,,,,,,,,,,,,,,,,,,,,,,,,,,,,
2026-10-01 01:30:00,인천광역시,A1400013,안은의료재단 부평세림병원,20261001012515,032-509-5555,,,,,,1,3,2,3,0,,,Y,Y,Y,Y,Y,Y,16,Y,13,N1,4,N1,Y,,3,N1,16,,1,3,2,,11,3,4,2,,3,2,1,9,,,1,1,,,,234,,,Y,N1,A1400013,8,,,,0,,,,,,2,,,,,,,,,,,,,,,,,,,,,,,,,,,,,,,,,,,,,,,,,,,,,,
2026-10-01 01:30:00,인천광역시,A1400015,가톨릭관동대학교국제성모병원,20261001012314,1600-8291,Y,Y,,,3,0,0,,,3,Y,,Y,Y,Y,Y,Y,Y,14,N,94,Y,,Y,Y,4,11,N1,23,3,0,0,,4,,,11,3,2,3,2,3,34,2,11,6,2,1,,,641,,,Y,Y,A1400015,9,5,0,,,5,,40,,,,11,5,0,,0,,,,-4,13,,,,18,,,,,,,,,,,,,,,21,,,,,,,,,,,,,,,,,
2026-10-01 01:30:00,인천광역시,A1400003,의료법인 루가의료재단 나은병원,20261001012201,032-584-0114,,Y,,,,1,2,,,9,Y,,Y,Y,Y,Y,Y,Y,8,Y,105,Y,,Y,Y,,10,N1,11,,1,2,,,,,10,9,1,2,2,3,17,,1,3,1,1,,,367,,,Y,N1,A1400003,10,,4,4,3,,,14,13,,3,,,,,,,,,,,,,,,,,,,,,,,,,,,,,,,,,6,6,,,,,,,,,,,,
2026-10-01 01:30:00,인천광역시,A1400011,의료법인 나사렛의료재단 나사렛국제병원,20261001012328,032-899-9999,,,,,,1,2,2,0,0,,,Y,Y,Y,Y,Y,Y,10,N1,31,N1,7,N1,Y,,5,N1,17,,1,2,2,,16,3,5,1,,2,2,2,8,,,2,,,,,276,,,Y,N1,A1400011,11,,,,0,,,,,,1,,,,,,,,,,,,,,,,,,,,,,,,,,,,,,,,,,,,,,,,,,,,,,
2026-10-01 01:30:00,인천광역시,A1403617,비에스종합병원,20261001012130,032-290-0001,,Y,,,,1,,,,,Y,,Y,Y,Y,Y,Y,Y,8,N1,88,N1,4,Y,N1,0,2,N1,10,,1,,,1,18,,2,,1,1,,1,6,,1,1,,,,,180,,,Y,N1,A1403617,12,,,,0,,,,,,1,,,,,,,,,,,,,,,,,,,,,,,,,,,,,,,,,,,,,,,,,,,,,,
2026-10-01 01:30:00,인천광역시,A1400005,온누리병원,20261001012343,032-567-6200,,,,,,1,1,,,,,,Y,,Y,N1,N1,Y,8,N1,34,N1,,N1,Y,,3,N1,10,,1,1,,,,,3,,,1,1,,5,,,,,,,,190,,,Y,N1,A1400005,13,,,,,,,,,,,,,,,,,,,,,,,,,,,,,,,,,,,,,,,,,,,,,,,,,,,,,,,,
2026-10-01 01:30:00,인천광역시,A1403871,인천힘찬종합병원,20261001012109,032-1899-2220,,,,,,1,2,1,4,,,,Y,,Y,N1,N1,Y,14,N1,81,N1,3,N1,Y,,7,N1,17,,1,2,2,,6,4,7,,,2,2,,4,,,,,,,,231,,,Y,N1,A1403871,14,,,,0,,,,,,1,,,,,,,,,,,,,,,,,,,,,,,,,,,,,,,,,,,,,,,,,,,,,,
2026-10-01 01:30:00,인천광역시,A1400004,현대유비스병원,20261001012040,032-888-7575,,,,,,1,,,,,,,Y,Y,Y,Y,Y,Y,18,N1,25,N1,3,N1,Y,,6,N1,19,,1,,,,13,,6,,,2,2,1,8,,,2,,,,,285,,,Y,N1,A1400004,15,,,,0,,,,,,1,,,,,,,,,,,,,,,,,,,,,,,,,,,,,,,,,,,,,,,,,,,,,,
2026-10-01 01:30:00,인천광역시,A1400008,(의)성세의료재단 뉴성민병원,20261001011908,032-726-1000,,,,,,,1,,,,,,Y,,Y,N1,Y,Y,9,N1,116,N1,10,N1,Y,,6,Y,9,,,1,,,17,,6,,,2,2,,11,,,2,,,,1,265,,,Y,N1,A1400008,16,,,,2,,,,,,2,,,,,,,,,,,,,,,0,,,,,,,,,,,,,,,0,,,,,,,,,,,,,,,,
2026-10-01 01:30:00,인천광역시,A1400018,인천적십자병원,20261001012352,032-899-4000,,,,,,1,1,,,,,,Y,,Y,N1,N1,Y,7,N1,72,N1,1,N1,Y,,3,N1,8,,1,1,,,8,,3,,,1,1,,2,,,,,,,,104,,,Y,N1,A1400018,17,,,,,,,,,,,,,,,,,,,,,,,,,,,,,,,,,,,,,,,,,,,,,,,,,,,,,,,,
2026-10-01 01:30:00,인천광역시,A1400037,인천광역시의료원백령병원,20261001012501,032-836-1731,Y,Y,,,,,1,,,,,,Y,,Y,N1,N1,Y,5,N1,30,N1,,Y,N1,,1,N1,5,,,1,,,,,1,,,1,,,1,1,2,,,,,,30,,,Y,Y,A1400037,18,,,,,,,,,,,,,,,,,,,,,,,,,,,,,,,,,,,,,,,,,,,,,,,,,,,,,,,,
2026-10-01 01:30:00,인천광역시,A1400009,인천기독병원,20261001012058,032-270-8000,,,,,,,1,,,,,,Y,,Y,N1,N1,Y,8,N1,38,N1,10,N1,Y,,4,N1,8,,,1,,,10,,4,,,1,1,,1,,,,,,,,139,,,Y,N1,A1400009,19,,,,,,,,,,,,,,,,,,,,,,,,,,,,,,,,,,,,,,,,,,,,,,1,,1,,,,,,,,
2026-10-01 01:30:00,인천광역시,A1400017,인천광역시의료원,20261001012502,032-580-6000,,,,,,2,,,,7,,,Y,,Y,N1,N1,Y,15,N1,48,N1,0,N1,Y,,6,N1,15,,2,,,,13,,6,7,,1,1,,19,,,,,,,,198,,,Y,N1,A1400017,20,,,,0,28,,,,,0,45,,,,,,,,,,,,,,,,,,,,,,,,,,,,,,,,,,,,,,,,,,,,,
2026-10-01 01:30:00,인천광역시,A1400007,의료법인 성수의료재단 인천백병원,20261001012522,032)765-7070,,,,,,,1,,,,,,Y,,Y,N1,Y,Y,5,N1,16,N1,0,N1,Y,,4,N1,5,,,1,,,12,,4,,,2,2,,6,,,1,,,,,189,,,Y,N1,A1400007,21,,,,,,,,,,,,,,,,,,,,,,,,,,,,,,,,,,,,,,,,,,,,,,,,,,,,,,,,
2026-10-01 01:30:00,부산광역시,A1200003,동아대학교병원,20261001012209,051-240-2400,Y,Y,,,3,,,4,1,1,Y,,Y,Y,Y,Y,Y,Y,16,Y,24,Y,3,Y,Y,0,18,N1,26,3,,,16,20,18,30,18,3,4,5,3,4,76,11,30,16,4,4,,,738,,,Y,Y,A1200003,1,2,,,1,8,,,,,6,18,2,5,0,6,4,3,11,2,13,,,,,,,,,1,2,,,8,7,,,,,,,1,1,,,,,,,,,,,,,,
2026-10-01 01:30:00,부산광역시,A1200022,인제대학교 해운대백병원,20261001012129,051-797-0100,Y,Y,1,,3,2,2,2,5,0,Y,Y,Y,Y,Y,Y,Y,Y,26,Y,-10,Y,,Y,Y,1,21,N1,29,3,2,3,12,25,,30,22,7,2,5,3,4,72,8,40,17,9,11,1,,710,5,,Y,Y,A1200022,2,,5,9,0,6,,28,27,,4,15,,,1,,3,,,,,,,,,,,,,,,,,,,,,,,,,,,,,,,,,,,,,,,,
2026-10-01 01:30:00,부산광역시,A1200018,대동병원,20261001012459,051-554-1233,,,,,3,1,1,,,1,,,Y,Y,Y,Y,Y,Y,11,N1,39,N1,3,N1,Y,,6,N1,15,3,1,2,,,21,,6,1,,2,1,1,10,,,1,,,,,401,,,Y,N1,A1200018,3,,,,0,,,,,,1,,,,,,,,,,,,,,,,,,,,,,,,,,,,,,,,,,,,,,,,,,,,,,
2026-10-01 01:30:00,부산광역시,A1200020,의료법인 온병원그룹의료재단 온병원,20261001012027,051-607-0114,,,,,,1,2,,,1,,,Y,Y,Y,Y,Y,Y,15,N1,193,N1,11,N1,Y,,9,Y,20,,1,2,,,23,,9,6,,4,2,2,7,,,1,,,,1,611,,,Y,N1,A1200020,4,,,,0,,,,,,1,,,,,,,,,,,,,,,,,,,,,,,,,,,,,,,,,,,,,,,,,,,,,,
2026-10-01 01:30:00,부산광역시,A1200001,인제대학교부산백병원,20261001012056,051-890-6114,Y,Y,,,,2,3,,,2,Y,,Y,Y,Y,Y,Y,Y,4,Y,51,Y,0,Y,Y,1,17,Y,21,,2,3,,35,10,,17,8,4,5,3,6,68,19,38,16,3,7,,2,691,,,Y,Y,A1200001,5,,3,0,0,2,,19,18,,1,20,,,,,,0,6,0,12,,,,,,,,,,,,,,,,,,,,,,,,,,,,,,,,,,,,
2026-10-01 01:30:00,부산광역시,A1200005,의료법인 은성의료재단 좋은삼선병원,20261001012531,051-322-0900,,,,,1,1,2,,,2,,,Y,Y,Y,Y,Y,Y,11,N1,38,N1,2,N1,Y,,7,N1,13,1,1,2,,,19,,7,2,,2,2,2,11,,,1,,,,,375,,,Y,N1,A1200005,6,,,,0,,,,,,2,,,,,,,0,4,1,5,,,,,,,,,,,,,,,,,,,,,,,3,3,,,,,,,,,,,,
2026-10-01 01:30:00,부산광역시,A1200004,고신대학교복음병원,20261001012455,051-990-6114,Y,Y,,,,,,1,0,0,Y,,Y,Y,Y,Y,Y,Y,12,Y,67,Y,,Y,Y,16,13,Y,24,,,,2,18,,3,13,2,7,3,3,5,53,13,19,14,3,1,,1,701,,,Y,Y,A1200004,7,1,5,2,5,11,,12,7,,7,14,1,4,,4,,1,16,1,13,,,,,,,,,1,,,,5,,,,,,,,,,,,,,,,,,,,,,,
2026-10-01 01:30:00,부산광역시,A1200002,부산대학교병원,20261001012500,051-240-7000,Y,Y,1,0,3,1,2,0,3,2,Y,,Y,Y,Y,Y,Y,Y,16,Y,240,Y,15,Y,Y,3,26,N,17,3,1,2,2,20,24,3,26,10,12,9,6,8,95,15,17,21,9,18,,1,901,2,0,Y,Y,A1200002,8,,1,,2,9,22,10,,42,4,19,,,,,,,,0,0,,,,,0,,,,,,,,,,,,,,,0,,,,,2,12,2,12,34,2,82,2,,0,,0
2026-10-01 01:30:00,부산광역시,A1200007,비에이치에스한서병원,20261001012538,051-756-0081,,,,,,1,1,2,3,,,,Y,Y,Y,Y,Y,Y,14,Y,63,N1,6,N1,Y,,4,N1,17,,1,2,2,,14,3,4,,,1,1,2,11,,,1,1,,,,285,,,Y,N1,A1200007,9,,,,,,,,,,,,,,,,,,,,,,,,,,,,,,,,,,,,,,,,,,,,,,,,,,,,,,,,
2026-10-01 01:30:00,부산광역시,A1200028,(의)서일의료재단기장병원,20261001012528,051-723-0171,,,,,,,1,,,,,,Y,,Y,N1,N1,Y,7,N1,15,N1,,N1,Y,,3,N1,9,,,1,,,,,3,,,1,1,,1,,,,,,,,154,,,Y,N1,A1200028,10,,,,,,,,,,,,,,,,,,,,,,,,,,,,,,,,,,,,,,,,,,,,,,,,,,,,,,,,
2026-10-01 01:30:00,부산광역시,A1200015,동남권원자력의학원,20261001012501,051-720-5114,,,,,,0,,,,,,,Y,Y,Y,Y,Y,Y,9,Y,26,N1,1,N1,Y,,8,N1,9,,1,,,,12,,8,,,2,3,2,12,,,2,0,,,,245,,,Y,N1,A1200015,11,,,,,,,,,,,,,,,,,,,,,,,,,,,,,,,,,,,,,,,,,,,,,,,,,,,,,,,,
2026-10-01 01:30:00,부산광역시,A1200013,부산성모병원(재단법인 천주교부산교구유지재단),20261001012410,051-933-7114,Y,Y,,,5,1,,,,0,,,Y,,Y,N1,Y,Y,8,N1,58,N1,3,Y,Y,0,7,N1,10,5,1,,,10,18,,7,2,,1,1,,6,14,13,1,,,,,373,,,Y,Y,A1200013,12,,,,2,,,,,,2,,,,,,,,,,,,,,,,,,,,,,,,,,,,,,,,,3,3,,,,,,,,,,,,
2026-10-01 01:30:00,부산광역시,A1200026,좋은문화병원,20261001012451,051-644-2002,Y,Y,,,2,1,1,,,2,Y,,Y,,Y,N1,N1,Y,7,N1,46,N1,2,Y,Y,0,0,Y,7,2,1,2,,10,8,,9,2,8,2,2,,3,5,13,,,,,1,270,,,Y,Y,A1200026,13,,,,,,,,,,,,,,,,,,,,,,,,,,,,,,,,,,,,,,,,,,,,,,,,,,,,,,,,
2026-10-01 01:30:00,부산광역시,A1200017,의료법인정화의료재단 봉생기념병원,20261001011537,051-664-4000,,,,,,,2,,,0,,,Y,Y,Y,Y,Y,Y,7,N1,47,N1,,N1,Y,,8,N1,9,,,2,,,,,8,1,,1,2,2,11,,,4,,,,,335,,,Y,N1,A1200017,14,,0,0,,3,,10,10,,,31,,,,,,,,,,,,,,,,,,,,,,,,,,,,,,,,,,,,,,,,,,,,,
2026-10-01 01:30:00,부산광역시,A1200011,동래봉생병원,20261001012201,051-520-5500,,,,,,1,1,,,,,,Y,Y,Y,Y,Y,Y,6,N1,47,N1,0,N1,Y,,7,N1,8,,1,1,,,18,,7,,,1,2,2,11,,,1,,,,,241,,,Y,N1,A1200011,15,,,,2,,,,,,2,,,,,,,,,,,,,,,,,,,,,,,,,,,,,,,,,,,,,,,,,,,,,,
2026-10-01 01:30:00,부산광역시,A1200009,의료법인 광혜의료재단 광혜병원,20261001012450,051-503-2111,,,,,,2,1,,,0,,,Y,,Y,N1,N1,Y,8,N1,57,N1,3,N1,Y,,3,N1,9,,2,1,,,9,,3,1,,1,1,,4,,,,,,,,190,,,Y,N1,A1200009,16,,,,,,,,,,,,,,,,,,,,,,,,,,,,,,,,,,,,,,,,,,,,,,,,,,,,,,,,
2026-10-01 01:30:00,부산광역시,A1200019,학교법인)동의병원,20261001012500,051-867-5101,,,,,,,1,,,,,,Y,Y,Y,Y,Y,Y,10,Y,120,N1,9,N1,Y,,1,N1,14,,,1,,,23,,5,,,2,2,2,7,,,2,1,,,,448,,,Y,N1,A1200019,17,,,,,,,,,,,,,,,,,,,,,,,,,,,,,,,,,,,,,,,,,,,,,,,,,,,,,,,,
2026-10-01 01:30:00,부산광역시,A1200025,춘해보건대학교병원,20261001012418,051-638-8000,,,,,,,1,,,,,,Y,,Y,N1,N1,Y,8,N1,68,N1,,N1,Y,,4,N1,9,,,1,,,,,4,,,1,1,,3,,,,,,,,201,,,Y,N1,A1200025,18,,,,,,,,,,,,,,,,,,,,,,,,,,,,,,,,,,,,,,,,,,,,,,,,,,,,,,,,
2026-10-01 01:30:00,부산광역시,A1200045,구포성심병원,20261001012215,051-330-2001,,,,,,,0,,,,,,Y,Y,Y,Y,N1,Y,8,N1,39,N1,,N1,Y,,4,N1,9,,,1,,,,,4,,,1,1,1,4,,,,,,,,243,,,Y,N1,A1200045,19,,,,,,,,,,,,,,,,,,,,,,,,,,,,,,,,,,,,,,,,,,,,,,,,,,,,,,,,
2026-10-01 01:30:00,부산광역시,A1200006,의료법인 인당의료재단 부민병원,20261001012037,051-330-3000,,,,,,1,2,,,,,,Y,Y,Y,Y,Y,Y,16,N1,42,N1,3,N1,Y,,8,N1,17,,1,2,,,18,,8,,,2,3,1,7,,,1,,,,,366,,,Y,N1,A1200006,20,,,,0,,,,,,1,,,,,,,,,,,,,,,,,,,,,,,,,,,,,,,,,,,,,,,,,,,,,,
2026-10-01 01:30:00,부산광역시,A1200016,한국보훈복지의료공단 부산보훈병원,20261001012439,051-601-6000,,,,,,1,1,,,,,,Y,Y,Y,Y,N1,Y,11,N1,39,N1,1,N1,Y,,7,N1,11,,1,1,,,9,,7,,,2,3,2,11,,,,,,,,452,,,Y,N1,A1200016,21,,,,1,,,,,,1,,,,,,,,,,,,,,,,,,,,,,,,,,,,,,,,,,,,,,,,,,,,,,
2026-10-01 01:30:00,부산광역시,A1200021,삼육부산병원,20261001012358,051-242-9751,,Y,,,,1,,,,,Y,,Y,Y,Y,Y,Y,Y,7,Y,0,N1,1,Y,Y,,,N1,9,,1,,,,14,,,,1,2,1,1,9,,1,2,1,,,,302,,,Y,N1,A1200021,22,,,,0,,,,,,1,,,,,,,,,,,,,,,,,,,,,,,,,,,,,,,,,,,,,,,,,,,,,,
2026-10-01 01:30:00,부산광역시,A1200008,의료법인 은성의료재단 좋은강안병원,20261001012436,051-625-0900,,,,,,1,2,,,0,,,Y,Y,Y,Y,Y,Y,12,Y,71,N1,4,N1,Y,,11,N1,18,,1,2,,,30,,11,3,,4,3,3,12,,,5,1,,,,535,,,Y,N1,A1200008,23,,,,1,,,,,,2,,,,,,,,,,,,,,,,,,,,,,,,,,,,,,,,,,,,,,,,,,,,,,
2026-10-01 01:30:00,부산광역시,A1200098,의료법인 센텀의료재단 센텀종합병원,20261001012323,051-750-5000,,,,,,,1,,,,,,Y,Y,Y,Y,N1,Y,7,N1,21,N1,0,N1,Y,,9,N1,9,,,1,,,16,,9,,,2,2,1,11,,,,,,,,338,,,Y,N1,A1200098,24,,,,1,,,,,,1,,,,,,,,,,,,,,,,,,,,,,,,,,,,,,,,,,,,,,,,,,,,,,
2026-10-01 01:30:00,부산광역시,A1200024,부산광역시의료원,20261001012416,051-507-3000,,N,,,,1,1,,,2,N,,Y,Y,Y,Y,Y,Y,16,N1,75,N1,,N,Y,,7,N1,18,,1,1,,,,,7,7,1,1,1,2,19,,2,4,,,,,348,,,Y,N1,A1200024,25,,8,10,,7,,13,14,,,29,,,,,,,,,,,,,,,,,,,,,,,,,,,,,,,,,,,,,,,,,,,,,
2026-10-01 01:30:00,부산광역시,A1200012,의료법인 행도의료재단 해동병원,20261001012434,051-412-6161,,,,,,1,,,,0,,,Y,,Y,N1,Y,Y,5,N1,41,N1,2,N1,Y,,3,Y,6,,1,,,,9,,3,0,,1,1,,5,,,1,,,,12,256,,,Y,N1,A1200012,26,,,,,,,,,,,,,,,,,,,,,,,,,,,,,,,,,,,,,,,,,,,,,,,,,,,,,,,,
2026-10-01 01:30:00,부산광역시,A1200014,영도병원,20261001012302,051-414-8101,,,,,,1,1,,,,,,Y,,Y,N1,N1,Y,6,N1,24,N1,1,N1,Y,,3,N1,7,,1,1,,,10,,3,,,1,1,,7,,,,,,,,217,,,Y,N1,A1200014,27,,,,,,,,,,,,,,,,,,,,,,,,,,,,,,,,,,,,,,,,,,,,,,,,,,,,,,,,
2026-10-01 01:30:00,부산광역시,A1200023,재단법인천주교부산교구유지재단 메리놀병원,20261001012408,051-465-8801,,,,,,,1,,,,Y,,Y,Y,Y,Y,Y,Y,8,N1,87,N1,4,N1,Y,,8,N1,9,,,1,,,18,,8,,1,1,1,1,9,,,2,,,,,380,,,Y,N1,A1200023,28,,,,0,,,,,,1,,,,,,,,,,,,,,,,,,,,,,,,,,,,,,,,,,,,,,,,,,,,,,
2026-10-01 01:30:00,부산광역시,A1205143,의료법인 인당의료재단 해운대부민병원,20261001012035,051-602-8000,,,,,,0,,,,0,,,Y,Y,Y,Y,Y,Y,5,N1,9,N1,7,N1,Y,,8,Y,9,,1,,,,19,,8,3,,2,2,1,10,,,1,,,,1,360,,,Y,N1,A1205143,29,,,,0,,,,,,2,,,,,,,,,,,,,,,,,,,,,,,,,,,,,,,,,,,,,,,,,,,,,,
2026-10-01 01:30:00,대구광역시,A1300001,영남대학교병원,20261001012237,053-623-8001,Y,Y,0,,3,2,2,6,4,7,Y,,Y,Y,Y,Y,Y,Y,21,Y,99,Y,,Y,Y,0,23,Y,28,3,2,3,21,15,,30,23,7,2,4,4,4,75,5,11,8,5,5,,1,704,1,,Y,Y,A1300001,1,,0,5,2,10,,10,15,,13,20,,0,3,0,3,0,7,1,14,,,,,,,,,,,,,,,,,,,,,,,,,,,,,,,,,0,,0,
2026-10-01 01:30:00,대구광역시,A1300002,경북대학교병원,20261001012405,053-200-5114,Y,Y,,,4,,,4,14,2,Y,,Y,Y,Y,Y,Y,Y,11,Y,62,Y,,Y,Y,-2,17,N1,25,4,,,20,15,,44,17,5,2,5,5,5,82,8,11,11,9,5,,,565,,,Y,Y,A1300002,2,2,2,1,,8,0,7,4,20,,20,2,2,,3,,3,6,0,5,,,,,,,,,1,1,,,4,4,,,,,,,,,,,2,6,2,6,9,2,40,2,,,,
2026-10-01 01:30:00,대구광역시,A1300004,대구가톨릭대학교병원,20261001012415,053-650-3000,Y,Y,,,,1,2,,,1,Y,Y,Y,Y,Y,Y,Y,Y,10,Y,180,Y,0,Y,Y,0,19,N1,24,,1,3,,42,0,,19,9,2,3,3,5,58,20,32,8,3,4,1,,704,,,Y,Y,A1300004,3,,1,4,1,6,,15,25,,6,20,,,,,,,,5,16,,,,,,,,,,,,,,,,,,,,,,,,,,,,,,,,,,,,
2026-10-01 01:30:00,대구광역시,A1300003,계명대학교동산병원,20261001012509,053-1577-6622,Y,Y,1,,2,1,3,8,2,2,Y,Y,Y,Y,Y,Y,Y,Y,6,Y,124,Y,4,Y,Y,0,23,Y,25,3,2,3,9,43,10,20,24,16,6,6,5,7,56,13,37,9,4,14,1,2,769,1,,Y,Y,A1300003,4,,0,0,0,3,,11,13,,4,20,,,,,,,,1,15,,,,,,0,,,1,,7,,8,,,,,,,,,,,,,,,,,,,,,,,
2026-10-01 01:30:00,대구광역시,A1300009,대구파티마병원,20261001012500,053-1688-7770,Y,Y,,,5,2,5,1,3,,Y,,Y,Y,Y,Y,Y,Y,4,Y,153,Y,,Y,Y,1,17,N1,25,5,2,5,2,8,,4,17,,2,5,3,4,32,11,19,5,1,1,,,566,,,Y,Y,A1300009,5,,5,6,4,,,17,8,,9,,,,,,,,,2,12,,,,,,,,,,,,,,,,,,,,,,,,,,,,,,,,,,,,
2026-10-01 01:30:00,대구광역시,A1300010,칠곡경북대학교병원,20261001012405,053-200-2000,Y,Y,,,5,1,2,5,0,13,Y,,Y,Y,Y,Y,Y,Y,6,Y,147,Y,,Y,Y,-2,18,N1,23,7,1,3,6,39,,3,19,13,2,8,5,8,52,9,27,9,3,1,,,778,,,Y,Y,A1300010,6,,6,6,4,8,,8,14,,4,20,,,,,,,,,,1,1,,,,6,1,3,,,10,2,,,8,1,1,,,,,,,,,,,,,,,,,,,
2026-10-01 01:30:00,대구광역시,A1300034,드림종합병원,20261001012427,053-640-8800,,,,,,,1,,,,,,Y,Y,Y,Y,Y,Y,4,Y,34,N1,,N1,N,,3,N1,8,,,1,,,,,3,,,2,1,1,2,,,1,1,,,,159,,,Y,N1,A1300034,7,,,,,,,,,,,,,,,,,,,,,,,,,,,,,,,,,,,,,,,,,,,1,1,,,,,,,,,,,,
2026-10-01 01:30:00,대구광역시,A1300006,의료법인구의료재단구병원,20261001012439,053-560-9114,,,,,,,1,,,,,,Y,,Y,N1,N1,Y,7,N1,16,N1,3,N1,Y,,9,N1,10,,,1,,,18,,9,,,3,1,,3,,,,,,,,235,,,Y,N1,A1300006,8,,,,0,,,,,,1,,,,,,,,,,,,,,,,,,,,,,,,,,,,,,,,,,,,,,,,,,,,,,
2026-10-01 01:30:00,대구광역시,A1300110,더블유병원,20261001012407,053-550-5000,,,,,,,1,,,,,,Y,,Y,N1,N1,Y,8,N1,35,N1,,N1,N,,11,Y,10,,,1,,,,,12,,,1,3,,1,,,,,,,8,431,,,Y,N1,A1300110,9,,,,,,,,,,,,,,,,,,,,,,,,,,,,,,,,,,,,,,,,,,,,,,,,,,,,,,,,
2026-10-01 01:30:00,대구광역시,A1300011,한국보훈복지의료공단대구보훈병원,20261001012138,053-630-7000,,,,,,1,1,,,1,,,Y,Y,Y,Y,N1,Y,10,N1,94,N1,6,N1,Y,,6,N1,12,,1,1,,,13,,6,1,,1,3,2,9,,,,,,,,406,,,Y,N1,A1300011,10,,,,1,,,,,,1,,,,,,,,,,,,,,,,,,,,,,,,,,,,,,,,,,,,,,,,,,,,,,
2026-10-01 01:30:00,대구광역시,A1300045,삼일병원,20261001012521,053-659-3100,,,,,,1,,,,,,,Y,Y,Y,Y,N1,Y,12,N1,62,N1,,N1,N,,4,N1,14,,1,,,,,,4,,,3,2,1,3,,,,,,,,299,,,Y,N1,A1300045,11,,,,,,,,,,,,,,,,,,,,,,,,,,,,,,,,,,,,,,,,,,,,,,,,,,,,,,,,
2026-10-01 01:30:00,대구광역시,A1300038,나사렛종합병원,20261001012457,053-643-1400,,,,,,,1,,,,,,Y,Y,Y,Y,Y,Y,4,N1,56,N1,8,N1,Y,,5,N1,9,,,1,,,28,,5,,,2,2,2,5,,,1,,,,,231,,,Y,N1,A1300038,12,,,,1,,,,,,1,,,1,,9,,,,,,,,,,,,,,,,,,,,,,,,,,,,,,,,,,,,,,,,,
2026-10-01 01:30:00,대구광역시,A1300018,강남종합병원,20261001011940,053-980-9000,,,,,,1,,,,1,,,Y,,Y,N1,N1,Y,9,N1,47,N1,,N1,Y,,5,N1,10,,1,,,,,,5,1,,2,2,,2,,,,,,,,206,,,Y,N1,A1300018,13,,,,,,,,,,,,,,,,,,,,,,,,,,,,,,,,,,,,,,,,,,,,,,,,,,,,,,,,
2026-10-01 01:30:00,대구광역시,A1300005,대구가톨릭대학교칠곡가톨릭병원,20261001012316,053-320-2500,,,,,,,1,,,,,,Y,,Y,N1,N1,Y,8,N1,51,N1,,N1,Y,,3,N1,9,,,1,,,,,3,,,2,2,,1,,,,,,,,161,,,Y,N1,A1300005,14,,,,,,,,,,,,,,,,,,,,,,,,,,,,,,,,,,,,,,,,,,,,,,,,,,,,,,,,
2026-10-01 01:30:00,대구광역시,A1300076,대구굿모닝병원,20261001012335,053-620-9100,,,,,,1,1,,,,,,Y,Y,Y,Y,N1,Y,17,N1,48,N1,2,N1,Y,,2,N1,17,,1,1,,,26,,4,,,2,4,2,13,,,,,,,,226,,,Y,N1,A1300076,15,,,,0,,,,,,1,,,,,,,,,,,,,,,,,,,,,,,,,,,,,,,,,,,,,,,,,,,,,,
2026-10-01 01:30:00,대구광역시,A1300007,대구의료원,20261001012502,053-560-7575,,Y,,,,1,1,,,3,Y,,Y,,Y,N1,N1,Y,16,N1,46,N1,7,Y,Y,,4,N1,18,,1,1,,,18,,4,3,1,1,1,,13,,4,,,,,,254,,,Y,N1,A1300007,16,,,,0,6,,,,,1,82,,,,,,,,,,,,,,,,,,,,,,,,,,,,,,,,,,,,,,,,,,,,,
2026-10-01 01:30:00,대구광역시,A1300081,(재)미리내천주성삼성직수도회천주성삼병원,20261001012502,053-790-1000,,,,,,,1,,,,,,Y,,Y,N1,N1,Y,8,N1,45,N1,,N1,Y,,4,N1,9,,,1,,,,,4,,,1,2,,4,,,,,,,,294,,,Y,N1,A1300081,17,,,,,,,,,,,,,,,,,,,,,,,,,,,,,,,,,,,,,,,,,,,,,,,,,,,,,,,,
2026-10-01 01:30:00,대구광역시,A1300008,곽병원,20261001012506,053-252-2401,,,,,,,2,,,,,,Y,,Y,N1,N1,Y,10,N1,29,N1,,N1,Y,,4,N1,10,,,2,,,,,4,,,1,1,,2,,,,,,,,221,,,Y,N1,A1300008,18,,,,,,,,,,,,,,,,,,,,,,,,,,,,,,,,,,,,,,,,,,,,,,,,,,,,,,,,
2026-10-01 01:30:00,대구광역시,A1303386,계명대학교대구동산병원,20261001012511,053-250-8114,,,,,,1,1,,,,N,,Y,Y,Y,Y,Y,Y,12,N1,48,N,3,N1,Y,,3,N1,12,,1,1,,,7,,3,,0,2,1,1,6,,,6,,0,,,196,,,Y,N1,A1303386,19,,,,0,,,,,,5,,,,,,,,,,,,,,,,,,,,,,,,,,,,,,,,,,,,,,,,,,,,,,
2026-10-01 01:30:00,대전광역시,A1600006,학교법인건양교육재단건양대학교병원,20261001012028,042-600-9999,Y,Y,1,0,5,2,2,5,5,1,Y,,Y,Y,Y,Y,Y,Y,13,Y,257,Y,20,Y,Y,1,20,Y,24,5,2,3,16,24,52,28,20,1,2,4,4,4,46,17,23,10,3,1,,1,658,1,0,Y,Y,A1600006,1,,,,6,13,,,,,7,20,,0,0,0,3,,,,,,,0,0,,,,,,,,,,,,,,0,0,,4,4,,,,,,,,,,,0,0,0,0
2026-10-01 01:30:00,대전광역시,A1600001,충남대학교병원,20261001012300,1599-7123,Y,Y,,,2,2,3,4,5,6,Y,,Y,Y,Y,Y,Y,Y,16,Y,101,Y,2,Y,Y,7,20,N1,28,6,2,3,20,34,12,30,21,14,5,5,4,5,76,12,36,6,8,2,,,966,,,Y,Y,A1600001,2,0,4,3,7,13,,16,14,,8,26,0,0,,0,,1,10,,,,,,,,1,,,,,5,,,,,,,,,,,,0,0,,,,,,,,,,,,
2026-10-01 01:30:00,대전광역시,A1600002,학교법인을지학원대전을지대학교병원,20261001012500,042-611-3000,Y,Y,,0,,2,1,0,4,,Y,,Y,Y,Y,Y,Y,Y,15,Y,102,Y,,Y,Y,17,15,N1,21,,2,1,2,20,,4,15,,16,4,2,4,70,12,47,7,3,3,,,326,,30,Y,Y,A1600002,3,,3,0,0,10,7,19,19,20,11,20,,,,,,0,5,,,,,0,0,0,,,,,,,,,,,,,0,0,0,,,3,3,2,5,2,6,2,2,40,2,,0,,0
2026-10-01 01:30:00,대전광역시,A1600007,의료법인영훈의료재단유성선병원,20261001012455,042-609-1000,,,,,,2,1,0,0,1,Y,,Y,Y,Y,Y,Y,Y,13,Y,35,N1,6,N1,Y,,7,Y,17,,2,1,2,,17,4,7,1,1,3,3,2,17,,,2,1,,,1,364,,,Y,N1,A1600007,4,,,,1,,,,,,1,,,,,,,,,,,,,,,,,,,,,,,,,,,,,,,,,,,,,,,,,,,,,,
2026-10-01 01:30:00,대전광역시,A1600005,학교법인가톨릭학원가톨릭대학교대전성모병원,20261001012510,042-220-9114,Y,Y,,,,3,,,,4,Y,,Y,Y,Y,Y,Y,Y,16,Y,113,N1,,Y,Y,4,12,N1,19,,3,,,4,,,12,4,1,3,2,4,24,4,8,7,2,,,,537,,,Y,Y,A1600005,5,,1,2,0,,,15,3,,1,,,,,,,1,3,2,9,,,,,,,,,0,0,,,3,2,,,,,,,,,,,,,,,,,,,,,,
2026-10-01 01:30:00,대전광역시,A1600008,의료법인영훈의료재단대전선병원,20261001012400,042-220-8114,,,,,,1,3,1,0,0,Y,,Y,Y,Y,Y,Y,Y,16,N1,24,N1,2,N1,Y,,7,N1,17,,1,3,2,,30,3,7,1,1,2,2,2,11,,,3,,,,,308,,,Y,N1,A1600008,6,,,,1,,,,,,1,,,,,,,,,,,,,,,,,,,,,,,,,,,,,,,,,,,,,,,,,,,,,,
2026-10-01 01:30:00,대전광역시,A1600004,대전보훈병원,20261001012329,042-939-0111,,,,,,1,1,,,0,,,Y,Y,Y,Y,N1,Y,7,N1,55,N1,7,N1,Y,,5,N1,7,,1,1,,,10,,5,1,,1,3,1,12,,,,,,,,316,,,Y,N1,A1600004,7,,,,1,,,,,,1,,,,,,,,,,,,,,,,,,,,,,,,,,,,,,,,,,,,,,,,,,,,,,
2026-10-01 01:30:00,대전광역시,A1600003,대전한국병원,20261001012505,042-606-1000,,Y,,,,1,,,,,Y,,Y,Y,Y,Y,Y,Y,7,N1,53,N1,5,Y,Y,,5,N1,9,,1,,,,12,,5,,1,2,2,2,6,,1,1,,,,,241,,,Y,N1,A1600003,8,,,,,,,,,,,,,,,,,,,,,,,,,,,,,,,,,,,,,,,,,,,,,,,,,,,,,,,,
2026-10-01 01:30:00,대전광역시,A1602246,대청병원,20261001012505,1899-6075,,,,,,,1,,,,,,Y,,Y,N1,Y,Y,9,N1,105,N1,0,N1,Y,,3,N1,9,,,1,,,17,,3,,,2,1,,10,,,1,,,,,245,,,Y,N1,A1602246,9,,,,,,,,,,,,,,,,,,,,,,,,,,,,,,,,,,,,,,,,,,,,,,,,,,,,,,,,
2026-10-01 01:30:00,울산광역시,A1700004,학교법인울산공업학원울산대학교병원,20261001012423,052-250-7000,Y,Y,,,8,0,0,5,8,0,Y,,Y,Y,Y,Y,Y,Y,8,Y,42,Y,3,Y,Y,8,20,N1,21,8,0,0,12,26,8,36,20,0,5,7,5,6,83,14,27,17,8,4,,,725,,,Y,Y,A1700004,1,3,5,6,4,10,10,13,16,20,8,20,3,3,1,3,8,0,6,,,,,,4,5,,,,,1,,,,2,,,,,4,5,,,,,2,5,2,6,10,2,42,2,,,,
2026-10-01 01:30:00,울산광역시,A1700028,의료법인정안의료재단중앙병원,20261001012419,052-226-1100,,,,,,1,2,0,2,0,,,Y,Y,Y,Y,Y,Y,14,N1,30,N1,1,N1,Y,,8,N1,17,,1,2,2,,18,4,8,1,,2,2,2,7,,,2,,,,,335,,,Y,N1,A1700028,2,,,,0,,,,,,2,,,,,,,,,,,,,,,,,,,,,,,,,,,,,,,,,,,,,,,,,,,,,,
2026-10-01 01:30:00,울산광역시,A1700003,울산병원,20261001012502,052-259-5000,,,,,,1,2,2,3,,,,Y,Y,Y,Y,Y,Y,19,Y,27,Y,5,N1,Y,,4,Y,19,,1,2,2,,17,3,4,,,2,2,3,12,,,4,1,2,,2,352,,,Y,N1,A1700003,3,,,,0,,,,,,1,,,,,,,,,,,,,,,,,,,,,,,,,,,,,,,,,,,,,,,,,,,,,,
2026-10-01 01:30:00,울산광역시,A1700025,의료법인송은의료재단울산시티병원,20261001012505,052-280-9000,,,,,,1,2,0,1,,,,Y,Y,Y,Y,Y,Y,13,N1,15,N1,2,N1,Y,,8,N1,17,,1,2,2,,24,3,8,,,2,2,2,17,,,4,,,,,347,,,Y,N1,A1700025,4,,,,1,,,,,,3,,,,,,,,,,,,,,,,,,,,,,,,,,,,,,,,,,,,,,,,,,,,,,
2026-10-01 01:30:00,울산광역시,A1700002,의료법인동강의료재단동강병원,20261001012447,052-241-1114,,,,,,1,2,0,1,0,,Y,Y,Y,Y,Y,Y,Y,23,Y,63,N1,,N1,Y,,8,N1,24,,1,2,2,,,3,8,2,,3,2,4,25,,,7,5,,1,,513,,,Y,N1,A1700002,5,,4,0,0,,,14,9,,1,,,,,,,2,13,,,,,,,,,,,,,,,,,,,,,,,,,,,,,,,,,,,,,,
2026-10-01 01:30:00,울산광역시,A1700011,의료법인은성의료재단좋은삼정병원,20261001012208,052-220-7500,,,,,,,1,,,0,,,Y,Y,Y,Y,Y,Y,7,N1,40,N1,4,N1,Y,,7,N1,9,,,1,,,14,,7,1,,2,2,1,8,,,1,,,,,283,,,Y,N1,A1700011,6,,,,0,,,,,,1,,,,,,,,,,,,,,,,,,,,,,,,,,,,,,,,,,,,,,,,,,,,,,
2026-10-01 01:30:00,울산광역시,A1700001,서울산보람병원,20261001012447,052-255-7114,,,,,,,1,,,,,,Y,,Y,N1,N1,Y,9,N1,83,N1,,N1,Y,,3,N1,10,,,1,,,,,3,,,1,1,,1,,,,,,,,213,,,Y,N1,A1700001,7,,,,,,,,,,,,,,,,,,,,,,,,,,,,,,,,,,,,,,,,,,,,,,,,,,,,,,,,
2026-10-01 01:30:00,세종특별자치시,A1800441,세종충남대학교병원,20261001012300,1800-3114,Y,Y,,,0,1,2,,,4,Y,,Y,Y,Y,Y,Y,Y,11,Y,51,Y,4,Y,Y,-2,8,N1,17,0,1,2,,19,11,,8,4,3,2,2,3,35,8,21,7,3,2,,,300,,,Y,Y,A1800441,1,,,,0,,,,,,2,,,,,,,,,,,0,0,,,,,1,5,,,,2,,,6,0,0,,,,,,,,,,,,,,,,,,,
2026-10-01 01:30:00,세종특별자치시,A1800417,의료법인 영제 의료재단 엔케이세종병원,20261001012506,044-850-7700,,,,,,,1,,,,,,Y,,Y,N1,N1,Y,10,N1,125,N1,,N1,Y,,3,N1,10,,,1,,,,,3,,,1,1,,1,,,,,,,,200,,,Y,N1,A1800417,2,,,,,,,,,,,,,,,,,,,,,,,,,,,,,,,,,,,,,,,,,,,,,,,,,,,,,,,,
2026-10-01 01:30:00,전남광주통합특별시,A1500002,전남대학교병원,20261001012500,1899-0000,Y,Y,,,2,,,4,4,5,Y,,Y,Y,Y,Y,Y,Y,16,Y,177,Y,1,Y,Y,1,20,Y,26,4,,,18,33,8,30,20,7,8,5,4,8,78,24,30,20,13,6,,1,803,,,Y,Y,A1500002,1,2,3,3,,11,8,11,12,20,,32,2,2,0,5,2,3,13,8,15,,,,,,0,,,2,,8,,9,,,,,,,,,,,,2,3,2,6,6,2,40,2,,,,
2026-10-01 01:30:00,전남광주통합특별시,A1500001,조선대학교병원,20261001012605,1811-7474,Y,Y,,,4,0,0,7,2,4,Y,Y,Y,Y,Y,Y,Y,Y,16,Y,96,Y,,Y,Y,8,15,Y,23,4,0,0,20,20,,28,15,5,3,5,3,3,65,11,15,24,5,1,1,1,568,,,Y,Y,A1500001,2,2,2,3,0,10,,16,19,,2,20,2,3,0,3,2,,,2,19,,,,,,,,,,,,,,,,,,,,,,,,,,,,,,,,,1,,2,
2026-10-01 01:30:00,전남광주통합특별시,A2600011,목포한국병원,20261001012428,061-270-5500,Y,Y,,,3,2,3,1,5,0,Y,,Y,Y,Y,Y,Y,Y,12,Y,92,Y,3,Y,Y,,6,Y,16,3,2,3,20,,27,42,6,2,1,4,2,3,48,1,1,14,2,3,,1,418,,,Y,Y,A2600011,3,,,,0,,2,,,20,1,,,,0,,1,,,,,,,,,,,,,,,,,,,,,,,,,,,,,2,6,2,6,13,2,40,2,,,,
2026-10-01 01:30:00,전남광주통합특별시,A2600019,성가롤로병원,20261001012108,061-720-2000,N,Y,,,2,2,3,0,18,5,Y,,Y,Y,Y,Y,Y,Y,4,Y,62,Y,,Y,Y,,9,Y,18,4,2,3,25,,,30,9,31,1,4,4,4,27,1,3,8,1,2,,3,481,,,Y,N,A2600019,4,,0,2,0,,,7,11,,1,,,,0,,4,1,8,,,,,,,,,,,,,,,,,,,,,,,,,,,,,,,,,,,,,,
2026-10-01 01:30:00,전남광주통합특별시,A1500019,KS병원,20261001012052,062-975-9000,,,,,4,1,2,0,1,,,,Y,Y,Y,Y,Y,Y,13,N1,31,Y,4,N1,Y,,4,N1,15,7,1,2,2,,12,3,4,,,2,2,1,5,,,1,,1,,,267,,,Y,N1,A1500019,5,,3,,,,,9,,,,,,,,,,,,,,,,,,,,,,,,,,,,,,,,,,,,0,0,,,,,,,,,,,,
2026-10-01 01:30:00,전남광주통합특별시,A1500011,첨단종합병원,20261001012424,062-601-8000,,,,,,1,2,2,2,1,,,Y,Y,Y,Y,Y,Y,20,N1,106,N1,7,N1,Y,,5,N1,22,,1,2,2,,21,3,5,1,,2,2,1,11,,,1,,,,,409,,,Y,N1,A1500011,6,,,,1,11,,,,,1,49,,,,,,,,,,,,,,,,,,,,,,,,,,,,,,,,,,,,,,,,,,,,,
2026-10-01 01:30:00,전남광주통합특별시,A1500021,광주기독병원,20261001012053,062-650-5000,,,,,,0,1,,,,N,,Y,Y,Y,Y,Y,Y,18,N1,41,N1,,N1,Y,3,9,N1,20,,1,2,,3,,,9,,0,2,2,2,11,,,2,,,,,514,,,Y,N1,A1500021,7,,0,0,1,,,16,9,,3,,,,,,,,,,,,,,,,,,,,,,,,,,,,,,,,,,,,,,,,,,,,,,
2026-10-01 01:30:00,전남광주통합특별시,A2600017,의료법인목포구암의료재단목포중앙병원,20261001012607,061-280-3000,,,,,,2,2,,,,,,Y,Y,Y,Y,Y,Y,13,N1,60,Y,7,N1,Y,,4,N1,16,,2,2,,,16,,4,,,2,1,2,10,,,1,,1,,,275,,,Y,N1,A2600017,8,,,,2,6,,,,,2,49,,,,,,,,,,,,,,,,,,,,,,,,,,,,,,,,,,,,,,,,,,,,,
2026-10-01 01:30:00,전남광주통합특별시,A1500020,서광병원,20261001012417,062-600-8000,,,,,2,2,1,1,1,1,N,,Y,N,Y,N,Y,Y,18,N1,73,N1,6,N1,Y,,2,N1,18,2,2,1,2,,17,3,2,1,0,1,1,0,1,,,1,,,,,176,,,Y,N1,A1500020,9,,,,0,,,,,,1,,,,,,,,,,,,,,,,,,,,,,,,,,,,,,,,,,,,,,,,,,,,,,
2026-10-01 01:30:00,전남광주통합특별시,A2600014,여천전남병원,20261001012108,061690-6000,,,,,,1,2,,,,,,Y,Y,Y,Y,Y,Y,15,N1,116,N1,3,N1,Y,,5,N1,17,,1,2,,,14,,5,,,2,2,1,6,,,1,,,,,299,,,Y,N1,A2600014,10,,,,,,,,,,,,,,,,,,,,,,,,,,,,,,,,,,,,,,,,,,,,,,,,,,,,,,,,
2026-10-01 01:30:00,전남광주통합특별시,A2600001,화순전남대학교병원,20261001012500,061-379-7120,,Y,,,1,,2,0,1,5,,,Y,Y,Y,Y,Y,Y,15,Y,7,N1,,Y,Y,1,14,N1,16,1,,2,2,1,,4,14,5,,5,4,2,31,,1,7,1,,,,546,,,Y,N1,A2600001,11,1,3,7,1,,,8,12,,2,,1,4,,4,,,,,,,,,,,,,,,,,,,,,,,,,,,,,,,,,,,,,,,,,
2026-10-01 01:30:00,전남광주통합특별시,A2600050,전라남도강진의료원,20261001012001,061-433-2167,,Y,,,,,1,,,,Y,,Y,,Y,N1,N1,Y,7,N1,62,N1,,Y,Y,,3,N1,9,,,1,,,,,3,,1,1,1,,2,,2,,,,,,171,,,Y,N1,A2600050,12,,,,,,,,,,,,,,,,,,,,,,,,,,,,,,,,,,,,,,,,,,,,,,,,,,,,,,,,
2026-10-01 01:30:00,전남광주통합특별시,A2600018,의료법인영성의료재단고흥종합병원,20261001012420,061-832-1911,Y,Y,,,,,,,,,Y,,Y,,Y,N1,N1,Y,10,N1,168,N1,1,Y,Y,,2,N1,10,,,,,,12,,2,,1,1,1,,4,1,1,,,,,,271,,,Y,Y,A2600018,13,,,,,,,,,,,,,,,,,,,,,,,,,,,,,,,,,,,,,,,,,,,,,,,,,,,,,,,,
2026-10-01 01:30:00,전남광주통합특별시,A2600068,의료법인장호의료재단녹동현대병원,20261001011820,061-840-1200,,,,,,,2,,,,,,Y,,Y,N1,N1,Y,3,N1,37,N1,,N1,Y,,2,N1,3,,,2,,,,,2,,,1,1,,3,,,,,,,,118,,,Y,N1,A2600068,14,,,,,,,,,,,,,,,,,,,,,,,,,,,,,,,,,,,,,,,,,,,,,,,,,,,,,,,,
2026-10-01 01:30:00,전남광주통합특별시,A2600029,곡성사랑병원,20261001012531,061-360-6000,,,,,,,1,,,,,,Y,,Y,N1,N1,Y,5,N1,11,N1,,N1,N1,,1,N1,5,,,1,,,,,1,,,1,,,1,,,,,,,,46,,,Y,N1,A2600029,15,,,,,13,,,,,,45,,,,,,,,,,,,,,,,,,,,,,,,,,,,,,,,,,,,,,,,,,,,,
2026-10-01 01:30:00,전남광주통합특별시,A1500006,신가병원,20261001012216,062-610-8702,,,,,,,1,,,,,,Y,,Y,N1,N1,Y,8,N1,46,N1,,N1,Y,,3,N1,9,,,1,,,,,3,,,1,1,,1,,,,,,,,201,,,Y,N1,A1500006,16,,,,,,,,,,,,,,,,,,,,,,,,,,,,,,,,,,,,,,,,,,,1,1,,,,,,,,,,,,
2026-10-01 01:30:00,전남광주통합특별시,A1502007,광주센트럴병원,20261001012520,062-950-9700,,,,,,,1,,,,,,Y,,Y,N1,N1,Y,7,N1,48,N1,,N1,Y,,3,N1,10,,,1,,,,,3,,,1,1,,1,,,,,,,,299,,,Y,N1,A1502007,17,,,,,,,,,,,,,,,,,,,,,,,,,,,,,,,,,,,,,,,,,,,,,,,,,,,,,,,,
2026-10-01 01:30:00,전남광주통합특별시,A1500017,하남성심병원,20261001012533,062-953-6000,,,,,,,1,,,,,,Y,,Y,N1,N1,Y,15,N1,46,N1,4,N1,Y,,5,N1,19,,,1,,,10,,5,,,1,1,,4,,,,,,,,261,,,Y,N1,A1500017,18,,,,,,,,,,,,,,,,,,,,,,,,,,,,,,,,,,,,,,,,,,,,,,,,,,,,,,,,
2026-10-01 01:30:00,전남광주통합특별시,A1500018,광주수완병원,20261001012349,062-958-1111,,,,,,,0,,,,,,Y,,Y,N1,N1,Y,8,N1,52,N1,,N1,Y,,3,N1,9,,,1,,,,,3,,,1,1,,2,,,,,,,,177,,,Y,N1,A1500018,19,,,,,,,,,,,,,,,,,,,,,,,,,,,,,,,,,,,,,,,,,,,,,,,,,,,,,,,,
2026-10-01 01:30:00,전남광주통합특별시,A1500004,광주보훈병원,20261001012457,062-602-6021,,,,30,,1,1,,,1,,,Y,Y,Y,Y,Y,Y,14,N1,93,N1,15,N1,Y,,7,N1,14,,1,1,,,25,,7,2,,2,3,2,11,,,2,,,,,512,,30,Y,N1,A1500004,20,,,,1,,,,,,1,,,,,,,,,,,,,,,,,,,,,,,,,,,,,,,,,,,,,,,,,,,,,,
2026-10-01 01:30:00,전남광주통합특별시,A2600006,광양사랑병원,20261001012523,061797-7000,,,,,,,1,,,,,,Y,,Y,N1,Y,Y,9,N1,59,N1,4,N1,Y,,3,N1,9,,,1,,,9,,3,,,1,1,,4,,,1,,,,,149,,,Y,N1,A2600006,21,,,,,,,,,,,,,,,,,,,,,,,,,,,,,,,,,,,,,,,,,,,,,,,,,,,,,,,,
2026-10-01 01:30:00,전남광주통합특별시,A2600024,의료법인현경의료재단광양서울병원,20261001012519,061-798-9800,,,,,,,1,,,,,,Y,,Y,N1,Y,Y,9,N1,58,N1,,N1,Y,,3,N1,9,,,1,,,,,3,,,1,1,,3,,,1,,,,,208,,,Y,N1,A2600024,22,,,,,,,,,,,,,,,,,,,,,,,,,,,,,,,,,,,,,,,,,,,,,,,,,,,,,,,,
2026-10-01 01:30:00,전남광주통합특별시,A2600061,구례병원,20261001012522,061780-3300,,,,,,,0,,,,,,Y,,Y,N1,N1,Y,10,N1,34,N1,,N1,N1,,1,N1,10,,,0,,,,,1,,,1,,,1,,,,,,,,97,,,Y,N1,A2600061,23,,,,,,,,,,,,,,,,,,,,,,,,,,,,,,,,,,,,,,,,,,,,,,,,,,,,,,,,
2026-10-01 01:30:00,전남광주통합특별시,A2600016,나주종합병원,20261001012126,061-330-6114,,,,,,,,,,,,,Y,,Y,N1,N1,Y,6,N1,50,N1,,N1,Y,,3,N1,10,,,,,,,,3,,,1,1,,2,,,,,,,,178,,,Y,N1,A2600016,24,,,,,,,,,,,,,,,,,,,,,,,,,,,,,,,,,,,,,,,,,,,,,,,,,,,,,,,,
2026-10-01 01:30:00,전남광주통합특별시,A2602211,빛가람종합병원,20261001012449,061-820-0820,,,,,,,1,,,,,,Y,,Y,N1,N1,Y,8,N1,15,N1,,N1,Y,,4,N1,9,,,1,,,,,4,,,1,1,,2,,,,,,,,192,,,Y,N1,A2602211,25,,,,,,,,,,,,,,,,,,,,,,,,,,,,,,,,,,,,,,,,,,,,,,,,,,,,,,,,
2026-10-01 01:30:00,전남광주통합특별시,A1500013,동아병원,20261001012525,062-650-2500,,,,,,,1,,,,,,Y,,Y,N1,N1,Y,8,N1,66,N1,,N1,Y,,1,N1,9,,,1,,,,,6,,,1,2,,1,,,,,,,,276,,,Y,N1,A1500013,26,,,,,,,,,,,,,,,,,,,,,,,,,,,,,,,,,,,,,,,,,,,,,,,,,,,,,,,,
2026-10-01 01:30:00,전남광주통합특별시,A1500009,광주씨티병원,20261001012255,062-604-7000,,,,,,,1,,,,,,Y,,Y,N1,N1,Y,9,N1,36,N1,,N1,Y,,4,N1,10,,,1,,,,,4,,,1,1,,1,,,,,,,,173,,,Y,N1,A1500009,27,,,,,,,,,,,,,,,,,,,,,,,,,,,,,,,,,,,,,,,,,,,,,,,,,,,,,,,,
2026-10-01 01:30:00,전남광주통합특별시,A2600054,담양사랑병원,20261001012527,061-380-9000,,,,,,,2,,,,,,Y,,Y,N1,N1,Y,6,N1,45,N1,,N1,N1,,2,N1,6,,,2,,,,,2,,,1,,,1,,,,,,,,86,,,Y,N1,A2600054,28,,,,,,,,,,,,,,,,,,,,,,,,,,,,,,,,,,,,,,,,,,,,,,,,,,,,,,,,
2026-10-01 01:30:00,전남광주통합특별시,A2600020,목포기독병원,20261001012227,061-280-7500,,,,,,,1,,,,,,Y,,Y,N1,Y,Y,16,N1,78,N1,12,N1,Y,,4,N1,17,,,1,,,14,,4,,,1,2,,9,,,1,,,,,340,,,Y,N1,A2600020,29,,,,2,,,,,,3,,,,,,,,,,,,,,,,,,,,,,,,,,,,,,,,,2,2,,,,,,,,,,,,
2026-10-01 01:30:00,전남광주통합특별시,A2600022,목포시의료원,20261001012502,061-260-6500,,,,,,,1,,1,,,,Y,,Y,N1,N1,Y,8,N1,69,N1,,N1,Y,,3,N1,9,,,1,,,,1,3,,,1,1,,1,,,,,,,,253,,,Y,N1,A2600022,30,,,,,4,,,,,,45,,,,,,,,,,,,,,,,,,,,,,,,,,,,,,,,,,,,,,,,,,,,,
2026-10-01 01:30:00,전남광주통합특별시,A2600003,대송의료재단무안병원,20261001012528,061-450-3000,,,,,,,1,,,,,,Y,,Y,N1,Y,Y,3,N1,53,N1,0,N1,Y,,2,N1,4,,,1,,,13,,2,,,1,1,,1,,,1,,,,,173,,,Y,N1,A2600003,31,,,,,11,,,,,,105,,,,,,,,,,,,,,,,,,,,,,,,,,,,,,,,,,,,,,,,,,,,,
2026-10-01 01:30:00,전남광주통합특별시,A2600052,보성아산병원,20261001012001,061-850-3410,,,,,,,1,,,,,,Y,,Y,N1,N1,Y,8,N1,58,N1,,N1,N1,,2,N1,8,,,1,,,,,2,,,1,,,2,,,,,,,,100,,,Y,N1,A2600052,32,,,,,,,,,,,,,,,,,,,,,,,,,,,,,,,,,,,,,,,,,,,,,,,,,,,,,,,,
2026-10-01 01:30:00,전남광주통합특별시,A2600066,의료법인삼호의료재단벌교삼호병원,20261001011729,061-859-5000,,,,,,,1,,,,,,Y,,Y,N1,N1,Y,6,N1,34,N1,,N1,N1,,1,N1,6,,,1,,,,,1,,,1,,,1,,,,,,,,80,,,Y,N1,A2600066,33,,,,,72,,,,,,261,,,,,,,,,,,,,,,,,,,,,,,,,,,,,,,,,,,,,,,,,,,,,
2026-10-01 01:30:00,전남광주통합특별시,A1500015,광주병원,20261001011910,062-260-7000,,,,,,,1,,,,,,Y,Y,Y,Y,N1,Y,7,N1,21,N1,0,N1,Y,,4,N1,10,,,1,,,13,,4,,,1,1,1,1,,,,,,,,278,,,Y,N1,A1500015,34,,,,,,,,,,,,,,,,,,,,,,,,,,,,,,,,,,,,,,,,,,,,,,,,,,,,,,,,
2026-10-01 01:30:00,전남광주통합특별시,A1500010,운암한국병원,20261001012251,062-608-8000,,,,,,,1,,,,,,N,,Y,N1,N1,N,7,N1,33,N1,,N1,N,,3,N1,9,,,1,,,,,3,,,1,1,,1,,,,,,,,208,,,Y,N1,A1500010,35,,,,,,,,,,,,,,,,,,,,,,,,,,,,,,,,,,,,,,,,,,,,,,,,,,,,,,,,
2026-10-01 01:30:00,전남광주통합특별시,A1500003,광주현대병원,20261001012424,062-570-0114,,,,,,,1,,,,,,Y,,Y,N1,N1,Y,6,N1,41,N1,,N1,Y,,5,N1,9,,,1,,,,,5,,,1,2,,1,,,,,,,,236,,,Y,N1,A1500003,36,,,,,,,,,,,,,,,,,,,,,,,,,,,,,,,,,,,,,,,,,,,1,1,,,,,,,,,,,,
2026-10-01 01:30:00,전남광주통합특별시,A1500005,광주일곡병원,20261001012117,062-608-7013,,,,,,,1,,,,,,Y,,Y,N1,N1,Y,8,N1,35,N1,,N1,Y,,2,N1,9,,,1,,,,,2,,,1,1,,1,,,,,,,,144,,,Y,N1,A1500005,37,,,,,,,,,,,,,,,,,,,,,,,,,,,,,,,,,,,,,,,,,,,,,,,,,,,,,,,,
2026-10-01 01:30:00,전남광주통합특별시,A1500007,광주희망병원,20261001012108,062-608-6000,,,,,,,1,,,,,,,,Y,N1,N1,N1,9,N1,70,N1,6,N1,N1,,2,N1,9,,,1,,,8,,3,,,,,,,,,,,,,,182,,,N1,N1,A1500007,38,,,,1,,,,,,1,,,,,,,,,,,,,,,,,,,,,,,,,,,,,,,,,,,,,,,,,,,,,,
2026-10-01 01:30:00,전남광주통합특별시,A1500022,상무병원,20261001012526,062-600-7000,,,,,,,1,,,,,,Y,,Y,N1,N1,Y,8,N1,59,N1,,N1,Y,,3,N1,9,,,1,,,,,3,,,1,1,,1,,,,,,,,202,,,Y,N1,A1500022,39,,,,,,,,,,,,,,,,,,,,,,,,,,,,,,,,,,,,,,,,,,,,,,,,,,,,,,,,
2026-10-01 01:30:00,전남광주통합특별시,A1500016,광주한국병원,20261001012327,062-380-3000,,,,,,,1,,,,,,Y,,Y,N1,N1,Y,13,N1,82,N1,,N1,Y,,4,N1,15,,,1,,,,,4,,,1,1,,1,,,,,,,,259,,,Y,N1,A1500016,40,,,,,,,,,,,,,,,,,,,,,,,,,,,,,,,,,,,,,,,,,,,,,,,,,,,,,,,,
2026-10-01 01:30:00,전남광주통합특별시,A1500014,미래로21병원,20261001012402,062-450-1000,,,,,,,1,,,,,,Y,Y,Y,Y,Y,Y,8,N1,49,N1,4,N1,Y,,3,N1,9,,,1,,,8,,3,,,1,1,1,4,,,1,,,,,192,,,Y,N1,A1500014,41,,,,,,,,,,,,,,,,,,,,,,,,,,,,,,,,,,,,,,,,,,,,,,,,,,,,,,,,
2026-10-01 01:30:00,전남광주통합특별시,A2600008,순천제일병원,20261001012316,061-720-3413,,,,,,,1,,,,,,Y,,Y,N1,N1,Y,9,N1,9,N1,,N1,Y,,2,N1,9,,,1,,,,,2,,,1,1,,1,,,,,,,,200,,,Y,N1,A2600008,42,,,,,,,,,,,,,,,,,,,,,,,,,,,,,,,,,,,,,,,,,,,,,,,,,,,,,,,,
2026-10-01 01:30:00,전남광주통합특별시,A2600056,전라남도순천의료원,20261001012501,061-759-9114,,,,,,0,1,,,6,,,Y,,Y,N1,N1,Y,6,N1,53,N1,4,N1,Y,,3,N1,6,,1,1,,,7,,3,15,,1,1,,13,,,,,,,,164,,,Y,N1,A2600056,43,,,,,23,,,,,,80,,,,,,,,,,,,,,,,,,,,,,,,,,,,,,,,,,,,,,,,,,,,,
2026-10-01 01:30:00,전남광주통합특별시,A2600005,의료법인한국의료재단한국병원,20261001012535,061-740-5000,,,,,,,1,,,,,,Y,,Y,N1,N1,Y,7,N1,88,N1,3,N1,Y,,3,N1,11,,,1,,,9,,3,,,1,1,,4,,,,,,,,229,,,Y,N1,A2600005,44,,,,,,,,,,,,,,,,,,,,,,,,,,,,,,,,,,,,,,,,,,,,,,,,,,,,,,,,
2026-10-01 01:30:00,전남광주통합특별시,A2600004,순천중앙병원,20261001012524,061-743-9021,,,,,,,1,,,,,,Y,,Y,N1,N1,Y,4,N1,70,N1,,N1,Y,,2,N1,5,,,1,,,,,2,,,1,1,,1,,,,,,,,200,,,Y,N1,A2600004,45,,,,,,,,,,,,,,,,,,,,,,,,,,,,,,,,,,,,,,,,,,,,,,,,,,,,,,,,
2026-10-01 01:30:00,전남광주통합특별시,A2600051,의료법인신안대우병원,20261001012531,061-262-3301,,,,,,,1,,,,,,Y,,Y,N1,N1,Y,4,N1,24,N1,,N1,N1,,,N1,4,,,1,,,,,,,,1,,,1,,,,,,,,30,,,Y,N1,A2600051,46,,,,,,,,,,,,,,,,,,,,,,,,,,,,,,,,,,,,,,,,,,,,,,,,,,,,,,,,
2026-10-01 01:30:00,전남광주통합특별시,A2600027,의료법인한마음의료재단여수제일병원,20261001012535,061-689-8123,,Y,,,,,1,,,,Y,,Y,,Y,N1,Y,Y,9,Y,30,N1,10,Y,Y,,6,N1,9,,,1,,,13,,6,,1,2,2,,5,,3,2,1,,,,365,,,Y,N1,A2600027,47,,,,1,,,,,,1,,,,,,,,,,,,,,,,,,,,,,,,,,,,,,,,,,,,,,,,,,,,,,
2026-10-01 01:30:00,전남광주통합특별시,A2600010,여수전남병원,20261001012515,061640-7128,,,,,,,1,,,,,,Y,,Y,N1,Y,Y,7,N1,36,N1,1,N1,Y,,4,N1,10,,,1,,,11,,4,,,2,1,,8,,,1,,,,,272,,,Y,N1,A2600010,48,,,,,,,,,,,,,,,,,,,,,,,,,,,,,,,,,,,,,,,,,,,,,,,,,,,,,,,,
2026-10-01 01:30:00,전남광주통합특별시,A2600034,의료법인 거명의료재단 영광기독병원,20261001012446,061-350-3000,,,,,,,1,,,,,,Y,,Y,N1,N1,Y,10,N1,43,N1,0,N1,Y,,2,N1,10,,,1,,,11,,2,,,1,1,,3,,,,,,,,195,,,Y,N1,A2600034,49,,,,,,,,,,,,,,,,,,,,,,,,,,,,,,,,,,,,,,,,,,,,,,,,,,,,,,,,
2026-10-01 01:30:00,전남광주통합특별시,A2600015,영광종합병원,20261001012150,061-350-8000,,N,,,,,1,,,,N,,Y,,Y,N1,N1,Y,9,N1,65,N1,0,N,Y,,3,N1,10,,,1,,,7,,3,,0,1,1,,4,,0,,,,,,259,,,Y,N1,A2600015,50,,,,,,,,,,,,,,,,,,,,,,,,,,,,,,,,,,,,,,,,,,,0,0,,,,,,,,,,,,
2026-10-01 01:30:00,전남광주통합특별시,A2600070,영암한국병원,20261001012518,061-470-7100,,,,,,,0,,,,,,Y,,Y,N1,N1,Y,8,N1,28,N1,,N1,N1,,2,N1,8,,,1,,,,,2,,,1,,,1,,,,,,,,126,,,Y,N1,A2600070,51,,,,,34,,,,,,172,,,,,,,,,,,,,,,,,,,,,,,,,,,,,,,,,,,,,,,,,,,,,
2026-10-01 01:30:00,전남광주통합특별시,A2600032,완도대성병원,20261001012508,061-553-1234,,,,,,,1,,,,,,Y,,Y,N1,N1,Y,5,N1,52,N1,,N1,N1,,1,N1,5,,,1,,,,,1,,,1,,,1,,,,,,,,98,,,Y,N1,A2600032,52,,,,,,,,,,,,,,,,,,,,,,,,,,,,,,,,,,,,,,,,,,,,,,,,,,,,,,,,
2026-10-01 01:30:00,전남광주통합특별시,A2600035,의료법인행복나눔의료재단장성병원,20261001012256,061-390-9000,,,,,,,1,,,,,,Y,,Y,N1,N1,Y,3,N1,40,N1,,N1,N1,,,N1,4,,,1,,,,,1,,,1,,,,,,,,,,,104,,,N1,N1,A2600035,53,,,,,,,,,,,16,,,,,,,,,,,,,,,,,,,,,,,,,,,,,,,,,,,,,,,,,,,,,
2026-10-01 01:30:00,전남광주통합특별시,A2600021,의료법인우범의료재단장흥종합병원,20261001012307,061-862-8300,,,,,,,1,,,,,,Y,,Y,N1,N1,Y,8,N1,45,N1,,N1,Y,,2,N1,9,,,1,,,,,2,,,1,1,,1,,,,,,,,182,,,Y,N1,A2600021,54,,,,,,,,,,,,,,,,,,,,,,,,,,,,,,,,,,,,,,,,,,,,,,,,,,,,,,,,
2026-10-01 01:30:00,전남광주통합특별시,A2600037,장흥우리병원,20261001012508,061-862-6262,,,,,,,1,,,,,,Y,,Y,N1,N1,Y,4,N1,73,N1,2,N1,Y,,2,N1,4,,,1,,,5,,2,,,1,1,,1,,,,,,,,140,,,Y,N1,A2600037,55,,,,,,,,,,,,,,,,,,,,,,,,,,,,,,,,,,,,,,,,,,,,,,,,,,,,,,,,
2026-10-01 01:30:00,전남광주통합특별시,A2602088,의료법인남우의료재단 진도전남병원,20261001012307,061544-7933,,,,,,,1,,,,,,,,Y,N1,N1,N1,5,N1,48,N1,,N1,N1,,,N1,5,,,1,,,,,,,,,,,1,,,,,,,,100,,,Y,N1,A2602088,56,,,,,,,,,,,,,,,,,,,,,,,,,,,,,,,,,,,,,,,,,,,,,,,,,,,,,,,,
2026-10-01 01:30:00,전남광주통합특별시,A2600040,진도한국병원,20261001012409,061-544-2051,,,,,,,1,,,,,,,,Y,N1,N1,N1,4,N1,24,N1,,N1,N1,,,N1,4,,,1,,,,,,,,,,,,,,,,,,,40,,,N1,N1,A2600040,57,,,,,,,,,,,,,,,,,,,,,,,,,,,,,,,,,,,,,,,,,,,,,,,,,,,,,,,,
2026-10-01 01:30:00,전남광주통합특별시,A2600077,해남우리종합병원,20261001012518,061530-7000,,,,5,,,4,,,,,,Y,,Y,N1,N1,Y,14,N1,99,N1,3,N1,Y,,2,N1,15,,,4,,,23,,2,,,2,1,,9,,,,,,,,338,,24,Y,N1,A2600077,58,,,,2,,,,,,2,,,,,,,,,,,,,,,,,,,,,,,,,,,,,,,,,,,,,,,,,,,,,,
2026-10-01 01:30:00,전남광주통합특별시,A2600009,의료법인행촌의료재단해남종합병원,20261001012503,061-536-4116,,,,18,,,1,,,,Y,,Y,,Y,N1,N1,Y,10,N1,142,N1,4,N1,Y,,3,N1,10,,,1,,,18,,3,,1,1,1,,1,,,,,,,,351,,18,Y,N1,A2600009,59,,,,,,,,,,,,,,,,,,,,,,,,,,,,,,,,,,,,,,,,,,,,,,,,,,,,,,,,
2026-10-01 01:30:00,강원특별자치도,A2200008,강릉아산병원,20261001012515,033-610-3114,Y,Y,0,,3,2,3,1,8,,Y,,Y,Y,Y,Y,Y,Y,13,Y,27,Y,,Y,Y,1,15,Y,23,3,2,3,18,13,,38,15,,2,4,3,4,33,8,12,8,5,1,,2,604,1,,Y,Y,A2200008,1,,0,0,,,,14,16,,,,,,0,,6,,,,,,,,,,,,,,,,,,,,,,,,,,,,,,,,,,,,,,,,
2026-10-01 01:30:00,강원특별자치도,A2200001,연세대학교원주세브란스기독병원,20261001012002,033-741-0114,Y,Y,0,,3,2,3,2,5,,Y,,Y,Y,Y,Y,Y,Y,16,Y,32,Y,,Y,Y,-1,15,Y,29,3,2,3,20,19,,30,15,,2,5,4,7,100,12,25,16,7,13,,4,584,2,,Y,Y,A2200001,2,1,5,3,,4,4,15,12,20,,24,4,24,,36,,,,3,15,,,,,,,,,,,,,,,,,,,,,,,,,2,6,2,6,5,2,40,2,,,,
2026-10-01 01:30:00,강원특별자치도,A2200013,한림대학교춘천성심병원,20261001012107,033-240-5000,Y,Y,,,2,,,3,22,2,Y,Y,Y,Y,Y,Y,Y,Y,15,Y,63,Y,6,Y,Y,,9,Y,22,3,,,20,,20,45,9,2,1,2,2,3,33,1,4,6,2,1,1,1,266,,,Y,Y,A2200013,3,2,,,0,,,,,,2,,2,3,0,3,2,,,,,,,,,,,,,0,,,,8,,,,,,,,,,,,,,,,,,,,,,,
2026-10-01 01:30:00,강원특별자치도,A2200005,의료법인강릉동인병원,20261001012523,033-650-6113,,,,,,1,2,0,2,,,,Y,Y,Y,Y,Y,Y,17,N1,92,N1,0,N1,Y,,5,N1,17,,1,2,2,,10,4,5,,,2,1,1,14,,,1,,,,,244,,,Y,N1,A2200005,4,,0,,2,4,,12,,,2,101,,,,,,,,,,,,,,,,,,,,,,,,,,,,,,,,,,,,,,,,,,,,,
2026-10-01 01:30:00,강원특별자치도,A2200007,강원특별자치도삼척의료원,20261001012501,033-572-1141,,Y,,,1,2,1,1,3,8,Y,,Y,,Y,N1,Y,Y,15,N1,57,N1,0,Y,Y,,4,N1,16,1,2,1,2,,6,3,4,10,1,1,1,,3,,3,1,,,,,189,,,Y,N1,A2200007,5,,,,0,,,,,,2,,,,,,,,,,,,,,,,,,,,,,,,,,,,,,,,,,,,,,,,,,,,,,
2026-10-01 01:30:00,강원특별자치도,A2200012,강원특별자치도속초의료원,20261001012502,033-630-6000,Y,Y,,,,2,1,,,,Y,,Y,,Y,N1,N1,Y,16,N1,61,N1,3,Y,Y,,3,N1,17,,2,1,,,8,,3,,2,1,1,,7,1,1,,,,,,154,,,Y,Y,A2200012,6,,,,,,,,,,,,,,,,,,,,,,,,,,,,,,,,,,,,,,,,,,,,,,,,,,,,,,,,
2026-10-01 01:30:00,강원특별자치도,A2200009,강원대학교병원,20261001012500,033-258-2000,Y,Y,-1,,3,2,3,1,,6,Y,,Y,Y,Y,Y,Y,Y,18,Y,213,Y,,Y,Y,10,11,N1,21,3,2,3,5,15,,,11,14,3,4,2,4,43,13,24,12,3,10,,,508,0,,Y,Y,A2200009,7,,3,,0,5,,10,,,2,16,,,,,,3,8,1,8,,,,,,2,,,,,8,,,,,,,,,,,,,,,,,,,,,,,,,
2026-10-01 01:30:00,강원특별자치도,A2200011,강원특별자치도강릉의료원,20261001012502,033-610-1200,,,,20,,,1,,,5,,,Y,,Y,N1,N1,Y,3,N1,36,N1,0,N1,Y,,2,N1,5,,,1,,,8,,2,5,,1,1,,4,,,,,,,,122,,20,Y,N1,A2200011,8,,,,,,,,,,,,,,,,,,,,,,,,,,,,,,,,,,,,,,,,,,,,,,,,,,,,,,,,
2026-10-01 01:30:00,강원특별자치도,A2200003,의료법인동해동인병원,20261001012525,033-530-0114,,,,,,,1,,,,,,Y,,Y,N1,N1,Y,7,N1,27,N1,9,N1,Y,,2,N1,10,,,1,,,19,,2,,,1,1,,7,,,,,,,,178,,,Y,N1,A2200003,9,,,,1,56,,,,,1,110,,,,,,,,,,,,,,,,,,,,,,,,,,,,,,,,,,,,,,,,,,,,,
2026-10-01 01:30:00,강원특별자치도,A2200046,의료법인온세움의료재단온재병원,20261001012449,033-639-8633,,,,,,,1,,,,,,Y,,Y,N1,N1,Y,7,N1,69,N1,0,N1,Y,,4,N1,9,,,1,,,15,,4,,,1,1,,5,,,,,,,,219,,,Y,N1,A2200046,10,,,,,24,,,,,,59,,,,,,,,,,,,,,,,,,,,,,,,,,,,,,,,,,,,,,,,,,,,,
2026-10-01 01:30:00,강원특별자치도,A2200037,의료법인성심의료재단양구성심병원,20261001012442,033-480-8803,,Y,,,,1,,,,,Y,,Y,,Y,N1,N1,Y,5,N1,32,N1,,Y,N1,,,N1,5,,1,,,,,,,,1,1,,,1,,1,,,,,,52,,,Y,N1,A2200037,11,,,,,,,,,,,,,,,,,,,,,,,,,,,,,,,,,,,,,,,,,,,,,,,,,,,,,,,,
2026-10-01 01:30:00,강원특별자치도,A2200002,강원특별자치도영월의료원,20261001012002,033-370-9101,,Y,,,,,,,,0,Y,,Y,,Y,N1,N1,Y,9,N1,39,N1,4,Y,Y,,2,N1,9,,,,,,10,,2,2,1,1,1,,7,,3,,,,,,174,,,Y,N1,A2200002,12,,,,1,,,,,,2,,,,,,,,,,,,,,,,,,,,,,,,,,,,,,,,,1,1,,,,,,,,,,,,
2026-10-01 01:30:00,강원특별자치도,A2200015,강원특별자치도원주의료원,20261001012502,033-760-4500,,,,,,1,2,,,,,,Y,,Y,N1,N1,Y,12,N1,77,N1,7,N1,Y,,3,N1,17,,1,2,,,20,,3,,,2,1,,7,,,,,,,,259,,,Y,N1,A2200015,13,,,,,,,,,,,,,,,,,,,,,,,,,,,,,,,,,,,,,,,,,,,,,,,,,,,,,,,,
2026-10-01 01:30:00,강원특별자치도,A2200024,의료법인성지의료재단성지병원,20261001011916,033-760-3101,,,,13,,,1,,,,,,Y,,Y,N1,N1,Y,6,N1,-82,N1,9,N1,Y,,4,N1,7,,,1,,,9,,4,,,1,2,,4,,,,,,,,135,,13,Y,N1,A2200024,14,,,,,,,,,,,,,,,,,,,,,,,,,,,,,,,,,,,,,,,,,,,,,,,,,,,,,,,,
2026-10-01 01:30:00,강원특별자치도,A2200048,근로복지공단정선병원,20261001012100,033-560-7100,,,,,,,1,,,,,,Y,,Y,N1,N1,Y,5,N1,39,N1,,N1,N1,,,N1,5,,,1,,,,,,,,1,,,3,,,,,,,,149,,,Y,N1,A2200048,15,,,,,,,,,,,,,,,,,,,,,,,,,,,,,,,,,,,,,,,,,,,,,,,,,,,,,,,,
2026-10-01 01:30:00,강원특별자치도,A2201730,철원병원,20261001012001,033-452-5011,N,Y,,,,1,,,,,Y,N,Y,N,Y,N,N,Y,3,N,30,N,,Y,Y,,2,N,5,,1,,,,,,2,,1,1,1,0,1,0,1,0,0,0,0,0,68,,,Y,N,A2201730,16,,,,,,,,,,,,,,,,,,,,,,,,,,,,,,,,,,,,,,,,,,,,,,,,,,,,,,,,
2026-10-01 01:30:00,강원특별자치도,A2200004,근로복지공단태백병원,20261001012400,033-580-3114,,,,,,1,,,,,Y,,Y,,Y,N1,N1,Y,9,N1,88,N1,1,N1,Y,,2,N1,9,,1,,,,9,,2,,1,1,1,,8,,,,,,,,223,,,Y,N1,A2200004,17,,,,1,,,,,,1,,,,,,,,,,,,,,,,,,,,,,,,,,,,,,,,,,,,,,,,,,,,,,
2026-10-01 01:30:00,강원특별자치도,E2200026,평창군보건의료원,20261001012501,033-332-4000,,,,,,,1,,,,,,Y,,Y,N1,N1,Y,6,N1,20,N1,,N1,N1,,,N1,6,,,1,,,,,,,,1,,,1,,,,,,,,20,,,Y,N1,E2200026,18,,,,,,,,,,,,,,,,,,,,,,,,,,,,,,,,,,,,,,,,,,,,,,,,,,,,,,,,
2026-10-01 01:30:00,강원특별자치도,A2200014,홍천아산병원,20261001012501,033-430-5211,,,,,,,,,,,,,Y,,Y,N1,N1,Y,10,N1,3,N1,0,N1,Y,,2,N1,10,,,,,,7,,2,,,1,1,,4,,,,,,,,128,,,Y,N1,A2200014,19,,,,,,,,,,,,,,,,,,,,,,,,,,,,,,,,,,,,,,,,,,,,,,,,,,,,,,,,
2026-10-01 01:30:00,강원특별자치도,E2200025,화천군보건의료원,20261001012501,033-441-4000,,,,,,,1,,,,,,,,Y,N1,N1,N1,7,N1,15,N1,,N1,N1,,,N1,7,,,1,,,,,,,,,,,1,,,,,,,,16,,,Y,N1,E2200025,20,,,,,,,,,,,,,,,,,,,,,,,,,,,,,,,,,,,,,,,,,,,,,,,,,,,,,,,,
2026-10-01 01:30:00,강원특별자치도,A2200016,횡성대성병원,20261001012450,033-343-0901,,,,,,,1,,,,,,Y,,Y,N1,N1,Y,9,N1,32,N1,,N1,Y,,1,N1,9,,,1,,,,,1,,,1,1,,1,,,,,,,,114,,,Y,N1,A2200016,21,,,,,,,,,,,,,,,,,,,,,,,,,,,,,,,,,,,,,,,,,,,,,,,,,,,,,,,,
2026-10-01 01:30:00,충청북도,A2300001,충북대학교병원,20261001012500,043-269-6114,Y,Y,,,7,,,3,21,10,Y,,Y,Y,Y,Y,Y,Y,21,Y,201,Y,5,Y,Y,9,16,N1,30,8,,,18,25,17,40,16,13,2,4,4,6,98,13,31,18,10,17,,,558,,,Y,Y,A2300001,1,2,0,,5,10,14,8,,20,5,21,2,3,2,3,2,,,,,,,,,,,,,2,,,,4,,,,,,,,,,,,2,6,2,6,4,2,40,2,,,,
2026-10-01 01:30:00,충청북도,A2300009,의료법인명지의료재단명지병원,20261001012322,043-640-8114,,,,,3,2,4,2,,,,,Y,Y,Y,Y,Y,Y,18,Y,55,N1,11,N1,Y,,3,N1,18,3,2,4,2,,15,,3,,,2,1,1,10,,,2,1,,,,201,,,Y,N1,A2300009,2,,,,3,,,,,,3,,,,,,,,,,,,,,,,,,,,,,,,,,,,,,,,,,,,,,,,,,,,,,
2026-10-01 01:30:00,충청북도,A2300005,의료법인자산의료재단제천서울병원,20261001012027,043-642-7606,,,,,,1,4,0,2,,,,Y,,Y,N1,Y,Y,13,N1,50,N1,1,N1,Y,,3,Y,15,,1,4,2,,11,3,3,,,1,1,,10,,,1,,,,1,202,,,Y,N1,A2300005,3,,,,,,,,,,,,,,,,,,,,,,,,,,,,,,,,,,,,,,,,,,,,,,,,,,,,,,,,
2026-10-01 01:30:00,충청북도,A2300013,의료법인 건명의료재단 중앙제일병원,20261001012316,043-533-1711,,,,,,3,,,,31,,,Y,,Y,N1,Y,Y,16,N1,52,N1,3,N1,Y,,5,N1,17,,3,,,,12,,5,31,,2,2,,6,,,1,,,,,192,,,Y,N1,A2300013,4,,,,0,,,,,,6,,,,,,,,,,,,,,,,,,,,,,,,,,,,,,,,,,,,,,,,,,,,,,
2026-10-01 01:30:00,충청북도,A2300007,의료법인인화재단한국병원,20261001012300,043-222-7000,,Y,,,,1,2,0,0,1,Y,,Y,Y,Y,Y,Y,Y,12,N1,53,N1,0,Y,Y,,8,N1,14,,1,2,2,,22,4,8,1,1,3,3,2,18,,1,3,,,,,399,,,Y,N1,A2300007,5,,,,0,,,,,,1,,,,,,,,,,,,,,,,,,,,,,,,,,,,,,,,,2,3,,,,,,,,,,,,
2026-10-01 01:30:00,충청북도,A2300003,의료법인정산의료재단효성병원,20261001012039,043-221-5000,,N,,,,1,4,0,0,,Y,,Y,Y,Y,Y,Y,Y,17,N1,67,N1,1,N,Y,,4,Y,18,,1,4,2,,27,3,4,,1,3,4,2,19,,1,2,,,,1,363,,,Y,N1,A2300003,6,,,,1,,,,,,2,,,,,,,,,,,,,,,,,,,,,,,,,,,,,,,,,,,,,,,,,,,,,,
2026-10-01 01:30:00,충청북도,A2300008,청주성모병원,20261001012510,043-219-8000,,Y,,,,2,4,2,4,2,Y,,Y,Y,Y,Y,Y,Y,7,N1,109,N1,,Y,Y,,8,N1,15,,2,5,2,,,4,8,30,1,3,2,2,19,,2,2,,,,,358,,,Y,N1,A2300008,7,,2,5,0,,,13,12,,1,,,,,,,,,,,,,,,,,,,,,,,,,,,,,,,,,,,,,,,,,,,,,,
2026-10-01 01:30:00,충청북도,A2300002,의료법인한마음의료재단하나병원,20261001012240,043-230-6114,,,,,,1,1,0,1,,,,Y,Y,Y,Y,Y,Y,7,N1,122,N1,-1,N1,Y,,7,Y,11,,1,2,2,,22,3,7,,,3,3,2,20,,,4,,,,1,460,,,Y,N1,A2300002,8,,,,1,,,,,,2,,,,,,,,,,,,,,,,,,,,,,,,,,,,,,,,,9,9,,,,,,,,,,,,
2026-10-01 01:30:00,충청북도,A2300010,건국대학교충주병원,20261001012501,043-840-8593,Y,Y,,,,1,2,,,1,Y,,Y,Y,Y,Y,Y,Y,17,Y,77,N1,6,Y,Y,,5,N1,20,,1,2,,,18,,5,1,1,2,1,2,11,1,4,3,1,,,,194,,,Y,Y,A2300010,9,,,,,,,,,,,,,,,,,,,,,,,,,,,,,,,,,,,,,,,,,,,,,,,,,,,,,,,,
2026-10-01 01:30:00,충청북도,A2300034,의료법인대광의료재단괴산성모병원,20261001012508,043-830-5400,,,,,,,0,,,,,,Y,,Y,N1,N1,Y,9,N1,14,N1,,N1,Y,,1,N1,9,,,1,,,,,1,,,1,1,,3,,,,,,,,153,,,Y,N1,A2300034,10,,,,,,,,,,,,,,,,,,,,,,,,,,,,,,,,,,,,,,,,,,,,,,,,,,,,,,,,
2026-10-01 01:30:00,충청북도,E2300011,단양군보건의료원,20261001012501,043-420-3203,,,,,,1,,,,2,,,Y,,Y,N1,N1,Y,6,N1,14,N1,,N1,N1,,,N1,6,,1,,,,,,,2,,1,,,1,,,,,,,,14,,,Y,N1,E2300011,11,,,,,,,,,,,,,,,,,,,,,,,,,,,,,,,,,,,,,,,,,,,,,,,,,,,,,,,,
2026-10-01 01:30:00,충청북도,A2300030,의료법인조윤의료재단영동병원,20261001012506,043-740-9000,,Y,,,,,,,,,Y,,Y,,Y,N1,N1,Y,9,N1,19,N1,,Y,Y,,2,N1,10,,,,,,,,2,,1,1,1,,3,,1,,,,,,161,,,Y,N1,A2300030,12,,,,,,,,,,,,,,,,,,,,,,,,,,,,,,,,,,,,,,,,,,,,,,,,,,,,,,,,
2026-10-01 01:30:00,충청북도,A2300011,의료법인힐링의료재단옥천성모병원,20261001012143,043-730-7000,,,,,,2,1,,,,,,Y,,Y,N1,N1,Y,7,N1,34,N1,0,N1,Y,,2,N1,7,,2,1,,,7,,2,,,1,1,,4,,,,,,,,157,,,Y,N1,A2300011,13,,,,,,,,,,,,,,,,,,,,,,,,,,,,,,,,,,,,,,,,,,,,,,,,,,,,,,,,
2026-10-01 01:30:00,충청북도,A2300006,충청북도청주의료원,20261001012502,043-279-2300,,Y,,,,1,,,,6,Y,,Y,Y,Y,Y,Y,Y,11,N1,153,N1,17,Y,Y,,5,N1,12,,1,,,,21,,5,6,1,1,1,1,11,,1,1,,,,,359,,,Y,N1,A2300006,14,,,,3,90,,,,,3,90,,,,,,,,,,,,,,,,,,,,,,,,,,,,,,,,3,3,,,,,,,,,,,,
2026-10-01 01:30:00,충청북도,A2300004,충청북도충주의료원,20261001012502,043-871-0114,,,,,,1,2,,,,,,Y,Y,Y,Y,Y,Y,17,N1,112,N1,1,N1,Y,,4,N1,18,,1,2,,,11,,4,,,1,1,1,8,,,1,,,,,282,,,Y,N1,A2300004,15,,,,1,,,,,,1,,,,,,,,,,,,,,,,,,,,,,,,,,,,,,,,,,,,,,,,,,,,,,
2026-10-01 01:30:00,충청남도,A2400002,단국대학교의과대학부속병원,20261001012500,041-550-7114,Y,Y,,,4,,1,7,0,0,Y,,Y,Y,Y,Y,Y,Y,18,Y,35,Y,,Y,Y,0,13,Y,25,4,,1,18,25,,30,13,8,3,4,3,6,65,14,29,15,7,17,,1,640,,,Y,Y,A2400002,1,2,,2,1,8,2,,13,20,1,20,2,2,0,2,2,,,6,13,,,,,,,,,,,,,,,,,,,,,,,,,2,6,2,6,2,2,40,2,,2,,7
2026-10-01 01:30:00,충청남도,A2400001,학교법인동은학원순천향대학교부속천안병원,20261001012103,041-570-2114,Y,Y,1,,13,4,3,8,7,4,Y,Y,Y,Y,Y,Y,Y,Y,15,Y,92,Y,,Y,Y,1,21,Y,22,14,4,3,17,38,,30,21,14,11,6,4,6,60,20,57,6,6,10,1,1,765,1,,Y,Y,A2400001,2,,9,5,5,,,18,15,,6,,,,,,,,,,,1,3,,,,,2,2,,,,2,,,6,1,3,,,,,,,,,,,,,,,,,,,
2026-10-01 01:30:00,충청남도,A2400009,의료법인백제병원,20261001012257,041-733-2191,,,,,,1,2,,,,,,Y,Y,Y,Y,Y,Y,18,N1,30,N1,-2,N1,Y,,4,N1,20,,1,2,,,26,,4,,,2,2,1,11,,,3,,,,,398,,,Y,N1,A2400009,3,,,,,20,,,,,,49,,,,,,,,,,,,,,,,,,,,,,,,,,,,,,,,,,,,,,,,,,,,,
2026-10-01 01:30:00,충청남도,A2400008,당진종합병원,20261001012536,041-357-0100,,,,,,1,2,,,,,,Y,Y,Y,Y,Y,Y,13,N1,90,N1,2,N1,Y,,4,N1,17,,1,2,,,13,,4,,,2,2,1,5,,,1,,,,,246,,,Y,N1,A2400008,4,,,,,,,,,,,,,,,,,,,,,,,,,,,,,,,,,,,,,,,,,,,,,,,,,,,,,,,,
2026-10-01 01:30:00,충청남도,A2400011,재단법인아산사회복지재단보령아산병원,20261001012000,041-930-5114,,,,,,1,2,,,,,,Y,,Y,N1,N1,Y,13,N1,28,N1,1,N1,Y,,2,N1,17,,1,2,,,8,,2,,,1,1,,4,,,,,,,,221,,,Y,N1,A2400011,5,,,,,,,,,,,,,,,,,,,,,,,,,,,,,,,,,,,,,,,,,,,,,,,,,,,,,,,,
2026-10-01 01:30:00,충청남도,A2400003,서산중앙병원,20261001012506,041-661-1000,,,,,,1,2,,,,,,Y,,Y,N1,Y,Y,15,N1,61,N1,11,N1,Y,,4,N1,17,,1,2,,,19,,4,,,1,1,,7,,,1,,,,,288,,,Y,N1,A2400003,6,,,,,,,,,,,,,,,,,,,,,,,,,,,,,,,,,,,,,,,,,,,,,,,,,,,,,,,,
2026-10-01 01:30:00,충청남도,A2400006,충청남도서산의료원,20261001012102,041-689-7000,,,,,,1,2,0,2,5,,,Y,,Y,N1,N1,Y,13,N1,42,N1,0,N1,Y,,3,N1,17,,1,2,2,,8,4,3,5,,2,1,,10,,,,,,,,259,,,Y,N1,A2400006,7,,,,,,,,,,,,,,,,,,,,,,,,,,,,,,,,,,,,,,,,,,,,,,,,,,,,,,,,
2026-10-01 01:30:00,충청남도,A2402257,아산충무병원,20261001012314,041-536-6666,,,,,,,,0,2,,Y,,Y,Y,Y,Y,Y,Y,10,Y,205,Y,2,N1,Y,,4,N1,13,,,,2,,22,3,4,,1,2,2,3,27,,,4,2,1,,,453,,,Y,N1,A2402257,8,1,,,2,,,,,,2,,1,7,,7,,,,,,,,,,,,,,,,,,,,,,,,,,,,,,,,,,,,,,,5,,5
2026-10-01 01:30:00,충청남도,A2400012,의료법인영서의료재단천안충무병원,20261001012446,041-570-7555,,,,,,1,4,0,0,,,,Y,Y,Y,Y,Y,Y,12,Y,21,N1,0,N1,Y,,5,N1,16,,1,4,2,,17,4,5,,,2,2,3,26,,,3,3,,,,329,,,Y,N1,A2400012,9,,,,0,,,,,,3,,,,,,,,,-1,7,,,,,,,,,,,,,,,,,,,,,,,,,,,,,,,,,,,,
2026-10-01 01:30:00,충청남도,A2400007,충청남도홍성의료원,20261001012401,041-630-6251,,,,,1,1,2,2,3,0,Y,,Y,N,Y,N,Y,Y,17,N1,94,N1,0,N1,Y,,4,N,18,1,1,2,2,,22,3,4,1,1,2,2,1,10,,,1,,,,2,260,,,Y,N1,A2400007,10,,,,0,5,,,,,1,49,,,,,,,,,,,,,,,,,,,,,,,,,,,,,,,,,,,,,,,,,,,,,
2026-10-01 01:30:00,충청남도,A2400010,충청남도공주의료원,20261001012401,041-962-1111,,,,,,,1,,,3,,,Y,,Y,N1,Y,Y,12,N1,82,N1,2,N1,Y,,6,N1,15,,,1,,,16,,6,6,,1,1,,9,,,2,,,,,273,,,Y,N1,A2400010,11,,,,,,,,,,,,,,,,,,,,,,,,,,,,,,,,,,,,,,,,,,,,,,,,,,,,,,,,
2026-10-01 01:30:00,충청남도,A2400038,학교법인건양교육재단건양대학교부여병원,20261001012409,041-837-1200,,,,,,,1,,,,,,Y,,Y,N1,N1,Y,9,N1,24,N1,,N1,N1,,1,N1,9,,,1,,,,,1,,,1,,,1,,,,,,,,55,,,Y,N1,A2400038,12,,,,,,,,,,,,,,,,,,,,,,,,,,,,,,,,,,,,,,,,,,,,,,,,,,,,,,,,
2026-10-01 01:30:00,충청남도,A2400044,의료법인서해의료재단서해병원,20261001012044,041-951-8282,,,,,,,2,,,,,,Y,,Y,N1,N1,Y,5,N1,21,N1,,N1,N1,,,N1,5,,,2,,,,,,,,1,,,1,,,,,,,,79,,,Y,N1,A2400044,13,,,,,,,,,,,,,,,,,,,,,,,,,,,,,,,,,,,,,,,,,,,,,,,,,,,,,,,,
2026-10-01 01:30:00,충청남도,A2400039,현대병원,20261001012001,041-546-3636,N,N,,,,,1,,,,N,N,Y,N,Y,N,N,Y,8,N,13,N,0,N,Y,,3,N,9,,,1,,,7,,3,,0,1,1,0,3,0,0,0,0,0,0,0,84,,,Y,N,A2400039,14,,,,,,,,,,,,,,,,,,,0,0,,,,,,,,,,,,,,,,,,,,,,,,,,,,,,,,,,,,
2026-10-01 01:30:00,충청남도,A2400004,의료법인 예당의료재단 예산종합병원,20261001012507,041-330-4000,,,,,,,1,,,,,,Y,,Y,N1,N1,Y,5,N1,12,N1,4,N1,Y,,0,N1,6,,,1,,,9,,0,,,0,0,,0,,,,,,,,88,,,Y,N1,A2400004,15,,,,,,,,,,,,,,,,,,,,,,,,,,,,,,,,,,,,,,,,,,,,,,,,,,,,,,,,
2026-10-01 01:30:00,충청남도,A2400005,충청남도천안의료원,20261001012502,041-570-7200,,,,6,,1,,,,,,,Y,,Y,N1,N1,Y,10,N1,77,N1,4,N1,Y,,4,N1,12,,1,,,,15,,4,,,1,1,,10,,,,,,,,241,,6,Y,N1,A2400005,16,,,,,,,,,,,,,,,,,,,,,,,,,,,,,,,,,,,,,,,,,,,,,,,,,,,,,,,,
2026-10-01 01:30:00,충청남도,E2400032,청양군보건의료원,20261001012501,041-940-4531,,,,,,,1,,,,,,Y,,Y,N1,N1,Y,5,N1,12,N1,,N1,N1,,1,N1,6,,,1,,,,,1,,,1,,,1,,,,,,,,12,,,Y,N1,E2400032,17,,,,,,,,,,,,,,,,,,,,,,,,,,,,,,,,,,,,,,,,,,,,,,,,,,,,,,,,
2026-10-01 01:30:00,충청남도,E2400033,태안군보건의료원,20261001012501,041-671-5300,,,,,,,1,,,,,,Y,,Y,N1,N1,Y,9,N1,23,N1,,N1,N1,,,N1,10,,,1,,,,,,,,1,,,1,,,,,,,,34,,,Y,N1,E2400033,18,,,,,,,,,,,,,,,,,,,,,,,,,,,,,,,,,,,,,,,,,,,,,,,,,,,,,,,,
2026-10-01 01:30:00,전북특별자치도,A2500001,원광대학교병원,20261001012516,063-859-1114,Y,Y,,,3,,,3,5,0,Y,,Y,Y,Y,Y,Y,Y,7,Y,24,Y,5,Y,Y,7,15,Y,26,3,,,18,15,15,31,15,2,1,5,4,5,11,12,20,8,4,1,,2,543,,,Y,Y,A2500001,1,2,2,6,4,1,1,8,15,20,7,30,2,1,1,3,2,2,8,,,,,,,,,,,,,,,,,,,,,,,,,,,2,6,2,6,11,2,40,2,,,,
2026-10-01 01:30:00,전북특별자치도,A2500002,전북대학교병원,20261001012426,063-250-1114,Y,Y,2,,5,,,5,2,15,Y,,Y,Y,Y,Y,Y,Y,14,Y,197,Y,,Y,Y,18,21,N1,36,5,,,17,25,,30,21,15,3,1,2,5,11,15,22,4,2,1,,,836,2,,Y,Y,A2500002,2,2,4,5,2,7,,10,8,,2,23,2,4,0,5,1,6,15,6,18,,,,,,7,,,,,10,,,,,,,,,,,,,,,,,,,,,,,,,
2026-10-01 01:30:00,전북특별자치도,A2500007,전북특별자치도군산의료원,20261001012502,063-472-5000,,Y,,,,1,2,0,2,,Y,,Y,,Y,N1,N1,Y,10,N1,96,N1,10,Y,Y,,6,N1,17,,1,2,2,,18,3,6,,1,1,1,,18,,2,,,,,,285,,,Y,N1,A2500007,3,,,,1,,,,,,2,,,,,,,,,,,,,,,,,,,,,,,,,,,,,,,,,,,,,,,,,,,,,,
2026-10-01 01:30:00,전북특별자치도,A2500012,의료법인오성의료재단동군산병원,20261001012352,063-440-0570,,,,0,,1,3,2,0,,,,Y,Y,Y,Y,Y,Y,17,N1,29,N1,4,N1,Y,,6,N1,17,,1,5,2,,24,3,6,,,2,2,2,13,,,2,,,,,262,,0,Y,N1,A2500012,4,,,,,,,,,,,,,,,,,,,,,,,,,,,,,,,,,,,,,,,,,,,,,,,,,,,,,,,,
2026-10-01 01:30:00,전북특별자치도,A2500004,전북특별자치도남원의료원,20261001012502,063-620-1114,,Y,,,,1,2,1,3,,Y,,Y,,Y,N1,N1,Y,15,N1,53,N1,1,Y,Y,,3,N1,17,,1,2,2,,7,3,3,,3,2,1,,10,,1,,,,,,187,,,Y,N1,A2500004,5,,,,1,,,,,,1,,,,,,,,,,,,,,,,,,,,,,,,,,,,,,,,,,,,,,,,,,,,,,
2026-10-01 01:30:00,전북특별자치도,A2500011,의료법인대산의료재단익산병원,20261001012506,063-840-9114,,,,,,1,2,,,,,,Y,Y,Y,Y,Y,Y,10,N1,37,N1,5,N1,Y,,5,N1,17,,1,2,,,17,,5,,,2,2,1,7,,,1,,,,,333,,,Y,N1,A2500011,6,,,,0,,,,,,1,,,,,,,,,,,,,,,,,,,,,,,,,,,,,,,,,,,,,,,,,,,,,,
2026-10-01 01:30:00,전북특별자치도,A2500056,대자인병원,20261001012407,063-240-2000,,,,,,2,3,,,,,Y,Y,Y,Y,Y,Y,Y,19,Y,32,Y,2,N1,Y,,15,Y,25,,2,3,,,15,,15,,,4,3,2,12,,,4,2,1,1,1,45,,,Y,N1,A2500056,7,,,4,0,,,,36,,4,,,,,,,,,,,,,,,,,,,,,,,,,,,,,,,,,,,,,,,,,,,,,,
2026-10-01 01:30:00,전북특별자치도,A2500006,재단법인예수병원유지재단예수병원,20261001012411,063-230-8114,Y,Y,,,6,1,2,,,0,Y,,Y,Y,Y,Y,Y,Y,29,Y,85,N1,-1,Y,Y,2,13,Y,38,10,1,2,,12,23,,14,5,4,4,3,4,40,6,11,7,2,,,2,685,,,Y,Y,A2500006,8,,,,4,,,,,,4,,,,,,,,,2,14,1,0,,,,,2,3,,,,2,,,6,1,1,,,,,,,,,,,,,,,,,,,
2026-10-01 01:30:00,전북특별자치도,A2500005,의료법인영경의료재단전주병원,20261001012349,063-220-7200,,,,,,1,2,,,,,,Y,,Y,N1,Y,Y,9,N1,-2,N1,0,N1,Y,,5,N1,17,,1,2,,,9,,5,,,1,2,,6,,,1,,,,,275,,,Y,N1,A2500005,9,,,,,,,,,,,,,,,,,,,,,,,,,,,,,,,,,,,,,,,,,,,,,,,,,,,,,,,,
2026-10-01 01:30:00,전북특별자치도,A2500008,재단법인 아산사회복지재단 정읍아산병원,20261001012000,063-530-6000,,,,,,1,2,,,,,,Y,,Y,N1,N1,Y,15,N1,41,N1,0,N1,Y,,3,N1,17,,1,2,,,10,,3,,,1,1,,5,,,,,,,,276,,,Y,N1,A2500008,10,,,,,,,,,,,,,,,,,,,,,,,,,,,,,,,,,,,,,,,,,,,,,,,,,,,,,,,,
2026-10-01 01:30:00,전북특별자치도,A2500009,의료법인석천재단고창병원,20261001012531,063-560-5600,,,,,,,1,,,,,,Y,,Y,N1,N1,Y,9,N1,0,N1,,N1,Y,,2,N1,10,,,1,,,,,2,,,1,1,,4,,,,,,,,258,,,Y,N1,A2500009,11,,,,,,,,,,,,,,,,,,,,,,,,,,,,,,,,,,,,,,,,,,,,,,,,,,,,,,,,
2026-10-01 01:30:00,전북특별자치도,A2500038,김제우석병원,20261001012446,063-540-5114,,,,,,,1,,,,,,Y,,Y,N1,N1,Y,10,N1,61,N1,,N1,Y,,2,N1,10,,,1,,,,,2,,,1,1,,1,,,,,,,,200,,,Y,N1,A2500038,12,,,,,,,,,,,,,,,,,,,,,,,,,,,,,,,,,,,,,,,,,,,,,,,,,,,,,,,,
2026-10-01 01:30:00,전북특별자치도,E2500019,무주군보건의료원,20261001012501,063-320-8314,,,,,,,1,,,,,,Y,,Y,N1,N1,Y,4,N1,24,N1,,N1,N1,,,N1,4,,,1,,,,,,,,1,,,1,,,,,,,,24,,,Y,N1,E2500019,13,,,,,,,,,,,,,,,,,,,,,,,,,,,,,,,,,,,,,,,,,,,,,,,,,,,,,,,,
2026-10-01 01:30:00,전북특별자치도,A2500010,부안성모병원,20261001012453,063-581-5100,,,,,,,2,,,,,,Y,,Y,N1,N1,Y,10,N1,37,N1,9,N1,Y,,3,N1,10,,,2,,,9,,3,,,1,1,,2,,,,,,,,240,,,Y,N1,A2500010,14,,,,,,,,,,,,,,,,,,,,,,,,,,,,,,,,,,,,,,,,,,,,,,,,,,,,,,,,
2026-10-01 01:30:00,전북특별자치도,E2500021,순창군보건의료원,20261001012501,063-650-5321,,,,,,,1,,,,,,Y,,Y,N1,N1,Y,9,N1,30,N1,,N1,N1,,,N1,9,,,1,,,,,,,,1,,,1,,,,,,,,30,,,Y,N1,E2500021,15,,,,,,,,,,,,,,,,,,,,,,,,,,,,,,,,,,,,,,,,,,,,,,,,,,,,,,,,
2026-10-01 01:30:00,전북특별자치도,E2500022,임실군보건의료원,20261001012501,063-640-3102,,,,,,,1,,,,,,Y,,Y,N1,N1,Y,4,N1,,N1,,N1,N1,,,N1,4,,,1,,,,,,,,1,,,1,,,,,,,,,,,Y,N1,E2500022,16,,,,,,,,,,,,,,,,,,,,,,,,,,,,,,,,,,,,,,,,,,,,,,,,,,,,,,,,
2026-10-01 01:30:00,전북특별자치도,E2500020,장수군보건의료원,20261001012501,063-351-8000,,,,,,,1,,,,,,,,Y,N1,N1,N1,5,N1,21,N1,,N1,N1,,,N1,5,,,1,,,,,,,,,,,1,,,,,,,,22,,,Y,N1,E2500020,17,,,,,,,,,,,,,,,,,,,,,,,,,,,,,,,,,,,,,,,,,,,,,,,,,,,,,,,,
2026-10-01 01:30:00,전북특별자치도,A2501890,의료법인영경의료재단호성전주병원,20261001012409,063-240-8800,,,,,,,1,,,,,,Y,,Y,N1,N1,Y,7,N1,10,N1,,N1,Y,,2,N1,9,,,1,,,,,2,,,1,1,,1,,,,,,,,122,,,Y,N1,A2501890,18,,,,,,,,,,,,,,,,,,,,,,,,,,,,,,,,,,,,,,,,,,,,,,,,,,,,,,,,
2026-10-01 01:30:00,전북특별자치도,A2502742,새강병원,20261001012407,063236-9000,,,0,,3,1,2,0,,0,,,Y,,Y,N1,N1,Y,12,N1,65,N1,16,N1,Y,,5,N1,14,3,1,2,0,,16,,5,0,,1,1,,1,,,,,,,,201,0,,Y,N1,A2502742,19,0,0,0,3,,,0,0,,3,,0,0,,0,,,,,,,0,,,,,,0,,,,,,,0,,0,,,,,,,,,,,,,0,,0,,,,
2026-10-01 01:30:00,전북특별자치도,A2502031,진안군의료원,20261001012502,063-430-7000,,,,,,,2,,,,,,Y,,Y,N1,N1,Y,6,N1,22,N1,,N1,Y,,2,N1,6,,,2,,,,,2,,,1,1,,3,,,,,,,,64,,,Y,N1,A2502031,20,,,,,,,,,,,,,,,,,,,,,,,,,,,,,,,,,,,,,,,,,,,,,,,,,,,,,,,,
2026-10-01 01:30:00,경상북도,A2700007,차의과학대학교부속구미차병원,20261001012505,054-450-9700,Y,Y,0,,5,3,3,5,5,,Y,Y,Y,Y,Y,Y,Y,Y,14,Y,42,Y,0,Y,Y,7,8,N1,20,5,3,3,25,8,18,30,8,,3,3,2,2,21,3,13,2,1,2,1,,301,3,,Y,Y,A2700007,1,,,,,,,,,,,,,,,,,,,,,,,,,,,,,,,,,,,,,,,,,,,,,,,,,,,,,,,,
2026-10-01 01:30:00,경상북도,A2700014,의료법인안동병원,20261001012400,054-840-1004,Y,Y,0,,1,,,2,10,4,Y,Y,Y,Y,Y,Y,Y,Y,3,Y,95,Y,1,Y,Y,10,11,Y,15,3,,,19,10,13,30,11,6,3,6,3,5,67,3,12,14,4,13,1,1,775,1,,Y,Y,A2700014,2,2,2,,0,0,3,20,,20,3,34,2,2,,3,,,,,,,,,,,,,,,,,,,,,,,,,,,,,,2,6,2,6,0,2,40,2,,,,
2026-10-01 01:30:00,경상북도,A2700016,포항성모병원,20261001012352,054-272-0151,Y,Y,,,11,,,6,5,1,Y,Y,Y,Y,Y,Y,Y,Y,17,Y,86,Y,6,Y,Y,,9,Y,20,11,,,15,,16,17,9,1,1,3,2,2,25,1,6,4,2,2,1,3,468,,,Y,Y,A2700016,3,2,,,1,,,,,,1,,2,3,0,3,5,,,,,,,,,,,,,,,,,,,,,,,,,10,13,,,,,,,,,,,,,,
2026-10-01 01:30:00,경상북도,A2700003,동국대학교의과대학경주병원,20261001012503,054-748-9300,Y,Y,,,3,2,5,,,2,Y,,Y,Y,Y,Y,Y,Y,9,N1,79,N1,0,Y,Y,,7,N1,16,3,2,5,,,7,,7,3,1,2,2,2,26,2,6,3,,,,,279,,,Y,Y,A2700003,4,,0,0,3,9,,11,17,,4,20,,,,,,,,,,,,,,,,,,,,,,,,,,,,,,,,,,,,,,,,,,,,,
2026-10-01 01:30:00,경상북도,A2700013,순천향대학교부속구미병원,20261001012120,054-468-9114,,Y,,,4,1,2,1,1,1,Y,,Y,Y,Y,Y,Y,Y,2,N1,37,N1,5,Y,Y,,6,N1,13,4,1,2,2,,31,3,6,1,1,2,2,2,20,,1,2,,,,,263,,,Y,N1,A2700013,5,,,,2,,,,,,2,,,,,,,,,,,,,,,,,,,,,,,,,,,,,,,,,,,,,,,,,,,,,,
2026-10-01 01:30:00,경상북도,A2700012,의료법인덕산의료재단김천제일병원,20261001012124,054-420-9300,,,,,,1,3,0,3,,Y,,Y,Y,Y,Y,Y,Y,16,N1,72,N1,7,N1,Y,,4,Y,16,,1,3,2,,16,3,4,,3,1,1,1,10,,,1,,,,1,276,,,Y,N1,A2700012,6,,,,,,,,,,,,,,,,,,,,,,,,,,,,,,,,,,,,,,,,,,,,,,,,,,,,,,,,
2026-10-01 01:30:00,경상북도,A2700006,의료법인동춘의료재단문경제일병원,20261001012500,054-550-7700,,,,,,1,0,2,1,4,,,Y,,Y,N1,N1,Y,16,N1,65,N1,19,N1,Y,,3,N1,17,,1,2,2,,29,3,3,4,,2,1,,8,,,,,,,,306,,,Y,N1,A2700006,7,,,,1,57,,,,,1,162,,,,,,,,,,,,,,,,,,,,,,,,,,,,,,,,,,,,,,,,,,,,,
2026-10-01 01:30:00,경상북도,A2700004,안동성소병원,20261001012517,054-850-8114,,Y,,,,1,2,0,2,1,Y,,Y,Y,Y,Y,Y,Y,10,N1,134,N1,7,Y,Y,,6,N1,12,,1,2,2,,16,3,6,2,1,2,2,2,21,,4,1,,,,,393,,,Y,N1,A2700004,8,,,,1,21,,,,,3,186,,,,,,,,,,,,,,,,,,,,,,,,,,,,,,,,5,5,,,,,,,,,,,,
2026-10-01 01:30:00,경상북도,A2700002,포항세명기독병원,20261001011919,054-275-0005,,,,,,1,3,1,2,1,,,Y,Y,Y,Y,Y,Y,10,Y,147,Y,12,N1,Y,,14,Y,15,,1,3,2,,52,3,14,6,,6,5,4,25,,,5,1,1,,1,662,,,Y,N1,A2700002,9,,,,0,,,,,,1,,,,,,,,,,,,,,,,,,,,,,,,,,,,,,,,,6,6,,,,,,,,,,,,
2026-10-01 01:30:00,경상북도,A2700019,의)근원의료재단경산중앙병원,20261001012510,053-715-0100,,,,,,,2,,,,,,Y,,Y,N1,N1,Y,8,N1,101,N1,4,N1,Y,,4,N1,10,,,2,,,11,,4,,,1,1,,9,,,,,,,,301,,,Y,N1,A2700019,10,,,,0,44,,,,,2,116,,,,,,,,,,,,,,,,,,,,,,,,,,,,,,,,,,,,,,,,,,,,,
2026-10-01 01:30:00,경상북도,A2700036,의료법인서명의료재단세명종합병원,20261001012330,053-819-8800,,,,,,,2,,,,,,Y,,Y,N1,N1,Y,8,N1,65,N1,4,N1,Y,,4,N1,13,,,2,,,14,,4,,,1,1,,6,,,,,,,,276,,,Y,N1,A2700036,11,,,,,2,,,,,,24,,,,,,,,,,,,,,,,,,,,,,,,,,,,,,,,,,,,,,,,,,,,,
2026-10-01 01:30:00,경상북도,A2700097,계명대학교경주동산병원,20261001012457,054-770-9500,,,,,,,1,,,,,,Y,,Y,N1,N1,Y,9,N1,56,N1,,N1,Y,,2,N1,9,,,1,,,,,2,,,1,1,,1,,,,,,,,88,,,Y,N1,A2700097,12,,,,,,,,,,,,,,,,,,,,,,,,,,,,,,,,,,,,,,,,,,,,,,,,,,,,,,,,
2026-10-01 01:30:00,경상북도,A2700070,의료법인영암의료재단고령영생병원,20261001012501,054-955-2661,,,,,,,1,,,,,,Y,,Y,N1,N1,Y,5,N1,27,N1,,N1,N1,,1,N1,5,,,1,,,,,1,,,1,,,1,,,,,,,,59,,,Y,N1,A2700070,13,,,,,,,,,,,,,,,,,,,,,,,,,,,,,,,,,,,,,,,,,,,,,,,,,,,,,,,,
2026-10-01 01:30:00,경상북도,A2700015,구미강동병원,20261001012753,054-453-7575,,,,9,,1,2,,,,,,Y,Y,Y,Y,N1,Y,4,N1,61,N1,4,N1,Y,,5,N1,7,,1,2,,,12,,5,,,1,1,1,3,,,,,,,,191,,9,Y,N1,A2700015,14,,,,,,,,,,,,,,,,,,,,,,,,,,,,,,,,,,,,,,,,,,,,,,,,,,,,,,,,
2026-10-01 01:30:00,경상북도,A2700018,경상북도김천의료원,20261001012502,054-432-8901,,,,,,1,,,,,,,Y,,Y,N1,N1,Y,13,N1,23,N1,6,N1,Y,,5,N1,17,,1,,,,22,,5,,,1,2,,7,,,,,,,,274,,,Y,N1,A2700018,15,,,,1,,,,,,3,,,,,,,,,,,,,,,,,,,,,,,,,,,,,,,,,,,,,,,,,,,,,,
2026-10-01 01:30:00,경상북도,A2700009,의료법인삼백의료재단상주성모병원,20261001012434,054-532-5001,,,,,,,1,,,,,,Y,,Y,N1,N1,Y,9,N1,23,N1,1,N1,Y,,3,N1,9,,,1,,,10,,3,,,1,1,,1,,,,,,,,172,,,Y,N1,A2700009,16,,,,,,,,,,,,,,,,,,,,,,,,,,,,,,,,,,,,,,,,,,,,,,,,,,,,,,,,
2026-10-01 01:30:00,경상북도,A2700011,상주적십자병원,20261001012458,054-534-3501,,Y,,,,1,,,,,Y,,Y,,Y,N1,Y,Y,9,N1,82,N1,6,Y,Y,,3,N1,9,,1,,,,10,,3,,1,1,1,,6,,2,1,,,,,164,,,Y,N1,A2700011,17,,,,,,,,,,,,,,,,,,,,,,,,,,,,,,,,,,,,,,,,,,,,,,,,,,,,,,,,
2026-10-01 01:30:00,경상북도,A2700001,경상북도안동의료원,20261001012502,054-850-6000,,,,,,,2,,,,,,Y,,Y,N1,N1,Y,6,N1,119,N1,0,N1,Y,,5,N1,6,,,2,,,10,,5,,,2,1,,7,,,,,,,,238,,,Y,N1,A2700001,18,,,,,,,,,,,,,,,,,,,,,,,,,,,,,,,,,,,,,,,,,,,,,,,,,,,,,,,,
2026-10-01 01:30:00,경상북도,A2700031,영주기독병원,20261001012454,054-635-6161,,Y,,,,,1,,,,Y,,Y,,Y,N1,N1,Y,4,N1,6,N1,,Y,N1,,1,N1,4,,,1,,,,,1,,1,1,,,1,,2,,,,,,70,,,Y,N1,A2700031,19,,,,,,,,,,,,,,,,,,,,,,,,,,,,,,,,,,,,,,,,,,,,,,,,,,,,,,,,
2026-10-01 01:30:00,경상북도,A2700020,영주자인병원,20261001012520,054-633-1131,,,,,,,1,,,,,,Y,,Y,N1,N1,Y,4,N1,26,N1,,N1,Y,,,N1,4,,,1,,,,,2,,,1,1,,,,,,,,,,133,,,N1,N1,A2700020,20,,,,,,,,,,,,,,,,,,,,,,,,,,,,,,,,,,,,,,,,,,,,,,,,,,,,,,,,
2026-10-01 01:30:00,경상북도,A2702752,영주적십자병원,20261001012433,054-630-0100,,,,,,1,,,,,,,Y,,Y,N1,Y,Y,7,N1,65,N1,1,N1,Y,,3,N1,10,,1,,,,10,,3,,,1,1,,4,,,1,,,,,140,,,Y,N1,A2702752,21,,,,,,,,,,,,,,,,,,,,,,,,,,,,,,,,,,,,,,,,,,,,,,,,,,,,,,,,
2026-10-01 01:30:00,경상북도,A2700017,영남대학교의과대학부속영천병원,20261001012133,0543389000,,,,,,1,2,,,,,,Y,,Y,N1,N1,Y,10,N1,47,N1,2,N1,Y,,4,N1,10,,1,2,,,10,,4,,,1,1,,1,,,,,,,,190,,,Y,N1,A2700017,22,,,,,,,,,,,,,,,,,,,,,,,,,,,,,,,,,,,,,,,,,,,,,,,,,,,,,,,,
2026-10-01 01:30:00,경상북도,A2700023,의료법인서준의료재단예천권병원,20261001012030,054-654-6611,,Y,,,,1,0,,,0,Y,,Y,,Y,N1,N1,Y,6,N1,75,N1,,Y,Y,,2,N1,6,,1,0,,,,,2,0,1,1,1,,3,,2,,,,,,173,,,Y,N1,A2700023,23,,,,,,,,,,,,,,,,,,,,,,,,,,,,,,,,,,,,,,,,,,,,,,,,,,,,,,,,
2026-10-01 01:30:00,경상북도,E2700553,울릉군보건의료원,20261001012501,054-790-6871,,,,,,,,,,,,,Y,,Y,N1,N1,Y,5,N1,27,N1,,N1,N1,,1,N1,5,,,,,,,,1,,,1,,,1,,,,,,,,27,,,Y,N1,E2700553,24,,,,,,,,,,,,,,,,,,,,,,,,,,,,,,,,,,,,,,,,,,,,,,,,,,,,,,,,
2026-10-01 01:30:00,경상북도,A2700052,울진군의료원,20261001012101,054-785-7000,,,,,,2,,,,2,,,Y,,Y,N1,N1,Y,7,N1,32,N1,,N1,Y,,3,N1,8,,2,,,,,,3,2,,1,1,,1,,,,,,,,97,,,Y,N1,A2700052,25,,,,,,,,,,,,,,,,,,,,,,,,,,,,,,,,,,,,,,,,,,,,,,,,,,,,,,,,
2026-10-01 01:30:00,경상북도,A2700063,의료법인영제의료재단영남제일병원,20261001011241,054-861-9111,,,,,,,1,,,,,,Y,,Y,N1,N1,Y,4,N1,27,N1,,N1,N1,,1,N1,,,,,,,,,,,,,,,,,,,,,,,,,,Y,N1,A2700063,26,,,,,,,,,,,,,,,,,,,,,,,,,,,,,,,,,,,,,,,,,,,,,,,,,,,,,,,,
2026-10-01 01:30:00,경상북도,A2700038,의료법인대남의료재단청도대남병원,20261001012504,054-373-0606,,,,,,,,,,,,,Y,,Y,N1,N1,Y,9,N1,90,N1,,N1,Y,,1,N1,10,,,,,,,,1,,,1,1,,1,,,,,,,,115,,,Y,N1,A2700038,27,,,,,,,,,,,,,,,,,,,,,,,,,,,,,,,,,,,,,,,,,,,,,,,,,,,,,,,,
2026-10-01 01:30:00,경상북도,E2700554,청송군보건의료원,20261001012500,054-870-7100,,,,,,,1,,,,,,,,Y,N1,N1,N1,5,N1,47,N1,,N1,N1,,,N1,6,,,1,,,,,,,,,,,1,,,,,,,,39,,,Y,N1,E2700554,28,,,,,,,,,,,,,,,,,,,,,,,,,,,,,,,,,,,,,,,,,,,,,,,,,,,,,,,,
2026-10-01 01:30:00,경상북도,A2700008,에스포항병원,20261001012406,054-289-9000,Y,,,,,,1,,,,,,Y,Y,Y,Y,Y,Y,5,N1,38,N1,6,N1,Y,,4,N1,6,,,1,,,14,,4,,,2,2,3,9,9,,1,,,,,239,,,Y,Y,A2700008,29,,,,1,,,,,,1,,,,,,,,,,,,,,,,,,,,,,,,,,,,,,,,,,,,,,,,,,,,,,
2026-10-01 01:30:00,경상북도,A2702563,의료법인은성의료재단좋은선린병원,20261001012509,054-245-5000,,,,2,,,2,,,,,,Y,N,Y,N,N1,Y,10,N1,74,N1,0,N1,Y,,4,N,10,,,2,,,17,,4,,,1,1,2,7,,,,,,,14,281,,2,N,N1,A2702563,30,,,,1,,,,,,1,,,,,,,,,,,,,,,,,,,,,,,,,,,,,,,,,,,,,,,,,,,,,,
2026-10-01 01:30:00,경상북도,A2700005,경상북도포항의료원,20261001012501,054-247-0551,,,,,,1,1,,,4,,,Y,,Y,N1,N1,Y,7,N1,44,N1,9,N1,Y,,3,N1,8,,1,1,,,19,,3,7,,1,1,,4,,,,,,,,177,,,Y,N1,A2700005,31,,,,1,7,,,,,1,56,,,,,,,,,,,,,,,,,,,,,,,,,,,,,,,,,,,,,,,,,,,,,
2026-10-01 01:30:00,경상남도,A2800011,양산부산대학교병원,20261001012327,055-360-1000,Y,Y,0,,4,,1,2,9,4,Y,,Y,Y,Y,Y,Y,Y,12,Y,206,Y,,Y,Y,8,25,N1,23,8,,1,16,38,,30,25,4,4,6,5,6,92,24,23,19,12,2,,,766,2,,Y,Y,A2800011,1,2,3,2,0,13,,16,11,,0,33,2,3,0,3,2,,,4,9,1,1,0,0,4,5,1,0,,0,11,2,,10,6,1,1,0,0,4,,,,,,,,,,,,,,,,
2026-10-01 01:30:00,경상남도,A2800001,경상국립대학교병원,20261001012401,055-750-8000,Y,Y,,,3,2,3,3,6,6,Y,,Y,Y,Y,Y,Y,Y,18,Y,172,Y,,Y,Y,6,15,N1,28,3,2,3,14,15,,30,15,7,7,3,3,4,16,9,19,5,4,17,,,652,,,Y,Y,A2800001,2,,2,1,0,14,12,8,9,20,3,26,,,0,,6,2,6,,,,,,,,,,,,,,,,,,,,,,,,,,,2,6,2,6,22,2,40,2,,,,
2026-10-01 01:30:00,경상남도,A2800020,학교법인성균관대학삼성창원병원,20261001012525,055-233-8899,Y,Y,,,8,2,2,3,9,3,Y,,Y,Y,Y,Y,Y,Y,22,Y,106,Y,,Y,Y,15,16,N1,27,8,2,3,19,24,,30,16,5,7,4,3,4,45,8,20,5,3,3,,,645,,,Y,Y,A2800020,3,,1,10,1,,,15,20,,3,,,,1,,1,,,,,,,,,,,,,,,,,,,,,,,,,,,,,,,,,,,,,,,,
2026-10-01 01:30:00,경상남도,A2800010,의료법인환명의료재단 조은금강병원,20261001012353,055-330-0300,,,,,,1,2,,,,,,Y,Y,Y,Y,N1,Y,12,N1,59,N1,5,N1,Y,,4,Y,17,,1,2,,,23,,4,,,1,2,1,7,,,,,,,2,305,,,Y,N1,A2800010,4,,,,0,8,,,,,1,96,,,,,,,,,,,,,,,,,,,,,,,,,,,,,,,,,,,,,,,,,,,,,
2026-10-01 01:30:00,경상남도,A2800006,의료법인숭인의료재단 김해복음병원,20261001012422,055-330-8888,,,,,,1,3,,,,,,Y,Y,Y,Y,Y,Y,13,N1,6,N1,2,N1,Y,,5,N1,16,,1,3,,,18,,5,,,2,3,1,3,,,3,,,,,359,,,Y,N1,A2800006,5,,,,1,,,,,,1,,,,,,,,,,,,,,,,,,,,,,,,,,,,,,,,,,,,,,,,,,,,,,
2026-10-01 01:30:00,경상남도,A2800043,한일병원,20261001012306,055-759-7777,,,,,,1,2,0,2,,,,Y,Y,Y,Y,Y,Y,15,N1,31,N1,5,N1,Y,,4,Y,17,,1,2,2,,13,3,4,,,2,2,1,6,,,1,,,,1,282,,,Y,N1,A2800043,6,,,,1,,,,,,1,,,,,,,,,,,,,,,,,,,,,,,,,,,,,,,,,,,,,,,,,,,,,,
2026-10-01 01:30:00,경상남도,A2800003,제일병원,20261001012441,055-750-7123,,,,,,1,2,2,0,,,Y,Y,Y,Y,Y,N1,Y,17,N1,49,N1,5,N1,Y,,3,Y,17,,1,2,2,,9,3,7,,,2,2,1,4,,,,,,1,1,258,,,Y,N1,A2800003,7,,,,,,,,,,,,,,,,,,,,,,,,,,,,,,,,,,,,,,,,,,,,,,,,,,,,,,,,
2026-10-01 01:30:00,경상남도,A2800017,의료법인합포의료재단에스엠지연세병원,20261001012506,055-243-0100,,,,,,1,2,0,1,,,,Y,Y,Y,Y,Y,Y,16,N1,50,N1,1,N1,Y,,4,N1,17,,1,2,2,,10,3,4,,,1,2,1,7,,,1,,,,,283,,,Y,N1,A2800017,8,,,,1,,,,,,1,,,,,,,,,,,,,,,,,,,,,,,,,,,,,,,,,,,,,,,,,,,,,,
2026-10-01 01:30:00,경상남도,A2803505,창원경상국립대학교병원,20261001012100,055-214-2000,Y,Y,,,,1,1,,,6,Y,,Y,Y,Y,Y,Y,Y,15,Y,133,Y,8,Y,Y,0,13,N1,18,,1,2,,17,34,,13,6,9,3,2,5,52,9,22,6,7,14,,,437,,,Y,Y,A2803505,9,,,,1,9,,,,,2,22,,,,,,,,,,,,,,0,,,,,,,,,,,,,,,0,,,0,0,,,,,,,,,,5,,5
2026-10-01 01:30:00,경상남도,A2800007,창원한마음병원,20261001012410,055-225-0000,Y,Y,,,,1,2,,,0,Y,,Y,Y,Y,Y,Y,Y,8,Y,20,Y,,Y,Y,10,13,Y,21,,1,3,,10,,,13,6,2,4,4,4,29,3,11,6,1,2,,2,688,,,Y,Y,A2800007,10,,2,6,1,,,25,37,,1,,,,,,,,,,,,,,,,,,,,,,,,,,,,,,,,,,,,,,,,,,,,,,
2026-10-01 01:30:00,경상남도,A2800004,창원파티마병원,20261001012107,055-270-1000,Y,Y,,,,1,2,0,2,6,Y,Y,Y,Y,Y,Y,Y,Y,9,N1,88,Y,,Y,Y,1,7,N1,17,,1,2,2,2,,3,7,6,2,4,3,3,16,3,6,3,,4,1,,444,,,Y,Y,A2800004,11,,4,2,1,,,12,13,,2,,,,,,,,,,,,,,,,,,,,,,,,,,,,,,,,,,,,,,,,,,,,,,
2026-10-01 01:30:00,경상남도,A2800008,의료법인 거붕 백병원,20261001012458,055-733-0000,,,,,,,1,,,,,,Y,,Y,N1,N1,Y,7,N1,47,N1,6,N1,Y,,4,N1,9,,,1,,,20,,4,,,2,2,,12,,,,,,,,365,,,Y,N1,A2800008,12,,,,,,,,,,,,,,,,,,,,,,,,,,,,,,,,,,,,,,,,,,,,,,,,,,,,,,,,
2026-10-01 01:30:00,경상남도,A2800005,의료법인 대우의료재단대우병원,20261001012536,055-680-8114,,,,,,,1,,,,,,Y,,Y,N1,N1,Y,9,N1,52,N1,1,N1,Y,,4,N1,9,,,1,,,10,,4,,,2,1,,5,,,,,,,,231,,,Y,N1,A2800005,13,,,,,,,,,,,,,,,,,,,,,,,,,,,,,,,,,,,,,,,,,,,,,,,,,,,,,,,,
2026-10-01 01:30:00,경상남도,A2800022,의료법인 성념의료재단맑은샘병원,20261001011913,055-731-1240,,,,,,,1,,,,,,Y,,Y,N1,N1,Y,8,N1,20,N1,,N1,Y,,2,N1,9,,,1,,,,,2,,,1,1,,4,,,,,,,,200,,,Y,N1,A2800022,14,,,,,,,,,,,,,,,,,,,,,,,,,,,,,,,,,,,,,,,,,,,,,,,,,,,,,,,,
2026-10-01 01:30:00,경상남도,A2800076,거창적십자병원,20261001012427,0559443251,,Y,,,,,1,,,,Y,,Y,,Y,N1,N1,Y,8,N1,33,N1,,Y,Y,,2,N1,9,,,1,,,,,2,,1,1,1,,2,,2,,,,,,91,,,Y,N1,A2800076,15,,,,,,,,,,,,,,,,,,,,,,,,,,,,,,,,,,,,,,,,,,,,,,,,,,,,,,,,
2026-10-01 01:30:00,경상남도,A2800032,강병원,20261001012118,055-673-0101,,,,,,,1,,,,,,Y,,Y,N1,N1,Y,9,N1,39,N1,,N1,Y,,1,N1,9,,,1,,,,,1,,,1,1,,1,,,,,,,,99,,,Y,N1,A2800032,16,,,,,,,,,,,,,,,,,,,,,,,,,,,,,,,,,,,,,,,,,,,,,,,,,,,,,,,,
2026-10-01 01:30:00,경상남도,A2800014,의료법인갑을의료재단 갑을장유병원,20261001012504,055-310-6000,,,,,,1,,,,,,,Y,,Y,N1,N1,Y,9,N1,48,N1,,N1,Y,,4,N1,9,,1,,,,,,4,,,1,1,,1,,,,,,,,210,,,Y,N1,A2800014,17,,,,,,,,,,,,,,,,,,,,,,,,,,,,,,,,,,,,,,,,,,,,,,,,,,,,,,,,
2026-10-01 01:30:00,경상남도,A2800094,의료법인 이도의료재단 남해병원,20261001012104,055-863-2201,N,N,,,,1,1,,,,N,N,Y,N,Y,N,N,Y,8,N,81,N,,N,Y,,2,N,,,,,,,,,,,,,,,,,,,,,,,,,,N,N,A2800094,18,,,,,,,,,,,,,,,,,,,,,,,,,,,,,,,,,,,,,,,,,,,,,,,,,,,,,,,,
2026-10-01 01:30:00,경상남도,A2800113,밀양병원,20261001012315,055-351-3993,,,,,,,1,,,,,,Y,,Y,N1,N1,Y,9,N1,17,N1,,N1,Y,,0,N1,9,,,1,,,,,0,,,1,1,,1,,,,,,,,200,,,Y,N1,A2800113,19,,,,,,,,,,,,,,,,,,,,,,,,,,,,,,,,,,,,,,,,,,,,,,,,,,,,,,,,
2026-10-01 01:30:00,경상남도,A2800068,의료법인승연의료재단 삼천포서울병원,20261001011621,055-835-9900,,,,,,,1,,,,,,Y,Y,Y,Y,N1,Y,9,N1,60,N1,,N1,Y,,3,Y,9,,,1,,,,,3,,,1,2,1,4,,,,,,,1,287,,,Y,N1,A2800068,20,,,,,,,,,,,,,,,,,,,,,,,,,,,,,,,,,,,,,,,,,,,,,,,,,,,,,,,,
2026-10-01 01:30:00,경상남도,A2800101,삼천포제일병원,20261001012512,055-833-4400,,,,,,,2,,,,,,Y,,Y,N1,N1,Y,8,N1,61,N1,,N1,Y,,2,N,8,,,2,,,,,2,,,1,1,,1,,,,,,,1,214,,,Y,N1,A2800101,21,,,,,,,,,,,,,,,,,,,,,,,,,,,,,,,,,,,,,,,,,,,,,,,,,,,,,,,,
2026-10-01 01:30:00,경상남도,E2800380,산청군보건의료원,20261001012501,055-970-7500,,,,,,,1,,,,,,,,Y,N1,N1,N1,5,N1,20,N1,,N1,N1,,,N1,5,,,1,,,,,,,,,,,1,,,,,,,,20,,,Y,N1,E2800380,22,,,,,,,,,,,,,,,,,,,,,,,,,,,,,,,,,,,,,,,,,,,,,,,,,,,,,,,,
2026-10-01 01:30:00,경상남도,A2804593,양산성모병원,20261001012510,1600-7582,,,,,,1,,,,,,,Y,,Y,N1,N1,Y,13,N1,141,N1,6,N1,Y,,4,N1,13,,1,,,,6,,4,,,1,2,,1,,,,,,,,214,,,Y,N1,A2804593,23,,,,,,,,,,,,,,,,,,,,,,,,,,,,,,,,,,,,,,,,,,,,,,,,,,,,,,,,
2026-10-01 01:30:00,경상남도,A2800019,베데스다복음병원,20261001012401,055-384-9901,,,,,,,1,,,,,,Y,,Y,N1,N1,Y,9,N1,55,N1,,N1,Y,,3,N1,9,,,1,,,,,3,,,1,1,,1,,,,,,,,133,,,Y,N1,A2800019,24,,,,,,,,,,,,,,,,,,,,,,,,,,,,,,,,,,,,,,,,,,,,,,,,,,,,,,,,
2026-10-01 01:30:00,경상남도,A2800090,의령병원,20261001012437,055-573-4100,,,,,,,1,,,,,,Y,,Y,N1,N1,Y,3,N1,38,N1,,N1,N1,,,N1,4,,,1,,,,,,,,1,,,1,,,,,,,,58,,,Y,N1,A2800090,25,,,,,,,,,,,,,,,,,,,,,,,,,,,,,,,,,,,,,,,,,,,,,,,,,,,,,,,,
2026-10-01 01:30:00,경상남도,A2800084,반도병원,20261001012002,0557476000,,,,,,,1,,,,,,Y,,Y,N1,N1,Y,7,N1,70,N1,,N1,Y,,3,N1,7,,,1,,,,,3,,,1,1,,3,,,,,,,,165,,,Y,N1,A2800084,26,,,,,,,,,,,,,,,,,,,,,,,,,,,,,,,,,,,,,,,,,,,,,,,,,,,,,,,,
2026-10-01 01:30:00,경상남도,A2800015,의료법인 문병욱의료재단 진주고려병원,20261001012234,055-751-2500,,,,,,,1,,,,,,Y,Y,Y,Y,N1,Y,8,N1,103,N1,1,N1,Y,,4,Y,9,,,1,,,9,,4,,,2,2,1,4,,,,,,,1,229,,,Y,N1,A2800015,27,,,,,,,,,,,,,,,,,,,,,,,,,,,,,,,,,,,,,,,,,,,,,,,,,,,,,,,,
2026-10-01 01:30:00,경상남도,A2800037,진주복음병원,20261001012535,055-749-7110,,,,,,,1,,,,,,Y,,Y,N1,N1,Y,9,N1,40,N1,,N1,N,,3,N1,9,,,1,,,,,3,,,1,1,,1,,,,,,,,131,,,N,N1,A2800037,28,,,,,,,,,,,,,,,,,,,,,,,,,,,,,,,,,,,,,,,,,,,,,,,,,,,,,,,,
2026-10-01 01:30:00,경상남도,A2800062,태황의료재단한성병원,20261001012444,0555305000,,,,,,,1,,,,,,,,Y,N1,N1,N1,9,N1,81,N1,,N1,N1,,,N1,9,,,1,,,,,,,,,,,,,,,,,,,167,,,N1,N1,A2800062,29,,,,,,,,,,,,,,,,,,,,,,,,,,,,,,,,,,,,,,,,,,,,,,,,,,,,,,,,
2026-10-01 01:30:00,경상남도,A2800025,경상남도마산의료원,20261001012501,055-249-1000,,,,,,1,1,,,20,,,Y,,Y,N1,Y,Y,13,N1,85,N1,4,N1,Y,,5,N1,13,,1,1,,,6,,5,27,,1,1,,17,,,2,,,,,263,,,Y,N1,A2800025,30,,,,2,,,,,,2,,,,,,,,,,,,,,,,,,,,,,,,,,,,,,,,,,,,,,,,,,,,,,
2026-10-01 01:30:00,경상남도,A2800009,의료법인청아의료재단청아병원,20261001012522,055-230-1500,,,,,,,1,,,,,,Y,,Y,N1,N1,Y,3,N1,83,N1,,N1,Y,,4,N1,9,,,1,,,,,4,,,2,2,,4,,,,,,,,274,,,Y,N1,A2800009,31,,,,,,,,,,,,,,,,,,,,,,,,,,,,,,,,,,,,,,,,,,,,,,,,,,,,,,,,
2026-10-01 01:30:00,경상남도,A2800021,연세에스병원,20261001012243,055-548-7700,,,,,,,1,,,,,,Y,Y,Y,Y,N1,Y,8,N1,91,N1,7,N1,Y,,3,N1,9,,,1,,,10,,3,,,2,2,1,5,,,,,,,,255,,,Y,N1,A2800021,32,,,,,,,,,,,,,,,,,,,,,,,,,,,,,,,,,,,,,,,,,,,,,,,,,,,,,,,,
2026-10-01 01:30:00,경상남도,A2800092,새통영병원,20261001012508,055-646-6000,,,,,,,1,,,,,,Y,,Y,N1,N1,Y,6,N1,75,N1,,N1,Y,,3,N1,9,,,1,,,,,3,,,1,2,,3,,,,,,,,256,,,Y,N1,A2800092,33,,,,,,,,,,,,,,,,,,,,,,,,,,,,,,,,,,,,,,,,,,,,,,,,,,,,,,,,
2026-10-01 01:30:00,경상남도,A2800080,함양성심병원,20261001012204,055-963-4322,,,,,,,1,,,,,,Y,,Y,N1,N1,Y,3,N1,28,N1,,N1,Y,,2,N1,4,,,1,,,,,2,,,1,1,,1,,,,,,,,121,,,Y,N1,A2800080,34,,,,,,,,,,,,,,,,,,,,,,,,,,,,,,,,,,,,,,,,,,,,,,,,,,,,,,,,
2026-10-01 01:30:00,경상남도,A2800055,삼성합천병원,20261001012501,055-933-2200,,,,,,,1,,,,,,Y,,Y,N1,N1,Y,4,N1,23,N1,,N1,Y,,2,N1,4,,,1,,,,,2,,,1,1,,1,,,,,,,,141,,,Y,N1,A2800055,35,,,,,,,,,,,,,,,,,,,,,,,,,,,,,,,,,,,,,,,,,,,,,,,,,,,,,,,,
2026-10-01 01:30:00,제주특별자치도,A2900001,제주한라병원,20261001012251,064740-5000,Y,Y,1,,3,2,3,4,14,,Y,,Y,Y,Y,Y,Y,Y,10,Y,109,Y,4,Y,Y,3,6,N1,15,3,2,3,14,7,15,30,6,,2,3,2,3,46,3,8,9,4,2,,,414,4,,Y,Y,A2900001,1,,,,,,11,,,20,,,,,1,,2,,,,,,,,,,,,,,,,,,,,,,,,,,,,,1,6,2,6,9,2,40,2,2,,4,
2026-10-01 01:30:00,제주특별자치도,A2900002,제주특별자치도서귀포의료원,20261001012403,064-730-3000,,Y,,,4,1,4,2,3,,Y,,Y,Y,Y,Y,Y,Y,13,N1,146,N1,7,Y,Y,,4,Y,16,4,1,4,2,,17,3,4,,1,2,1,1,16,,4,3,,,,1,326,,,Y,N1,A2900002,2,,,,3,1,,,,,3,26,,,,,,,,,,,,,,,,,,,,,,,,,,,,,,,,,,,,,,,,,,,,,
2026-10-01 01:30:00,제주특별자치도,A2900007,제주대학교병원,20261001012500,064-717-1114,Y,Y,,,,1,0,,,1,Y,,Y,Y,Y,Y,Y,Y,5,Y,94,Y,,Y,Y,12,12,N1,20,,1,5,,16,,,12,9,3,2,2,4,45,8,17,10,5,3,,,458,,,Y,Y,A2900007,3,,3,2,,0,,12,12,,,20,,,,,,4,6,,,,,,,,3,,,,,3,,,,,,,,,,,,,,,,,,,,,,,,,
2026-10-01 01:30:00,제주특별자치도,A2900005,한마음병원,20261001012207,064-750-9000,,,,,,0,1,0,0,,,,Y,Y,Y,Y,Y,Y,7,N1,48,N1,5,N1,Y,,4,N1,17,,1,2,2,,10,3,4,,,1,1,1,6,,,2,,,,,213,,,Y,N1,A2900005,4,,,,,,,,,,,,,,,,,,,,,,,,,,,,,,,,,,,,,,,,,,,,,,,,,,,,,,,,
2026-10-01 01:30:00,제주특별자치도,A2900006,의료법인중앙의료재단중앙병원,20261001012503,064-786-7000,,,,,1,1,1,2,3,,,,Y,Y,Y,Y,Y,Y,10,Y,97,N1,8,N1,Y,,3,N1,16,1,1,2,2,,14,3,3,,,1,1,2,10,,,2,1,,,,278,,,Y,N1,A2900006,5,,,,1,,,,,,1,,,,,,,,,,,,,,,,,,,,,,,,,,,,,,,,,,,,,,,,,,,,,,
2026-10-01 01:30:00,제주특별자치도,A2900003,의료법인 혜인의료재단 한국병원,20261001012333,064-750-0000,,,,,,,0,,,,,,Y,,Y,N1,N1,Y,5,N1,44,N1,2,N1,Y,,3,N1,9,,,1,,,10,,3,,,1,1,,6,,,,,,,,209,,,Y,N1,A2900003,6,,,,,,,,,,,,,,,,,,,,,,,,,,,,,,,,,,,,,,,,,,,,,,,,,,,,,,,,
2026-10-01 02:00:00,서울특별시,A1100043,강동경희대학교병원,20261001015517,02-440-7114,Y,Y,1,2,3,2,2,2,3,0,Y,N,Y,Y,Y,Y,Y,Y,10,Y,128,Y,3,Y,Y,10,17,N,15,3,2,3,19,17,27,30,17,1,8,2,2,3,32,9,13,4,1,1,0,0,625,3,2,Y,Y,A1100043,1,,,,,,,,,,,,,,,,,,,,,,,,,,,,,,,,,,,,,,,,,,,,,,,,,,,,,,,,
2026-10-01 02:00:00,서울특별시,A1100014,고려대학교의과대학부속구로병원,20261001015200,02-2626-1114,Y,Y,,,1,,,2,2,3,Y,,Y,Y,Y,Y,Y,Y,4,Y,42,Y,7,Y,Y,1,24,N1,29,3,,,20,23,35,30,24,4,2,6,4,4,98,11,35,15,10,3,,,778,,,Y,Y,A1100014,2,3,1,0,1,3,0,20,4,6,10,18,5,,,,,,,,,,,,,,,,,,,,,,,,,,,,,,,,,,,,,,,,,,,,
2026-10-01 02:00:00,서울특별시,A1100013,한양대학교병원,20261001015259,02-2290-8114,Y,Y,1,,2,,,5,5,0,Y,,Y,Y,Y,Y,Y,Y,9,Y,106,Y,0,Y,Y,0,16,Y,20,3,,,22,14,0,30,16,2,1,3,2,3,69,10,23,13,6,3,,1,670,2,,Y,Y,A1100013,3,4,0,,0,4,,12,,,2,16,4,3,1,8,5,,,,,,,,,,,,,,,,,,,,,,,,,,,,,,,,,,,,,,,,
2026-10-01 02:00:00,서울특별시,A1100008,학교법인 고려중앙학원 고려대학교의과대학부속병원(안암병원),20261001015233,1577-0083,Y,Y,0,,4,,,1,0,0,Y,,Y,Y,Y,Y,Y,Y,11,Y,27,Y,,Y,Y,-3,24,Y,30,4,,,15,17,,31,25,3,4,7,6,8,84,14,20,11,8,7,,1,777,6,,Y,Y,A1100008,4,2,1,2,0,2,,16,19,,6,10,2,6,,7,,3,9,,,,,,,,,,,,,,,,,,,,,,,,,,,,,,,,,,,,,,
2026-10-01 02:00:00,서울특별시,A1100005,이화여자대학교의과대학부속목동병원,20261001015052,02-2650-5114,Y,Y,0,,8,2,3,2,3,1,Y,,Y,Y,Y,Y,Y,Y,16,Y,31,Y,,Y,Y,7,13,Y,19,8,2,4,19,28,,32,13,9,2,4,4,4,58,10,34,9,3,5,,1,526,1,,Y,Y,A1100005,5,,0,3,0,6,,10,13,,4,10,,,0,,1,,,3,14,,,,,,,,,,,,,,,,,,,,,,,,,,,,,,,,,,,,
2026-10-01 02:00:00,서울특별시,A1100017,서울대학교병원,20261001015514,02-1588-5700,Y,Y,0,,7,1,3,4,18,5,Y,Y,Y,Y,Y,Y,Y,Y,-4,Y,48,Y,,Y,Y,6,53,N1,24,10,2,4,17,40,,30,53,7,4,13,13,14,160,19,46,22,9,3,1,,1365,2,,Y,Y,A1100017,6,,2,3,10,7,,10,18,,28,41,,,0,,1,0,6,1,5,1,1,0,0,3,5,1,5,2,3,22,2,10,10,6,1,1,0,0,8,,,,,,,,,,,,,,,,
2026-10-01 02:00:00,서울특별시,A1100035,서울특별시서울의료원,20261001015500,02-2276-7000,Y,Y,2,,3,2,3,1,7,3,Y,Y,Y,Y,Y,Y,Y,Y,5,Y,98,Y,0,Y,Y,3,10,Y,19,3,2,3,14,3,5,28,10,3,4,5,3,5,65,5,12,7,2,4,1,2,461,2,,Y,Y,A1100035,7,,1,,,16,,7,,,,30,,,1,,4,,,2,6,,,,,,,,,,,,,,,,,,,,,0,2,,,,,,,,,,,,,,
2026-10-01 02:00:00,서울특별시,A1100015,연세대학교의과대학강남세브란스병원,20261001015145,02-2019-3114,Y,Y,,,2,1,2,,,4,Y,,Y,Y,Y,Y,Y,Y,9,Y,84,Y,12,Y,Y,1,23,N1,21,2,1,2,,28,29,,23,5,1,4,3,6,47,10,23,6,3,5,,,691,,,Y,Y,A1100015,8,,,,,,,,,,,,,,,,,5,8,3,12,,,,,,,,,,,,,,,,,,,,,,,,,,,,,,,,,,,,
2026-10-01 02:00:00,서울특별시,A1100010,삼성서울병원,20261001015353,02-3410-2114,Y,Y,,,1,1,2,,,3,Y,,Y,Y,Y,Y,Y,Y,-34,Y,105,Y,,Y,Y,6,46,N1,52,4,2,2,,59,,,46,8,6,19,16,15,117,22,43,21,11,2,,,1528,,,Y,Y,A1100010,9,,4,9,,3,,28,23,,,27,,,,,,2,12,1,12,,,,,,2,,,,12,14,,,36,,,,,,,,,,,,,,,,,,,,,,
2026-10-01 02:00:00,서울특별시,A1100028,성심의료재단강동성심병원,20261001015045,02-2224-2114,Y,Y,,,,1,5,,,0,Y,,Y,Y,Y,Y,Y,Y,9,Y,98,Y,0,Y,Y,2,13,N1,15,,1,6,,3,19,,13,2,1,4,2,5,35,3,3,8,3,1,,,566,,,Y,Y,A1100028,10,,1,,2,,,18,,,5,,,,,,,,,,,,,,,,,,,,,,,,,,,,,,,,,2,2,,,,,,,,,,,,
2026-10-01 02:00:00,서울특별시,A1100053,한국보훈복지의료공단 중앙보훈병원,20261001015118,02-2225-1111,,,,,,1,2,1,0,1,N,,Y,Y,Y,Y,Y,Y,16,Y,135,N1,,N1,Y,,13,N1,22,,1,2,2,,,3,13,7,1,3,4,4,38,,,10,1,,,,820,,,Y,N1,A1100053,11,,6,7,1,39,,14,14,,1,60,,,,,,0,10,1,13,,,,,,,,,,,,,,,,,,,,,,,,,,,,,,,,,,,,
2026-10-01 02:00:00,서울특별시,A1120796,이화여자대학교의과대학부속서울병원,20261001015100,1522-7000,Y,Y,,,5,2,5,,,0,Y,,Y,Y,Y,Y,Y,Y,4,Y,115,Y,0,Y,Y,3,19,N1,14,9,2,6,,24,11,,19,4,2,5,5,8,71,9,22,12,4,5,,,736,,,Y,Y,A1120796,12,,1,2,1,,,10,17,,7,,,,,,,1,11,1,17,,,,,,,,,,3,,,,19,,,,,,,,,,,,,,,,,,,,,,
2026-10-01 02:00:00,서울특별시,A1100041,의료법인서울효천의료재단 에이치플러스양지병원,20261001015510,02-1877-8875,,,,,,1,2,,,1,,,Y,Y,Y,Y,Y,Y,9,Y,12,Y,1,N1,Y,,7,N1,18,,1,2,,,27,,7,3,,2,3,3,23,,,5,1,1,,,293,,,Y,N1,A1100041,13,,,,0,,,,,,1,,,,,,,,,,,,,,,,,,,,,,,,,,,,,,,,,,,,,,,,,,,,,,
2026-10-01 02:00:00,서울특별시,A1100002,건국대학교병원,20261001015249,1588-1533,Y,Y,,,4,1,2,,,3,Y,,Y,Y,Y,Y,Y,Y,14,Y,62,Y,,Y,Y,1,21,N1,20,4,1,2,,16,,,21,3,2,4,4,5,45,7,18,7,3,14,,,678,,,Y,Y,A1100002,14,,10,2,1,7,,24,25,,1,14,,,,,,,,,,,,,,,,,,,,,,,,,,,,,,,,,,,,,,,,,,,,,
2026-10-01 02:00:00,서울특별시,A1100016,인제대학교상계백병원,20261001015147,02-950-1114,Y,Y,,,,1,2,,,0,Y,,Y,Y,Y,Y,Y,Y,7,Y,33,Y,,Y,Y,2,13,N1,16,,1,2,,15,,,13,2,2,3,2,3,36,10,25,10,3,1,,,390,,,Y,Y,A1100016,15,,2,0,2,1,,19,18,,4,5,,,,,,,,,,,,,,,,,,,,,,,,,,,,,,,,3,4,,,,,,,,,,,,
2026-10-01 02:00:00,서울특별시,A1100048,노원을지대학교병원,20261001015103,02-970-8000,Y,Y,,,,1,4,,,0,Y,,Y,Y,Y,Y,Y,Y,9,Y,197,N1,,Y,Y,0,11,N1,17,,1,4,,10,,,11,1,3,2,2,2,26,8,19,3,1,,,,479,,,Y,Y,A1100048,16,,-1,0,2,3,,16,16,,2,21,,,,,,,,,,,,,,,,,,,,,,,,,,,,,,,,,,0,0,0,0,,,,,,,,
2026-10-01 02:00:00,서울특별시,A1100020,의료법인한전의료재단 한일병원,20261001015503,02-901-3114,N,N,,,2,2,2,1,2,2,,Y,Y,Y,Y,Y,Y,Y,19,N1,65,Y,6,N,Y,,8,N,21,2,2,2,2,,21,3,8,5,,2,1,2,25,1,4,2,,4,2,2,389,,,Y,N,A1100020,17,,,,0,,,,,,1,,,,,,,,,,,,,,,,,,,,,,,,,,,,,,,,,,,,,,,,,,,,,,
2026-10-01 02:00:00,서울특별시,A1100001,경희대학교병원,20261001015519,02-958-8114,Y,Y,,,2,2,3,,,8,Y,,Y,Y,Y,Y,Y,Y,9,Y,134,Y,22,Y,Y,9,16,N1,15,3,2,3,,26,65,,16,10,3,3,3,5,48,6,12,8,3,2,,,653,,,Y,Y,A1100001,18,,,,,4,,,,,,20,,,,,,,,2,15,,,,,,,,,,,,,,,,,,,,,,,,,,,,,,,,,,,,
2026-10-01 02:00:00,서울특별시,A1100021,삼육서울병원,20261001015231,02-2244-0191,,N,,,,1,1,0,2,3,Y,,Y,Y,Y,Y,Y,Y,6,Y,88,Y,3,N,Y,4,5,Y,13,,1,2,2,4,15,3,5,4,2,1,1,2,20,,4,5,2,1,,1,389,,,Y,N1,A1100021,19,,,,0,,,,,,1,,,,,,,,,,,,,,,,,,,,,,,,,,,,,,,,,1,4,,,,,,,,,,,,
2026-10-01 02:00:00,서울특별시,A1100040,서울특별시보라매병원,20261001015500,02-870-2114,Y,Y,,,3,2,1,,,3,Y,,Y,Y,Y,Y,Y,Y,17,Y,129,Y,,Y,Y,1,14,N1,31,3,2,1,,14,,,14,3,4,6,3,5,48,14,13,5,9,2,,,695,,,Y,Y,A1100040,20,,3,6,1,5,,15,16,,4,14,,,,,,1,4,,,,,,,,,,,,,,,,,,,,,,,,,,,,,,,,,,,,,,
2026-10-01 02:00:00,서울특별시,A1100003,중앙대학교병원,20261001015508,1800-1114,Y,Y,0,,4,2,3,1,,0,Y,,Y,Y,Y,Y,Y,Y,12,Y,126,Y,,Y,Y,0,16,N1,22,4,2,3,12,25,,,16,2,2,4,3,4,51,9,21,13,6,12,,,629,1,,Y,Y,A1100003,21,0,1,2,0,1,,12,17,,11,2,0,0,,0,,,,,,,,,,3,,,,,,,,,,,,,,,4,,,,,,,,,,,,,,,,
2026-10-01 02:00:00,서울특별시,A1100007,연세대학교의과대학세브란스병원,20261001015404,02-2228-0114,Y,Y,,,7,1,1,,,1,Y,Y,Y,Y,Y,Y,Y,Y,-1,Y,193,Y,5,Y,Y,14,3,N1,39,8,1,3,,52,18,,3,30,8,16,16,17,206,55,61,21,16,21,1,,1872,,,Y,Y,A1100007,22,,4,8,2,6,,29,24,,5,20,,,,,,7,23,9,29,1,1,,,,7,0,2,2,7,22,2,10,17,6,1,1,,,,,,,,,,,,,,,,,,,
2026-10-01 02:00:00,서울특별시,A1100012,학교법인가톨릭학원가톨릭대학교서울성모병원,20261001015511,0215881511,Y,Y,,,5,,,1,1,0,Y,,Y,Y,Y,Y,Y,Y,0,Y,48,Y,0,Y,Y,13,32,N1,28,7,,,2,50,5,6,32,10,2,9,10,8,80,40,39,11,9,4,,,1053,,,Y,Y,A1100012,23,1,3,9,10,11,,22,20,,18,35,1,3,,5,,0,10,5,19,1,1,,,,0,1,0,,2,3,2,,8,6,1,1,,,,,,,,,,,,,,,,,,,
2026-10-01 02:00:00,서울특별시,A1100009,재단법인아산사회복지재단 서울아산병원,20261001015215,02-3010-3114,Y,Y,1,,6,1,0,1,1,1,Y,,Y,Y,Y,Y,Y,Y,-3,Y,135,Y,3,Y,Y,21,3,Y,36,11,1,22,2,61,12,4,4,8,8,21,15,17,190,33,49,30,14,5,,1,2121,1,,Y,Y,A1100009,24,,0,5,7,9,,24,37,,47,28,,,1,,6,1,12,1,12,2,1,,,,2,0,0,4,5,26,2,13,12,6,2,1,,,,,,,,,,,,,,,,,,,
2026-10-01 02:00:00,서울특별시,A1100011,가톨릭대학교여의도성모병원,20261001015510,02-1661-7575,,,,,,1,4,2,,0,Y,,Y,Y,Y,Y,Y,Y,7,Y,9,Y,,N1,Y,,13,N1,15,,1,4,2,,,,13,1,2,2,2,2,23,,,5,1,2,,,330,,,Y,N1,A1100011,25,,-2,-1,1,,,10,8,,1,,,,,,,,,0,9,,,,,,,,,,,,,,,,,,,,,,,,,,,,,,,,,,,,
2026-10-01 02:00:00,서울특별시,A1100055,한림대학교 강남성심병원,20261001015107,02-829-5114,Y,Y,,,3,3,2,0,1,,Y,,Y,Y,Y,Y,Y,Y,16,Y,116,Y,,Y,Y,3,14,N1,20,3,3,2,2,12,,3,14,,3,3,3,3,54,21,22,13,3,2,,,493,,,Y,Y,A1100055,26,,1,7,3,,,21,23,,7,,,,,,,4,10,,,,,,,,,,,,,,,,,,,,,,,,,,,,,,,,,,,,,,
2026-10-01 02:00:00,서울특별시,A1100054,성애의료재단성애병원,20261001015359,02-840-7114,Y,Y,,,,1,4,,,,Y,,Y,Y,Y,Y,Y,Y,11,N1,23,N1,1,Y,Y,4,5,N1,15,,1,4,,4,19,,5,,2,2,2,1,8,5,14,2,,,,,252,,,Y,Y,A1100054,27,,,,0,,,,,,1,,,,,,,,,,,,,,,,,,,,,,,,,,,,,,,,,,,,,,,,,,,,,,
2026-10-01 02:00:00,서울특별시,A1100004,순천향대학교부속서울병원,20261001015423,02-709-9114,Y,Y,,,4,1,2,0,1,0,Y,,Y,Y,Y,Y,Y,Y,14,Y,93,Y,1,Y,Y,-2,13,N1,20,4,1,2,2,13,43,3,14,4,7,3,3,4,51,8,17,14,5,3,,,597,,,Y,Y,A1100004,28,,,,2,5,,,,,10,21,,,,,,,,,,,,,0,0,,,,,,,,,,,,,,0,0,,,0,0,,,,,,,,,,,,
2026-10-01 02:00:00,서울특별시,A1121013,가톨릭대학교은평성모병원,20261001015509,02-1811-7755,Y,Y,,,7,0,2,,,1,Y,,Y,Y,Y,Y,Y,Y,10,Y,105,Y,,Y,Y,3,19,N1,24,8,2,2,,19,,,19,5,1,4,3,5,46,19,22,10,5,20,,,651,,,Y,Y,A1121013,29,,0,0,0,,,16,9,,4,,,,,,,0,12,-1,13,,,,,,,,,,,,,,,,,,,,,,,,,,,,,,,,,,,,
2026-10-01 02:00:00,서울특별시,A1100006,강북삼성병원,20261001015517,02-2001-2001,Y,Y,,,2,1,2,,,1,Y,,Y,Y,Y,Y,Y,Y,5,Y,38,Y,3,Y,Y,-1,16,N1,15,2,1,2,,14,24,,16,2,1,5,4,6,54,13,14,8,4,3,,,543,,,Y,Y,A1100006,30,,,2,2,9,,,4,,5,18,,,,,,,,2,12,,,,,,,,,,2,,,,8,,,,,,,,,,,,,,,,,,,,,,
2026-10-01 02:00:00,서울특별시,A1100052,국립중앙의료원,20261001015505,02-2260-7114,N,Y,,0,3,2,2,1,0,5,Y,,Y,Y,Y,Y,Y,Y,9,Y,0,Y,9,Y,Y,,7,N1,15,3,2,3,6,,13,0,7,7,1,1,1,2,56,1,3,5,5,2,,,202,,0,Y,N,A1100052,31,,,0,2,,0,,0,20,2,,,,,,,,,,,,,0,,0,,,,,,,,,,,,,0,,0,,,5,5,2,6,2,6,0,2,50,2,,,,
2026-10-01 02:00:00,서울특별시,A1100036,부민병원,20261001015044,1577-7582,,Y,,,,1,,,,1,Y,,Y,Y,Y,Y,Y,Y,10,Y,54,N1,3,Y,Y,,8,N1,10,,1,,,,14,,8,3,1,3,3,1,22,,1,2,1,,,,282,,,Y,N1,A1100036,32,,,,0,,,,,,1,,,,,,,,,,,,,,,,,,,,,,,,,,,,,,,,,,,,,,,,,,,,,,
2026-10-01 02:00:00,서울특별시,A1100051,혜민병원,20261001015036,02-2049-9000,,,,,,1,,,,,,,Y,,Y,N1,Y,Y,9,N1,19,N1,8,N1,Y,,5,N1,9,,1,,,,19,,5,,,2,2,,16,,,2,,,,,205,,,Y,N1,A1100051,33,,,,,,,,,,,,,,,,,,,,,,,,,,,,,,,,,,,,,,,,,,,,,,,,,,,,,,,,
2026-10-01 02:00:00,서울특별시,A1100026,구로성심병원,20261001015528,02-2067-1500,,,,,,,1,,,,,,Y,,Y,N1,N1,Y,5,N1,35,N1,4,N1,Y,,3,N1,9,,,1,,,11,,3,,,1,1,,5,,,,,,,,191,,,Y,N1,A1100026,34,,,,,,,,,,,,,,,,,,,,,,,,,,,,,,,,,,,,,,,,,,,,,,,,,,,,,,,,
2026-10-01 02:00:00,서울특별시,A1100049,희명병원,20261001015415,02-804-0002,,,,,,,1,,,,,,Y,,Y,N1,Y,Y,9,Y,112,N1,8,N1,Y,,4,N1,10,,,1,,,19,,4,,,1,1,,9,,,1,1,,,,228,,,Y,N1,A1100049,35,,,,,,,,,,,,,,,,,,,,,,,,,,,,,,,,,,,,,,,,,,,,,,,,,,,,,,,,
2026-10-01 02:00:00,서울특별시,A1100027,한국원자력의학원원자력병원,20261001015259,02-970-2114,,Y,,,,1,1,,,0,Y,,Y,Y,Y,Y,Y,Y,8,N1,133,N1,6,Y,Y,,10,N1,9,,1,1,,,10,,10,1,1,4,2,1,16,,2,1,,,,,444,,,Y,N1,A1100027,36,,,,1,,,,,,1,,,,,,,,,,,,,,,,,,,,,,,,,,,,,,,,,1,1,,,,,,,,,,,,
2026-10-01 02:00:00,서울특별시,A1100022,서울특별시동부병원,20261001015520,02-920-9114,,Y,,,,1,1,,,,Y,,Y,,Y,N1,Y,Y,7,N1,34,N1,4,Y,Y,,3,N1,8,,1,1,,,8,,3,,1,1,1,,7,,1,1,,,,,195,,,Y,N1,A1100022,37,,,,0,,,,,,1,,,,,,,,,,,,,,,,,,,,,,,,,,,,,,,,,,,,,,,,,,,,,,
2026-10-01 02:00:00,서울특별시,A1100050,서울성심병원,20261001015507,02-966-1616,,,,,,1,2,,,,,,Y,,Y,N1,N1,Y,17,N1,73,N1,5,N1,Y,,6,N1,17,,1,2,,,10,,6,,,1,1,,11,,,,,,,,208,,,Y,N1,A1100050,38,,,,,,,,,,,,,,,,,,,,,,,,,,,,,,,,,,,,,,,,,,,,,,,,,,,,,,,,
2026-10-01 02:00:00,서울특별시,A1100025,의료법인동신의료재단동신병원,20261001015423,02-396-9161,,,,,,,1,,,,,,Y,,Y,N1,N1,Y,9,N1,41,N1,2,N1,Y,,3,N1,9,,,1,,,9,,3,,,1,1,,7,,,,,,,,196,,,Y,N1,A1100025,39,,,,,,,,,,,,,,,,,,,,,,,,,,,,,,,,,,,,,,,,,,,,,,,,,,,,,,,,
2026-10-01 02:00:00,서울특별시,A1122033,기쁨병원,20261001015518,02-570-1234,,,,,,,1,,,,,,Y,Y,Y,Y,N1,Y,3,N1,59,N1,,N1,Y,,8,N1,4,,,1,,,,,8,,,1,1,1,1,,,,,,,,110,,,Y,N1,A1122033,40,,,,,,,,,,,,,,,,,,,,,,,,,,,,,,,,,,,,,,,,,,,,,,,,,,,,,,,,
2026-10-01 02:00:00,서울특별시,A1100019,홍익병원,20261001015305,02-2693-5555,,,,,,,0,,,0,,,Y,Y,Y,Y,N,Y,7,N1,73,N1,8,N1,Y,,4,N1,9,,,1,,,14,,4,1,,4,2,2,7,,,1,,,,,251,,,Y,N1,A1100019,41,,,,1,,,,,,1,,,,,,,,,,,,,,,,,,,,,,,,,,,,,,,,,,,,,,,,,,,,,,
2026-10-01 02:00:00,서울특별시,A1100223,서울특별시서남병원,20261001015000,1566-6688,,,,0,,1,2,1,0,4,,,Y,,Y,N1,Y,Y,14,Y,25,Y,9,N1,Y,,4,N1,17,,1,2,2,,17,3,4,4,,2,1,,16,,,1,1,1,,,275,,0,Y,N1,A1100223,42,,,,0,,,,,,1,,,,,,,,,,,,,,,,,,,,,,,,,,,,,,,,,,,,,,,,,,,,,,
2026-10-01 02:00:00,서울특별시,A1100024,명지성모병원,20261001015513,02-1899-1475,,,,,,1,1,,,,,,Y,Y,Y,Y,N1,Y,5,N1,57,N1,6,N1,Y,,3,N1,8,,1,1,,,12,,3,,,1,3,2,7,,,,,,,,212,,,Y,N1,A1100024,43,,,,1,,,,,,1,,,,,,,,,,,,,,,,,,,,,,,,,,,,,,,,,,,,,,,,,,,,,,
2026-10-01 02:00:00,서울특별시,A1100037,대림성모병원,20261001015036,02-829-9000,,,,,,,2,,,,,,Y,,Y,N1,N1,Y,7,N1,32,N1,,N1,Y,,4,N1,8,,,2,,,,,4,,,1,2,,1,,,,,,,,114,,,Y,N1,A1100037,44,,,,,,,,,,,,,,,,,,,,,,,,,,,,,,,,,,,,,,,,,,,,,,,,,,,,,,,,
2026-10-01 02:00:00,서울특별시,A1100045,씨엠병원,20261001014500,02-2678-0001,,,,,,,1,,,,,,Y,,Y,N1,N1,Y,9,N1,29,N1,,N1,Y,,5,N1,9,,,1,,,,,5,,,2,2,,6,,,,,,,,110,,,Y,N1,A1100045,45,,,,,,,,,,,,,,,,,,,,,,,,,,,,,,,,,,,,,,,,,,,,,,,,,,,,,,,,
2026-10-01 02:00:00,서울특별시,A1100023,의료법인청구성심병원,20261001015215,02-350-3300,,,,,,,1,,,,,,Y,,Y,N1,N1,Y,9,N1,26,N1,1,N1,Y,,3,N1,10,,,1,,,6,,3,,,1,1,,4,,,,,,,,196,,,Y,N1,A1100023,46,,,,,,,,,,,,,,,,,,,,,,,,,,,,,,,,,,,,,,,,,,,,,,,,,,,,,,,,
2026-10-01 02:00:00,서울특별시,A1100029,서울적십자병원,20261001015445,02-2002-8000,,,,,,1,,,,,,,Y,,Y,N1,Y,Y,8,N1,107,N1,7,N1,Y,,6,N1,10,,1,,,,12,,6,,,1,1,,11,,,2,,,,,260,,,Y,N1,A1100029,47,,,,,,,,,,,,,,,,,,,,,,,,,,,,,,,,,,,,,,,,,,,,,,,,,,,,,,,,
2026-10-01 02:00:00,서울특별시,A1100032,세란병원,20261001015504,02-737-0181,,,,,,,1,,,,,,Y,,Y,N1,N1,Y,10,N1,36,N1,,N1,Y,,13,N1,10,,,1,,,,,13,,,3,5,,3,,,,,,,,205,,,Y,N1,A1100032,48,,,,,,,,,,,,,,,,,,,,,,,,,,,,,,,,,,,,,,,,,,,,,,,,,,,,,,,,
2026-10-01 02:00:00,서울특별시,A1100075,의료법인풍산의료재단동부제일병원,20261001015003,02-437-5011,,,,,,,1,,,,,,Y,,Y,N1,N1,Y,7,N1,49,N1,,N1,N,,2,N1,7,,,1,,,,,2,,,1,1,,3,,,,,,,,124,,,Y,N1,A1100075,49,,,,,,,,,,,,,,,,,,,,,,,,,,,,,,,,,,,,,,,,,,,,,,,,,,,,,,,,
2026-10-01 02:00:00,서울특별시,A1100044,녹색병원,20261001015508,02-490-2000,,,,,,1,4,,,0,Y,,Y,,Y,N1,Y,Y,3,N1,70,N1,6,N1,Y,,3,N1,5,,1,4,,,17,,3,3,1,2,1,,22,,,1,,,,,293,,,Y,N1,A1100044,50,,,,1,,,,,,3,,,,,,,,,,,,,,,,,,,,,,,,,,,,,,,,,,,,,,,,,,,,,,
2026-10-01 02:00:00,경기도,A2100042,의료법인명지의료재단명지병원,20261001015500,031-810-5114,Y,Y,1,0,0,0,1,4,15,0,Y,Y,Y,Y,Y,Y,Y,Y,9,Y,140,Y,10,Y,Y,3,6,Y,15,0,0,3,16,3,31,28,13,0,2,6,3,5,49,4,5,8,5,2,1,2,443,4,0,Y,Y,A2100042,1,3,,,4,0,,,,,4,0,3,2,1,2,3,,,,,,3,0,0,0,,,,,,,,,,,,3,0,0,0,0,2,,,,,,,,,,,0,0,0,0
2026-10-01 02:00:00,경기도,A2100033,국민건강보험공단일산병원,20261001015503,1577-0013,Y,Y,1,0,4,2,3,0,2,1,Y,,Y,Y,Y,Y,Y,Y,13,Y,124,N1,,Y,Y,0,2,N1,23,5,2,3,19,25,,29,2,4,2,4,3,3,58,8,28,13,5,,,,659,1,0,Y,Y,A2100033,2,,0,0,0,7,,10,16,,11,28,,,,,,1,6,,,,,0,0,0,,,,,,,,,,,,,0,0,0,1,1,,,,,,,,,,,,,,
2026-10-01 02:00:00,경기도,A2100005,순천향대학교부속부천병원,20261001015122,032-621-5114,Y,Y,,,5,0,0,3,13,2,Y,Y,Y,Y,Y,Y,Y,Y,6,Y,121,Y,2,Y,Y,4,20,Y,17,5,0,0,20,24,22,34,21,7,1,4,3,5,71,9,31,17,4,3,1,1,674,,,Y,Y,A2100005,3,2,2,4,1,,,16,15,,8,,2,0,,3,,,,,,,,0,,0,,,,,,,,,,,,,0,,0,,,,,,3,,5,,,,,,0,,0
2026-10-01 02:00:00,경기도,A2100001,분당서울대학교병원,20261001015100,031-787-2114,Y,Y,,,1,2,2,1,11,1,Y,,Y,Y,Y,Y,Y,Y,-22,Y,248,Y,1,Y,Y,0,39,N1,30,5,2,3,15,35,8,30,39,3,3,11,11,11,128,17,39,16,8,8,,,1247,,,Y,Y,A2100001,4,,2,4,0,2,,13,13,,1,15,,,3,,5,2,9,0,10,,,,5,,0,,,,,6,,,,,,,,5,,,,,,,1,,2,,,,,,9,,9
2026-10-01 02:00:00,경기도,A2100030,차의과학대학교분당차병원,20261001015259,031-780-5000,Y,Y,0,,6,,,3,20,,Y,,Y,Y,Y,Y,Y,Y,8,Y,43,Y,,Y,Y,3,26,N1,22,11,,,14,35,,43,26,,8,5,3,4,40,26,46,6,2,2,,,717,2,,Y,Y,A2100030,5,1,0,4,0,3,,8,9,,4,22,2,3,0,3,2,0,6,1,7,1,1,,0,0,0,0,6,,,2,2,,,6,1,1,,0,1,,,0,0,,,,,,,,,,,,
2026-10-01 02:00:00,경기도,A2100002,아주대학교병원,20261001015407,031-219-5114,Y,Y,,,6,0,0,3,1,1,Y,,Y,Y,Y,Y,Y,Y,12,Y,63,Y,,Y,Y,0,25,N1,30,9,0,0,16,36,,42,25,8,3,8,6,9,126,27,34,32,9,7,,,792,,,Y,Y,A2100002,6,2,2,0,0,13,3,14,10,40,3,20,2,3,1,6,2,1,7,4,13,1,1,,,0,,0,0,1,2,,2,6,11,6,1,4,,,0,,,0,0,2,6,2,6,8,3,60,3,,0,,0
2026-10-01 02:00:00,경기도,A2100003,고려대학교의과대학부속안산병원,20261001015410,031-1577-7516,Y,Y,0,,4,,2,1,7,5,Y,,Y,Y,Y,Y,Y,Y,11,Y,65,Y,1,Y,Y,1,20,N1,22,4,,3,18,25,4,30,20,10,2,3,4,4,66,15,19,8,5,3,,,605,2,,Y,Y,A2100003,7,1,0,5,0,11,,11,18,,3,16,2,1,,3,,0,6,,,,,,,,,,,,,,,,,,,,,,,,,,,,,,,,,,,,,,
2026-10-01 02:00:00,경기도,A2100004,한림대학교성심병원,20261001015457,031-380-1500,Y,Y,0,,3,2,3,7,18,0,Y,Y,Y,Y,Y,Y,Y,Y,19,Y,79,Y,,Y,Y,7,19,N1,25,3,2,4,19,9,,30,19,14,2,4,3,6,102,8,10,20,14,2,1,,593,1,,Y,Y,A2100004,8,0,0,1,1,13,,27,16,,3,20,0,5,,5,,,,,,,,,,,,,,0,6,,,8,18,,,,,,,,,,,,,,,,,,,,,,
2026-10-01 02:00:00,경기도,A2100040,가톨릭대학교의정부성모병원,20261001015508,1661-7500,Y,Y,1,,11,2,4,5,10,,Y,,Y,Y,Y,Y,Y,Y,21,Y,53,Y,4,Y,Y,0,13,N1,42,11,2,4,18,15,26,30,13,,3,4,3,4,54,10,28,12,4,3,,,519,1,,Y,Y,A2100040,9,,,,0,,3,,,20,4,,,,0,,1,0,6,,,,,,,,,,,,,,,,,,,,,,,,,,,2,6,2,6,4,2,53,2,,,,
2026-10-01 02:00:00,경기도,A2100047,동국대학교일산불교병원,20261001015520,031-1577-7000,Y,Y,,,3,1,3,1,3,0,Y,,Y,Y,Y,Y,Y,Y,15,Y,109,Y,,Y,Y,7,12,N1,19,3,1,3,2,13,,3,12,0,8,2,2,2,19,13,25,4,2,1,,,460,,,Y,Y,A2100047,10,,2,1,0,7,,15,12,,4,15,,,,,,,,,,,,,,,,,,,,,,,,,,,,,,,,3,3,,,,,,,,,,,,
2026-10-01 02:00:00,경기도,A2100038,인제대학교일산백병원,20261001015233,031-910-7114,N,N,,,,3,2,,,0,Y,,Y,Y,Y,Y,Y,Y,23,Y,89,Y,,N,Y,,17,N1,34,,3,3,,,,,17,2,3,3,3,4,54,18,22,7,3,1,,,559,,,Y,N,A2100038,11,,0,0,0,2,,25,32,,4,16,,,,,,,,,,,,,,,,,,,0,,,,4,,,,,,,,,,,,,,,,,,,,,,
2026-10-01 02:00:00,경기도,A2118788,중앙대학교광명병원,20261001015507,1811-7800,Y,Y,,,,1,2,,,0,Y,,Y,Y,Y,Y,Y,Y,20,Y,81,Y,5,Y,Y,2,17,N1,21,,1,2,,16,24,,17,2,2,2,2,5,28,6,16,5,4,10,,,576,,,Y,Y,A2118788,12,0,,,2,,,,,,6,,0,0,,0,,3,5,,,,,,,,,,,3,,,,5,,,,,,,,,,,,,,,,,,,,,,,
2026-10-01 02:00:00,경기도,A2100007,광명성애병원,20261001015508,02-2680-7114,Y,Y,,7,4,1,4,,,,Y,,Y,Y,Y,Y,Y,Y,7,N1,37,N1,7,Y,Y,,5,N1,11,4,1,4,,,13,,5,,2,2,2,1,12,2,5,1,,,,,189,,50,Y,Y,A2100007,13,,,,0,,,,,,1,,,,,,,,,,,,,,,,,,,,,,,,,,,,,,,,,,,,,,,,,,,,,,
2026-10-01 02:00:00,경기도,A2100155,참조은병원,20261001015305,1600-9955,,,,,1,1,3,,,1,,,Y,Y,Y,Y,Y,Y,8,N1,21,Y,-3,N1,Y,,7,N1,9,1,1,3,,,22,,7,2,,3,3,2,18,,,3,,2,,,286,,,Y,N1,A2100155,14,,,,3,,,,,,3,,,,,,,,,,,,,,,0,,,,,,,,,,,,,,,0,,,6,6,,,,,,,,,,0,,0
2026-10-01 02:00:00,경기도,A2100039,한양대학교구리병원,20261001015259,031-1644-9118,Y,Y,,,,1,4,,,1,Y,,Y,Y,Y,Y,Y,Y,14,Y,41,Y,,Y,Y,3,10,N1,18,,1,4,,10,,,10,5,1,3,2,3,21,6,14,4,2,2,,,489,,,Y,Y,A2100039,15,,0,4,,,,17,14,,,,,,,,,,,,,,,,,,,,,,,,,,,,,,,,,,,,,,,,,,,,,,,,
2026-10-01 02:00:00,경기도,A2100054,효산의료재단지샘병원,20261001015438,031-389-3000,,,,,,2,1,,,0,,,Y,Y,Y,Y,Y,Y,14,N1,63,N1,6,N1,Y,,5,N1,18,,2,1,,,18,,7,2,,2,1,3,11,,,2,,,,,368,,,Y,N1,A2100054,16,,,,1,,,,,,1,,,,,,,,,,,,,,,,,,,,,,,,,,,,,,,,,1,1,,,,,,,,,,,,
2026-10-01 02:00:00,경기도,A2100048,원광대학교산본병원,20261001015419,031-390-2300,,,,,,0,2,,,,Y,,Y,Y,Y,Y,Y,Y,17,N1,68,N1,2,N1,Y,,5,N1,17,,1,2,,,12,,5,,1,1,1,1,1,,,2,,,,,188,,,Y,N1,A2100048,17,,,,,,,,,,,,,,,,,,,,,,,,,,,,,,,,,,,,,,,,,,,,,,,,,,,,,,,,
2026-10-01 02:00:00,경기도,A2100053,의료법인우리의료재단김포우리병원,20261001015402,031-999-1000,,,,0,,1,6,,,0,,,Y,Y,Y,Y,Y,Y,13,Y,15,Y,3,N1,Y,,7,N1,22,,1,6,,,36,,7,11,,2,2,2,48,,,4,1,2,,,477,,0,Y,N1,A2100053,18,,,,0,,,,,,1,,,,,,,,,,,,,,,0,,,,,,,,,,,,,,,0,,,,,,,,,,,,,,0,,0
2026-10-01 02:00:00,경기도,A2100006,의료법인인봉의료재단뉴고려병원,20261001015227,031-998-8129,,,,,,1,2,,,,,,Y,Y,Y,Y,Y,Y,9,N1,67,N1,0,N1,Y,,6,N1,14,,1,2,,,24,,6,,,2,2,2,7,,,1,,,,,278,,,Y,N1,A2100006,19,,,,3,,,,,,10,,,,,,,,,,,,,,,,,,,,,,,,,,,,,,,,,3,3,,,,,,,,,,,,
2026-10-01 02:00:00,경기도,A2100041,남양주한양병원,20261001015514,031-510-0114,,,,,,1,2,0,2,,,,Y,Y,Y,Y,Y,Y,17,N1,78,N1,0,N1,Y,,,Y,17,,1,2,4,,15,4,,,,2,2,1,33,,,2,,,,1,240,,,Y,N1,A2100041,20,,,,10,,,,,,20,,,,,,,,,,,,,,,,,,,,,,,,,,,,,,,,,,,,,,,,,,,,,,
2026-10-01 02:00:00,경기도,A2100037,현대병원,20261001014533,031-574-9118~9,,,,,,1,2,,,,,,Y,Y,Y,Y,Y,Y,14,N1,63,Y,0,N1,Y,,7,N1,17,,1,2,,,19,,7,,,2,2,2,50,,,17,,2,,,342,,,Y,N1,A2100037,21,,,,1,,,,,,20,,,,,,,,,,,,,,,,,,,,,,,,,,,,,,,,,,,,,,,,,,,,,,
2026-10-01 02:00:00,경기도,A2100055,부천세종병원,20261001015510,1599-6677,Y,Y,,,,1,2,0,0,3,Y,,Y,Y,Y,Y,Y,Y,16,Y,78,Y,1,Y,Y,,6,N1,17,,1,2,2,,20,3,6,6,1,2,1,5,18,1,1,5,4,1,,,268,,,Y,Y,A2100055,22,,,,0,,,,,,2,,,,,,,,,,,,,,,,,,,,,,,,,,,,,,,,,,,,,,,,,,,,,,
2026-10-01 02:00:00,경기도,A2100052,가톨릭대학교부천성모병원,20261001015508,032-1577-0675,Y,Y,,,,2,1,,,3,Y,,Y,Y,Y,Y,Y,Y,23,Y,64,Y,,Y,Y,8,14,N1,31,,2,1,,10,,,14,4,3,3,3,3,28,4,14,11,1,2,,,562,,,Y,Y,A2100052,23,,1,1,1,,,16,12,,4,,,,,,,,,8,18,,,,,,,,,,,,,,,,,,,,,,,3,3,,,,,,,,,,,,
2026-10-01 02:00:00,경기도,A2100025,대진의료재단분당제생병원,20261001015500,031-779-0114,Y,Y,,,3,1,2,1,1,0,Y,Y,Y,Y,Y,Y,Y,Y,5,Y,60,Y,,Y,Y,2,9,N1,24,3,1,2,2,3,,3,9,2,2,4,3,3,22,1,5,5,2,3,1,,481,,,Y,Y,A2100025,24,,5,4,2,,,10,13,,4,,,,,,,,,,,,,,7,,,,,,,,,,,,,,,7,,,,,,,,,,,,,,,,,
2026-10-01 02:00:00,경기도,A2116806,성남시의료원,20261001015501,031-738-7000,,,,,6,2,4,2,3,28,,,Y,Y,Y,Y,Y,Y,13,Y,88,Y,,N1,Y,,8,Y,17,6,2,4,2,,,4,8,28,,3,2,2,31,,,6,3,1,,2,237,,,Y,N1,A2116806,25,,,16,5,,,,23,,5,,,,,,,,,,,,,,,,,,,,,,,,,,,,,,,,,,,,,,,,,,,,,,
2026-10-01 02:00:00,경기도,A2117135,의료법인명인의료재단화홍병원,20261001014607,031-278-0119,Y,,,,,2,3,,,,,,Y,,Y,N1,N1,Y,12,Y,31,N1,7,N1,Y,,6,Y,15,,2,3,,,29,,6,,,2,2,,4,1,,,1,,,1,228,,,Y,Y,A2117135,26,,,,0,,,,,,1,,,,,,,,,,,,,,,,,,,,,,,,,,,,,,,,,,,,,,,,,,,,,,
2026-10-01 02:00:00,경기도,A2100009,의료법인녹산의료재단동수원병원,20261001015336,031-210-0114,,Y,,,,1,2,0,2,0,Y,,Y,Y,Y,Y,Y,Y,13,N1,74,N1,8,Y,Y,,5,N1,17,,1,2,2,,18,4,5,1,1,2,2,1,15,,4,1,,,,,335,,,Y,N1,A2100009,27,,,,0,,,,,,3,,,,,,,,,,,,,,,,,,,,,,,,,,,,,,,,,,,,,,,,,,,,,,
2026-10-01 02:00:00,경기도,A2100012,가톨릭대학교성빈센트병원,20261001015507,031-1577-8588,Y,Y,,,4,2,2,2,4,0,Y,,Y,Y,Y,Y,Y,Y,21,Y,59,Y,,Y,Y,1,19,N1,28,6,2,2,4,18,,8,19,11,2,5,4,6,52,7,18,12,4,4,,,650,,,Y,Y,A2100012,28,,3,5,1,7,,20,11,,5,30,,,,,,4,8,2,15,1,1,,,,,2,6,,4,,2,,8,6,1,1,,,,,,,,,,,,,,,,,,,
2026-10-01 02:00:00,경기도,A2100008,의료법인남촌의료재단시화병원,20261001015444,031-1811-7000,,,,,5,1,5,,,1,Y,,Y,Y,Y,Y,Y,Y,15,Y,56,N1,19,N1,Y,,7,N1,16,5,1,5,,,52,,7,1,1,3,3,2,29,,,4,2,,,,461,,,Y,N1,A2100008,29,,,,1,,,,,,1,,,,,,,,,,,,,,,,,,,,,,,,,,,,,,,,,,,,,,,,,,,,,,
2026-10-01 02:00:00,경기도,A2100017,대아의료재단한도병원,20261001015237,031-8040-1114,,,,,,1,2,,,,,,Y,Y,Y,Y,Y,Y,17,N1,41,N1,9,N1,Y,,6,N1,17,,1,2,,,29,,6,,,3,2,2,15,,,3,,,,,327,,,Y,N1,A2100017,30,,,,0,,,,,,1,,,,,,,,,,,,,,,,,,,,,,,,,,,,,,,,,,,,,,,,,,,,,,
2026-10-01 02:00:00,경기도,A2100015,효산의료재단안양샘병원,20261001015252,031-467-9114,,,,,,1,2,,,,,,Y,Y,Y,Y,Y,Y,13,Y,74,N1,,N1,Y,,6,N1,17,,1,2,,,,,6,,,2,1,2,12,,,2,1,,,,307,,,Y,N1,A2100015,31,,4,0,1,,,9,9,,1,,,,,,,,,,,,,,,,,,,,,,,,,,,,,,,,,,,,,,,,,,,,,,
2026-10-01 02:00:00,경기도,A2100024,오산한국병원,20261001015243,031-379-8300,,,,,,1,2,2,3,0,,,Y,Y,Y,Y,Y,Y,14,N1,45,Y,3,N1,Y,,5,N1,17,,1,2,2,,32,3,5,2,,2,2,2,17,,,2,,1,,,259,,,Y,N1,A2100024,32,,,,0,,,,,,1,,,,,,,,,,,,,,,,,,,,,,,,,,,,,,,,,,,,,,,,,,,,,,
2026-10-01 02:00:00,경기도,A2100020,연세대학교의과대학용인세브란스병원,20261001015137,1899-1004,Y,Y,,,6,1,3,,,2,Y,,Y,Y,Y,Y,Y,Y,10,Y,87,Y,,Y,Y,1,15,N1,16,6,1,3,,12,,,15,4,2,3,3,4,31,6,18,6,3,4,,,597,,,Y,Y,A2100020,33,,1,0,1,,,19,16,,2,,,,,,,,,,,,,,,,,,,,,,,,,,,,,,,,,,,,,,,,,,,,,,
2026-10-01 02:00:00,경기도,A2100029,강남병원,20261001015417,031-300-0114,,,,,,1,2,2,3,,,,Y,,Y,N1,Y,Y,17,N1,47,N1,11,N1,Y,,4,N1,17,,1,2,2,,30,3,4,,,2,2,,7,,,2,,,,,264,,,Y,N1,A2100029,34,,,,0,,,,,,1,,,,,,,,,,,,,,,,,,,,,,,,,,,,,,,,,,,,,,,,,,,,,,
2026-10-01 02:00:00,경기도,A2100019,(의)영문의료재단다보스병원,20261001015327,031-8021-2114,,,,,,1,2,1,0,,,,Y,Y,Y,Y,Y,Y,12,N1,1,N1,-1,N1,Y,,6,N1,13,,1,2,2,,23,3,6,,,1,1,1,7,,,2,,,,,222,,,Y,N1,A2100019,35,,,,0,,,,,,1,,,,,,,,,,,,,,,,,,,,,,,,,,,,,,,,,4,4,,,,,,,,,,,,
2026-10-01 02:00:00,경기도,A2117994,학교법인을지학원의정부을지대학교병원,20261001015101,031-951-1000,Y,Y,,,0,1,2,,,0,Y,,Y,Y,Y,Y,Y,Y,19,Y,167,Y,,Y,Y,2,12,N1,30,0,1,2,,5,,,14,6,8,3,3,4,48,5,5,6,3,2,,,588,,,Y,Y,A2117994,36,,9,5,2,12,,28,21,,2,22,,,,,,,,,,,,,,,,,,,,,,,,,,,,,,,,0,0,0,0,0,0,,,,,,,,
2026-10-01 02:00:00,경기도,A2100193,경기도의료원이천병원,20261001015402,031-630-4200,,,,,,1,1,2,1,6,,,Y,,Y,N1,N1,Y,16,N1,45,N1,2,N1,Y,,4,N1,17,,1,2,2,,6,3,4,6,,1,1,,8,,,,,,,,187,,,Y,N1,A2100193,37,,,,2,,,,,,2,,,,,,,,,,,,,,,,,,,,,,,,,,,,,,,,,,,,,,,,,,,,,,
2026-10-01 02:00:00,경기도,A2100035,경기도의료원파주병원,20261001015401,031-940-9100,,,,,,1,2,0,2,,Y,,Y,,Y,N1,N1,Y,16,N1,77,N1,5,N1,Y,,3,N1,17,,1,2,2,,8,3,3,,1,1,1,,9,,,,,,,,189,,,Y,N1,A2100035,38,,,,,,,,,,,,,,,,,,,,,,,,,,,,,,,,,,,,,,,,,,,,,,,,,,,,,,,,
2026-10-01 02:00:00,경기도,A2100028,의료법인백송의료재단굿모닝병원,20261001015243,031-5182-7700,,,,,,2,1,,,,,,Y,Y,Y,Y,Y,Y,13,Y,22,N1,3,N1,Y,,6,Y,19,,2,1,,,27,,7,,,5,3,3,23,,,5,3,,,1,392,,,Y,N1,A2100028,39,,,,1,,,,,,3,,,,,,,,,,,,,,,,,,,,,,,,,,,,,,,,,3,6,,,,,,,,,,,,
2026-10-01 02:00:00,경기도,A2113246,의료법인양진의료재단평택성모병원,20261001015506,031--1800-8800,,,,0,,1,2,2,2,,,,Y,Y,Y,Y,Y,Y,11,N1,51,N1,3,N1,Y,,6,N1,17,,1,2,2,,34,3,6,,,3,3,2,8,,,2,,,,,329,,0,Y,N1,A2113246,40,,,,2,,,,,,2,,,,,,,,,,,,,,,,,,,,,,,,,,,,,,,,,,,,,,,,,,,,,,
2026-10-01 02:00:00,경기도,A2100031,경기도의료원포천병원,20261001015501,031-539-9114,,Y,,,,1,2,2,3,1,Y,,Y,,Y,N1,N1,Y,17,N1,48,N1,1,Y,Y,,4,N1,17,,1,2,2,,8,3,4,3,3,1,1,,7,,2,,,,,,134,,,Y,N1,A2100031,41,,,,0,,,,,,0,,,,,,,,,,,,,,,,,,,,,,,,,,,,,,,,,,,,,,,,,,,,,,
2026-10-01 02:00:00,경기도,A2100046,한림대학교동탄성심병원,20261001015102,031-8086-3000,Y,Y,,,9,,,,,2,Y,Y,Y,Y,Y,Y,Y,Y,21,Y,131,Y,,Y,Y,11,20,Y,32,9,,,,13,,,20,11,1,6,3,6,51,8,16,17,5,5,1,1,535,,,Y,Y,A2100046,42,1,11,0,8,,,28,13,,11,,1,2,,2,,0,9,,,,,,,,,,,8,,,,13,,,,,,,,,,,,,,,,,,,,,,,
2026-10-01 02:00:00,경기도,A2100290,의료법인자인의료재단더자인병원,20261001015437,031-930-3114,,,,,,2,2,0,0,,,,Y,Y,Y,Y,Y,Y,15,N1,50,N1,4,N1,N,,5,N1,16,,2,2,2,,9,3,5,,,2,2,1,15,,,1,,,,,234,,,Y,N1,A2100290,43,,,,0,,,,,,3,,,,,,,,,,,,,,,,,,,,,,,,,,,,,,,,,,,,,,,,,,,,,,
2026-10-01 02:00:00,경기도,A2100049,국립암센터,20261001015201,031-920-0114,,N,,,,,0,,,,,,Y,Y,Y,Y,Y,Y,1,Y,58,Y,11,N,Y,,18,N1,24,,,1,,,19,,18,,,7,5,3,29,,1,8,2,7,,,554,,,Y,N1,A2100049,44,,,,8,,,,,,9,,,,,,,,,,,,,,,,,,,,,,,,,,,,,,,,,,,,,,,,,,,,,,
2026-10-01 02:00:00,경기도,A2116972,의료법인성광의료재단일산차병원,20261001015325,031-782-8300,Y,Y,,,,,4,,,1,Y,,,,Y,N1,N1,N1,6,N1,25,N1,4,Y,N1,0,10,N1,6,,,4,,17,4,,10,1,9,,,,4,11,19,,,,,,179,,,Y,Y,A2116972,45,,,,1,,,,,,1,,,,,,,,,,,,,,,,,,,,,,,,,,,,,,,,,,,,,,,,,,,,,,
2026-10-01 02:00:00,경기도,A2118188,엘병원,20261001015328,1899-3377,,,,,,,2,,,0,,,Y,,Y,N1,N1,Y,8,N1,39,N1,3,N1,Y,,3,N1,8,,,2,,,8,,3,1,,1,1,,2,,,,,,,,146,,,Y,N1,A2118188,46,,,,0,,,,,,1,,,,,,,,,,,,,,,,,,,,,,,,,,,,,,,,,,,,,,,,,,,,,,
2026-10-01 02:00:00,경기도,A2100050,의료법인대인의료재단다니엘종합병원,20261001015501,032-670-0001,,,,,,1,3,,,,,,Y,,Y,N1,N,Y,6,N1,25,N1,5,N1,Y,,3,N1,6,,1,3,,,30,,3,,,1,1,,17,,,1,,,,,169,,,Y,N1,A2100050,47,,,,0,,,,,,1,,,,,,,,,,,,,,,,,,,,,,,,,,,,,,,,,,,,,,,,,,,,,,
2026-10-01 02:00:00,경기도,A2100258,국군수도병원,20261001015015,031-725-6075,,,,,,0,,,,,,,Y,Y,Y,Y,Y,Y,15,Y,169,N1,5,N1,Y,,9,N1,16,,2,,,,12,,9,,,3,4,2,2,,,5,2,,,,530,,,Y,N1,A2100258,48,,,,1,9,14,,,20,1,15,,,,,,,,,,,,,,6,,,,,,,,,,,,,,,6,,,,,,,,,9,,40,,,2,,2
2026-10-01 02:00:00,경기도,A2100016,순천의료재단성남정병원,20261001015112,031-750-6000,,,,,,2,,,,,,,Y,,Y,N1,N1,Y,9,N1,77,N1,,N1,Y,,4,N1,9,,2,,,,,,4,,,1,1,,1,,,,,,,,98,,,Y,N1,A2100016,49,,,,,,,,,,,,,,,,,,,,,,,0,,33,,,,,,,,,,,,,0,,105,,,,,,,,,,,,,,,,
2026-10-01 02:00:00,경기도,A2121061,의료법인덕산의료재단수원덕산병원,20261001015504,031-686-2000,N,Y,,,3,1,2,1,1,0,Y,,Y,Y,Y,Y,Y,Y,21,Y,55,N1,5,Y,Y,,9,N1,24,3,1,2,2,,22,4,9,5,5,3,2,2,15,N,2,5,2,,,,403,,,Y,N,A2121061,50,,,,2,,,,,,3,,,,,,,,,,,,,,,,,,,,,,,,,,,,,,,,,,,,,,,,,,,,,,
2026-10-01 02:00:00,경기도,A2100032,경기도의료원수원병원,20261001015501,031-888-0114,,,,,,,2,,,2,,,Y,,Y,N1,N1,Y,6,N1,70,N1,8,N1,Y,,3,N1,8,,,2,,,9,,3,2,,1,1,,9,,,,,,,,156,,,Y,N1,A2100032,51,,,,,,,,,,,,,,,,,,,,,,,,,,,,,,,,,,,,,,,,,,,3,3,,,,,,,,,,,,
2026-10-01 02:00:00,경기도,A2100175,의료법인토마스의료재단윌스기념병원,20261001015214,031-223-2233,,,,,,1,2,0,0,,Y,,Y,Y,Y,Y,Y,Y,15,N1,28,N1,4,N1,Y,,10,N1,18,,1,2,2,,16,3,10,,1,1,4,1,1,,,1,,,,,275,,,Y,N1,A2100175,52,,,,1,,,,,,1,,,,,,,,,,,,,,,,,,,,,,,,,,,,,,,,,,,,,,,,,,,,,,
2026-10-01 02:00:00,경기도,A2100027,의료법인석경의료재단센트럴병원,20261001015308,031-8041-3000,,,,,,1,2,,,,,,Y,,Y,N1,Y,Y,17,N1,70,N1,0,N1,Y,,3,N1,18,,1,2,,,21,,3,,,2,2,,7,,,2,,,,,239,,,Y,N1,A2100027,53,,,,,,,,,,,,,,,,,,,,,,,,,,,,,,,,,,,,,,,,,,,,,,,,,,,,,,,,
2026-10-01 02:00:00,경기도,A2100013,의료법인록향의료재단신천연합병원,20261001015006,031-310-6300,,,,,,,1,,,,,,Y,,Y,N1,Y,Y,9,N1,16,N1,3,N1,Y,,3,N1,10,,,1,,,6,,3,,,1,1,,4,,,1,,,,,112,,,Y,N1,A2100013,54,,,,1,,,,,,1,,,,,,,,,,,,,,,,,,,,,,,,,,,,,,,,,,,,,,,,,,,,,,
2026-10-01 02:00:00,경기도,A2100021,의료법인플러스의료재단단원병원,20261001015608,031-8040-6600,,,,,,1,2,,,,,,Y,Y,Y,Y,Y,Y,16,Y,22,N1,4,N1,Y,,5,N1,17,,1,2,,,27,,5,,,1,1,2,8,,,2,1,,,,303,,,Y,N1,A2100021,55,,,,0,,,,,,1,,,,,,,,,,,,,,0,,,,,,,,,,,,,,,1,,,,,,,,,,,,,,,,,
2026-10-01 02:00:00,경기도,A2100014,근로복지공단안산병원,20261001015200,031-500-1114,,,,,,,1,,,1,,,Y,,Y,N1,N1,Y,7,N1,98,N1,13,N1,Y,,3,N1,7,,,1,,,18,,3,2,,1,1,,14,,,,,,,,359,,,Y,N1,A2100014,56,,,,1,,,,,,1,,,,,,,,,,,,,,,,,,,,,,,,,,,,,,,,,,,,,,,,,,,,,,
2026-10-01 02:00:00,경기도,A2100124,의료법인칠석의료재단사랑의병원,20261001014701,031-439-3000,,,,,,1,,,,,,,Y,,Y,N1,Y,Y,11,N1,27,N1,-1,N1,Y,,5,N1,13,,1,,,,14,,5,,,2,2,,8,,,1,,,,,206,,,Y,N1,A2100124,57,,,,,,,,,,,,,,,,,,,,,,,,,,,,,,,,,,,,,,,,,,,,,,,,,,,,,,,,
2026-10-01 02:00:00,경기도,A2100045,경기도의료원안성병원,20261001015502,031-8046-5000,,,,,,1,,,,8,,,Y,,Y,N1,N1,Y,13,N1,107,N1,10,N1,Y,,5,N1,14,,1,,,,13,,5,8,,1,1,,8,,,,,,,,178,,,Y,N1,A2100045,58,,,,2,,,,,,2,,,,,,,,,,,,,,,,,,,,,,,,,,,,,,,,,,,,,,,,,,,,,,
2026-10-01 02:00:00,경기도,A2100305,안성성모병원,20261001015440,031-675-6007,,,,,,,1,,,,,,Y,,Y,N1,N1,Y,9,N1,81,N1,4,N1,Y,,3,N1,9,,,1,,,20,,3,,,1,1,,7,,,,,,,,188,,,Y,N1,A2100305,59,,,,,,,,,,,,,,,,,,,,,,,,,,,,,,,,,,,,,,,,,,,,,,,,,,,,,,,,
2026-10-01 02:00:00,경기도,A2100089,양평병원,20261001015001,031-770-5000,N,N,,,,,1,,,,N,N,Y,N,Y,N,N,Y,9,N,18,N,,N,Y,,3,N,9,,,1,,,,,3,,0,1,1,0,1,0,0,0,0,0,0,0,90,,,Y,N,A2100089,60,,,,,,,,,,,,,,,,,,,,,,,,,,,,,,,,,,,,,,,,,,,,,,,,,,,,,,,,
2026-10-01 02:00:00,경기도,A2100194,세종여주병원,20261001015509,031-880-7700,,,,,,,4,,,,,,Y,,Y,N1,Y,Y,5,N1,119,N1,,N1,Y,,2,N1,6,,,4,,,,,2,,,1,1,,4,,,2,,,,,211,,,Y,N1,A2100194,61,,,,,,,,,,,,,2,,3,,,,,,,,,,,,,,,,,,,,,,,,,,,,2,3,,,,,,,,,,,,
2026-10-01 02:00:00,경기도,E2100187,연천군보건의료원,20261001015316,031-839-4001,,,,,,,,,,,,,Y,,Y,N1,N1,Y,10,N1,50,N1,,N1,N1,,2,N1,10,,,,,,,,2,,,1,,,1,,,,,,,,52,,,Y,N1,E2100187,62,,,,,,,,,,,,,,,,,,,,,,,,,,,,,,,,,,,,,,,,,,,,,,,,,,,,,,,,
2026-10-01 02:00:00,경기도,A2100122,(의)효심의료재단용인서울병원,20261001015345,031-337-0114,,,,,,,,,,,,,Y,,Y,N1,N1,Y,9,N1,133,N1,,N1,Y,,3,N1,10,,,,,,,,3,,,1,1,,1,,,,,,,,201,,,Y,N1,A2100122,63,,,,,,,,,,,,,,,,,,,,,,,,,,,,,,,,,,,,,,,,,,,,,,,,,,,,,,,,
2026-10-01 02:00:00,경기도,A2121142,메디필드한강병원,20261001015412,031-1551-0077,,,,,,1,2,,,1,,,Y,Y,Y,Y,Y,Y,17,N1,142,N1,4,N1,Y,,6,N1,17,,1,2,,,15,,6,1,,3,2,1,13,,,2,,,,,192,,,Y,N1,A2121142,64,,,,1,,,,,,1,,,,,,,,,,,,,,,,,,,,,,,,,,,,,,,,,,,,,,,,,,,,,,
2026-10-01 02:00:00,경기도,A2100034,의료법인영동의료재단의정부백병원,20261001015529,031-856-8111,,,,,,,2,,,,,,Y,,Y,N1,N1,Y,9,N1,99,N1,2,N1,Y,,3,N1,10,,,2,,,9,,3,,,1,1,,1,,,,,,,,192,,,Y,N1,A2100034,65,,,,,,,,,,,,,,,,,,,,,,,,,,,,,,,,,,,,,,,,,,,,,,,,,,,,,,,,
2026-10-01 02:00:00,경기도,A2100150,추병원,20261001015135,031-845-7777,,,,,,1,1,,,,,,Y,Y,Y,Y,N1,Y,12,N1,45,N1,4,N1,N,,3,N1,12,,1,1,,,15,,3,,,2,1,1,1,,,,,,,,210,,,Y,N1,A2100150,66,,,,,,,,,,,,,,,,,,,,,,,,,,,,,,,,,,,,,,,,,,,,,,,,,,,,,,,,
2026-10-01 02:00:00,경기도,A2100043,경기도의료원의정부병원,20261001015502,0318285000,,,,0,,1,,,,2,,,Y,,Y,N1,N1,Y,9,N1,37,N1,2,N1,N1,,3,N1,10,,1,,,,6,,3,5,,1,,,8,,,,,,,,86,,0,Y,N1,A2100043,67,,,,,43,,,,,,70,,,,,,,,,,,,,,,,,,,,,,,,,,,,,,,,,,,,,,,,,,,,,
2026-10-01 02:00:00,경기도,A2100131,메디인병원,20261001015538,0319431191,,,,,,,2,,,,,,Y,Y,Y,Y,N1,Y,11,N1,45,N1,,N1,Y,,4,N1,12,,,2,,,,,4,,,1,1,1,2,,,,,,,,206,,,Y,N1,A2100131,68,,,,,,,,,,,,,,,,,,,,,,,,,,,,,,,,,,,,,,,,,,,,,,,,,,,,,,,,
2026-10-01 02:00:00,경기도,A2100309,의료법인갈렌의료재단박병원,20261001015506,031-666-2600,,,,,,,1,,,,,,Y,,Y,N1,N1,Y,10,N1,40,N1,1,N1,Y,,2,N1,10,,,1,,,10,,2,,,1,2,,3,,,,,,,,143,,,Y,N1,A2100309,69,,,,,,,,,,,,,,,,,,,,,,,,,,,,,,,,,,,,,,,,,,,,,,,,,,,,,,,,
2026-10-01 02:00:00,경기도,A2100022,의료법인박애의료재단박애병원,20261001015517,031-652-2121,,,,,,,1,,,,,,Y,,Y,N1,Y,Y,7,N1,96,N1,5,N1,Y,,5,N1,10,,,1,,,10,,5,,,2,1,,20,,,2,,,,,193,,,Y,N1,A2100022,70,,,,,,,,,,,,,,,,,,,,,,,,,,,,,,,,,,,,,,,,,,,,,,,,,,,,,,,,
2026-10-01 02:00:00,경기도,A2100036,의료법인 일심의료재단 포천우리병원,20261001015343,031-542-0222,,,,,,1,3,,,2,,,Y,Y,Y,Y,Y,Y,15,N1,61,N1,9,N1,Y,,5,N1,18,,1,3,,,18,,5,2,,2,2,1,14,,,3,,,,,201,,,Y,N1,A2100036,71,,,,2,,,,,,2,,,,,,,,,,,,,,,,,,,,,,,,,,,,,,,,,,,,,,,,,,,,,,
2026-10-01 02:00:00,경기도,A2100018,의료법인은혜와감사의료재단화성중앙종합병원,20261001015411,031-352-8114,,,,,,,1,,,,,,Y,,Y,N1,N1,Y,8,N1,75,N1,8,N1,Y,,3,N1,9,,,1,,,8,,3,,,1,1,,3,,,,,,,,131,,,Y,N1,A2100018,72,,,,,,,,,,,,,,,,,,,,,,,,,,,,,,,,,,,,,,,,,,,,,,,,,,,,,,,,
2026-10-01 02:00:00,경기도,A2115699,의료법인원광의료재단원광종합병원,20261001015113,031-8077-7200,,,,,,1,,,,,,,Y,,Y,N1,N1,Y,8,N1,27,N1,3,N1,Y,,4,N1,9,,1,,,,9,,4,,,1,2,,4,,,,,,,,135,,,Y,N1,A2115699,73,,,,,,,,,,,,,,,,,,,,,,,,,,,,,,,,,,,,,,,,,,,,,,,,,,,,,,,,
2026-10-01 02:00:00,인천광역시,A1400001,의료법인 길의료재단 길병원,20261001015435,1577-2299,Y,Y,,,9,,,0,10,12,Y,,Y,Y,Y,Y,Y,Y,3,Y,258,Y,,Y,Y,0,3,Y,23,9,,,18,30,,30,3,13,3,6,6,7,113,19,40,19,10,6,,1,995,,,Y,Y,A1400001,1,2,0,0,1,10,2,22,11,18,9,18,2,1,0,3,2,0,6,0,14,1,1,,,1,,2,3,,1,,2,,4,6,1,1,,,3,,,,,2,6,2,6,7,2,47,2,,,,
2026-10-01 02:00:00,인천광역시,A1400002,인하대학교의과대학부속병원,20261001015233,032-890-2114,Y,Y,,,4,2,3,0,0,2,Y,Y,Y,Y,Y,Y,Y,Y,4,Y,72,Y,0,Y,Y,3,16,Y,20,7,2,5,20,26,23,30,16,7,4,6,3,5,109,17,27,13,9,7,1,2,681,,,Y,Y,A1400002,2,,0,0,0,12,,25,13,,3,15,,,,,,0,7,,,1,1,,,,0,0,3,,,3,2,,,6,1,1,,,,,,,,,,,,,,,,,,,
2026-10-01 02:00:00,인천광역시,A1400010,검단탑병원,20261001015035,032-590-0114,,,,,,1,2,2,1,0,,,Y,Y,Y,Y,Y,Y,16,N1,26,N1,7,N1,Y,,6,N1,18,,1,2,2,,13,5,6,2,,2,2,1,11,,,1,,,,,274,,,Y,N1,A1400010,3,,,,0,,,,,,3,,,,,,,,,,,,,,,,,,,,,,,,,,,,,,,,,,,,,,,,,,,,,,
2026-10-01 02:00:00,인천광역시,A1403372,인천세종병원,20261001015509,032-240-8000,,,,,,3,,0,0,2,,,Y,Y,Y,Y,Y,Y,14,Y,21,Y,2,N1,Y,,7,N1,18,,3,,2,,20,3,7,6,,2,2,3,13,,,4,5,1,,,274,,,Y,N1,A1403372,4,,,,2,,,,,,2,,,,,,,,,,,,,,,,,,,,,,,,,,,,,,,,,,,,,,,,,,,,,,
2026-10-01 02:00:00,인천광역시,A1400014,의료법인인성의료재단한림병원,20261001015345,032-540-9114,,,,,,2,1,,,1,Y,,Y,Y,Y,Y,Y,Y,14,Y,49,N1,6,N1,Y,,6,N1,17,,2,2,,,21,,6,2,1,3,2,2,20,,,3,3,,,,391,,,Y,N1,A1400014,5,,,,2,,,,,,2,,,,,,,,,,,,,,,,,,,,,,,,,,,,,,,,,,,,,,,,,,,,,,
2026-10-01 02:00:00,인천광역시,A1400016,인천사랑병원,20261001015040,032-425-2001,,Y,,,,1,2,1,2,0,Y,,Y,Y,Y,Y,Y,Y,7,N1,49,Y,0,Y,Y,,7,N1,14,,1,2,2,,14,3,7,1,1,2,1,1,12,,1,2,,1,,,277,,,Y,N1,A1400016,6,,,,1,,,,,,1,,,,,,,,,,,,,,,,,,,,,,,,,,,,,,,,,4,4,,,,,,,,,,,,
2026-10-01 02:00:00,인천광역시,A1400012,가톨릭대학교 인천성모병원,20261001015508,032-280-6364,Y,Y,,,1,3,3,7,,2,Y,,Y,Y,Y,Y,Y,Y,2,Y,28,Y,,Y,Y,0,17,N1,19,4,3,5,12,13,,,17,9,1,4,4,5,53,5,14,11,5,4,,,579,,,Y,Y,A1400012,7,,0,4,2,,,15,18,,11,,,,,,,0,8,3,15,,,,,,,,,,,,,,,,,,,,,,,,,,,,,,,,,,,,
2026-10-01 02:00:00,인천광역시,A1400013,안은의료재단 부평세림병원,20261001015453,032-509-5555,,,,,,1,3,2,3,0,,,Y,Y,Y,Y,Y,Y,16,Y,13,N1,4,N1,Y,,4,N1,16,,1,3,2,,11,3,4,2,,3,2,1,9,,,1,1,,,,234,,,Y,N1,A1400013,8,,,,0,,,,,,2,,,,,,,,,,,,,,,,,,,,,,,,,,,,,,,,,,,,,,,,,,,,,,
2026-10-01 02:00:00,인천광역시,A1400015,가톨릭관동대학교국제성모병원,20261001015314,1600-8291,Y,Y,,,3,0,0,,,3,Y,,Y,Y,Y,Y,Y,Y,14,N,94,Y,,Y,Y,4,11,N1,23,3,0,0,,4,,,11,3,2,3,2,3,34,2,11,6,2,1,,,641,,,Y,Y,A1400015,9,5,0,,,5,,40,,,,11,5,0,,0,,,,-4,13,,,,18,,,,,,,,,,,,,,,21,,,,,,,,,,,,,,,,,
2026-10-01 02:00:00,인천광역시,A1400003,의료법인 루가의료재단 나은병원,20261001015227,032-584-0114,,Y,,,,1,2,,,9,Y,,Y,Y,Y,Y,Y,Y,8,Y,105,Y,,Y,Y,,10,N1,11,,1,2,,,,,10,9,1,2,2,3,17,,1,3,1,1,,,367,,,Y,N1,A1400003,10,,4,4,3,,,14,13,,3,,,,,,,,,,,,,,,,,,,,,,,,,,,,,,,,,6,6,,,,,,,,,,,,
2026-10-01 02:00:00,인천광역시,A1400011,의료법인 나사렛의료재단 나사렛국제병원,20261001015356,032-899-9999,,,,,,1,2,2,0,0,,,Y,Y,Y,Y,Y,Y,9,N1,31,N1,7,N1,Y,,5,N1,17,,1,2,2,,16,3,5,1,,2,2,2,8,,,2,,,,,276,,,Y,N1,A1400011,11,,,,0,,,,,,1,,,,,,,,,,,,,,,,,,,,,,,,,,,,,,,,,,,,,,,,,,,,,,
2026-10-01 02:00:00,인천광역시,A1403617,비에스종합병원,20261001015134,032-290-0001,,Y,,,,1,,,,,Y,,Y,Y,Y,Y,Y,Y,9,N1,88,N1,4,Y,N1,0,2,N1,10,,1,,,1,18,,2,,1,1,,1,6,,1,1,,,,,180,,,Y,N1,A1403617,12,,,,0,,,,,,1,,,,,,,,,,,,,,,,,,,,,,,,,,,,,,,,,,,,,,,,,,,,,,
2026-10-01 02:00:00,인천광역시,A1400005,온누리병원,20261001015343,032-567-6200,,,,,,1,1,,,,,,Y,,Y,N1,N1,Y,10,N1,33,N1,,N1,Y,,3,N1,10,,1,1,,,,,3,,,1,1,,5,,,,,,,,190,,,Y,N1,A1400005,13,,,,,,,,,,,,,,,,,,,,,,,,,,,,,,,,,,,,,,,,,,,,,,,,,,,,,,,,
2026-10-01 02:00:00,인천광역시,A1403871,인천힘찬종합병원,20261001015119,032-1899-2220,,,,,,1,2,1,4,,,,Y,,Y,N1,N1,Y,15,N1,80,N1,3,N1,Y,,7,N1,17,,1,2,2,,6,4,7,,,2,2,,4,,,,,,,,231,,,Y,N1,A1403871,14,,,,0,,,,,,1,,,,,,,,,,,,,,,,,,,,,,,,,,,,,,,,,,,,,,,,,,,,,,
2026-10-01 02:00:00,인천광역시,A1400004,현대유비스병원,20261001015100,032-888-7575,,,,,,1,,,,,,,Y,Y,Y,Y,Y,Y,18,N1,25,N1,3,N1,Y,,6,N1,19,,1,,,,13,,6,,,2,2,1,8,,,2,,,,,285,,,Y,N1,A1400004,15,,,,0,,,,,,1,,,,,,,,,,,,,,,,,,,,,,,,,,,,,,,,,,,,,,,,,,,,,,
2026-10-01 02:00:00,인천광역시,A1400008,(의)성세의료재단 뉴성민병원,20261001014913,032-726-1000,,,,,,,1,,,,,,Y,,Y,N1,Y,Y,9,N1,116,N1,10,N1,Y,,6,Y,9,,,1,,,17,,6,,,2,2,,11,,,2,,,,1,265,,,Y,N1,A1400008,16,,,,2,,,,,,2,,,,,,,,,,,,,,,0,,,,,,,,,,,,,,,0,,,,,,,,,,,,,,,,
2026-10-01 02:00:00,인천광역시,A1400018,인천적십자병원,20261001015408,032-899-4000,,,,,,1,1,,,,,,Y,,Y,N1,N1,Y,7,N1,72,N1,1,N1,Y,,3,N1,8,,1,1,,,8,,3,,,1,1,,2,,,,,,,,104,,,Y,N1,A1400018,17,,,,,,,,,,,,,,,,,,,,,,,,,,,,,,,,,,,,,,,,,,,,,,,,,,,,,,,,
2026-10-01 02:00:00,인천광역시,A1400037,인천광역시의료원백령병원,20261001015501,032-836-1731,Y,Y,,,,,1,,,,,,Y,,Y,N1,N1,Y,5,N1,30,N1,,Y,N1,,1,N1,5,,,1,,,,,1,,,1,,,1,1,2,,,,,,30,,,Y,Y,A1400037,18,,,,,,,,,,,,,,,,,,,,,,,,,,,,,,,,,,,,,,,,,,,,,,,,,,,,,,,,
2026-10-01 02:00:00,인천광역시,A1400009,인천기독병원,20261001015104,032-270-8000,,,,,,,1,,,,,,Y,,Y,N1,N1,Y,8,N1,38,N1,10,N1,Y,,4,N1,8,,,1,,,10,,4,,,1,1,,1,,,,,,,,139,,,Y,N1,A1400009,19,,,,,,,,,,,,,,,,,,,,,,,,,,,,,,,,,,,,,,,,,,,,,,1,,1,,,,,,,,
2026-10-01 02:00:00,인천광역시,A1400017,인천광역시의료원,20261001015502,032-580-6000,,,,,,2,,,,7,,,Y,,Y,N1,N1,Y,15,N1,48,N1,0,N1,Y,,6,N1,15,,2,,,,13,,6,7,,1,1,,19,,,,,,,,198,,,Y,N1,A1400017,20,,,,0,28,,,,,0,45,,,,,,,,,,,,,,,,,,,,,,,,,,,,,,,,,,,,,,,,,,,,,
2026-10-01 02:00:00,인천광역시,A1400007,의료법인 성수의료재단 인천백병원,20261001015527,032)765-7070,,,,,,,1,,,,,,Y,,Y,N1,Y,Y,5,N1,16,N1,0,N1,Y,,4,N1,5,,,1,,,12,,4,,,2,2,,6,,,1,,,,,189,,,Y,N1,A1400007,21,,,,,,,,,,,,,,,,,,,,,,,,,,,,,,,,,,,,,,,,,,,,,,,,,,,,,,,,
2026-10-01 02:00:00,부산광역시,A1200003,동아대학교병원,20261001015209,051-240-2400,Y,Y,,,3,,,4,1,1,Y,,Y,Y,Y,Y,Y,Y,17,Y,24,Y,3,Y,Y,0,17,N1,26,3,,,16,20,18,30,18,3,4,5,3,4,76,11,30,16,4,4,,,738,,,Y,Y,A1200003,1,2,,,1,8,,,,,6,18,2,5,0,6,4,2,11,2,13,,,,,,,,,1,2,,,8,7,,,,,,,1,1,,,,,,,,,,,,,,
2026-10-01 02:00:00,부산광역시,A1200022,인제대학교 해운대백병원,20261001015130,051-797-0100,Y,Y,1,,3,2,2,2,5,0,Y,Y,Y,Y,Y,Y,Y,Y,24,Y,-10,Y,,Y,Y,1,22,N1,29,3,2,3,12,25,,30,22,7,2,5,3,4,72,8,40,17,9,11,1,,710,5,,Y,Y,A1200022,2,,5,9,0,6,,28,27,,4,15,,,1,,3,,,,,,,,,,,,,,,,,,,,,,,,,,,,,,,,,,,,,,,,
2026-10-01 02:00:00,부산광역시,A1200018,대동병원,20261001015500,051-554-1233,,,,,3,1,2,,,1,,,Y,Y,Y,Y,Y,Y,10,N1,39,N1,3,N1,Y,,6,N1,15,3,1,2,,,21,,6,1,,2,1,1,10,,,1,,,,,401,,,Y,N1,A1200018,3,,,,0,,,,,,1,,,,,,,,,,,,,,,,,,,,,,,,,,,,,,,,,,,,,,,,,,,,,,
2026-10-01 02:00:00,부산광역시,A1200020,의료법인 온병원그룹의료재단 온병원,20261001015036,051-607-0114,,,,,,1,2,,,1,,,Y,Y,Y,Y,Y,Y,15,N1,193,N1,11,N1,Y,,9,Y,20,,1,2,,,23,,9,6,,4,2,2,7,,,1,,,,1,611,,,Y,N1,A1200020,4,,,,0,,,,,,1,,,,,,,,,,,,,,,,,,,,,,,,,,,,,,,,,,,,,,,,,,,,,,
2026-10-01 02:00:00,부산광역시,A1200001,인제대학교부산백병원,20261001015056,051-890-6114,Y,Y,,,,2,1,,,2,Y,,Y,Y,Y,Y,Y,Y,8,Y,51,Y,0,Y,Y,1,17,Y,21,,2,3,,35,10,,17,8,4,5,3,6,68,19,38,16,3,7,,2,691,,,Y,Y,A1200001,5,,3,0,0,2,,19,18,,1,20,,,,,,0,6,0,12,,,,,,,,,,,,,,,,,,,,,,,,,,,,,,,,,,,,
2026-10-01 02:00:00,부산광역시,A1200005,의료법인 은성의료재단 좋은삼선병원,20261001015503,051-322-0900,,,,,1,1,1,,,2,,,Y,Y,Y,Y,Y,Y,13,N1,37,N1,2,N1,Y,,7,N1,13,1,1,2,,,19,,7,2,,2,2,2,11,,,1,,,,,375,,,Y,N1,A1200005,6,,,,0,,,,,,2,,,,,,,0,4,1,5,,,,,,,,,,,,,,,,,,,,,,,3,3,,,,,,,,,,,,
2026-10-01 02:00:00,부산광역시,A1200004,고신대학교복음병원,20261001015506,051-990-6114,Y,Y,,,,,,1,0,0,Y,,Y,Y,Y,Y,Y,Y,12,Y,67,Y,,Y,Y,16,13,Y,24,,,,2,18,,3,13,2,7,3,3,5,53,13,19,14,3,1,,1,701,,,Y,Y,A1200004,7,1,5,2,5,11,,12,7,,7,14,1,4,,4,,1,16,1,13,,,,,,,,,1,,,,5,,,,,,,,,,,,,,,,,,,,,,,
2026-10-01 02:00:00,부산광역시,A1200002,부산대학교병원,20261001015500,051-240-7000,Y,Y,1,0,3,1,2,0,3,2,Y,,Y,Y,Y,Y,Y,Y,16,Y,240,Y,15,Y,Y,3,26,N,17,3,1,2,2,20,24,3,26,10,12,9,6,8,95,15,17,21,9,18,,1,901,2,0,Y,Y,A1200002,8,,1,,2,9,22,10,,42,4,19,,,,,,,,0,0,,,,,0,,,,,,,,,,,,,,,0,,,,,2,12,2,12,34,2,82,2,,0,,0
2026-10-01 02:00:00,부산광역시,A1200007,비에이치에스한서병원,20261001015540,051-756-0081,,,,,,1,1,2,3,,,,Y,Y,Y,Y,Y,Y,14,Y,63,N1,6,N1,Y,,4,N1,17,,1,2,2,,14,3,4,,,1,1,2,11,,,1,1,,,,285,,,Y,N1,A1200007,9,,,,,,,,,,,,,,,,,,,,,,,,,,,,,,,,,,,,,,,,,,,,,,,,,,,,,,,,
2026-10-01 02:00:00,부산광역시,A1200028,(의)서일의료재단기장병원,20261001015438,051-723-0171,,,,,,,1,,,,,,Y,,Y,N1,N1,Y,6,N1,15,N1,,N1,Y,,3,N1,9,,,1,,,,,3,,,1,1,,1,,,,,,,,154,,,Y,N1,A1200028,10,,,,,,,,,,,,,,,,,,,,,,,,,,,,,,,,,,,,,,,,,,,,,,,,,,,,,,,,
2026-10-01 02:00:00,부산광역시,A1200015,동남권원자력의학원,20261001015502,051-720-5114,,,,,,0,,,,,,,Y,Y,Y,Y,Y,Y,9,Y,26,N1,1,N1,Y,,8,N1,9,,1,,,,12,,8,,,2,3,2,12,,,2,0,,,,245,,,Y,N1,A1200015,11,,,,,,,,,,,,,,,,,,,,,,,,,,,,,,,,,,,,,,,,,,,,,,,,,,,,,,,,
2026-10-01 02:00:00,부산광역시,A1200013,부산성모병원(재단법인 천주교부산교구유지재단),20261001015410,051-933-7114,Y,Y,,,5,1,,,,0,,,Y,,Y,N1,Y,Y,8,N1,59,N1,3,Y,Y,0,7,N1,10,5,1,,,10,18,,7,2,,1,1,,6,14,13,1,,,,,373,,,Y,Y,A1200013,12,,,,2,,,,,,2,,,,,,,,,,,,,,,,,,,,,,,,,,,,,,,,,3,3,,,,,,,,,,,,
2026-10-01 02:00:00,부산광역시,A1200026,좋은문화병원,20261001015532,051-644-2002,Y,Y,,,2,1,1,,,2,Y,,Y,,Y,N1,N1,Y,6,N1,46,N1,2,Y,Y,0,0,Y,7,2,1,2,,10,8,,9,2,8,2,2,,3,5,13,,,,,1,270,,,Y,Y,A1200026,13,,,,,,,,,,,,,,,,,,,,,,,,,,,,,,,,,,,,,,,,,,,,,,,,,,,,,,,,
2026-10-01 02:00:00,부산광역시,A1200017,의료법인정화의료재단 봉생기념병원,20261001014603,051-664-4000,,,,,,,1,,,0,,,Y,Y,Y,Y,Y,Y,8,N1,47,N1,,N1,Y,,8,N1,9,,,2,,,,,8,1,,1,2,2,11,,,4,,,,,335,,,Y,N1,A1200017,14,,0,0,,3,,10,10,,,31,,,,,,,,,,,,,,,,,,,,,,,,,,,,,,,,,,,,,,,,,,,,,
2026-10-01 02:00:00,부산광역시,A1200011,동래봉생병원,20261001015224,051-520-5500,,,,,,1,1,,,,,,Y,Y,Y,Y,Y,Y,6,N1,47,N1,0,N1,Y,,7,N1,8,,1,1,,,18,,7,,,1,2,2,11,,,1,,,,,241,,,Y,N1,A1200011,15,,,,2,,,,,,2,,,,,,,,,,,,,,,,,,,,,,,,,,,,,,,,,,,,,,,,,,,,,,
2026-10-01 02:00:00,부산광역시,A1200009,의료법인 광혜의료재단 광혜병원,20261001015510,051-503-2111,,,,,,2,1,,,0,,,Y,,Y,N1,N1,Y,8,N1,57,N1,3,N1,Y,,3,N1,9,,2,1,,,9,,3,1,,1,1,,4,,,,,,,,190,,,Y,N1,A1200009,16,,,,,,,,,,,,,,,,,,,,,,,,,,,,,,,,,,,,,,,,,,,,,,,,,,,,,,,,
2026-10-01 02:00:00,부산광역시,A1200019,학교법인)동의병원,20261001015400,051-867-5101,,,,,,,1,,,,,,Y,Y,Y,Y,Y,Y,11,Y,120,N1,9,N1,Y,,1,N1,14,,,1,,,23,,5,,,2,2,2,7,,,2,1,,,,448,,,Y,N1,A1200019,17,,,,,,,,,,,,,,,,,,,,,,,,,,,,,,,,,,,,,,,,,,,,,,,,,,,,,,,,
2026-10-01 02:00:00,부산광역시,A1200025,춘해보건대학교병원,20261001015432,051-638-8000,,,,,,,1,,,,,,Y,,Y,N1,N1,Y,7,N1,68,N1,,N1,Y,,4,N1,9,,,1,,,,,4,,,1,1,,3,,,,,,,,201,,,Y,N1,A1200025,18,,,,,,,,,,,,,,,,,,,,,,,,,,,,,,,,,,,,,,,,,,,,,,,,,,,,,,,,
2026-10-01 02:00:00,부산광역시,A1200045,구포성심병원,20261001015247,051-330-2001,,,,,,,0,,,,,,Y,Y,Y,Y,N1,Y,8,N1,39,N1,,N1,Y,,4,N1,9,,,1,,,,,4,,,1,1,1,4,,,,,,,,243,,,Y,N1,A1200045,19,,,,,,,,,,,,,,,,,,,,,,,,,,,,,,,,,,,,,,,,,,,,,,,,,,,,,,,,
2026-10-01 02:00:00,부산광역시,A1200006,의료법인 인당의료재단 부민병원,20261001015042,051-330-3000,,,,,,1,2,,,,,,Y,Y,Y,Y,Y,Y,16,N1,42,N1,2,N1,Y,,8,N1,17,,1,2,,,18,,8,,,2,3,1,7,,,1,,,,,366,,,Y,N1,A1200006,20,,,,0,,,,,,1,,,,,,,,,,,,,,,,,,,,,,,,,,,,,,,,,,,,,,,,,,,,,,
2026-10-01 02:00:00,부산광역시,A1200016,한국보훈복지의료공단 부산보훈병원,20261001015439,051-601-6000,,,,,,1,1,,,,,,Y,Y,Y,Y,N1,Y,11,N1,39,N1,1,N1,Y,,7,N1,11,,1,1,,,9,,7,,,2,3,2,11,,,,,,,,452,,,Y,N1,A1200016,21,,,,1,,,,,,1,,,,,,,,,,,,,,,,,,,,,,,,,,,,,,,,,,,,,,,,,,,,,,
2026-10-01 02:00:00,부산광역시,A1200021,삼육부산병원,20261001015408,051-242-9751,,Y,,,,1,,,,,Y,,Y,Y,Y,Y,Y,Y,7,Y,0,N1,1,Y,Y,,,N1,9,,1,,,,14,,,,1,2,1,1,9,,1,2,1,,,,302,,,Y,N1,A1200021,22,,,,0,,,,,,1,,,,,,,,,,,,,,,,,,,,,,,,,,,,,,,,,,,,,,,,,,,,,,
2026-10-01 02:00:00,부산광역시,A1200008,의료법인 은성의료재단 좋은강안병원,20261001015437,051-625-0900,,,,,,1,2,,,0,,,Y,Y,Y,Y,Y,Y,12,Y,71,N1,4,N1,Y,,11,N1,18,,1,2,,,30,,11,3,,4,3,3,12,,,5,1,,,,535,,,Y,N1,A1200008,23,,,,1,,,,,,2,,,,,,,,,,,,,,,,,,,,,,,,,,,,,,,,,,,,,,,,,,,,,,
2026-10-01 02:00:00,부산광역시,A1200098,의료법인 센텀의료재단 센텀종합병원,20261001015329,051-750-5000,,,,,,,1,,,,,,Y,Y,Y,Y,N1,Y,6,N1,21,N1,0,N1,Y,,9,N1,9,,,1,,,16,,9,,,2,2,1,11,,,,,,,,338,,,Y,N1,A1200098,24,,,,1,,,,,,1,,,,,,,,,,,,,,,,,,,,,,,,,,,,,,,,,,,,,,,,,,,,,,
2026-10-01 02:00:00,부산광역시,A1200024,부산광역시의료원,20261001015416,051-507-3000,,N,,,,1,1,,,2,N,,Y,Y,Y,Y,Y,Y,16,N1,75,N1,,N,Y,,7,N1,18,,1,1,,,,,7,7,1,1,1,2,19,,2,4,,,,,348,,,Y,N1,A1200024,25,,8,10,,7,,13,14,,,29,,,,,,,,,,,,,,,,,,,,,,,,,,,,,,,,,,,,,,,,,,,,,
2026-10-01 02:00:00,부산광역시,A1200012,의료법인 행도의료재단 해동병원,20261001015439,051-412-6161,,,,,,1,,,,0,,,Y,,Y,N1,Y,Y,6,N1,41,N1,2,N1,Y,,3,Y,6,,1,,,,9,,3,0,,1,1,,5,,,1,,,,12,256,,,Y,N1,A1200012,26,,,,,,,,,,,,,,,,,,,,,,,,,,,,,,,,,,,,,,,,,,,,,,,,,,,,,,,,
2026-10-01 02:00:00,부산광역시,A1200014,영도병원,20261001015537,051-414-8101,,,,,,1,1,,,,,,Y,,Y,N1,N1,Y,7,N1,24,N1,1,N1,Y,,3,N1,7,,1,1,,,10,,3,,,1,1,,7,,,,,,,,217,,,Y,N1,A1200014,27,,,,,,,,,,,,,,,,,,,,,,,,,,,,,,,,,,,,,,,,,,,,,,,,,,,,,,,,
2026-10-01 02:00:00,부산광역시,A1200023,재단법인천주교부산교구유지재단 메리놀병원,20261001015408,051-465-8801,,,,,,,1,,,,Y,,Y,Y,Y,Y,Y,Y,8,N1,87,N1,4,N1,Y,,8,N1,9,,,1,,,18,,8,,1,1,1,1,9,,,2,,,,,380,,,Y,N1,A1200023,28,,,,0,,,,,,1,,,,,,,,,,,,,,,,,,,,,,,,,,,,,,,,,,,,,,,,,,,,,,
2026-10-01 02:00:00,부산광역시,A1205143,의료법인 인당의료재단 해운대부민병원,20261001015044,051-602-8000,,,,,,0,,,,0,,,Y,Y,Y,Y,Y,Y,8,N1,9,N1,7,N1,Y,,8,Y,9,,1,,,,19,,8,3,,2,2,1,10,,,1,,,,1,360,,,Y,N1,A1205143,29,,,,0,,,,,,2,,,,,,,,,,,,,,,,,,,,,,,,,,,,,,,,,,,,,,,,,,,,,,
2026-10-01 02:00:00,대구광역시,A1300001,영남대학교병원,20261001015237,053-623-8001,Y,Y,0,,3,2,2,6,3,7,Y,,Y,Y,Y,Y,Y,Y,20,Y,99,Y,,Y,Y,0,23,Y,28,3,2,3,21,15,,30,23,7,2,4,4,4,75,5,11,8,5,5,,1,704,1,,Y,Y,A1300001,1,,0,5,2,10,,10,15,,13,20,,0,3,0,3,0,7,1,14,,,,,,,,,,,,,,,,,,,,,,,,,,,,,,,,,0,,0,
2026-10-01 02:00:00,대구광역시,A1300002,경북대학교병원,20261001015405,053-200-5114,Y,Y,,,4,,,4,14,2,Y,,Y,Y,Y,Y,Y,Y,9,Y,64,Y,,Y,Y,-2,17,N1,25,4,,,20,15,,44,17,5,2,5,5,5,82,8,11,11,9,5,,,565,,,Y,Y,A1300002,2,2,2,1,,8,0,7,4,20,,20,2,2,,3,,3,6,0,5,,,,,,,,,1,1,,,4,4,,,,,,,,,,,2,6,2,6,9,2,40,2,,,,
2026-10-01 02:00:00,대구광역시,A1300004,대구가톨릭대학교병원,20261001015419,053-650-3000,Y,Y,,,,1,2,,,1,Y,Y,Y,Y,Y,Y,Y,Y,12,Y,179,Y,0,Y,Y,0,19,N1,24,,1,3,,42,0,,19,9,2,3,3,5,58,20,32,8,3,4,1,,704,,,Y,Y,A1300004,3,,1,4,1,6,,15,25,,6,20,,,,,,,,5,16,,,,,,,,,,,,,,,,,,,,,,,,,,,,,,,,,,,,
2026-10-01 02:00:00,대구광역시,A1300003,계명대학교동산병원,20261001015509,053-1577-6622,Y,Y,1,,2,1,3,8,2,2,Y,Y,Y,Y,Y,Y,Y,Y,7,Y,124,Y,4,Y,Y,0,23,Y,25,3,2,3,9,43,10,20,24,16,6,6,5,7,56,13,37,9,4,14,1,2,769,1,,Y,Y,A1300003,4,,0,0,0,3,,11,13,,4,20,,,,,,,,1,15,,,,,,0,,,1,,7,,8,,,,,,,,,,,,,,,,,,,,,,,
2026-10-01 02:00:00,대구광역시,A1300009,대구파티마병원,20261001015500,053-1688-7770,Y,Y,,,5,2,5,1,3,,Y,,Y,Y,Y,Y,Y,Y,3,Y,153,Y,,Y,Y,1,17,N1,25,5,2,5,2,8,,4,17,,2,5,3,4,32,11,19,5,1,1,,,566,,,Y,Y,A1300009,5,,5,6,4,,,17,8,,9,,,,,,,,,2,12,,,,,,,,,,,,,,,,,,,,,,,,,,,,,,,,,,,,
2026-10-01 02:00:00,대구광역시,A1300010,칠곡경북대학교병원,20261001015405,053-200-2000,Y,Y,,,5,1,2,5,0,13,Y,,Y,Y,Y,Y,Y,Y,7,Y,147,Y,,Y,Y,-2,18,N1,23,7,1,3,6,39,,3,19,13,2,8,5,8,52,9,27,9,3,1,,,778,,,Y,Y,A1300010,6,,6,6,4,8,,8,14,,4,20,,,,,,,,,,1,1,,,,6,1,3,,,10,2,,,8,1,1,,,,,,,,,,,,,,,,,,,
2026-10-01 02:00:00,대구광역시,A1300034,드림종합병원,20261001015428,053-640-8800,,,,,,,1,,,,,,Y,Y,Y,Y,Y,Y,6,Y,34,N1,,N1,N,,3,N1,8,,,1,,,,,3,,,2,1,1,2,,,1,1,,,,159,,,Y,N1,A1300034,7,,,,,,,,,,,,,,,,,,,,,,,,,,,,,,,,,,,,,,,,,,,1,1,,,,,,,,,,,,
2026-10-01 02:00:00,대구광역시,A1300006,의료법인구의료재단구병원,20261001015459,053-560-9114,,,,,,,1,,,,,,Y,,Y,N1,N1,Y,6,N1,16,N1,3,N1,Y,,9,N1,10,,,1,,,18,,9,,,3,1,,3,,,,,,,,235,,,Y,N1,A1300006,8,,,,0,,,,,,1,,,,,,,,,,,,,,,,,,,,,,,,,,,,,,,,,,,,,,,,,,,,,,
2026-10-01 02:00:00,대구광역시,A1300110,더블유병원,20261001015412,053-550-5000,,,,,,,1,,,,,,Y,,Y,N1,N1,Y,10,N1,34,N1,,N1,N,,11,Y,10,,,1,,,,,12,,,1,3,,1,,,,,,,8,431,,,Y,N1,A1300110,9,,,,,,,,,,,,,,,,,,,,,,,,,,,,,,,,,,,,,,,,,,,,,,,,,,,,,,,,
2026-10-01 02:00:00,대구광역시,A1300011,한국보훈복지의료공단대구보훈병원,20261001015139,053-630-7000,,,,,,1,1,,,1,,,Y,Y,Y,Y,N1,Y,12,N1,94,N1,6,N1,Y,,6,N1,12,,1,1,,,13,,6,1,,1,3,2,9,,,,,,,,406,,,Y,N1,A1300011,10,,,,1,,,,,,1,,,,,,,,,,,,,,,,,,,,,,,,,,,,,,,,,,,,,,,,,,,,,,
2026-10-01 02:00:00,대구광역시,A1300045,삼일병원,20261001015535,053-659-3100,,,,,,1,,,,,,,Y,Y,Y,Y,N1,Y,13,N1,62,N1,,N1,N,,4,N1,14,,1,,,,,,4,,,3,2,1,3,,,,,,,,299,,,Y,N1,A1300045,11,,,,,,,,,,,,,,,,,,,,,,,,,,,,,,,,,,,,,,,,,,,,,,,,,,,,,,,,
2026-10-01 02:00:00,대구광역시,A1300038,나사렛종합병원,20261001015500,053-643-1400,,,,,,,1,,,,,,Y,Y,Y,Y,Y,Y,6,N1,56,N1,8,N1,Y,,5,N1,9,,,1,,,28,,5,,,2,2,2,5,,,1,,,,,231,,,Y,N1,A1300038,12,,,,1,,,,,,1,,,1,,9,,,,,,,,,,,,,,,,,,,,,,,,,,,,,,,,,,,,,,,,,
2026-10-01 02:00:00,대구광역시,A1300018,강남종합병원,20261001015043,053-980-9000,,,,,,1,,,,1,,,Y,,Y,N1,N1,Y,9,N1,47,N1,,N1,Y,,5,N1,10,,1,,,,,,5,1,,2,2,,2,,,,,,,,206,,,Y,N1,A1300018,13,,,,,,,,,,,,,,,,,,,,,,,,,,,,,,,,,,,,,,,,,,,,,,,,,,,,,,,,
2026-10-01 02:00:00,대구광역시,A1300005,대구가톨릭대학교칠곡가톨릭병원,20261001015331,053-320-2500,,,,,,,1,,,,,,Y,,Y,N1,N1,Y,7,N1,51,N1,,N1,Y,,3,N1,9,,,1,,,,,3,,,2,2,,1,,,,,,,,161,,,Y,N1,A1300005,14,,,,,,,,,,,,,,,,,,,,,,,,,,,,,,,,,,,,,,,,,,,,,,,,,,,,,,,,
2026-10-01 02:00:00,대구광역시,A1300076,대구굿모닝병원,20261001015355,053-620-9100,,,,,,1,1,,,,,,Y,Y,Y,Y,N1,Y,17,N1,48,N1,2,N1,Y,,2,N1,17,,1,1,,,26,,4,,,2,4,2,13,,,,,,,,226,,,Y,N1,A1300076,15,,,,0,,,,,,1,,,,,,,,,,,,,,,,,,,,,,,,,,,,,,,,,,,,,,,,,,,,,,
2026-10-01 02:00:00,대구광역시,A1300007,대구의료원,20261001015501,053-560-7575,,Y,,,,1,1,,,3,Y,,Y,,Y,N1,N1,Y,18,N1,46,N1,7,Y,Y,,4,N1,18,,1,1,,,18,,4,3,1,1,1,,13,,4,,,,,,254,,,Y,N1,A1300007,16,,,,0,6,,,,,1,82,,,,,,,,,,,,,,,,,,,,,,,,,,,,,,,,,,,,,,,,,,,,,
2026-10-01 02:00:00,대구광역시,A1300081,(재)미리내천주성삼성직수도회천주성삼병원,20261001015502,053-790-1000,,,,,,,1,,,,,,Y,,Y,N1,N1,Y,7,N1,45,N1,,N1,Y,,4,N1,9,,,1,,,,,4,,,1,2,,4,,,,,,,,294,,,Y,N1,A1300081,17,,,,,,,,,,,,,,,,,,,,,,,,,,,,,,,,,,,,,,,,,,,,,,,,,,,,,,,,
2026-10-01 02:00:00,대구광역시,A1300008,곽병원,20261001015416,053-252-2401,,,,,,,2,,,,,,Y,,Y,N1,N1,Y,10,N1,29,N1,,N1,Y,,4,N1,10,,,2,,,,,4,,,1,1,,2,,,,,,,,221,,,Y,N1,A1300008,18,,,,,,,,,,,,,,,,,,,,,,,,,,,,,,,,,,,,,,,,,,,,,,,,,,,,,,,,
2026-10-01 02:00:00,대구광역시,A1303386,계명대학교대구동산병원,20261001015442,053-250-8114,,,,,,1,1,,,,N,,Y,Y,Y,Y,Y,Y,11,N1,48,N,3,N1,Y,,3,N1,12,,1,1,,,7,,3,,0,2,1,1,6,,,6,,0,,,196,,,Y,N1,A1303386,19,,,,0,,,,,,5,,,,,,,,,,,,,,,,,,,,,,,,,,,,,,,,,,,,,,,,,,,,,,
2026-10-01 02:00:00,대전광역시,A1600006,학교법인건양교육재단건양대학교병원,20261001015035,042-600-9999,Y,Y,1,0,5,2,3,5,5,1,Y,,Y,Y,Y,Y,Y,Y,16,Y,257,Y,19,Y,Y,1,20,Y,24,5,2,3,16,24,52,28,20,1,2,4,4,4,46,17,23,10,3,1,,1,658,1,0,Y,Y,A1600006,1,,,,6,13,,,,,7,20,,0,0,0,3,,,,,,,0,0,,,,,,,,,,,,,,0,0,,4,4,,,,,,,,,,,0,0,0,0
2026-10-01 02:00:00,대전광역시,A1600001,충남대학교병원,20261001015300,1599-7123,Y,Y,,,4,2,3,4,5,6,Y,,Y,Y,Y,Y,Y,Y,19,Y,101,Y,2,Y,Y,7,20,N1,28,6,2,3,20,34,12,30,21,14,5,5,4,5,76,12,36,6,8,2,,,966,,,Y,Y,A1600001,2,0,4,3,7,13,,16,14,,8,26,0,0,,0,,1,10,,,,,,,,1,,,,,5,,,,,,,,,,,,0,0,,,,,,,,,,,,
2026-10-01 02:00:00,대전광역시,A1600002,학교법인을지학원대전을지대학교병원,20261001015501,042-611-3000,Y,Y,,0,,2,1,0,4,,Y,,Y,Y,Y,Y,Y,Y,17,Y,102,Y,,Y,Y,17,15,N1,21,,2,1,2,20,,4,15,,16,4,2,4,70,12,47,7,3,3,,,326,,30,Y,Y,A1600002,3,,3,0,0,10,7,19,19,20,11,20,,,,,,0,5,,,,,0,0,0,,,,,,,,,,,,,0,0,0,,,3,3,2,4,2,6,2,2,40,2,,0,,0
2026-10-01 02:00:00,대전광역시,A1600007,의료법인영훈의료재단유성선병원,20261001015452,042-609-1000,,,,,,2,1,0,0,1,Y,,Y,Y,Y,Y,Y,Y,14,Y,35,N1,6,N1,Y,,7,Y,17,,2,1,2,,17,4,7,1,1,3,3,2,17,,,2,1,,,1,364,,,Y,N1,A1600007,4,,,,1,,,,,,1,,,,,,,,,,,,,,,,,,,,,,,,,,,,,,,,,,,,,,,,,,,,,,
2026-10-01 02:00:00,대전광역시,A1600005,학교법인가톨릭학원가톨릭대학교대전성모병원,20261001015510,042-220-9114,Y,Y,,,,3,,,,4,Y,,Y,Y,Y,Y,Y,Y,15,Y,113,N1,,Y,Y,4,12,N1,19,,3,,,4,,,12,4,1,3,2,4,24,4,8,7,2,,,,537,,,Y,Y,A1600005,5,,1,2,0,,,15,3,,1,,,,,,,1,3,2,9,,,,,,,,,0,0,,,3,2,,,,,,,,,,,,,,,,,,,,,,
2026-10-01 02:00:00,대전광역시,A1600008,의료법인영훈의료재단대전선병원,20261001015355,042-220-8114,,,,,,1,3,1,0,0,Y,,Y,Y,Y,Y,Y,Y,16,N1,24,N1,2,N1,Y,,7,N1,17,,1,3,2,,30,3,7,1,1,2,2,2,11,,,3,,,,,308,,,Y,N1,A1600008,6,,,,1,,,,,,1,,,,,,,,,,,,,,,,,,,,,,,,,,,,,,,,,,,,,,,,,,,,,,
2026-10-01 02:00:00,대전광역시,A1600004,대전보훈병원,20261001015330,042-939-0111,,,,,,1,1,,,0,,,Y,Y,Y,Y,N1,Y,7,N1,55,N1,7,N1,Y,,5,N1,7,,1,1,,,10,,5,1,,1,3,1,12,,,,,,,,316,,,Y,N1,A1600004,7,,,,1,,,,,,1,,,,,,,,,,,,,,,,,,,,,,,,,,,,,,,,,,,,,,,,,,,,,,
2026-10-01 02:00:00,대전광역시,A1600003,대전한국병원,20261001015506,042-606-1000,,Y,,,,1,,,,,Y,,Y,Y,Y,Y,Y,Y,8,N1,53,N1,5,Y,Y,,5,N1,9,,1,,,,12,,5,,1,2,2,2,6,,1,1,,,,,241,,,Y,N1,A1600003,8,,,,,,,,,,,,,,,,,,,,,,,,,,,,,,,,,,,,,,,,,,,,,,,,,,,,,,,,
2026-10-01 02:00:00,대전광역시,A1602246,대청병원,20261001015506,1899-6075,,,,,,,1,,,,,,Y,,Y,N1,Y,Y,9,N1,105,N1,0,N1,Y,,3,N1,9,,,1,,,17,,3,,,2,1,,10,,,1,,,,,245,,,Y,N1,A1602246,9,,,,,,,,,,,,,,,,,,,,,,,,,,,,,,,,,,,,,,,,,,,,,,,,,,,,,,,,
2026-10-01 02:00:00,울산광역시,A1700004,학교법인울산공업학원울산대학교병원,20261001015423,052-250-7000,Y,Y,,,8,0,0,5,8,0,Y,,Y,Y,Y,Y,Y,Y,7,Y,40,Y,3,Y,Y,8,20,N1,21,8,0,0,12,26,8,36,20,0,5,7,5,6,83,14,27,17,8,4,,,725,,,Y,Y,A1700004,1,3,5,6,4,10,10,13,16,20,8,20,3,3,1,3,8,0,6,,,,,,4,5,,,,,0,,,,2,,,,,4,5,,,,,2,5,2,6,10,2,42,2,,,,
2026-10-01 02:00:00,울산광역시,A1700028,의료법인정안의료재단중앙병원,20261001015418,052-226-1100,,,,,,1,2,0,2,0,,,Y,Y,Y,Y,Y,Y,14,N1,30,N1,1,N1,Y,,8,N1,17,,1,2,2,,18,4,8,1,,2,2,2,7,,,2,,,,,335,,,Y,N1,A1700028,2,,,,0,,,,,,2,,,,,,,,,,,,,,,,,,,,,,,,,,,,,,,,,,,,,,,,,,,,,,
2026-10-01 02:00:00,울산광역시,A1700003,울산병원,20261001015504,052-259-5000,,,,,,1,2,2,3,,,,Y,Y,Y,Y,Y,Y,19,Y,27,Y,5,N1,Y,,4,Y,19,,1,2,2,,17,3,4,,,2,2,3,12,,,4,1,2,,2,352,,,Y,N1,A1700003,3,,,,0,,,,,,1,,,,,,,,,,,,,,,,,,,,,,,,,,,,,,,,,,,,,,,,,,,,,,
2026-10-01 02:00:00,울산광역시,A1700025,의료법인송은의료재단울산시티병원,20261001015505,052-280-9000,,,,,,1,2,0,1,,,,Y,Y,Y,Y,Y,Y,15,N1,15,N1,2,N1,Y,,8,N1,17,,1,2,2,,24,3,8,,,2,2,2,17,,,4,,,,,347,,,Y,N1,A1700025,4,,,,1,,,,,,3,,,,,,,,,,,,,,,,,,,,,,,,,,,,,,,,,,,,,,,,,,,,,,
2026-10-01 02:00:00,울산광역시,A1700002,의료법인동강의료재단동강병원,20261001015448,052-241-1114,,,,,,1,2,0,1,0,,Y,Y,Y,Y,Y,Y,Y,22,Y,63,N1,,N1,Y,,8,N1,24,,1,2,2,,,3,8,2,,3,2,4,25,,,7,5,,1,,513,,,Y,N1,A1700002,5,,4,0,0,,,14,9,,1,,,,,,,2,13,,,,,,,,,,,,,,,,,,,,,,,,,,,,,,,,,,,,,,
2026-10-01 02:00:00,울산광역시,A1700011,의료법인은성의료재단좋은삼정병원,20261001015240,052-220-7500,,,,,,,1,,,0,,,Y,Y,Y,Y,Y,Y,9,N1,39,N1,4,N1,Y,,7,N1,9,,,1,,,14,,7,1,,2,2,1,8,,,1,,,,,283,,,Y,N1,A1700011,6,,,,0,,,,,,1,,,,,,,,,,,,,,,,,,,,,,,,,,,,,,,,,,,,,,,,,,,,,,
2026-10-01 02:00:00,울산광역시,A1700001,서울산보람병원,20261001015450,052-255-7114,,,,,,,1,,,,,,Y,,Y,N1,N1,Y,9,N1,83,N1,,N1,Y,,3,N1,10,,,1,,,,,3,,,1,1,,1,,,,,,,,213,,,Y,N1,A1700001,7,,,,,,,,,,,,,,,,,,,,,,,,,,,,,,,,,,,,,,,,,,,,,,,,,,,,,,,,
2026-10-01 02:00:00,세종특별자치시,A1800441,세종충남대학교병원,20261001015300,1800-3114,Y,Y,,,0,1,2,,,4,Y,,Y,Y,Y,Y,Y,Y,12,Y,51,Y,4,Y,Y,-2,8,N1,17,0,1,2,,19,11,,8,4,3,2,2,3,35,8,21,7,3,2,,,300,,,Y,Y,A1800441,1,,,,0,,,,,,2,,,,,,,,,,,0,0,,,,,1,5,,,,2,,,6,0,0,,,,,,,,,,,,,,,,,,,
2026-10-01 02:00:00,세종특별자치시,A1800417,의료법인 영제 의료재단 엔케이세종병원,20261001015513,044-850-7700,,,,,,,1,,,,,,Y,,Y,N1,N1,Y,9,N1,125,N1,,N1,Y,,3,N1,10,,,1,,,,,3,,,1,1,,1,,,,,,,,200,,,Y,N1,A1800417,2,,,,,,,,,,,,,,,,,,,,,,,,,,,,,,,,,,,,,,,,,,,,,,,,,,,,,,,,
2026-10-01 02:00:00,전남광주통합특별시,A1500002,전남대학교병원,20261001015500,1899-0000,Y,Y,,,0,,,4,4,5,Y,,Y,Y,Y,Y,Y,Y,15,Y,177,Y,1,Y,Y,1,20,Y,26,4,,,18,33,8,30,20,7,8,5,4,8,78,24,30,20,13,6,,1,803,,,Y,Y,A1500002,1,2,3,3,,11,8,11,12,20,,32,2,2,0,5,2,3,13,8,15,,,,,,0,,,2,,8,,9,,,,,,,,,,,,2,3,2,6,6,2,40,2,,,,
2026-10-01 02:00:00,전남광주통합특별시,A1500001,조선대학교병원,20261001015605,1811-7474,Y,Y,,,4,0,0,7,2,4,Y,Y,Y,Y,Y,Y,Y,Y,16,Y,96,Y,,Y,Y,8,15,Y,23,4,0,0,20,20,,28,15,5,3,5,3,3,65,11,15,24,5,1,1,1,568,,,Y,Y,A1500001,2,2,2,3,0,10,,16,19,,2,20,2,3,0,3,2,,,2,19,,,,,,,,,,,,,,,,,,,,,,,,,,,,,,,,,1,,2,
2026-10-01 02:00:00,전남광주통합특별시,A2600011,목포한국병원,20261001015446,061-270-5500,Y,Y,,,3,2,3,1,5,0,Y,,Y,Y,Y,Y,Y,Y,11,Y,92,Y,3,Y,Y,,6,Y,16,3,2,3,20,,27,42,6,2,1,4,2,3,48,1,1,14,2,3,,1,418,,,Y,Y,A2600011,3,,,,0,,2,,,20,1,,,,0,,1,,,,,,,,,,,,,,,,,,,,,,,,,,,,,2,6,2,6,13,2,40,2,,,,
2026-10-01 02:00:00,전남광주통합특별시,A2600019,성가롤로병원,20261001015118,061-720-2000,N,Y,,,2,2,3,0,18,5,Y,,Y,Y,Y,Y,Y,Y,5,Y,62,Y,,Y,Y,,9,Y,18,4,2,3,25,,,30,9,31,1,4,4,4,27,1,3,8,1,2,,3,481,,,Y,N,A2600019,4,,0,2,0,,,7,11,,1,,,,0,,4,1,8,,,,,,,,,,,,,,,,,,,,,,,,,,,,,,,,,,,,,,
2026-10-01 02:00:00,전남광주통합특별시,A1500019,KS병원,20261001015053,062-975-9000,,,,,6,1,2,0,1,,,,Y,Y,Y,Y,Y,Y,12,N1,32,Y,4,N1,Y,,4,N1,15,7,1,2,2,,12,3,4,,,2,2,1,5,,,1,,1,,,267,,,Y,N1,A1500019,5,,3,,,,,9,,,,,,,,,,,,,,,,,,,,,,,,,,,,,,,,,,,,0,0,,,,,,,,,,,,
2026-10-01 02:00:00,전남광주통합특별시,A1500011,첨단종합병원,20261001015423,062-601-8000,,,,,,1,2,2,2,1,,,Y,Y,Y,Y,Y,Y,20,N1,106,N1,7,N1,Y,,5,N1,22,,1,2,2,,21,3,5,1,,2,2,1,11,,,1,,,,,409,,,Y,N1,A1500011,6,,,,1,11,,,,,1,49,,,,,,,,,,,,,,,,,,,,,,,,,,,,,,,,,,,,,,,,,,,,,
2026-10-01 02:00:00,전남광주통합특별시,A1500021,광주기독병원,20261001015053,062-650-5000,,,,,,0,1,,,,N,,Y,Y,Y,Y,Y,Y,16,N1,41,N1,,N1,Y,3,9,N1,20,,1,2,,3,,,9,,0,2,2,2,11,,,2,,,,,514,,,Y,N1,A1500021,7,,0,0,0,,,16,9,,3,,,,,,,,,,,,,,,,,,,,,,,,,,,,,,,,,,,,,,,,,,,,,,
2026-10-01 02:00:00,전남광주통합특별시,A2600017,의료법인목포구암의료재단목포중앙병원,20261001015607,061-280-3000,,,,,,2,2,,,,,,Y,Y,Y,Y,Y,Y,13,N1,60,Y,7,N1,Y,,4,N1,16,,2,2,,,16,,4,,,2,1,2,10,,,1,,1,,,275,,,Y,N1,A2600017,8,,,,2,6,,,,,2,49,,,,,,,,,,,,,,,,,,,,,,,,,,,,,,,,,,,,,,,,,,,,,
2026-10-01 02:00:00,전남광주통합특별시,A1500020,서광병원,20261001015433,062-600-8000,,,,,2,2,1,1,1,1,N,,Y,N,Y,N,Y,Y,18,N1,73,N1,6,N1,Y,,2,N1,18,2,2,1,2,,17,3,2,1,0,1,1,0,1,,,1,,,,,176,,,Y,N1,A1500020,9,,,,0,,,,,,1,,,,,,,,,,,,,,,,,,,,,,,,,,,,,,,,,,,,,,,,,,,,,,
2026-10-01 02:00:00,전남광주통합특별시,A2600014,여천전남병원,20261001015108,061690-6000,,,,,,1,2,,,,,,Y,Y,Y,Y,Y,Y,17,N1,116,N1,3,N1,Y,,5,N1,17,,1,2,,,14,,5,,,2,2,1,6,,,1,,,,,299,,,Y,N1,A2600014,10,,,,,,,,,,,,,,,,,,,,,,,,,,,,,,,,,,,,,,,,,,,,,,,,,,,,,,,,
2026-10-01 02:00:00,전남광주통합특별시,A2600001,화순전남대학교병원,20261001015500,061-379-7120,,Y,,,1,,2,0,1,5,,,Y,Y,Y,Y,Y,Y,15,Y,7,N1,,Y,Y,1,14,N1,16,1,,2,2,1,,4,14,5,,5,4,2,31,,1,7,1,,,,546,,,Y,N1,A2600001,11,1,3,7,1,,,8,12,,2,,1,4,,4,,,,,,,,,,,,,,,,,,,,,,,,,,,,,,,,,,,,,,,,,
2026-10-01 02:00:00,전남광주통합특별시,A2600050,전라남도강진의료원,20261001015002,061-433-2167,,Y,,,,,1,,,,Y,,Y,,Y,N1,N1,Y,7,N1,62,N1,,Y,Y,,3,N1,9,,,1,,,,,3,,1,1,1,,2,,2,,,,,,171,,,Y,N1,A2600050,12,,,,,,,,,,,,,,,,,,,,,,,,,,,,,,,,,,,,,,,,,,,,,,,,,,,,,,,,
2026-10-01 02:00:00,전남광주통합특별시,A2600018,의료법인영성의료재단고흥종합병원,20261001015441,061-832-1911,Y,Y,,,,,,,,,Y,,Y,,Y,N1,N1,Y,10,N1,168,N1,1,Y,Y,,2,N1,10,,,,,,12,,2,,1,1,1,,4,1,1,,,,,,271,,,Y,Y,A2600018,13,,,,,,,,,,,,,,,,,,,,,,,,,,,,,,,,,,,,,,,,,,,,,,,,,,,,,,,,
2026-10-01 02:00:00,전남광주통합특별시,A2600068,의료법인장호의료재단녹동현대병원,20261001014845,061-840-1200,,,,,,,2,,,,,,Y,,Y,N1,N1,Y,2,N1,37,N1,,N1,Y,,2,N1,3,,,2,,,,,2,,,1,1,,3,,,,,,,,118,,,Y,N1,A2600068,14,,,,,,,,,,,,,,,,,,,,,,,,,,,,,,,,,,,,,,,,,,,,,,,,,,,,,,,,
2026-10-01 02:00:00,전남광주통합특별시,A2600029,곡성사랑병원,20261001015254,061-360-6000,,,,,,,1,,,,,,Y,,Y,N1,N1,Y,5,N1,11,N1,,N1,N1,,1,N1,5,,,1,,,,,1,,,1,,,1,,,,,,,,46,,,Y,N1,A2600029,15,,,,,13,,,,,,45,,,,,,,,,,,,,,,,,,,,,,,,,,,,,,,,,,,,,,,,,,,,,
2026-10-01 02:00:00,전남광주통합특별시,A1500006,신가병원,20261001015127,062-610-8702,,,,,,,1,,,,,,Y,,Y,N1,N1,Y,8,N1,46,N1,,N1,Y,,3,N1,9,,,1,,,,,3,,,1,1,,1,,,,,,,,201,,,Y,N1,A1500006,16,,,,,,,,,,,,,,,,,,,,,,,,,,,,,,,,,,,,,,,,,,,1,1,,,,,,,,,,,,
2026-10-01 02:00:00,전남광주통합특별시,A1502007,광주센트럴병원,20261001015430,062-950-9700,,,,,,,1,,,,,,Y,,Y,N1,N1,Y,8,N1,48,N1,,N1,Y,,3,N1,10,,,1,,,,,3,,,1,1,,1,,,,,,,,299,,,Y,N1,A1502007,17,,,,,,,,,,,,,,,,,,,,,,,,,,,,,,,,,,,,,,,,,,,,,,,,,,,,,,,,
2026-10-01 02:00:00,전남광주통합특별시,A1500017,하남성심병원,20261001015043,062-953-6000,,,,,,,1,,,,,,Y,,Y,N1,N1,Y,14,N1,46,N1,4,N1,Y,,5,N1,19,,,1,,,10,,5,,,1,1,,4,,,,,,,,261,,,Y,N1,A1500017,18,,,,,,,,,,,,,,,,,,,,,,,,,,,,,,,,,,,,,,,,,,,,,,,,,,,,,,,,
2026-10-01 02:00:00,전남광주통합특별시,A1500018,광주수완병원,20261001015351,062-958-1111,,,,,,,0,,,,,,Y,,Y,N1,N1,Y,8,N1,52,N1,,N1,Y,,3,N1,9,,,1,,,,,3,,,1,1,,2,,,,,,,,177,,,Y,N1,A1500018,19,,,,,,,,,,,,,,,,,,,,,,,,,,,,,,,,,,,,,,,,,,,,,,,,,,,,,,,,
2026-10-01 02:00:00,전남광주통합특별시,A1500004,광주보훈병원,20261001015458,062-602-6021,,,,30,,1,1,,,1,,,Y,Y,Y,Y,Y,Y,14,N1,93,N1,15,N1,Y,,7,N1,14,,1,1,,,25,,7,2,,2,3,2,11,,,2,,,,,512,,30,Y,N1,A1500004,20,,,,1,,,,,,1,,,,,,,,,,,,,,,,,,,,,,,,,,,,,,,,,,,,,,,,,,,,,,
2026-10-01 02:00:00,전남광주통합특별시,A2600006,광양사랑병원,20261001015527,061797-7000,,,,,,,1,,,,,,Y,,Y,N1,Y,Y,9,N1,59,N1,4,N1,Y,,3,N1,9,,,1,,,9,,3,,,1,1,,4,,,1,,,,,149,,,Y,N1,A2600006,21,,,,,,,,,,,,,,,,,,,,,,,,,,,,,,,,,,,,,,,,,,,,,,,,,,,,,,,,
2026-10-01 02:00:00,전남광주통합특별시,A2600024,의료법인현경의료재단광양서울병원,20261001015439,061-798-9800,,,,,,,1,,,,,,Y,,Y,N1,Y,Y,9,N1,58,N1,,N1,Y,,3,N1,9,,,1,,,,,3,,,1,1,,3,,,1,,,,,208,,,Y,N1,A2600024,22,,,,,,,,,,,,,,,,,,,,,,,,,,,,,,,,,,,,,,,,,,,,,,,,,,,,,,,,
2026-10-01 02:00:00,전남광주통합특별시,A2600061,구례병원,20261001015535,061780-3300,,,,,,,0,,,,,,Y,,Y,N1,N1,Y,10,N1,34,N1,,N1,N1,,1,N1,10,,,0,,,,,1,,,1,,,1,,,,,,,,97,,,Y,N1,A2600061,23,,,,,,,,,,,,,,,,,,,,,,,,,,,,,,,,,,,,,,,,,,,,,,,,,,,,,,,,
2026-10-01 02:00:00,전남광주통합특별시,A2600016,나주종합병원,20261001015158,061-330-6114,,,,,,,,,,,,,Y,,Y,N1,N1,Y,6,N1,50,N1,,N1,Y,,3,N1,10,,,,,,,,3,,,1,1,,2,,,,,,,,178,,,Y,N1,A2600016,24,,,,,,,,,,,,,,,,,,,,,,,,,,,,,,,,,,,,,,,,,,,,,,,,,,,,,,,,
2026-10-01 02:00:00,전남광주통합특별시,A2602211,빛가람종합병원,20261001015451,061-820-0820,,,,,,,1,,,,,,Y,,Y,N1,N1,Y,7,N1,15,N1,,N1,Y,,4,N1,9,,,1,,,,,4,,,1,1,,2,,,,,,,,192,,,Y,N1,A2602211,25,,,,,,,,,,,,,,,,,,,,,,,,,,,,,,,,,,,,,,,,,,,,,,,,,,,,,,,,
2026-10-01 02:00:00,전남광주통합특별시,A1500013,동아병원,20261001015531,062-650-2500,,,,,,,1,,,,,,Y,,Y,N1,N1,Y,7,N1,66,N1,,N1,Y,,1,N1,9,,,1,,,,,6,,,1,2,,1,,,,,,,,276,,,Y,N1,A1500013,26,,,,,,,,,,,,,,,,,,,,,,,,,,,,,,,,,,,,,,,,,,,,,,,,,,,,,,,,
2026-10-01 02:00:00,전남광주통합특별시,A1500009,광주씨티병원,20261001015304,062-604-7000,,,,,,,1,,,,,,Y,,Y,N1,N1,Y,9,N1,36,N1,,N1,Y,,4,N1,10,,,1,,,,,4,,,1,1,,1,,,,,,,,173,,,Y,N1,A1500009,27,,,,,,,,,,,,,,,,,,,,,,,,,,,,,,,,,,,,,,,,,,,,,,,,,,,,,,,,
2026-10-01 02:00:00,전남광주통합특별시,A2600054,담양사랑병원,20261001015528,061-380-9000,,,,,,,2,,,,,,Y,,Y,N1,N1,Y,6,N1,45,N1,,N1,N1,,2,N1,6,,,2,,,,,2,,,1,,,1,,,,,,,,86,,,Y,N1,A2600054,28,,,,,,,,,,,,,,,,,,,,,,,,,,,,,,,,,,,,,,,,,,,,,,,,,,,,,,,,
2026-10-01 02:00:00,전남광주통합특별시,A2600020,목포기독병원,20261001015252,061-280-7500,,,,,,,1,,,,,,Y,,Y,N1,Y,Y,17,N1,78,N1,11,N1,Y,,4,N1,17,,,1,,,14,,4,,,1,2,,9,,,1,,,,,340,,,Y,N1,A2600020,29,,,,2,,,,,,3,,,,,,,,,,,,,,,,,,,,,,,,,,,,,,,,,2,2,,,,,,,,,,,,
2026-10-01 02:00:00,전남광주통합특별시,A2600022,목포시의료원,20261001015501,061-260-6500,,,,,,,1,,1,,,,Y,,Y,N1,N1,Y,9,N1,69,N1,,N1,Y,,3,N1,9,,,1,,,,1,3,,,1,1,,1,,,,,,,,253,,,Y,N1,A2600022,30,,,,,4,,,,,,45,,,,,,,,,,,,,,,,,,,,,,,,,,,,,,,,,,,,,,,,,,,,,
2026-10-01 02:00:00,전남광주통합특별시,A2600003,대송의료재단무안병원,20261001015042,061-450-3000,,,,,,,1,,,,,,Y,,Y,N1,Y,Y,3,N1,53,N1,0,N1,Y,,2,N1,4,,,1,,,13,,2,,,1,1,,1,,,1,,,,,173,,,Y,N1,A2600003,31,,,,,11,,,,,,105,,,,,,,,,,,,,,,,,,,,,,,,,,,,,,,,,,,,,,,,,,,,,
2026-10-01 02:00:00,전남광주통합특별시,A2600052,보성아산병원,20261001015000,061-850-3410,,,,,,,1,,,,,,Y,,Y,N1,N1,Y,8,N1,58,N1,,N1,N1,,2,N1,8,,,1,,,,,2,,,1,,,2,,,,,,,,100,,,Y,N1,A2600052,32,,,,,,,,,,,,,,,,,,,,,,,,,,,,,,,,,,,,,,,,,,,,,,,,,,,,,,,,
2026-10-01 02:00:00,전남광주통합특별시,A2600066,의료법인삼호의료재단벌교삼호병원,20261001014756,061-859-5000,,,,,,,1,,,,,,Y,,Y,N1,N1,Y,6,N1,34,N1,,N1,N1,,1,N1,6,,,1,,,,,1,,,1,,,1,,,,,,,,80,,,Y,N1,A2600066,33,,,,,72,,,,,,261,,,,,,,,,,,,,,,,,,,,,,,,,,,,,,,,,,,,,,,,,,,,,
2026-10-01 02:00:00,전남광주통합특별시,A1500015,광주병원,20261001014919,062-260-7000,,,,,,,1,,,,,,Y,Y,Y,Y,N1,Y,6,N1,21,N1,0,N1,Y,,4,N1,10,,,1,,,13,,4,,,1,1,1,1,,,,,,,,278,,,Y,N1,A1500015,34,,,,,,,,,,,,,,,,,,,,,,,,,,,,,,,,,,,,,,,,,,,,,,,,,,,,,,,,
2026-10-01 02:00:00,전남광주통합특별시,A1500010,운암한국병원,20261001015256,062-608-8000,,,,,,,1,,,,,,N,,Y,N1,N1,N,7,N1,33,N1,,N1,N,,3,N1,9,,,1,,,,,3,,,1,1,,1,,,,,,,,208,,,Y,N1,A1500010,35,,,,,,,,,,,,,,,,,,,,,,,,,,,,,,,,,,,,,,,,,,,,,,,,,,,,,,,,
2026-10-01 02:00:00,전남광주통합특별시,A1500003,광주현대병원,20261001015228,062-570-0114,,,,,,,1,,,,,,Y,,Y,N1,N1,Y,5,N1,41,N1,,N1,Y,,5,N1,9,,,1,,,,,5,,,1,2,,1,,,,,,,,236,,,Y,N1,A1500003,36,,,,,,,,,,,,,,,,,,,,,,,,,,,,,,,,,,,,,,,,,,,1,1,,,,,,,,,,,,
2026-10-01 02:00:00,전남광주통합특별시,A1500005,광주일곡병원,20261001015117,062-608-7013,,,,,,,1,,,,,,Y,,Y,N1,N1,Y,5,N1,35,N1,,N1,Y,,2,N1,9,,,1,,,,,2,,,1,1,,1,,,,,,,,144,,,Y,N1,A1500005,37,,,,,,,,,,,,,,,,,,,,,,,,,,,,,,,,,,,,,,,,,,,,,,,,,,,,,,,,
2026-10-01 02:00:00,전남광주통합특별시,A1500007,광주희망병원,20261001015117,062-608-6000,,,,,,,1,,,,,,,,Y,N1,N1,N1,9,N1,70,N1,6,N1,N1,,2,N1,9,,,1,,,8,,3,,,,,,,,,,,,,,182,,,N1,N1,A1500007,38,,,,1,,,,,,1,,,,,,,,,,,,,,,,,,,,,,,,,,,,,,,,,,,,,,,,,,,,,,
2026-10-01 02:00:00,전남광주통합특별시,A1500022,상무병원,20261001015531,062-600-7000,,,,,,,1,,,,,,Y,,Y,N1,N1,Y,8,N1,59,N1,,N1,Y,,3,N1,9,,,1,,,,,3,,,1,1,,1,,,,,,,,202,,,Y,N1,A1500022,39,,,,,,,,,,,,,,,,,,,,,,,,,,,,,,,,,,,,,,,,,,,,,,,,,,,,,,,,
2026-10-01 02:00:00,전남광주통합특별시,A1500016,광주한국병원,20261001015344,062-380-3000,,,,,,,1,,,,,,Y,,Y,N1,N1,Y,13,N1,82,N1,,N1,Y,,4,N1,15,,,1,,,,,4,,,1,1,,1,,,,,,,,259,,,Y,N1,A1500016,40,,,,,,,,,,,,,,,,,,,,,,,,,,,,,,,,,,,,,,,,,,,,,,,,,,,,,,,,
2026-10-01 02:00:00,전남광주통합특별시,A1500014,미래로21병원,20261001015442,062-450-1000,,,,,,,1,,,,,,Y,Y,Y,Y,Y,Y,8,N1,49,N1,4,N1,Y,,3,N1,9,,,1,,,8,,3,,,1,1,1,4,,,1,,,,,192,,,Y,N1,A1500014,41,,,,,,,,,,,,,,,,,,,,,,,,,,,,,,,,,,,,,,,,,,,,,,,,,,,,,,,,
2026-10-01 02:00:00,전남광주통합특별시,A2600008,순천제일병원,20261001015329,061-720-3413,,,,,,,1,,,,,,Y,,Y,N1,N1,Y,9,N1,9,N1,,N1,Y,,2,N1,9,,,1,,,,,2,,,1,1,,1,,,,,,,,200,,,Y,N1,A2600008,42,,,,,,,,,,,,,,,,,,,,,,,,,,,,,,,,,,,,,,,,,,,,,,,,,,,,,,,,
2026-10-01 02:00:00,전남광주통합특별시,A2600056,전라남도순천의료원,20261001015501,061-759-9114,,,,,,0,1,,,6,,,Y,,Y,N1,N1,Y,6,N1,53,N1,4,N1,Y,,3,N1,6,,1,1,,,7,,3,15,,1,1,,13,,,,,,,,164,,,Y,N1,A2600056,43,,,,,23,,,,,,80,,,,,,,,,,,,,,,,,,,,,,,,,,,,,,,,,,,,,,,,,,,,,
2026-10-01 02:00:00,전남광주통합특별시,A2600005,의료법인한국의료재단한국병원,20261001015444,061-740-5000,,,,,,,1,,,,,,Y,,Y,N1,N1,Y,9,N1,88,N1,3,N1,Y,,3,N1,11,,,1,,,9,,3,,,1,1,,4,,,,,,,,229,,,Y,N1,A2600005,44,,,,,,,,,,,,,,,,,,,,,,,,,,,,,,,,,,,,,,,,,,,,,,,,,,,,,,,,
2026-10-01 02:00:00,전남광주통합특별시,A2600004,순천중앙병원,20261001015434,061-743-9021,,,,,,,1,,,,,,Y,,Y,N1,N1,Y,4,N1,70,N1,,N1,Y,,2,N1,5,,,1,,,,,2,,,1,1,,1,,,,,,,,200,,,Y,N1,A2600004,45,,,,,,,,,,,,,,,,,,,,,,,,,,,,,,,,,,,,,,,,,,,,,,,,,,,,,,,,
2026-10-01 02:00:00,전남광주통합특별시,A2600051,의료법인신안대우병원,20261001015532,061-262-3301,,,,,,,1,,,,,,Y,,Y,N1,N1,Y,4,N1,24,N1,,N1,N1,,,N1,4,,,1,,,,,,,,1,,,1,,,,,,,,30,,,Y,N1,A2600051,46,,,,,,,,,,,,,,,,,,,,,,,,,,,,,,,,,,,,,,,,,,,,,,,,,,,,,,,,
2026-10-01 02:00:00,전남광주통합특별시,A2600027,의료법인한마음의료재단여수제일병원,20261001015446,061-689-8123,,Y,,,,,1,,,,Y,,Y,,Y,N1,Y,Y,9,Y,30,N1,10,Y,Y,,6,N1,9,,,1,,,13,,6,,1,2,2,,5,,3,2,1,,,,365,,,Y,N1,A2600027,47,,,,1,,,,,,1,,,,,,,,,,,,,,,,,,,,,,,,,,,,,,,,,,,,,,,,,,,,,,
2026-10-01 02:00:00,전남광주통합특별시,A2600010,여수전남병원,20261001015521,061640-7128,,,,,,,1,,,,,,Y,,Y,N1,Y,Y,6,N1,35,N1,1,N1,Y,,4,N1,10,,,1,,,11,,4,,,2,1,,8,,,1,,,,,272,,,Y,N1,A2600010,48,,,,,,,,,,,,,,,,,,,,,,,,,,,,,,,,,,,,,,,,,,,,,,,,,,,,,,,,
2026-10-01 02:00:00,전남광주통합특별시,A2600034,의료법인 거명의료재단 영광기독병원,20261001015457,061-350-3000,,,,,,,1,,,,,,Y,,Y,N1,N1,Y,10,N1,43,N1,0,N1,Y,,2,N1,10,,,1,,,11,,2,,,1,1,,3,,,,,,,,195,,,Y,N1,A2600034,49,,,,,,,,,,,,,,,,,,,,,,,,,,,,,,,,,,,,,,,,,,,,,,,,,,,,,,,,
2026-10-01 02:00:00,전남광주통합특별시,A2600015,영광종합병원,20261001015350,061-350-8000,,N,,,,,1,,,,N,,Y,,Y,N1,N1,Y,9,N1,65,N1,0,N,Y,,3,N1,10,,,1,,,7,,3,,0,1,1,,4,,0,,,,,,259,,,Y,N1,A2600015,50,,,,,,,,,,,,,,,,,,,,,,,,,,,,,,,,,,,,,,,,,,,0,0,,,,,,,,,,,,
2026-10-01 02:00:00,전남광주통합특별시,A2600070,영암한국병원,20261001015520,061-470-7100,,,,,,,0,,,,,,Y,,Y,N1,N1,Y,8,N1,28,N1,,N1,N1,,2,N1,8,,,1,,,,,2,,,1,,,1,,,,,,,,126,,,Y,N1,A2600070,51,,,,,34,,,,,,172,,,,,,,,,,,,,,,,,,,,,,,,,,,,,,,,,,,,,,,,,,,,,
2026-10-01 02:00:00,전남광주통합특별시,A2600032,완도대성병원,20261001015501,061-553-1234,,,,,,,1,,,,,,Y,,Y,N1,N1,Y,5,N1,52,N1,,N1,N1,,1,N1,5,,,1,,,,,1,,,1,,,1,,,,,,,,98,,,Y,N1,A2600032,52,,,,,,,,,,,,,,,,,,,,,,,,,,,,,,,,,,,,,,,,,,,,,,,,,,,,,,,,
2026-10-01 02:00:00,전남광주통합특별시,A2600035,의료법인행복나눔의료재단장성병원,20261001015256,061-390-9000,,,,,,,1,,,,,,Y,,Y,N1,N1,Y,2,N1,40,N1,,N1,N1,,,N1,4,,,1,,,,,1,,,1,,,,,,,,,,,104,,,N1,N1,A2600035,53,,,,,,,,,,,16,,,,,,,,,,,,,,,,,,,,,,,,,,,,,,,,,,,,,,,,,,,,,
2026-10-01 02:00:00,전남광주통합특별시,A2600021,의료법인우범의료재단장흥종합병원,20261001015534,061-862-8300,,,,,,,1,,,,,,Y,,Y,N1,N1,Y,8,N1,45,N1,,N1,Y,,2,N1,9,,,1,,,,,2,,,1,1,,1,,,,,,,,182,,,Y,N1,A2600021,54,,,,,,,,,,,,,,,,,,,,,,,,,,,,,,,,,,,,,,,,,,,,,,,,,,,,,,,,
2026-10-01 02:00:00,전남광주통합특별시,A2600037,장흥우리병원,20261001015514,061-862-6262,,,,,,,1,,,,,,Y,,Y,N1,N1,Y,4,N1,73,N1,2,N1,Y,,2,N1,4,,,1,,,5,,2,,,1,1,,1,,,,,,,,140,,,Y,N1,A2600037,55,,,,,,,,,,,,,,,,,,,,,,,,,,,,,,,,,,,,,,,,,,,,,,,,,,,,,,,,
2026-10-01 02:00:00,전남광주통합특별시,A2602088,의료법인남우의료재단 진도전남병원,20261001015307,061544-7933,,,,,,,1,,,,,,,,Y,N1,N1,N1,5,N1,48,N1,,N1,N1,,,N1,5,,,1,,,,,,,,,,,1,,,,,,,,100,,,Y,N1,A2602088,56,,,,,,,,,,,,,,,,,,,,,,,,,,,,,,,,,,,,,,,,,,,,,,,,,,,,,,,,
2026-10-01 02:00:00,전남광주통합특별시,A2600040,진도한국병원,20261001015410,061-544-2051,,,,,,,1,,,,,,,,Y,N1,N1,N1,4,N1,24,N1,,N1,N1,,,N1,4,,,1,,,,,,,,,,,,,,,,,,,40,,,N1,N1,A2600040,57,,,,,,,,,,,,,,,,,,,,,,,,,,,,,,,,,,,,,,,,,,,,,,,,,,,,,,,,
2026-10-01 02:00:00,전남광주통합특별시,A2600077,해남우리종합병원,20261001015519,061530-7000,,,,5,,,4,,,,,,Y,,Y,N1,N1,Y,14,N1,98,N1,3,N1,Y,,2,N1,15,,,4,,,23,,2,,,2,1,,9,,,,,,,,338,,24,Y,N1,A2600077,58,,,,2,,,,,,2,,,,,,,,,,,,,,,,,,,,,,,,,,,,,,,,,,,,,,,,,,,,,,
2026-10-01 02:00:00,전남광주통합특별시,A2600009,의료법인행촌의료재단해남종합병원,20261001015505,061-536-4116,,,,18,,,1,,,,Y,,Y,,Y,N1,N1,Y,10,N1,142,N1,4,N1,Y,,3,N1,10,,,1,,,18,,3,,1,1,1,,1,,,,,,,,351,,18,Y,N1,A2600009,59,,,,,,,,,,,,,,,,,,,,,,,,,,,,,,,,,,,,,,,,,,,,,,,,,,,,,,,,
2026-10-01 02:00:00,강원특별자치도,A2200008,강릉아산병원,20261001015515,033-610-3114,Y,Y,0,,3,2,3,1,8,,Y,,Y,Y,Y,Y,Y,Y,13,Y,27,Y,,Y,Y,1,15,Y,23,3,2,3,18,13,,38,15,,2,4,3,4,33,8,12,8,5,1,,2,604,1,,Y,Y,A2200008,1,,0,0,,,,14,16,,,,,,0,,6,,,,,,,,,,,,,,,,,,,,,,,,,,,,,,,,,,,,,,,,
2026-10-01 02:00:00,강원특별자치도,A2200001,연세대학교원주세브란스기독병원,20261001015002,033-741-0114,Y,Y,0,,3,2,3,2,5,,Y,,Y,Y,Y,Y,Y,Y,18,Y,31,Y,,Y,Y,-1,15,Y,29,3,2,3,20,19,,30,15,,2,5,4,7,100,12,25,16,7,13,,4,584,2,,Y,Y,A2200001,2,1,5,3,,4,4,15,12,20,,24,4,24,,36,,,,3,15,,,,,,,,,,,,,,,,,,,,,,,,,2,6,2,6,5,2,40,2,,,,
2026-10-01 02:00:00,강원특별자치도,A2200013,한림대학교춘천성심병원,20261001015107,033-240-5000,Y,Y,,,2,,,3,22,2,Y,Y,Y,Y,Y,Y,Y,Y,14,Y,63,Y,6,Y,Y,,9,Y,22,3,,,20,,20,45,9,2,1,2,2,3,33,1,4,6,2,1,1,1,266,,,Y,Y,A2200013,3,2,,,0,,,,,,2,,2,3,1,3,2,,,,,,,,,,,,,0,,,,8,,,,,,,,,,,,,,,,,,,,,,,
2026-10-01 02:00:00,강원특별자치도,A2200005,의료법인강릉동인병원,20261001015433,033-650-6113,,,,,,1,2,0,2,,,,Y,Y,Y,Y,Y,Y,17,N1,92,N1,0,N1,Y,,5,N1,17,,1,2,2,,10,4,5,,,2,1,1,14,,,1,,,,,244,,,Y,N1,A2200005,4,,0,,2,4,,12,,,2,101,,,,,,,,,,,,,,,,,,,,,,,,,,,,,,,,,,,,,,,,,,,,,
2026-10-01 02:00:00,강원특별자치도,A2200007,강원특별자치도삼척의료원,20261001015502,033-572-1141,,Y,,,1,2,1,1,3,8,Y,,Y,,Y,N1,Y,Y,15,N1,57,N1,0,Y,Y,,4,N1,16,1,2,1,2,,6,3,4,10,1,1,1,,3,,3,1,,,,,189,,,Y,N1,A2200007,5,,,,0,,,,,,2,,,,,,,,,,,,,,,,,,,,,,,,,,,,,,,,,,,,,,,,,,,,,,
2026-10-01 02:00:00,강원특별자치도,A2200012,강원특별자치도속초의료원,20261001015502,033-630-6000,Y,Y,,,,2,1,,,,Y,,Y,,Y,N1,N1,Y,17,N1,61,N1,3,Y,Y,,3,N1,17,,2,1,,,8,,3,,2,1,1,,7,1,1,,,,,,154,,,Y,Y,A2200012,6,,,,,,,,,,,,,,,,,,,,,,,,,,,,,,,,,,,,,,,,,,,,,,,,,,,,,,,,
2026-10-01 02:00:00,강원특별자치도,A2200009,강원대학교병원,20261001015500,033-258-2000,Y,Y,-1,,3,2,3,1,,6,Y,,Y,Y,Y,Y,Y,Y,17,Y,213,Y,,Y,Y,10,11,N1,21,3,2,3,5,15,,,11,14,3,4,2,4,43,13,24,12,3,10,,,508,0,,Y,Y,A2200009,7,,3,,0,5,,10,,,2,16,,,,,,3,8,1,8,,,,,,2,,,,,8,,,,,,,,,,,,,,,,,,,,,,,,,
2026-10-01 02:00:00,강원특별자치도,A2200011,강원특별자치도강릉의료원,20261001015501,033-610-1200,,,,20,,,1,,,5,,,Y,,Y,N1,N1,Y,3,N1,36,N1,0,N1,Y,,2,N1,5,,,1,,,8,,2,5,,1,1,,4,,,,,,,,122,,20,Y,N1,A2200011,8,,,,,,,,,,,,,,,,,,,,,,,,,,,,,,,,,,,,,,,,,,,,,,,,,,,,,,,,
2026-10-01 02:00:00,강원특별자치도,A2200003,의료법인동해동인병원,20261001015437,033-530-0114,,,,,,,1,,,,,,Y,,Y,N1,N1,Y,7,N1,27,N1,9,N1,Y,,2,N1,10,,,1,,,19,,2,,,1,1,,7,,,,,,,,178,,,Y,N1,A2200003,9,,,,1,56,,,,,1,110,,,,,,,,,,,,,,,,,,,,,,,,,,,,,,,,,,,,,,,,,,,,,
2026-10-01 02:00:00,강원특별자치도,A2200046,의료법인온세움의료재단온재병원,20261001015509,033-639-8633,,,,,,,1,,,,,,Y,,Y,N1,N1,Y,7,N1,69,N1,0,N1,Y,,4,N1,9,,,1,,,15,,4,,,1,1,,5,,,,,,,,219,,,Y,N1,A2200046,10,,,,,24,,,,,,59,,,,,,,,,,,,,,,,,,,,,,,,,,,,,,,,,,,,,,,,,,,,,
2026-10-01 02:00:00,강원특별자치도,A2200037,의료법인성심의료재단양구성심병원,20261001015523,033-480-8803,,Y,,,,1,,,,,Y,,Y,,Y,N1,N1,Y,4,N1,32,N1,,Y,N1,,,N1,5,,1,,,,,,,,1,1,,,1,,1,,,,,,52,,,Y,N1,A2200037,11,,,,,,,,,,,,,,,,,,,,,,,,,,,,,,,,,,,,,,,,,,,,,,,,,,,,,,,,
2026-10-01 02:00:00,강원특별자치도,A2200002,강원특별자치도영월의료원,20261001015001,033-370-9101,,Y,,,,,,,,0,Y,,Y,,Y,N1,N1,Y,9,N1,39,N1,4,Y,Y,,2,N1,9,,,,,,10,,2,2,1,1,1,,7,,3,,,,,,174,,,Y,N1,A2200002,12,,,,1,,,,,,2,,,,,,,,,,,,,,,,,,,,,,,,,,,,,,,,,1,1,,,,,,,,,,,,
2026-10-01 02:00:00,강원특별자치도,A2200015,강원특별자치도원주의료원,20261001015502,033-760-4500,,,,,,1,2,,,,,,Y,,Y,N1,N1,Y,12,N1,77,N1,7,N1,Y,,3,N1,17,,1,2,,,20,,3,,,2,1,,7,,,,,,,,259,,,Y,N1,A2200015,13,,,,,,,,,,,,,,,,,,,,,,,,,,,,,,,,,,,,,,,,,,,,,,,,,,,,,,,,
2026-10-01 02:00:00,강원특별자치도,A2200024,의료법인성지의료재단성지병원,20261001014925,033-760-3101,,,,13,,,1,,,,,,Y,,Y,N1,N1,Y,4,N1,-82,N1,9,N1,Y,,4,N1,7,,,1,,,9,,4,,,1,2,,4,,,,,,,,135,,13,Y,N1,A2200024,14,,,,,,,,,,,,,,,,,,,,,,,,,,,,,,,,,,,,,,,,,,,,,,,,,,,,,,,,
2026-10-01 02:00:00,강원특별자치도,A2200048,근로복지공단정선병원,20261001015300,033-560-7100,,,,,,,1,,,,,,Y,,Y,N1,N1,Y,5,N1,39,N1,,N1,N1,,,N1,5,,,1,,,,,,,,1,,,3,,,,,,,,149,,,Y,N1,A2200048,15,,,,,,,,,,,,,,,,,,,,,,,,,,,,,,,,,,,,,,,,,,,,,,,,,,,,,,,,
2026-10-01 02:00:00,강원특별자치도,A2201730,철원병원,20261001015001,033-452-5011,N,Y,,,,1,,,,,Y,N,Y,N,Y,N,N,Y,3,N,30,N,,Y,Y,,2,N,5,,1,,,,,,2,,1,1,1,0,1,0,1,0,0,0,0,0,68,,,Y,N,A2201730,16,,,,,,,,,,,,,,,,,,,,,,,,,,,,,,,,,,,,,,,,,,,,,,,,,,,,,,,,
2026-10-01 02:00:00,강원특별자치도,A2200004,근로복지공단태백병원,20261001015400,033-580-3114,,,,,,1,,,,,Y,,Y,,Y,N1,N1,Y,9,N1,88,N1,1,N1,Y,,2,N1,9,,1,,,,9,,2,,1,1,1,,8,,,,,,,,223,,,Y,N1,A2200004,17,,,,1,,,,,,1,,,,,,,,,,,,,,,,,,,,,,,,,,,,,,,,,,,,,,,,,,,,,,
2026-10-01 02:00:00,강원특별자치도,E2200026,평창군보건의료원,20261001015501,033-332-4000,,,,,,,1,,,,,,Y,,Y,N1,N1,Y,6,N1,20,N1,,N1,N1,,,N1,6,,,1,,,,,,,,1,,,1,,,,,,,,20,,,Y,N1,E2200026,18,,,,,,,,,,,,,,,,,,,,,,,,,,,,,,,,,,,,,,,,,,,,,,,,,,,,,,,,
2026-10-01 02:00:00,강원특별자치도,A2200014,홍천아산병원,20261001015001,033-430-5211,,,,,,,,,,,,,Y,,Y,N1,N1,Y,10,N1,3,N1,0,N1,Y,,2,N1,10,,,,,,7,,2,,,1,1,,4,,,,,,,,128,,,Y,N1,A2200014,19,,,,,,,,,,,,,,,,,,,,,,,,,,,,,,,,,,,,,,,,,,,,,,,,,,,,,,,,
2026-10-01 02:00:00,강원특별자치도,E2200025,화천군보건의료원,20261001015501,033-441-4000,,,,,,,1,,,,,,,,Y,N1,N1,N1,7,N1,15,N1,,N1,N1,,,N1,7,,,1,,,,,,,,,,,1,,,,,,,,16,,,Y,N1,E2200025,20,,,,,,,,,,,,,,,,,,,,,,,,,,,,,,,,,,,,,,,,,,,,,,,,,,,,,,,,
2026-10-01 02:00:00,강원특별자치도,A2200016,횡성대성병원,20261001015520,033-343-0901,,,,,,,1,,,,,,Y,,Y,N1,N1,Y,9,N1,32,N1,,N1,Y,,1,N1,9,,,1,,,,,1,,,1,1,,1,,,,,,,,114,,,Y,N1,A2200016,21,,,,,,,,,,,,,,,,,,,,,,,,,,,,,,,,,,,,,,,,,,,,,,,,,,,,,,,,
2026-10-01 02:00:00,충청북도,A2300001,충북대학교병원,20261001015500,043-269-6114,Y,Y,,,7,,,3,21,10,Y,,Y,Y,Y,Y,Y,Y,21,Y,201,Y,5,Y,Y,9,16,N1,30,8,,,18,25,17,40,16,13,2,4,4,6,98,13,31,18,10,17,,,558,,,Y,Y,A2300001,1,2,0,,5,10,14,8,,20,5,21,2,3,2,3,2,,,,,,,,,,,,,2,,,,4,,,,,,,,,,,,1,6,2,6,4,2,40,2,,,,
2026-10-01 02:00:00,충청북도,A2300009,의료법인명지의료재단명지병원,20261001015415,043-640-8114,,,,,3,2,4,2,,,,,Y,Y,Y,Y,Y,Y,18,Y,55,N1,11,N1,Y,,3,N1,18,3,2,4,2,,15,,3,,,2,1,1,10,,,2,1,,,,201,,,Y,N1,A2300009,2,,,,3,,,,,,3,,,,,,,,,,,,,,,,,,,,,,,,,,,,,,,,,,,,,,,,,,,,,,
2026-10-01 02:00:00,충청북도,A2300005,의료법인자산의료재단제천서울병원,20261001015037,043-642-7606,,,,,,1,4,0,2,,,,Y,,Y,N1,Y,Y,13,N1,50,N1,1,N1,Y,,3,Y,15,,1,4,2,,11,3,3,,,1,1,,10,,,1,,,,1,202,,,Y,N1,A2300005,3,,,,,,,,,,,,,,,,,,,,,,,,,,,,,,,,,,,,,,,,,,,,,,,,,,,,,,,,
2026-10-01 02:00:00,충청북도,A2300013,의료법인 건명의료재단 중앙제일병원,20261001015330,043-533-1711,,,,,,3,,,,31,,,Y,,Y,N1,Y,Y,15,N1,52,N1,3,N1,Y,,5,N1,17,,3,,,,12,,5,31,,2,2,,6,,,1,,,,,192,,,Y,N1,A2300013,4,,,,0,,,,,,6,,,,,,,,,,,,,,,,,,,,,,,,,,,,,,,,,,,,,,,,,,,,,,
2026-10-01 02:00:00,충청북도,A2300007,의료법인인화재단한국병원,20261001015301,043-222-7000,,Y,,,,1,2,0,0,1,Y,,Y,Y,Y,Y,Y,Y,11,N1,53,N1,0,Y,Y,,8,N1,14,,1,2,2,,22,4,8,1,1,3,3,2,18,,1,3,,,,,399,,,Y,N1,A2300007,5,,,,0,,,,,,1,,,,,,,,,,,,,,,,,,,,,,,,,,,,,,,,,2,3,,,,,,,,,,,,
2026-10-01 02:00:00,충청북도,A2300003,의료법인정산의료재단효성병원,20261001015051,043-221-5000,,N,,,,1,4,0,0,,Y,,Y,Y,Y,Y,Y,Y,17,N1,67,N1,1,N,Y,,4,Y,18,,1,4,2,,27,3,4,,1,3,4,2,19,,1,2,,,,1,363,,,Y,N1,A2300003,6,,,,1,,,,,,2,,,,,,,,,,,,,,,,,,,,,,,,,,,,,,,,,,,,,,,,,,,,,,
2026-10-01 02:00:00,충청북도,A2300008,청주성모병원,20261001015508,043-219-8000,,Y,,,,2,4,2,4,2,Y,,Y,Y,Y,Y,Y,Y,7,N1,109,N1,,Y,Y,,8,N1,15,,2,5,2,,,4,8,30,1,3,2,2,19,,2,2,,,,,358,,,Y,N1,A2300008,7,,2,5,0,,,13,12,,1,,,,,,,,,,,,,,,,,,,,,,,,,,,,,,,,,,,,,,,,,,,,,,
2026-10-01 02:00:00,충청북도,A2300002,의료법인한마음의료재단하나병원,20261001015414,043-230-6114,,,,,,1,1,0,1,,,,Y,Y,Y,Y,Y,Y,9,N1,122,N1,-1,N1,Y,,7,Y,11,,1,2,2,,22,3,7,,,3,3,2,20,,,4,,,,1,460,,,Y,N1,A2300002,8,,,,1,,,,,,2,,,,,,,,,,,,,,,,,,,,,,,,,,,,,,,,,9,9,,,,,,,,,,,,
2026-10-01 02:00:00,충청북도,A2300010,건국대학교충주병원,20261001015501,043-840-8593,Y,Y,,,,1,2,,,1,Y,,Y,Y,Y,Y,Y,Y,17,Y,77,N1,6,Y,Y,,5,N1,20,,1,2,,,18,,5,1,1,2,1,2,11,1,4,3,1,,,,194,,,Y,Y,A2300010,9,,,,,,,,,,,,,,,,,,,,,,,,,,,,,,,,,,,,,,,,,,,,,,,,,,,,,,,,
2026-10-01 02:00:00,충청북도,A2300034,의료법인대광의료재단괴산성모병원,20261001015511,043-830-5400,,,,,,,0,,,,,,Y,,Y,N1,N1,Y,9,N1,14,N1,,N1,Y,,1,N1,9,,,1,,,,,1,,,1,1,,3,,,,,,,,153,,,Y,N1,A2300034,10,,,,,,,,,,,,,,,,,,,,,,,,,,,,,,,,,,,,,,,,,,,,,,,,,,,,,,,,
2026-10-01 02:00:00,충청북도,E2300011,단양군보건의료원,20261001015501,043-420-3203,,,,,,1,,,,2,,,Y,,Y,N1,N1,Y,6,N1,14,N1,,N1,N1,,,N1,6,,1,,,,,,,2,,1,,,1,,,,,,,,14,,,Y,N1,E2300011,11,,,,,,,,,,,,,,,,,,,,,,,,,,,,,,,,,,,,,,,,,,,,,,,,,,,,,,,,
2026-10-01 02:00:00,충청북도,A2300030,의료법인조윤의료재단영동병원,20261001015007,043-740-9000,,Y,,,,,,,,,Y,,Y,,Y,N1,N1,Y,9,N1,19,N1,,Y,Y,,2,N1,10,,,,,,,,2,,1,1,1,,3,,1,,,,,,161,,,Y,N1,A2300030,12,,,,,,,,,,,,,,,,,,,,,,,,,,,,,,,,,,,,,,,,,,,,,,,,,,,,,,,,
2026-10-01 02:00:00,충청북도,A2300011,의료법인힐링의료재단옥천성모병원,20261001015157,043-730-7000,,,,,,2,1,,,,,,Y,,Y,N1,N1,Y,7,N1,34,N1,0,N1,Y,,2,N1,7,,2,1,,,7,,2,,,1,1,,4,,,,,,,,157,,,Y,N1,A2300011,13,,,,,,,,,,,,,,,,,,,,,,,,,,,,,,,,,,,,,,,,,,,,,,,,,,,,,,,,
2026-10-01 02:00:00,충청북도,A2300006,충청북도청주의료원,20261001015501,043-279-2300,,Y,,,,1,,,,6,Y,,Y,Y,Y,Y,Y,Y,11,N1,153,N1,17,Y,Y,,5,N1,12,,1,,,,21,,5,6,1,1,1,1,11,,1,1,,,,,359,,,Y,N1,A2300006,14,,,,3,90,,,,,3,90,,,,,,,,,,,,,,,,,,,,,,,,,,,,,,,,3,3,,,,,,,,,,,,
2026-10-01 02:00:00,충청북도,A2300004,충청북도충주의료원,20261001015501,043-871-0114,,,,,,1,2,,,,,,Y,Y,Y,Y,Y,Y,18,N1,112,N1,1,N1,Y,,4,N1,18,,1,2,,,11,,4,,,1,1,1,8,,,1,,,,,282,,,Y,N1,A2300004,15,,,,1,,,,,,1,,,,,,,,,,,,,,,,,,,,,,,,,,,,,,,,,,,,,,,,,,,,,,
2026-10-01 02:00:00,충청남도,A2400002,단국대학교의과대학부속병원,20261001015500,041-550-7114,Y,Y,,,4,,1,7,0,0,Y,,Y,Y,Y,Y,Y,Y,19,Y,35,Y,,Y,Y,0,13,Y,25,4,,1,18,25,,30,13,8,3,4,3,6,65,14,29,15,7,17,,1,640,,,Y,Y,A2400002,1,2,,2,1,8,2,,13,20,1,20,2,2,0,2,2,,,6,13,,,,,,,,,,,,,,,,,,,,,,,,,1,6,2,6,2,2,40,2,,2,,7
2026-10-01 02:00:00,충청남도,A2400001,학교법인동은학원순천향대학교부속천안병원,20261001015103,041-570-2114,Y,Y,1,,12,4,3,8,7,4,Y,Y,Y,Y,Y,Y,Y,Y,16,Y,92,Y,,Y,Y,1,21,Y,22,14,4,3,17,38,,30,21,14,11,6,4,6,60,20,57,6,6,10,1,1,765,1,,Y,Y,A2400001,2,,9,5,5,,,18,15,,6,,,,,,,,,,,1,3,,,,,2,2,,,,2,,,6,1,3,,,,,,,,,,,,,,,,,,,
2026-10-01 02:00:00,충청남도,A2400009,의료법인백제병원,20261001015421,041-733-2191,,,,,,1,2,,,,,,Y,Y,Y,Y,Y,Y,18,N1,30,N1,-2,N1,Y,,4,N1,20,,1,2,,,26,,4,,,2,2,1,11,,,3,,,,,398,,,Y,N1,A2400009,3,,,,,20,,,,,,49,,,,,,,,,,,,,,,,,,,,,,,,,,,,,,,,,,,,,,,,,,,,,
2026-10-01 02:00:00,충청남도,A2400008,당진종합병원,20261001015453,041-357-0100,,,,,,1,2,,,,,,Y,Y,Y,Y,Y,Y,13,N1,90,N1,2,N1,Y,,4,N1,17,,1,2,,,13,,4,,,2,2,1,5,,,1,,,,,246,,,Y,N1,A2400008,4,,,,,,,,,,,,,,,,,,,,,,,,,,,,,,,,,,,,,,,,,,,,,,,,,,,,,,,,
2026-10-01 02:00:00,충청남도,A2400011,재단법인아산사회복지재단보령아산병원,20261001015500,041-930-5114,,,,,,1,2,,,,,,Y,,Y,N1,N1,Y,12,N1,28,N1,1,N1,Y,,2,N1,17,,1,2,,,8,,2,,,1,1,,4,,,,,,,,221,,,Y,N1,A2400011,5,,,,,,,,,,,,,,,,,,,,,,,,,,,,,,,,,,,,,,,,,,,,,,,,,,,,,,,,
2026-10-01 02:00:00,충청남도,A2400003,서산중앙병원,20261001015506,041-661-1000,,,,,,1,2,,,,,,Y,,Y,N1,Y,Y,16,N1,61,N1,11,N1,Y,,4,N1,17,,1,2,,,19,,4,,,1,1,,7,,,1,,,,,288,,,Y,N1,A2400003,6,,,,,,,,,,,,,,,,,,,,,,,,,,,,,,,,,,,,,,,,,,,,,,,,,,,,,,,,
2026-10-01 02:00:00,충청남도,A2400006,충청남도서산의료원,20261001015102,041-689-7000,,,,,,1,2,0,2,5,,,Y,,Y,N1,N1,Y,13,N1,42,N1,0,N1,Y,,3,N1,17,,1,2,2,,8,4,3,5,,2,1,,10,,,,,,,,259,,,Y,N1,A2400006,7,,,,,,,,,,,,,,,,,,,,,,,,,,,,,,,,,,,,,,,,,,,,,,,,,,,,,,,,
2026-10-01 02:00:00,충청남도,A2402257,아산충무병원,20261001015315,041-536-6666,,,,,,,,0,2,,Y,,Y,Y,Y,Y,Y,Y,10,Y,205,Y,2,N1,Y,,4,N1,13,,,,2,,22,3,4,,1,2,2,3,27,,,4,2,1,,,453,,,Y,N1,A2402257,8,1,,,2,,,,,,2,,1,7,,7,,,,,,,,,,,,,,,,,,,,,,,,,,,,,,,,,,,,,,,5,,5
2026-10-01 02:00:00,충청남도,A2400012,의료법인영서의료재단천안충무병원,20261001015519,041-570-7555,,,,,,1,4,0,0,,,,Y,Y,Y,Y,Y,Y,12,Y,21,N1,0,N1,Y,,5,N1,16,,1,4,2,,17,4,5,,,2,2,3,26,,,3,3,,,,329,,,Y,N1,A2400012,9,,,,0,,,,,,3,,,,,,,,,-1,7,,,,,,,,,,,,,,,,,,,,,,,,,,,,,,,,,,,,
2026-10-01 02:00:00,충청남도,A2400007,충청남도홍성의료원,20261001015401,041-630-6251,,,,,1,1,2,2,3,0,Y,,Y,N,Y,N,Y,Y,18,N1,94,N1,0,N1,Y,,4,N,18,1,1,2,2,,22,3,4,1,1,2,2,1,10,,,1,,,,2,260,,,Y,N1,A2400007,10,,,,0,5,,,,,1,49,,,,,,,,,,,,,,,,,,,,,,,,,,,,,,,,,,,,,,,,,,,,,
2026-10-01 02:00:00,충청남도,A2400010,충청남도공주의료원,20261001015401,041-962-1111,,,,,,,1,,,3,,,Y,,Y,N1,Y,Y,14,N1,82,N1,2,N1,Y,,6,N1,15,,,1,,,16,,6,6,,1,1,,9,,,2,,,,,273,,,Y,N1,A2400010,11,,,,,,,,,,,,,,,,,,,,,,,,,,,,,,,,,,,,,,,,,,,,,,,,,,,,,,,,
2026-10-01 02:00:00,충청남도,A2400038,학교법인건양교육재단건양대학교부여병원,20261001015412,041-837-1200,,,,,,,1,,,,,,Y,,Y,N1,N1,Y,9,N1,24,N1,,N1,N1,,1,N1,9,,,1,,,,,1,,,1,,,1,,,,,,,,55,,,Y,N1,A2400038,12,,,,,,,,,,,,,,,,,,,,,,,,,,,,,,,,,,,,,,,,,,,,,,,,,,,,,,,,
2026-10-01 02:00:00,충청남도,A2400044,의료법인서해의료재단서해병원,20261001015104,041-951-8282,,,,,,,2,,,,,,Y,,Y,N1,N1,Y,5,N1,21,N1,,N1,N1,,,N1,5,,,2,,,,,,,,1,,,1,,,,,,,,79,,,Y,N1,A2400044,13,,,,,,,,,,,,,,,,,,,,,,,,,,,,,,,,,,,,,,,,,,,,,,,,,,,,,,,,
2026-10-01 02:00:00,충청남도,A2400039,현대병원,20261001015001,041-546-3636,N,N,,,,,1,,,,N,N,Y,N,Y,N,N,Y,9,N,13,N,0,N,Y,,3,N,9,,,1,,,7,,3,,0,1,1,0,3,0,0,0,0,0,0,0,84,,,Y,N,A2400039,14,,,,,,,,,,,,,,,,,,,0,0,,,,,,,,,,,,,,,,,,,,,,,,,,,,,,,,,,,,
2026-10-01 02:00:00,충청남도,A2400004,의료법인 예당의료재단 예산종합병원,20261001015527,041-330-4000,,,,,,,1,,,,,,Y,,Y,N1,N1,Y,5,N1,12,N1,4,N1,Y,,0,N1,6,,,1,,,9,,0,,,0,0,,0,,,,,,,,88,,,Y,N1,A2400004,15,,,,,,,,,,,,,,,,,,,,,,,,,,,,,,,,,,,,,,,,,,,,,,,,,,,,,,,,
2026-10-01 02:00:00,충청남도,A2400005,충청남도천안의료원,20261001015502,041-570-7200,,,,6,,1,,,,,,,Y,,Y,N1,N1,Y,10,N1,77,N1,4,N1,Y,,4,N1,12,,1,,,,15,,4,,,1,1,,10,,,,,,,,241,,6,Y,N1,A2400005,16,,,,,,,,,,,,,,,,,,,,,,,,,,,,,,,,,,,,,,,,,,,,,,,,,,,,,,,,
2026-10-01 02:00:00,충청남도,E2400032,청양군보건의료원,20261001015500,041-940-4531,,,,,,,1,,,,,,Y,,Y,N1,N1,Y,6,N1,12,N1,,N1,N1,,1,N1,6,,,1,,,,,1,,,1,,,1,,,,,,,,12,,,Y,N1,E2400032,17,,,,,,,,,,,,,,,,,,,,,,,,,,,,,,,,,,,,,,,,,,,,,,,,,,,,,,,,
2026-10-01 02:00:00,충청남도,E2400033,태안군보건의료원,20261001015501,041-671-5300,,,,,,,1,,,,,,Y,,Y,N1,N1,Y,10,N1,23,N1,,N1,N1,,,N1,10,,,1,,,,,,,,1,,,1,,,,,,,,34,,,Y,N1,E2400033,18,,,,,,,,,,,,,,,,,,,,,,,,,,,,,,,,,,,,,,,,,,,,,,,,,,,,,,,,
2026-10-01 02:00:00,전북특별자치도,A2500001,원광대학교병원,20261001015515,063-859-1114,Y,Y,,,3,,,3,5,0,Y,,Y,Y,Y,Y,Y,Y,7,Y,24,Y,5,Y,Y,7,15,Y,26,3,,,18,15,15,31,15,2,1,5,4,5,11,12,20,8,4,1,,2,543,,,Y,Y,A2500001,1,2,2,6,4,1,1,8,15,20,7,30,2,1,1,3,2,2,8,,,,,,,,,,,,,,,,,,,,,,,,,,,2,6,2,6,11,2,40,2,,,,
2026-10-01 02:00:00,전북특별자치도,A2500002,전북대학교병원,20261001015432,063-250-1114,Y,Y,2,,5,,,5,2,15,Y,,Y,Y,Y,Y,Y,Y,14,Y,198,Y,,Y,Y,18,21,N1,36,5,,,17,25,,30,21,15,3,1,2,5,11,15,22,4,2,1,,,836,2,,Y,Y,A2500002,2,2,4,4,2,7,,10,8,,2,23,2,4,0,5,1,6,15,6,18,,,,,,7,,,,,10,,,,,,,,,,,,,,,,,,,,,,,,,
2026-10-01 02:00:00,전북특별자치도,A2500007,전북특별자치도군산의료원,20261001015302,063-472-5000,,Y,,,,1,2,0,2,,Y,,Y,,Y,N1,N1,Y,10,N1,96,N1,10,Y,Y,,6,N1,17,,1,2,2,,18,3,6,,1,1,1,,18,,2,,,,,,285,,,Y,N1,A2500007,3,,,,1,,,,,,2,,,,,,,,,,,,,,,,,,,,,,,,,,,,,,,,,,,,,,,,,,,,,,
2026-10-01 02:00:00,전북특별자치도,A2500012,의료법인오성의료재단동군산병원,20261001015353,063-440-0570,,,,0,,1,3,2,0,,,,Y,Y,Y,Y,Y,Y,16,N1,29,N1,4,N1,Y,,6,N1,17,,1,5,2,,24,3,6,,,2,2,2,13,,,2,,,,,262,,0,Y,N1,A2500012,4,,,,,,,,,,,,,,,,,,,,,,,,,,,,,,,,,,,,,,,,,,,,,,,,,,,,,,,,
2026-10-01 02:00:00,전북특별자치도,A2500004,전북특별자치도남원의료원,20261001015501,063-620-1114,,Y,,,,1,2,1,3,,Y,,Y,,Y,N1,N1,Y,16,N1,53,N1,1,Y,Y,,3,N1,17,,1,2,2,,7,3,3,,3,2,1,,10,,1,,,,,,187,,,Y,N1,A2500004,5,,,,1,,,,,,1,,,,,,,,,,,,,,,,,,,,,,,,,,,,,,,,,,,,,,,,,,,,,,
2026-10-01 02:00:00,전북특별자치도,A2500011,의료법인대산의료재단익산병원,20261001015506,063-840-9114,,,,,,1,2,,,,,,Y,Y,Y,Y,Y,Y,10,N1,37,N1,5,N1,Y,,5,N1,17,,1,2,,,17,,5,,,2,2,1,7,,,1,,,,,333,,,Y,N1,A2500011,6,,,,0,,,,,,1,,,,,,,,,,,,,,,,,,,,,,,,,,,,,,,,,,,,,,,,,,,,,,
2026-10-01 02:00:00,전북특별자치도,A2500056,대자인병원,20261001015408,063-240-2000,,,,,,2,3,,,,,Y,Y,Y,Y,Y,Y,Y,20,Y,34,Y,2,N1,Y,,15,Y,25,,2,3,,,15,,15,,,4,3,2,12,,,4,2,1,1,1,45,,,Y,N1,A2500056,7,,,4,0,,,,36,,4,,,,,,,,,,,,,,,,,,,,,,,,,,,,,,,,,,,,,,,,,,,,,,
2026-10-01 02:00:00,전북특별자치도,A2500006,재단법인예수병원유지재단예수병원,20261001015412,063-230-8114,Y,Y,,,7,1,2,,,0,Y,,Y,Y,Y,Y,Y,Y,30,Y,85,N1,-1,Y,Y,2,14,Y,38,10,1,2,,12,23,,14,5,4,4,3,4,40,6,11,7,2,,,2,685,,,Y,Y,A2500006,8,,,,4,,,,,,4,,,,,,,,,2,14,1,1,,,,,2,3,,,,2,,,6,1,1,,,,,,,,,,,,,,,,,,,
2026-10-01 02:00:00,전북특별자치도,A2500005,의료법인영경의료재단전주병원,20261001015421,063-220-7200,,,,,,1,2,,,,,,Y,,Y,N1,Y,Y,10,N1,-2,N1,0,N1,Y,,5,N1,17,,1,2,,,9,,5,,,1,2,,6,,,1,,,,,275,,,Y,N1,A2500005,9,,,,,,,,,,,,,,,,,,,,,,,,,,,,,,,,,,,,,,,,,,,,,,,,,,,,,,,,
2026-10-01 02:00:00,전북특별자치도,A2500008,재단법인 아산사회복지재단 정읍아산병원,20261001015001,063-530-6000,,,,,,1,2,,,,,,Y,,Y,N1,N1,Y,16,N1,41,N1,0,N1,Y,,3,N1,17,,1,2,,,10,,3,,,1,1,,5,,,,,,,,276,,,Y,N1,A2500008,10,,,,,,,,,,,,,,,,,,,,,,,,,,,,,,,,,,,,,,,,,,,,,,,,,,,,,,,,
2026-10-01 02:00:00,전북특별자치도,A2500009,의료법인석천재단고창병원,20261001015532,063-560-5600,,,,,,,1,,,,,,Y,,Y,N1,N1,Y,10,N1,0,N1,,N1,Y,,2,N1,10,,,1,,,,,2,,,1,1,,4,,,,,,,,258,,,Y,N1,A2500009,11,,,,,,,,,,,,,,,,,,,,,,,,,,,,,,,,,,,,,,,,,,,,,,,,,,,,,,,,
2026-10-01 02:00:00,전북특별자치도,A2500038,김제우석병원,20261001015456,063-540-5114,,,,,,,1,,,,,,Y,,Y,N1,N1,Y,10,N1,61,N1,,N1,Y,,2,N1,10,,,1,,,,,2,,,1,1,,1,,,,,,,,200,,,Y,N1,A2500038,12,,,,,,,,,,,,,,,,,,,,,,,,,,,,,,,,,,,,,,,,,,,,,,,,,,,,,,,,
2026-10-01 02:00:00,전북특별자치도,E2500019,무주군보건의료원,20261001015501,063-320-8314,,,,,,,1,,,,,,Y,,Y,N1,N1,Y,4,N1,24,N1,,N1,N1,,,N1,4,,,1,,,,,,,,1,,,1,,,,,,,,24,,,Y,N1,E2500019,13,,,,,,,,,,,,,,,,,,,,,,,,,,,,,,,,,,,,,,,,,,,,,,,,,,,,,,,,
2026-10-01 02:00:00,전북특별자치도,A2500010,부안성모병원,20261001015453,063-581-5100,,,,,,,2,,,,,,Y,,Y,N1,N1,Y,10,N1,37,N1,9,N1,Y,,3,N1,10,,,2,,,9,,3,,,1,1,,2,,,,,,,,240,,,Y,N1,A2500010,14,,,,,,,,,,,,,,,,,,,,,,,,,,,,,,,,,,,,,,,,,,,,,,,,,,,,,,,,
2026-10-01 02:00:00,전북특별자치도,E2500021,순창군보건의료원,20261001015501,063-650-5321,,,,,,,1,,,,,,Y,,Y,N1,N1,Y,9,N1,30,N1,,N1,N1,,,N1,9,,,1,,,,,,,,1,,,1,,,,,,,,30,,,Y,N1,E2500021,15,,,,,,,,,,,,,,,,,,,,,,,,,,,,,,,,,,,,,,,,,,,,,,,,,,,,,,,,
2026-10-01 02:00:00,전북특별자치도,E2500022,임실군보건의료원,20261001015501,063-640-3102,,,,,,,1,,,,,,Y,,Y,N1,N1,Y,4,N1,,N1,,N1,N1,,,N1,4,,,1,,,,,,,,1,,,1,,,,,,,,,,,Y,N1,E2500022,16,,,,,,,,,,,,,,,,,,,,,,,,,,,,,,,,,,,,,,,,,,,,,,,,,,,,,,,,
2026-10-01 02:00:00,전북특별자치도,E2500020,장수군보건의료원,20261001015501,063-351-8000,,,,,,,1,,,,,,,,Y,N1,N1,N1,5,N1,21,N1,,N1,N1,,,N1,5,,,1,,,,,,,,,,,1,,,,,,,,22,,,Y,N1,E2500020,17,,,,,,,,,,,,,,,,,,,,,,,,,,,,,,,,,,,,,,,,,,,,,,,,,,,,,,,,
2026-10-01 02:00:00,전북특별자치도,A2501890,의료법인영경의료재단호성전주병원,20261001015422,063-240-8800,,,,,,,1,,,,,,Y,,Y,N1,N1,Y,7,N1,10,N1,,N1,Y,,2,N1,9,,,1,,,,,2,,,1,1,,1,,,,,,,,122,,,Y,N1,A2501890,18,,,,,,,,,,,,,,,,,,,,,,,,,,,,,,,,,,,,,,,,,,,,,,,,,,,,,,,,
2026-10-01 02:00:00,전북특별자치도,A2502742,새강병원,20261001015407,063236-9000,,,0,,3,1,2,0,,0,,,Y,,Y,N1,N1,Y,12,N1,65,N1,16,N1,Y,,5,N1,14,3,1,2,0,,16,,5,0,,1,1,,1,,,,,,,,201,0,,Y,N1,A2502742,19,0,0,0,3,,,0,0,,3,,0,0,,0,,,,,,,0,,,,,,0,,,,,,,0,,0,,,,,,,,,,,,,0,,0,,,,
2026-10-01 02:00:00,전북특별자치도,A2502031,진안군의료원,20261001015502,063-430-7000,,,,,,,2,,,,,,Y,,Y,N1,N1,Y,6,N1,22,N1,,N1,Y,,2,N1,6,,,2,,,,,2,,,1,1,,3,,,,,,,,64,,,Y,N1,A2502031,20,,,,,,,,,,,,,,,,,,,,,,,,,,,,,,,,,,,,,,,,,,,,,,,,,,,,,,,,
2026-10-01 02:00:00,경상북도,A2700007,차의과학대학교부속구미차병원,20261001015505,054-450-9700,Y,Y,0,,5,3,3,5,5,,Y,Y,Y,Y,Y,Y,Y,Y,15,Y,42,Y,0,Y,Y,7,8,N1,20,5,3,3,25,8,18,30,8,,3,3,2,2,21,3,13,2,1,2,1,,301,3,,Y,Y,A2700007,1,,,,,,,,,,,,,,,,,,,,,,,,,,,,,,,,,,,,,,,,,,,,,,,,,,,,,,,,
2026-10-01 02:00:00,경상북도,A2700014,의료법인안동병원,20261001015200,054-840-1004,Y,Y,0,,1,,,1,10,4,Y,Y,Y,Y,Y,Y,Y,Y,4,Y,96,Y,1,Y,Y,10,11,Y,15,3,,,19,10,13,30,11,6,3,6,3,5,67,3,12,14,4,13,1,1,775,1,,Y,Y,A2700014,2,2,2,,0,0,3,20,,20,3,34,2,2,,3,,,,,,,,,,,,,,,,,,,,,,,,,,,,,,2,6,2,6,0,2,40,2,,,,
2026-10-01 02:00:00,경상북도,A2700016,포항성모병원,20261001015216,054-272-0151,Y,Y,,,11,,,6,5,1,Y,Y,Y,Y,Y,Y,Y,Y,17,Y,86,Y,6,Y,Y,,9,Y,20,11,,,15,,16,17,9,1,1,3,2,2,25,1,6,4,2,2,1,3,468,,,Y,Y,A2700016,3,2,,,1,,,,,,1,,2,3,0,3,5,,,,,,,,,,,,,,,,,,,,,,,,,10,13,,,,,,,,,,,,,,
2026-10-01 02:00:00,경상북도,A2700003,동국대학교의과대학경주병원,20261001015505,054-748-9300,Y,Y,,,3,2,5,,,2,Y,,Y,Y,Y,Y,Y,Y,12,N1,79,N1,0,Y,Y,,7,N1,16,3,2,5,,,7,,7,3,1,2,2,2,26,2,6,3,,,,,279,,,Y,Y,A2700003,4,,0,0,3,9,,11,17,,4,20,,,,,,,,,,,,,,,,,,,,,,,,,,,,,,,,,,,,,,,,,,,,,
2026-10-01 02:00:00,경상북도,A2700013,순천향대학교부속구미병원,20261001015120,054-468-9114,,Y,,,2,1,2,0,1,1,Y,,Y,Y,Y,Y,Y,Y,6,N1,37,N1,5,Y,Y,,6,N1,13,4,1,2,2,,31,3,6,1,1,2,2,2,20,,1,2,,,,,263,,,Y,N1,A2700013,5,,,,2,,,,,,2,,,,,,,,,,,,,,,,,,,,,,,,,,,,,,,,,,,,,,,,,,,,,,
2026-10-01 02:00:00,경상북도,A2700012,의료법인덕산의료재단김천제일병원,20261001015131,054-420-9300,,,,,,1,3,0,3,,Y,,Y,Y,Y,Y,Y,Y,16,N1,72,N1,7,N1,Y,,4,Y,16,,1,3,2,,16,3,4,,3,1,1,1,10,,,1,,,,1,276,,,Y,N1,A2700012,6,,,,,,,,,,,,,,,,,,,,,,,,,,,,,,,,,,,,,,,,,,,,,,,,,,,,,,,,
2026-10-01 02:00:00,경상북도,A2700006,의료법인동춘의료재단문경제일병원,20261001015500,054-550-7700,,,,,,1,0,2,1,4,,,Y,,Y,N1,N1,Y,16,N1,65,N1,19,N1,Y,,3,N1,17,,1,2,2,,29,3,3,4,,2,1,,8,,,,,,,,306,,,Y,N1,A2700006,7,,,,1,57,,,,,1,162,,,,,,,,,,,,,,,,,,,,,,,,,,,,,,,,,,,,,,,,,,,,,
2026-10-01 02:00:00,경상북도,A2700004,안동성소병원,20261001015516,054-850-8114,,Y,,,,1,2,0,2,1,Y,,Y,Y,Y,Y,Y,Y,10,N1,134,N1,7,Y,Y,,6,N1,12,,1,2,2,,16,3,6,2,1,2,2,2,21,,4,1,,,,,393,,,Y,N1,A2700004,8,,,,1,21,,,,,3,186,,,,,,,,,,,,,,,,,,,,,,,,,,,,,,,,5,5,,,,,,,,,,,,
2026-10-01 02:00:00,경상북도,A2700002,포항세명기독병원,20261001014924,054-275-0005,,,,,,1,3,1,2,1,,,Y,Y,Y,Y,Y,Y,9,Y,148,Y,12,N1,Y,,14,Y,15,,1,3,2,,52,3,14,6,,6,5,4,25,,,5,1,1,,1,662,,,Y,N1,A2700002,9,,,,0,,,,,,1,,,,,,,,,,,,,,,,,,,,,,,,,,,,,,,,,6,6,,,,,,,,,,,,
2026-10-01 02:00:00,경상북도,A2700019,의)근원의료재단경산중앙병원,20261001015500,053-715-0100,,,,,,,2,,,,,,Y,,Y,N1,N1,Y,7,N1,101,N1,4,N1,Y,,4,N1,10,,,2,,,11,,4,,,1,1,,9,,,,,,,,301,,,Y,N1,A2700019,10,,,,0,44,,,,,2,116,,,,,,,,,,,,,,,,,,,,,,,,,,,,,,,,,,,,,,,,,,,,,
2026-10-01 02:00:00,경상북도,A2700036,의료법인서명의료재단세명종합병원,20261001015341,053-819-8800,,,,,,,2,,,,,,Y,,Y,N1,N1,Y,7,N1,65,N1,4,N1,Y,,4,N1,13,,,2,,,14,,4,,,1,1,,6,,,,,,,,276,,,Y,N1,A2700036,11,,,,,2,,,,,,24,,,,,,,,,,,,,,,,,,,,,,,,,,,,,,,,,,,,,,,,,,,,,
2026-10-01 02:00:00,경상북도,A2700097,계명대학교경주동산병원,20261001015458,054-770-9500,,,,,,,1,,,,,,Y,,Y,N1,N1,Y,9,N1,56,N1,,N1,Y,,2,N1,9,,,1,,,,,2,,,1,1,,1,,,,,,,,88,,,Y,N1,A2700097,12,,,,,,,,,,,,,,,,,,,,,,,,,,,,,,,,,,,,,,,,,,,,,,,,,,,,,,,,
2026-10-01 02:00:00,경상북도,A2700070,의료법인영암의료재단고령영생병원,20261001015511,054-955-2661,,,,,,,1,,,,,,Y,,Y,N1,N1,Y,5,N1,27,N1,,N1,N1,,1,N1,5,,,1,,,,,1,,,1,,,1,,,,,,,,59,,,Y,N1,A2700070,13,,,,,,,,,,,,,,,,,,,,,,,,,,,,,,,,,,,,,,,,,,,,,,,,,,,,,,,,
2026-10-01 02:00:00,경상북도,A2700015,구미강동병원,20261001015527,054-453-7575,,,,9,,1,2,,,,,,Y,Y,Y,Y,N1,Y,6,N1,61,N1,4,N1,Y,,5,N1,7,,1,2,,,12,,5,,,1,1,1,3,,,,,,,,191,,9,Y,N1,A2700015,14,,,,,,,,,,,,,,,,,,,,,,,,,,,,,,,,,,,,,,,,,,,,,,,,,,,,,,,,
2026-10-01 02:00:00,경상북도,A2700018,경상북도김천의료원,20261001015501,054-432-8901,,,,,,1,,,,,,,Y,,Y,N1,N1,Y,12,N1,23,N1,6,N1,Y,,5,N1,17,,1,,,,22,,5,,,1,2,,7,,,,,,,,274,,,Y,N1,A2700018,15,,,,1,,,,,,3,,,,,,,,,,,,,,,,,,,,,,,,,,,,,,,,,,,,,,,,,,,,,,
2026-10-01 02:00:00,경상북도,A2700009,의료법인삼백의료재단상주성모병원,20261001015530,054-532-5001,,,,,,,1,,,,,,Y,,Y,N1,N1,Y,9,N1,23,N1,1,N1,Y,,3,N1,9,,,1,,,10,,3,,,1,1,,1,,,,,,,,172,,,Y,N1,A2700009,16,,,,,,,,,,,,,,,,,,,,,,,,,,,,,,,,,,,,,,,,,,,,,,,,,,,,,,,,
2026-10-01 02:00:00,경상북도,A2700011,상주적십자병원,20261001015537,054-534-3501,,Y,,,,1,,,,,Y,,Y,,Y,N1,Y,Y,9,N1,82,N1,6,Y,Y,,3,N1,9,,1,,,,10,,3,,1,1,1,,6,,2,1,,,,,164,,,Y,N1,A2700011,17,,,,,,,,,,,,,,,,,,,,,,,,,,,,,,,,,,,,,,,,,,,,,,,,,,,,,,,,
2026-10-01 02:00:00,경상북도,A2700001,경상북도안동의료원,20261001015501,054-850-6000,,,,,,,2,,,,,,Y,,Y,N1,N1,Y,6,N1,119,N1,0,N1,Y,,5,N1,6,,,2,,,10,,5,,,2,1,,7,,,,,,,,238,,,Y,N1,A2700001,18,,,,,,,,,,,,,,,,,,,,,,,,,,,,,,,,,,,,,,,,,,,,,,,,,,,,,,,,
2026-10-01 02:00:00,경상북도,A2700031,영주기독병원,20261001015455,054-635-6161,,Y,,,,,1,,,,Y,,Y,,Y,N1,N1,Y,4,N1,6,N1,,Y,N1,,1,N1,4,,,1,,,,,1,,1,1,,,1,,2,,,,,,70,,,Y,N1,A2700031,19,,,,,,,,,,,,,,,,,,,,,,,,,,,,,,,,,,,,,,,,,,,,,,,,,,,,,,,,
2026-10-01 02:00:00,경상북도,A2700020,영주자인병원,20261001015521,054-633-1131,,,,,,,1,,,,,,Y,,Y,N1,N1,Y,4,N1,26,N1,,N1,Y,,,N1,4,,,1,,,,,2,,,1,1,,,,,,,,,,133,,,N1,N1,A2700020,20,,,,,,,,,,,,,,,,,,,,,,,,,,,,,,,,,,,,,,,,,,,,,,,,,,,,,,,,
2026-10-01 02:00:00,경상북도,A2702752,영주적십자병원,20261001015448,054-630-0100,,,,,,1,,,,,,,Y,,Y,N1,Y,Y,9,N1,65,N1,1,N1,Y,,3,N1,10,,1,,,,10,,3,,,1,1,,4,,,1,,,,,140,,,Y,N1,A2702752,21,,,,,,,,,,,,,,,,,,,,,,,,,,,,,,,,,,,,,,,,,,,,,,,,,,,,,,,,
2026-10-01 02:00:00,경상북도,A2700017,영남대학교의과대학부속영천병원,20261001015133,0543389000,,,,,,1,2,,,,,,Y,,Y,N1,N1,Y,10,N1,47,N1,2,N1,Y,,4,N1,10,,1,2,,,10,,4,,,1,1,,1,,,,,,,,190,,,Y,N1,A2700017,22,,,,,,,,,,,,,,,,,,,,,,,,,,,,,,,,,,,,,,,,,,,,,,,,,,,,,,,,
2026-10-01 02:00:00,경상북도,A2700023,의료법인서준의료재단예천권병원,20261001015034,054-654-6611,,Y,,,,1,0,,,0,Y,,Y,,Y,N1,N1,Y,6,N1,75,N1,,Y,Y,,2,N1,6,,1,0,,,,,2,0,1,1,1,,3,,2,,,,,,173,,,Y,N1,A2700023,23,,,,,,,,,,,,,,,,,,,,,,,,,,,,,,,,,,,,,,,,,,,,,,,,,,,,,,,,
2026-10-01 02:00:00,경상북도,E2700553,울릉군보건의료원,20261001015501,054-790-6871,,,,,,,,,,,,,Y,,Y,N1,N1,Y,5,N1,27,N1,,N1,N1,,1,N1,5,,,,,,,,1,,,1,,,1,,,,,,,,27,,,Y,N1,E2700553,24,,,,,,,,,,,,,,,,,,,,,,,,,,,,,,,,,,,,,,,,,,,,,,,,,,,,,,,,
2026-10-01 02:00:00,경상북도,A2700052,울진군의료원,20261001015102,054-785-7000,,,,,,2,,,,2,,,Y,,Y,N1,N1,Y,8,N1,32,N1,,N1,Y,,3,N1,8,,2,,,,,,3,2,,1,1,,1,,,,,,,,97,,,Y,N1,A2700052,25,,,,,,,,,,,,,,,,,,,,,,,,,,,,,,,,,,,,,,,,,,,,,,,,,,,,,,,,
2026-10-01 02:00:00,경상북도,A2700063,의료법인영제의료재단영남제일병원,20261001014249,054-861-9111,,,,,,,1,,,,,,Y,,Y,N1,N1,Y,4,N1,27,N1,,N1,N1,,1,N1,,,,,,,,,,,,,,,,,,,,,,,,,,Y,N1,A2700063,26,,,,,,,,,,,,,,,,,,,,,,,,,,,,,,,,,,,,,,,,,,,,,,,,,,,,,,,,
2026-10-01 02:00:00,경상북도,A2700038,의료법인대남의료재단청도대남병원,20261001015520,054-373-0606,,,,,,,,,,,,,Y,,Y,N1,N1,Y,9,N1,90,N1,,N1,Y,,1,N1,10,,,,,,,,1,,,1,1,,1,,,,,,,,115,,,Y,N1,A2700038,27,,,,,,,,,,,,,,,,,,,,,,,,,,,,,,,,,,,,,,,,,,,,,,,,,,,,,,,,
2026-10-01 02:00:00,경상북도,E2700554,청송군보건의료원,20261001015500,054-870-7100,,,,,,,1,,,,,,,,Y,N1,N1,N1,5,N1,47,N1,,N1,N1,,,N1,6,,,1,,,,,,,,,,,1,,,,,,,,39,,,Y,N1,E2700554,28,,,,,,,,,,,,,,,,,,,,,,,,,,,,,,,,,,,,,,,,,,,,,,,,,,,,,,,,
2026-10-01 02:00:00,경상북도,A2700008,에스포항병원,20261001015213,054-289-9000,Y,,,,,,1,,,,,,Y,Y,Y,Y,Y,Y,5,N1,38,N1,6,N1,Y,,4,N1,6,,,1,,,14,,4,,,2,2,3,9,9,,1,,,,,239,,,Y,Y,A2700008,29,,,,1,,,,,,1,,,,,,,,,,,,,,,,,,,,,,,,,,,,,,,,,,,,,,,,,,,,,,
2026-10-01 02:00:00,경상북도,A2702563,의료법인은성의료재단좋은선린병원,20261001015531,054-245-5000,,,,2,,,2,,,,,,Y,N,Y,N,N1,Y,10,N1,74,N1,0,N1,Y,,4,N,10,,,2,,,17,,4,,,1,1,2,7,,,,,,,14,281,,2,N,N1,A2702563,30,,,,1,,,,,,1,,,,,,,,,,,,,,,,,,,,,,,,,,,,,,,,,,,,,,,,,,,,,,
2026-10-01 02:00:00,경상북도,A2700005,경상북도포항의료원,20261001015502,054-247-0551,,,,,,1,1,,,4,,,Y,,Y,N1,N1,Y,7,N1,44,N1,9,N1,Y,,3,N1,8,,1,1,,,19,,3,7,,1,1,,4,,,,,,,,177,,,Y,N1,A2700005,31,,,,1,7,,,,,1,56,,,,,,,,,,,,,,,,,,,,,,,,,,,,,,,,,,,,,,,,,,,,,
2026-10-01 02:00:00,경상남도,A2800011,양산부산대학교병원,20261001015327,055-360-1000,Y,Y,0,,5,,1,2,9,4,Y,,Y,Y,Y,Y,Y,Y,13,Y,206,Y,,Y,Y,8,25,N1,23,8,,1,16,38,,30,25,4,4,6,5,6,92,24,23,19,12,2,,,766,2,,Y,Y,A2800011,1,2,3,2,0,13,,16,11,,0,33,2,3,0,3,2,,,4,9,1,1,0,0,4,5,1,0,,0,11,2,,10,6,1,1,0,0,4,,,,,,,,,,,,,,,,
2026-10-01 02:00:00,경상남도,A2800001,경상국립대학교병원,20261001015403,055-750-8000,Y,Y,,,3,2,3,3,6,6,Y,,Y,Y,Y,Y,Y,Y,18,Y,172,Y,,Y,Y,6,15,N1,28,3,2,3,14,15,,30,15,7,7,3,3,4,16,9,19,5,4,17,,,652,,,Y,Y,A2800001,2,,2,1,0,14,12,8,9,20,3,26,,,0,,6,2,6,,,,,,,,,,,,,,,,,,,,,,,,,,,2,6,2,6,22,2,40,2,,,,
2026-10-01 02:00:00,경상남도,A2800020,학교법인성균관대학삼성창원병원,20261001015519,055-233-8899,Y,Y,,,8,2,2,3,8,3,Y,,Y,Y,Y,Y,Y,Y,21,Y,106,Y,,Y,Y,15,16,N1,27,8,2,3,19,24,,30,16,5,7,4,3,4,45,8,20,5,3,3,,,645,,,Y,Y,A2800020,3,,1,10,1,,,15,20,,3,,,,1,,1,,,,,,,,,,,,,,,,,,,,,,,,,,,,,,,,,,,,,,,,
2026-10-01 02:00:00,경상남도,A2800010,의료법인환명의료재단 조은금강병원,20261001015410,055-330-0300,,,,,,1,2,,,,,,Y,Y,Y,Y,N1,Y,12,N1,59,N1,5,N1,Y,,4,Y,17,,1,2,,,23,,4,,,1,2,1,7,,,,,,,2,305,,,Y,N1,A2800010,4,,,,0,8,,,,,1,96,,,,,,,,,,,,,,,,,,,,,,,,,,,,,,,,,,,,,,,,,,,,,
2026-10-01 02:00:00,경상남도,A2800006,의료법인숭인의료재단 김해복음병원,20261001015242,055-330-8888,,,,,,1,3,,,,,,Y,Y,Y,Y,Y,Y,14,N1,6,N1,2,N1,Y,,5,N1,16,,1,3,,,18,,5,,,2,3,1,3,,,3,,,,,359,,,Y,N1,A2800006,5,,,,1,,,,,,1,,,,,,,,,,,,,,,,,,,,,,,,,,,,,,,,,,,,,,,,,,,,,,
2026-10-01 02:00:00,경상남도,A2800043,한일병원,20261001015316,055-759-7777,,,,,,1,2,0,2,,,,Y,Y,Y,Y,Y,Y,14,N1,31,N1,5,N1,Y,,4,Y,17,,1,2,2,,13,3,4,,,2,2,1,6,,,1,,,,1,282,,,Y,N1,A2800043,6,,,,1,,,,,,1,,,,,,,,,,,,,,,,,,,,,,,,,,,,,,,,,,,,,,,,,,,,,,
2026-10-01 02:00:00,경상남도,A2800003,제일병원,20261001015442,055-750-7123,,,,,,1,2,2,0,,,Y,Y,Y,Y,Y,N1,Y,17,N1,49,N1,5,N1,Y,,3,Y,17,,1,2,2,,9,3,7,,,2,2,1,4,,,,,,1,1,258,,,Y,N1,A2800003,7,,,,,,,,,,,,,,,,,,,,,,,,,,,,,,,,,,,,,,,,,,,,,,,,,,,,,,,,
2026-10-01 02:00:00,경상남도,A2800017,의료법인합포의료재단에스엠지연세병원,20261001015506,055-243-0100,,,,,,1,2,0,1,,,,Y,Y,Y,Y,Y,Y,15,N1,50,N1,1,N1,Y,,4,N1,17,,1,2,2,,10,3,4,,,1,2,1,7,,,1,,,,,283,,,Y,N1,A2800017,8,,,,1,,,,,,1,,,,,,,,,,,,,,,,,,,,,,,,,,,,,,,,,,,,,,,,,,,,,,
2026-10-01 02:00:00,경상남도,A2803505,창원경상국립대학교병원,20261001015100,055-214-2000,Y,Y,,,,1,2,,,6,Y,,Y,Y,Y,Y,Y,Y,16,Y,133,Y,8,Y,Y,0,13,N1,18,,1,2,,17,34,,13,6,9,3,2,5,52,9,22,6,7,14,,,437,,,Y,Y,A2803505,9,,,,1,9,,,,,2,22,,,,,,,,,,,,,,0,,,,,,,,,,,,,,,0,,,0,0,,,,,,,,,,5,,5
2026-10-01 02:00:00,경상남도,A2800007,창원한마음병원,20261001015410,055-225-0000,Y,Y,,,,1,2,,,0,Y,,Y,Y,Y,Y,Y,Y,9,Y,20,Y,,Y,Y,10,13,Y,21,,1,3,,10,,,13,6,2,4,4,4,29,3,11,6,1,2,,2,688,,,Y,Y,A2800007,10,,2,6,1,,,25,37,,1,,,,,,,,,,,,,,,,,,,,,,,,,,,,,,,,,,,,,,,,,,,,,,
2026-10-01 02:00:00,경상남도,A2800004,창원파티마병원,20261001015107,055-270-1000,Y,Y,,,,1,2,0,2,6,Y,Y,Y,Y,Y,Y,Y,Y,9,N1,88,Y,,Y,Y,1,7,N1,17,,1,2,2,2,,3,7,6,2,4,3,3,16,3,6,3,,4,1,,444,,,Y,Y,A2800004,11,,4,3,1,,,12,13,,2,,,,,,,,,,,,,,,,,,,,,,,,,,,,,,,,,,,,,,,,,,,,,,
2026-10-01 02:00:00,경상남도,A2800008,의료법인 거붕 백병원,20261001015518,055-733-0000,,,,,,,1,,,,,,Y,,Y,N1,N1,Y,6,N1,47,N1,6,N1,Y,,4,N1,9,,,1,,,20,,4,,,2,2,,12,,,,,,,,365,,,Y,N1,A2800008,12,,,,,,,,,,,,,,,,,,,,,,,,,,,,,,,,,,,,,,,,,,,,,,,,,,,,,,,,
2026-10-01 02:00:00,경상남도,A2800005,의료법인 대우의료재단대우병원,20261001015126,055-680-8114,,,,,,,1,,,,,,Y,,Y,N1,N1,Y,9,N1,52,N1,1,N1,Y,,4,N1,9,,,1,,,10,,4,,,2,1,,5,,,,,,,,231,,,Y,N1,A2800005,13,,,,,,,,,,,,,,,,,,,,,,,,,,,,,,,,,,,,,,,,,,,,,,,,,,,,,,,,
2026-10-01 02:00:00,경상남도,A2800022,의료법인 성념의료재단맑은샘병원,20261001014938,055-731-1240,,,,,,,1,,,,,,Y,,Y,N1,N1,Y,8,N1,20,N1,,N1,Y,,2,N1,9,,,1,,,,,2,,,1,1,,4,,,,,,,,200,,,Y,N1,A2800022,14,,,,,,,,,,,,,,,,,,,,,,,,,,,,,,,,,,,,,,,,,,,,,,,,,,,,,,,,
2026-10-01 02:00:00,경상남도,A2800076,거창적십자병원,20261001015437,0559443251,,Y,,,,,1,,,,Y,,Y,,Y,N1,N1,Y,9,N1,33,N1,,Y,Y,,2,N1,9,,,1,,,,,2,,1,1,1,,2,,2,,,,,,91,,,Y,N1,A2800076,15,,,,,,,,,,,,,,,,,,,,,,,,,,,,,,,,,,,,,,,,,,,,,,,,,,,,,,,,
2026-10-01 02:00:00,경상남도,A2800032,강병원,20261001015122,055-673-0101,,,,,,,1,,,,,,Y,,Y,N1,N1,Y,9,N1,39,N1,,N1,Y,,1,N1,9,,,1,,,,,1,,,1,1,,1,,,,,,,,99,,,Y,N1,A2800032,16,,,,,,,,,,,,,,,,,,,,,,,,,,,,,,,,,,,,,,,,,,,,,,,,,,,,,,,,
2026-10-01 02:00:00,경상남도,A2800014,의료법인갑을의료재단 갑을장유병원,20261001015236,055-310-6000,,,,,,1,,,,,,,Y,,Y,N1,N1,Y,9,N1,48,N1,,N1,Y,,4,N1,9,,1,,,,,,4,,,1,1,,1,,,,,,,,210,,,Y,N1,A2800014,17,,,,,,,,,,,,,,,,,,,,,,,,,,,,,,,,,,,,,,,,,,,,,,,,,,,,,,,,
2026-10-01 02:00:00,경상남도,A2800094,의료법인 이도의료재단 남해병원,20261001012104,055-863-2201,N,N,,,,1,1,,,,N,N,Y,N,Y,N,N,Y,8,N,81,N,,N,Y,,2,N,,,,,,,,,,,,,,,,,,,,,,,,,,N,N,A2800094,18,,,,,,,,,,,,,,,,,,,,,,,,,,,,,,,,,,,,,,,,,,,,,,,,,,,,,,,,
2026-10-01 02:00:00,경상남도,A2800113,밀양병원,20261001015316,055-351-3993,,,,,,,1,,,,,,Y,,Y,N1,N1,Y,7,N1,17,N1,,N1,Y,,0,N1,9,,,1,,,,,0,,,1,1,,1,,,,,,,,200,,,Y,N1,A2800113,19,,,,,,,,,,,,,,,,,,,,,,,,,,,,,,,,,,,,,,,,,,,,,,,,,,,,,,,,
2026-10-01 02:00:00,경상남도,A2800068,의료법인승연의료재단 삼천포서울병원,20261001014637,055-835-9900,,,,,,,1,,,,,,Y,Y,Y,Y,N1,Y,9,N1,60,N1,,N1,Y,,3,Y,9,,,1,,,,,3,,,1,2,1,4,,,,,,,1,287,,,Y,N1,A2800068,20,,,,,,,,,,,,,,,,,,,,,,,,,,,,,,,,,,,,,,,,,,,,,,,,,,,,,,,,
2026-10-01 02:00:00,경상남도,A2800101,삼천포제일병원,20261001015512,055-833-4400,,,,,,,2,,,,,,Y,,Y,N1,N1,Y,8,N1,61,N1,,N1,Y,,2,N,8,,,2,,,,,2,,,1,1,,1,,,,,,,1,214,,,Y,N1,A2800101,21,,,,,,,,,,,,,,,,,,,,,,,,,,,,,,,,,,,,,,,,,,,,,,,,,,,,,,,,
2026-10-01 02:00:00,경상남도,E2800380,산청군보건의료원,20261001015501,055-970-7500,,,,,,,1,,,,,,,,Y,N1,N1,N1,5,N1,20,N1,,N1,N1,,,N1,5,,,1,,,,,,,,,,,1,,,,,,,,20,,,Y,N1,E2800380,22,,,,,,,,,,,,,,,,,,,,,,,,,,,,,,,,,,,,,,,,,,,,,,,,,,,,,,,,
2026-10-01 02:00:00,경상남도,A2804593,양산성모병원,20261001015530,1600-7582,,,,,,1,,,,,,,Y,,Y,N1,N1,Y,12,N1,141,N1,5,N1,Y,,4,N1,13,,1,,,,6,,4,,,1,2,,1,,,,,,,,214,,,Y,N1,A2804593,23,,,,,,,,,,,,,,,,,,,,,,,,,,,,,,,,,,,,,,,,,,,,,,,,,,,,,,,,
2026-10-01 02:00:00,경상남도,A2800019,베데스다복음병원,20261001015443,055-384-9901,,,,,,,1,,,,,,Y,,Y,N1,N1,Y,9,N1,55,N1,,N1,Y,,3,N1,9,,,1,,,,,3,,,1,1,,1,,,,,,,,133,,,Y,N1,A2800019,24,,,,,,,,,,,,,,,,,,,,,,,,,,,,,,,,,,,,,,,,,,,,,,,,,,,,,,,,
2026-10-01 02:00:00,경상남도,A2800090,의령병원,20261001015441,055-573-4100,,,,,,,1,,,,,,Y,,Y,N1,N1,Y,3,N1,38,N1,,N1,N1,,,N1,4,,,1,,,,,,,,1,,,1,,,,,,,,58,,,Y,N1,A2800090,25,,,,,,,,,,,,,,,,,,,,,,,,,,,,,,,,,,,,,,,,,,,,,,,,,,,,,,,,
2026-10-01 02:00:00,경상남도,A2800084,반도병원,20261001015003,0557476000,,,,,,,1,,,,,,Y,,Y,N1,N1,Y,7,N1,70,N1,,N1,Y,,3,N1,7,,,1,,,,,3,,,1,1,,3,,,,,,,,165,,,Y,N1,A2800084,26,,,,,,,,,,,,,,,,,,,,,,,,,,,,,,,,,,,,,,,,,,,,,,,,,,,,,,,,
2026-10-01 02:00:00,경상남도,A2800015,의료법인 문병욱의료재단 진주고려병원,20261001015240,055-751-2500,,,,,,,1,,,,,,Y,Y,Y,Y,N1,Y,8,N1,103,N1,1,N1,Y,,4,Y,9,,,1,,,9,,4,,,2,2,1,4,,,,,,,1,229,,,Y,N1,A2800015,27,,,,,,,,,,,,,,,,,,,,,,,,,,,,,,,,,,,,,,,,,,,,,,,,,,,,,,,,
2026-10-01 02:00:00,경상남도,A2800037,진주복음병원,20261001015445,055-749-7110,,,,,,,1,,,,,,Y,,Y,N1,N1,Y,9,N1,40,N1,,N1,N,,3,N1,9,,,1,,,,,3,,,1,1,,1,,,,,,,,131,,,N,N1,A2800037,28,,,,,,,,,,,,,,,,,,,,,,,,,,,,,,,,,,,,,,,,,,,,,,,,,,,,,,,,
2026-10-01 02:00:00,경상남도,A2800062,태황의료재단한성병원,20261001015504,0555305000,,,,,,,1,,,,,,,,Y,N1,N1,N1,8,N1,81,N1,,N1,N1,,,N1,9,,,1,,,,,,,,,,,,,,,,,,,167,,,N1,N1,A2800062,29,,,,,,,,,,,,,,,,,,,,,,,,,,,,,,,,,,,,,,,,,,,,,,,,,,,,,,,,
2026-10-01 02:00:00,경상남도,A2800025,경상남도마산의료원,20261001015502,055-249-1000,,,,,,1,1,,,20,,,Y,,Y,N1,Y,Y,13,N1,85,N1,4,N1,Y,,4,N1,13,,1,1,,,6,,5,27,,1,1,,17,,,2,,,,,263,,,Y,N1,A2800025,30,,,,2,,,,,,2,,,,,,,,,,,,,,,,,,,,,,,,,,,,,,,,,,,,,,,,,,,,,,
2026-10-01 02:00:00,경상남도,A2800009,의료법인청아의료재단청아병원,20261001015525,055-230-1500,,,,,,,1,,,,,,Y,,Y,N1,N1,Y,9,N1,83,N1,,N1,Y,,4,N1,9,,,1,,,,,4,,,2,2,,4,,,,,,,,274,,,Y,N1,A2800009,31,,,,,,,,,,,,,,,,,,,,,,,,,,,,,,,,,,,,,,,,,,,,,,,,,,,,,,,,
2026-10-01 02:00:00,경상남도,A2800021,연세에스병원,20261001015243,055-548-7700,,,,,,,1,,,,,,Y,Y,Y,Y,N1,Y,8,N1,91,N1,7,N1,Y,,3,N1,9,,,1,,,10,,3,,,2,2,1,5,,,,,,,,255,,,Y,N1,A2800021,32,,,,,,,,,,,,,,,,,,,,,,,,,,,,,,,,,,,,,,,,,,,,,,,,,,,,,,,,
2026-10-01 02:00:00,경상남도,A2800092,새통영병원,20261001015528,055-646-6000,,,,,,,1,,,,,,Y,,Y,N1,N1,Y,5,N1,75,N1,,N1,Y,,3,N1,9,,,1,,,,,3,,,1,2,,3,,,,,,,,256,,,Y,N1,A2800092,33,,,,,,,,,,,,,,,,,,,,,,,,,,,,,,,,,,,,,,,,,,,,,,,,,,,,,,,,
2026-10-01 02:00:00,경상남도,A2800080,함양성심병원,20261001015206,055-963-4322,,,,,,,1,,,,,,Y,,Y,N1,N1,Y,3,N1,28,N1,,N1,Y,,2,N1,4,,,1,,,,,2,,,1,1,,1,,,,,,,,121,,,Y,N1,A2800080,34,,,,,,,,,,,,,,,,,,,,,,,,,,,,,,,,,,,,,,,,,,,,,,,,,,,,,,,,
2026-10-01 02:00:00,경상남도,A2800055,삼성합천병원,20261001015501,055-933-2200,,,,,,,1,,,,,,Y,,Y,N1,N1,Y,3,N1,23,N1,,N1,Y,,2,N1,4,,,1,,,,,2,,,1,1,,1,,,,,,,,141,,,Y,N1,A2800055,35,,,,,,,,,,,,,,,,,,,,,,,,,,,,,,,,,,,,,,,,,,,,,,,,,,,,,,,,
2026-10-01 02:00:00,제주특별자치도,A2900001,제주한라병원,20261001015258,064740-5000,Y,Y,1,,3,2,3,4,14,,Y,,Y,Y,Y,Y,Y,Y,9,Y,109,Y,4,Y,Y,3,6,N1,15,3,2,3,14,7,15,30,6,,2,3,2,3,46,3,8,9,4,2,,,414,4,,Y,Y,A2900001,1,,,,,,11,,,20,,,,,1,,2,,,,,,,,,,,,,,,,,,,,,,,,,,,,,1,6,2,6,9,2,40,2,2,,4,
2026-10-01 02:00:00,제주특별자치도,A2900002,제주특별자치도서귀포의료원,20261001015402,064-730-3000,,Y,,,3,1,4,2,3,,Y,,Y,Y,Y,Y,Y,Y,11,N1,146,N1,7,Y,Y,,4,Y,16,4,1,4,2,,17,3,4,,1,2,1,1,16,,4,3,,,,1,326,,,Y,N1,A2900002,2,,,,3,1,,,,,3,26,,,,,,,,,,,,,,,,,,,,,,,,,,,,,,,,,,,,,,,,,,,,,
2026-10-01 02:00:00,제주특별자치도,A2900007,제주대학교병원,20261001015500,064-717-1114,Y,Y,,,,1,0,,,1,Y,,Y,Y,Y,Y,Y,Y,4,Y,94,Y,,Y,Y,12,12,N1,20,,1,5,,16,,,12,9,3,2,2,4,45,8,17,10,5,3,,,458,,,Y,Y,A2900007,3,,3,2,,0,,12,12,,,20,,,,,,4,6,,,,,,,,3,,,,,3,,,,,,,,,,,,,,,,,,,,,,,,,
2026-10-01 02:00:00,제주특별자치도,A2900005,한마음병원,20261001015220,064-750-9000,,,,,,0,1,0,0,,,,Y,Y,Y,Y,Y,Y,7,N1,48,N1,5,N1,Y,,4,N1,17,,1,2,2,,10,3,4,,,1,1,1,6,,,2,,,,,213,,,Y,N1,A2900005,4,,,,,,,,,,,,,,,,,,,,,,,,,,,,,,,,,,,,,,,,,,,,,,,,,,,,,,,,
2026-10-01 02:00:00,제주특별자치도,A2900006,의료법인중앙의료재단중앙병원,20261001015444,064-786-7000,,,,,1,1,1,2,3,,,,Y,Y,Y,Y,Y,Y,10,Y,97,N1,8,N1,Y,,3,N1,16,1,1,2,2,,14,3,3,,,1,1,2,10,,,2,1,,,,278,,,Y,N1,A2900006,5,,,,1,,,,,,1,,,,,,,,,,,,,,,,,,,,,,,,,,,,,,,,,,,,,,,,,,,,,,
2026-10-01 02:00:00,제주특별자치도,A2900003,의료법인 혜인의료재단 한국병원,20261001015404,064-750-0000,,,,,,,0,,,,,,Y,,Y,N1,N1,Y,4,N1,44,N1,2,N1,Y,,3,N1,9,,,1,,,10,,3,,,1,1,,6,,,,,,,,209,,,Y,N1,A2900003,6,,,,,,,,,,,,,,,,,,,,,,,,,,,,,,,,,,,,,,,,,,,,,,,,,,,,,,,,
2026-10-01 02:30:00,서울특별시,A1100043,강동경희대학교병원,20261001022517,02-440-7114,Y,Y,1,2,3,2,2,3,3,0,Y,N,Y,Y,Y,Y,Y,Y,10,Y,128,Y,3,Y,Y,10,17,N,15,3,2,3,19,17,27,30,17,1,8,2,2,3,32,9,13,4,1,1,0,0,625,3,2,Y,Y,A1100043,1,,,,,,,,,,,,,,,,,,,,,,,,,,,,,,,,,,,,,,,,,,,,,,,,,,,,,,,,
2026-10-01 02:30:00,서울특별시,A1100014,고려대학교의과대학부속구로병원,20261001022239,02-2626-1114,Y,Y,,,1,,,2,2,3,Y,,Y,Y,Y,Y,Y,Y,5,Y,40,Y,7,Y,Y,1,24,N1,29,3,,,20,23,35,30,24,4,2,6,4,4,98,11,35,15,10,3,,,778,,,Y,Y,A1100014,2,3,1,0,1,3,0,20,4,6,10,18,5,,,,,,,,,,,,,,,,,,,,,,,,,,,,,,,,,,,,,,,,,,,,
2026-10-01 02:30:00,서울특별시,A1100013,한양대학교병원,20261001022300,02-2290-8114,Y,Y,1,,2,,,5,5,0,Y,,Y,Y,Y,Y,Y,Y,10,Y,106,Y,0,Y,Y,0,16,Y,20,3,,,22,14,0,30,16,2,1,3,2,3,69,10,23,13,6,3,,1,670,2,,Y,Y,A1100013,3,4,0,,0,4,,12,,,2,16,4,3,1,8,5,,,,,,,,,,,,,,,,,,,,,,,,,,,,,,,,,,,,,,,,
2026-10-01 02:30:00,서울특별시,A1100008,학교법인 고려중앙학원 고려대학교의과대학부속병원(안암병원),20261001022159,1577-0083,Y,Y,0,,4,,,1,0,0,Y,,Y,Y,Y,Y,Y,Y,10,Y,27,Y,,Y,Y,-3,24,Y,30,4,,,15,17,,31,25,3,4,7,6,8,84,14,20,11,8,7,,1,777,6,,Y,Y,A1100008,4,2,1,2,0,2,,16,19,,6,10,2,7,,7,,3,9,,,,,,,,,,,,,,,,,,,,,,,,,,,,,,,,,,,,,,
2026-10-01 02:30:00,서울특별시,A1100005,이화여자대학교의과대학부속목동병원,20261001022052,02-2650-5114,Y,Y,0,,8,2,3,2,3,1,Y,,Y,Y,Y,Y,Y,Y,13,Y,31,Y,,Y,Y,7,13,Y,19,8,2,4,19,28,,32,13,9,2,4,4,4,58,10,34,9,3,5,,1,526,1,,Y,Y,A1100005,5,,0,3,0,6,,10,13,,4,10,,,0,,1,,,3,14,,,,,,,,,,,,,,,,,,,,,,,,,,,,,,,,,,,,
2026-10-01 02:30:00,서울특별시,A1100017,서울대학교병원,20261001022514,02-1588-5700,Y,Y,0,,7,1,3,4,18,5,Y,Y,Y,Y,Y,Y,Y,Y,-2,Y,48,Y,,Y,Y,6,52,N1,24,10,2,4,17,40,,30,53,7,4,13,13,14,160,19,46,22,9,3,1,,1365,2,,Y,Y,A1100017,6,,2,3,9,7,,10,18,,28,41,,,0,,1,0,6,1,5,1,1,0,0,3,5,1,5,2,3,22,2,10,10,6,1,1,0,0,8,,,,,,,,,,,,,,,,
2026-10-01 02:30:00,서울특별시,A1100035,서울특별시서울의료원,20261001022500,02-2276-7000,Y,Y,2,,3,2,3,0,7,3,Y,Y,Y,Y,Y,Y,Y,Y,5,Y,98,Y,0,Y,Y,3,10,Y,19,3,2,3,14,3,5,28,10,3,4,5,3,5,65,5,12,7,2,4,1,2,461,2,,Y,Y,A1100035,7,,1,,,16,,7,,,,30,,,1,,4,,,2,6,,,,,,,,,,,,,,,,,,,,,0,2,,,,,,,,,,,,,,
2026-10-01 02:30:00,서울특별시,A1100015,연세대학교의과대학강남세브란스병원,20261001022146,02-2019-3114,Y,Y,,,2,1,2,,,4,Y,,Y,Y,Y,Y,Y,Y,9,Y,84,Y,12,Y,Y,1,23,N1,21,2,1,2,,28,29,,23,5,1,4,3,6,47,10,23,6,3,5,,,691,,,Y,Y,A1100015,8,,,,,,,,,,,,,,,,,5,8,3,12,,,,,,,,,,,,,,,,,,,,,,,,,,,,,,,,,,,,
2026-10-01 02:30:00,서울특별시,A1100010,삼성서울병원,20261001022532,02-3410-2114,Y,Y,,,1,1,2,,,2,Y,,Y,Y,Y,Y,Y,Y,-32,Y,105,Y,,Y,Y,6,46,N1,52,4,2,2,,59,,,46,8,6,19,16,15,117,22,43,21,11,2,,,1528,,,Y,Y,A1100010,9,,4,9,,3,,28,23,,,27,,,,,,2,12,1,12,,,,,,2,,,,12,14,,,36,,,,,,,,,,,,,,,,,,,,,,
2026-10-01 02:30:00,서울특별시,A1100028,성심의료재단강동성심병원,20261001022045,02-2224-2114,Y,Y,,,,1,5,,,0,Y,,Y,Y,Y,Y,Y,Y,9,Y,97,Y,0,Y,Y,2,13,N1,15,,1,6,,3,19,,13,2,1,4,2,5,35,3,3,8,3,1,,,566,,,Y,Y,A1100028,10,,1,,2,,,18,,,5,,,,,,,,,,,,,,,,,,,,,,,,,,,,,,,,,2,2,,,,,,,,,,,,
2026-10-01 02:30:00,서울특별시,A1100053,한국보훈복지의료공단 중앙보훈병원,20261001022118,02-2225-1111,,,,,,1,2,1,0,1,N,,Y,Y,Y,Y,Y,Y,17,Y,135,N1,,N1,Y,,13,N1,22,,1,2,2,,,3,13,7,1,3,4,4,38,,,10,1,,,,820,,,Y,N1,A1100053,11,,6,7,1,39,,14,14,,1,60,,,,,,0,10,1,13,,,,,,,,,,,,,,,,,,,,,,,,,,,,,,,,,,,,
2026-10-01 02:30:00,서울특별시,A1120796,이화여자대학교의과대학부속서울병원,20261001022101,1522-7000,Y,Y,,,5,2,5,,,0,Y,,Y,Y,Y,Y,Y,Y,2,Y,114,Y,0,Y,Y,3,19,N1,14,9,2,6,,24,11,,19,4,2,5,5,8,71,9,22,12,4,5,,,736,,,Y,Y,A1120796,12,,1,2,1,,,10,17,,7,,,,,,,1,11,1,17,,,,,,,,,,3,,,,19,,,,,,,,,,,,,,,,,,,,,,
2026-10-01 02:30:00,서울특별시,A1100041,의료법인서울효천의료재단 에이치플러스양지병원,20261001022510,02-1877-8875,,,,,,1,2,,,1,,,Y,Y,Y,Y,Y,Y,10,Y,12,Y,1,N1,Y,,7,N1,18,,1,2,,,27,,7,3,,2,3,3,23,,,5,1,1,,,293,,,Y,N1,A1100041,13,,,,0,,,,,,1,,,,,,,,,,,,,,,,,,,,,,,,,,,,,,,,,,,,,,,,,,,,,,
2026-10-01 02:30:00,서울특별시,A1100002,건국대학교병원,20261001022249,1588-1533,Y,Y,,,4,1,2,,,3,Y,,Y,Y,Y,Y,Y,Y,13,Y,62,Y,,Y,Y,1,21,N1,20,4,1,2,,16,,,21,3,2,4,4,5,45,7,18,7,3,14,,,678,,,Y,Y,A1100002,14,,10,2,1,7,,24,25,,1,14,,,,,,,,,,,,,,,,,,,,,,,,,,,,,,,,,,,,,,,,,,,,,
2026-10-01 02:30:00,서울특별시,A1100016,인제대학교상계백병원,20261001022151,02-950-1114,Y,Y,,,,1,2,,,0,Y,,Y,Y,Y,Y,Y,Y,9,Y,32,Y,,Y,Y,2,13,N1,16,,1,2,,15,,,13,2,2,3,2,3,36,10,25,10,3,1,,,390,,,Y,Y,A1100016,15,,2,0,2,1,,19,18,,4,5,,,,,,,,,,,,,,,,,,,,,,,,,,,,,,,,3,4,,,,,,,,,,,,
2026-10-01 02:30:00,서울특별시,A1100048,노원을지대학교병원,20261001022102,02-970-8000,Y,Y,,,,1,4,,,0,Y,,Y,Y,Y,Y,Y,Y,13,Y,197,N1,,Y,Y,0,11,N1,17,,1,4,,10,,,11,1,3,2,2,2,26,8,19,3,1,,,,479,,,Y,Y,A1100048,16,,-1,0,2,3,,16,16,,2,21,,,,,,,,,,,,,,,,,,,,,,,,,,,,,,,,,,0,0,0,0,,,,,,,,
2026-10-01 02:30:00,서울특별시,A1100020,의료법인한전의료재단 한일병원,20261001022503,02-901-3114,N,N,,,2,2,2,1,2,2,,Y,Y,Y,Y,Y,Y,Y,18,N1,65,Y,6,N,Y,,8,N,21,2,2,2,2,,21,3,8,5,,2,1,2,25,1,4,2,,4,2,2,389,,,Y,N,A1100020,17,,,,0,,,,,,1,,,,,,,,,,,,,,,,,,,,,,,,,,,,,,,,,,,,,,,,,,,,,,
2026-10-01 02:30:00,서울특별시,A1100001,경희대학교병원,20261001022518,02-958-8114,Y,Y,,,2,2,3,,,8,Y,,Y,Y,Y,Y,Y,Y,10,Y,134,Y,22,Y,Y,9,16,N1,15,3,2,3,,26,65,,16,10,3,3,3,5,48,6,12,8,3,2,,,653,,,Y,Y,A1100001,18,,,,,4,,,,,,20,,,,,,,,2,15,,,,,,,,,,,,,,,,,,,,,,,,,,,,,,,,,,,,
2026-10-01 02:30:00,서울특별시,A1100021,삼육서울병원,20261001022254,02-2244-0191,,N,,,,1,1,1,2,3,Y,,Y,Y,Y,Y,Y,Y,6,Y,87,Y,2,N,Y,4,5,Y,13,,1,2,2,4,15,3,5,4,2,1,1,2,20,,4,5,2,1,,1,389,,,Y,N1,A1100021,19,,,,0,,,,,,1,,,,,,,,,,,,,,,,,,,,,,,,,,,,,,,,,1,4,,,,,,,,,,,,
2026-10-01 02:30:00,서울특별시,A1100040,서울특별시보라매병원,20261001022500,02-870-2114,Y,Y,,,3,2,1,,,3,Y,,Y,Y,Y,Y,Y,Y,17,Y,129,Y,,Y,Y,1,13,N1,31,3,2,1,,14,,,14,3,4,6,3,5,48,14,13,5,9,2,,,695,,,Y,Y,A1100040,20,,3,6,1,5,,15,16,,4,14,,,,,,1,4,,,,,,,,,,,,,,,,,,,,,,,,,,,,,,,,,,,,,,
2026-10-01 02:30:00,서울특별시,A1100003,중앙대학교병원,20261001022508,1800-1114,Y,Y,0,,4,2,3,1,,0,Y,,Y,Y,Y,Y,Y,Y,11,Y,126,Y,,Y,Y,0,16,N1,22,4,2,3,12,25,,,16,2,2,4,3,4,51,9,21,13,6,12,,,629,1,,Y,Y,A1100003,21,0,1,2,0,1,,12,17,,11,2,0,0,,0,,,,,,,,,,3,,,,,,,,,,,,,,,4,,,,,,,,,,,,,,,,
2026-10-01 02:30:00,서울특별시,A1100007,연세대학교의과대학세브란스병원,20261001022405,02-2228-0114,Y,Y,,,6,1,1,,,1,Y,Y,Y,Y,Y,Y,Y,Y,1,Y,193,Y,5,Y,Y,14,3,N1,39,8,1,3,,52,18,,3,30,8,16,16,17,206,55,61,21,16,21,1,,1872,,,Y,Y,A1100007,22,,4,8,2,6,,29,24,,5,20,,,,,,7,23,9,29,1,1,,,,7,0,2,2,7,22,2,10,17,6,1,1,,,,,,,,,,,,,,,,,,,
2026-10-01 02:30:00,서울특별시,A1100012,학교법인가톨릭학원가톨릭대학교서울성모병원,20261001022512,0215881511,Y,Y,,,5,,,1,1,0,Y,,Y,Y,Y,Y,Y,Y,1,Y,48,Y,0,Y,Y,13,32,N1,28,7,,,2,50,5,6,32,10,2,9,10,8,80,40,39,11,9,4,,,1053,,,Y,Y,A1100012,23,1,3,9,10,11,,22,20,,18,35,1,3,,5,,0,10,5,19,1,1,,,,0,1,0,,2,3,2,,8,6,1,1,,,,,,,,,,,,,,,,,,,
2026-10-01 02:30:00,서울특별시,A1100009,재단법인아산사회복지재단 서울아산병원,20261001022215,02-3010-3114,Y,Y,1,,5,1,1,0,1,1,Y,,Y,Y,Y,Y,Y,Y,-1,Y,135,Y,3,Y,Y,21,3,Y,36,11,1,22,2,61,12,4,4,8,8,21,15,17,190,33,49,30,14,5,,1,2121,1,,Y,Y,A1100009,24,,0,5,7,9,,24,37,,47,28,,,1,,6,1,12,1,12,2,0,,,,2,0,0,4,5,26,2,13,12,6,2,1,,,,,,,,,,,,,,,,,,,
2026-10-01 02:30:00,서울특별시,A1100011,가톨릭대학교여의도성모병원,20261001022510,02-1661-7575,,,,,,1,4,2,,0,Y,,Y,Y,Y,Y,Y,Y,8,Y,9,Y,,N1,Y,,13,N1,15,,1,4,2,,,,13,1,2,2,2,2,23,,,5,1,2,,,330,,,Y,N1,A1100011,25,,-2,-1,1,,,10,8,,1,,,,,,,,,0,9,,,,,,,,,,,,,,,,,,,,,,,,,,,,,,,,,,,,
2026-10-01 02:30:00,서울특별시,A1100055,한림대학교 강남성심병원,20261001022107,02-829-5114,Y,Y,,,3,3,2,0,1,,Y,,Y,Y,Y,Y,Y,Y,17,Y,116,Y,,Y,Y,3,14,N1,20,3,3,2,2,12,,3,14,,3,3,3,3,54,21,22,13,3,2,,,493,,,Y,Y,A1100055,26,,1,7,3,,,21,23,,7,,,,,,,4,10,,,,,,,,,,,,,,,,,,,,,,,,,,,,,,,,,,,,,,
2026-10-01 02:30:00,서울특별시,A1100054,성애의료재단성애병원,20261001022359,02-840-7114,Y,Y,,,,1,4,,,,Y,,Y,Y,Y,Y,Y,Y,13,N1,23,N1,1,Y,Y,4,5,N1,15,,1,4,,4,19,,5,,2,2,2,1,8,5,14,2,,,,,252,,,Y,Y,A1100054,27,,,,0,,,,,,1,,,,,,,,,,,,,,,,,,,,,,,,,,,,,,,,,,,,,,,,,,,,,,
2026-10-01 02:30:00,서울특별시,A1100004,순천향대학교부속서울병원,20261001022425,02-709-9114,Y,Y,,,4,1,2,0,1,0,Y,,Y,Y,Y,Y,Y,Y,13,Y,93,Y,1,Y,Y,-2,13,N1,20,4,1,2,2,13,43,3,14,4,7,3,3,4,51,8,17,14,5,3,,,597,,,Y,Y,A1100004,28,,,,1,5,,,,,10,21,,,,,,,,,,,,,0,0,,,,,,,,,,,,,,0,0,,,0,0,,,,,,,,,,,,
2026-10-01 02:30:00,서울특별시,A1121013,가톨릭대학교은평성모병원,20261001022509,02-1811-7755,Y,Y,,,7,0,2,,,1,Y,,Y,Y,Y,Y,Y,Y,12,Y,104,Y,,Y,Y,3,19,N1,24,8,2,2,,19,,,19,5,1,4,3,5,46,19,22,10,5,20,,,651,,,Y,Y,A1121013,29,,0,0,0,,,16,9,,4,,,,,,,0,12,-1,13,,,,,,,,,,,,,,,,,,,,,,,,,,,,,,,,,,,,
2026-10-01 02:30:00,서울특별시,A1100006,강북삼성병원,20261001022529,02-2001-2001,Y,Y,,,2,1,2,,,1,Y,,Y,Y,Y,Y,Y,Y,6,Y,38,Y,3,Y,Y,-1,16,N1,15,2,1,2,,14,24,,16,2,1,5,4,6,54,13,14,8,4,3,,,543,,,Y,Y,A1100006,30,,,2,2,9,,,4,,5,18,,,,,,,,2,12,,,,,,,,,,2,,,,8,,,,,,,,,,,,,,,,,,,,,,
2026-10-01 02:30:00,서울특별시,A1100052,국립중앙의료원,20261001022505,02-2260-7114,N,Y,,0,3,2,2,1,0,5,Y,,Y,Y,Y,Y,Y,Y,9,Y,0,Y,9,Y,Y,,7,N1,15,3,2,3,6,,13,0,7,7,1,1,1,2,56,1,3,5,5,2,,,202,,0,Y,N,A1100052,31,,,0,2,,0,,0,20,2,,,,,,,,,,,,,0,,0,,,,,,,,,,,,,0,,0,,,5,5,2,6,2,6,0,2,50,2,,,,
2026-10-01 02:30:00,서울특별시,A1100036,부민병원,20261001022223,1577-7582,,Y,,,,1,,,,1,Y,,Y,Y,Y,Y,Y,Y,10,Y,54,N1,3,Y,Y,,8,N1,10,,1,,,,14,,8,3,1,3,3,1,22,,1,2,1,,,,282,,,Y,N1,A1100036,32,,,,0,,,,,,1,,,,,,,,,,,,,,,,,,,,,,,,,,,,,,,,,,,,,,,,,,,,,,
2026-10-01 02:30:00,서울특별시,A1100051,혜민병원,20261001022245,02-2049-9000,,,,,,1,,,,,,,Y,,Y,N1,Y,Y,9,N1,19,N1,8,N1,Y,,5,N1,9,,1,,,,19,,5,,,2,2,,16,,,2,,,,,205,,,Y,N1,A1100051,33,,,,,,,,,,,,,,,,,,,,,,,,,,,,,,,,,,,,,,,,,,,,,,,,,,,,,,,,
2026-10-01 02:30:00,서울특별시,A1100026,구로성심병원,20261001022344,02-2067-1500,,,,,,,1,,,,,,Y,,Y,N1,N1,Y,5,N1,35,N1,4,N1,Y,,3,N1,9,,,1,,,11,,3,,,1,1,,5,,,,,,,,191,,,Y,N1,A1100026,34,,,,,,,,,,,,,,,,,,,,,,,,,,,,,,,,,,,,,,,,,,,,,,,,,,,,,,,,
2026-10-01 02:30:00,서울특별시,A1100049,희명병원,20261001022435,02-804-0002,,,,,,,1,,,,,,Y,,Y,N1,Y,Y,10,Y,111,N1,8,N1,Y,,4,N1,10,,,1,,,19,,4,,,1,1,,9,,,1,1,,,,228,,,Y,N1,A1100049,35,,,,,,,,,,,,,,,,,,,,,,,,,,,,,,,,,,,,,,,,,,,,,,,,,,,,,,,,
2026-10-01 02:30:00,서울특별시,A1100027,한국원자력의학원원자력병원,20261001022259,02-970-2114,,Y,,,,1,1,,,0,Y,,Y,Y,Y,Y,Y,Y,8,N1,133,N1,6,Y,Y,,10,N1,9,,1,1,,,10,,10,1,1,4,2,1,16,,2,1,,,,,444,,,Y,N1,A1100027,36,,,,1,,,,,,1,,,,,,,,,,,,,,,,,,,,,,,,,,,,,,,,,1,1,,,,,,,,,,,,
2026-10-01 02:30:00,서울특별시,A1100022,서울특별시동부병원,20261001022520,02-920-9114,,Y,,,,1,1,,,,Y,,Y,,Y,N1,Y,Y,7,N1,34,N1,4,Y,Y,,3,N1,8,,1,1,,,8,,3,,1,1,1,,7,,1,1,,,,,195,,,Y,N1,A1100022,37,,,,0,,,,,,1,,,,,,,,,,,,,,,,,,,,,,,,,,,,,,,,,,,,,,,,,,,,,,
2026-10-01 02:30:00,서울특별시,A1100050,서울성심병원,20261001022531,02-966-1616,,,,,,1,2,,,,,,Y,,Y,N1,N1,Y,17,N1,73,N1,5,N1,Y,,6,N1,17,,1,2,,,10,,6,,,1,1,,11,,,,,,,,208,,,Y,N1,A1100050,38,,,,,,,,,,,,,,,,,,,,,,,,,,,,,,,,,,,,,,,,,,,,,,,,,,,,,,,,
2026-10-01 02:30:00,서울특별시,A1100025,의료법인동신의료재단동신병원,20261001022438,02-396-9161,,,,,,,1,,,,,,Y,,Y,N1,N1,Y,9,N1,41,N1,2,N1,Y,,3,N1,9,,,1,,,9,,3,,,1,1,,7,,,,,,,,196,,,Y,N1,A1100025,39,,,,,,,,,,,,,,,,,,,,,,,,,,,,,,,,,,,,,,,,,,,,,,,,,,,,,,,,
2026-10-01 02:30:00,서울특별시,A1122033,기쁨병원,20261001022428,02-570-1234,,,,,,,1,,,,,,Y,Y,Y,Y,N1,Y,3,N1,59,N1,,N1,Y,,8,N1,4,,,1,,,,,8,,,1,1,1,1,,,,,,,,110,,,Y,N1,A1122033,40,,,,,,,,,,,,,,,,,,,,,,,,,,,,,,,,,,,,,,,,,,,,,,,,,,,,,,,,
2026-10-01 02:30:00,서울특별시,A1100019,홍익병원,20261001022310,02-2693-5555,,,,,,,0,,,0,,,Y,Y,Y,Y,N,Y,7,N1,73,N1,8,N1,Y,,4,N1,9,,,1,,,14,,4,1,,4,2,2,7,,,1,,,,,251,,,Y,N1,A1100019,41,,,,1,,,,,,1,,,,,,,,,,,,,,,,,,,,,,,,,,,,,,,,,,,,,,,,,,,,,,
2026-10-01 02:30:00,서울특별시,A1100223,서울특별시서남병원,20261001022000,1566-6688,,,,0,,1,2,1,0,4,,,Y,,Y,N1,Y,Y,14,Y,25,Y,9,N1,Y,,4,N1,17,,1,2,2,,17,3,4,4,,2,1,,16,,,1,1,1,,,275,,0,Y,N1,A1100223,42,,,,0,,,,,,1,,,,,,,,,,,,,,,,,,,,,,,,,,,,,,,,,,,,,,,,,,,,,,
2026-10-01 02:30:00,서울특별시,A1100024,명지성모병원,20261001022517,02-1899-1475,,,,,,1,1,,,,,,Y,Y,Y,Y,N1,Y,5,N1,57,N1,6,N1,Y,,3,N1,8,,1,1,,,12,,3,,,1,3,2,7,,,,,,,,212,,,Y,N1,A1100024,43,,,,1,,,,,,1,,,,,,,,,,,,,,,,,,,,,,,,,,,,,,,,,,,,,,,,,,,,,,
2026-10-01 02:30:00,서울특별시,A1100037,대림성모병원,20261001022245,02-829-9000,,,,,,,2,,,,,,Y,,Y,N1,N1,Y,7,N1,32,N1,,N1,Y,,4,N1,8,,,2,,,,,4,,,1,2,,1,,,,,,,,114,,,Y,N1,A1100037,44,,,,,,,,,,,,,,,,,,,,,,,,,,,,,,,,,,,,,,,,,,,,,,,,,,,,,,,,
2026-10-01 02:30:00,서울특별시,A1100045,씨엠병원,20261001021500,02-2678-0001,,,,,,,1,,,,,,Y,,Y,N1,N1,Y,9,N1,29,N1,,N1,Y,,5,N1,9,,,1,,,,,5,,,2,2,,6,,,,,,,,110,,,Y,N1,A1100045,45,,,,,,,,,,,,,,,,,,,,,,,,,,,,,,,,,,,,,,,,,,,,,,,,,,,,,,,,
2026-10-01 02:30:00,서울특별시,A1100023,의료법인청구성심병원,20261001022228,02-350-3300,,,,,,,1,,,,,,Y,,Y,N1,N1,Y,8,N1,26,N1,1,N1,Y,,3,N1,10,,,1,,,6,,3,,,1,1,,4,,,,,,,,196,,,Y,N1,A1100023,46,,,,,,,,,,,,,,,,,,,,,,,,,,,,,,,,,,,,,,,,,,,,,,,,,,,,,,,,
2026-10-01 02:30:00,서울특별시,A1100029,서울적십자병원,20261001022525,02-2002-8000,,,,,,1,,,,,,,Y,,Y,N1,Y,Y,8,N1,107,N1,7,N1,Y,,6,N1,10,,1,,,,12,,6,,,1,1,,11,,,2,,,,,260,,,Y,N1,A1100029,47,,,,,,,,,,,,,,,,,,,,,,,,,,,,,,,,,,,,,,,,,,,,,,,,,,,,,,,,
2026-10-01 02:30:00,서울특별시,A1100032,세란병원,20261001022505,02-737-0181,,,,,,,1,,,,,,Y,,Y,N1,N1,Y,10,N1,36,N1,,N1,Y,,13,N1,10,,,1,,,,,13,,,3,5,,3,,,,,,,,205,,,Y,N1,A1100032,48,,,,,,,,,,,,,,,,,,,,,,,,,,,,,,,,,,,,,,,,,,,,,,,,,,,,,,,,
2026-10-01 02:30:00,서울특별시,A1100075,의료법인풍산의료재단동부제일병원,20261001022007,02-437-5011,,,,,,,1,,,,,,Y,,Y,N1,N1,Y,6,N1,49,N1,,N1,N,,2,N1,7,,,1,,,,,2,,,1,1,,3,,,,,,,,124,,,Y,N1,A1100075,49,,,,,,,,,,,,,,,,,,,,,,,,,,,,,,,,,,,,,,,,,,,,,,,,,,,,,,,,
2026-10-01 02:30:00,서울특별시,A1100044,녹색병원,20261001022504,02-490-2000,,,,,,1,4,,,0,N,,Y,,Y,N1,Y,Y,2,N1,70,N1,6,N1,Y,,3,N1,5,,1,4,,,17,,3,3,1,2,1,,22,,,1,,,,,293,,,Y,N1,A1100044,50,,,,1,,,,,,3,,,,,,,,,,,,,,,,,,,,,,,,,,,,,,,,,,,,,,,,,,,,,,
2026-10-01 02:30:00,경기도,A2100042,의료법인명지의료재단명지병원,20261001022500,031-810-5114,Y,Y,1,0,0,0,2,4,15,0,Y,Y,Y,Y,Y,Y,Y,Y,9,Y,140,Y,10,Y,Y,3,6,Y,15,0,0,3,16,3,31,28,13,0,2,6,3,5,49,4,5,8,5,2,1,2,443,4,0,Y,Y,A2100042,1,3,,,4,0,,,,,4,0,3,2,1,2,3,,,,,,3,0,0,0,,,,,,,,,,,,3,0,0,0,0,2,,,,,,,,,,,0,0,0,0
2026-10-01 02:30:00,경기도,A2100033,국민건강보험공단일산병원,20261001022504,1577-0013,Y,Y,1,0,5,2,3,0,2,1,Y,,Y,Y,Y,Y,Y,Y,13,Y,124,N1,,Y,Y,0,2,N1,23,5,2,3,19,25,,29,2,4,2,4,3,3,58,8,28,13,5,,,,659,1,0,Y,Y,A2100033,2,,0,0,0,7,,10,16,,11,28,,,,,,1,6,,,,,0,0,0,,,,,,,,,,,,,0,0,0,1,1,,,,,,,,,,,,,,
2026-10-01 02:30:00,경기도,A2100005,순천향대학교부속부천병원,20261001022121,032-621-5114,Y,Y,,,5,0,0,2,13,2,Y,Y,Y,Y,Y,Y,Y,Y,5,Y,121,Y,2,Y,Y,4,20,Y,17,5,0,0,20,24,22,34,21,7,1,4,3,5,71,9,31,17,4,3,1,1,674,,,Y,Y,A2100005,3,2,2,4,1,,,16,15,,8,,2,1,,3,,,,,,,,0,,0,,,,,,,,,,,,,0,,0,,,,,,4,,5,,,,,,0,,0
2026-10-01 02:30:00,경기도,A2100001,분당서울대학교병원,20261001022100,031-787-2114,Y,Y,,,1,2,2,1,11,1,Y,,Y,Y,Y,Y,Y,Y,-20,Y,248,Y,1,Y,Y,0,39,N1,30,5,2,3,15,35,8,30,39,3,3,11,11,11,128,17,39,16,8,8,,,1247,,,Y,Y,A2100001,4,,2,4,0,2,,13,13,,1,15,,,3,,5,2,9,0,10,,,,5,,0,,,,,6,,,,,,,,5,,,,,,,1,,2,,,,,,9,,9
2026-10-01 02:30:00,경기도,A2100030,차의과학대학교분당차병원,20261001022324,031-780-5000,Y,Y,0,,7,,,3,20,,Y,,Y,Y,Y,Y,Y,Y,9,Y,43,Y,,Y,Y,3,26,N1,22,11,,,14,35,,43,26,,8,5,3,4,40,26,46,6,2,2,,,717,2,,Y,Y,A2100030,5,1,0,4,0,3,,8,9,,4,22,2,3,0,3,2,0,6,1,7,1,1,,0,0,0,0,6,,,2,2,,,6,1,1,,0,1,,,0,0,,,,,,,,,,,,
2026-10-01 02:30:00,경기도,A2100002,아주대학교병원,20261001022413,031-219-5114,Y,Y,,,7,0,0,3,1,1,Y,,Y,Y,Y,Y,Y,Y,13,Y,63,Y,,Y,Y,0,25,N1,30,9,0,0,16,36,,42,25,8,3,8,6,9,126,27,34,32,9,7,,,792,,,Y,Y,A2100002,6,2,2,0,0,13,3,14,10,40,3,20,2,3,1,6,2,1,7,4,13,1,1,,,0,,0,0,1,2,,2,6,11,6,1,4,,,0,,,0,0,2,6,2,6,8,3,60,3,,0,,0
2026-10-01 02:30:00,경기도,A2100003,고려대학교의과대학부속안산병원,20261001022435,031-1577-7516,Y,Y,0,,4,,2,2,7,5,Y,,Y,Y,Y,Y,Y,Y,14,Y,65,Y,0,Y,Y,1,20,N1,22,4,,3,18,25,4,30,20,10,2,3,4,4,66,15,19,8,5,3,,,605,2,,Y,Y,A2100003,7,1,0,5,0,11,,11,18,,3,16,2,1,,3,,0,6,,,,,,,,,,,,,,,,,,,,,,,,,,,,,,,,,,,,,,
2026-10-01 02:30:00,경기도,A2100004,한림대학교성심병원,20261001022457,031-380-1500,Y,Y,0,,3,2,3,7,18,0,Y,Y,Y,Y,Y,Y,Y,Y,20,Y,79,Y,,Y,Y,7,19,N1,25,3,2,4,19,9,,30,19,14,2,4,3,6,102,8,10,20,14,2,1,,593,1,,Y,Y,A2100004,8,0,0,1,1,13,,27,16,,3,20,0,5,,5,,,,,,,,,,,,,,0,6,,,8,18,,,,,,,,,,,,,,,,,,,,,,
2026-10-01 02:30:00,경기도,A2100040,가톨릭대학교의정부성모병원,20261001022508,1661-7500,Y,Y,1,,11,2,4,4,10,,Y,,Y,Y,Y,Y,Y,Y,25,Y,52,Y,4,Y,Y,0,13,N1,42,11,2,4,18,15,26,30,13,,3,4,3,4,54,10,28,12,4,3,,,519,1,,Y,Y,A2100040,9,,,,0,,3,,,20,4,,,,0,,1,0,6,,,,,,,,,,,,,,,,,,,,,,,,,,,2,6,2,6,4,2,53,2,,,,
2026-10-01 02:30:00,경기도,A2100047,동국대학교일산불교병원,20261001022520,031-1577-7000,Y,Y,,,3,1,3,1,3,0,Y,,Y,Y,Y,Y,Y,Y,15,Y,109,Y,,Y,Y,7,12,N1,19,3,1,3,2,13,,3,12,0,8,2,2,2,19,13,25,4,2,1,,,460,,,Y,Y,A2100047,10,,2,1,0,7,,15,12,,4,15,,,,,,,,,,,,,,,,,,,,,,,,,,,,,,,,3,3,,,,,,,,,,,,
2026-10-01 02:30:00,경기도,A2100038,인제대학교일산백병원,20261001022233,031-910-7114,N,N,,,,3,2,,,0,Y,,Y,Y,Y,Y,Y,Y,23,Y,89,Y,,N,Y,,17,N1,34,,3,3,,,,,17,2,3,3,3,4,54,18,22,7,3,1,,,559,,,Y,N,A2100038,11,,0,0,0,2,,25,32,,4,16,,,,,,,,,,,,,,,,,,,0,,,,4,,,,,,,,,,,,,,,,,,,,,,
2026-10-01 02:30:00,경기도,A2118788,중앙대학교광명병원,20261001022507,1811-7800,Y,Y,,,,1,2,,,0,Y,,Y,Y,Y,Y,Y,Y,21,Y,82,Y,4,Y,Y,2,16,N1,21,,1,2,,16,24,,17,2,2,2,2,5,28,6,16,5,4,10,,,576,,,Y,Y,A2118788,12,0,,,2,,,,,,6,,0,0,,0,,3,5,,,,,,,,,,,3,,,,5,,,,,,,,,,,,,,,,,,,,,,,
2026-10-01 02:30:00,경기도,A2100007,광명성애병원,20261001022508,02-2680-7114,Y,Y,,7,4,1,4,,,,Y,,Y,Y,Y,Y,Y,Y,7,N1,37,N1,7,Y,Y,,5,N1,11,4,1,4,,,13,,5,,2,2,2,1,12,2,5,1,,,,,189,,50,Y,Y,A2100007,13,,,,0,,,,,,1,,,,,,,,,,,,,,,,,,,,,,,,,,,,,,,,,,,,,,,,,,,,,,
2026-10-01 02:30:00,경기도,A2100155,참조은병원,20261001022332,1600-9955,,,,,1,1,3,,,1,,,Y,Y,Y,Y,Y,Y,7,N1,21,Y,-3,N1,Y,,7,N1,9,1,1,3,,,22,,7,2,,3,3,2,18,,,3,,2,,,286,,,Y,N1,A2100155,14,,,,3,,,,,,3,,,,,,,,,,,,,,,0,,,,,,,,,,,,,,,0,,,6,6,,,,,,,,,,0,,0
2026-10-01 02:30:00,경기도,A2100039,한양대학교구리병원,20261001022259,031-1644-9118,Y,Y,,,,1,4,,,1,Y,,Y,Y,Y,Y,Y,Y,16,Y,41,Y,,Y,Y,3,10,N1,18,,1,4,,10,,,10,5,1,3,2,3,21,6,14,4,2,2,,,489,,,Y,Y,A2100039,15,,0,4,,,,17,14,,,,,,,,,,,,,,,,,,,,,,,,,,,,,,,,,,,,,,,,,,,,,,,,
2026-10-01 02:30:00,경기도,A2100054,효산의료재단지샘병원,20261001022438,031-389-3000,,,,,,2,1,,,0,,,Y,Y,Y,Y,Y,Y,14,N1,63,N1,5,N1,Y,,5,N1,18,,2,1,,,18,,7,2,,2,1,3,11,,,2,,,,,368,,,Y,N1,A2100054,16,,,,1,,,,,,1,,,,,,,,,,,,,,,,,,,,,,,,,,,,,,,,,1,1,,,,,,,,,,,,
2026-10-01 02:30:00,경기도,A2100048,원광대학교산본병원,20261001022421,031-390-2300,,,,,,1,2,,,,Y,,Y,Y,Y,Y,Y,Y,16,N1,68,N1,2,N1,Y,,5,N1,17,,1,2,,,12,,5,,1,1,1,1,1,,,2,,,,,188,,,Y,N1,A2100048,17,,,,,,,,,,,,,,,,,,,,,,,,,,,,,,,,,,,,,,,,,,,,,,,,,,,,,,,,
2026-10-01 02:30:00,경기도,A2100053,의료법인우리의료재단김포우리병원,20261001022425,031-999-1000,,,,0,,1,6,,,0,,,Y,Y,Y,Y,Y,Y,14,Y,15,Y,3,N1,Y,,7,N1,22,,1,6,,,36,,7,11,,2,2,2,48,,,4,1,2,,,477,,0,Y,N1,A2100053,18,,,,0,,,,,,1,,,,,,,,,,,,,,,0,,,,,,,,,,,,,,,0,,,,,,,,,,,,,,0,,0
2026-10-01 02:30:00,경기도,A2100006,의료법인인봉의료재단뉴고려병원,20261001022230,031-998-8129,,,,,,1,2,,,,,,Y,Y,Y,Y,Y,Y,10,N1,65,N1,0,N1,Y,,6,N1,14,,1,2,,,24,,6,,,2,2,2,7,,,1,,,,,278,,,Y,N1,A2100006,19,,,,3,,,,,,10,,,,,,,,,,,,,,,,,,,,,,,,,,,,,,,,,2,3,,,,,,,,,,,,
2026-10-01 02:30:00,경기도,A2100041,남양주한양병원,20261001022455,031-510-0114,,,,,,1,2,0,2,,,,Y,Y,Y,Y,Y,Y,17,N1,78,N1,0,N1,Y,,,Y,17,,1,2,4,,15,4,,,,2,2,1,33,,,2,,,,1,240,,,Y,N1,A2100041,20,,,,10,,,,,,20,,,,,,,,,,,,,,,,,,,,,,,,,,,,,,,,,,,,,,,,,,,,,,
2026-10-01 02:30:00,경기도,A2100037,현대병원,20261001021943,031-574-9118~9,,,,,,1,2,,,,,,Y,Y,Y,Y,Y,Y,14,N1,62,Y,0,N1,Y,,7,N1,17,,1,2,,,19,,7,,,2,2,2,50,,,17,,2,,,342,,,Y,N1,A2100037,21,,,,1,,,,,,20,,,,,,,,,,,,,,,,,,,,,,,,,,,,,,,,,,,,,,,,,,,,,,
2026-10-01 02:30:00,경기도,A2100055,부천세종병원,20261001022510,1599-6677,Y,Y,,,,1,2,0,0,3,Y,,Y,Y,Y,Y,Y,Y,16,Y,78,Y,1,Y,Y,,6,N1,17,,1,2,2,,20,3,6,6,1,2,1,5,18,1,1,5,4,1,,,268,,,Y,Y,A2100055,22,,,,0,,,,,,2,,,,,,,,,,,,,,,,,,,,,,,,,,,,,,,,,,,,,,,,,,,,,,
2026-10-01 02:30:00,경기도,A2100052,가톨릭대학교부천성모병원,20261001022508,032-1577-0675,Y,Y,,,,2,1,,,3,Y,,Y,Y,Y,Y,Y,Y,23,Y,64,Y,,Y,Y,8,14,N1,31,,2,1,,10,,,14,4,3,3,3,3,28,4,14,11,1,2,,,562,,,Y,Y,A2100052,23,,1,1,1,,,16,12,,4,,,,,,,,,8,18,,,,,,,,,,,,,,,,,,,,,,,3,3,,,,,,,,,,,,
2026-10-01 02:30:00,경기도,A2100025,대진의료재단분당제생병원,20261001022500,031-779-0114,Y,Y,,,3,1,2,1,1,0,Y,Y,Y,Y,Y,Y,Y,Y,6,Y,60,Y,,Y,Y,2,9,N1,24,3,1,2,2,3,,3,9,2,2,4,3,3,22,1,5,5,2,3,1,,481,,,Y,Y,A2100025,24,,5,4,2,,,10,13,,4,,,,,,,,,,,,,,7,,,,,,,,,,,,,,,7,,,,,,,,,,,,,,,,,
2026-10-01 02:30:00,경기도,A2116806,성남시의료원,20261001022500,031-738-7000,,,,,6,2,4,2,3,28,,,Y,Y,Y,Y,Y,Y,13,Y,88,Y,,N1,Y,,8,Y,17,6,2,4,2,,,4,8,28,,3,2,2,31,,,6,3,1,,2,237,,,Y,N1,A2116806,25,,,16,5,,,,23,,5,,,,,,,,,,,,,,,,,,,,,,,,,,,,,,,,,,,,,,,,,,,,,,
2026-10-01 02:30:00,경기도,A2117135,의료법인명인의료재단화홍병원,20261001021617,031-278-0119,Y,,,,,2,3,,,,,,Y,,Y,N1,N1,Y,13,Y,31,N1,7,N1,Y,,6,Y,15,,2,3,,,29,,6,,,2,2,,4,1,,,1,,,1,228,,,Y,Y,A2117135,26,,,,0,,,,,,1,,,,,,,,,,,,,,,,,,,,,,,,,,,,,,,,,,,,,,,,,,,,,,
2026-10-01 02:30:00,경기도,A2100009,의료법인녹산의료재단동수원병원,20261001022354,031-210-0114,,Y,,,,1,1,0,2,0,Y,,Y,Y,Y,Y,Y,Y,12,N1,74,N1,8,Y,Y,,5,N1,17,,1,2,2,,18,4,5,1,1,2,2,1,15,,4,1,,,,,335,,,Y,N1,A2100009,27,,,,0,,,,,,3,,,,,,,,,,,,,,,,,,,,,,,,,,,,,,,,,,,,,,,,,,,,,,
2026-10-01 02:30:00,경기도,A2100012,가톨릭대학교성빈센트병원,20261001022508,031-1577-8588,Y,Y,,,5,2,2,2,4,0,Y,,Y,Y,Y,Y,Y,Y,21,Y,59,Y,,Y,Y,1,19,N1,28,6,2,2,4,18,,8,19,11,2,5,4,6,52,7,18,12,4,4,,,650,,,Y,Y,A2100012,28,,3,5,1,7,,20,11,,5,30,,,,,,4,8,2,15,1,1,,,,,2,6,,4,,2,,8,6,1,1,,,,,,,,,,,,,,,,,,,
2026-10-01 02:30:00,경기도,A2100008,의료법인남촌의료재단시화병원,20261001022448,031-1811-7000,,,,,5,1,5,,,1,Y,,Y,Y,Y,Y,Y,Y,15,Y,56,N1,19,N1,Y,,7,N1,16,5,1,5,,,52,,7,1,1,3,3,2,29,,,4,2,,,,461,,,Y,N1,A2100008,29,,,,1,,,,,,1,,,,,,,,,,,,,,,,,,,,,,,,,,,,,,,,,,,,,,,,,,,,,,
2026-10-01 02:30:00,경기도,A2100017,대아의료재단한도병원,20261001022251,031-8040-1114,,,,,,1,2,,,,,,Y,Y,Y,Y,Y,Y,17,N1,41,N1,9,N1,Y,,6,N1,17,,1,2,,,29,,6,,,3,2,2,15,,,3,,,,,327,,,Y,N1,A2100017,30,,,,0,,,,,,1,,,,,,,,,,,,,,,,,,,,,,,,,,,,,,,,,,,,,,,,,,,,,,
2026-10-01 02:30:00,경기도,A2100015,효산의료재단안양샘병원,20261001022252,031-467-9114,,,,,,1,2,,,,,,Y,Y,Y,Y,Y,Y,13,Y,73,N1,,N1,Y,,6,N1,17,,1,2,,,,,6,,,2,1,2,12,,,2,1,,,,307,,,Y,N1,A2100015,31,,4,0,1,,,9,9,,1,,,,,,,,,,,,,,,,,,,,,,,,,,,,,,,,,,,,,,,,,,,,,,
2026-10-01 02:30:00,경기도,A2100024,오산한국병원,20261001022259,031-379-8300,,,,,,1,2,2,3,0,,,Y,Y,Y,Y,Y,Y,14,N1,45,Y,3,N1,Y,,5,N1,17,,1,2,2,,32,3,5,2,,2,2,2,17,,,2,,1,,,259,,,Y,N1,A2100024,32,,,,0,,,,,,1,,,,,,,,,,,,,,,,,,,,,,,,,,,,,,,,,,,,,,,,,,,,,,
2026-10-01 02:30:00,경기도,A2100020,연세대학교의과대학용인세브란스병원,20261001022138,1899-1004,Y,Y,,,6,1,3,,,2,Y,,Y,Y,Y,Y,Y,Y,13,Y,85,Y,,Y,Y,1,15,N1,16,6,1,3,,12,,,15,4,2,3,3,4,31,6,18,6,3,4,,,597,,,Y,Y,A2100020,33,,1,0,1,,,19,16,,2,,,,,,,,,,,,,,,,,,,,,,,,,,,,,,,,,,,,,,,,,,,,,,
2026-10-01 02:30:00,경기도,A2100029,강남병원,20261001022435,031-300-0114,,,,,,1,2,2,3,,,,Y,,Y,N1,Y,Y,17,N1,47,N1,11,N1,Y,,4,N1,17,,1,2,2,,30,3,4,,,2,2,,7,,,2,,,,,264,,,Y,N1,A2100029,34,,,,0,,,,,,1,,,,,,,,,,,,,,,,,,,,,,,,,,,,,,,,,,,,,,,,,,,,,,
2026-10-01 02:30:00,경기도,A2100019,(의)영문의료재단다보스병원,20261001022336,031-8021-2114,,,,,,1,2,1,0,,,,Y,Y,Y,Y,Y,Y,13,N1,0,N1,-1,N1,Y,,6,N1,13,,1,2,2,,23,3,6,,,1,1,1,7,,,2,,,,,222,,,Y,N1,A2100019,35,,,,0,,,,,,1,,,,,,,,,,,,,,,,,,,,,,,,,,,,,,,,,4,4,,,,,,,,,,,,
2026-10-01 02:30:00,경기도,A2117994,학교법인을지학원의정부을지대학교병원,20261001022101,031-951-1000,Y,Y,,,0,1,2,,,0,Y,,Y,Y,Y,Y,Y,Y,20,Y,167,Y,,Y,Y,2,12,N1,30,0,1,2,,5,,,14,6,8,3,3,4,48,5,5,6,3,2,,,588,,,Y,Y,A2117994,36,,9,5,2,12,,28,21,,2,22,,,,,,,,,,,,,,,,,,,,,,,,,,,,,,,,0,0,0,0,0,0,,,,,,,,
2026-10-01 02:30:00,경기도,A2100193,경기도의료원이천병원,20261001022401,031-630-4200,,,,,,1,1,2,1,6,,,Y,,Y,N1,N1,Y,16,N1,45,N1,2,N1,Y,,4,N1,17,,1,2,2,,6,3,4,6,,1,1,,8,,,,,,,,187,,,Y,N1,A2100193,37,,,,2,,,,,,2,,,,,,,,,,,,,,,,,,,,,,,,,,,,,,,,,,,,,,,,,,,,,,
2026-10-01 02:30:00,경기도,A2100035,경기도의료원파주병원,20261001022402,031-940-9100,,,,,,1,2,0,2,,Y,,Y,,Y,N1,N1,Y,15,N1,77,N1,5,N1,Y,,3,N1,17,,1,2,2,,8,3,3,,1,1,1,,9,,,,,,,,189,,,Y,N1,A2100035,38,,,,,,,,,,,,,,,,,,,,,,,,,,,,,,,,,,,,,,,,,,,,,,,,,,,,,,,,
2026-10-01 02:30:00,경기도,A2100028,의료법인백송의료재단굿모닝병원,20261001022309,031-5182-7700,,,,,,2,1,,,,,,Y,Y,Y,Y,Y,Y,13,Y,22,N1,3,N1,Y,,6,Y,19,,2,1,,,27,,7,,,5,3,3,23,,,5,3,,,1,392,,,Y,N1,A2100028,39,,,,1,,,,,,3,,,,,,,,,,,,,,,,,,,,,,,,,,,,,,,,,3,6,,,,,,,,,,,,
2026-10-01 02:30:00,경기도,A2113246,의료법인양진의료재단평택성모병원,20261001022248,031--1800-8800,,,,0,,1,2,2,2,,,,Y,Y,Y,Y,Y,Y,12,N1,50,N1,3,N1,Y,,6,N1,17,,1,2,2,,34,3,6,,,3,3,2,8,,,2,,,,,329,,0,Y,N1,A2113246,40,,,,2,,,,,,2,,,,,,,,,,,,,,,,,,,,,,,,,,,,,,,,,,,,,,,,,,,,,,
2026-10-01 02:30:00,경기도,A2100031,경기도의료원포천병원,20261001022502,031-539-9114,,Y,,,,1,2,2,3,1,Y,,Y,,Y,N1,N1,Y,16,N1,48,N1,1,Y,Y,,4,N1,17,,1,2,2,,8,3,4,3,3,1,1,,7,,2,,,,,,134,,,Y,N1,A2100031,41,,,,0,,,,,,0,,,,,,,,,,,,,,,,,,,,,,,,,,,,,,,,,,,,,,,,,,,,,,
2026-10-01 02:30:00,경기도,A2100046,한림대학교동탄성심병원,20261001022102,031-8086-3000,Y,Y,,,9,,,,,2,Y,Y,Y,Y,Y,Y,Y,Y,21,Y,131,Y,,Y,Y,11,20,Y,32,9,,,,13,,,20,11,1,6,3,6,51,8,16,17,5,5,1,1,535,,,Y,Y,A2100046,42,1,11,0,8,,,28,13,,11,,1,2,,2,,0,9,,,,,,,,,,,8,,,,13,,,,,,,,,,,,,,,,,,,,,,,
2026-10-01 02:30:00,경기도,A2100290,의료법인자인의료재단더자인병원,20261001022504,031-930-3114,,,,,,2,2,0,0,,,,Y,Y,Y,Y,Y,Y,15,N1,50,N1,4,N1,N,,5,N1,16,,2,2,2,,9,3,5,,,2,2,1,15,,,1,,,,,234,,,Y,N1,A2100290,43,,,,0,,,,,,3,,,,,,,,,,,,,,,,,,,,,,,,,,,,,,,,,,,,,,,,,,,,,,
2026-10-01 02:30:00,경기도,A2100049,국립암센터,20261001022400,031-920-0114,,N,,,,,0,,,,,,Y,Y,Y,Y,Y,Y,1,Y,58,Y,11,N,Y,,18,N1,24,,,1,,,19,,18,,,7,5,3,29,,1,8,2,7,,,554,,,Y,N1,A2100049,44,,,,8,,,,,,9,,,,,,,,,,,,,,,,,,,,,,,,,,,,,,,,,,,,,,,,,,,,,,
2026-10-01 02:30:00,경기도,A2116972,의료법인성광의료재단일산차병원,20261001022339,031-782-8300,Y,Y,,,,,4,,,1,Y,,,,Y,N1,N1,N1,5,N1,25,N1,4,Y,N1,0,10,N1,6,,,4,,17,4,,10,1,9,,,,4,11,19,,,,,,179,,,Y,Y,A2116972,45,,,,1,,,,,,1,,,,,,,,,,,,,,,,,,,,,,,,,,,,,,,,,,,,,,,,,,,,,,
2026-10-01 02:30:00,경기도,A2118188,엘병원,20261001022333,1899-3377,,,,,,,2,,,0,,,Y,,Y,N1,N1,Y,8,N1,39,N1,3,N1,Y,,3,N1,8,,,2,,,8,,3,1,,1,1,,2,,,,,,,,146,,,Y,N1,A2118188,46,,,,0,,,,,,1,,,,,,,,,,,,,,,,,,,,,,,,,,,,,,,,,,,,,,,,,,,,,,
2026-10-01 02:30:00,경기도,A2100050,의료법인대인의료재단다니엘종합병원,20261001022503,032-670-0001,,,,,,1,3,,,,,,Y,,Y,N1,N,Y,6,N1,25,N1,5,N1,Y,,3,N1,6,,1,3,,,30,,3,,,1,1,,17,,,1,,,,,169,,,Y,N1,A2100050,47,,,,0,,,,,,1,,,,,,,,,,,,,,,,,,,,,,,,,,,,,,,,,,,,,,,,,,,,,,
2026-10-01 02:30:00,경기도,A2100258,국군수도병원,20261001022015,031-725-6075,,,,,,0,,,,,,,Y,Y,Y,Y,Y,Y,16,Y,169,N1,5,N1,Y,,9,N1,16,,2,,,,12,,9,,,3,4,2,2,,,5,2,,,,530,,,Y,N1,A2100258,48,,,,1,9,14,,,20,1,15,,,,,,,,,,,,,,6,,,,,,,,,,,,,,,6,,,,,,,,,9,,40,,,2,,2
2026-10-01 02:30:00,경기도,A2100016,순천의료재단성남정병원,20261001022113,031-750-6000,,,,,,2,,,,,,,Y,,Y,N1,N1,Y,9,N1,77,N1,,N1,Y,,4,N1,9,,2,,,,,,4,,,1,1,,1,,,,,,,,98,,,Y,N1,A2100016,49,,,,,,,,,,,,,,,,,,,,,,,0,,33,,,,,,,,,,,,,0,,105,,,,,,,,,,,,,,,,
2026-10-01 02:30:00,경기도,A2121061,의료법인덕산의료재단수원덕산병원,20261001022504,031-686-2000,N,Y,,,3,1,2,1,0,0,Y,,Y,Y,Y,Y,Y,Y,23,Y,55,N1,5,Y,Y,,9,N1,24,3,1,2,2,,22,4,9,5,5,3,2,2,15,N,2,5,2,,,,403,,,Y,N,A2121061,50,,,,2,,,,,,3,,,,,,,,,,,,,,,,,,,,,,,,,,,,,,,,,,,,,,,,,,,,,,
2026-10-01 02:30:00,경기도,A2100032,경기도의료원수원병원,20261001022502,031-888-0114,,,,,,,2,,,2,,,Y,,Y,N1,N1,Y,6,N1,70,N1,8,N1,Y,,3,N1,8,,,2,,,9,,3,2,,1,1,,9,,,,,,,,156,,,Y,N1,A2100032,51,,,,,,,,,,,,,,,,,,,,,,,,,,,,,,,,,,,,,,,,,,,3,3,,,,,,,,,,,,
2026-10-01 02:30:00,경기도,A2100175,의료법인토마스의료재단윌스기념병원,20261001022248,031-223-2233,,,,,,1,2,0,0,,Y,,Y,Y,Y,Y,Y,Y,17,N1,28,N1,4,N1,Y,,10,N1,18,,1,2,2,,16,3,10,,1,1,4,1,1,,,1,,,,,275,,,Y,N1,A2100175,52,,,,1,,,,,,1,,,,,,,,,,,,,,,,,,,,,,,,,,,,,,,,,,,,,,,,,,,,,,
2026-10-01 02:30:00,경기도,A2100027,의료법인석경의료재단센트럴병원,20261001022321,031-8041-3000,,,,,,1,2,,,,,,Y,,Y,N1,Y,Y,17,N1,70,N1,0,N1,Y,,3,N1,18,,1,2,,,21,,3,,,2,2,,7,,,2,,,,,239,,,Y,N1,A2100027,53,,,,,,,,,,,,,,,,,,,,,,,,,,,,,,,,,,,,,,,,,,,,,,,,,,,,,,,,
2026-10-01 02:30:00,경기도,A2100013,의료법인록향의료재단신천연합병원,20261001022007,031-310-6300,,,,,,,1,,,,,,Y,,Y,N1,Y,Y,9,N1,17,N1,2,N1,Y,,3,N1,10,,,1,,,6,,3,,,1,1,,4,,,1,,,,,112,,,Y,N1,A2100013,54,,,,1,,,,,,1,,,,,,,,,,,,,,,,,,,,,,,,,,,,,,,,,,,,,,,,,,,,,,
2026-10-01 02:30:00,경기도,A2100021,의료법인플러스의료재단단원병원,20261001022614,031-8040-6600,,,,,,1,2,,,,,,Y,Y,Y,Y,Y,Y,16,Y,22,N1,4,N1,Y,,5,N1,17,,1,2,,,27,,5,,,1,1,2,8,,,2,1,,,,303,,,Y,N1,A2100021,55,,,,0,,,,,,1,,,,,,,,,,,,,,0,,,,,,,,,,,,,,,1,,,,,,,,,,,,,,,,,
2026-10-01 02:30:00,경기도,A2100014,근로복지공단안산병원,20261001022400,031-500-1114,,,,,,,1,,,1,,,Y,,Y,N1,N1,Y,7,N1,98,N1,13,N1,Y,,3,N1,7,,,1,,,18,,3,2,,1,1,,14,,,,,,,,359,,,Y,N1,A2100014,56,,,,1,,,,,,1,,,,,,,,,,,,,,,,,,,,,,,,,,,,,,,,,,,,,,,,,,,,,,
2026-10-01 02:30:00,경기도,A2100124,의료법인칠석의료재단사랑의병원,20261001021724,031-439-3000,,,,,,1,,,,,,,Y,,Y,N1,Y,Y,11,N1,27,N1,-1,N1,Y,,5,N1,13,,1,,,,14,,5,,,2,2,,8,,,1,,,,,206,,,Y,N1,A2100124,57,,,,,,,,,,,,,,,,,,,,,,,,,,,,,,,,,,,,,,,,,,,,,,,,,,,,,,,,
2026-10-01 02:30:00,경기도,A2100045,경기도의료원안성병원,20261001022501,031-8046-5000,,,,,,1,,,,8,,,Y,,Y,N1,N1,Y,13,N1,107,N1,10,N1,Y,,5,N1,14,,1,,,,13,,5,8,,1,1,,8,,,,,,,,178,,,Y,N1,A2100045,58,,,,2,,,,,,2,,,,,,,,,,,,,,,,,,,,,,,,,,,,,,,,,,,,,,,,,,,,,,
2026-10-01 02:30:00,경기도,A2100305,안성성모병원,20261001022417,031-675-6007,,,,,,,1,,,,,,Y,,Y,N1,N1,Y,9,N1,81,N1,4,N1,Y,,3,N1,9,,,1,,,20,,3,,,1,1,,7,,,,,,,,188,,,Y,N1,A2100305,59,,,,,,,,,,,,,,,,,,,,,,,,,,,,,,,,,,,,,,,,,,,,,,,,,,,,,,,,
2026-10-01 02:30:00,경기도,A2100089,양평병원,20261001022002,031-770-5000,N,N,,,,,1,,,,N,N,Y,N,Y,N,N,Y,8,N,18,N,,N,Y,,3,N,9,,,1,,,,,3,,0,1,1,0,1,0,0,0,0,0,0,0,90,,,Y,N,A2100089,60,,,,,,,,,,,,,,,,,,,,,,,,,,,,,,,,,,,,,,,,,,,,,,,,,,,,,,,,
2026-10-01 02:30:00,경기도,A2100194,세종여주병원,20261001022438,031-880-7700,,,,,,,4,,,,,,Y,,Y,N1,Y,Y,5,N1,119,N1,,N1,Y,,2,N1,6,,,4,,,,,2,,,1,1,,4,,,2,,,,,211,,,Y,N1,A2100194,61,,,,,,,,,,,,,2,,3,,,,,,,,,,,,,,,,,,,,,,,,,,,,2,3,,,,,,,,,,,,
2026-10-01 02:30:00,경기도,E2100187,연천군보건의료원,20261001022316,031-839-4001,,,,,,,,,,,,,Y,,Y,N1,N1,Y,10,N1,50,N1,,N1,N1,,2,N1,10,,,,,,,,2,,,1,,,1,,,,,,,,52,,,Y,N1,E2100187,62,,,,,,,,,,,,,,,,,,,,,,,,,,,,,,,,,,,,,,,,,,,,,,,,,,,,,,,,
2026-10-01 02:30:00,경기도,A2100122,(의)효심의료재단용인서울병원,20261001022347,031-337-0114,,,,,,,,,,,,,Y,,Y,N1,N1,Y,8,N1,133,N1,,N1,Y,,3,N1,10,,,,,,,,3,,,1,1,,1,,,,,,,,201,,,Y,N1,A2100122,63,,,,,,,,,,,,,,,,,,,,,,,,,,,,,,,,,,,,,,,,,,,,,,,,,,,,,,,,
2026-10-01 02:30:00,경기도,A2121142,메디필드한강병원,20261001022414,031-1551-0077,,,,,,1,2,,,1,,,Y,Y,Y,Y,Y,Y,17,N1,142,N1,4,N1,Y,,6,N1,17,,1,2,,,15,,6,1,,3,2,1,13,,,2,,,,,192,,,Y,N1,A2121142,64,,,,1,,,,,,1,,,,,,,,,,,,,,,,,,,,,,,,,,,,,,,,,,,,,,,,,,,,,,
2026-10-01 02:30:00,경기도,A2100034,의료법인영동의료재단의정부백병원,20261001022332,031-856-8111,,,,,,,2,,,,,,Y,,Y,N1,N1,Y,9,N1,99,N1,1,N1,Y,,3,N1,10,,,2,,,9,,3,,,1,1,,1,,,,,,,,192,,,Y,N1,A2100034,65,,,,,,,,,,,,,,,,,,,,,,,,,,,,,,,,,,,,,,,,,,,,,,,,,,,,,,,,
2026-10-01 02:30:00,경기도,A2100150,추병원,20261001022138,031-845-7777,,,,,,1,1,,,,,,Y,Y,Y,Y,N1,Y,12,N1,45,N1,4,N1,N,,3,N1,12,,1,1,,,15,,3,,,2,1,1,1,,,,,,,,210,,,Y,N1,A2100150,66,,,,,,,,,,,,,,,,,,,,,,,,,,,,,,,,,,,,,,,,,,,,,,,,,,,,,,,,
2026-10-01 02:30:00,경기도,A2100043,경기도의료원의정부병원,20261001022501,0318285000,,,,0,,1,,,,2,,,Y,,Y,N1,N1,Y,9,N1,37,N1,2,N1,N1,,3,N1,10,,1,,,,6,,3,5,,1,,,8,,,,,,,,86,,0,Y,N1,A2100043,67,,,,,43,,,,,,70,,,,,,,,,,,,,,,,,,,,,,,,,,,,,,,,,,,,,,,,,,,,,
2026-10-01 02:30:00,경기도,A2100131,메디인병원,20261001022538,0319431191,,,,,,,2,,,,,,Y,Y,Y,Y,N1,Y,10,N1,45,N1,,N1,Y,,4,N1,12,,,2,,,,,4,,,1,1,1,2,,,,,,,,206,,,Y,N1,A2100131,68,,,,,,,,,,,,,,,,,,,,,,,,,,,,,,,,,,,,,,,,,,,,,,,,,,,,,,,,
2026-10-01 02:30:00,경기도,A2100309,의료법인갈렌의료재단박병원,20261001022508,031-666-2600,,,,,,,1,,,,,,Y,,Y,N1,N1,Y,10,N1,40,N1,1,N1,Y,,2,N1,10,,,1,,,10,,2,,,1,2,,3,,,,,,,,143,,,Y,N1,A2100309,69,,,,,,,,,,,,,,,,,,,,,,,,,,,,,,,,,,,,,,,,,,,,,,,,,,,,,,,,
2026-10-01 02:30:00,경기도,A2100022,의료법인박애의료재단박애병원,20261001022530,031-652-2121,,,,,,,1,,,,,,Y,,Y,N1,Y,Y,9,N1,96,N1,5,N1,Y,,5,N1,10,,,1,,,10,,5,,,2,1,,20,,,2,,,,,193,,,Y,N1,A2100022,70,,,,,,,,,,,,,,,,,,,,,,,,,,,,,,,,,,,,,,,,,,,,,,,,,,,,,,,,
2026-10-01 02:30:00,경기도,A2100036,의료법인 일심의료재단 포천우리병원,20261001022407,031-542-0222,,,,,,1,3,,,2,,,Y,Y,Y,Y,Y,Y,12,N1,61,N1,9,N1,Y,,5,N1,18,,1,3,,,18,,5,2,,2,2,1,14,,,3,,,,,201,,,Y,N1,A2100036,71,,,,2,,,,,,2,,,,,,,,,,,,,,,,,,,,,,,,,,,,,,,,,,,,,,,,,,,,,,
2026-10-01 02:30:00,경기도,A2100018,의료법인은혜와감사의료재단화성중앙종합병원,20261001022414,031-352-8114,,,,,,,1,,,,,,Y,,Y,N1,N1,Y,8,N1,75,N1,8,N1,Y,,3,N1,9,,,1,,,8,,3,,,1,1,,3,,,,,,,,131,,,Y,N1,A2100018,72,,,,,,,,,,,,,,,,,,,,,,,,,,,,,,,,,,,,,,,,,,,,,,,,,,,,,,,,
2026-10-01 02:30:00,경기도,A2115699,의료법인원광의료재단원광종합병원,20261001021615,031-8077-7200,,,,,,1,,,,,,,Y,,Y,N1,N1,Y,8,N1,27,N1,3,N1,Y,,4,N1,9,,1,,,,9,,4,,,1,2,,4,,,,,,,,135,,,Y,N1,A2115699,73,,,,,,,,,,,,,,,,,,,,,,,,,,,,,,,,,,,,,,,,,,,,,,,,,,,,,,,,
2026-10-01 02:30:00,인천광역시,A1400001,의료법인 길의료재단 길병원,20261001022435,1577-2299,Y,Y,,,9,,,0,10,12,Y,,Y,Y,Y,Y,Y,Y,4,Y,258,Y,,Y,Y,0,3,Y,23,9,,,18,30,,30,3,13,3,6,6,7,113,19,40,19,10,6,,1,995,,,Y,Y,A1400001,1,2,0,0,1,10,2,22,11,18,9,18,2,1,0,3,2,0,6,0,14,1,1,,,1,,2,3,,1,,2,,4,6,1,1,,,3,,,,,2,6,2,6,7,2,47,2,,,,
2026-10-01 02:30:00,인천광역시,A1400002,인하대학교의과대학부속병원,20261001022233,032-890-2114,Y,Y,,,4,2,2,0,0,2,Y,Y,Y,Y,Y,Y,Y,Y,6,Y,72,Y,0,Y,Y,3,16,Y,20,7,2,5,20,26,23,30,16,7,4,6,3,5,109,17,27,13,9,7,1,2,681,,,Y,Y,A1400002,2,,0,0,0,12,,25,13,,3,15,,,,,,0,7,,,1,1,,,,0,0,3,,,3,2,,,6,1,1,,,,,,,,,,,,,,,,,,,
2026-10-01 02:30:00,인천광역시,A1400010,검단탑병원,20261001022055,032-590-0114,,,,,,1,1,2,1,0,,,Y,Y,Y,Y,Y,Y,17,N1,26,N1,7,N1,Y,,6,N1,18,,1,2,2,,13,5,6,2,,2,2,1,11,,,1,,,,,274,,,Y,N1,A1400010,3,,,,0,,,,,,3,,,,,,,,,,,,,,,,,,,,,,,,,,,,,,,,,,,,,,,,,,,,,,
2026-10-01 02:30:00,인천광역시,A1403372,인천세종병원,20261001022509,032-240-8000,,,,,,3,,0,0,2,,,Y,Y,Y,Y,Y,Y,12,Y,22,Y,2,N1,Y,,7,N1,18,,3,,2,,20,3,7,6,,2,2,3,13,,,4,5,1,,,274,,,Y,N1,A1403372,4,,,,2,,,,,,2,,,,,,,,,,,,,,,,,,,,,,,,,,,,,,,,,,,,,,,,,,,,,,
2026-10-01 02:30:00,인천광역시,A1400014,의료법인인성의료재단한림병원,20261001022352,032-540-9114,,,,,,2,1,,,1,Y,,Y,Y,Y,Y,Y,Y,15,Y,49,N1,6,N1,Y,,6,N1,17,,2,2,,,21,,6,2,1,3,2,2,20,,,3,3,,,,391,,,Y,N1,A1400014,5,,,,2,,,,,,2,,,,,,,,,,,,,,,,,,,,,,,,,,,,,,,,,,,,,,,,,,,,,,
2026-10-01 02:30:00,인천광역시,A1400016,인천사랑병원,20261001022106,032-425-2001,,Y,,,,1,2,1,2,0,Y,,Y,Y,Y,Y,Y,Y,9,N1,49,Y,0,Y,Y,,6,N1,14,,1,2,2,,14,3,7,1,1,2,1,1,12,,1,2,,1,,,277,,,Y,N1,A1400016,6,,,,1,,,,,,1,,,,,,,,,,,,,,,,,,,,,,,,,,,,,,,,,4,4,,,,,,,,,,,,
2026-10-01 02:30:00,인천광역시,A1400012,가톨릭대학교 인천성모병원,20261001022508,032-280-6364,Y,Y,,,1,3,3,7,,2,Y,,Y,Y,Y,Y,Y,Y,2,Y,28,Y,,Y,Y,0,17,N1,19,4,3,5,12,13,,,17,9,1,4,4,5,53,5,14,11,5,4,,,579,,,Y,Y,A1400012,7,,0,4,2,,,15,18,,11,,,,,,,0,8,3,15,,,,,,,,,,,,,,,,,,,,,,,,,,,,,,,,,,,,
2026-10-01 02:30:00,인천광역시,A1400013,안은의료재단 부평세림병원,20261001022533,032-509-5555,,,,,,1,3,2,3,0,,,Y,Y,Y,Y,Y,Y,15,Y,13,N1,4,N1,Y,,4,N1,16,,1,3,2,,11,3,4,2,,3,2,1,9,,,1,1,,,,234,,,Y,N1,A1400013,8,,,,0,,,,,,2,,,,,,,,,,,,,,,,,,,,,,,,,,,,,,,,,,,,,,,,,,,,,,
2026-10-01 02:30:00,인천광역시,A1400015,가톨릭관동대학교국제성모병원,20261001022314,1600-8291,Y,Y,,,3,0,0,,,3,Y,,Y,Y,Y,Y,Y,Y,16,N,87,Y,,Y,Y,4,11,N1,23,3,0,0,,4,,,11,3,2,3,2,3,34,2,11,6,2,1,,,641,,,Y,Y,A1400015,9,5,0,,,5,,40,,,,11,5,0,,0,,,,-4,13,,,,18,,,,,,,,,,,,,,,21,,,,,,,,,,,,,,,,,
2026-10-01 02:30:00,인천광역시,A1400003,의료법인 루가의료재단 나은병원,20261001022254,032-584-0114,,Y,,,,1,2,,,9,Y,,Y,Y,Y,Y,Y,Y,8,Y,105,Y,,Y,Y,,10,N1,11,,1,2,,,,,10,9,1,2,2,3,17,,1,3,1,1,,,367,,,Y,N1,A1400003,10,,4,4,3,,,14,13,,3,,,,,,,,,,,,,,,,,,,,,,,,,,,,,,,,,6,6,,,,,,,,,,,,
2026-10-01 02:30:00,인천광역시,A1400011,의료법인 나사렛의료재단 나사렛국제병원,20261001022425,032-899-9999,,,,,,1,2,2,0,0,,,Y,Y,Y,Y,Y,Y,8,N1,31,N1,7,N1,Y,,5,N1,17,,1,2,2,,16,3,5,1,,2,2,2,8,,,2,,,,,276,,,Y,N1,A1400011,11,,,,0,,,,,,1,,,,,,,,,,,,,,,,,,,,,,,,,,,,,,,,,,,,,,,,,,,,,,
2026-10-01 02:30:00,인천광역시,A1403617,비에스종합병원,20261001022137,032-290-0001,,Y,,,,1,,,,,Y,,Y,Y,Y,Y,Y,Y,10,N1,88,N1,4,Y,N1,0,2,N1,10,,1,,,1,18,,2,,1,1,,1,6,,1,1,,,,,180,,,Y,N1,A1403617,12,,,,0,,,,,,1,,,,,,,,,,,,,,,,,,,,,,,,,,,,,,,,,,,,,,,,,,,,,,
2026-10-01 02:30:00,인천광역시,A1400005,온누리병원,20261001022343,032-567-6200,,,,,,1,1,,,,,,Y,,Y,N1,N1,Y,10,N1,33,N1,,N1,Y,,3,N1,10,,1,1,,,,,3,,,1,1,,5,,,,,,,,190,,,Y,N1,A1400005,13,,,,,,,,,,,,,,,,,,,,,,,,,,,,,,,,,,,,,,,,,,,,,,,,,,,,,,,,
2026-10-01 02:30:00,인천광역시,A1403871,인천힘찬종합병원,20261001022128,032-1899-2220,,,,,,1,2,1,4,,,,Y,,Y,N1,N1,Y,15,N1,80,N1,3,N1,Y,,7,N1,17,,1,2,2,,6,4,7,,,2,2,,4,,,,,,,,231,,,Y,N1,A1403871,14,,,,0,,,,,,1,,,,,,,,,,,,,,,,,,,,,,,,,,,,,,,,,,,,,,,,,,,,,,
2026-10-01 02:30:00,인천광역시,A1400004,현대유비스병원,20261001022120,032-888-7575,,,,,,1,,,,,,,Y,Y,Y,Y,Y,Y,19,N1,24,N1,3,N1,Y,,6,N1,19,,1,,,,13,,6,,,2,2,1,8,,,2,,,,,285,,,Y,N1,A1400004,15,,,,0,,,,,,1,,,,,,,,,,,,,,,,,,,,,,,,,,,,,,,,,,,,,,,,,,,,,,
2026-10-01 02:30:00,인천광역시,A1400008,(의)성세의료재단 뉴성민병원,20261001021918,032-726-1000,,,,,,,1,,,,,,Y,,Y,N1,Y,Y,9,N1,116,N1,10,N1,Y,,6,Y,9,,,1,,,17,,6,,,2,2,,11,,,2,,,,1,265,,,Y,N1,A1400008,16,,,,2,,,,,,2,,,,,,,,,,,,,,,0,,,,,,,,,,,,,,,0,,,,,,,,,,,,,,,,
2026-10-01 02:30:00,인천광역시,A1400018,인천적십자병원,20261001022425,032-899-4000,,,,,,1,1,,,,,,Y,,Y,N1,N1,Y,6,N1,72,N1,1,N1,Y,,3,N1,8,,1,1,,,8,,3,,,1,1,,2,,,,,,,,104,,,Y,N1,A1400018,17,,,,,,,,,,,,,,,,,,,,,,,,,,,,,,,,,,,,,,,,,,,,,,,,,,,,,,,,
2026-10-01 02:30:00,인천광역시,A1400037,인천광역시의료원백령병원,20261001022501,032-836-1731,Y,Y,,,,,1,,,,,,Y,,Y,N1,N1,Y,5,N1,30,N1,,Y,N1,,1,N1,5,,,1,,,,,1,,,1,,,1,1,2,,,,,,30,,,Y,Y,A1400037,18,,,,,,,,,,,,,,,,,,,,,,,,,,,,,,,,,,,,,,,,,,,,,,,,,,,,,,,,
2026-10-01 02:30:00,인천광역시,A1400009,인천기독병원,20261001022110,032-270-8000,,,,,,,1,,,,,,Y,,Y,N1,N1,Y,7,N1,38,N1,10,N1,Y,,4,N1,8,,,1,,,10,,4,,,1,1,,1,,,,,,,,139,,,Y,N1,A1400009,19,,,,,,,,,,,,,,,,,,,,,,,,,,,,,,,,,,,,,,,,,,,,,,1,,1,,,,,,,,
2026-10-01 02:30:00,인천광역시,A1400017,인천광역시의료원,20261001022502,032-580-6000,,,,,,2,,,,7,,,Y,,Y,N1,N1,Y,15,N1,48,N1,0,N1,Y,,6,N1,15,,2,,,,13,,6,7,,1,1,,19,,,,,,,,198,,,Y,N1,A1400017,20,,,,0,28,,,,,0,45,,,,,,,,,,,,,,,,,,,,,,,,,,,,,,,,,,,,,,,,,,,,,
2026-10-01 02:30:00,인천광역시,A1400007,의료법인 성수의료재단 인천백병원,20261001022532,032)765-7070,,,,,,,1,,,,,,Y,,Y,N1,Y,Y,5,N1,16,N1,0,N1,Y,,4,N1,5,,,1,,,12,,4,,,2,2,,6,,,1,,,,,189,,,Y,N1,A1400007,21,,,,,,,,,,,,,,,,,,,,,,,,,,,,,,,,,,,,,,,,,,,,,,,,,,,,,,,,
2026-10-01 02:30:00,부산광역시,A1200003,동아대학교병원,20261001022210,051-240-2400,Y,Y,,,3,,,4,1,1,Y,,Y,Y,Y,Y,Y,Y,18,Y,24,Y,3,Y,Y,0,17,N1,26,3,,,16,20,18,30,18,3,4,5,3,4,76,11,30,16,4,4,,,738,,,Y,Y,A1200003,1,2,,,1,8,,,,,6,18,2,5,0,6,4,2,11,2,13,,,,,,,,,1,2,,,8,7,,,,,,,1,1,,,,,,,,,,,,,,
2026-10-01 02:30:00,부산광역시,A1200022,인제대학교 해운대백병원,20261001022130,051-797-0100,Y,Y,1,,3,2,2,2,5,0,Y,Y,Y,Y,Y,Y,Y,Y,24,Y,-10,Y,,Y,Y,1,22,N1,29,3,2,3,12,25,,30,22,7,2,5,3,4,72,8,40,17,9,11,1,,710,5,,Y,Y,A1200022,2,,5,9,0,6,,28,27,,4,15,,,1,,3,,,,,,,,,,,,,,,,,,,,,,,,,,,,,,,,,,,,,,,,
2026-10-01 02:30:00,부산광역시,A1200018,대동병원,20261001022502,051-554-1233,,,,,3,1,2,,,1,,,Y,Y,Y,Y,Y,Y,11,N1,39,N1,3,N1,Y,,6,N1,15,3,1,2,,,21,,6,1,,2,1,1,10,,,1,,,,,401,,,Y,N1,A1200018,3,,,,0,,,,,,1,,,,,,,,,,,,,,,,,,,,,,,,,,,,,,,,,,,,,,,,,,,,,,
2026-10-01 02:30:00,부산광역시,A1200020,의료법인 온병원그룹의료재단 온병원,20261001022245,051-607-0114,,,,,,1,2,,,1,,,Y,Y,Y,Y,Y,Y,16,N1,194,N1,10,N1,Y,,9,Y,20,,1,2,,,23,,9,6,,4,2,2,7,,,1,,,,1,611,,,Y,N1,A1200020,4,,,,0,,,,,,1,,,,,,,,,,,,,,,,,,,,,,,,,,,,,,,,,,,,,,,,,,,,,,
2026-10-01 02:30:00,부산광역시,A1200001,인제대학교부산백병원,20261001022057,051-890-6114,Y,Y,,,,2,1,,,2,Y,,Y,Y,Y,Y,Y,Y,8,Y,51,Y,0,Y,Y,1,17,Y,21,,2,3,,35,10,,17,8,4,5,3,6,68,19,38,16,3,7,,2,691,,,Y,Y,A1200001,5,,3,0,0,2,,19,18,,1,20,,,,,,0,6,0,12,,,,,,,,,,,,,,,,,,,,,,,,,,,,,,,,,,,,
2026-10-01 02:30:00,부산광역시,A1200005,의료법인 은성의료재단 좋은삼선병원,20261001022349,051-322-0900,,,,,1,1,1,,,2,,,Y,Y,Y,Y,Y,Y,13,N1,37,N1,2,N1,Y,,7,N1,13,1,1,2,,,19,,7,2,,2,2,2,11,,,1,,,,,375,,,Y,N1,A1200005,6,,,,0,,,,,,2,,,,,,,0,4,1,5,,,,,,,,,,,,,,,,,,,,,,,3,3,,,,,,,,,,,,
2026-10-01 02:30:00,부산광역시,A1200004,고신대학교복음병원,20261001022517,051-990-6114,Y,Y,,,,,,1,0,0,Y,,Y,Y,Y,Y,Y,Y,13,Y,67,Y,,Y,Y,16,13,Y,24,,,,2,18,,3,13,2,7,3,3,5,53,13,19,14,3,1,,1,701,,,Y,Y,A1200004,7,1,6,2,5,11,,12,7,,7,14,1,4,,4,,1,16,1,13,,,,,,,,,1,,,,5,,,,,,,,,,,,,,,,,,,,,,,
2026-10-01 02:30:00,부산광역시,A1200002,부산대학교병원,20261001022500,051-240-7000,Y,Y,1,0,3,1,2,0,3,2,Y,,Y,Y,Y,Y,Y,Y,15,Y,240,Y,15,Y,Y,3,26,N,17,3,1,2,2,20,24,3,26,10,12,9,6,8,95,15,17,21,9,18,,1,901,2,0,Y,Y,A1200002,8,,1,,2,9,22,10,,42,4,19,,,,,,,,0,0,,,,,0,,,,,,,,,,,,,,,0,,,,,1,12,2,12,34,2,82,2,,0,,0
2026-10-01 02:30:00,부산광역시,A1200007,비에이치에스한서병원,20261001022542,051-756-0081,,,,,,1,1,2,3,,,,Y,Y,Y,Y,Y,Y,15,Y,63,N1,6,N1,Y,,4,N1,17,,1,2,2,,14,3,4,,,1,1,2,11,,,1,1,,,,285,,,Y,N1,A1200007,9,,,,,,,,,,,,,,,,,,,,,,,,,,,,,,,,,,,,,,,,,,,,,,,,,,,,,,,,
2026-10-01 02:30:00,부산광역시,A1200028,(의)서일의료재단기장병원,20261001022458,051-723-0171,,,,,,,1,,,,,,Y,,Y,N1,N1,Y,6,N1,15,N1,,N1,Y,,3,N1,9,,,1,,,,,3,,,1,1,,1,,,,,,,,154,,,Y,N1,A1200028,10,,,,,,,,,,,,,,,,,,,,,,,,,,,,,,,,,,,,,,,,,,,,,,,,,,,,,,,,
2026-10-01 02:30:00,부산광역시,A1200015,동남권원자력의학원,20261001022502,051-720-5114,,,,,,0,,,,,,,Y,Y,Y,Y,Y,Y,7,Y,26,N1,1,N1,Y,,8,N1,9,,1,,,,12,,8,,,2,3,2,12,,,2,0,,,,245,,,Y,N1,A1200015,11,,,,,,,,,,,,,,,,,,,,,,,,,,,,,,,,,,,,,,,,,,,,,,,,,,,,,,,,
2026-10-01 02:30:00,부산광역시,A1200013,부산성모병원(재단법인 천주교부산교구유지재단),20261001022410,051-933-7114,Y,Y,,,5,1,,,,0,,,Y,,Y,N1,Y,Y,7,N1,59,N1,2,Y,Y,0,7,N1,10,5,1,,,10,18,,7,2,,1,1,,6,14,13,1,,,,,373,,,Y,Y,A1200013,12,,,,2,,,,,,2,,,,,,,,,,,,,,,,,,,,,,,,,,,,,,,,,3,3,,,,,,,,,,,,
2026-10-01 02:30:00,부산광역시,A1200026,좋은문화병원,20261001022411,051-644-2002,Y,Y,,,2,1,2,,,2,Y,,Y,,Y,N1,N1,Y,6,N1,46,N1,2,Y,Y,0,0,Y,7,2,1,2,,10,8,,9,2,8,2,2,,3,5,13,,,,,1,270,,,Y,Y,A1200026,13,,,,,,,,,,,,,,,,,,,,,,,,,,,,,,,,,,,,,,,,,,,,,,,,,,,,,,,,
2026-10-01 02:30:00,부산광역시,A1200017,의료법인정화의료재단 봉생기념병원,20261001021629,051-664-4000,,,,,,,1,,,0,,,Y,Y,Y,Y,Y,Y,8,N1,47,N1,,N1,Y,,8,N1,9,,,2,,,,,8,1,,1,2,2,11,,,4,,,,,335,,,Y,N1,A1200017,14,,0,0,,3,,10,10,,,31,,,,,,,,,,,,,,,,,,,,,,,,,,,,,,,,,,,,,,,,,,,,,
2026-10-01 02:30:00,부산광역시,A1200011,동래봉생병원,20261001022244,051-520-5500,,,,,,1,1,,,,,,Y,Y,Y,Y,Y,Y,5,N1,47,N1,0,N1,Y,,7,N1,8,,1,1,,,18,,7,,,1,2,2,11,,,1,,,,,241,,,Y,N1,A1200011,15,,,,2,,,,,,2,,,,,,,,,,,,,,,,,,,,,,,,,,,,,,,,,,,,,,,,,,,,,,
2026-10-01 02:30:00,부산광역시,A1200009,의료법인 광혜의료재단 광혜병원,20261001022529,051-503-2111,,,,,,2,1,,,0,,,Y,,Y,N1,N1,Y,8,N1,57,N1,3,N1,Y,,3,N1,9,,2,1,,,9,,3,1,,1,1,,4,,,,,,,,190,,,Y,N1,A1200009,16,,,,,,,,,,,,,,,,,,,,,,,,,,,,,,,,,,,,,,,,,,,,,,,,,,,,,,,,
2026-10-01 02:30:00,부산광역시,A1200019,학교법인)동의병원,20261001022400,051-867-5101,,,,,,,1,,,,,,Y,Y,Y,Y,Y,Y,12,Y,120,N1,9,N1,Y,,1,N1,14,,,1,,,23,,5,,,2,2,2,7,,,2,1,,,,448,,,Y,N1,A1200019,17,,,,,,,,,,,,,,,,,,,,,,,,,,,,,,,,,,,,,,,,,,,,,,,,,,,,,,,,
2026-10-01 02:30:00,부산광역시,A1200025,춘해보건대학교병원,20261001022245,051-638-8000,,,,,,,1,,,,,,Y,,Y,N1,N1,Y,9,N1,68,N1,,N1,Y,,4,N1,9,,,1,,,,,4,,,1,1,,3,,,,,,,,201,,,Y,N1,A1200025,18,,,,,,,,,,,,,,,,,,,,,,,,,,,,,,,,,,,,,,,,,,,,,,,,,,,,,,,,
2026-10-01 02:30:00,부산광역시,A1200045,구포성심병원,20261001022318,051-330-2001,,,,,,,0,,,,,,Y,Y,Y,Y,N1,Y,7,N1,39,N1,,N1,Y,,4,N1,9,,,1,,,,,4,,,1,1,1,4,,,,,,,,243,,,Y,N1,A1200045,19,,,,,,,,,,,,,,,,,,,,,,,,,,,,,,,,,,,,,,,,,,,,,,,,,,,,,,,,
2026-10-01 02:30:00,부산광역시,A1200006,의료법인 인당의료재단 부민병원,20261001022221,051-330-3000,,,,,,1,2,,,,,,Y,Y,Y,Y,Y,Y,17,N1,42,N1,2,N1,Y,,8,N1,17,,1,2,,,18,,8,,,2,3,1,7,,,1,,,,,366,,,Y,N1,A1200006,20,,,,0,,,,,,1,,,,,,,,,,,,,,,,,,,,,,,,,,,,,,,,,,,,,,,,,,,,,,
2026-10-01 02:30:00,부산광역시,A1200016,한국보훈복지의료공단 부산보훈병원,20261001022439,051-601-6000,,,,,,1,1,,,,,,Y,Y,Y,Y,N1,Y,11,N1,39,N1,1,N1,Y,,7,N1,11,,1,1,,,9,,7,,,2,3,2,11,,,,,,,,452,,,Y,N1,A1200016,21,,,,1,,,,,,1,,,,,,,,,,,,,,,,,,,,,,,,,,,,,,,,,,,,,,,,,,,,,,
2026-10-01 02:30:00,부산광역시,A1200021,삼육부산병원,20261001022418,051-242-9751,,Y,,,,1,,,,,Y,,Y,Y,Y,Y,Y,Y,6,Y,0,N1,1,Y,Y,,,N1,9,,1,,,,14,,,,1,2,1,1,9,,1,2,1,,,,302,,,Y,N1,A1200021,22,,,,0,,,,,,1,,,,,,,,,,,,,,,,,,,,,,,,,,,,,,,,,,,,,,,,,,,,,,
2026-10-01 02:30:00,부산광역시,A1200008,의료법인 은성의료재단 좋은강안병원,20261001022438,051-625-0900,,,,,,1,2,,,0,,,Y,Y,Y,Y,Y,Y,11,Y,70,N1,4,N1,Y,,11,N1,18,,1,2,,,30,,11,3,,4,3,3,12,,,5,1,,,,535,,,Y,N1,A1200008,23,,,,1,,,,,,2,,,,,,,,,,,,,,,,,,,,,,,,,,,,,,,,,,,,,,,,,,,,,,
2026-10-01 02:30:00,부산광역시,A1200098,의료법인 센텀의료재단 센텀종합병원,20261001022337,051-750-5000,,,,,,,1,,,,,,Y,Y,Y,Y,N1,Y,5,N1,22,N1,0,N1,Y,,9,N1,9,,,1,,,16,,9,,,2,2,1,11,,,,,,,,338,,,Y,N1,A1200098,24,,,,1,,,,,,1,,,,,,,,,,,,,,,,,,,,,,,,,,,,,,,,,,,,,,,,,,,,,,
2026-10-01 02:30:00,부산광역시,A1200024,부산광역시의료원,20261001022416,051-507-3000,,N,,,,1,1,,,2,N,,Y,Y,Y,Y,Y,Y,17,N1,75,N1,,N,Y,,7,N1,18,,1,1,,,,,7,7,1,1,1,2,19,,2,4,,,,,348,,,Y,N1,A1200024,25,,8,10,,7,,13,14,,,29,,,,,,,,,,,,,,,,,,,,,,,,,,,,,,,,,,,,,,,,,,,,,
2026-10-01 02:30:00,부산광역시,A1200012,의료법인 행도의료재단 해동병원,20261001022443,051-412-6161,,,,,,1,,,,0,,,Y,,Y,N1,Y,Y,5,N1,41,N1,2,N1,Y,,3,Y,6,,1,,,,9,,3,0,,1,1,,5,,,1,,,,12,256,,,Y,N1,A1200012,26,,,,,,,,,,,,,,,,,,,,,,,,,,,,,,,,,,,,,,,,,,,,,,,,,,,,,,,,
2026-10-01 02:30:00,부산광역시,A1200014,영도병원,20261001022407,051-414-8101,,,,,,1,1,,,,,,Y,,Y,N1,N1,Y,6,N1,24,N1,1,N1,Y,,3,N1,7,,1,1,,,10,,3,,,1,1,,7,,,,,,,,217,,,Y,N1,A1200014,27,,,,,,,,,,,,,,,,,,,,,,,,,,,,,,,,,,,,,,,,,,,,,,,,,,,,,,,,
2026-10-01 02:30:00,부산광역시,A1200023,재단법인천주교부산교구유지재단 메리놀병원,20261001022408,051-465-8801,,,,,,,1,,,,Y,,Y,Y,Y,Y,Y,Y,8,N1,87,N1,4,N1,Y,,8,N1,9,,,1,,,18,,8,,1,1,1,1,9,,,2,,,,,380,,,Y,N1,A1200023,28,,,,0,,,,,,1,,,,,,,,,,,,,,,,,,,,,,,,,,,,,,,,,,,,,,,,,,,,,,
2026-10-01 02:30:00,부산광역시,A1205143,의료법인 인당의료재단 해운대부민병원,20261001022223,051-602-8000,,,,,,0,,,,0,,,Y,Y,Y,Y,Y,Y,8,N1,9,N1,7,N1,Y,,8,Y,9,,1,,,,19,,8,3,,2,2,1,10,,,1,,,,1,360,,,Y,N1,A1205143,29,,,,0,,,,,,2,,,,,,,,,,,,,,,,,,,,,,,,,,,,,,,,,,,,,,,,,,,,,,
2026-10-01 02:30:00,대구광역시,A1300001,영남대학교병원,20261001022237,053-623-8001,Y,Y,0,,3,2,2,6,3,7,Y,,Y,Y,Y,Y,Y,Y,19,Y,99,Y,,Y,Y,0,23,Y,28,3,2,3,21,15,,30,23,7,2,4,4,4,75,5,11,8,5,5,,1,704,1,,Y,Y,A1300001,1,,0,5,2,10,,10,15,,13,20,,0,3,0,3,0,7,1,14,,,,,,,,,,,,,,,,,,,,,,,,,,,,,,,,,0,,0,
2026-10-01 02:30:00,대구광역시,A1300002,경북대학교병원,20261001022405,053-200-5114,Y,Y,,,4,,,4,14,2,Y,,Y,Y,Y,Y,Y,Y,10,Y,66,Y,,Y,Y,-2,17,N1,25,4,,,20,15,,44,17,5,2,5,5,5,82,8,11,11,9,5,,,565,,,Y,Y,A1300002,2,2,2,1,,8,0,7,4,20,,20,2,2,,3,,3,6,0,5,,,,,,,,,1,1,,,4,4,,,,,,,,,,,2,6,2,6,9,2,40,2,,,,
2026-10-01 02:30:00,대구광역시,A1300004,대구가톨릭대학교병원,20261001022423,053-650-3000,Y,Y,,,,1,2,,,1,Y,Y,Y,Y,Y,Y,Y,Y,12,Y,179,Y,0,Y,Y,0,19,N1,24,,1,3,,42,0,,19,9,2,3,3,5,58,20,32,8,3,4,1,,704,,,Y,Y,A1300004,3,,1,4,1,6,,15,25,,6,20,,,,,,,,5,16,,,,,,,,,,,,,,,,,,,,,,,,,,,,,,,,,,,,
2026-10-01 02:30:00,대구광역시,A1300003,계명대학교동산병원,20261001022509,053-1577-6622,Y,Y,1,,2,1,3,8,2,2,Y,Y,Y,Y,Y,Y,Y,Y,9,Y,124,Y,4,Y,Y,0,23,Y,25,3,2,3,9,43,10,20,24,16,6,6,5,7,56,13,37,9,4,14,1,2,769,1,,Y,Y,A1300003,4,,0,0,0,3,,11,13,,4,20,,,,,,,,1,15,,,,,,0,,,1,,7,,8,,,,,,,,,,,,,,,,,,,,,,,
2026-10-01 02:30:00,대구광역시,A1300009,대구파티마병원,20261001022501,053-1688-7770,Y,Y,,,5,2,5,1,3,,Y,,Y,Y,Y,Y,Y,Y,5,Y,153,Y,,Y,Y,1,17,N1,25,5,2,5,2,8,,4,17,,2,5,3,4,32,11,19,5,1,1,,,566,,,Y,Y,A1300009,5,,5,6,4,,,17,8,,9,,,,,,,,,2,12,,,,,,,,,,,,,,,,,,,,,,,,,,,,,,,,,,,,
2026-10-01 02:30:00,대구광역시,A1300010,칠곡경북대학교병원,20261001022405,053-200-2000,Y,Y,,,4,1,2,5,0,13,Y,,Y,Y,Y,Y,Y,Y,7,Y,147,Y,,Y,Y,-2,18,N1,23,7,1,3,6,39,,3,19,13,2,8,5,8,52,9,27,9,3,1,,,778,,,Y,Y,A1300010,6,,6,6,4,8,,8,14,,4,20,,,,,,,,,,1,1,,,,6,1,3,,,10,2,,,8,1,1,,,,,,,,,,,,,,,,,,,
2026-10-01 02:30:00,대구광역시,A1300034,드림종합병원,20261001022430,053-640-8800,,,,,,,1,,,,,,Y,Y,Y,Y,Y,Y,6,Y,34,N1,,N1,N,,3,N1,8,,,1,,,,,3,,,2,1,1,2,,,1,1,,,,159,,,Y,N1,A1300034,7,,,,,,,,,,,,,,,,,,,,,,,,,,,,,,,,,,,,,,,,,,,1,1,,,,,,,,,,,,
2026-10-01 02:30:00,대구광역시,A1300006,의료법인구의료재단구병원,20261001022519,053-560-9114,,,,,,,1,,,,,,Y,,Y,N1,N1,Y,7,N1,16,N1,3,N1,Y,,9,N1,10,,,1,,,18,,9,,,3,1,,3,,,,,,,,235,,,Y,N1,A1300006,8,,,,0,,,,,,1,,,,,,,,,,,,,,,,,,,,,,,,,,,,,,,,,,,,,,,,,,,,,,
2026-10-01 02:30:00,대구광역시,A1300110,더블유병원,20261001022417,053-550-5000,,,,,,,1,,,,,,Y,,Y,N1,N1,Y,9,N1,34,N1,,N1,N,,11,Y,10,,,1,,,,,12,,,1,3,,1,,,,,,,8,431,,,Y,N1,A1300110,9,,,,,,,,,,,,,,,,,,,,,,,,,,,,,,,,,,,,,,,,,,,,,,,,,,,,,,,,
2026-10-01 02:30:00,대구광역시,A1300011,한국보훈복지의료공단대구보훈병원,20261001022140,053-630-7000,,,,,,1,1,,,1,,,Y,Y,Y,Y,N1,Y,12,N1,94,N1,6,N1,Y,,6,N1,12,,1,1,,,13,,6,1,,1,3,2,9,,,,,,,,406,,,Y,N1,A1300011,10,,,,1,,,,,,1,,,,,,,,,,,,,,,,,,,,,,,,,,,,,,,,,,,,,,,,,,,,,,
2026-10-01 02:30:00,대구광역시,A1300045,삼일병원,20261001022449,053-659-3100,,,,,,1,,,,,,,Y,Y,Y,Y,N1,Y,11,N1,62,N1,,N1,N,,4,N1,14,,1,,,,,,4,,,3,2,1,3,,,,,,,,299,,,Y,N1,A1300045,11,,,,,,,,,,,,,,,,,,,,,,,,,,,,,,,,,,,,,,,,,,,,,,,,,,,,,,,,
2026-10-01 02:30:00,대구광역시,A1300038,나사렛종합병원,20261001022502,053-643-1400,,,,,,,1,,,,,,Y,Y,Y,Y,Y,Y,7,N1,56,N1,8,N1,Y,,5,N1,9,,,1,,,28,,5,,,2,2,2,5,,,1,,,,,231,,,Y,N1,A1300038,12,,,,1,,,,,,1,,,1,,9,,,,,,,,,,,,,,,,,,,,,,,,,,,,,,,,,,,,,,,,,
2026-10-01 02:30:00,대구광역시,A1300018,강남종합병원,20261001022145,053-980-9000,,,,,,1,,,,1,,,Y,,Y,N1,N1,Y,9,N1,47,N1,,N1,Y,,5,N1,10,,1,,,,,,5,1,,2,2,,2,,,,,,,,206,,,Y,N1,A1300018,13,,,,,,,,,,,,,,,,,,,,,,,,,,,,,,,,,,,,,,,,,,,,,,,,,,,,,,,,
2026-10-01 02:30:00,대구광역시,A1300005,대구가톨릭대학교칠곡가톨릭병원,20261001022346,053-320-2500,,,,,,,1,,,,,,Y,,Y,N1,N1,Y,7,N1,51,N1,,N1,Y,,3,N1,9,,,1,,,,,3,,,2,2,,1,,,,,,,,161,,,Y,N1,A1300005,14,,,,,,,,,,,,,,,,,,,,,,,,,,,,,,,,,,,,,,,,,,,,,,,,,,,,,,,,
2026-10-01 02:30:00,대구광역시,A1300076,대구굿모닝병원,20261001022416,053-620-9100,,,,,,1,1,,,,,,Y,Y,Y,Y,N1,Y,16,N1,48,N1,2,N1,Y,,2,N1,17,,1,1,,,26,,4,,,2,4,2,13,,,,,,,,226,,,Y,N1,A1300076,15,,,,0,,,,,,1,,,,,,,,,,,,,,,,,,,,,,,,,,,,,,,,,,,,,,,,,,,,,,
2026-10-01 02:30:00,대구광역시,A1300007,대구의료원,20261001022502,053-560-7575,,Y,,,,1,1,,,3,Y,,Y,,Y,N1,N1,Y,18,N1,46,N1,7,Y,Y,,4,N1,18,,1,1,,,18,,4,3,1,1,1,,13,,4,,,,,,254,,,Y,N1,A1300007,16,,,,0,6,,,,,1,82,,,,,,,,,,,,,,,,,,,,,,,,,,,,,,,,,,,,,,,,,,,,,
2026-10-01 02:30:00,대구광역시,A1300081,(재)미리내천주성삼성직수도회천주성삼병원,20261001022502,053-790-1000,,,,,,,1,,,,,,Y,,Y,N1,N1,Y,7,N1,45,N1,,N1,Y,,4,N1,9,,,1,,,,,4,,,1,2,,4,,,,,,,,294,,,Y,N1,A1300081,17,,,,,,,,,,,,,,,,,,,,,,,,,,,,,,,,,,,,,,,,,,,,,,,,,,,,,,,,
2026-10-01 02:30:00,대구광역시,A1300008,곽병원,20261001022436,053-252-2401,,,,,,,2,,,,,,Y,,Y,N1,N1,Y,10,N1,29,N1,,N1,Y,,4,N1,10,,,2,,,,,4,,,1,1,,2,,,,,,,,221,,,Y,N1,A1300008,18,,,,,,,,,,,,,,,,,,,,,,,,,,,,,,,,,,,,,,,,,,,,,,,,,,,,,,,,
2026-10-01 02:30:00,대구광역시,A1303386,계명대학교대구동산병원,20261001022442,053-250-8114,,,,,,1,1,,,,N,,Y,Y,Y,Y,Y,Y,11,N1,48,N,3,N1,Y,,3,N1,12,,1,1,,,7,,3,,0,2,1,1,6,,,6,,0,,,196,,,Y,N1,A1303386,19,,,,0,,,,,,5,,,,,,,,,,,,,,,,,,,,,,,,,,,,,,,,,,,,,,,,,,,,,,
2026-10-01 02:30:00,대전광역시,A1600006,학교법인건양교육재단건양대학교병원,20261001022043,042-600-9999,Y,Y,1,0,5,2,3,5,5,1,Y,,Y,Y,Y,Y,Y,Y,19,Y,255,Y,18,Y,Y,1,20,Y,24,5,2,3,16,24,52,28,20,1,2,4,4,4,46,17,23,10,3,1,,1,658,1,0,Y,Y,A1600006,1,,,,6,13,,,,,7,20,,0,0,0,3,,,,,,,0,0,,,,,,,,,,,,,,0,0,,4,4,,,,,,,,,,,0,0,0,0
2026-10-01 02:30:00,대전광역시,A1600001,충남대학교병원,20261001022301,1599-7123,Y,Y,,,4,2,3,4,5,6,Y,,Y,Y,Y,Y,Y,Y,20,Y,101,Y,2,Y,Y,7,20,N1,28,6,2,3,20,34,12,30,21,14,5,5,4,5,76,12,36,6,8,2,,,966,,,Y,Y,A1600001,2,0,4,3,7,13,,16,14,,8,26,0,0,,0,,1,10,,,,,,,,1,,,,,5,,,,,,,,,,,,0,0,,,,,,,,,,,,
2026-10-01 02:30:00,대전광역시,A1600002,학교법인을지학원대전을지대학교병원,20261001022500,042-611-3000,Y,Y,,0,,2,1,0,4,,Y,,Y,Y,Y,Y,Y,Y,18,Y,102,Y,,Y,Y,17,15,N1,21,,2,1,2,20,,4,15,,16,4,2,4,70,12,47,7,3,3,,,326,,30,Y,Y,A1600002,3,,3,0,0,10,7,19,19,20,11,20,,,,,,0,5,,,,,0,0,0,,,,,,,,,,,,,0,0,0,,,3,3,2,4,2,6,2,2,40,2,,0,,0
2026-10-01 02:30:00,대전광역시,A1600007,의료법인영훈의료재단유성선병원,20261001022448,042-609-1000,,,,,,2,1,0,0,1,Y,,Y,Y,Y,Y,Y,Y,15,Y,34,N1,6,N1,Y,,7,Y,17,,2,1,2,,17,4,7,1,1,3,3,2,17,,,2,1,,,1,364,,,Y,N1,A1600007,4,,,,1,,,,,,1,,,,,,,,,,,,,,,,,,,,,,,,,,,,,,,,,,,,,,,,,,,,,,
2026-10-01 02:30:00,대전광역시,A1600005,학교법인가톨릭학원가톨릭대학교대전성모병원,20261001022510,042-220-9114,Y,Y,,,,3,,,,4,Y,,Y,Y,Y,Y,Y,Y,15,Y,113,N1,,Y,Y,4,12,N1,19,,3,,,4,,,12,4,1,3,2,4,24,4,8,7,2,,,,537,,,Y,Y,A1600005,5,,1,2,0,,,15,3,,1,,,,,,,1,3,2,9,,,,,,,,,0,0,,,3,2,,,,,,,,,,,,,,,,,,,,,,
2026-10-01 02:30:00,대전광역시,A1600008,의료법인영훈의료재단대전선병원,20261001022350,042-220-8114,,,,,,1,3,1,0,0,Y,,Y,Y,Y,Y,Y,Y,16,N1,24,N1,2,N1,Y,,7,N1,17,,1,3,2,,30,3,7,1,1,2,2,2,11,,,3,,,,,308,,,Y,N1,A1600008,6,,,,1,,,,,,1,,,,,,,,,,,,,,,,,,,,,,,,,,,,,,,,,,,,,,,,,,,,,,
2026-10-01 02:30:00,대전광역시,A1600004,대전보훈병원,20261001022330,042-939-0111,,,,,,1,1,,,0,,,Y,Y,Y,Y,N1,Y,7,N1,55,N1,7,N1,Y,,5,N1,7,,1,1,,,10,,5,1,,1,3,1,12,,,,,,,,316,,,Y,N1,A1600004,7,,,,1,,,,,,1,,,,,,,,,,,,,,,,,,,,,,,,,,,,,,,,,,,,,,,,,,,,,,
2026-10-01 02:30:00,대전광역시,A1600003,대전한국병원,20261001022508,042-606-1000,,Y,,,,1,,,,,Y,,Y,Y,Y,Y,Y,Y,8,N1,53,N1,5,Y,Y,,5,N1,9,,1,,,,12,,5,,1,2,2,2,6,,1,1,,,,,241,,,Y,N1,A1600003,8,,,,,,,,,,,,,,,,,,,,,,,,,,,,,,,,,,,,,,,,,,,,,,,,,,,,,,,,
2026-10-01 02:30:00,대전광역시,A1602246,대청병원,20261001022507,1899-6075,,,,,,,1,,,,,,Y,,Y,N1,Y,Y,9,N1,105,N1,0,N1,Y,,3,N1,9,,,1,,,17,,3,,,2,1,,10,,,1,,,,,245,,,Y,N1,A1602246,9,,,,,,,,,,,,,,,,,,,,,,,,,,,,,,,,,,,,,,,,,,,,,,,,,,,,,,,,
2026-10-01 02:30:00,울산광역시,A1700004,학교법인울산공업학원울산대학교병원,20261001022423,052-250-7000,Y,Y,,,8,0,0,5,8,0,Y,,Y,Y,Y,Y,Y,Y,7,Y,40,Y,3,Y,Y,8,20,N1,21,8,0,0,12,26,8,36,20,0,5,7,5,6,83,14,27,17,8,4,,,725,,,Y,Y,A1700004,1,3,5,6,4,10,10,13,16,20,8,20,3,3,1,3,8,0,6,,,,,,4,5,,,,,0,,,,2,,,,,4,5,,,,,2,5,2,6,10,2,42,2,,,,
2026-10-01 02:30:00,울산광역시,A1700028,의료법인정안의료재단중앙병원,20261001022419,052-226-1100,,,,,,1,2,0,2,0,,,Y,Y,Y,Y,Y,Y,14,N1,30,N1,1,N1,Y,,8,N1,17,,1,2,2,,18,4,8,1,,2,2,2,7,,,2,,,,,335,,,Y,N1,A1700028,2,,,,0,,,,,,2,,,,,,,,,,,,,,,,,,,,,,,,,,,,,,,,,,,,,,,,,,,,,,
2026-10-01 02:30:00,울산광역시,A1700003,울산병원,20261001022505,052-259-5000,,,,,,1,2,2,3,,,,Y,Y,Y,Y,Y,Y,19,Y,27,Y,5,N1,Y,,4,Y,19,,1,2,2,,17,3,4,,,2,2,3,12,,,4,1,2,,2,352,,,Y,N1,A1700003,3,,,,0,,,,,,1,,,,,,,,,,,,,,,,,,,,,,,,,,,,,,,,,,,,,,,,,,,,,,
2026-10-01 02:30:00,울산광역시,A1700025,의료법인송은의료재단울산시티병원,20261001022505,052-280-9000,,,,,,1,2,0,1,,,,Y,Y,Y,Y,Y,Y,13,N1,15,N1,2,N1,Y,,8,N1,17,,1,2,2,,24,3,8,,,2,2,2,17,,,4,,,,,347,,,Y,N1,A1700025,4,,,,1,,,,,,3,,,,,,,,,,,,,,,,,,,,,,,,,,,,,,,,,,,,,,,,,,,,,,
2026-10-01 02:30:00,울산광역시,A1700002,의료법인동강의료재단동강병원,20261001022449,052-241-1114,,,,,,1,2,0,0,0,,Y,Y,Y,Y,Y,Y,Y,20,Y,62,N1,,N1,Y,,8,N1,24,,1,2,2,,,3,8,2,,3,2,4,25,,,7,5,,1,,513,,,Y,N1,A1700002,5,,4,0,0,,,14,9,,1,,,,,,,2,13,,,,,,,,,,,,,,,,,,,,,,,,,,,,,,,,,,,,,,
2026-10-01 02:30:00,울산광역시,A1700011,의료법인은성의료재단좋은삼정병원,20261001022311,052-220-7500,,,,,,,1,,,0,,,Y,Y,Y,Y,Y,Y,9,N1,39,N1,4,N1,Y,,7,N1,9,,,1,,,14,,7,1,,2,2,1,8,,,1,,,,,283,,,Y,N1,A1700011,6,,,,0,,,,,,1,,,,,,,,,,,,,,,,,,,,,,,,,,,,,,,,,,,,,,,,,,,,,,
2026-10-01 02:30:00,울산광역시,A1700001,서울산보람병원,20261001022453,052-255-7114,,,,,,,1,,,,,,Y,,Y,N1,N1,Y,9,N1,83,N1,,N1,Y,,3,N1,10,,,1,,,,,3,,,1,1,,1,,,,,,,,213,,,Y,N1,A1700001,7,,,,,,,,,,,,,,,,,,,,,,,,,,,,,,,,,,,,,,,,,,,,,,,,,,,,,,,,
2026-10-01 02:30:00,세종특별자치시,A1800441,세종충남대학교병원,20261001022301,1800-3114,Y,Y,,,0,1,2,,,4,Y,,Y,Y,Y,Y,Y,Y,11,Y,51,Y,4,Y,Y,-2,8,N1,17,0,1,2,,19,11,,8,4,3,2,2,3,35,8,21,7,3,2,,,300,,,Y,Y,A1800441,1,,,,0,,,,,,2,,,,,,,,,,,0,0,,,,,1,5,,,,2,,,6,0,0,,,,,,,,,,,,,,,,,,,
2026-10-01 02:30:00,세종특별자치시,A1800417,의료법인 영제 의료재단 엔케이세종병원,20261001022519,044-850-7700,,,,,,,1,,,,,,Y,,Y,N1,N1,Y,8,N1,125,N1,,N1,Y,,3,N1,10,,,1,,,,,3,,,1,1,,1,,,,,,,,200,,,Y,N1,A1800417,2,,,,,,,,,,,,,,,,,,,,,,,,,,,,,,,,,,,,,,,,,,,,,,,,,,,,,,,,
2026-10-01 02:30:00,전남광주통합특별시,A1500002,전남대학교병원,20261001022500,1899-0000,Y,Y,,,0,,,4,4,5,Y,,Y,Y,Y,Y,Y,Y,15,Y,176,Y,1,Y,Y,1,20,Y,26,4,,,18,33,8,30,20,7,8,5,4,8,78,24,30,20,13,6,,1,803,,,Y,Y,A1500002,1,2,3,3,,11,8,11,12,20,,32,2,2,0,5,2,3,13,8,15,,,,,,0,,,2,,8,,9,,,,,,,,,,,,2,3,2,6,6,2,40,2,,,,
2026-10-01 02:30:00,전남광주통합특별시,A1500001,조선대학교병원,20261001022605,1811-7474,Y,Y,,,4,0,0,7,2,4,Y,Y,Y,Y,Y,Y,Y,Y,17,Y,97,Y,,Y,Y,8,15,Y,23,4,0,0,20,20,,28,15,5,3,5,3,3,65,11,15,24,5,1,1,1,568,,,Y,Y,A1500001,2,2,2,3,0,10,,16,19,,2,20,2,3,0,3,2,,,2,19,,,,,,,,,,,,,,,,,,,,,,,,,,,,,,,,,1,,2,
2026-10-01 02:30:00,전남광주통합특별시,A2600011,목포한국병원,20261001022503,061-270-5500,Y,Y,,,3,2,3,1,5,0,Y,,Y,Y,Y,Y,Y,Y,11,Y,92,Y,3,Y,Y,,6,Y,16,3,2,3,20,,27,42,6,2,1,4,2,3,48,1,1,14,2,3,,1,418,,,Y,Y,A2600011,3,,,,0,,2,,,20,1,,,,0,,1,,,,,,,,,,,,,,,,,,,,,,,,,,,,,2,6,2,6,13,2,40,2,,,,
2026-10-01 02:30:00,전남광주통합특별시,A2600019,성가롤로병원,20261001022129,061-720-2000,N,Y,,,1,2,3,0,18,5,Y,,Y,Y,Y,Y,Y,Y,7,Y,62,Y,,Y,Y,,9,Y,18,4,2,3,25,,,30,9,31,1,4,4,4,27,1,3,8,1,2,,3,481,,,Y,N,A2600019,4,,0,2,0,,,7,11,,1,,,,0,,4,1,8,,,,,,,,,,,,,,,,,,,,,,,,,,,,,,,,,,,,,,
2026-10-01 02:30:00,전남광주통합특별시,A1500019,KS병원,20261001022054,062-975-9000,,,,,7,1,2,0,1,,,,Y,Y,Y,Y,Y,Y,13,N1,32,Y,4,N1,Y,,4,N1,15,7,1,2,2,,12,3,4,,,2,2,1,5,,,1,,1,,,267,,,Y,N1,A1500019,5,,3,,,,,9,,,,,,,,,,,,,,,,,,,,,,,,,,,,,,,,,,,,0,0,,,,,,,,,,,,
2026-10-01 02:30:00,전남광주통합특별시,A1500011,첨단종합병원,20261001022423,062-601-8000,,,,,,1,2,2,2,1,,,Y,Y,Y,Y,Y,Y,17,N1,106,N1,7,N1,Y,,5,N1,22,,1,2,2,,21,3,5,1,,2,2,1,11,,,1,,,,,409,,,Y,N1,A1500011,6,,,,1,11,,,,,1,49,,,,,,,,,,,,,,,,,,,,,,,,,,,,,,,,,,,,,,,,,,,,,
2026-10-01 02:30:00,전남광주통합특별시,A1500021,광주기독병원,20261001022053,062-650-5000,,,,,,0,1,,,,N,,Y,Y,Y,Y,Y,Y,16,N1,41,N1,,N1,Y,3,9,N1,20,,1,2,,3,,,9,,0,2,2,2,11,,,2,,,,,514,,,Y,N1,A1500021,7,,0,0,0,,,16,9,,3,,,,,,,,,,,,,,,,,,,,,,,,,,,,,,,,,,,,,,,,,,,,,,
2026-10-01 02:30:00,전남광주통합특별시,A2600017,의료법인목포구암의료재단목포중앙병원,20261001022608,061-280-3000,,,,,,2,2,,,,,,Y,Y,Y,Y,Y,Y,15,N1,60,Y,7,N1,Y,,4,N1,16,,2,2,,,16,,4,,,2,1,2,10,,,1,,1,,,275,,,Y,N1,A2600017,8,,,,2,6,,,,,2,49,,,,,,,,,,,,,,,,,,,,,,,,,,,,,,,,,,,,,,,,,,,,,
2026-10-01 02:30:00,전남광주통합특별시,A1500020,서광병원,20261001022247,062-600-8000,,,,,2,2,1,1,1,1,N,,Y,N,Y,N,Y,Y,18,N1,73,N1,6,N1,Y,,2,N1,18,2,2,1,2,,17,3,2,1,0,1,1,0,1,,,1,,,,,176,,,Y,N1,A1500020,9,,,,0,,,,,,1,,,,,,,,,,,,,,,,,,,,,,,,,,,,,,,,,,,,,,,,,,,,,,
2026-10-01 02:30:00,전남광주통합특별시,A2600014,여천전남병원,20261001022109,061690-6000,,,,,,1,2,,,,,,Y,Y,Y,Y,Y,Y,17,N1,116,N1,3,N1,Y,,5,N1,17,,1,2,,,14,,5,,,2,2,1,6,,,1,,,,,299,,,Y,N1,A2600014,10,,,,,,,,,,,,,,,,,,,,,,,,,,,,,,,,,,,,,,,,,,,,,,,,,,,,,,,,
2026-10-01 02:30:00,전남광주통합특별시,A2600001,화순전남대학교병원,20261001022500,061-379-7120,,Y,,,1,,2,0,1,5,,,Y,Y,Y,Y,Y,Y,15,Y,7,N1,,Y,Y,1,14,N1,16,1,,2,2,1,,4,14,5,,5,4,2,31,,1,7,1,,,,546,,,Y,N1,A2600001,11,1,3,7,1,,,8,12,,2,,1,4,,4,,,,,,,,,,,,,,,,,,,,,,,,,,,,,,,,,,,,,,,,,
2026-10-01 02:30:00,전남광주통합특별시,A2600050,전라남도강진의료원,20261001022002,061-433-2167,,Y,,,,,1,,,,Y,,Y,,Y,N1,N1,Y,9,N1,60,N1,,Y,Y,,3,N1,9,,,1,,,,,3,,1,1,1,,2,,2,,,,,,171,,,Y,N1,A2600050,12,,,,,,,,,,,,,,,,,,,,,,,,,,,,,,,,,,,,,,,,,,,,,,,,,,,,,,,,
2026-10-01 02:30:00,전남광주통합특별시,A2600018,의료법인영성의료재단고흥종합병원,20261001022500,061-832-1911,Y,Y,,,,,,,,,Y,,Y,,Y,N1,N1,Y,10,N1,168,N1,1,Y,Y,,2,N1,10,,,,,,12,,2,,1,1,1,,4,1,1,,,,,,271,,,Y,Y,A2600018,13,,,,,,,,,,,,,,,,,,,,,,,,,,,,,,,,,,,,,,,,,,,,,,,,,,,,,,,,
2026-10-01 02:30:00,전남광주통합특별시,A2600068,의료법인장호의료재단녹동현대병원,20261001021911,061-840-1200,,,,,,,2,,,,,,Y,,Y,N1,N1,Y,2,N1,37,N1,,N1,Y,,2,N1,3,,,2,,,,,2,,,1,1,,3,,,,,,,,118,,,Y,N1,A2600068,14,,,,,,,,,,,,,,,,,,,,,,,,,,,,,,,,,,,,,,,,,,,,,,,,,,,,,,,,
2026-10-01 02:30:00,전남광주통합특별시,A2600029,곡성사랑병원,20261001022319,061-360-6000,,,,,,,1,,,,,,Y,,Y,N1,N1,Y,5,N1,11,N1,,N1,N1,,1,N1,5,,,1,,,,,1,,,1,,,1,,,,,,,,46,,,Y,N1,A2600029,15,,,,,13,,,,,,45,,,,,,,,,,,,,,,,,,,,,,,,,,,,,,,,,,,,,,,,,,,,,
2026-10-01 02:30:00,전남광주통합특별시,A1500006,신가병원,20261001022148,062-610-8702,,,,,,,1,,,,,,Y,,Y,N1,N1,Y,8,N1,46,N1,,N1,Y,,3,N1,9,,,1,,,,,3,,,1,1,,1,,,,,,,,201,,,Y,N1,A1500006,16,,,,,,,,,,,,,,,,,,,,,,,,,,,,,,,,,,,,,,,,,,,1,1,,,,,,,,,,,,
2026-10-01 02:30:00,전남광주통합특별시,A1502007,광주센트럴병원,20261001022450,062-950-9700,,,,,,,1,,,,,,Y,,Y,N1,N1,Y,8,N1,48,N1,,N1,Y,,3,N1,10,,,1,,,,,3,,,1,1,,1,,,,,,,,299,,,Y,N1,A1502007,17,,,,,,,,,,,,,,,,,,,,,,,,,,,,,,,,,,,,,,,,,,,,,,,,,,,,,,,,
2026-10-01 02:30:00,전남광주통합특별시,A1500017,하남성심병원,20261001022107,062-953-6000,,,,,,,1,,,,,,Y,,Y,N1,N1,Y,14,N1,46,N1,4,N1,Y,,5,N1,19,,,1,,,10,,5,,,1,1,,4,,,,,,,,261,,,Y,N1,A1500017,18,,,,,,,,,,,,,,,,,,,,,,,,,,,,,,,,,,,,,,,,,,,,,,,,,,,,,,,,
2026-10-01 02:30:00,전남광주통합특별시,A1500018,광주수완병원,20261001022352,062-958-1111,,,,,,,0,,,,,,Y,,Y,N1,N1,Y,8,N1,52,N1,,N1,Y,,3,N1,9,,,1,,,,,3,,,1,1,,2,,,,,,,,177,,,Y,N1,A1500018,19,,,,,,,,,,,,,,,,,,,,,,,,,,,,,,,,,,,,,,,,,,,,,,,,,,,,,,,,
2026-10-01 02:30:00,전남광주통합특별시,A1500004,광주보훈병원,20261001022458,062-602-6021,,,,30,,1,1,,,1,,,Y,Y,Y,Y,Y,Y,14,N1,93,N1,15,N1,Y,,7,N1,14,,1,1,,,25,,7,2,,2,3,2,11,,,2,,,,,512,,30,Y,N1,A1500004,20,,,,1,,,,,,1,,,,,,,,,,,,,,,,,,,,,,,,,,,,,,,,,,,,,,,,,,,,,,
2026-10-01 02:30:00,전남광주통합특별시,A2600006,광양사랑병원,20261001022530,061797-7000,,,,,,,1,,,,,,Y,,Y,N1,Y,Y,9,N1,59,N1,4,N1,Y,,3,N1,9,,,1,,,9,,3,,,1,1,,4,,,1,,,,,149,,,Y,N1,A2600006,21,,,,,,,,,,,,,,,,,,,,,,,,,,,,,,,,,,,,,,,,,,,,,,,,,,,,,,,,
2026-10-01 02:30:00,전남광주통합특별시,A2600024,의료법인현경의료재단광양서울병원,20261001022538,061-798-9800,,,,,,,1,,,,,,Y,,Y,N1,Y,Y,9,N1,58,N1,,N1,Y,,3,N1,9,,,1,,,,,3,,,1,1,,3,,,1,,,,,208,,,Y,N1,A2600024,22,,,,,,,,,,,,,,,,,,,,,,,,,,,,,,,,,,,,,,,,,,,,,,,,,,,,,,,,
2026-10-01 02:30:00,전남광주통합특별시,A2600061,구례병원,20261001022443,061780-3300,,,,,,,0,,,,,,Y,,Y,N1,N1,Y,10,N1,34,N1,,N1,N1,,1,N1,10,,,0,,,,,1,,,1,,,1,,,,,,,,97,,,Y,N1,A2600061,23,,,,,,,,,,,,,,,,,,,,,,,,,,,,,,,,,,,,,,,,,,,,,,,,,,,,,,,,
2026-10-01 02:30:00,전남광주통합특별시,A2600016,나주종합병원,20261001022229,061-330-6114,,,,,,,,,,,,,Y,,Y,N1,N1,Y,7,N1,50,N1,,N1,Y,,3,N1,10,,,,,,,,3,,,1,1,,2,,,,,,,,178,,,Y,N1,A2600016,24,,,,,,,,,,,,,,,,,,,,,,,,,,,,,,,,,,,,,,,,,,,,,,,,,,,,,,,,
2026-10-01 02:30:00,전남광주통합특별시,A2602211,빛가람종합병원,20261001022453,061-820-0820,,,,,,,1,,,,,,Y,,Y,N1,N1,Y,8,N1,15,N1,,N1,Y,,4,N1,9,,,1,,,,,4,,,1,1,,2,,,,,,,,192,,,Y,N1,A2602211,25,,,,,,,,,,,,,,,,,,,,,,,,,,,,,,,,,,,,,,,,,,,,,,,,,,,,,,,,
2026-10-01 02:30:00,전남광주통합특별시,A1500013,동아병원,20261001022524,062-650-2500,,,,,,,1,,,,,,Y,,Y,N1,N1,Y,6,N1,66,N1,,N1,Y,,1,N1,9,,,1,,,,,6,,,1,2,,1,,,,,,,,276,,,Y,N1,A1500013,26,,,,,,,,,,,,,,,,,,,,,,,,,,,,,,,,,,,,,,,,,,,,,,,,,,,,,,,,
2026-10-01 02:30:00,전남광주통합특별시,A1500009,광주씨티병원,20261001022312,062-604-7000,,,,,,,1,,,,,,Y,,Y,N1,N1,Y,9,N1,36,N1,,N1,Y,,4,N1,10,,,1,,,,,4,,,1,1,,1,,,,,,,,173,,,Y,N1,A1500009,27,,,,,,,,,,,,,,,,,,,,,,,,,,,,,,,,,,,,,,,,,,,,,,,,,,,,,,,,
2026-10-01 02:30:00,전남광주통합특별시,A2600054,담양사랑병원,20261001022529,061-380-9000,,,,,,,2,,,,,,Y,,Y,N1,N1,Y,6,N1,45,N1,,N1,N1,,2,N1,6,,,2,,,,,2,,,1,,,1,,,,,,,,86,,,Y,N1,A2600054,28,,,,,,,,,,,,,,,,,,,,,,,,,,,,,,,,,,,,,,,,,,,,,,,,,,,,,,,,
2026-10-01 02:30:00,전남광주통합특별시,A2600020,목포기독병원,20261001022319,061-280-7500,,,,,,,1,,,,,,Y,,Y,N1,Y,Y,16,N1,78,N1,11,N1,Y,,4,N1,17,,,1,,,14,,4,,,1,2,,9,,,1,,,,,340,,,Y,N1,A2600020,29,,,,2,,,,,,3,,,,,,,,,,,,,,,,,,,,,,,,,,,,,,,,,2,2,,,,,,,,,,,,
2026-10-01 02:30:00,전남광주통합특별시,A2600022,목포시의료원,20261001022501,061-260-6500,,,,,,,1,,1,,,,Y,,Y,N1,N1,Y,9,N1,69,N1,,N1,Y,,3,N1,9,,,1,,,,1,3,,,1,1,,1,,,,,,,,253,,,Y,N1,A2600022,30,,,,,4,,,,,,45,,,,,,,,,,,,,,,,,,,,,,,,,,,,,,,,,,,,,,,,,,,,,
2026-10-01 02:30:00,전남광주통합특별시,A2600003,대송의료재단무안병원,20261001022100,061-450-3000,,,,,,,1,,,,,,Y,,Y,N1,Y,Y,3,N1,53,N1,0,N1,Y,,2,N1,4,,,1,,,13,,2,,,1,1,,1,,,1,,,,,173,,,Y,N1,A2600003,31,,,,,11,,,,,,105,,,,,,,,,,,,,,,,,,,,,,,,,,,,,,,,,,,,,,,,,,,,,
2026-10-01 02:30:00,전남광주통합특별시,A2600052,보성아산병원,20261001022000,061-850-3410,,,,,,,1,,,,,,Y,,Y,N1,N1,Y,8,N1,58,N1,,N1,N1,,2,N1,8,,,1,,,,,2,,,1,,,2,,,,,,,,100,,,Y,N1,A2600052,32,,,,,,,,,,,,,,,,,,,,,,,,,,,,,,,,,,,,,,,,,,,,,,,,,,,,,,,,
2026-10-01 02:30:00,전남광주통합특별시,A2600066,의료법인삼호의료재단벌교삼호병원,20261001021822,061-859-5000,,,,,,,1,,,,,,Y,,Y,N1,N1,Y,6,N1,34,N1,,N1,N1,,1,N1,6,,,1,,,,,1,,,1,,,1,,,,,,,,80,,,Y,N1,A2600066,33,,,,,72,,,,,,261,,,,,,,,,,,,,,,,,,,,,,,,,,,,,,,,,,,,,,,,,,,,,
2026-10-01 02:30:00,전남광주통합특별시,A1500015,광주병원,20261001021925,062-260-7000,,,,,,,1,,,,,,Y,Y,Y,Y,N1,Y,7,N1,21,N1,0,N1,Y,,4,N1,10,,,1,,,13,,4,,,1,1,1,1,,,,,,,,278,,,Y,N1,A1500015,34,,,,,,,,,,,,,,,,,,,,,,,,,,,,,,,,,,,,,,,,,,,,,,,,,,,,,,,,
2026-10-01 02:30:00,전남광주통합특별시,A1500010,운암한국병원,20261001022308,062-608-8000,,,,,,,1,,,,,,N,,Y,N1,N1,N,5,N1,33,N1,,N1,N,,3,N1,9,,,1,,,,,3,,,1,1,,1,,,,,,,,208,,,Y,N1,A1500010,35,,,,,,,,,,,,,,,,,,,,,,,,,,,,,,,,,,,,,,,,,,,,,,,,,,,,,,,,
2026-10-01 02:30:00,전남광주통합특별시,A1500003,광주현대병원,20261001022433,062-570-0114,,,,,,,1,,,,,,Y,,Y,N1,N1,Y,4,N1,41,N1,,N1,Y,,5,N1,9,,,1,,,,,5,,,1,2,,1,,,,,,,,236,,,Y,N1,A1500003,36,,,,,,,,,,,,,,,,,,,,,,,,,,,,,,,,,,,,,,,,,,,1,1,,,,,,,,,,,,
2026-10-01 02:30:00,전남광주통합특별시,A1500005,광주일곡병원,20261001022117,062-608-7013,,,,,,,1,,,,,,Y,,Y,N1,N1,Y,5,N1,35,N1,,N1,Y,,2,N1,9,,,1,,,,,2,,,1,1,,1,,,,,,,,144,,,Y,N1,A1500005,37,,,,,,,,,,,,,,,,,,,,,,,,,,,,,,,,,,,,,,,,,,,,,,,,,,,,,,,,
2026-10-01 02:30:00,전남광주통합특별시,A1500007,광주희망병원,20261001022125,062-608-6000,,,,,,,1,,,,,,,,Y,N1,N1,N1,9,N1,70,N1,6,N1,N1,,2,N1,9,,,1,,,8,,3,,,,,,,,,,,,,,182,,,N1,N1,A1500007,38,,,,1,,,,,,1,,,,,,,,,,,,,,,,,,,,,,,,,,,,,,,,,,,,,,,,,,,,,,
2026-10-01 02:30:00,전남광주통합특별시,A1500022,상무병원,20261001022336,062-600-7000,,,,,,,1,,,,,,Y,,Y,N1,N1,Y,8,N1,59,N1,,N1,Y,,3,N1,9,,,1,,,,,3,,,1,1,,1,,,,,,,,202,,,Y,N1,A1500022,39,,,,,,,,,,,,,,,,,,,,,,,,,,,,,,,,,,,,,,,,,,,,,,,,,,,,,,,,
2026-10-01 02:30:00,전남광주통합특별시,A1500016,광주한국병원,20261001022400,062-380-3000,,,,,,,1,,,,,,Y,,Y,N1,N1,Y,13,N1,82,N1,,N1,Y,,4,N1,15,,,1,,,,,4,,,1,1,,1,,,,,,,,259,,,Y,N1,A1500016,40,,,,,,,,,,,,,,,,,,,,,,,,,,,,,,,,,,,,,,,,,,,,,,,,,,,,,,,,
2026-10-01 02:30:00,전남광주통합특별시,A1500014,미래로21병원,20261001022515,062-450-1000,,,,,,,1,,,,,,Y,Y,Y,Y,Y,Y,8,N1,49,N1,4,N1,Y,,3,N1,9,,,1,,,8,,3,,,1,1,1,4,,,1,,,,,192,,,Y,N1,A1500014,41,,,,,,,,,,,,,,,,,,,,,,,,,,,,,,,,,,,,,,,,,,,,,,,,,,,,,,,,
2026-10-01 02:30:00,전남광주통합특별시,A2600008,순천제일병원,20261001022342,061-720-3413,,,,,,,1,,,,,,Y,,Y,N1,N1,Y,9,N1,9,N1,,N1,Y,,2,N1,9,,,1,,,,,2,,,1,1,,1,,,,,,,,200,,,Y,N1,A2600008,42,,,,,,,,,,,,,,,,,,,,,,,,,,,,,,,,,,,,,,,,,,,,,,,,,,,,,,,,
2026-10-01 02:30:00,전남광주통합특별시,A2600056,전라남도순천의료원,20261001022501,061-759-9114,,,,,,0,1,,,6,,,Y,,Y,N1,N1,Y,6,N1,53,N1,4,N1,Y,,3,N1,6,,1,1,,,7,,3,15,,1,1,,13,,,,,,,,164,,,Y,N1,A2600056,43,,,,,23,,,,,,80,,,,,,,,,,,,,,,,,,,,,,,,,,,,,,,,,,,,,,,,,,,,,
2026-10-01 02:30:00,전남광주통합특별시,A2600005,의료법인한국의료재단한국병원,20261001022452,061-740-5000,,,,,,,1,,,,,,Y,,Y,N1,N1,Y,9,N1,88,N1,3,N1,Y,,3,N1,11,,,1,,,9,,3,,,1,1,,4,,,,,,,,229,,,Y,N1,A2600005,44,,,,,,,,,,,,,,,,,,,,,,,,,,,,,,,,,,,,,,,,,,,,,,,,,,,,,,,,
2026-10-01 02:30:00,전남광주통합특별시,A2600004,순천중앙병원,20261001022454,061-743-9021,,,,,,,1,,,,,,Y,,Y,N1,N1,Y,5,N1,70,N1,,N1,Y,,2,N1,5,,,1,,,,,2,,,1,1,,1,,,,,,,,200,,,Y,N1,A2600004,45,,,,,,,,,,,,,,,,,,,,,,,,,,,,,,,,,,,,,,,,,,,,,,,,,,,,,,,,
2026-10-01 02:30:00,전남광주통합특별시,A2600051,의료법인신안대우병원,20261001022532,061-262-3301,,,,,,,1,,,,,,Y,,Y,N1,N1,Y,4,N1,24,N1,,N1,N1,,,N1,4,,,1,,,,,,,,1,,,1,,,,,,,,30,,,Y,N1,A2600051,46,,,,,,,,,,,,,,,,,,,,,,,,,,,,,,,,,,,,,,,,,,,,,,,,,,,,,,,,
2026-10-01 02:30:00,전남광주통합특별시,A2600027,의료법인한마음의료재단여수제일병원,20261001022506,061-689-8123,,Y,,,,,1,,,,Y,,Y,,Y,N1,Y,Y,9,Y,30,N1,10,Y,Y,,6,N1,9,,,1,,,13,,6,,1,2,2,,5,,3,2,1,,,,365,,,Y,N1,A2600027,47,,,,1,,,,,,1,,,,,,,,,,,,,,,,,,,,,,,,,,,,,,,,,,,,,,,,,,,,,,
2026-10-01 02:30:00,전남광주통합특별시,A2600010,여수전남병원,20261001022527,061640-7128,,,,,,,1,,,,,,Y,,Y,N1,Y,Y,6,N1,35,N1,1,N1,Y,,4,N1,10,,,1,,,11,,4,,,2,1,,8,,,1,,,,,272,,,Y,N1,A2600010,48,,,,,,,,,,,,,,,,,,,,,,,,,,,,,,,,,,,,,,,,,,,,,,,,,,,,,,,,
2026-10-01 02:30:00,전남광주통합특별시,A2600034,의료법인 거명의료재단 영광기독병원,20261001022507,061-350-3000,,,,,,,1,,,,,,Y,,Y,N1,N1,Y,10,N1,43,N1,0,N1,Y,,2,N1,10,,,1,,,11,,2,,,1,1,,3,,,,,,,,195,,,Y,N1,A2600034,49,,,,,,,,,,,,,,,,,,,,,,,,,,,,,,,,,,,,,,,,,,,,,,,,,,,,,,,,
2026-10-01 02:30:00,전남광주통합특별시,A2600015,영광종합병원,20261001022150,061-350-8000,,N,,,,,1,,,,N,,Y,,Y,N1,N1,Y,9,N1,65,N1,0,N,Y,,3,N1,10,,,1,,,7,,3,,0,1,1,,4,,0,,,,,,259,,,Y,N1,A2600015,50,,,,,,,,,,,,,,,,,,,,,,,,,,,,,,,,,,,,,,,,,,,0,0,,,,,,,,,,,,
2026-10-01 02:30:00,전남광주통합특별시,A2600070,영암한국병원,20261001022524,061-470-7100,,,,,,,0,,,,,,Y,,Y,N1,N1,Y,8,N1,28,N1,,N1,N1,,2,N1,8,,,1,,,,,2,,,1,,,1,,,,,,,,126,,,Y,N1,A2600070,51,,,,,34,,,,,,172,,,,,,,,,,,,,,,,,,,,,,,,,,,,,,,,,,,,,,,,,,,,,
2026-10-01 02:30:00,전남광주통합특별시,A2600032,완도대성병원,20261001022503,061-553-1234,,,,,,,1,,,,,,Y,,Y,N1,N1,Y,5,N1,52,N1,,N1,N1,,1,N1,5,,,1,,,,,1,,,1,,,1,,,,,,,,98,,,Y,N1,A2600032,52,,,,,,,,,,,,,,,,,,,,,,,,,,,,,,,,,,,,,,,,,,,,,,,,,,,,,,,,
2026-10-01 02:30:00,전남광주통합특별시,A2600035,의료법인행복나눔의료재단장성병원,20261001022257,061-390-9000,,,,,,,1,,,,,,Y,,Y,N1,N1,Y,2,N1,40,N1,,N1,N1,,,N1,4,,,1,,,,,1,,,1,,,,,,,,,,,104,,,N1,N1,A2600035,53,,,,,,,,,,,16,,,,,,,,,,,,,,,,,,,,,,,,,,,,,,,,,,,,,,,,,,,,,
2026-10-01 02:30:00,전남광주통합특별시,A2600021,의료법인우범의료재단장흥종합병원,20261001022358,061-862-8300,,,,,,,1,,,,,,Y,,Y,N1,N1,Y,8,N1,45,N1,,N1,Y,,2,N1,9,,,1,,,,,2,,,1,1,,1,,,,,,,,182,,,Y,N1,A2600021,54,,,,,,,,,,,,,,,,,,,,,,,,,,,,,,,,,,,,,,,,,,,,,,,,,,,,,,,,
2026-10-01 02:30:00,전남광주통합특별시,A2600037,장흥우리병원,20261001022520,061-862-6262,,,,,,,1,,,,,,Y,,Y,N1,N1,Y,4,N1,73,N1,2,N1,Y,,2,N1,4,,,1,,,5,,2,,,1,1,,1,,,,,,,,140,,,Y,N1,A2600037,55,,,,,,,,,,,,,,,,,,,,,,,,,,,,,,,,,,,,,,,,,,,,,,,,,,,,,,,,
2026-10-01 02:30:00,전남광주통합특별시,A2602088,의료법인남우의료재단 진도전남병원,20261001022308,061544-7933,,,,,,,1,,,,,,,,Y,N1,N1,N1,5,N1,48,N1,,N1,N1,,,N1,5,,,1,,,,,,,,,,,1,,,,,,,,100,,,Y,N1,A2602088,56,,,,,,,,,,,,,,,,,,,,,,,,,,,,,,,,,,,,,,,,,,,,,,,,,,,,,,,,
2026-10-01 02:30:00,전남광주통합특별시,A2600040,진도한국병원,20261001022410,061-544-2051,,,,,,,1,,,,,,,,Y,N1,N1,N1,4,N1,24,N1,,N1,N1,,,N1,4,,,1,,,,,,,,,,,,,,,,,,,40,,,N1,N1,A2600040,57,,,,,,,,,,,,,,,,,,,,,,,,,,,,,,,,,,,,,,,,,,,,,,,,,,,,,,,,
2026-10-01 02:30:00,전남광주통합특별시,A2600077,해남우리종합병원,20261001022521,061530-7000,,,,5,,,4,,,,,,Y,,Y,N1,N1,Y,14,N1,98,N1,3,N1,Y,,2,N1,15,,,4,,,23,,2,,,2,1,,9,,,,,,,,338,,24,Y,N1,A2600077,58,,,,2,,,,,,2,,,,,,,,,,,,,,,,,,,,,,,,,,,,,,,,,,,,,,,,,,,,,,
2026-10-01 02:30:00,전남광주통합특별시,A2600009,의료법인행촌의료재단해남종합병원,20261001022506,061-536-4116,,,,18,,,1,,,,Y,,Y,,Y,N1,N1,Y,10,N1,142,N1,4,N1,Y,,3,N1,10,,,1,,,18,,3,,1,1,1,,1,,,,,,,,351,,18,Y,N1,A2600009,59,,,,,,,,,,,,,,,,,,,,,,,,,,,,,,,,,,,,,,,,,,,,,,,,,,,,,,,,
2026-10-01 02:30:00,강원특별자치도,A2200008,강릉아산병원,20261001022515,033-610-3114,Y,Y,0,,3,2,3,1,8,,Y,,Y,Y,Y,Y,Y,Y,13,Y,27,Y,,Y,Y,1,15,Y,23,3,2,3,18,13,,38,15,,2,4,3,4,33,8,12,8,5,1,,2,604,1,,Y,Y,A2200008,1,,0,0,,,,14,16,,,,,,0,,6,,,,,,,,,,,,,,,,,,,,,,,,,,,,,,,,,,,,,,,,
2026-10-01 02:30:00,강원특별자치도,A2200001,연세대학교원주세브란스기독병원,20261001022002,033-741-0114,Y,Y,0,,3,2,3,2,5,,Y,,Y,Y,Y,Y,Y,Y,19,Y,30,Y,,Y,Y,-1,15,Y,29,3,2,3,20,19,,30,15,,2,5,4,7,100,12,25,16,7,13,,4,584,2,,Y,Y,A2200001,2,1,5,3,,4,4,15,12,20,,24,4,24,,36,,,,3,15,,,,,,,,,,,,,,,,,,,,,,,,,2,6,2,6,4,2,40,2,,,,
2026-10-01 02:30:00,강원특별자치도,A2200013,한림대학교춘천성심병원,20261001022107,033-240-5000,Y,Y,,,3,,,3,22,2,Y,Y,Y,Y,Y,Y,Y,Y,16,Y,63,Y,6,Y,Y,,9,Y,22,3,,,20,,20,45,9,2,1,2,2,3,33,1,4,6,2,1,1,1,266,,,Y,Y,A2200013,3,2,,,0,,,,,,2,,2,3,0,3,2,,,,,,,,,,,,,0,,,,8,,,,,,,,,,,,,,,,,,,,,,,
2026-10-01 02:30:00,강원특별자치도,A2200005,의료법인강릉동인병원,20261001022453,033-650-6113,,,,,,1,2,0,2,,,,Y,Y,Y,Y,Y,Y,16,N1,92,N1,0,N1,Y,,5,N1,17,,1,2,2,,10,4,5,,,2,1,1,14,,,1,,,,,244,,,Y,N1,A2200005,4,,0,,2,4,,12,,,2,101,,,,,,,,,,,,,,,,,,,,,,,,,,,,,,,,,,,,,,,,,,,,,
2026-10-01 02:30:00,강원특별자치도,A2200007,강원특별자치도삼척의료원,20261001022502,033-572-1141,,Y,,,1,2,1,1,3,8,Y,,Y,,Y,N1,Y,Y,16,N1,57,N1,0,Y,Y,,4,N1,16,1,2,1,2,,6,3,4,10,1,1,1,,3,,3,1,,,,,189,,,Y,N1,A2200007,5,,,,0,,,,,,2,,,,,,,,,,,,,,,,,,,,,,,,,,,,,,,,,,,,,,,,,,,,,,
2026-10-01 02:30:00,강원특별자치도,A2200012,강원특별자치도속초의료원,20261001022501,033-630-6000,Y,Y,,,,2,1,,,,Y,,Y,,Y,N1,N1,Y,17,N1,61,N1,3,Y,Y,,3,N1,17,,2,1,,,8,,3,,2,1,1,,7,1,1,,,,,,154,,,Y,Y,A2200012,6,,,,,,,,,,,,,,,,,,,,,,,,,,,,,,,,,,,,,,,,,,,,,,,,,,,,,,,,
2026-10-01 02:30:00,강원특별자치도,A2200009,강원대학교병원,20261001022500,033-258-2000,Y,Y,-1,,3,2,3,1,,6,Y,,Y,Y,Y,Y,Y,Y,18,Y,213,Y,,Y,Y,10,11,N1,21,3,2,3,5,15,,,11,14,3,4,2,4,43,13,24,12,3,10,,,508,0,,Y,Y,A2200009,7,,2,,0,5,,10,,,2,16,,,,,,3,8,1,8,,,,,,2,,,,,8,,,,,,,,,,,,,,,,,,,,,,,,,
2026-10-01 02:30:00,강원특별자치도,A2200011,강원특별자치도강릉의료원,20261001022501,033-610-1200,,,,20,,,1,,,5,,,Y,,Y,N1,N1,Y,3,N1,36,N1,0,N1,Y,,2,N1,5,,,1,,,8,,2,5,,1,1,,4,,,,,,,,122,,20,Y,N1,A2200011,8,,,,,,,,,,,,,,,,,,,,,,,,,,,,,,,,,,,,,,,,,,,,,,,,,,,,,,,,
2026-10-01 02:30:00,강원특별자치도,A2200003,의료법인동해동인병원,20261001022458,033-530-0114,,,,,,,1,,,,,,Y,,Y,N1,N1,Y,8,N1,27,N1,9,N1,Y,,2,N1,10,,,1,,,19,,2,,,1,1,,7,,,,,,,,178,,,Y,N1,A2200003,9,,,,1,56,,,,,1,110,,,,,,,,,,,,,,,,,,,,,,,,,,,,,,,,,,,,,,,,,,,,,
2026-10-01 02:30:00,강원특별자치도,A2200046,의료법인온세움의료재단온재병원,20261001022529,033-639-8633,,,,,,,1,,,,,,Y,,Y,N1,N1,Y,7,N1,69,N1,0,N1,Y,,4,N1,9,,,1,,,15,,4,,,1,1,,5,,,,,,,,219,,,Y,N1,A2200046,10,,,,,24,,,,,,59,,,,,,,,,,,,,,,,,,,,,,,,,,,,,,,,,,,,,,,,,,,,,
2026-10-01 02:30:00,강원특별자치도,A2200037,의료법인성심의료재단양구성심병원,20261001022500,033-480-8803,,Y,,,,1,,,,,Y,,Y,,Y,N1,N1,Y,4,N1,32,N1,,Y,N1,,,N1,5,,1,,,,,,,,1,1,,,1,,1,,,,,,52,,,Y,N1,A2200037,11,,,,,,,,,,,,,,,,,,,,,,,,,,,,,,,,,,,,,,,,,,,,,,,,,,,,,,,,
2026-10-01 02:30:00,강원특별자치도,A2200002,강원특별자치도영월의료원,20261001022001,033-370-9101,,Y,,,,,,,,0,Y,,Y,,Y,N1,N1,Y,9,N1,39,N1,4,Y,Y,,2,N1,9,,,,,,10,,2,2,1,1,1,,7,,3,,,,,,174,,,Y,N1,A2200002,12,,,,1,,,,,,2,,,,,,,,,,,,,,,,,,,,,,,,,,,,,,,,,1,1,,,,,,,,,,,,
2026-10-01 02:30:00,강원특별자치도,A2200015,강원특별자치도원주의료원,20261001022502,033-760-4500,,,,,,1,2,,,,,,Y,,Y,N1,N1,Y,12,N1,77,N1,7,N1,Y,,3,N1,17,,1,2,,,20,,3,,,2,1,,7,,,,,,,,259,,,Y,N1,A2200015,13,,,,,,,,,,,,,,,,,,,,,,,,,,,,,,,,,,,,,,,,,,,,,,,,,,,,,,,,
2026-10-01 02:30:00,강원특별자치도,A2200024,의료법인성지의료재단성지병원,20261001021942,033-760-3101,,,,13,,,1,,,,,,Y,,Y,N1,N1,Y,5,N1,-83,N1,9,N1,Y,,4,N1,7,,,1,,,9,,4,,,1,2,,4,,,,,,,,135,,13,Y,N1,A2200024,14,,,,,,,,,,,,,,,,,,,,,,,,,,,,,,,,,,,,,,,,,,,,,,,,,,,,,,,,
2026-10-01 02:30:00,강원특별자치도,A2200048,근로복지공단정선병원,20261001022100,033-560-7100,,,,,,,1,,,,,,Y,,Y,N1,N1,Y,5,N1,39,N1,,N1,N1,,,N1,5,,,1,,,,,,,,1,,,3,,,,,,,,149,,,Y,N1,A2200048,15,,,,,,,,,,,,,,,,,,,,,,,,,,,,,,,,,,,,,,,,,,,,,,,,,,,,,,,,
2026-10-01 02:30:00,강원특별자치도,A2201730,철원병원,20261001022001,033-452-5011,N,Y,,,,1,,,,,Y,N,Y,N,Y,N,N,Y,3,N,30,N,,Y,Y,,2,N,5,,1,,,,,,2,,1,1,1,0,1,0,1,0,0,0,0,0,68,,,Y,N,A2201730,16,,,,,,,,,,,,,,,,,,,,,,,,,,,,,,,,,,,,,,,,,,,,,,,,,,,,,,,,
2026-10-01 02:30:00,강원특별자치도,A2200004,근로복지공단태백병원,20261001022400,033-580-3114,,,,,,1,,,,,Y,,Y,,Y,N1,N1,Y,9,N1,88,N1,1,N1,Y,,2,N1,9,,1,,,,9,,2,,1,1,1,,8,,,,,,,,223,,,Y,N1,A2200004,17,,,,1,,,,,,1,,,,,,,,,,,,,,,,,,,,,,,,,,,,,,,,,,,,,,,,,,,,,,
2026-10-01 02:30:00,강원특별자치도,E2200026,평창군보건의료원,20261001022501,033-332-4000,,,,,,,1,,,,,,Y,,Y,N1,N1,Y,6,N1,20,N1,,N1,N1,,,N1,6,,,1,,,,,,,,1,,,1,,,,,,,,20,,,Y,N1,E2200026,18,,,,,,,,,,,,,,,,,,,,,,,,,,,,,,,,,,,,,,,,,,,,,,,,,,,,,,,,
2026-10-01 02:30:00,강원특별자치도,A2200014,홍천아산병원,20261001022000,033-430-5211,,,,,,,,,,,,,Y,,Y,N1,N1,Y,10,N1,3,N1,0,N1,Y,,2,N1,10,,,,,,7,,2,,,1,1,,4,,,,,,,,128,,,Y,N1,A2200014,19,,,,,,,,,,,,,,,,,,,,,,,,,,,,,,,,,,,,,,,,,,,,,,,,,,,,,,,,
2026-10-01 02:30:00,강원특별자치도,E2200025,화천군보건의료원,20261001022501,033-441-4000,,,,,,,1,,,,,,,,Y,N1,N1,N1,7,N1,15,N1,,N1,N1,,,N1,7,,,1,,,,,,,,,,,1,,,,,,,,16,,,Y,N1,E2200025,20,,,,,,,,,,,,,,,,,,,,,,,,,,,,,,,,,,,,,,,,,,,,,,,,,,,,,,,,
2026-10-01 02:30:00,강원특별자치도,A2200016,횡성대성병원,20261001022445,033-343-0901,,,,,,,1,,,,,,Y,,Y,N1,N1,Y,9,N1,32,N1,,N1,Y,,1,N1,9,,,1,,,,,1,,,1,1,,1,,,,,,,,114,,,Y,N1,A2200016,21,,,,,,,,,,,,,,,,,,,,,,,,,,,,,,,,,,,,,,,,,,,,,,,,,,,,,,,,
2026-10-01 02:30:00,충청북도,A2300001,충북대학교병원,20261001022500,043-269-6114,Y,Y,,,7,,,3,21,10,Y,,Y,Y,Y,Y,Y,Y,22,Y,201,Y,5,Y,Y,9,16,N1,30,8,,,18,25,17,40,16,13,2,4,4,6,98,13,31,18,10,17,,,558,,,Y,Y,A2300001,1,2,0,,5,10,14,8,,20,5,21,2,3,2,3,2,,,,,,,,,,,,,2,,,,4,,,,,,,,,,,,1,6,2,6,4,2,40,2,,,,
2026-10-01 02:30:00,충청북도,A2300009,의료법인명지의료재단명지병원,20261001022505,043-640-8114,,,,,3,2,4,2,,,,,Y,Y,Y,Y,Y,Y,16,Y,55,N1,11,N1,Y,,3,N1,18,3,2,4,2,,15,,3,,,2,1,1,10,,,2,1,,,,201,,,Y,N1,A2300009,2,,,,3,,,,,,3,,,,,,,,,,,,,,,,,,,,,,,,,,,,,,,,,,,,,,,,,,,,,,
2026-10-01 02:30:00,충청북도,A2300005,의료법인자산의료재단제천서울병원,20261001022245,043-642-7606,,,,,,1,4,0,2,,,,Y,,Y,N1,Y,Y,12,N1,50,N1,1,N1,Y,,3,Y,15,,1,4,2,,11,3,3,,,1,1,,10,,,1,,,,1,202,,,Y,N1,A2300005,3,,,,,,,,,,,,,,,,,,,,,,,,,,,,,,,,,,,,,,,,,,,,,,,,,,,,,,,,
2026-10-01 02:30:00,충청북도,A2300013,의료법인 건명의료재단 중앙제일병원,20261001022337,043-533-1711,,,,,,3,,,,31,,,Y,,Y,N1,Y,Y,15,N1,52,N1,3,N1,Y,,5,N1,17,,3,,,,12,,5,31,,2,2,,6,,,1,,,,,192,,,Y,N1,A2300013,4,,,,0,,,,,,6,,,,,,,,,,,,,,,,,,,,,,,,,,,,,,,,,,,,,,,,,,,,,,
2026-10-01 02:30:00,충청북도,A2300007,의료법인인화재단한국병원,20261001022302,043-222-7000,,Y,,,,1,1,0,0,1,Y,,Y,Y,Y,Y,Y,Y,11,N1,52,N1,0,Y,Y,,8,N1,14,,1,2,2,,22,4,8,1,1,3,3,2,18,,1,3,,,,,399,,,Y,N1,A2300007,5,,,,0,,,,,,1,,,,,,,,,,,,,,,,,,,,,,,,,,,,,,,,,3,3,,,,,,,,,,,,
2026-10-01 02:30:00,충청북도,A2300003,의료법인정산의료재단효성병원,20261001022104,043-221-5000,,N,,,,1,4,0,0,,Y,,Y,Y,Y,Y,Y,Y,17,N1,67,N1,1,N,Y,,4,Y,18,,1,4,2,,27,3,4,,1,3,4,2,19,,1,2,,,,1,363,,,Y,N1,A2300003,6,,,,1,,,,,,2,,,,,,,,,,,,,,,,,,,,,,,,,,,,,,,,,,,,,,,,,,,,,,
2026-10-01 02:30:00,충청북도,A2300008,청주성모병원,20261001022510,043-219-8000,,Y,,,,2,4,2,4,3,Y,,Y,Y,Y,Y,Y,Y,6,N1,109,N1,,Y,Y,,8,N1,15,,2,5,2,,,4,8,30,1,3,2,2,19,,2,2,,,,,358,,,Y,N1,A2300008,7,,2,5,0,,,13,12,,1,,,,,,,,,,,,,,,,,,,,,,,,,,,,,,,,,,,,,,,,,,,,,,
2026-10-01 02:30:00,충청북도,A2300002,의료법인한마음의료재단하나병원,20261001022036,043-230-6114,,,,,,1,1,0,1,,,,Y,Y,Y,Y,Y,Y,10,N1,122,N1,-1,N1,Y,,7,Y,11,,1,2,2,,22,3,7,,,3,3,2,20,,,4,,,,1,460,,,Y,N1,A2300002,8,,,,1,,,,,,2,,,,,,,,,,,,,,,,,,,,,,,,,,,,,,,,,9,9,,,,,,,,,,,,
2026-10-01 02:30:00,충청북도,A2300010,건국대학교충주병원,20261001022501,043-840-8593,Y,Y,,,,1,2,,,1,Y,,Y,Y,Y,Y,Y,Y,18,Y,77,N1,6,Y,Y,,5,N1,20,,1,2,,,18,,5,1,1,2,1,2,11,1,4,3,1,,,,194,,,Y,Y,A2300010,9,,,,,,,,,,,,,,,,,,,,,,,,,,,,,,,,,,,,,,,,,,,,,,,,,,,,,,,,
2026-10-01 02:30:00,충청북도,A2300034,의료법인대광의료재단괴산성모병원,20261001022515,043-830-5400,,,,,,,0,,,,,,Y,,Y,N1,N1,Y,9,N1,14,N1,,N1,Y,,1,N1,9,,,1,,,,,1,,,1,1,,3,,,,,,,,153,,,Y,N1,A2300034,10,,,,,,,,,,,,,,,,,,,,,,,,,,,,,,,,,,,,,,,,,,,,,,,,,,,,,,,,
2026-10-01 02:30:00,충청북도,E2300011,단양군보건의료원,20261001022501,043-420-3203,,,,,,1,,,,2,,,Y,,Y,N1,N1,Y,6,N1,14,N1,,N1,N1,,,N1,6,,1,,,,,,,2,,1,,,1,,,,,,,,14,,,Y,N1,E2300011,11,,,,,,,,,,,,,,,,,,,,,,,,,,,,,,,,,,,,,,,,,,,,,,,,,,,,,,,,
2026-10-01 02:30:00,충청북도,A2300030,의료법인조윤의료재단영동병원,20261001022007,043-740-9000,,Y,,,,,,,,,Y,,Y,,Y,N1,N1,Y,9,N1,19,N1,,Y,Y,,2,N1,10,,,,,,,,2,,1,1,1,,3,,1,,,,,,161,,,Y,N1,A2300030,12,,,,,,,,,,,,,,,,,,,,,,,,,,,,,,,,,,,,,,,,,,,,,,,,,,,,,,,,
2026-10-01 02:30:00,충청북도,A2300011,의료법인힐링의료재단옥천성모병원,20261001022211,043-730-7000,,,,,,2,1,,,,,,Y,,Y,N1,N1,Y,7,N1,34,N1,0,N1,Y,,2,N1,7,,2,1,,,7,,2,,,1,1,,4,,,,,,,,157,,,Y,N1,A2300011,13,,,,,,,,,,,,,,,,,,,,,,,,,,,,,,,,,,,,,,,,,,,,,,,,,,,,,,,,
2026-10-01 02:30:00,충청북도,A2300006,충청북도청주의료원,20261001022501,043-279-2300,,Y,,,,1,,,,6,Y,,Y,Y,Y,Y,Y,Y,11,N1,153,N1,17,Y,Y,,5,N1,12,,1,,,,21,,5,6,1,1,1,1,11,,1,1,,,,,359,,,Y,N1,A2300006,14,,,,3,90,,,,,3,90,,,,,,,,,,,,,,,,,,,,,,,,,,,,,,,,3,3,,,,,,,,,,,,
2026-10-01 02:30:00,충청북도,A2300004,충청북도충주의료원,20261001022502,043-871-0114,,,,,,1,2,,,,,,Y,Y,Y,Y,Y,Y,17,N1,112,N1,1,N1,Y,,4,N1,18,,1,2,,,11,,4,,,1,1,1,8,,,1,,,,,282,,,Y,N1,A2300004,15,,,,1,,,,,,1,,,,,,,,,,,,,,,,,,,,,,,,,,,,,,,,,,,,,,,,,,,,,,
2026-10-01 02:30:00,충청남도,A2400002,단국대학교의과대학부속병원,20261001022500,041-550-7114,Y,Y,,,4,,1,7,0,0,Y,,Y,Y,Y,Y,Y,Y,18,Y,35,Y,,Y,Y,0,13,Y,25,4,,1,18,25,,30,13,8,3,4,3,6,65,14,29,15,7,17,,1,640,,,Y,Y,A2400002,1,2,,2,1,8,2,,13,20,1,20,2,2,0,2,2,,,6,13,,,,,,,,,,,,,,,,,,,,,,,,,1,6,2,6,2,2,40,2,,2,,7
2026-10-01 02:30:00,충청남도,A2400001,학교법인동은학원순천향대학교부속천안병원,20261001022103,041-570-2114,Y,Y,1,,13,4,3,8,7,4,Y,Y,Y,Y,Y,Y,Y,Y,16,Y,92,Y,,Y,Y,1,21,Y,22,14,4,3,17,38,,30,21,14,11,6,4,6,60,20,57,6,6,10,1,1,765,1,,Y,Y,A2400001,2,,9,5,5,,,18,15,,6,,,,,,,,,,,1,3,,,,,2,2,,,,2,,,6,1,3,,,,,,,,,,,,,,,,,,,
2026-10-01 02:30:00,충청남도,A2400009,의료법인백제병원,20261001022241,041-733-2191,,,,,,1,2,,,,,,Y,Y,Y,Y,Y,Y,18,N1,30,N1,-2,N1,Y,,4,N1,20,,1,2,,,26,,4,,,2,2,1,11,,,3,,,,,398,,,Y,N1,A2400009,3,,,,,20,,,,,,49,,,,,,,,,,,,,,,,,,,,,,,,,,,,,,,,,,,,,,,,,,,,,
2026-10-01 02:30:00,충청남도,A2400008,당진종합병원,20261001022508,041-357-0100,,,,,,1,2,,,,,,Y,Y,Y,Y,Y,Y,14,N1,90,N1,2,N1,Y,,4,N1,17,,1,2,,,13,,4,,,2,2,1,5,,,1,,,,,246,,,Y,N1,A2400008,4,,,,,,,,,,,,,,,,,,,,,,,,,,,,,,,,,,,,,,,,,,,,,,,,,,,,,,,,
2026-10-01 02:30:00,충청남도,A2400011,재단법인아산사회복지재단보령아산병원,20261001022500,041-930-5114,,,,,,1,2,,,,,,Y,,Y,N1,N1,Y,12,N1,28,N1,1,N1,Y,,2,N1,17,,1,2,,,8,,2,,,1,1,,4,,,,,,,,221,,,Y,N1,A2400011,5,,,,,,,,,,,,,,,,,,,,,,,,,,,,,,,,,,,,,,,,,,,,,,,,,,,,,,,,
2026-10-01 02:30:00,충청남도,A2400003,서산중앙병원,20261001022506,041-661-1000,,,,,,1,2,,,,,,Y,,Y,N1,Y,Y,17,N1,61,N1,11,N1,Y,,4,N1,17,,1,2,,,19,,4,,,1,1,,7,,,1,,,,,288,,,Y,N1,A2400003,6,,,,,,,,,,,,,,,,,,,,,,,,,,,,,,,,,,,,,,,,,,,,,,,,,,,,,,,,
2026-10-01 02:30:00,충청남도,A2400006,충청남도서산의료원,20261001022101,041-689-7000,,,,,,1,2,0,2,5,,,Y,,Y,N1,N1,Y,13,N1,42,N1,0,N1,Y,,3,N1,17,,1,2,2,,8,4,3,5,,2,1,,10,,,,,,,,259,,,Y,N1,A2400006,7,,,,,,,,,,,,,,,,,,,,,,,,,,,,,,,,,,,,,,,,,,,,,,,,,,,,,,,,
2026-10-01 02:30:00,충청남도,A2402257,아산충무병원,20261001022352,041-536-6666,,,,,,,,0,2,,Y,,Y,Y,Y,Y,Y,Y,13,Y,205,Y,1,N1,Y,,4,N1,13,,,,2,,22,3,4,,1,2,2,3,27,,,4,2,1,,,453,,,Y,N1,A2402257,8,1,,,2,,,,,,2,,1,7,,7,,,,,,,,,,,,,,,,,,,,,,,,,,,,,,,,,,,,,,,5,,5
2026-10-01 02:30:00,충청남도,A2400012,의료법인영서의료재단천안충무병원,20261001022110,041-570-7555,,,,,,1,4,0,0,,,,Y,Y,Y,Y,Y,Y,13,Y,21,N1,0,N1,Y,,5,N1,16,,1,4,2,,17,4,5,,,2,2,3,26,,,3,3,,,,329,,,Y,N1,A2400012,9,,,,0,,,,,,3,,,,,,,,,-1,7,,,,,,,,,,,,,,,,,,,,,,,,,,,,,,,,,,,,
2026-10-01 02:30:00,충청남도,A2400007,충청남도홍성의료원,20261001022402,041-630-6251,,,,,1,1,2,2,3,0,Y,,Y,N,Y,N,Y,Y,18,N1,94,N1,0,N1,Y,,4,N,18,1,1,2,2,,22,3,4,1,1,2,2,1,10,,,1,,,,2,260,,,Y,N1,A2400007,10,,,,0,5,,,,,1,49,,,,,,,,,,,,,,,,,,,,,,,,,,,,,,,,,,,,,,,,,,,,,
2026-10-01 02:30:00,충청남도,A2400010,충청남도공주의료원,20261001022402,041-962-1111,,,,,,,1,,,3,,,Y,,Y,N1,Y,Y,15,N1,82,N1,2,N1,Y,,6,N1,15,,,1,,,16,,6,6,,1,1,,9,,,2,,,,,273,,,Y,N1,A2400010,11,,,,,,,,,,,,,,,,,,,,,,,,,,,,,,,,,,,,,,,,,,,,,,,,,,,,,,,,
2026-10-01 02:30:00,충청남도,A2400038,학교법인건양교육재단건양대학교부여병원,20261001022416,041-837-1200,,,,,,,1,,,,,,Y,,Y,N1,N1,Y,9,N1,24,N1,,N1,N1,,1,N1,9,,,1,,,,,1,,,1,,,1,,,,,,,,55,,,Y,N1,A2400038,12,,,,,,,,,,,,,,,,,,,,,,,,,,,,,,,,,,,,,,,,,,,,,,,,,,,,,,,,
2026-10-01 02:30:00,충청남도,A2400044,의료법인서해의료재단서해병원,20261001022125,041-951-8282,,,,,,,2,,,,,,Y,,Y,N1,N1,Y,5,N1,21,N1,,N1,N1,,,N1,5,,,2,,,,,,,,1,,,1,,,,,,,,79,,,Y,N1,A2400044,13,,,,,,,,,,,,,,,,,,,,,,,,,,,,,,,,,,,,,,,,,,,,,,,,,,,,,,,,
2026-10-01 02:30:00,충청남도,A2400039,현대병원,20261001022002,041-546-3636,N,N,,,,,1,,,,N,N,Y,N,Y,N,N,Y,9,N,13,N,0,N,Y,,3,N,9,,,1,,,7,,3,,0,1,1,0,3,0,0,0,0,0,0,0,84,,,Y,N,A2400039,14,,,,,,,,,,,,,,,,,,,0,0,,,,,,,,,,,,,,,,,,,,,,,,,,,,,,,,,,,,
2026-10-01 02:30:00,충청남도,A2400004,의료법인 예당의료재단 예산종합병원,20261001022437,041-330-4000,,,,,,,1,,,,,,Y,,Y,N1,N1,Y,5,N1,12,N1,4,N1,Y,,0,N1,6,,,1,,,9,,0,,,0,0,,0,,,,,,,,88,,,Y,N1,A2400004,15,,,,,,,,,,,,,,,,,,,,,,,,,,,,,,,,,,,,,,,,,,,,,,,,,,,,,,,,
2026-10-01 02:30:00,충청남도,A2400005,충청남도천안의료원,20261001022501,041-570-7200,,,,6,,1,,,,,,,Y,,Y,N1,N1,Y,12,N1,77,N1,4,N1,Y,,4,N1,12,,1,,,,15,,4,,,1,1,,10,,,,,,,,241,,6,Y,N1,A2400005,16,,,,,,,,,,,,,,,,,,,,,,,,,,,,,,,,,,,,,,,,,,,,,,,,,,,,,,,,
2026-10-01 02:30:00,충청남도,E2400032,청양군보건의료원,20261001022500,041-940-4531,,,,,,,1,,,,,,Y,,Y,N1,N1,Y,6,N1,12,N1,,N1,N1,,1,N1,6,,,1,,,,,1,,,1,,,1,,,,,,,,12,,,Y,N1,E2400032,17,,,,,,,,,,,,,,,,,,,,,,,,,,,,,,,,,,,,,,,,,,,,,,,,,,,,,,,,
2026-10-01 02:30:00,충청남도,E2400033,태안군보건의료원,20261001022501,041-671-5300,,,,,,,1,,,,,,Y,,Y,N1,N1,Y,10,N1,23,N1,,N1,N1,,,N1,10,,,1,,,,,,,,1,,,1,,,,,,,,34,,,Y,N1,E2400033,18,,,,,,,,,,,,,,,,,,,,,,,,,,,,,,,,,,,,,,,,,,,,,,,,,,,,,,,,
2026-10-01 02:30:00,전북특별자치도,A2500001,원광대학교병원,20261001022515,063-859-1114,Y,Y,,,3,,,3,5,0,Y,,Y,Y,Y,Y,Y,Y,8,Y,23,Y,5,Y,Y,7,15,Y,26,3,,,18,15,15,31,15,2,1,5,4,5,11,12,20,8,4,1,,2,543,,,Y,Y,A2500001,1,2,2,6,4,1,1,8,15,20,7,30,2,1,1,3,2,2,8,,,,,,,,,,,,,,,,,,,,,,,,,,,2,6,2,6,11,2,40,2,,,,
2026-10-01 02:30:00,전북특별자치도,A2500002,전북대학교병원,20261001022436,063-250-1114,Y,Y,2,,5,,,5,2,15,Y,,Y,Y,Y,Y,Y,Y,11,Y,198,Y,,Y,Y,18,21,N1,36,5,,,17,25,,30,21,15,3,1,2,5,11,15,22,4,2,1,,,836,2,,Y,Y,A2500002,2,2,4,4,2,7,,10,8,,2,23,2,4,0,5,1,6,15,6,18,,,,,,7,,,,,10,,,,,,,,,,,,,,,,,,,,,,,,,
2026-10-01 02:30:00,전북특별자치도,A2500007,전북특별자치도군산의료원,20261001022502,063-472-5000,,Y,,,,1,2,0,2,,Y,,Y,,Y,N1,N1,Y,10,N1,96,N1,10,Y,Y,,6,N1,17,,1,2,2,,18,3,6,,1,1,1,,18,,2,,,,,,285,,,Y,N1,A2500007,3,,,,1,,,,,,2,,,,,,,,,,,,,,,,,,,,,,,,,,,,,,,,,,,,,,,,,,,,,,
2026-10-01 02:30:00,전북특별자치도,A2500012,의료법인오성의료재단동군산병원,20261001022353,063-440-0570,,,,0,,1,3,2,0,,,,Y,Y,Y,Y,Y,Y,17,N1,29,N1,4,N1,Y,,6,N1,17,,1,5,2,,24,3,6,,,2,2,2,13,,,2,,,,,262,,0,Y,N1,A2500012,4,,,,,,,,,,,,,,,,,,,,,,,,,,,,,,,,,,,,,,,,,,,,,,,,,,,,,,,,
2026-10-01 02:30:00,전북특별자치도,A2500004,전북특별자치도남원의료원,20261001022502,063-620-1114,,Y,,,,1,1,1,3,,Y,,Y,,Y,N1,N1,Y,16,N1,53,N1,1,Y,Y,,3,N1,17,,1,2,2,,7,3,3,,3,2,1,,10,,1,,,,,,187,,,Y,N1,A2500004,5,,,,1,,,,,,1,,,,,,,,,,,,,,,,,,,,,,,,,,,,,,,,,,,,,,,,,,,,,,
2026-10-01 02:30:00,전북특별자치도,A2500011,의료법인대산의료재단익산병원,20261001022506,063-840-9114,,,,,,1,2,,,,,,Y,Y,Y,Y,Y,Y,12,N1,37,N1,5,N1,Y,,5,N1,17,,1,2,,,17,,5,,,2,2,1,7,,,1,,,,,333,,,Y,N1,A2500011,6,,,,0,,,,,,1,,,,,,,,,,,,,,,,,,,,,,,,,,,,,,,,,,,,,,,,,,,,,,
2026-10-01 02:30:00,전북특별자치도,A2500056,대자인병원,20261001022408,063-240-2000,,,,,,2,3,,,,,Y,Y,Y,Y,Y,Y,Y,19,Y,33,Y,2,N1,Y,,15,Y,25,,2,3,,,15,,15,,,4,3,2,12,,,4,2,1,1,1,45,,,Y,N1,A2500056,7,,,4,0,,,,36,,4,,,,,,,,,,,,,,,,,,,,,,,,,,,,,,,,,,,,,,,,,,,,,,
2026-10-01 02:30:00,전북특별자치도,A2500006,재단법인예수병원유지재단예수병원,20261001022412,063-230-8114,Y,Y,,,6,1,2,,,0,Y,,Y,Y,Y,Y,Y,Y,30,Y,85,N1,-1,Y,Y,2,14,Y,38,10,1,2,,12,23,,14,5,4,4,3,4,40,6,11,7,2,,,2,685,,,Y,Y,A2500006,8,,,,4,,,,,,4,,,,,,,,,2,14,1,1,,,,,2,3,,,,2,,,6,1,1,,,,,,,,,,,,,,,,,,,
2026-10-01 02:30:00,전북특별자치도,A2500005,의료법인영경의료재단전주병원,20261001022455,063-220-7200,,,,,,1,2,,,,,,Y,,Y,N1,Y,Y,9,N1,-2,N1,0,N1,Y,,5,N1,17,,1,2,,,9,,5,,,1,2,,6,,,1,,,,,275,,,Y,N1,A2500005,9,,,,,,,,,,,,,,,,,,,,,,,,,,,,,,,,,,,,,,,,,,,,,,,,,,,,,,,,
2026-10-01 02:30:00,전북특별자치도,A2500008,재단법인 아산사회복지재단 정읍아산병원,20261001022000,063-530-6000,,,,,,1,2,,,,,,Y,,Y,N1,N1,Y,15,N1,41,N1,0,N1,Y,,3,N1,17,,1,2,,,10,,3,,,1,1,,5,,,,,,,,276,,,Y,N1,A2500008,10,,,,,,,,,,,,,,,,,,,,,,,,,,,,,,,,,,,,,,,,,,,,,,,,,,,,,,,,
2026-10-01 02:30:00,전북특별자치도,A2500009,의료법인석천재단고창병원,20261001022532,063-560-5600,,,,,,,1,,,,,,Y,,Y,N1,N1,Y,10,N1,0,N1,,N1,Y,,2,N1,10,,,1,,,,,2,,,1,1,,4,,,,,,,,258,,,Y,N1,A2500009,11,,,,,,,,,,,,,,,,,,,,,,,,,,,,,,,,,,,,,,,,,,,,,,,,,,,,,,,,
2026-10-01 02:30:00,전북특별자치도,A2500038,김제우석병원,20261001022505,063-540-5114,,,,,,,1,,,,,,Y,,Y,N1,N1,Y,10,N1,61,N1,,N1,Y,,2,N1,10,,,1,,,,,2,,,1,1,,1,,,,,,,,200,,,Y,N1,A2500038,12,,,,,,,,,,,,,,,,,,,,,,,,,,,,,,,,,,,,,,,,,,,,,,,,,,,,,,,,
2026-10-01 02:30:00,전북특별자치도,E2500019,무주군보건의료원,20261001022501,063-320-8314,,,,,,,1,,,,,,Y,,Y,N1,N1,Y,4,N1,24,N1,,N1,N1,,,N1,4,,,1,,,,,,,,1,,,1,,,,,,,,24,,,Y,N1,E2500019,13,,,,,,,,,,,,,,,,,,,,,,,,,,,,,,,,,,,,,,,,,,,,,,,,,,,,,,,,
2026-10-01 02:30:00,전북특별자치도,A2500010,부안성모병원,20261001022453,063-581-5100,,,,,,,2,,,,,,Y,,Y,N1,N1,Y,10,N1,37,N1,9,N1,Y,,3,N1,10,,,2,,,9,,3,,,1,1,,2,,,,,,,,240,,,Y,N1,A2500010,14,,,,,,,,,,,,,,,,,,,,,,,,,,,,,,,,,,,,,,,,,,,,,,,,,,,,,,,,
2026-10-01 02:30:00,전북특별자치도,E2500021,순창군보건의료원,20261001022501,063-650-5321,,,,,,,1,,,,,,Y,,Y,N1,N1,Y,9,N1,30,N1,,N1,N1,,,N1,9,,,1,,,,,,,,1,,,1,,,,,,,,30,,,Y,N1,E2500021,15,,,,,,,,,,,,,,,,,,,,,,,,,,,,,,,,,,,,,,,,,,,,,,,,,,,,,,,,
2026-10-01 02:30:00,전북특별자치도,E2500022,임실군보건의료원,20261001022501,063-640-3102,,,,,,,1,,,,,,Y,,Y,N1,N1,Y,4,N1,,N1,,N1,N1,,,N1,4,,,1,,,,,,,,1,,,1,,,,,,,,,,,Y,N1,E2500022,16,,,,,,,,,,,,,,,,,,,,,,,,,,,,,,,,,,,,,,,,,,,,,,,,,,,,,,,,
2026-10-01 02:30:00,전북특별자치도,E2500020,장수군보건의료원,20261001022501,063-351-8000,,,,,,,1,,,,,,,,Y,N1,N1,N1,5,N1,21,N1,,N1,N1,,,N1,5,,,1,,,,,,,,,,,1,,,,,,,,22,,,Y,N1,E2500020,17,,,,,,,,,,,,,,,,,,,,,,,,,,,,,,,,,,,,,,,,,,,,,,,,,,,,,,,,
2026-10-01 02:30:00,전북특별자치도,A2501890,의료법인영경의료재단호성전주병원,20261001022436,063-240-8800,,,,,,,1,,,,,,Y,,Y,N1,N1,Y,7,N1,10,N1,,N1,Y,,2,N1,9,,,1,,,,,2,,,1,1,,1,,,,,,,,122,,,Y,N1,A2501890,18,,,,,,,,,,,,,,,,,,,,,,,,,,,,,,,,,,,,,,,,,,,,,,,,,,,,,,,,
2026-10-01 02:30:00,전북특별자치도,A2502742,새강병원,20261001022407,063236-9000,,,0,,3,1,2,0,,0,,,Y,,Y,N1,N1,Y,13,N1,65,N1,16,N1,Y,,5,N1,14,3,1,2,0,,16,,5,0,,1,1,,1,,,,,,,,201,0,,Y,N1,A2502742,19,0,0,0,3,,,0,0,,3,,0,0,,0,,,,,,,0,,,,,,0,,,,,,,0,,0,,,,,,,,,,,,,0,,0,,,,
2026-10-01 02:30:00,전북특별자치도,A2502031,진안군의료원,20261001022502,063-430-7000,,,,,,,2,,,,,,Y,,Y,N1,N1,Y,5,N1,22,N1,,N1,Y,,2,N1,6,,,2,,,,,2,,,1,1,,3,,,,,,,,64,,,Y,N1,A2502031,20,,,,,,,,,,,,,,,,,,,,,,,,,,,,,,,,,,,,,,,,,,,,,,,,,,,,,,,,
2026-10-01 02:30:00,경상북도,A2700007,차의과학대학교부속구미차병원,20261001022505,054-450-9700,Y,Y,0,,5,3,3,5,5,,Y,Y,Y,Y,Y,Y,Y,Y,17,Y,42,Y,0,Y,Y,7,8,N1,20,5,3,3,25,8,18,30,8,,3,3,2,2,21,3,13,2,1,2,1,,301,3,,Y,Y,A2700007,1,,,,,,,,,,,,,,,,,,,,,,,,,,,,,,,,,,,,,,,,,,,,,,,,,,,,,,,,
2026-10-01 02:30:00,경상북도,A2700014,의료법인안동병원,20261001022400,054-840-1004,Y,Y,0,,2,,,1,10,4,Y,Y,Y,Y,Y,Y,Y,Y,5,Y,96,Y,1,Y,Y,10,11,Y,15,3,,,19,10,13,30,11,6,3,6,3,5,67,3,12,14,4,13,1,1,775,1,,Y,Y,A2700014,2,2,2,,0,0,3,20,,20,3,34,2,2,,3,,,,,,,,,,,,,,,,,,,,,,,,,,,,,,2,6,2,6,0,2,40,2,,,,
2026-10-01 02:30:00,경상북도,A2700016,포항성모병원,20261001022443,054-272-0151,Y,Y,,,11,,,6,5,1,Y,Y,Y,Y,Y,Y,Y,Y,17,Y,85,Y,6,Y,Y,,9,Y,20,11,,,15,,16,17,9,1,1,3,2,2,25,1,6,4,2,2,1,3,468,,,Y,Y,A2700016,3,2,,,1,,,,,,1,,2,3,0,3,5,,,,,,,,,,,,,,,,,,,,,,,,,10,13,,,,,,,,,,,,,,
2026-10-01 02:30:00,경상북도,A2700003,동국대학교의과대학경주병원,20261001022507,054-748-9300,Y,Y,,,3,2,5,,,2,Y,,Y,Y,Y,Y,Y,Y,13,N1,79,N1,0,Y,Y,,7,N1,16,3,2,5,,,7,,7,3,1,2,2,2,26,2,6,3,,,,,279,,,Y,Y,A2700003,4,,0,0,3,9,,11,17,,4,20,,,,,,,,,,,,,,,,,,,,,,,,,,,,,,,,,,,,,,,,,,,,,
2026-10-01 02:30:00,경상북도,A2700013,순천향대학교부속구미병원,20261001022120,054-468-9114,,Y,,,3,1,2,0,1,1,Y,,Y,Y,Y,Y,Y,Y,7,N1,37,N1,6,Y,Y,,6,N1,13,4,1,2,2,,31,3,6,1,1,2,2,2,20,,1,2,,,,,263,,,Y,N1,A2700013,5,,,,2,,,,,,2,,,,,,,,,,,,,,,,,,,,,,,,,,,,,,,,,,,,,,,,,,,,,,
2026-10-01 02:30:00,경상북도,A2700012,의료법인덕산의료재단김천제일병원,20261001022139,054-420-9300,,,,,,1,3,0,3,,Y,,Y,Y,Y,Y,Y,Y,16,N1,72,N1,7,N1,Y,,4,Y,16,,1,3,2,,16,3,4,,3,1,1,1,10,,,1,,,,1,276,,,Y,N1,A2700012,6,,,,,,,,,,,,,,,,,,,,,,,,,,,,,,,,,,,,,,,,,,,,,,,,,,,,,,,,
2026-10-01 02:30:00,경상북도,A2700006,의료법인동춘의료재단문경제일병원,20261001022500,054-550-7700,,,,,,1,0,2,1,4,,,Y,,Y,N1,N1,Y,17,N1,65,N1,19,N1,Y,,3,N1,17,,1,2,2,,29,3,3,4,,2,1,,8,,,,,,,,306,,,Y,N1,A2700006,7,,,,1,57,,,,,1,162,,,,,,,,,,,,,,,,,,,,,,,,,,,,,,,,,,,,,,,,,,,,,
2026-10-01 02:30:00,경상북도,A2700004,안동성소병원,20261001022516,054-850-8114,,Y,,,,1,2,0,2,1,Y,,Y,Y,Y,Y,Y,Y,10,N1,134,N1,7,Y,Y,,6,N1,12,,1,2,2,,16,3,6,2,1,2,2,2,21,,4,1,,,,,393,,,Y,N1,A2700004,8,,,,1,21,,,,,3,186,,,,,,,,,,,,,,,,,,,,,,,,,,,,,,,,5,5,,,,,,,,,,,,
2026-10-01 02:30:00,경상북도,A2700002,포항세명기독병원,20261001021935,054-275-0005,,,,,,1,3,1,2,1,,,Y,Y,Y,Y,Y,Y,9,Y,148,Y,12,N1,Y,,14,Y,15,,1,3,2,,52,3,14,6,,6,5,4,25,,,5,1,1,,1,662,,,Y,N1,A2700002,9,,,,0,,,,,,1,,,,,,,,,,,,,,,,,,,,,,,,,,,,,,,,,6,6,,,,,,,,,,,,
2026-10-01 02:30:00,경상북도,A2700019,의)근원의료재단경산중앙병원,20261001022500,053-715-0100,,,,,,,2,,,,,,Y,,Y,N1,N1,Y,7,N1,101,N1,4,N1,Y,,4,N1,10,,,2,,,11,,4,,,1,1,,9,,,,,,,,301,,,Y,N1,A2700019,10,,,,0,44,,,,,2,116,,,,,,,,,,,,,,,,,,,,,,,,,,,,,,,,,,,,,,,,,,,,,
2026-10-01 02:30:00,경상북도,A2700036,의료법인서명의료재단세명종합병원,20261001022352,053-819-8800,,,,,,,2,,,,,,Y,,Y,N1,N1,Y,8,N1,65,N1,4,N1,Y,,4,N1,13,,,2,,,14,,4,,,1,1,,6,,,,,,,,276,,,Y,N1,A2700036,11,,,,,2,,,,,,24,,,,,,,,,,,,,,,,,,,,,,,,,,,,,,,,,,,,,,,,,,,,,
2026-10-01 02:30:00,경상북도,A2700097,계명대학교경주동산병원,20261001022458,054-770-9500,,,,,,,1,,,,,,Y,,Y,N1,N1,Y,9,N1,56,N1,,N1,Y,,2,N1,9,,,1,,,,,2,,,1,1,,1,,,,,,,,88,,,Y,N1,A2700097,12,,,,,,,,,,,,,,,,,,,,,,,,,,,,,,,,,,,,,,,,,,,,,,,,,,,,,,,,
2026-10-01 02:30:00,경상북도,A2700070,의료법인영암의료재단고령영생병원,20261001022523,054-955-2661,,,,,,,1,,,,,,Y,,Y,N1,N1,Y,5,N1,27,N1,,N1,N1,,1,N1,5,,,1,,,,,1,,,1,,,1,,,,,,,,59,,,Y,N1,A2700070,13,,,,,,,,,,,,,,,,,,,,,,,,,,,,,,,,,,,,,,,,,,,,,,,,,,,,,,,,
2026-10-01 02:30:00,경상북도,A2700015,구미강동병원,20261001022438,054-453-7575,,,,9,,1,2,,,,,,Y,Y,Y,Y,N1,Y,6,N1,61,N1,4,N1,Y,,5,N1,7,,1,2,,,12,,5,,,1,1,1,3,,,,,,,,191,,9,Y,N1,A2700015,14,,,,,,,,,,,,,,,,,,,,,,,,,,,,,,,,,,,,,,,,,,,,,,,,,,,,,,,,
2026-10-01 02:30:00,경상북도,A2700018,경상북도김천의료원,20261001022501,054-432-8901,,,,,,1,,,,,,,Y,,Y,N1,N1,Y,12,N1,23,N1,6,N1,Y,,5,N1,17,,1,,,,22,,5,,,1,2,,7,,,,,,,,274,,,Y,N1,A2700018,15,,,,1,,,,,,3,,,,,,,,,,,,,,,,,,,,,,,,,,,,,,,,,,,,,,,,,,,,,,
2026-10-01 02:30:00,경상북도,A2700009,의료법인삼백의료재단상주성모병원,20261001022527,054-532-5001,,,,,,,1,,,,,,Y,,Y,N1,N1,Y,9,N1,23,N1,1,N1,Y,,3,N1,9,,,1,,,10,,3,,,1,1,,1,,,,,,,,172,,,Y,N1,A2700009,16,,,,,,,,,,,,,,,,,,,,,,,,,,,,,,,,,,,,,,,,,,,,,,,,,,,,,,,,
2026-10-01 02:30:00,경상북도,A2700011,상주적십자병원,20261001022514,054-534-3501,,Y,,,,1,,,,,Y,,Y,,Y,N1,Y,Y,9,N1,82,N1,6,Y,Y,,3,N1,9,,1,,,,10,,3,,1,1,1,,6,,2,1,,,,,164,,,Y,N1,A2700011,17,,,,,,,,,,,,,,,,,,,,,,,,,,,,,,,,,,,,,,,,,,,,,,,,,,,,,,,,
2026-10-01 02:30:00,경상북도,A2700001,경상북도안동의료원,20261001022501,054-850-6000,,,,,,,2,,,,,,Y,,Y,N1,N1,Y,6,N1,119,N1,0,N1,Y,,5,N1,6,,,2,,,10,,5,,,2,1,,7,,,,,,,,238,,,Y,N1,A2700001,18,,,,,,,,,,,,,,,,,,,,,,,,,,,,,,,,,,,,,,,,,,,,,,,,,,,,,,,,
2026-10-01 02:30:00,경상북도,A2700031,영주기독병원,20261001022455,054-635-6161,,Y,,,,,1,,,,Y,,Y,,Y,N1,N1,Y,4,N1,6,N1,,Y,N1,,1,N1,4,,,1,,,,,1,,1,1,,,1,,2,,,,,,70,,,Y,N1,A2700031,19,,,,,,,,,,,,,,,,,,,,,,,,,,,,,,,,,,,,,,,,,,,,,,,,,,,,,,,,
2026-10-01 02:30:00,경상북도,A2700020,영주자인병원,20261001022522,054-633-1131,,,,,,,1,,,,,,Y,,Y,N1,N1,Y,4,N1,26,N1,,N1,Y,,,N1,4,,,1,,,,,2,,,1,1,,,,,,,,,,133,,,N1,N1,A2700020,20,,,,,,,,,,,,,,,,,,,,,,,,,,,,,,,,,,,,,,,,,,,,,,,,,,,,,,,,
2026-10-01 02:30:00,경상북도,A2702752,영주적십자병원,20261001022504,054-630-0100,,,,,,1,,,,,,,Y,,Y,N1,Y,Y,9,N1,65,N1,1,N1,Y,,3,N1,10,,1,,,,10,,3,,,1,1,,4,,,1,,,,,140,,,Y,N1,A2702752,21,,,,,,,,,,,,,,,,,,,,,,,,,,,,,,,,,,,,,,,,,,,,,,,,,,,,,,,,
2026-10-01 02:30:00,경상북도,A2700017,영남대학교의과대학부속영천병원,20261001022133,0543389000,,,,,,1,2,,,,,,Y,,Y,N1,N1,Y,10,N1,47,N1,2,N1,Y,,4,N1,10,,1,2,,,10,,4,,,1,1,,1,,,,,,,,190,,,Y,N1,A2700017,22,,,,,,,,,,,,,,,,,,,,,,,,,,,,,,,,,,,,,,,,,,,,,,,,,,,,,,,,
2026-10-01 02:30:00,경상북도,A2700023,의료법인서준의료재단예천권병원,20261001022037,054-654-6611,,Y,,,,1,0,,,0,Y,,Y,,Y,N1,N1,Y,5,N1,75,N1,,Y,Y,,2,N1,6,,1,0,,,,,2,0,1,1,1,,3,,2,,,,,,173,,,Y,N1,A2700023,23,,,,,,,,,,,,,,,,,,,,,,,,,,,,,,,,,,,,,,,,,,,,,,,,,,,,,,,,
2026-10-01 02:30:00,경상북도,E2700553,울릉군보건의료원,20261001022501,054-790-6871,,,,,,,,,,,,,Y,,Y,N1,N1,Y,5,N1,27,N1,,N1,N1,,1,N1,5,,,,,,,,1,,,1,,,1,,,,,,,,27,,,Y,N1,E2700553,24,,,,,,,,,,,,,,,,,,,,,,,,,,,,,,,,,,,,,,,,,,,,,,,,,,,,,,,,
2026-10-01 02:30:00,경상북도,A2700052,울진군의료원,20261001022101,054-785-7000,,,,,,2,,,,2,,,Y,,Y,N1,N1,Y,8,N1,32,N1,,N1,Y,,3,N1,8,,2,,,,,,3,2,,1,1,,1,,,,,,,,97,,,Y,N1,A2700052,25,,,,,,,,,,,,,,,,,,,,,,,,,,,,,,,,,,,,,,,,,,,,,,,,,,,,,,,,
2026-10-01 02:30:00,경상북도,A2700063,의료법인영제의료재단영남제일병원,20261001020739,054-861-9111,,,,,,,1,,,,,,Y,,Y,N1,N1,Y,4,N1,27,N1,,N1,N1,,1,N1,,,,,,,,,,,,,,,,,,,,,,,,,,Y,N1,A2700063,26,,,,,,,,,,,,,,,,,,,,,,,,,,,,,,,,,,,,,,,,,,,,,,,,,,,,,,,,
2026-10-01 02:30:00,경상북도,A2700038,의료법인대남의료재단청도대남병원,20261001022536,054-373-0606,,,,,,,,,,,,,Y,,Y,N1,N1,Y,9,N1,90,N1,,N1,Y,,1,N1,10,,,,,,,,1,,,1,1,,1,,,,,,,,115,,,Y,N1,A2700038,27,,,,,,,,,,,,,,,,,,,,,,,,,,,,,,,,,,,,,,,,,,,,,,,,,,,,,,,,
2026-10-01 02:30:00,경상북도,E2700554,청송군보건의료원,20261001022500,054-870-7100,,,,,,,1,,,,,,,,Y,N1,N1,N1,5,N1,47,N1,,N1,N1,,,N1,6,,,1,,,,,,,,,,,1,,,,,,,,39,,,Y,N1,E2700554,28,,,,,,,,,,,,,,,,,,,,,,,,,,,,,,,,,,,,,,,,,,,,,,,,,,,,,,,,
2026-10-01 02:30:00,경상북도,A2700008,에스포항병원,20261001022421,054-289-9000,Y,,,,,,1,,,,,,Y,Y,Y,Y,Y,Y,5,N1,38,N1,6,N1,Y,,4,N1,6,,,1,,,14,,4,,,2,2,3,9,9,,1,,,,,239,,,Y,Y,A2700008,29,,,,1,,,,,,1,,,,,,,,,,,,,,,,,,,,,,,,,,,,,,,,,,,,,,,,,,,,,,
2026-10-01 02:30:00,경상북도,A2702563,의료법인은성의료재단좋은선린병원,20261001022442,054-245-5000,,,,2,,,2,,,,,,Y,N,Y,N,N1,Y,10,N1,74,N1,0,N1,Y,,4,N,10,,,2,,,17,,4,,,1,1,2,7,,,,,,,14,281,,2,N,N1,A2702563,30,,,,1,,,,,,1,,,,,,,,,,,,,,,,,,,,,,,,,,,,,,,,,,,,,,,,,,,,,,
2026-10-01 02:30:00,경상북도,A2700005,경상북도포항의료원,20261001022501,054-247-0551,,,,,,1,1,,,4,,,Y,,Y,N1,N1,Y,7,N1,44,N1,9,N1,Y,,3,N1,8,,1,1,,,19,,3,7,,1,1,,4,,,,,,,,177,,,Y,N1,A2700005,31,,,,1,7,,,,,1,56,,,,,,,,,,,,,,,,,,,,,,,,,,,,,,,,,,,,,,,,,,,,,
2026-10-01 02:30:00,경상남도,A2800011,양산부산대학교병원,20261001022327,055-360-1000,Y,Y,0,,5,,1,2,9,4,Y,,Y,Y,Y,Y,Y,Y,14,Y,206,Y,,Y,Y,8,25,N1,23,8,,1,16,38,,30,25,4,4,6,5,6,92,24,23,19,12,2,,,766,2,,Y,Y,A2800011,1,2,3,2,0,13,,16,11,,0,33,2,2,0,3,2,,,4,9,1,1,0,0,4,5,1,0,,0,11,2,,10,6,1,1,0,0,4,,,,,,,,,,,,,,,,
2026-10-01 02:30:00,경상남도,A2800001,경상국립대학교병원,20261001022401,055-750-8000,Y,Y,,,3,2,3,3,6,6,Y,,Y,Y,Y,Y,Y,Y,17,Y,172,Y,,Y,Y,6,15,N1,28,3,2,3,14,15,,30,15,7,7,3,3,4,16,9,19,5,4,17,,,652,,,Y,Y,A2800001,2,,2,1,0,14,12,8,9,20,3,26,,,0,,6,2,6,,,,,,,,,,,,,,,,,,,,,,,,,,,2,6,2,6,22,2,40,2,,,,
2026-10-01 02:30:00,경상남도,A2800020,학교법인성균관대학삼성창원병원,20261001022513,055-233-8899,Y,Y,,,8,2,2,3,8,3,Y,,Y,Y,Y,Y,Y,Y,22,Y,106,Y,,Y,Y,15,16,N1,27,8,2,3,19,24,,30,16,5,7,4,3,4,45,8,20,5,3,3,,,645,,,Y,Y,A2800020,3,,1,10,1,,,15,20,,3,,,,1,,1,,,,,,,,,,,,,,,,,,,,,,,,,,,,,,,,,,,,,,,,
2026-10-01 02:30:00,경상남도,A2800010,의료법인환명의료재단 조은금강병원,20261001022427,055-330-0300,,,,,,1,2,,,,,,Y,Y,Y,Y,N1,Y,11,N1,59,N1,5,N1,Y,,4,Y,17,,1,2,,,23,,4,,,1,2,1,7,,,,,,,2,305,,,Y,N1,A2800010,4,,,,0,8,,,,,1,96,,,,,,,,,,,,,,,,,,,,,,,,,,,,,,,,,,,,,,,,,,,,,
2026-10-01 02:30:00,경상남도,A2800006,의료법인숭인의료재단 김해복음병원,20261001022204,055-330-8888,,,,,,1,3,,,,,,Y,Y,Y,Y,Y,Y,15,N1,6,N1,2,N1,Y,,5,N1,16,,1,3,,,18,,5,,,2,3,1,3,,,3,,,,,359,,,Y,N1,A2800006,5,,,,1,,,,,,1,,,,,,,,,,,,,,,,,,,,,,,,,,,,,,,,,,,,,,,,,,,,,,
2026-10-01 02:30:00,경상남도,A2800043,한일병원,20261001022325,055-759-7777,,,,,,1,2,0,2,,,,Y,Y,Y,Y,Y,Y,15,N1,31,N1,5,N1,Y,,4,Y,17,,1,2,2,,13,3,4,,,2,2,1,6,,,1,,,,1,282,,,Y,N1,A2800043,6,,,,1,,,,,,1,,,,,,,,,,,,,,,,,,,,,,,,,,,,,,,,,,,,,,,,,,,,,,
2026-10-01 02:30:00,경상남도,A2800003,제일병원,20261001022442,055-750-7123,,,,,,1,2,2,0,,,Y,Y,Y,Y,Y,N1,Y,17,N1,49,N1,5,N1,Y,,3,Y,17,,1,2,2,,9,3,7,,,2,2,1,4,,,,,,1,1,258,,,Y,N1,A2800003,7,,,,,,,,,,,,,,,,,,,,,,,,,,,,,,,,,,,,,,,,,,,,,,,,,,,,,,,,
2026-10-01 02:30:00,경상남도,A2800017,의료법인합포의료재단에스엠지연세병원,20261001022506,055-243-0100,,,,,,1,2,0,1,,,,Y,Y,Y,Y,Y,Y,15,N1,50,N1,1,N1,Y,,4,N1,17,,1,2,2,,10,3,4,,,1,2,1,7,,,1,,,,,283,,,Y,N1,A2800017,8,,,,1,,,,,,1,,,,,,,,,,,,,,,,,,,,,,,,,,,,,,,,,,,,,,,,,,,,,,
2026-10-01 02:30:00,경상남도,A2803505,창원경상국립대학교병원,20261001022100,055-214-2000,Y,Y,,,,1,2,,,6,Y,,Y,Y,Y,Y,Y,Y,17,Y,133,Y,8,Y,Y,0,13,N1,18,,1,2,,17,34,,13,6,9,3,2,5,52,9,22,6,7,14,,,437,,,Y,Y,A2803505,9,,,,1,9,,,,,2,22,,,,,,,,,,,,,,0,,,,,,,,,,,,,,,0,,,0,0,,,,,,,,,,5,,5
2026-10-01 02:30:00,경상남도,A2800007,창원한마음병원,20261001022410,055-225-0000,Y,Y,,,,1,2,,,0,Y,,Y,Y,Y,Y,Y,Y,9,Y,20,Y,,Y,Y,10,13,Y,21,,1,3,,10,,,13,6,2,4,4,4,29,3,11,6,1,2,,2,688,,,Y,Y,A2800007,10,,2,6,1,,,25,37,,1,,,,,,,,,,,,,,,,,,,,,,,,,,,,,,,,,,,,,,,,,,,,,,
2026-10-01 02:30:00,경상남도,A2800004,창원파티마병원,20261001022107,055-270-1000,Y,Y,,,,1,2,0,2,6,Y,Y,Y,Y,Y,Y,Y,Y,10,N1,88,Y,,Y,Y,1,7,N1,17,,1,2,2,2,,3,7,6,2,4,3,3,16,3,6,3,,4,1,,444,,,Y,Y,A2800004,11,,4,3,1,,,12,13,,2,,,,,,,,,,,,,,,,,,,,,,,,,,,,,,,,,,,,,,,,,,,,,,
2026-10-01 02:30:00,경상남도,A2800008,의료법인 거붕 백병원,20261001022428,055-733-0000,,,,,,,1,,,,,,Y,,Y,N1,N1,Y,6,N1,47,N1,6,N1,Y,,4,N1,9,,,1,,,20,,4,,,2,2,,12,,,,,,,,365,,,Y,N1,A2800008,12,,,,,,,,,,,,,,,,,,,,,,,,,,,,,,,,,,,,,,,,,,,,,,,,,,,,,,,,
2026-10-01 02:30:00,경상남도,A2800005,의료법인 대우의료재단대우병원,20261001022226,055-680-8114,,,,,,,1,,,,,,Y,,Y,N1,N1,Y,8,N1,52,N1,1,N1,Y,,4,N1,9,,,1,,,10,,4,,,2,1,,5,,,,,,,,231,,,Y,N1,A2800005,13,,,,,,,,,,,,,,,,,,,,,,,,,,,,,,,,,,,,,,,,,,,,,,,,,,,,,,,,
2026-10-01 02:30:00,경상남도,A2800022,의료법인 성념의료재단맑은샘병원,20261001022004,055-731-1240,,,,,,,1,,,,,,Y,,Y,N1,N1,Y,8,N1,20,N1,,N1,Y,,2,N1,9,,,1,,,,,2,,,1,1,,4,,,,,,,,200,,,Y,N1,A2800022,14,,,,,,,,,,,,,,,,,,,,,,,,,,,,,,,,,,,,,,,,,,,,,,,,,,,,,,,,
2026-10-01 02:30:00,경상남도,A2800076,거창적십자병원,20261001022447,0559443251,,Y,,,,,1,,,,Y,,Y,,Y,N1,N1,Y,9,N1,33,N1,,Y,Y,,2,N1,9,,,1,,,,,2,,1,1,1,,2,,2,,,,,,91,,,Y,N1,A2800076,15,,,,,,,,,,,,,,,,,,,,,,,,,,,,,,,,,,,,,,,,,,,,,,,,,,,,,,,,
2026-10-01 02:30:00,경상남도,A2800032,강병원,20261001022149,055-673-0101,,,,,,,1,,,,,,Y,,Y,N1,N1,Y,9,N1,39,N1,,N1,Y,,1,N1,9,,,1,,,,,1,,,1,1,,1,,,,,,,,99,,,Y,N1,A2800032,16,,,,,,,,,,,,,,,,,,,,,,,,,,,,,,,,,,,,,,,,,,,,,,,,,,,,,,,,
2026-10-01 02:30:00,경상남도,A2800014,의료법인갑을의료재단 갑을장유병원,20261001022312,055-310-6000,,,,,,1,,,,,,,Y,,Y,N1,N1,Y,9,N1,48,N1,,N1,Y,,4,N1,9,,1,,,,,,4,,,1,1,,1,,,,,,,,210,,,Y,N1,A2800014,17,,,,,,,,,,,,,,,,,,,,,,,,,,,,,,,,,,,,,,,,,,,,,,,,,,,,,,,,
2026-10-01 02:30:00,경상남도,A2800094,의료법인 이도의료재단 남해병원,20261001020110,055-863-2201,N,N,,,,1,1,,,,N,N,Y,N,Y,N,N,Y,8,N,81,N,,N,Y,,2,N,,,,,,,,,,,,,,,,,,,,,,,,,,N,N,A2800094,18,,,,,,,,,,,,,,,,,,,,,,,,,,,,,,,,,,,,,,,,,,,,,,,,,,,,,,,,
2026-10-01 02:30:00,경상남도,A2800113,밀양병원,20261001022317,055-351-3993,,,,,,,1,,,,,,Y,,Y,N1,N1,Y,7,N1,17,N1,,N1,Y,,0,N1,9,,,1,,,,,0,,,1,1,,1,,,,,,,,200,,,Y,N1,A2800113,19,,,,,,,,,,,,,,,,,,,,,,,,,,,,,,,,,,,,,,,,,,,,,,,,,,,,,,,,
2026-10-01 02:30:00,경상남도,A2800068,의료법인승연의료재단 삼천포서울병원,20261001021654,055-835-9900,,,,,,,1,,,,,,Y,Y,Y,Y,N1,Y,8,N1,60,N1,,N1,Y,,3,Y,9,,,1,,,,,3,,,1,2,1,4,,,,,,,1,287,,,Y,N1,A2800068,20,,,,,,,,,,,,,,,,,,,,,,,,,,,,,,,,,,,,,,,,,,,,,,,,,,,,,,,,
2026-10-01 02:30:00,경상남도,A2800101,삼천포제일병원,20261001022512,055-833-4400,,,,,,,2,,,,,,Y,,Y,N1,N1,Y,8,N1,61,N1,,N1,Y,,2,N,8,,,2,,,,,2,,,1,1,,1,,,,,,,1,214,,,Y,N1,A2800101,21,,,,,,,,,,,,,,,,,,,,,,,,,,,,,,,,,,,,,,,,,,,,,,,,,,,,,,,,
2026-10-01 02:30:00,경상남도,E2800380,산청군보건의료원,20261001022501,055-970-7500,,,,,,,1,,,,,,,,Y,N1,N1,N1,5,N1,20,N1,,N1,N1,,,N1,5,,,1,,,,,,,,,,,1,,,,,,,,20,,,Y,N1,E2800380,22,,,,,,,,,,,,,,,,,,,,,,,,,,,,,,,,,,,,,,,,,,,,,,,,,,,,,,,,
2026-10-01 02:30:00,경상남도,A2804593,양산성모병원,20261001022513,1600-7582,,,,,,1,,,,,,,Y,,Y,N1,N1,Y,13,N1,141,N1,6,N1,Y,,4,N1,13,,1,,,,6,,4,,,1,2,,1,,,,,,,,214,,,Y,N1,A2804593,23,,,,,,,,,,,,,,,,,,,,,,,,,,,,,,,,,,,,,,,,,,,,,,,,,,,,,,,,
2026-10-01 02:30:00,경상남도,A2800019,베데스다복음병원,20261001022524,055-384-9901,,,,,,,1,,,,,,Y,,Y,N1,N1,Y,9,N1,55,N1,,N1,Y,,3,N1,9,,,1,,,,,3,,,1,1,,1,,,,,,,,133,,,Y,N1,A2800019,24,,,,,,,,,,,,,,,,,,,,,,,,,,,,,,,,,,,,,,,,,,,,,,,,,,,,,,,,
2026-10-01 02:30:00,경상남도,A2800090,의령병원,20261001022443,055-573-4100,,,,,,,1,,,,,,Y,,Y,N1,N1,Y,3,N1,38,N1,,N1,N1,,,N1,4,,,1,,,,,,,,1,,,1,,,,,,,,58,,,Y,N1,A2800090,25,,,,,,,,,,,,,,,,,,,,,,,,,,,,,,,,,,,,,,,,,,,,,,,,,,,,,,,,
2026-10-01 02:30:00,경상남도,A2800084,반도병원,20261001022005,0557476000,,,,,,,1,,,,,,Y,,Y,N1,N1,Y,7,N1,70,N1,,N1,Y,,3,N1,7,,,1,,,,,3,,,1,1,,3,,,,,,,,165,,,Y,N1,A2800084,26,,,,,,,,,,,,,,,,,,,,,,,,,,,,,,,,,,,,,,,,,,,,,,,,,,,,,,,,
2026-10-01 02:30:00,경상남도,A2800015,의료법인 문병욱의료재단 진주고려병원,20261001022246,055-751-2500,,,,,,,1,,,,,,Y,Y,Y,Y,N1,Y,8,N1,103,N1,1,N1,Y,,4,Y,9,,,1,,,9,,4,,,2,2,1,4,,,,,,,1,229,,,Y,N1,A2800015,27,,,,,,,,,,,,,,,,,,,,,,,,,,,,,,,,,,,,,,,,,,,,,,,,,,,,,,,,
2026-10-01 02:30:00,경상남도,A2800037,진주복음병원,20261001022505,055-749-7110,,,,,,,1,,,,,,Y,,Y,N1,N1,Y,9,N1,40,N1,,N1,N,,3,N1,9,,,1,,,,,3,,,1,1,,1,,,,,,,,131,,,N,N1,A2800037,28,,,,,,,,,,,,,,,,,,,,,,,,,,,,,,,,,,,,,,,,,,,,,,,,,,,,,,,,
2026-10-01 02:30:00,경상남도,A2800062,태황의료재단한성병원,20261001022524,0555305000,,,,,,,1,,,,,,,,Y,N1,N1,N1,8,N1,81,N1,,N1,N1,,,N1,9,,,1,,,,,,,,,,,,,,,,,,,167,,,N1,N1,A2800062,29,,,,,,,,,,,,,,,,,,,,,,,,,,,,,,,,,,,,,,,,,,,,,,,,,,,,,,,,
2026-10-01 02:30:00,경상남도,A2800025,경상남도마산의료원,20261001022502,055-249-1000,,,,,,1,1,,,20,,,Y,,Y,N1,Y,Y,13,N1,86,N1,3,N1,Y,,4,N1,13,,1,1,,,6,,5,27,,1,1,,17,,,2,,,,,263,,,Y,N1,A2800025,30,,,,2,,,,,,2,,,,,,,,,,,,,,,,,,,,,,,,,,,,,,,,,,,,,,,,,,,,,,
2026-10-01 02:30:00,경상남도,A2800009,의료법인청아의료재단청아병원,20261001022528,055-230-1500,,,,,,,1,,,,,,Y,,Y,N1,N1,Y,8,N1,83,N1,,N1,Y,,4,N1,9,,,1,,,,,4,,,2,2,,4,,,,,,,,274,,,Y,N1,A2800009,31,,,,,,,,,,,,,,,,,,,,,,,,,,,,,,,,,,,,,,,,,,,,,,,,,,,,,,,,
2026-10-01 02:30:00,경상남도,A2800021,연세에스병원,20261001022243,055-548-7700,,,,,,,1,,,,,,Y,Y,Y,Y,N1,Y,8,N1,91,N1,7,N1,Y,,3,N1,9,,,1,,,10,,3,,,2,2,1,5,,,,,,,,255,,,Y,N1,A2800021,32,,,,,,,,,,,,,,,,,,,,,,,,,,,,,,,,,,,,,,,,,,,,,,,,,,,,,,,,
2026-10-01 02:30:00,경상남도,A2800092,새통영병원,20261001022438,055-646-6000,,,,,,,1,,,,,,Y,,Y,N1,N1,Y,5,N1,75,N1,,N1,Y,,3,N1,9,,,1,,,,,3,,,1,2,,3,,,,,,,,256,,,Y,N1,A2800092,33,,,,,,,,,,,,,,,,,,,,,,,,,,,,,,,,,,,,,,,,,,,,,,,,,,,,,,,,
2026-10-01 02:30:00,경상남도,A2800080,함양성심병원,20261001022208,055-963-4322,,,,,,,1,,,,,,Y,,Y,N1,N1,Y,4,N1,28,N1,,N1,Y,,2,N1,4,,,1,,,,,2,,,1,1,,1,,,,,,,,121,,,Y,N1,A2800080,34,,,,,,,,,,,,,,,,,,,,,,,,,,,,,,,,,,,,,,,,,,,,,,,,,,,,,,,,
2026-10-01 02:30:00,경상남도,A2800055,삼성합천병원,20261001022501,055-933-2200,,,,,,,1,,,,,,Y,,Y,N1,N1,Y,3,N1,23,N1,,N1,Y,,2,N1,4,,,1,,,,,2,,,1,1,,1,,,,,,,,141,,,Y,N1,A2800055,35,,,,,,,,,,,,,,,,,,,,,,,,,,,,,,,,,,,,,,,,,,,,,,,,,,,,,,,,
2026-10-01 02:30:00,제주특별자치도,A2900001,제주한라병원,20261001022306,064740-5000,Y,Y,0,,3,2,3,4,14,,Y,,Y,Y,Y,Y,Y,Y,10,Y,109,Y,4,Y,Y,3,6,N1,15,3,2,3,14,7,15,30,6,,2,3,2,3,46,3,8,9,4,2,,,414,4,,Y,Y,A2900001,1,,,,,,11,,,20,,,,,1,,2,,,,,,,,,,,,,,,,,,,,,,,,,,,,,1,6,2,6,9,2,40,2,2,,4,
2026-10-01 02:30:00,제주특별자치도,A2900002,제주특별자치도서귀포의료원,20261001022401,064-730-3000,,Y,,,4,1,4,2,3,,Y,,Y,Y,Y,Y,Y,Y,11,N1,146,N1,7,Y,Y,,4,Y,16,4,1,4,2,,17,3,4,,1,2,1,1,16,,4,3,,,,1,326,,,Y,N1,A2900002,2,,,,3,1,,,,,3,26,,,,,,,,,,,,,,,,,,,,,,,,,,,,,,,,,,,,,,,,,,,,,
2026-10-01 02:30:00,제주특별자치도,A2900007,제주대학교병원,20261001022500,064-717-1114,Y,Y,,,,1,0,,,1,Y,,Y,Y,Y,Y,Y,Y,2,Y,93,Y,,Y,Y,12,12,N1,20,,1,5,,16,,,12,9,3,2,2,4,45,8,17,10,5,3,,,458,,,Y,Y,A2900007,3,,3,2,,0,,12,12,,,20,,,,,,4,6,,,,,,,,3,,,,,3,,,,,,,,,,,,,,,,,,,,,,,,,
2026-10-01 02:30:00,제주특별자치도,A2900005,한마음병원,20261001022233,064-750-9000,,,,,,0,1,0,0,,,,Y,Y,Y,Y,Y,Y,7,N1,48,N1,5,N1,Y,,4,N1,17,,1,2,2,,10,3,4,,,1,1,1,6,,,2,,,,,213,,,Y,N1,A2900005,4,,,,,,,,,,,,,,,,,,,,,,,,,,,,,,,,,,,,,,,,,,,,,,,,,,,,,,,,
2026-10-01 02:30:00,제주특별자치도,A2900006,의료법인중앙의료재단중앙병원,20261001022528,064-786-7000,,,,,1,1,1,2,3,,,,Y,Y,Y,Y,Y,Y,10,Y,96,N1,8,N1,Y,,3,N1,16,1,1,2,2,,14,3,3,,,1,1,2,10,,,2,1,,,,278,,,Y,N1,A2900006,5,,,,1,,,,,,1,,,,,,,,,,,,,,,,,,,,,,,,,,,,,,,,,,,,,,,,,,,,,,
2026-10-01 02:30:00,제주특별자치도,A2900003,의료법인 혜인의료재단 한국병원,20261001022439,064-750-0000,,,,,,,1,,,,,,Y,,Y,N1,N1,Y,4,N1,43,N1,2,N1,Y,,3,N1,9,,,1,,,10,,3,,,1,1,,6,,,,,,,,209,,,Y,N1,A2900003,6,,,,,,,,,,,,,,,,,,,,,,,,,,,,,,,,,,,,,,,,,,,,,,,,,,,,,,,,
2026-10-01 03:00:00,서울특별시,A1100043,강동경희대학교병원,20261001025515,02-440-7114,Y,Y,1,2,3,2,2,3,3,0,Y,N,Y,Y,Y,Y,Y,Y,10,Y,128,Y,3,Y,Y,10,17,N,15,3,2,3,19,17,27,30,17,1,8,2,2,3,32,9,13,4,1,1,0,0,625,3,2,Y,Y,A1100043,1,,,,,,,,,,,,,,,,,,,,,,,,,,,,,,,,,,,,,,,,,,,,,,,,,,,,,,,,
2026-10-01 03:00:00,서울특별시,A1100014,고려대학교의과대학부속구로병원,20261001025346,02-2626-1114,Y,Y,,,1,,,2,2,3,Y,,Y,Y,Y,Y,Y,Y,6,Y,42,Y,7,Y,Y,1,24,N1,29,3,,,20,23,35,30,24,4,2,6,4,4,98,11,35,15,10,3,,,778,,,Y,Y,A1100014,2,3,1,0,1,3,0,20,4,6,10,18,5,,,,,,,,,,,,,,,,,,,,,,,,,,,,,,,,,,,,,,,,,,,,
2026-10-01 03:00:00,서울특별시,A1100013,한양대학교병원,20261001025259,02-2290-8114,Y,Y,1,,2,,,5,5,0,Y,,Y,Y,Y,Y,Y,Y,11,Y,106,Y,0,Y,Y,0,16,Y,20,3,,,22,14,0,30,16,2,1,3,2,3,69,10,23,13,6,3,,1,670,2,,Y,Y,A1100013,3,4,0,,0,4,,12,,,2,16,4,3,1,8,5,,,,,,,,,,,,,,,,,,,,,,,,,,,,,,,,,,,,,,,,
2026-10-01 03:00:00,서울특별시,A1100008,학교법인 고려중앙학원 고려대학교의과대학부속병원(안암병원),20261001025412,1577-0083,Y,Y,0,,4,,,1,0,0,Y,,Y,Y,Y,Y,Y,Y,8,Y,27,Y,,Y,Y,-3,24,Y,30,4,,,15,17,,31,25,3,4,7,6,8,84,14,20,11,8,7,,1,777,6,,Y,Y,A1100008,4,2,1,2,0,2,,16,19,,6,10,2,7,,7,,3,9,,,,,,,,,,,,,,,,,,,,,,,,,,,,,,,,,,,,,,
2026-10-01 03:00:00,서울특별시,A1100005,이화여자대학교의과대학부속목동병원,20261001025052,02-2650-5114,Y,Y,0,,8,2,3,2,3,1,Y,,Y,Y,Y,Y,Y,Y,14,Y,31,Y,,Y,Y,7,13,Y,19,8,2,4,19,28,,32,13,9,2,4,4,4,58,10,34,9,3,5,,1,526,1,,Y,Y,A1100005,5,,0,3,0,6,,10,13,,4,10,,,0,,1,,,3,14,,,,,,,,,,,,,,,,,,,,,,,,,,,,,,,,,,,,
2026-10-01 03:00:00,서울특별시,A1100017,서울대학교병원,20261001025515,02-1588-5700,Y,Y,0,,10,1,3,4,18,5,Y,Y,Y,Y,Y,Y,Y,Y,-3,Y,48,Y,,Y,Y,6,52,N1,24,10,2,4,17,40,,30,53,7,4,13,13,14,160,19,46,22,9,3,1,,1365,2,,Y,Y,A1100017,6,,2,3,9,7,,10,18,,28,41,,,0,,1,0,6,1,5,1,1,0,0,3,5,1,5,2,3,22,2,10,10,6,1,1,0,0,8,,,,,,,,,,,,,,,,
2026-10-01 03:00:00,서울특별시,A1100035,서울특별시서울의료원,20261001025500,02-2276-7000,Y,Y,2,,3,2,3,0,7,3,Y,Y,Y,Y,Y,Y,Y,Y,7,Y,98,Y,0,Y,Y,3,10,Y,19,3,2,3,14,3,5,28,10,3,4,5,3,5,65,5,12,7,2,4,1,2,461,2,,Y,Y,A1100035,7,,1,,,16,,7,,,,30,,,1,,4,,,2,6,,,,,,,,,,,,,,,,,,,,,0,2,,,,,,,,,,,,,,
2026-10-01 03:00:00,서울특별시,A1100015,연세대학교의과대학강남세브란스병원,20261001025146,02-2019-3114,Y,Y,,,2,1,2,,,4,Y,,Y,Y,Y,Y,Y,Y,10,Y,84,Y,12,Y,Y,1,23,N1,21,2,1,2,,28,29,,23,5,1,4,3,6,47,10,23,6,3,5,,,691,,,Y,Y,A1100015,8,,,,,,,,,,,,,,,,,5,8,3,12,,,,,,,,,,,,,,,,,,,,,,,,,,,,,,,,,,,,
2026-10-01 03:00:00,서울특별시,A1100010,삼성서울병원,20261001025359,02-3410-2114,Y,Y,,,1,1,2,,,2,Y,,Y,Y,Y,Y,Y,Y,-31,Y,105,Y,,Y,Y,6,46,N1,52,4,2,2,,59,,,46,8,6,19,16,15,117,22,43,21,11,2,,,1528,,,Y,Y,A1100010,9,,4,9,,3,,28,23,,,27,,,,,,2,12,1,12,,,,,,2,,,,12,14,,,36,,,,,,,,,,,,,,,,,,,,,,
2026-10-01 03:00:00,서울특별시,A1100028,성심의료재단강동성심병원,20261001025045,02-2224-2114,Y,Y,,,,1,5,,,0,Y,,Y,Y,Y,Y,Y,Y,10,Y,97,Y,0,Y,Y,2,13,N1,15,,1,6,,3,19,,13,2,1,4,2,5,35,3,3,8,3,1,,,566,,,Y,Y,A1100028,10,,1,,2,,,18,,,5,,,,,,,,,,,,,,,,,,,,,,,,,,,,,,,,,2,2,,,,,,,,,,,,
2026-10-01 03:00:00,서울특별시,A1100053,한국보훈복지의료공단 중앙보훈병원,20261001025118,02-2225-1111,,,,,,1,2,1,0,1,N,,Y,Y,Y,Y,Y,Y,18,Y,135,N1,,N1,Y,,13,N1,22,,1,2,2,,,3,13,7,1,3,4,4,38,,,10,1,,,,820,,,Y,N1,A1100053,11,,6,7,1,39,,14,14,,1,60,,,,,,0,10,1,13,,,,,,,,,,,,,,,,,,,,,,,,,,,,,,,,,,,,
2026-10-01 03:00:00,서울특별시,A1120796,이화여자대학교의과대학부속서울병원,20261001025100,1522-7000,Y,Y,,,5,2,5,,,0,Y,,Y,Y,Y,Y,Y,Y,3,Y,114,Y,0,Y,Y,3,19,N1,14,9,2,6,,24,11,,19,4,2,5,5,8,71,9,22,12,4,5,,,736,,,Y,Y,A1120796,12,,1,2,1,,,10,17,,7,,,,,,,1,11,1,17,,,,,,,,,,3,,,,19,,,,,,,,,,,,,,,,,,,,,,
2026-10-01 03:00:00,서울특별시,A1100041,의료법인서울효천의료재단 에이치플러스양지병원,20261001025511,02-1877-8875,,,,,,1,2,,,1,,,Y,Y,Y,Y,Y,Y,10,Y,11,Y,1,N1,Y,,7,N1,18,,1,2,,,27,,7,3,,2,3,3,23,,,5,1,1,,,293,,,Y,N1,A1100041,13,,,,0,,,,,,1,,,,,,,,,,,,,,,,,,,,,,,,,,,,,,,,,,,,,,,,,,,,,,
2026-10-01 03:00:00,서울특별시,A1100002,건국대학교병원,20261001025249,1588-1533,Y,Y,,,2,1,2,,,3,Y,,Y,Y,Y,Y,Y,Y,13,Y,62,Y,,Y,Y,1,21,N1,20,4,1,2,,16,,,21,3,2,4,4,5,45,7,18,7,3,14,,,678,,,Y,Y,A1100002,14,,10,2,1,7,,24,25,,1,14,,,,,,,,,,,,,,,,,,,,,,,,,,,,,,,,,,,,,,,,,,,,,
2026-10-01 03:00:00,서울특별시,A1100016,인제대학교상계백병원,20261001025156,02-950-1114,Y,Y,,,,1,2,,,0,Y,,Y,Y,Y,Y,Y,Y,11,Y,32,Y,,Y,Y,2,13,N1,16,,1,2,,15,,,13,2,2,3,2,3,36,10,25,10,3,1,,,390,,,Y,Y,A1100016,15,,2,0,2,1,,19,18,,4,5,,,,,,,,,,,,,,,,,,,,,,,,,,,,,,,,2,4,,,,,,,,,,,,
2026-10-01 03:00:00,서울특별시,A1100048,노원을지대학교병원,20261001025102,02-970-8000,Y,Y,,,,1,4,,,0,Y,,Y,Y,Y,Y,Y,Y,13,Y,197,N1,,Y,Y,0,11,N1,17,,1,4,,10,,,11,1,3,2,2,2,26,8,19,3,1,,,,479,,,Y,Y,A1100048,16,,-1,1,2,3,,16,16,,2,21,,,,,,,,,,,,,,,,,,,,,,,,,,,,,,,,,,0,0,0,0,,,,,,,,
2026-10-01 03:00:00,서울특별시,A1100020,의료법인한전의료재단 한일병원,20261001025503,02-901-3114,N,N,,,2,2,2,1,2,2,,Y,Y,Y,Y,Y,Y,Y,19,N1,65,Y,6,N,Y,,8,N,21,2,2,2,2,,21,3,8,5,,2,1,2,25,1,4,2,,4,2,2,389,,,Y,N,A1100020,17,,,,0,,,,,,1,,,,,,,,,,,,,,,,,,,,,,,,,,,,,,,,,,,,,,,,,,,,,,
2026-10-01 03:00:00,서울특별시,A1100001,경희대학교병원,20261001025517,02-958-8114,Y,Y,,,1,2,3,,,8,Y,,Y,Y,Y,Y,Y,Y,10,Y,134,Y,22,Y,Y,9,16,N1,15,3,2,3,,26,65,,16,10,3,3,3,5,48,6,12,8,3,2,,,653,,,Y,Y,A1100001,18,,,,,4,,,,,,20,,,,,,,,2,15,,,,,,,,,,,,,,,,,,,,,,,,,,,,,,,,,,,,
2026-10-01 03:00:00,서울특별시,A1100021,삼육서울병원,20261001025319,02-2244-0191,,N,,,,1,1,1,2,3,Y,,Y,Y,Y,Y,Y,Y,6,Y,86,Y,3,N,Y,4,5,Y,13,,1,2,2,4,15,3,5,4,2,1,1,2,20,,4,5,2,1,,1,389,,,Y,N1,A1100021,19,,,,0,,,,,,1,,,,,,,,,,,,,,,,,,,,,,,,,,,,,,,,,1,4,,,,,,,,,,,,
2026-10-01 03:00:00,서울특별시,A1100040,서울특별시보라매병원,20261001025500,02-870-2114,Y,Y,,,3,2,1,,,3,Y,,Y,Y,Y,Y,Y,Y,14,Y,129,Y,,Y,Y,1,13,N1,31,3,2,1,,14,,,14,3,4,6,3,5,48,14,13,5,9,2,,,695,,,Y,Y,A1100040,20,,3,6,1,5,,15,16,,4,14,,,,,,1,4,,,,,,,,,,,,,,,,,,,,,,,,,,,,,,,,,,,,,,
2026-10-01 03:00:00,서울특별시,A1100003,중앙대학교병원,20261001025508,1800-1114,Y,Y,0,,3,2,3,1,,0,Y,,Y,Y,Y,Y,Y,Y,12,Y,126,Y,,Y,Y,0,16,N1,22,4,2,3,12,25,,,16,2,2,4,3,4,51,9,21,13,6,12,,,629,1,,Y,Y,A1100003,21,0,1,2,0,1,,12,17,,11,2,0,0,,0,,,,,,,,,,3,,,,,,,,,,,,,,,4,,,,,,,,,,,,,,,,
2026-10-01 03:00:00,서울특별시,A1100007,연세대학교의과대학세브란스병원,20261001025407,02-2228-0114,Y,Y,,,8,1,1,,,1,Y,Y,Y,Y,Y,Y,Y,Y,2,Y,193,Y,5,Y,Y,14,3,N1,39,8,1,3,,52,18,,3,30,8,16,16,17,206,55,61,21,16,21,1,,1872,,,Y,Y,A1100007,22,,4,8,2,6,,29,24,,5,20,,,,,,7,23,9,29,1,1,,,,7,0,2,2,7,22,2,10,17,6,1,1,,,,,,,,,,,,,,,,,,,
2026-10-01 03:00:00,서울특별시,A1100012,학교법인가톨릭학원가톨릭대학교서울성모병원,20261001025511,0215881511,Y,Y,,,5,,,1,1,0,Y,,Y,Y,Y,Y,Y,Y,0,Y,48,Y,0,Y,Y,13,32,N1,28,7,,,2,50,5,6,32,10,2,9,10,8,80,40,39,11,9,4,,,1053,,,Y,Y,A1100012,23,1,3,9,10,11,,22,20,,18,35,1,3,,5,,0,10,5,19,1,1,,,,0,1,0,,2,3,2,,8,6,1,1,,,,,,,,,,,,,,,,,,,
2026-10-01 03:00:00,서울특별시,A1100009,재단법인아산사회복지재단 서울아산병원,20261001025215,02-3010-3114,Y,Y,1,,6,1,-1,0,1,1,Y,,Y,Y,Y,Y,Y,Y,1,Y,135,Y,3,Y,Y,21,3,Y,36,11,1,22,2,61,12,4,4,8,8,21,15,17,190,33,49,30,14,5,,1,2121,1,,Y,Y,A1100009,24,,0,5,7,9,,24,37,,47,28,,,1,,6,1,12,1,12,2,0,,,,2,0,0,4,5,26,2,13,12,6,2,1,,,,,,,,,,,,,,,,,,,
2026-10-01 03:00:00,서울특별시,A1100011,가톨릭대학교여의도성모병원,20261001025510,02-1661-7575,,,,,,1,4,2,,0,Y,,Y,Y,Y,Y,Y,Y,7,Y,9,Y,,N1,Y,,13,N1,15,,1,4,2,,,,13,1,2,2,2,2,23,,,5,1,2,,,330,,,Y,N1,A1100011,25,,-2,-1,1,,,10,8,,1,,,,,,,,,0,9,,,,,,,,,,,,,,,,,,,,,,,,,,,,,,,,,,,,
2026-10-01 03:00:00,서울특별시,A1100055,한림대학교 강남성심병원,20261001025107,02-829-5114,Y,Y,,,3,3,2,0,1,,Y,,Y,Y,Y,Y,Y,Y,17,Y,116,Y,,Y,Y,3,14,N1,20,3,3,2,2,12,,3,14,,3,3,3,3,54,21,22,13,3,2,,,493,,,Y,Y,A1100055,26,,1,7,3,,,21,23,,7,,,,,,,4,10,,,,,,,,,,,,,,,,,,,,,,,,,,,,,,,,,,,,,,
2026-10-01 03:00:00,서울특별시,A1100054,성애의료재단성애병원,20261001025359,02-840-7114,Y,Y,,,,1,4,,,,Y,,Y,Y,Y,Y,Y,Y,13,N1,23,N1,1,Y,Y,4,5,N1,15,,1,4,,4,19,,5,,2,2,2,1,8,5,14,2,,,,,252,,,Y,Y,A1100054,27,,,,0,,,,,,1,,,,,,,,,,,,,,,,,,,,,,,,,,,,,,,,,,,,,,,,,,,,,,
2026-10-01 03:00:00,서울특별시,A1100004,순천향대학교부속서울병원,20261001025425,02-709-9114,Y,Y,,,3,1,2,0,1,0,Y,,Y,Y,Y,Y,Y,Y,12,Y,93,Y,1,Y,Y,-2,13,N1,20,4,1,2,2,13,43,3,14,4,7,3,3,4,51,8,17,14,5,3,,,597,,,Y,Y,A1100004,28,,,,1,5,,,,,10,21,,,,,,,,,,,,,0,0,,,,,,,,,,,,,,0,0,,,0,0,,,,,,,,,,,,
2026-10-01 03:00:00,서울특별시,A1121013,가톨릭대학교은평성모병원,20261001025509,02-1811-7755,Y,Y,,,7,1,2,,,1,Y,,Y,Y,Y,Y,Y,Y,13,Y,104,Y,,Y,Y,3,19,N1,24,8,2,2,,19,,,19,5,1,4,3,5,46,19,22,10,5,20,,,651,,,Y,Y,A1121013,29,,0,0,0,,,16,9,,4,,,,,,,0,12,-1,13,,,,,,,,,,,,,,,,,,,,,,,,,,,,,,,,,,,,
2026-10-01 03:00:00,서울특별시,A1100006,강북삼성병원,20261001025528,02-2001-2001,Y,Y,,,2,1,2,,,1,Y,,Y,Y,Y,Y,Y,Y,1,Y,38,Y,3,Y,Y,-1,16,N1,15,2,1,2,,14,24,,16,2,1,5,4,6,54,13,14,8,4,3,,,543,,,Y,Y,A1100006,30,,,2,2,9,,,4,,5,18,,,,,,,,1,12,,,,,,,,,,2,,,,8,,,,,,,,,,,,,,,,,,,,,,
2026-10-01 03:00:00,서울특별시,A1100052,국립중앙의료원,20261001025505,02-2260-7114,N,Y,,0,3,2,2,2,0,1,Y,,Y,Y,Y,Y,Y,Y,14,Y,0,Y,1,Y,Y,,7,N1,15,3,2,3,6,,13,0,7,7,1,1,1,2,56,1,3,5,5,2,,,202,,0,Y,N,A1100052,31,,,0,0,,5,,0,20,2,,,,,,,,,,,,,0,,0,,,,,,,,,,,,,0,,0,,,4,5,2,6,2,6,15,2,50,2,,,,
2026-10-01 03:00:00,서울특별시,A1100036,부민병원,20261001025231,1577-7582,,Y,,,,1,,,,1,Y,,Y,Y,Y,Y,Y,Y,10,Y,54,N1,3,Y,Y,,8,N1,10,,1,,,,14,,8,3,1,3,3,1,22,,1,2,1,,,,282,,,Y,N1,A1100036,32,,,,0,,,,,,1,,,,,,,,,,,,,,,,,,,,,,,,,,,,,,,,,,,,,,,,,,,,,,
2026-10-01 03:00:00,서울특별시,A1100051,혜민병원,20261001025224,02-2049-9000,,,,,,1,,,,,,,Y,,Y,N1,Y,Y,8,N1,19,N1,8,N1,Y,,5,N1,9,,1,,,,19,,5,,,2,2,,16,,,2,,,,,205,,,Y,N1,A1100051,33,,,,,,,,,,,,,,,,,,,,,,,,,,,,,,,,,,,,,,,,,,,,,,,,,,,,,,,,
2026-10-01 03:00:00,서울특별시,A1100026,구로성심병원,20261001025402,02-2067-1500,,,,,,,1,,,,,,Y,,Y,N1,N1,Y,5,N1,35,N1,4,N1,Y,,3,N1,9,,,1,,,11,,3,,,1,1,,5,,,,,,,,191,,,Y,N1,A1100026,34,,,,,,,,,,,,,,,,,,,,,,,,,,,,,,,,,,,,,,,,,,,,,,,,,,,,,,,,
2026-10-01 03:00:00,서울특별시,A1100049,희명병원,20261001025456,02-804-0002,,,,,,,1,,,,,,Y,,Y,N1,Y,Y,10,Y,111,N1,8,N1,Y,,4,N1,10,,,1,,,19,,4,,,1,1,,9,,,1,1,,,,228,,,Y,N1,A1100049,35,,,,,,,,,,,,,,,,,,,,,,,,,,,,,,,,,,,,,,,,,,,,,,,,,,,,,,,,
2026-10-01 03:00:00,서울특별시,A1100027,한국원자력의학원원자력병원,20261001025302,02-970-2114,,Y,,,,1,1,,,0,Y,,Y,Y,Y,Y,Y,Y,8,N1,133,N1,6,Y,Y,,10,N1,9,,1,1,,,10,,10,1,1,4,2,1,16,,2,1,,,,,444,,,Y,N1,A1100027,36,,,,1,,,,,,1,,,,,,,,,,,,,,,,,,,,,,,,,,,,,,,,,1,1,,,,,,,,,,,,
2026-10-01 03:00:00,서울특별시,A1100022,서울특별시동부병원,20261001025520,02-920-9114,,Y,,,,1,1,,,,Y,,Y,,Y,N1,Y,Y,7,N1,34,N1,4,Y,Y,,3,N1,8,,1,1,,,8,,3,,1,1,1,,7,,1,1,,,,,195,,,Y,N1,A1100022,37,,,,0,,,,,,1,,,,,,,,,,,,,,,,,,,,,,,,,,,,,,,,,,,,,,,,,,,,,,
2026-10-01 03:00:00,서울특별시,A1100050,서울성심병원,20261001025252,02-966-1616,,,,,,1,2,,,,,,Y,,Y,N1,N1,Y,17,N1,73,N1,5,N1,Y,,6,N1,17,,1,2,,,10,,6,,,1,1,,11,,,,,,,,208,,,Y,N1,A1100050,38,,,,,,,,,,,,,,,,,,,,,,,,,,,,,,,,,,,,,,,,,,,,,,,,,,,,,,,,
2026-10-01 03:00:00,서울특별시,A1100025,의료법인동신의료재단동신병원,20261001025253,02-396-9161,,,,,,,1,,,,,,Y,,Y,N1,N1,Y,9,N1,41,N1,2,N1,Y,,3,N1,9,,,1,,,9,,3,,,1,1,,7,,,,,,,,196,,,Y,N1,A1100025,39,,,,,,,,,,,,,,,,,,,,,,,,,,,,,,,,,,,,,,,,,,,,,,,,,,,,,,,,
2026-10-01 03:00:00,서울특별시,A1122033,기쁨병원,20261001025448,02-570-1234,,,,,,,1,,,,,,Y,Y,Y,Y,N1,Y,2,N1,59,N1,,N1,Y,,8,N1,4,,,1,,,,,8,,,1,1,1,1,,,,,,,,110,,,Y,N1,A1122033,40,,,,,,,,,,,,,,,,,,,,,,,,,,,,,,,,,,,,,,,,,,,,,,,,,,,,,,,,
2026-10-01 03:00:00,서울특별시,A1100019,홍익병원,20261001025315,02-2693-5555,,,,,,,1,,,0,,,Y,Y,Y,Y,N,Y,6,N1,73,N1,8,N1,Y,,4,N1,9,,,1,,,14,,4,1,,4,2,2,7,,,1,,,,,251,,,Y,N1,A1100019,41,,,,1,,,,,,1,,,,,,,,,,,,,,,,,,,,,,,,,,,,,,,,,,,,,,,,,,,,,,
2026-10-01 03:00:00,서울특별시,A1100223,서울특별시서남병원,20261001025000,1566-6688,,,,0,,1,2,1,0,4,,,Y,,Y,N1,Y,Y,14,Y,25,Y,9,N1,Y,,4,N1,17,,1,2,2,,17,3,4,4,,2,1,,16,,,1,1,1,,,275,,0,Y,N1,A1100223,42,,,,0,,,,,,1,,,,,,,,,,,,,,,,,,,,,,,,,,,,,,,,,,,,,,,,,,,,,,
2026-10-01 03:00:00,서울특별시,A1100024,명지성모병원,20261001025520,02-1899-1475,,,,,,1,1,,,,,,Y,Y,Y,Y,N1,Y,5,N1,57,N1,6,N1,Y,,3,N1,8,,1,1,,,12,,3,,,1,3,2,7,,,,,,,,212,,,Y,N1,A1100024,43,,,,1,,,,,,1,,,,,,,,,,,,,,,,,,,,,,,,,,,,,,,,,,,,,,,,,,,,,,
2026-10-01 03:00:00,서울특별시,A1100037,대림성모병원,20261001025224,02-829-9000,,,,,,,2,,,,,,Y,,Y,N1,N1,Y,7,N1,32,N1,,N1,Y,,4,N1,8,,,2,,,,,4,,,1,2,,1,,,,,,,,114,,,Y,N1,A1100037,44,,,,,,,,,,,,,,,,,,,,,,,,,,,,,,,,,,,,,,,,,,,,,,,,,,,,,,,,
2026-10-01 03:00:00,서울특별시,A1100045,씨엠병원,20261001024500,02-2678-0001,,,,,,,1,,,,,,Y,,Y,N1,N1,Y,9,N1,29,N1,,N1,Y,,5,N1,9,,,1,,,,,5,,,2,2,,6,,,,,,,,110,,,Y,N1,A1100045,45,,,,,,,,,,,,,,,,,,,,,,,,,,,,,,,,,,,,,,,,,,,,,,,,,,,,,,,,
2026-10-01 03:00:00,서울특별시,A1100023,의료법인청구성심병원,20261001025240,02-350-3300,,,,,,,1,,,,,,Y,,Y,N1,N1,Y,9,N1,26,N1,1,N1,Y,,3,N1,10,,,1,,,6,,3,,,1,1,,4,,,,,,,,196,,,Y,N1,A1100023,46,,,,,,,,,,,,,,,,,,,,,,,,,,,,,,,,,,,,,,,,,,,,,,,,,,,,,,,,
2026-10-01 03:00:00,서울특별시,A1100029,서울적십자병원,20261001025403,02-2002-8000,,,,,,1,,,,,,,Y,,Y,N1,Y,Y,8,N1,107,N1,7,N1,Y,,6,N1,10,,1,,,,12,,6,,,1,1,,11,,,2,,,,,260,,,Y,N1,A1100029,47,,,,,,,,,,,,,,,,,,,,,,,,,,,,,,,,,,,,,,,,,,,,,,,,,,,,,,,,
2026-10-01 03:00:00,서울특별시,A1100032,세란병원,20261001025506,02-737-0181,,,,,,,1,,,,,,Y,,Y,N1,N1,Y,10,N1,36,N1,,N1,Y,,13,N1,10,,,1,,,,,13,,,3,5,,3,,,,,,,,205,,,Y,N1,A1100032,48,,,,,,,,,,,,,,,,,,,,,,,,,,,,,,,,,,,,,,,,,,,,,,,,,,,,,,,,
2026-10-01 03:00:00,서울특별시,A1100075,의료법인풍산의료재단동부제일병원,20261001025010,02-437-5011,,,,,,,1,,,,,,Y,,Y,N1,N1,Y,6,N1,49,N1,,N1,N,,2,N1,7,,,1,,,,,2,,,1,1,,3,,,,,,,,124,,,Y,N1,A1100075,49,,,,,,,,,,,,,,,,,,,,,,,,,,,,,,,,,,,,,,,,,,,,,,,,,,,,,,,,
2026-10-01 03:00:00,서울특별시,A1100044,녹색병원,20261001025506,02-490-2000,,,,,,1,4,,,0,N,,Y,,Y,N1,Y,Y,2,N1,70,N1,6,N1,Y,,3,N1,5,,1,4,,,17,,3,3,1,2,1,,22,,,1,,,,,293,,,Y,N1,A1100044,50,,,,1,,,,,,3,,,,,,,,,,,,,,,,,,,,,,,,,,,,,,,,,,,,,,,,,,,,,,
2026-10-01 03:00:00,경기도,A2100042,의료법인명지의료재단명지병원,20261001025500,031-810-5114,Y,Y,1,0,0,0,2,4,15,0,Y,Y,Y,Y,Y,Y,Y,Y,9,Y,140,Y,10,Y,Y,3,6,Y,15,0,0,3,16,3,31,28,13,0,2,6,3,5,49,4,5,8,5,2,1,2,443,4,0,Y,Y,A2100042,1,3,,,4,0,,,,,4,0,3,2,1,2,3,,,,,,3,0,0,0,,,,,,,,,,,,3,0,0,0,0,2,,,,,,,,,,,0,0,0,0
2026-10-01 03:00:00,경기도,A2100033,국민건강보험공단일산병원,20261001025505,1577-0013,Y,Y,1,0,4,2,3,0,2,1,Y,,Y,Y,Y,Y,Y,Y,14,Y,124,N1,,Y,Y,0,2,N1,23,5,2,3,19,25,,29,2,4,2,4,3,3,58,8,28,13,5,,,,659,1,0,Y,Y,A2100033,2,,1,0,0,7,,10,16,,11,28,,,,,,1,6,,,,,0,0,0,,,,,,,,,,,,,0,0,0,1,1,,,,,,,,,,,,,,
2026-10-01 03:00:00,경기도,A2100005,순천향대학교부속부천병원,20261001025121,032-621-5114,Y,Y,,,5,0,0,2,13,2,Y,Y,Y,Y,Y,Y,Y,Y,7,Y,121,Y,2,Y,Y,4,20,Y,17,5,0,0,20,24,22,34,21,7,1,4,3,5,71,9,31,17,4,3,1,1,674,,,Y,Y,A2100005,3,2,2,4,1,,,16,15,,8,,2,1,,3,,,,,,,,0,,0,,,,,,,,,,,,,0,,0,,,,,,5,,5,,,,,,0,,0
2026-10-01 03:00:00,경기도,A2100001,분당서울대학교병원,20261001025100,031-787-2114,Y,Y,,,1,2,2,1,11,1,Y,,Y,Y,Y,Y,Y,Y,-19,Y,248,Y,1,Y,Y,0,39,N1,30,5,2,3,15,35,8,30,39,3,3,11,11,11,128,17,39,16,8,8,,,1247,,,Y,Y,A2100001,4,,2,4,0,2,,13,13,,1,15,,,3,,5,2,9,0,10,,,,5,,0,,,,,6,,,,,,,,5,,,,,,,1,,2,,,,,,9,,9
2026-10-01 03:00:00,경기도,A2100030,차의과학대학교분당차병원,20261001025349,031-780-5000,Y,Y,0,,8,,,3,19,,Y,,Y,Y,Y,Y,Y,Y,12,Y,43,Y,,Y,Y,3,26,N1,22,11,,,14,35,,43,26,,8,5,3,4,40,26,46,6,2,2,,,717,2,,Y,Y,A2100030,5,1,0,4,0,3,,8,9,,4,22,2,3,0,3,2,0,6,1,7,1,1,,0,0,0,0,6,,,2,2,,,6,1,1,,0,1,,,0,0,,,,,,,,,,,,
2026-10-01 03:00:00,경기도,A2100002,아주대학교병원,20261001025419,031-219-5114,Y,Y,,,8,0,0,3,1,1,Y,,Y,Y,Y,Y,Y,Y,12,Y,63,Y,,Y,Y,0,25,N1,30,9,0,0,16,36,,42,25,8,3,8,6,9,126,27,34,32,9,7,,,792,,,Y,Y,A2100002,6,2,2,0,0,13,3,14,10,40,3,20,2,3,1,6,2,1,7,4,13,1,1,,,0,,0,0,1,2,,2,6,11,6,1,4,,,0,,,0,0,2,6,2,6,8,3,60,3,,0,,0
2026-10-01 03:00:00,경기도,A2100003,고려대학교의과대학부속안산병원,20261001025449,031-1577-7516,Y,Y,0,,4,,2,2,6,5,Y,,Y,Y,Y,Y,Y,Y,16,Y,65,Y,0,Y,Y,1,20,N1,22,4,,3,18,25,4,30,20,10,2,3,4,4,66,15,19,8,5,3,,,605,2,,Y,Y,A2100003,7,1,0,5,0,11,,11,18,,3,16,2,1,,3,,0,6,,,,,,,,,,,,,,,,,,,,,,,,,,,,,,,,,,,,,,
2026-10-01 03:00:00,경기도,A2100004,한림대학교성심병원,20261001025457,031-380-1500,Y,Y,0,,3,2,3,7,18,0,Y,Y,Y,Y,Y,Y,Y,Y,19,Y,79,Y,,Y,Y,7,19,N1,25,3,2,4,19,9,,30,19,14,2,4,3,6,102,8,10,20,14,2,1,,593,1,,Y,Y,A2100004,8,0,0,1,1,13,,27,16,,3,20,0,5,,5,,,,,,,,,,,,,,0,6,,,8,18,,,,,,,,,,,,,,,,,,,,,,
2026-10-01 03:00:00,경기도,A2100040,가톨릭대학교의정부성모병원,20261001025508,1661-7500,Y,Y,1,,11,2,4,4,10,,Y,,Y,Y,Y,Y,Y,Y,24,Y,53,Y,4,Y,Y,0,13,N1,42,11,2,4,18,15,26,30,13,,3,4,3,4,54,10,28,12,4,3,,,519,1,,Y,Y,A2100040,9,,,,0,,3,,,20,4,,,,0,,1,0,6,,,,,,,,,,,,,,,,,,,,,,,,,,,2,6,2,6,4,2,53,2,,,,
2026-10-01 03:00:00,경기도,A2100047,동국대학교일산불교병원,20261001025521,031-1577-7000,Y,Y,,,3,1,3,1,3,0,Y,,Y,Y,Y,Y,Y,Y,15,Y,108,Y,,Y,Y,7,12,N1,19,3,1,3,2,13,,3,12,0,8,2,2,2,19,13,25,4,2,1,,,460,,,Y,Y,A2100047,10,,2,1,0,7,,15,12,,4,15,,,,,,,,,,,,,,,,,,,,,,,,,,,,,,,,3,3,,,,,,,,,,,,
2026-10-01 03:00:00,경기도,A2100038,인제대학교일산백병원,20261001025234,031-910-7114,N,N,,,,3,2,,,0,Y,,Y,Y,Y,Y,Y,Y,25,Y,88,Y,,N,Y,,17,N1,34,,3,3,,,,,17,2,3,3,3,4,54,18,22,7,3,1,,,559,,,Y,N,A2100038,11,,1,0,0,2,,25,32,,4,16,,,,,,,,,,,,,,,,,,,0,,,,4,,,,,,,,,,,,,,,,,,,,,,
2026-10-01 03:00:00,경기도,A2118788,중앙대학교광명병원,20261001025507,1811-7800,Y,Y,,,,1,2,,,0,Y,,Y,Y,Y,Y,Y,Y,20,Y,82,Y,4,Y,Y,2,16,N1,21,,1,2,,16,24,,17,2,2,2,2,5,28,6,16,5,4,10,,,576,,,Y,Y,A2118788,12,0,,,2,,,,,,6,,0,0,,0,,3,5,,,,,,,,,,,3,,,,5,,,,,,,,,,,,,,,,,,,,,,,
2026-10-01 03:00:00,경기도,A2100007,광명성애병원,20261001025509,02-2680-7114,Y,Y,,7,4,1,3,,,,Y,,Y,Y,Y,Y,Y,Y,7,N1,37,N1,7,Y,Y,,5,N1,11,4,1,4,,,13,,5,,2,2,2,1,12,2,5,1,,,,,189,,50,Y,Y,A2100007,13,,,,0,,,,,,1,,,,,,,,,,,,,,,,,,,,,,,,,,,,,,,,,,,,,,,,,,,,,,
2026-10-01 03:00:00,경기도,A2100155,참조은병원,20261001025359,1600-9955,,,,,1,1,3,,,1,,,Y,Y,Y,Y,Y,Y,5,N1,21,Y,-3,N1,Y,,7,N1,9,1,1,3,,,22,,7,2,,3,3,2,18,,,3,,2,,,286,,,Y,N1,A2100155,14,,,,3,,,,,,3,,,,,,,,,,,,,,,0,,,,,,,,,,,,,,,0,,,6,6,,,,,,,,,,0,,0
2026-10-01 03:00:00,경기도,A2100039,한양대학교구리병원,20261001025300,031-1644-9118,Y,Y,,,,1,4,,,1,Y,,Y,Y,Y,Y,Y,Y,15,Y,41,Y,,Y,Y,3,10,N1,18,,1,4,,10,,,10,5,1,3,2,3,21,6,14,4,2,2,,,489,,,Y,Y,A2100039,15,,0,4,,,,17,14,,,,,,,,,,,,,,,,,,,,,,,,,,,,,,,,,,,,,,,,,,,,,,,,
2026-10-01 03:00:00,경기도,A2100054,효산의료재단지샘병원,20261001025439,031-389-3000,,,,,,2,1,,,0,,,Y,Y,Y,Y,Y,Y,16,N1,61,N1,5,N1,Y,,5,N1,18,,2,1,,,18,,7,2,,2,1,3,11,,,2,,,,,368,,,Y,N1,A2100054,16,,,,1,,,,,,1,,,,,,,,,,,,,,,,,,,,,,,,,,,,,,,,,1,1,,,,,,,,,,,,
2026-10-01 03:00:00,경기도,A2100048,원광대학교산본병원,20261001025424,031-390-2300,,,,,,1,2,,,,Y,,Y,Y,Y,Y,Y,Y,16,N1,68,N1,2,N1,Y,,5,N1,17,,1,2,,,12,,5,,1,1,1,1,1,,,2,,,,,188,,,Y,N1,A2100048,17,,,,,,,,,,,,,,,,,,,,,,,,,,,,,,,,,,,,,,,,,,,,,,,,,,,,,,,,
2026-10-01 03:00:00,경기도,A2100053,의료법인우리의료재단김포우리병원,20261001025443,031-999-1000,,,,0,,1,6,,,0,,,Y,Y,Y,Y,Y,Y,15,Y,14,Y,3,N1,Y,,7,N1,22,,1,6,,,36,,7,11,,2,2,2,48,,,4,1,2,,,477,,0,Y,N1,A2100053,18,,,,0,,,,,,1,,,,,,,,,,,,,,,0,,,,,,,,,,,,,,,0,,,,,,,,,,,,,,0,,0
2026-10-01 03:00:00,경기도,A2100006,의료법인인봉의료재단뉴고려병원,20261001025233,031-998-8129,,,,,,1,2,,,,,,Y,Y,Y,Y,Y,Y,9,N1,65,N1,0,N1,Y,,6,N1,14,,1,2,,,24,,6,,,2,2,2,7,,,1,,,,,278,,,Y,N1,A2100006,19,,,,3,,,,,,10,,,,,,,,,,,,,,,,,,,,,,,,,,,,,,,,,2,3,,,,,,,,,,,,
2026-10-01 03:00:00,경기도,A2100041,남양주한양병원,20261001025534,031-510-0114,,,,,,1,2,0,2,,,,Y,Y,Y,Y,Y,Y,17,N1,78,N1,0,N1,Y,,,Y,17,,1,2,4,,15,4,,,,2,2,1,33,,,2,,,,1,240,,,Y,N1,A2100041,20,,,,10,,,,,,20,,,,,,,,,,,,,,,,,,,,,,,,,,,,,,,,,,,,,,,,,,,,,,
2026-10-01 03:00:00,경기도,A2100037,현대병원,20261001024957,031-574-9118~9,,,,,,1,2,,,,,,Y,Y,Y,Y,Y,Y,14,N1,62,Y,0,N1,Y,,7,N1,17,,1,2,,,19,,7,,,2,2,2,50,,,17,,2,,,342,,,Y,N1,A2100037,21,,,,1,,,,,,20,,,,,,,,,,,,,,,,,,,,,,,,,,,,,,,,,,,,,,,,,,,,,,
2026-10-01 03:00:00,경기도,A2100055,부천세종병원,20261001025510,1599-6677,Y,Y,,,,1,2,0,0,3,Y,,Y,Y,Y,Y,Y,Y,15,Y,78,Y,1,Y,Y,,6,N1,17,,1,2,2,,20,3,6,6,1,2,1,5,18,1,1,5,4,1,,,268,,,Y,Y,A2100055,22,,,,0,,,,,,2,,,,,,,,,,,,,,,,,,,,,,,,,,,,,,,,,,,,,,,,,,,,,,
2026-10-01 03:00:00,경기도,A2100052,가톨릭대학교부천성모병원,20261001025508,032-1577-0675,Y,Y,,,,2,1,,,3,Y,,Y,Y,Y,Y,Y,Y,25,Y,64,Y,,Y,Y,8,14,N1,31,,2,1,,10,,,14,4,3,3,3,3,28,4,14,11,1,2,,,562,,,Y,Y,A2100052,23,,1,1,1,,,16,12,,4,,,,,,,,,8,18,,,,,,,,,,,,,,,,,,,,,,,3,3,,,,,,,,,,,,
2026-10-01 03:00:00,경기도,A2100025,대진의료재단분당제생병원,20261001025500,031-779-0114,Y,Y,,,3,1,2,1,1,0,Y,Y,Y,Y,Y,Y,Y,Y,6,Y,60,Y,,Y,Y,2,9,N1,24,3,1,2,2,3,,3,9,2,2,4,3,3,22,1,5,5,2,3,1,,481,,,Y,Y,A2100025,24,,5,4,2,,,10,13,,4,,,,,,,,,,,,,,7,,,,,,,,,,,,,,,7,,,,,,,,,,,,,,,,,
2026-10-01 03:00:00,경기도,A2116806,성남시의료원,20261001025500,031-738-7000,,,,,6,2,4,2,3,28,,,Y,Y,Y,Y,Y,Y,13,Y,88,Y,,N1,Y,,8,Y,17,6,2,4,2,,,4,8,28,,3,2,2,31,,,6,3,1,,2,237,,,Y,N1,A2116806,25,,,16,5,,,,23,,5,,,,,,,,,,,,,,,,,,,,,,,,,,,,,,,,,,,,,,,,,,,,,,
2026-10-01 03:00:00,경기도,A2117135,의료법인명인의료재단화홍병원,20261001024630,031-278-0119,Y,,,,,2,3,,,,,,Y,,Y,N1,N1,Y,12,Y,31,N1,7,N1,Y,,6,Y,15,,2,3,,,29,,6,,,2,2,,4,1,,,1,,,1,228,,,Y,Y,A2117135,26,,,,0,,,,,,1,,,,,,,,,,,,,,,,,,,,,,,,,,,,,,,,,,,,,,,,,,,,,,
2026-10-01 03:00:00,경기도,A2100009,의료법인녹산의료재단동수원병원,20261001025413,031-210-0114,,Y,,,,1,0,0,2,0,Y,,Y,Y,Y,Y,Y,Y,14,N1,74,N1,8,Y,Y,,5,N1,17,,1,2,2,,18,4,5,1,1,2,2,1,15,,4,1,,,,,335,,,Y,N1,A2100009,27,,,,0,,,,,,3,,,,,,,,,,,,,,,,,,,,,,,,,,,,,,,,,,,,,,,,,,,,,,
2026-10-01 03:00:00,경기도,A2100012,가톨릭대학교성빈센트병원,20261001025507,031-1577-8588,Y,Y,,,6,2,2,2,4,0,Y,,Y,Y,Y,Y,Y,Y,20,Y,59,Y,,Y,Y,1,19,N1,28,6,2,2,4,18,,8,19,11,2,5,4,6,52,7,18,12,4,4,,,650,,,Y,Y,A2100012,28,,3,5,1,7,,20,11,,5,30,,,,,,4,8,2,15,1,1,,,,,2,6,,4,,2,,8,6,1,1,,,,,,,,,,,,,,,,,,,
2026-10-01 03:00:00,경기도,A2100008,의료법인남촌의료재단시화병원,20261001025455,031-1811-7000,,,,,5,1,5,,,1,Y,,Y,Y,Y,Y,Y,Y,15,Y,56,N1,19,N1,Y,,7,N1,16,5,1,5,,,52,,7,1,1,3,3,2,29,,,4,2,,,,461,,,Y,N1,A2100008,29,,,,1,,,,,,1,,,,,,,,,,,,,,,,,,,,,,,,,,,,,,,,,,,,,,,,,,,,,,
2026-10-01 03:00:00,경기도,A2100017,대아의료재단한도병원,20261001025406,031-8040-1114,,,,,,1,2,,,,,,Y,Y,Y,Y,Y,Y,16,N1,41,N1,9,N1,Y,,6,N1,17,,1,2,,,29,,6,,,3,2,2,15,,,3,,,,,327,,,Y,N1,A2100017,30,,,,0,,,,,,1,,,,,,,,,,,,,,,,,,,,,,,,,,,,,,,,,,,,,,,,,,,,,,
2026-10-01 03:00:00,경기도,A2100015,효산의료재단안양샘병원,20261001025252,031-467-9114,,,,,,1,2,,,,,,Y,Y,Y,Y,Y,Y,12,Y,73,N1,,N1,Y,,6,N1,17,,1,2,,,,,6,,,2,1,2,12,,,2,1,,,,307,,,Y,N1,A2100015,31,,4,0,1,,,9,9,,1,,,,,,,,,,,,,,,,,,,,,,,,,,,,,,,,,,,,,,,,,,,,,,
2026-10-01 03:00:00,경기도,A2100024,오산한국병원,20261001025425,031-379-8300,,,,,,1,2,2,3,0,,,Y,Y,Y,Y,Y,Y,15,N1,45,Y,3,N1,Y,,5,N1,17,,1,2,2,,32,3,5,2,,2,2,2,17,,,2,,1,,,259,,,Y,N1,A2100024,32,,,,0,,,,,,1,,,,,,,,,,,,,,,,,,,,,,,,,,,,,,,,,,,,,,,,,,,,,,
2026-10-01 03:00:00,경기도,A2100020,연세대학교의과대학용인세브란스병원,20261001025138,1899-1004,Y,Y,,,6,1,3,,,2,Y,,Y,Y,Y,Y,Y,Y,15,Y,85,Y,,Y,Y,1,15,N1,16,6,1,3,,12,,,15,4,2,3,3,4,31,6,18,6,3,4,,,597,,,Y,Y,A2100020,33,,1,0,1,,,19,16,,2,,,,,,,,,,,,,,,,,,,,,,,,,,,,,,,,,,,,,,,,,,,,,,
2026-10-01 03:00:00,경기도,A2100029,강남병원,20261001025454,031-300-0114,,,,,,1,2,2,3,,,,Y,,Y,N1,Y,Y,16,N1,47,N1,11,N1,Y,,4,N1,17,,1,2,2,,30,3,4,,,2,2,,7,,,2,,,,,264,,,Y,N1,A2100029,34,,,,0,,,,,,1,,,,,,,,,,,,,,,,,,,,,,,,,,,,,,,,,,,,,,,,,,,,,,
2026-10-01 03:00:00,경기도,A2100019,(의)영문의료재단다보스병원,20261001025346,031-8021-2114,,,,,,1,2,1,0,,,,Y,Y,Y,Y,Y,Y,12,N1,0,N1,-1,N1,Y,,6,N1,13,,1,2,2,,23,3,6,,,1,1,1,7,,,2,,,,,222,,,Y,N1,A2100019,35,,,,0,,,,,,1,,,,,,,,,,,,,,,,,,,,,,,,,,,,,,,,,4,4,,,,,,,,,,,,
2026-10-01 03:00:00,경기도,A2117994,학교법인을지학원의정부을지대학교병원,20261001025100,031-951-1000,Y,Y,,,0,1,2,,,0,Y,,Y,Y,Y,Y,Y,Y,24,Y,166,Y,,Y,Y,2,12,N1,30,0,1,2,,5,,,14,6,8,3,3,4,48,5,5,6,3,2,,,588,,,Y,Y,A2117994,36,,9,5,2,12,,28,21,,2,22,,,,,,,,,,,,,,,,,,,,,,,,,,,,,,,,0,0,0,0,0,0,,,,,,,,
2026-10-01 03:00:00,경기도,A2100193,경기도의료원이천병원,20261001025402,031-630-4200,,,,,,1,1,2,1,6,,,Y,,Y,N1,N1,Y,16,N1,45,N1,2,N1,Y,,4,N1,17,,1,2,2,,6,3,4,6,,1,1,,8,,,,,,,,187,,,Y,N1,A2100193,37,,,,2,,,,,,2,,,,,,,,,,,,,,,,,,,,,,,,,,,,,,,,,,,,,,,,,,,,,,
2026-10-01 03:00:00,경기도,A2100035,경기도의료원파주병원,20261001025402,031-940-9100,,,,,,1,2,0,2,,Y,,Y,,Y,N1,N1,Y,16,N1,77,N1,5,N1,Y,,3,N1,17,,1,2,2,,8,3,3,,1,1,1,,9,,,,,,,,189,,,Y,N1,A2100035,38,,,,,,,,,,,,,,,,,,,,,,,,,,,,,,,,,,,,,,,,,,,,,,,,,,,,,,,,
2026-10-01 03:00:00,경기도,A2100028,의료법인백송의료재단굿모닝병원,20261001025327,031-5182-7700,,,,,,2,1,,,,,,Y,Y,Y,Y,Y,Y,15,Y,21,N1,3,N1,Y,,6,Y,19,,2,1,,,27,,7,,,5,3,3,23,,,5,3,,,1,392,,,Y,N1,A2100028,39,,,,1,,,,,,3,,,,,,,,,,,,,,,,,,,,,,,,,,,,,,,,,3,6,,,,,,,,,,,,
2026-10-01 03:00:00,경기도,A2113246,의료법인양진의료재단평택성모병원,20261001025335,031--1800-8800,,,,0,,1,2,2,2,,,,Y,Y,Y,Y,Y,Y,10,N1,50,N1,3,N1,Y,,6,N1,17,,1,2,2,,34,3,6,,,3,3,2,8,,,2,,,,,329,,0,Y,N1,A2113246,40,,,,2,,,,,,2,,,,,,,,,,,,,,,,,,,,,,,,,,,,,,,,,,,,,,,,,,,,,,
2026-10-01 03:00:00,경기도,A2100031,경기도의료원포천병원,20261001025501,031-539-9114,,Y,,,,1,2,2,3,1,Y,,Y,,Y,N1,N1,Y,16,N1,48,N1,1,Y,Y,,4,N1,17,,1,2,2,,8,3,4,3,3,1,1,,7,,2,,,,,,134,,,Y,N1,A2100031,41,,,,0,,,,,,0,,,,,,,,,,,,,,,,,,,,,,,,,,,,,,,,,,,,,,,,,,,,,,
2026-10-01 03:00:00,경기도,A2100046,한림대학교동탄성심병원,20261001025102,031-8086-3000,Y,Y,,,9,,,,,2,Y,Y,Y,Y,Y,Y,Y,Y,24,Y,131,Y,,Y,Y,11,20,Y,32,9,,,,13,,,20,11,1,6,3,6,51,8,16,17,5,5,1,1,535,,,Y,Y,A2100046,42,1,11,0,8,,,28,13,,11,,1,2,,2,,0,9,,,,,,,,,,,8,,,,13,,,,,,,,,,,,,,,,,,,,,,,
2026-10-01 03:00:00,경기도,A2100290,의료법인자인의료재단더자인병원,20261001025528,031-930-3114,,,,,,2,2,0,0,,,,Y,Y,Y,Y,Y,Y,16,N1,49,N1,4,N1,N,,5,N1,16,,2,2,2,,9,3,5,,,2,2,1,15,,,1,,,,,234,,,Y,N1,A2100290,43,,,,0,,,,,,3,,,,,,,,,,,,,,,,,,,,,,,,,,,,,,,,,,,,,,,,,,,,,,
2026-10-01 03:00:00,경기도,A2100049,국립암센터,20261001025200,031-920-0114,,N,,,,,0,,,,,,Y,Y,Y,Y,Y,Y,1,Y,58,Y,11,N,Y,,18,N1,24,,,1,,,19,,18,,,7,5,3,29,,1,8,2,7,,,554,,,Y,N1,A2100049,44,,,,8,,,,,,9,,,,,,,,,,,,,,,,,,,,,,,,,,,,,,,,,,,,,,,,,,,,,,
2026-10-01 03:00:00,경기도,A2116972,의료법인성광의료재단일산차병원,20261001025354,031-782-8300,Y,Y,,,,,4,,,1,Y,,,,Y,N1,N1,N1,5,N1,25,N1,4,Y,N1,0,10,N1,6,,,4,,17,4,,10,1,9,,,,4,11,19,,,,,,179,,,Y,Y,A2116972,45,,,,1,,,,,,1,,,,,,,,,,,,,,,,,,,,,,,,,,,,,,,,,,,,,,,,,,,,,,
2026-10-01 03:00:00,경기도,A2118188,엘병원,20261001025337,1899-3377,,,,,,,2,,,0,,,Y,,Y,N1,N1,Y,8,N1,39,N1,3,N1,Y,,3,N1,8,,,2,,,8,,3,1,,1,1,,2,,,,,,,,146,,,Y,N1,A2118188,46,,,,0,,,,,,1,,,,,,,,,,,,,,,,,,,,,,,,,,,,,,,,,,,,,,,,,,,,,,
2026-10-01 03:00:00,경기도,A2100050,의료법인대인의료재단다니엘종합병원,20261001025502,032-670-0001,,,,,,1,3,,,,,,Y,,Y,N1,N,Y,6,N1,25,N1,5,N1,Y,,3,N1,6,,1,3,,,30,,3,,,1,1,,17,,,1,,,,,169,,,Y,N1,A2100050,47,,,,0,,,,,,1,,,,,,,,,,,,,,,,,,,,,,,,,,,,,,,,,,,,,,,,,,,,,,
2026-10-01 03:00:00,경기도,A2100258,국군수도병원,20261001025015,031-725-6075,,,,,,0,,,,,,,Y,Y,Y,Y,Y,Y,15,Y,169,N1,5,N1,Y,,9,N1,16,,2,,,,12,,9,,,3,4,2,2,,,5,2,,,,530,,,Y,N1,A2100258,48,,,,1,9,14,,,20,1,15,,,,,,,,,,,,,,6,,,,,,,,,,,,,,,6,,,,,,,,,9,,40,,,2,,2
2026-10-01 03:00:00,경기도,A2100016,순천의료재단성남정병원,20261001025115,031-750-6000,,,,,,2,,,,,,,Y,,Y,N1,N1,Y,8,N1,77,N1,,N1,Y,,4,N1,9,,2,,,,,,4,,,1,1,,1,,,,,,,,98,,,Y,N1,A2100016,49,,,,,,,,,,,,,,,,,,,,,,,0,,33,,,,,,,,,,,,,0,,105,,,,,,,,,,,,,,,,
2026-10-01 03:00:00,경기도,A2121061,의료법인덕산의료재단수원덕산병원,20261001025504,031-686-2000,N,Y,,,3,1,2,1,0,0,Y,,Y,Y,Y,Y,Y,Y,24,Y,55,N1,5,Y,Y,,9,N1,24,3,1,2,2,,22,4,9,5,5,3,2,2,15,N,2,5,2,,,,403,,,Y,N,A2121061,50,,,,2,,,,,,3,,,,,,,,,,,,,,,,,,,,,,,,,,,,,,,,,,,,,,,,,,,,,,
2026-10-01 03:00:00,경기도,A2100032,경기도의료원수원병원,20261001025501,031-888-0114,,,,,,,2,,,2,,,Y,,Y,N1,N1,Y,7,N1,70,N1,8,N1,Y,,3,N1,8,,,2,,,9,,3,2,,1,1,,9,,,,,,,,156,,,Y,N1,A2100032,51,,,,,,,,,,,,,,,,,,,,,,,,,,,,,,,,,,,,,,,,,,,3,3,,,,,,,,,,,,
2026-10-01 03:00:00,경기도,A2100175,의료법인토마스의료재단윌스기념병원,20261001025323,031-223-2233,,,,,,1,2,0,0,,Y,,Y,Y,Y,Y,Y,Y,17,N1,27,N1,4,N1,Y,,10,N1,18,,1,2,2,,16,3,10,,1,1,4,1,1,,,1,,,,,275,,,Y,N1,A2100175,52,,,,1,,,,,,1,,,,,,,,,,,,,,,,,,,,,,,,,,,,,,,,,,,,,,,,,,,,,,
2026-10-01 03:00:00,경기도,A2100027,의료법인석경의료재단센트럴병원,20261001025335,031-8041-3000,,,,,,1,1,,,,,,Y,,Y,N1,Y,Y,16,N1,70,N1,0,N1,Y,,3,N1,18,,1,2,,,21,,3,,,2,2,,7,,,2,,,,,239,,,Y,N1,A2100027,53,,,,,,,,,,,,,,,,,,,,,,,,,,,,,,,,,,,,,,,,,,,,,,,,,,,,,,,,
2026-10-01 03:00:00,경기도,A2100013,의료법인록향의료재단신천연합병원,20261001025008,031-310-6300,,,,,,,1,,,,,,Y,,Y,N1,Y,Y,9,N1,17,N1,2,N1,Y,,3,N1,10,,,1,,,6,,3,,,1,1,,4,,,1,,,,,112,,,Y,N1,A2100013,54,,,,1,,,,,,1,,,,,,,,,,,,,,,,,,,,,,,,,,,,,,,,,,,,,,,,,,,,,,
2026-10-01 03:00:00,경기도,A2100021,의료법인플러스의료재단단원병원,20261001025620,031-8040-6600,,,,,,1,1,,,,,,Y,Y,Y,Y,Y,Y,15,Y,22,N1,4,N1,Y,,5,N1,17,,1,2,,,27,,5,,,1,1,2,8,,,2,1,,,,303,,,Y,N1,A2100021,55,,,,0,,,,,,1,,,,,,,,,,,,,,0,,,,,,,,,,,,,,,1,,,,,,,,,,,,,,,,,
2026-10-01 03:00:00,경기도,A2100014,근로복지공단안산병원,20261001025200,031-500-1114,,,,,,,1,,,1,,,Y,,Y,N1,N1,Y,7,N1,98,N1,13,N1,Y,,3,N1,7,,,1,,,18,,3,2,,1,1,,14,,,,,,,,359,,,Y,N1,A2100014,56,,,,1,,,,,,1,,,,,,,,,,,,,,,,,,,,,,,,,,,,,,,,,,,,,,,,,,,,,,
2026-10-01 03:00:00,경기도,A2100124,의료법인칠석의료재단사랑의병원,20261001024751,031-439-3000,,,,,,1,,,,,,,Y,,Y,N1,Y,Y,11,N1,26,N1,-1,N1,Y,,5,N1,13,,1,,,,14,,5,,,2,2,,8,,,1,,,,,206,,,Y,N1,A2100124,57,,,,,,,,,,,,,,,,,,,,,,,,,,,,,,,,,,,,,,,,,,,,,,,,,,,,,,,,
2026-10-01 03:00:00,경기도,A2100045,경기도의료원안성병원,20261001025502,031-8046-5000,,,,,,1,,,,8,,,Y,,Y,N1,N1,Y,14,N1,107,N1,10,N1,Y,,5,N1,14,,1,,,,13,,5,8,,1,1,,8,,,,,,,,178,,,Y,N1,A2100045,58,,,,2,,,,,,2,,,,,,,,,,,,,,,,,,,,,,,,,,,,,,,,,,,,,,,,,,,,,,
2026-10-01 03:00:00,경기도,A2100305,안성성모병원,20261001025342,031-675-6007,,,,,,,1,,,,,,Y,,Y,N1,N1,Y,9,N1,81,N1,4,N1,Y,,3,N1,9,,,1,,,20,,3,,,1,1,,7,,,,,,,,188,,,Y,N1,A2100305,59,,,,,,,,,,,,,,,,,,,,,,,,,,,,,,,,,,,,,,,,,,,,,,,,,,,,,,,,
2026-10-01 03:00:00,경기도,A2100089,양평병원,20261001025001,031-770-5000,N,N,,,,,1,,,,N,N,Y,N,Y,N,N,Y,9,N,17,N,,N,Y,,3,N,9,,,1,,,,,3,,0,1,1,0,1,0,0,0,0,0,0,0,90,,,Y,N,A2100089,60,,,,,,,,,,,,,,,,,,,,,,,,,,,,,,,,,,,,,,,,,,,,,,,,,,,,,,,,
2026-10-01 03:00:00,경기도,A2100194,세종여주병원,20261001025508,031-880-7700,,,,,,,4,,,,,,Y,,Y,N1,Y,Y,5,N1,118,N1,,N1,Y,,2,N1,6,,,4,,,,,2,,,1,1,,4,,,2,,,,,211,,,Y,N1,A2100194,61,,,,,,,,,,,,,3,,3,,,,,,,,,,,,,,,,,,,,,,,,,,,,3,3,,,,,,,,,,,,
2026-10-01 03:00:00,경기도,E2100187,연천군보건의료원,20261001025316,031-839-4001,,,,,,,,,,,,,Y,,Y,N1,N1,Y,9,N1,50,N1,,N1,N1,,2,N1,10,,,,,,,,2,,,1,,,1,,,,,,,,52,,,Y,N1,E2100187,62,,,,,,,,,,,,,,,,,,,,,,,,,,,,,,,,,,,,,,,,,,,,,,,,,,,,,,,,
2026-10-01 03:00:00,경기도,A2100122,(의)효심의료재단용인서울병원,20261001025348,031-337-0114,,,,,,,,,,,,,Y,,Y,N1,N1,Y,8,N1,133,N1,,N1,Y,,3,N1,10,,,,,,,,3,,,1,1,,1,,,,,,,,201,,,Y,N1,A2100122,63,,,,,,,,,,,,,,,,,,,,,,,,,,,,,,,,,,,,,,,,,,,,,,,,,,,,,,,,
2026-10-01 03:00:00,경기도,A2121142,메디필드한강병원,20261001025416,031-1551-0077,,,,,,1,2,,,1,,,Y,Y,Y,Y,Y,Y,17,N1,142,N1,4,N1,Y,,6,N1,17,,1,2,,,15,,6,1,,3,2,1,13,,,2,,,,,192,,,Y,N1,A2121142,64,,,,1,,,,,,1,,,,,,,,,,,,,,,,,,,,,,,,,,,,,,,,,,,,,,,,,,,,,,
2026-10-01 03:00:00,경기도,A2100034,의료법인영동의료재단의정부백병원,20261001025536,031-856-8111,,,,,,,2,,,,,,Y,,Y,N1,N1,Y,9,N1,99,N1,1,N1,Y,,3,N1,10,,,2,,,9,,3,,,1,1,,1,,,,,,,,192,,,Y,N1,A2100034,65,,,,,,,,,,,,,,,,,,,,,,,,,,,,,,,,,,,,,,,,,,,,,,,,,,,,,,,,
2026-10-01 03:00:00,경기도,A2100150,추병원,20261001025142,031-845-7777,,,,,,1,1,,,,,,Y,Y,Y,Y,N1,Y,11,N1,45,N1,4,N1,N,,3,N1,12,,1,1,,,15,,3,,,2,1,1,1,,,,,,,,210,,,Y,N1,A2100150,66,,,,,,,,,,,,,,,,,,,,,,,,,,,,,,,,,,,,,,,,,,,,,,,,,,,,,,,,
2026-10-01 03:00:00,경기도,A2100043,경기도의료원의정부병원,20261001025501,0318285000,,,,0,,1,,,,2,,,Y,,Y,N1,N1,Y,9,N1,37,N1,2,N1,N1,,3,N1,10,,1,,,,6,,3,5,,1,,,8,,,,,,,,86,,0,Y,N1,A2100043,67,,,,,43,,,,,,70,,,,,,,,,,,,,,,,,,,,,,,,,,,,,,,,,,,,,,,,,,,,,
2026-10-01 03:00:00,경기도,A2100131,메디인병원,20261001025530,0319431191,,,,,,,2,,,,,,Y,Y,Y,Y,N1,Y,11,N1,45,N1,,N1,Y,,4,N1,12,,,2,,,,,4,,,1,1,1,2,,,,,,,,206,,,Y,N1,A2100131,68,,,,,,,,,,,,,,,,,,,,,,,,,,,,,,,,,,,,,,,,,,,,,,,,,,,,,,,,
2026-10-01 03:00:00,경기도,A2100309,의료법인갈렌의료재단박병원,20261001025500,031-666-2600,,,,,,,1,,,,,,Y,,Y,N1,N1,Y,10,N1,40,N1,1,N1,Y,,2,N1,10,,,1,,,10,,2,,,1,2,,3,,,,,,,,143,,,Y,N1,A2100309,69,,,,,,,,,,,,,,,,,,,,,,,,,,,,,,,,,,,,,,,,,,,,,,,,,,,,,,,,
2026-10-01 03:00:00,경기도,A2100022,의료법인박애의료재단박애병원,20261001025042,031-652-2121,,,,,,,1,,,,,,Y,,Y,N1,Y,Y,9,N1,96,N1,5,N1,Y,,5,N1,10,,,1,,,10,,5,,,2,1,,20,,,2,,,,,193,,,Y,N1,A2100022,70,,,,,,,,,,,,,,,,,,,,,,,,,,,,,,,,,,,,,,,,,,,,,,,,,,,,,,,,
2026-10-01 03:00:00,경기도,A2100036,의료법인 일심의료재단 포천우리병원,20261001025427,031-542-0222,,,,,,1,3,,,2,,,Y,Y,Y,Y,Y,Y,15,N1,61,N1,9,N1,Y,,5,N1,18,,1,3,,,18,,5,2,,2,2,1,14,,,3,,,,,201,,,Y,N1,A2100036,71,,,,2,,,,,,2,,,,,,,,,,,,,,,,,,,,,,,,,,,,,,,,,,,,,,,,,,,,,,
2026-10-01 03:00:00,경기도,A2100018,의료법인은혜와감사의료재단화성중앙종합병원,20261001025418,031-352-8114,,,,,,,1,,,,,,Y,,Y,N1,N1,Y,8,N1,75,N1,8,N1,Y,,3,N1,9,,,1,,,8,,3,,,1,1,,3,,,,,,,,131,,,Y,N1,A2100018,72,,,,,,,,,,,,,,,,,,,,,,,,,,,,,,,,,,,,,,,,,,,,,,,,,,,,,,,,
2026-10-01 03:00:00,경기도,A2115699,의료법인원광의료재단원광종합병원,20261001025346,031-8077-7200,,,,,,1,,,,,,,Y,,Y,N1,N1,Y,8,N1,27,N1,3,N1,Y,,4,N1,9,,1,,,,9,,4,,,1,2,,4,,,,,,,,135,,,Y,N1,A2115699,73,,,,,,,,,,,,,,,,,,,,,,,,,,,,,,,,,,,,,,,,,,,,,,,,,,,,,,,,
2026-10-01 03:00:00,인천광역시,A1400001,의료법인 길의료재단 길병원,20261001025435,1577-2299,Y,Y,,,9,,,0,10,12,Y,,Y,Y,Y,Y,Y,Y,9,Y,258,Y,,Y,Y,0,3,Y,23,9,,,18,30,,30,3,13,3,6,6,7,113,19,40,19,10,6,,1,995,,,Y,Y,A1400001,1,2,0,0,1,10,2,22,11,18,9,18,2,1,0,3,2,0,6,0,14,1,1,,,1,,2,3,,1,,2,,4,6,1,1,,,3,,,,,2,6,2,6,7,2,47,2,,,,
2026-10-01 03:00:00,인천광역시,A1400002,인하대학교의과대학부속병원,20261001025233,032-890-2114,Y,Y,,,4,2,2,0,0,2,Y,Y,Y,Y,Y,Y,Y,Y,8,Y,71,Y,0,Y,Y,3,16,Y,20,7,2,5,20,26,23,30,16,7,4,6,3,5,109,17,27,13,9,7,1,2,681,,,Y,Y,A1400002,2,,0,0,0,12,,25,13,,3,15,,,,,,0,7,,,1,0,,,,0,0,3,,,3,2,,,6,1,1,,,,,,,,,,,,,,,,,,,
2026-10-01 03:00:00,인천광역시,A1400010,검단탑병원,20261001025115,032-590-0114,,,,,,1,1,2,1,0,,,Y,Y,Y,Y,Y,Y,17,N1,26,N1,7,N1,Y,,6,N1,18,,1,2,2,,13,5,6,2,,2,2,1,11,,,1,,,,,274,,,Y,N1,A1400010,3,,,,0,,,,,,3,,,,,,,,,,,,,,,,,,,,,,,,,,,,,,,,,,,,,,,,,,,,,,
2026-10-01 03:00:00,인천광역시,A1403372,인천세종병원,20261001025509,032-240-8000,,,,,,3,,0,0,2,,,Y,Y,Y,Y,Y,Y,12,Y,22,Y,2,N1,Y,,7,N1,18,,3,,2,,20,3,7,6,,2,2,3,13,,,4,5,1,,,274,,,Y,N1,A1403372,4,,,,2,,,,,,2,,,,,,,,,,,,,,,,,,,,,,,,,,,,,,,,,,,,,,,,,,,,,,
2026-10-01 03:00:00,인천광역시,A1400014,의료법인인성의료재단한림병원,20261001025400,032-540-9114,,,,,,2,2,,,1,Y,,Y,Y,Y,Y,Y,Y,13,Y,49,N1,6,N1,Y,,6,N1,17,,2,2,,,21,,6,2,1,3,2,2,20,,,3,3,,,,391,,,Y,N1,A1400014,5,,,,2,,,,,,2,,,,,,,,,,,,,,,,,,,,,,,,,,,,,,,,,,,,,,,,,,,,,,
2026-10-01 03:00:00,인천광역시,A1400016,인천사랑병원,20261001025132,032-425-2001,,Y,,,,1,2,1,2,0,Y,,Y,Y,Y,Y,Y,Y,6,N1,49,Y,0,Y,Y,,6,N1,14,,1,2,2,,14,3,7,1,1,2,1,1,12,,1,2,,1,,,277,,,Y,N1,A1400016,6,,,,1,,,,,,1,,,,,,,,,,,,,,,,,,,,,,,,,,,,,,,,,4,4,,,,,,,,,,,,
2026-10-01 03:00:00,인천광역시,A1400012,가톨릭대학교 인천성모병원,20261001025508,032-280-6364,Y,Y,,,2,3,4,7,,2,Y,,Y,Y,Y,Y,Y,Y,5,Y,29,Y,,Y,Y,0,17,N1,19,4,3,5,12,13,,,17,9,1,4,4,5,53,5,14,11,5,4,,,579,,,Y,Y,A1400012,7,,0,4,2,,,15,18,,11,,,,,,,0,8,3,15,,,,,,,,,,,,,,,,,,,,,,,,,,,,,,,,,,,,
2026-10-01 03:00:00,인천광역시,A1400013,안은의료재단 부평세림병원,20261001025511,032-509-5555,,,,,,1,3,2,3,0,,,Y,Y,Y,Y,Y,Y,16,Y,12,N1,4,N1,Y,,4,N1,16,,1,3,2,,11,3,4,2,,3,2,1,9,,,1,1,,,,234,,,Y,N1,A1400013,8,,,,0,,,,,,2,,,,,,,,,,,,,,,,,,,,,,,,,,,,,,,,,,,,,,,,,,,,,,
2026-10-01 03:00:00,인천광역시,A1400015,가톨릭관동대학교국제성모병원,20261001025614,1600-8291,Y,Y,,,2,0,0,,,3,Y,,Y,Y,Y,Y,Y,Y,18,N,82,Y,,Y,Y,4,11,N1,23,3,0,0,,4,,,11,3,2,3,2,3,34,2,11,6,2,1,,,641,,,Y,Y,A1400015,9,5,0,,,5,,40,,,,11,5,0,,0,,,,-4,13,,,,18,,,,,,,,,,,,,,,21,,,,,,,,,,,,,,,,,
2026-10-01 03:00:00,인천광역시,A1400003,의료법인 루가의료재단 나은병원,20261001025321,032-584-0114,,Y,,,,1,2,,,9,Y,,Y,Y,Y,Y,Y,Y,11,Y,104,Y,,Y,Y,,10,N1,11,,1,2,,,,,10,9,1,2,2,3,17,,1,3,1,1,,,367,,,Y,N1,A1400003,10,,4,4,3,,,14,13,,3,,,,,,,,,,,,,,,,,,,,,,,,,,,,,,,,,6,6,,,,,,,,,,,,
2026-10-01 03:00:00,인천광역시,A1400011,의료법인 나사렛의료재단 나사렛국제병원,20261001025452,032-899-9999,,,,,,1,2,2,0,0,,,Y,Y,Y,Y,Y,Y,7,N1,29,N1,7,N1,Y,,5,N1,17,,1,2,2,,16,3,5,1,,2,2,2,8,,,2,,,,,276,,,Y,N1,A1400011,11,,,,0,,,,,,1,,,,,,,,,,,,,,,,,,,,,,,,,,,,,,,,,,,,,,,,,,,,,,
2026-10-01 03:00:00,인천광역시,A1403617,비에스종합병원,20261001025140,032-290-0001,,Y,,,,1,,,,,Y,,Y,Y,Y,Y,Y,Y,10,N1,88,N1,4,Y,N1,0,2,N1,10,,1,,,1,18,,2,,1,1,,1,6,,1,1,,,,,180,,,Y,N1,A1403617,12,,,,0,,,,,,1,,,,,,,,,,,,,,,,,,,,,,,,,,,,,,,,,,,,,,,,,,,,,,
2026-10-01 03:00:00,인천광역시,A1400005,온누리병원,20261001025344,032-567-6200,,,,,,1,1,,,,,,Y,,Y,N1,N1,Y,10,N1,33,N1,,N1,Y,,3,N1,10,,1,1,,,,,3,,,1,1,,5,,,,,,,,190,,,Y,N1,A1400005,13,,,,,,,,,,,,,,,,,,,,,,,,,,,,,,,,,,,,,,,,,,,,,,,,,,,,,,,,
2026-10-01 03:00:00,인천광역시,A1403871,인천힘찬종합병원,20261001025138,032-1899-2220,,,,,,1,2,1,4,,,,Y,,Y,N1,N1,Y,15,N1,80,N1,3,N1,Y,,7,N1,17,,1,2,2,,6,4,7,,,2,2,,4,,,,,,,,231,,,Y,N1,A1403871,14,,,,0,,,,,,1,,,,,,,,,,,,,,,,,,,,,,,,,,,,,,,,,,,,,,,,,,,,,,
2026-10-01 03:00:00,인천광역시,A1400004,현대유비스병원,20261001025137,032-888-7575,,,,,,1,,,,,,,Y,Y,Y,Y,Y,Y,15,N1,24,N1,3,N1,Y,,6,N1,19,,1,,,,13,,6,,,2,2,1,8,,,2,,,,,285,,,Y,N1,A1400004,15,,,,0,,,,,,1,,,,,,,,,,,,,,,,,,,,,,,,,,,,,,,,,,,,,,,,,,,,,,
2026-10-01 03:00:00,인천광역시,A1400008,(의)성세의료재단 뉴성민병원,20261001024922,032-726-1000,,,,,,,1,,,,,,Y,,Y,N1,Y,Y,9,N1,116,N1,10,N1,Y,,6,Y,9,,,1,,,17,,6,,,2,2,,11,,,2,,,,1,265,,,Y,N1,A1400008,16,,,,2,,,,,,2,,,,,,,,,,,,,,,0,,,,,,,,,,,,,,,0,,,,,,,,,,,,,,,,
2026-10-01 03:00:00,인천광역시,A1400018,인천적십자병원,20261001025442,032-899-4000,,,,,,1,1,,,,,,Y,,Y,N1,N1,Y,7,N1,72,N1,1,N1,Y,,3,N1,8,,1,1,,,8,,3,,,1,1,,2,,,,,,,,104,,,Y,N1,A1400018,17,,,,,,,,,,,,,,,,,,,,,,,,,,,,,,,,,,,,,,,,,,,,,,,,,,,,,,,,
2026-10-01 03:00:00,인천광역시,A1400037,인천광역시의료원백령병원,20261001025502,032-836-1731,Y,Y,,,,,1,,,,,,Y,,Y,N1,N1,Y,5,N1,30,N1,,Y,N1,,1,N1,5,,,1,,,,,1,,,1,,,1,1,2,,,,,,30,,,Y,Y,A1400037,18,,,,,,,,,,,,,,,,,,,,,,,,,,,,,,,,,,,,,,,,,,,,,,,,,,,,,,,,
2026-10-01 03:00:00,인천광역시,A1400009,인천기독병원,20261001025116,032-270-8000,,,,,,,1,,,,,,Y,,Y,N1,N1,Y,7,N1,38,N1,10,N1,Y,,4,N1,8,,,1,,,10,,4,,,1,1,,1,,,,,,,,139,,,Y,N1,A1400009,19,,,,,,,,,,,,,,,,,,,,,,,,,,,,,,,,,,,,,,,,,,,,,,1,,1,,,,,,,,
2026-10-01 03:00:00,인천광역시,A1400017,인천광역시의료원,20261001025501,032-580-6000,,,,,,2,,,,7,,,Y,,Y,N1,N1,Y,13,N1,48,N1,0,N1,Y,,6,N1,15,,2,,,,13,,6,7,,1,1,,19,,,,,,,,198,,,Y,N1,A1400017,20,,,,0,28,,,,,0,45,,,,,,,,,,,,,,,,,,,,,,,,,,,,,,,,,,,,,,,,,,,,,
2026-10-01 03:00:00,인천광역시,A1400007,의료법인 성수의료재단 인천백병원,20261001025536,032)765-7070,,,,,,,1,,,,,,Y,,Y,N1,Y,Y,5,N1,16,N1,0,N1,Y,,4,N1,5,,,1,,,12,,4,,,2,2,,6,,,1,,,,,189,,,Y,N1,A1400007,21,,,,,,,,,,,,,,,,,,,,,,,,,,,,,,,,,,,,,,,,,,,,,,,,,,,,,,,,
2026-10-01 03:00:00,부산광역시,A1200003,동아대학교병원,20261001025209,051-240-2400,Y,Y,,,3,,,4,2,1,Y,,Y,Y,Y,Y,Y,Y,18,Y,24,Y,3,Y,Y,0,17,N1,26,3,,,16,20,18,30,18,3,4,5,3,4,76,11,30,16,4,4,,,738,,,Y,Y,A1200003,1,2,,,1,8,,,,,6,18,2,6,0,6,4,2,11,2,13,,,,,,,,,1,2,,,8,7,,,,,,,1,1,,,,,,,,,,,,,,
2026-10-01 03:00:00,부산광역시,A1200022,인제대학교 해운대백병원,20261001025130,051-797-0100,Y,Y,1,,3,2,2,2,5,0,Y,Y,Y,Y,Y,Y,Y,Y,26,Y,-10,Y,,Y,Y,1,22,N1,29,3,2,3,12,25,,30,22,7,2,5,3,4,72,8,40,17,9,11,1,,710,5,,Y,Y,A1200022,2,,5,9,0,6,,28,27,,4,15,,,1,,3,,,,,,,,,,,,,,,,,,,,,,,,,,,,,,,,,,,,,,,,
2026-10-01 03:00:00,부산광역시,A1200018,대동병원,20261001025504,051-554-1233,,,,,3,1,2,,,1,,,Y,Y,Y,Y,Y,Y,13,N1,39,N1,3,N1,Y,,6,N1,15,3,1,2,,,21,,6,1,,2,1,1,10,,,1,,,,,401,,,Y,N1,A1200018,3,,,,0,,,,,,1,,,,,,,,,,,,,,,,,,,,,,,,,,,,,,,,,,,,,,,,,,,,,,
2026-10-01 03:00:00,부산광역시,A1200020,의료법인 온병원그룹의료재단 온병원,20261001025224,051-607-0114,,,,,,1,2,,,1,,,Y,Y,Y,Y,Y,Y,15,N1,194,N1,10,N1,Y,,9,Y,20,,1,2,,,23,,9,6,,4,2,2,7,,,1,,,,1,611,,,Y,N1,A1200020,4,,,,0,,,,,,1,,,,,,,,,,,,,,,,,,,,,,,,,,,,,,,,,,,,,,,,,,,,,,
2026-10-01 03:00:00,부산광역시,A1200001,인제대학교부산백병원,20261001025057,051-890-6114,Y,Y,,,,2,1,,,2,Y,,Y,Y,Y,Y,Y,Y,7,Y,51,Y,0,Y,Y,1,17,Y,21,,2,3,,35,10,,17,8,4,5,3,6,68,19,38,16,3,7,,2,691,,,Y,Y,A1200001,5,,3,0,0,2,,19,18,,1,20,,,,,,0,6,0,12,,,,,,,,,,,,,,,,,,,,,,,,,,,,,,,,,,,,
2026-10-01 03:00:00,부산광역시,A1200005,의료법인 은성의료재단 좋은삼선병원,20261001025450,051-322-0900,,,,,1,1,1,,,2,,,Y,Y,Y,Y,Y,Y,13,N1,37,N1,2,N1,Y,,7,N1,13,1,1,2,,,19,,7,2,,2,2,2,11,,,1,,,,,375,,,Y,N1,A1200005,6,,,,0,,,,,,2,,,,,,,0,4,1,5,,,,,,,,,,,,,,,,,,,,,,,3,3,,,,,,,,,,,,
2026-10-01 03:00:00,부산광역시,A1200004,고신대학교복음병원,20261001025527,051-990-6114,Y,Y,,,,,,1,0,0,Y,,Y,Y,Y,Y,Y,Y,13,Y,67,Y,,Y,Y,16,13,Y,24,,,,2,18,,3,13,2,7,3,3,5,53,13,19,14,3,1,,1,701,,,Y,Y,A1200004,7,1,6,2,5,11,,12,7,,7,14,1,4,,4,,1,16,1,13,,,,,,,,,1,,,,5,,,,,,,,,,,,,,,,,,,,,,,
2026-10-01 03:00:00,부산광역시,A1200002,부산대학교병원,20261001025500,051-240-7000,Y,Y,1,0,3,1,2,0,3,2,Y,,Y,Y,Y,Y,Y,Y,15,Y,240,Y,15,Y,Y,3,26,N,17,3,1,2,2,20,24,3,26,10,12,9,6,8,95,15,17,21,9,18,,1,901,2,0,Y,Y,A1200002,8,,1,,2,9,22,10,,42,4,19,,,,,,,,0,0,,,,,0,,,,,,,,,,,,,,,0,,,,,1,12,2,12,34,2,82,2,,0,,0
2026-10-01 03:00:00,부산광역시,A1200007,비에이치에스한서병원,20261001025544,051-756-0081,,,,,,1,1,2,3,,,,Y,Y,Y,Y,Y,Y,15,Y,63,N1,6,N1,Y,,4,N1,17,,1,2,2,,14,3,4,,,1,1,2,11,,,1,1,,,,285,,,Y,N1,A1200007,9,,,,,,,,,,,,,,,,,,,,,,,,,,,,,,,,,,,,,,,,,,,,,,,,,,,,,,,,
2026-10-01 03:00:00,부산광역시,A1200028,(의)서일의료재단기장병원,20261001025518,051-723-0171,,,,,,,1,,,,,,Y,,Y,N1,N1,Y,6,N1,15,N1,,N1,Y,,3,N1,9,,,1,,,,,3,,,1,1,,1,,,,,,,,154,,,Y,N1,A1200028,10,,,,,,,,,,,,,,,,,,,,,,,,,,,,,,,,,,,,,,,,,,,,,,,,,,,,,,,,
2026-10-01 03:00:00,부산광역시,A1200015,동남권원자력의학원,20261001025503,051-720-5114,,,,,,0,,,,,,,Y,Y,Y,Y,Y,Y,7,Y,26,N1,1,N1,Y,,8,N1,9,,1,,,,12,,8,,,2,3,2,12,,,2,0,,,,245,,,Y,N1,A1200015,11,,,,,,,,,,,,,,,,,,,,,,,,,,,,,,,,,,,,,,,,,,,,,,,,,,,,,,,,
2026-10-01 03:00:00,부산광역시,A1200013,부산성모병원(재단법인 천주교부산교구유지재단),20261001025410,051-933-7114,Y,Y,,,5,1,,,,0,,,Y,,Y,N1,Y,Y,9,N1,59,N1,2,Y,Y,0,7,N1,10,5,1,,,10,18,,7,2,,1,1,,6,14,13,1,,,,,373,,,Y,Y,A1200013,12,,,,2,,,,,,2,,,,,,,,,,,,,,,,,,,,,,,,,,,,,,,,,3,3,,,,,,,,,,,,
2026-10-01 03:00:00,부산광역시,A1200026,좋은문화병원,20261001025452,051-644-2002,Y,Y,,,2,1,2,,,2,Y,,Y,,Y,N1,N1,Y,6,N1,46,N1,2,Y,Y,0,0,Y,7,2,1,2,,10,8,,9,2,8,2,2,,3,5,13,,,,,1,270,,,Y,Y,A1200026,13,,,,,,,,,,,,,,,,,,,,,,,,,,,,,,,,,,,,,,,,,,,,,,,,,,,,,,,,
2026-10-01 03:00:00,부산광역시,A1200017,의료법인정화의료재단 봉생기념병원,20261001024655,051-664-4000,,,,,,,1,,,0,,,Y,Y,Y,Y,Y,Y,8,N1,47,N1,,N1,Y,,8,N1,9,,,2,,,,,8,1,,1,2,2,11,,,4,,,,,335,,,Y,N1,A1200017,14,,0,0,,3,,10,10,,,31,,,,,,,,,,,,,,,,,,,,,,,,,,,,,,,,,,,,,,,,,,,,,
2026-10-01 03:00:00,부산광역시,A1200011,동래봉생병원,20261001025156,051-520-5500,,,,,,1,1,,,,,,Y,Y,Y,Y,Y,Y,5,N1,47,N1,0,N1,Y,,7,N1,8,,1,1,,,18,,7,,,1,2,2,11,,,1,,,,,241,,,Y,N1,A1200011,15,,,,2,,,,,,2,,,,,,,,,,,,,,,,,,,,,,,,,,,,,,,,,,,,,,,,,,,,,,
2026-10-01 03:00:00,부산광역시,A1200009,의료법인 광혜의료재단 광혜병원,20261001025246,051-503-2111,,,,,,2,1,,,0,,,Y,,Y,N1,N1,Y,8,N1,57,N1,3,N1,Y,,3,N1,9,,2,1,,,9,,3,1,,1,1,,4,,,,,,,,190,,,Y,N1,A1200009,16,,,,,,,,,,,,,,,,,,,,,,,,,,,,,,,,,,,,,,,,,,,,,,,,,,,,,,,,
2026-10-01 03:00:00,부산광역시,A1200019,학교법인)동의병원,20261001025500,051-867-5101,,,,,,,1,,,,,,Y,Y,Y,Y,Y,Y,12,Y,120,N1,9,N1,Y,,1,N1,14,,,1,,,23,,5,,,2,2,2,7,,,2,1,,,,448,,,Y,N1,A1200019,17,,,,,,,,,,,,,,,,,,,,,,,,,,,,,,,,,,,,,,,,,,,,,,,,,,,,,,,,
2026-10-01 03:00:00,부산광역시,A1200025,춘해보건대학교병원,20261001025300,051-638-8000,,,,,,,1,,,,,,Y,,Y,N1,N1,Y,8,N1,68,N1,,N1,Y,,4,N1,9,,,1,,,,,4,,,1,1,,3,,,,,,,,201,,,Y,N1,A1200025,18,,,,,,,,,,,,,,,,,,,,,,,,,,,,,,,,,,,,,,,,,,,,,,,,,,,,,,,,
2026-10-01 03:00:00,부산광역시,A1200045,구포성심병원,20261001025349,051-330-2001,,,,,,,0,,,,,,Y,Y,Y,Y,N1,Y,7,N1,39,N1,,N1,Y,,4,N1,9,,,1,,,,,4,,,1,1,1,4,,,,,,,,243,,,Y,N1,A1200045,19,,,,,,,,,,,,,,,,,,,,,,,,,,,,,,,,,,,,,,,,,,,,,,,,,,,,,,,,
2026-10-01 03:00:00,부산광역시,A1200006,의료법인 인당의료재단 부민병원,20261001025230,051-330-3000,,,,,,1,2,,,,,,Y,Y,Y,Y,Y,Y,17,N1,42,N1,2,N1,Y,,8,N1,17,,1,2,,,18,,8,,,2,3,1,7,,,1,,,,,366,,,Y,N1,A1200006,20,,,,0,,,,,,1,,,,,,,,,,,,,,,,,,,,,,,,,,,,,,,,,,,,,,,,,,,,,,
2026-10-01 03:00:00,부산광역시,A1200016,한국보훈복지의료공단 부산보훈병원,20261001025439,051-601-6000,,,,,,1,1,,,,,,Y,Y,Y,Y,N1,Y,10,N1,39,N1,1,N1,Y,,7,N1,11,,1,1,,,9,,7,,,2,3,2,11,,,,,,,,452,,,Y,N1,A1200016,21,,,,1,,,,,,1,,,,,,,,,,,,,,,,,,,,,,,,,,,,,,,,,,,,,,,,,,,,,,
2026-10-01 03:00:00,부산광역시,A1200021,삼육부산병원,20261001025428,051-242-9751,,Y,,,,1,,,,,Y,,Y,Y,Y,Y,Y,Y,6,Y,0,N1,1,Y,Y,,,N1,9,,1,,,,14,,,,1,2,1,1,9,,1,2,1,,,,302,,,Y,N1,A1200021,22,,,,0,,,,,,1,,,,,,,,,,,,,,,,,,,,,,,,,,,,,,,,,,,,,,,,,,,,,,
2026-10-01 03:00:00,부산광역시,A1200008,의료법인 은성의료재단 좋은강안병원,20261001025439,051-625-0900,,,,,,1,2,,,0,,,Y,Y,Y,Y,Y,Y,10,Y,69,N1,4,N1,Y,,11,N1,18,,1,2,,,30,,11,3,,4,3,3,12,,,5,1,,,,535,,,Y,N1,A1200008,23,,,,1,,,,,,2,,,,,,,,,,,,,,,,,,,,,,,,,,,,,,,,,,,,,,,,,,,,,,
2026-10-01 03:00:00,부산광역시,A1200098,의료법인 센텀의료재단 센텀종합병원,20261001025342,051-750-5000,,,,,,,1,,,,,,Y,Y,Y,Y,N1,Y,7,N1,22,N1,0,N1,Y,,9,N1,9,,,1,,,16,,9,,,2,2,1,11,,,,,,,,338,,,Y,N1,A1200098,24,,,,1,,,,,,1,,,,,,,,,,,,,,,,,,,,,,,,,,,,,,,,,,,,,,,,,,,,,,
2026-10-01 03:00:00,부산광역시,A1200024,부산광역시의료원,20261001025416,051-507-3000,,N,,,,1,1,,,2,N,,Y,Y,Y,Y,Y,Y,17,N1,76,N1,,N,Y,,7,N1,18,,1,1,,,,,7,7,1,1,1,2,19,,2,4,,,,,348,,,Y,N1,A1200024,25,,8,10,,7,,13,14,,,29,,,,,,,,,,,,,,,,,,,,,,,,,,,,,,,,,,,,,,,,,,,,,
2026-10-01 03:00:00,부산광역시,A1200012,의료법인 행도의료재단 해동병원,20261001025447,051-412-6161,,,,,,1,,,,0,,,Y,,Y,N1,Y,Y,6,N1,41,N1,2,N1,Y,,3,Y,6,,1,,,,9,,3,0,,1,1,,5,,,1,,,,12,256,,,Y,N1,A1200012,26,,,,,,,,,,,,,,,,,,,,,,,,,,,,,,,,,,,,,,,,,,,,,,,,,,,,,,,,
2026-10-01 03:00:00,부산광역시,A1200014,영도병원,20261001025238,051-414-8101,,,,,,1,1,,,,,,Y,,Y,N1,N1,Y,7,N1,24,N1,1,N1,Y,,3,N1,7,,1,1,,,10,,3,,,1,1,,7,,,,,,,,217,,,Y,N1,A1200014,27,,,,,,,,,,,,,,,,,,,,,,,,,,,,,,,,,,,,,,,,,,,,,,,,,,,,,,,,
2026-10-01 03:00:00,부산광역시,A1200023,재단법인천주교부산교구유지재단 메리놀병원,20261001025409,051-465-8801,,,,,,,1,,,,Y,,Y,Y,Y,Y,Y,Y,9,N1,87,N1,4,N1,Y,,8,N1,9,,,1,,,18,,8,,1,1,1,1,9,,,2,,,,,380,,,Y,N1,A1200023,28,,,,0,,,,,,1,,,,,,,,,,,,,,,,,,,,,,,,,,,,,,,,,,,,,,,,,,,,,,
2026-10-01 03:00:00,부산광역시,A1205143,의료법인 인당의료재단 해운대부민병원,20261001025230,051-602-8000,,,,,,0,,,,0,,,Y,Y,Y,Y,Y,Y,7,N1,9,N1,7,N1,Y,,8,Y,9,,1,,,,19,,8,3,,2,2,1,10,,,1,,,,1,360,,,Y,N1,A1205143,29,,,,0,,,,,,2,,,,,,,,,,,,,,,,,,,,,,,,,,,,,,,,,,,,,,,,,,,,,,
2026-10-01 03:00:00,대구광역시,A1300001,영남대학교병원,20261001025237,053-623-8001,Y,Y,0,,3,2,2,6,3,7,Y,,Y,Y,Y,Y,Y,Y,20,Y,99,Y,,Y,Y,0,23,Y,28,3,2,3,21,15,,30,23,7,2,4,4,4,75,5,11,8,5,5,,1,704,1,,Y,Y,A1300001,1,,0,5,2,10,,10,15,,13,20,,0,3,0,3,0,7,1,14,,,,,,,,,,,,,,,,,,,,,,,,,,,,,,,,,0,,0,
2026-10-01 03:00:00,대구광역시,A1300002,경북대학교병원,20261001025405,053-200-5114,Y,Y,,,4,,,4,14,2,Y,,Y,Y,Y,Y,Y,Y,10,Y,67,Y,,Y,Y,-2,17,N1,25,4,,,20,15,,44,17,5,2,5,5,5,82,8,11,11,9,5,,,565,,,Y,Y,A1300002,2,2,2,1,,8,0,7,4,20,,20,2,2,,3,,3,6,0,5,,,,,,,,,1,1,,,4,4,,,,,,,,,,,2,6,2,6,9,2,40,2,,,,
2026-10-01 03:00:00,대구광역시,A1300004,대구가톨릭대학교병원,20261001025426,053-650-3000,Y,Y,,,,1,2,,,1,Y,Y,Y,Y,Y,Y,Y,Y,12,Y,179,Y,0,Y,Y,0,19,N1,24,,1,3,,42,0,,19,9,2,3,3,5,58,20,32,8,3,4,1,,704,,,Y,Y,A1300004,3,,1,4,1,6,,15,25,,6,20,,,,,,,,5,16,,,,,,,,,,,,,,,,,,,,,,,,,,,,,,,,,,,,
2026-10-01 03:00:00,대구광역시,A1300003,계명대학교동산병원,20261001025509,053-1577-6622,Y,Y,1,,3,1,3,8,2,2,Y,Y,Y,Y,Y,Y,Y,Y,10,Y,124,Y,4,Y,Y,0,23,Y,25,3,2,3,9,43,10,20,24,16,6,6,5,7,56,13,37,9,4,14,1,2,769,1,,Y,Y,A1300003,4,,0,0,0,3,,11,13,,4,20,,,,,,,,1,15,,,,,,0,,,1,,7,,8,,,,,,,,,,,,,,,,,,,,,,,
2026-10-01 03:00:00,대구광역시,A1300009,대구파티마병원,20261001025500,053-1688-7770,Y,Y,,,5,2,5,1,3,,Y,,Y,Y,Y,Y,Y,Y,3,Y,153,Y,,Y,Y,1,17,N1,25,5,2,5,2,8,,4,17,,2,5,3,4,32,11,19,5,1,1,,,566,,,Y,Y,A1300009,5,,5,6,4,,,17,8,,9,,,,,,,,,2,12,,,,,,,,,,,,,,,,,,,,,,,,,,,,,,,,,,,,
2026-10-01 03:00:00,대구광역시,A1300010,칠곡경북대학교병원,20261001025405,053-200-2000,Y,Y,,,3,1,2,5,0,13,Y,,Y,Y,Y,Y,Y,Y,8,Y,147,Y,,Y,Y,-2,19,N1,23,7,1,3,6,39,,3,19,13,2,8,5,8,52,9,27,9,3,1,,,778,,,Y,Y,A1300010,6,,6,6,4,8,,8,14,,4,20,,,,,,,,,,1,1,,,,6,1,3,,,10,2,,,8,1,1,,,,,,,,,,,,,,,,,,,
2026-10-01 03:00:00,대구광역시,A1300034,드림종합병원,20261001025432,053-640-8800,,,,,,,1,,,,,,Y,Y,Y,Y,Y,Y,7,Y,34,N1,,N1,N,,3,N1,8,,,1,,,,,3,,,2,1,1,2,,,1,1,,,,159,,,Y,N1,A1300034,7,,,,,,,,,,,,,,,,,,,,,,,,,,,,,,,,,,,,,,,,,,,1,1,,,,,,,,,,,,
2026-10-01 03:00:00,대구광역시,A1300006,의료법인구의료재단구병원,20261001025539,053-560-9114,,,,,,,1,,,,,,Y,,Y,N1,N1,Y,7,N1,15,N1,3,N1,Y,,9,N1,10,,,1,,,18,,9,,,3,1,,3,,,,,,,,235,,,Y,N1,A1300006,8,,,,0,,,,,,1,,,,,,,,,,,,,,,,,,,,,,,,,,,,,,,,,,,,,,,,,,,,,,
2026-10-01 03:00:00,대구광역시,A1300110,더블유병원,20261001025422,053-550-5000,,,,,,,1,,,,,,Y,,Y,N1,N1,Y,10,N1,34,N1,,N1,N,,11,Y,10,,,1,,,,,12,,,1,3,,1,,,,,,,8,431,,,Y,N1,A1300110,9,,,,,,,,,,,,,,,,,,,,,,,,,,,,,,,,,,,,,,,,,,,,,,,,,,,,,,,,
2026-10-01 03:00:00,대구광역시,A1300011,한국보훈복지의료공단대구보훈병원,20261001025141,053-630-7000,,,,,,1,1,,,1,,,Y,Y,Y,Y,N1,Y,12,N1,94,N1,6,N1,Y,,6,N1,12,,1,1,,,13,,6,1,,1,3,2,9,,,,,,,,406,,,Y,N1,A1300011,10,,,,1,,,,,,1,,,,,,,,,,,,,,,,,,,,,,,,,,,,,,,,,,,,,,,,,,,,,,
2026-10-01 03:00:00,대구광역시,A1300045,삼일병원,20261001025502,053-659-3100,,,,,,1,,,,,,,Y,Y,Y,Y,N1,Y,12,N1,61,N1,,N1,N,,4,N1,14,,1,,,,,,4,,,3,2,1,3,,,,,,,,299,,,Y,N1,A1300045,11,,,,,,,,,,,,,,,,,,,,,,,,,,,,,,,,,,,,,,,,,,,,,,,,,,,,,,,,
2026-10-01 03:00:00,대구광역시,A1300038,나사렛종합병원,20261001025504,053-643-1400,,,,,,,1,,,,,,Y,Y,Y,Y,Y,Y,6,N1,56,N1,8,N1,Y,,5,N1,9,,,1,,,28,,5,,,2,2,2,5,,,1,,,,,231,,,Y,N1,A1300038,12,,,,1,,,,,,1,,,1,,9,,,,,,,,,,,,,,,,,,,,,,,,,,,,,,,,,,,,,,,,,
2026-10-01 03:00:00,대구광역시,A1300018,강남종합병원,20261001025247,053-980-9000,,,,,,1,,,,1,,,Y,,Y,N1,N1,Y,9,N1,47,N1,,N1,Y,,5,N1,10,,1,,,,,,5,1,,2,2,,2,,,,,,,,206,,,Y,N1,A1300018,13,,,,,,,,,,,,,,,,,,,,,,,,,,,,,,,,,,,,,,,,,,,,,,,,,,,,,,,,
2026-10-01 03:00:00,대구광역시,A1300005,대구가톨릭대학교칠곡가톨릭병원,20261001025401,053-320-2500,,,,,,,1,,,,,,Y,,Y,N1,N1,Y,8,N1,50,N1,,N1,Y,,3,N1,9,,,1,,,,,3,,,2,2,,1,,,,,,,,161,,,Y,N1,A1300005,14,,,,,,,,,,,,,,,,,,,,,,,,,,,,,,,,,,,,,,,,,,,,,,,,,,,,,,,,
2026-10-01 03:00:00,대구광역시,A1300076,대구굿모닝병원,20261001025436,053-620-9100,,,,,,1,1,,,,,,Y,Y,Y,Y,N1,Y,16,N1,48,N1,2,N1,Y,,4,N1,17,,1,1,,,26,,4,,,2,4,2,13,,,,,,,,226,,,Y,N1,A1300076,15,,,,0,,,,,,1,,,,,,,,,,,,,,,,,,,,,,,,,,,,,,,,,,,,,,,,,,,,,,
2026-10-01 03:00:00,대구광역시,A1300007,대구의료원,20261001025502,053-560-7575,,Y,,,,1,1,,,3,Y,,Y,,Y,N1,N1,Y,18,N1,46,N1,7,Y,Y,,4,N1,18,,1,1,,,18,,4,3,1,1,1,,13,,4,,,,,,254,,,Y,N1,A1300007,16,,,,0,6,,,,,1,82,,,,,,,,,,,,,,,,,,,,,,,,,,,,,,,,,,,,,,,,,,,,,
2026-10-01 03:00:00,대구광역시,A1300081,(재)미리내천주성삼성직수도회천주성삼병원,20261001025502,053-790-1000,,,,,,,1,,,,,,Y,,Y,N1,N1,Y,9,N1,45,N1,,N1,Y,,4,N1,9,,,1,,,,,4,,,1,2,,4,,,,,,,,294,,,Y,N1,A1300081,17,,,,,,,,,,,,,,,,,,,,,,,,,,,,,,,,,,,,,,,,,,,,,,,,,,,,,,,,
2026-10-01 03:00:00,대구광역시,A1300008,곽병원,20261001025456,053-252-2401,,,,,,,2,,,,,,Y,,Y,N1,N1,Y,10,N1,29,N1,,N1,Y,,4,N1,10,,,2,,,,,4,,,1,1,,2,,,,,,,,221,,,Y,N1,A1300008,18,,,,,,,,,,,,,,,,,,,,,,,,,,,,,,,,,,,,,,,,,,,,,,,,,,,,,,,,
2026-10-01 03:00:00,대구광역시,A1303386,계명대학교대구동산병원,20261001025442,053-250-8114,,,,,,1,1,,,,N,,Y,Y,Y,Y,Y,Y,11,N1,48,N,3,N1,Y,,3,N1,12,,1,1,,,7,,3,,0,2,1,1,6,,,6,,0,,,196,,,Y,N1,A1303386,19,,,,0,,,,,,5,,,,,,,,,,,,,,,,,,,,,,,,,,,,,,,,,,,,,,,,,,,,,,
2026-10-01 03:00:00,대전광역시,A1600006,학교법인건양교육재단건양대학교병원,20261001025051,042-600-9999,Y,Y,1,0,4,2,3,5,5,1,Y,,Y,Y,Y,Y,Y,Y,20,Y,255,Y,18,Y,Y,1,20,Y,24,5,2,3,16,24,52,28,20,1,2,4,4,4,46,17,23,10,3,1,,1,658,1,0,Y,Y,A1600006,1,,,,6,13,,,,,7,20,,0,0,0,3,,,,,,,0,0,,,,,,,,,,,,,,0,0,,4,4,,,,,,,,,,,0,0,0,0
2026-10-01 03:00:00,대전광역시,A1600001,충남대학교병원,20261001025300,1599-7123,Y,Y,,,4,2,3,4,5,6,Y,,Y,Y,Y,Y,Y,Y,17,Y,101,Y,2,Y,Y,7,20,N1,28,6,2,3,20,34,12,30,21,14,5,5,4,5,76,12,36,6,8,2,,,966,,,Y,Y,A1600001,2,0,4,3,7,13,,16,14,,8,26,0,0,,0,,1,10,,,,,,,,1,,,,,5,,,,,,,,,,,,0,0,,,,,,,,,,,,
2026-10-01 03:00:00,대전광역시,A1600002,학교법인을지학원대전을지대학교병원,20261001025500,042-611-3000,Y,Y,,0,,2,1,0,4,,Y,,Y,Y,Y,Y,Y,Y,18,Y,102,Y,,Y,Y,17,15,N1,21,,2,1,2,20,,4,15,,16,4,2,4,70,12,47,7,3,3,,,326,,30,Y,Y,A1600002,3,,3,0,0,10,7,19,19,20,11,20,,,,,,0,5,,,,,0,0,0,,,,,,,,,,,,,0,0,0,,,3,3,2,5,2,6,2,2,40,2,,0,,0
2026-10-01 03:00:00,대전광역시,A1600007,의료법인영훈의료재단유성선병원,20261001025445,042-609-1000,,,,,,2,1,0,0,1,Y,,Y,Y,Y,Y,Y,Y,17,Y,34,N1,6,N1,Y,,7,Y,17,,2,1,2,,17,4,7,1,1,3,3,2,17,,,2,1,,,1,364,,,Y,N1,A1600007,4,,,,1,,,,,,1,,,,,,,,,,,,,,,,,,,,,,,,,,,,,,,,,,,,,,,,,,,,,,
2026-10-01 03:00:00,대전광역시,A1600005,학교법인가톨릭학원가톨릭대학교대전성모병원,20261001025510,042-220-9114,Y,Y,,,,3,,,,4,Y,,Y,Y,Y,Y,Y,Y,14,Y,113,N1,,Y,Y,4,12,N1,19,,3,,,4,,,12,4,1,3,2,4,24,4,8,7,2,,,,537,,,Y,Y,A1600005,5,,1,2,0,,,15,3,,1,,,,,,,1,3,2,9,,,,,,,,,0,0,,,3,2,,,,,,,,,,,,,,,,,,,,,,
2026-10-01 03:00:00,대전광역시,A1600008,의료법인영훈의료재단대전선병원,20261001025346,042-220-8114,,,,,,1,3,1,0,0,Y,,Y,Y,Y,Y,Y,Y,16,N1,24,N1,2,N1,Y,,7,N1,17,,1,3,2,,30,3,7,1,1,2,2,2,11,,,3,,,,,308,,,Y,N1,A1600008,6,,,,1,,,,,,1,,,,,,,,,,,,,,,,,,,,,,,,,,,,,,,,,,,,,,,,,,,,,,
2026-10-01 03:00:00,대전광역시,A1600004,대전보훈병원,20261001025331,042-939-0111,,,,,,1,1,,,0,,,Y,Y,Y,Y,N1,Y,7,N1,55,N1,7,N1,Y,,5,N1,7,,1,1,,,10,,5,1,,1,3,1,12,,,,,,,,316,,,Y,N1,A1600004,7,,,,1,,,,,,1,,,,,,,,,,,,,,,,,,,,,,,,,,,,,,,,,,,,,,,,,,,,,,
2026-10-01 03:00:00,대전광역시,A1600003,대전한국병원,20261001025500,042-606-1000,,Y,,,,1,,,,,Y,,Y,Y,Y,Y,Y,Y,8,N1,53,N1,5,Y,Y,,5,N1,9,,1,,,,12,,5,,1,2,2,2,6,,1,1,,,,,241,,,Y,N1,A1600003,8,,,,,,,,,,,,,,,,,,,,,,,,,,,,,,,,,,,,,,,,,,,,,,,,,,,,,,,,
2026-10-01 03:00:00,대전광역시,A1602246,대청병원,20261001025508,1899-6075,,,,,,,1,,,,,,Y,,Y,N1,Y,Y,9,N1,105,N1,0,N1,Y,,3,N1,9,,,1,,,17,,3,,,2,1,,10,,,1,,,,,245,,,Y,N1,A1602246,9,,,,,,,,,,,,,,,,,,,,,,,,,,,,,,,,,,,,,,,,,,,,,,,,,,,,,,,,
2026-10-01 03:00:00,울산광역시,A1700004,학교법인울산공업학원울산대학교병원,20261001025423,052-250-7000,Y,Y,,,8,0,0,5,8,0,Y,,Y,Y,Y,Y,Y,Y,8,Y,40,Y,3,Y,Y,8,20,N1,21,8,0,0,12,26,8,36,20,0,5,7,5,6,83,14,27,17,8,4,,,725,,,Y,Y,A1700004,1,3,5,6,4,10,10,13,16,20,8,20,3,3,1,3,8,0,6,,,,,,4,5,,,,,0,,,,2,,,,,4,5,,,,,2,5,2,6,10,2,42,2,,,,
2026-10-01 03:00:00,울산광역시,A1700028,의료법인정안의료재단중앙병원,20261001025420,052-226-1100,,,,,,1,2,0,2,0,,,Y,Y,Y,Y,Y,Y,14,N1,30,N1,1,N1,Y,,8,N1,17,,1,2,2,,18,4,8,1,,2,2,2,7,,,2,,,,,335,,,Y,N1,A1700028,2,,,,0,,,,,,2,,,,,,,,,,,,,,,,,,,,,,,,,,,,,,,,,,,,,,,,,,,,,,
2026-10-01 03:00:00,울산광역시,A1700003,울산병원,20261001025507,052-259-5000,,,,,,1,2,2,3,,,,Y,Y,Y,Y,Y,Y,16,Y,27,Y,5,N1,Y,,4,Y,19,,1,2,2,,17,3,4,,,2,2,3,12,,,4,1,2,,2,352,,,Y,N1,A1700003,3,,,,0,,,,,,1,,,,,,,,,,,,,,,,,,,,,,,,,,,,,,,,,,,,,,,,,,,,,,
2026-10-01 03:00:00,울산광역시,A1700025,의료법인송은의료재단울산시티병원,20261001025505,052-280-9000,,,,,,1,2,0,1,,,,Y,Y,Y,Y,Y,Y,13,N1,15,N1,2,N1,Y,,8,N1,17,,1,2,2,,24,3,8,,,2,2,2,17,,,4,,,,,347,,,Y,N1,A1700025,4,,,,1,,,,,,3,,,,,,,,,,,,,,,,,,,,,,,,,,,,,,,,,,,,,,,,,,,,,,
2026-10-01 03:00:00,울산광역시,A1700002,의료법인동강의료재단동강병원,20261001025450,052-241-1114,,,,,,1,2,0,0,0,,Y,Y,Y,Y,Y,Y,Y,21,Y,62,N1,,N1,Y,,8,N1,24,,1,2,2,,,3,8,2,,3,2,4,25,,,7,5,,1,,513,,,Y,N1,A1700002,5,,4,0,0,,,14,9,,1,,,,,,,2,13,,,,,,,,,,,,,,,,,,,,,,,,,,,,,,,,,,,,,,
2026-10-01 03:00:00,울산광역시,A1700011,의료법인은성의료재단좋은삼정병원,20261001025343,052-220-7500,,,,,,,1,,,0,,,Y,Y,Y,Y,Y,Y,9,N1,39,N1,4,N1,Y,,7,N1,9,,,1,,,14,,7,1,,2,2,1,8,,,1,,,,,283,,,Y,N1,A1700011,6,,,,0,,,,,,1,,,,,,,,,,,,,,,,,,,,,,,,,,,,,,,,,,,,,,,,,,,,,,
2026-10-01 03:00:00,울산광역시,A1700001,서울산보람병원,20261001025456,052-255-7114,,,,,,,1,,,,,,Y,,Y,N1,N1,Y,9,N1,83,N1,,N1,Y,,3,N1,10,,,1,,,,,3,,,1,1,,1,,,,,,,,213,,,Y,N1,A1700001,7,,,,,,,,,,,,,,,,,,,,,,,,,,,,,,,,,,,,,,,,,,,,,,,,,,,,,,,,
2026-10-01 03:00:00,세종특별자치시,A1800441,세종충남대학교병원,20261001025300,1800-3114,Y,Y,,,0,1,2,,,4,Y,,Y,Y,Y,Y,Y,Y,10,Y,50,Y,4,Y,Y,-2,8,N1,17,0,1,2,,19,11,,8,4,3,2,2,3,35,8,21,7,3,2,,,300,,,Y,Y,A1800441,1,,,,0,,,,,,2,,,,,,,,,,,0,0,,,,,1,5,,,,2,,,6,0,0,,,,,,,,,,,,,,,,,,,
2026-10-01 03:00:00,세종특별자치시,A1800417,의료법인 영제 의료재단 엔케이세종병원,20261001025040,044-850-7700,,,,,,,1,,,,,,Y,,Y,N1,N1,Y,7,N1,125,N1,,N1,Y,,3,N1,10,,,1,,,,,3,,,1,1,,1,,,,,,,,200,,,Y,N1,A1800417,2,,,,,,,,,,,,,,,,,,,,,,,,,,,,,,,,,,,,,,,,,,,,,,,,,,,,,,,,
2026-10-01 03:00:00,전남광주통합특별시,A1500002,전남대학교병원,20261001025500,1899-0000,Y,Y,,,1,,,4,4,5,Y,,Y,Y,Y,Y,Y,Y,14,Y,176,Y,1,Y,Y,1,20,Y,26,4,,,18,33,8,30,20,7,8,5,4,8,78,24,30,20,13,6,,1,803,,,Y,Y,A1500002,1,2,3,3,,11,8,11,12,20,,32,2,3,0,5,2,3,13,8,15,,,,,,0,,,2,,8,,9,,,,,,,,,,,,2,3,2,6,6,2,40,2,,,,
2026-10-01 03:00:00,전남광주통합특별시,A1500001,조선대학교병원,20261001025605,1811-7474,Y,Y,,,4,0,0,7,2,4,Y,Y,Y,Y,Y,Y,Y,Y,18,Y,97,Y,,Y,Y,8,15,Y,23,4,0,0,20,20,,28,15,5,3,5,3,3,65,11,15,24,5,1,1,1,568,,,Y,Y,A1500001,2,2,2,3,0,10,,16,19,,2,20,2,3,0,3,2,,,2,19,,,,,,,,,,,,,,,,,,,,,,,,,,,,,,,,,1,,2,
2026-10-01 03:00:00,전남광주통합특별시,A2600011,목포한국병원,20261001025521,061-270-5500,Y,Y,,,3,2,3,1,5,0,Y,,Y,Y,Y,Y,Y,Y,9,Y,92,Y,3,Y,Y,,6,Y,16,3,2,3,20,,27,42,6,2,1,4,2,3,48,1,1,14,2,3,,1,418,,,Y,Y,A2600011,3,,,,0,,2,,,20,1,,,,0,,1,,,,,,,,,,,,,,,,,,,,,,,,,,,,,2,6,2,6,13,2,40,2,,,,
2026-10-01 03:00:00,전남광주통합특별시,A2600019,성가롤로병원,20261001025139,061-720-2000,N,Y,,,1,2,3,0,18,5,Y,,Y,Y,Y,Y,Y,Y,6,Y,62,Y,,Y,Y,,9,Y,18,4,2,3,25,,,30,9,31,1,4,4,4,27,1,3,8,1,2,,3,481,,,Y,N,A2600019,4,,0,2,0,,,7,11,,1,,,,0,,4,1,8,,,,,,,,,,,,,,,,,,,,,,,,,,,,,,,,,,,,,,
2026-10-01 03:00:00,전남광주통합특별시,A1500019,KS병원,20261001025055,062-975-9000,,,,,7,1,2,0,1,,,,Y,Y,Y,Y,Y,Y,14,N1,32,Y,4,N1,Y,,4,N1,15,7,1,2,2,,12,3,4,,,2,2,1,5,,,1,,1,,,267,,,Y,N1,A1500019,5,,3,,,,,9,,,,,,,,,,,,,,,,,,,,,,,,,,,,,,,,,,,,0,0,,,,,,,,,,,,
2026-10-01 03:00:00,전남광주통합특별시,A1500011,첨단종합병원,20261001025432,062-601-8000,,,,,,1,2,2,2,1,,,Y,Y,Y,Y,Y,Y,18,N1,106,N1,7,N1,Y,,5,N1,22,,1,2,2,,21,3,5,1,,2,2,1,11,,,1,,,,,409,,,Y,N1,A1500011,6,,,,1,11,,,,,1,49,,,,,,,,,,,,,,,,,,,,,,,,,,,,,,,,,,,,,,,,,,,,,
2026-10-01 03:00:00,전남광주통합특별시,A1500021,광주기독병원,20261001025053,062-650-5000,,,,,,0,1,,,,N,,Y,Y,Y,Y,Y,Y,17,N1,41,N1,,N1,Y,3,9,N1,20,,1,2,,3,,,9,,0,2,2,2,11,,,2,,,,,514,,,Y,N1,A1500021,7,,0,0,0,,,16,9,,3,,,,,,,,,,,,,,,,,,,,,,,,,,,,,,,,,,,,,,,,,,,,,,
2026-10-01 03:00:00,전남광주통합특별시,A2600017,의료법인목포구암의료재단목포중앙병원,20261001025608,061-280-3000,,,,,,2,2,,,,,,Y,Y,Y,Y,Y,Y,15,N1,60,Y,7,N1,Y,,4,N1,16,,2,2,,,16,,4,,,2,1,2,10,,,1,,1,,,275,,,Y,N1,A2600017,8,,,,2,6,,,,,2,49,,,,,,,,,,,,,,,,,,,,,,,,,,,,,,,,,,,,,,,,,,,,,
2026-10-01 03:00:00,전남광주통합특별시,A1500020,서광병원,20261001025404,062-600-8000,,,,,2,2,1,1,1,1,N,,Y,N,Y,N,Y,Y,18,N1,73,N1,6,N1,Y,,2,N1,18,2,2,1,2,,17,3,2,1,0,1,1,0,1,,,1,,,,,176,,,Y,N1,A1500020,9,,,,0,,,,,,1,,,,,,,,,,,,,,,,,,,,,,,,,,,,,,,,,,,,,,,,,,,,,,
2026-10-01 03:00:00,전남광주통합특별시,A2600014,여천전남병원,20261001025110,061690-6000,,,,,,1,2,,,,,,Y,Y,Y,Y,Y,Y,16,N1,116,N1,3,N1,Y,,5,N1,17,,1,2,,,14,,5,,,2,2,1,6,,,1,,,,,299,,,Y,N1,A2600014,10,,,,,,,,,,,,,,,,,,,,,,,,,,,,,,,,,,,,,,,,,,,,,,,,,,,,,,,,
2026-10-01 03:00:00,전남광주통합특별시,A2600001,화순전남대학교병원,20261001025500,061-379-7120,,Y,,,1,,2,0,1,5,,,Y,Y,Y,Y,Y,Y,15,Y,8,N1,,Y,Y,1,14,N1,16,1,,2,2,1,,4,14,5,,5,4,2,31,,1,7,1,,,,546,,,Y,N1,A2600001,11,1,3,7,1,,,8,12,,2,,1,4,,4,,,,,,,,,,,,,,,,,,,,,,,,,,,,,,,,,,,,,,,,,
2026-10-01 03:00:00,전남광주통합특별시,A2600050,전라남도강진의료원,20261001025002,061-433-2167,,Y,,,,,1,,,,Y,,Y,,Y,N1,N1,Y,9,N1,60,N1,,Y,Y,,3,N1,9,,,1,,,,,3,,1,1,1,,2,,2,,,,,,171,,,Y,N1,A2600050,12,,,,,,,,,,,,,,,,,,,,,,,,,,,,,,,,,,,,,,,,,,,,,,,,,,,,,,,,
2026-10-01 03:00:00,전남광주통합특별시,A2600018,의료법인영성의료재단고흥종합병원,20261001024513,061-832-1911,Y,Y,,,,,,,,,Y,,Y,,Y,N1,N1,Y,10,N1,168,N1,1,Y,Y,,2,N1,10,,,,,,12,,2,,1,1,1,,4,1,1,,,,,,271,,,Y,Y,A2600018,13,,,,,,,,,,,,,,,,,,,,,,,,,,,,,,,,,,,,,,,,,,,,,,,,,,,,,,,,
2026-10-01 03:00:00,전남광주통합특별시,A2600068,의료법인장호의료재단녹동현대병원,20261001024936,061-840-1200,,,,,,,2,,,,,,Y,,Y,N1,N1,Y,3,N1,37,N1,,N1,Y,,2,N1,3,,,2,,,,,2,,,1,1,,3,,,,,,,,118,,,Y,N1,A2600068,14,,,,,,,,,,,,,,,,,,,,,,,,,,,,,,,,,,,,,,,,,,,,,,,,,,,,,,,,
2026-10-01 03:00:00,전남광주통합특별시,A2600029,곡성사랑병원,20261001025345,061-360-6000,,,,,,,1,,,,,,Y,,Y,N1,N1,Y,5,N1,11,N1,,N1,N1,,1,N1,5,,,1,,,,,1,,,1,,,1,,,,,,,,46,,,Y,N1,A2600029,15,,,,,13,,,,,,45,,,,,,,,,,,,,,,,,,,,,,,,,,,,,,,,,,,,,,,,,,,,,
2026-10-01 03:00:00,전남광주통합특별시,A1500006,신가병원,20261001025210,062-610-8702,,,,,,,1,,,,,,Y,,Y,N1,N1,Y,9,N1,46,N1,,N1,Y,,3,N1,9,,,1,,,,,3,,,1,1,,1,,,,,,,,201,,,Y,N1,A1500006,16,,,,,,,,,,,,,,,,,,,,,,,,,,,,,,,,,,,,,,,,,,,1,1,,,,,,,,,,,,
2026-10-01 03:00:00,전남광주통합특별시,A1502007,광주센트럴병원,20261001025510,062-950-9700,,,,,,,1,,,,,,Y,,Y,N1,N1,Y,8,N1,48,N1,,N1,Y,,3,N1,10,,,1,,,,,3,,,1,1,,1,,,,,,,,299,,,Y,N1,A1502007,17,,,,,,,,,,,,,,,,,,,,,,,,,,,,,,,,,,,,,,,,,,,,,,,,,,,,,,,,
2026-10-01 03:00:00,전남광주통합특별시,A1500017,하남성심병원,20261001025130,062-953-6000,,,,,,,0,,,,,,Y,,Y,N1,N1,Y,14,N1,46,N1,3,N1,Y,,5,N1,19,,,1,,,10,,5,,,1,1,,4,,,,,,,,261,,,Y,N1,A1500017,18,,,,,,,,,,,,,,,,,,,,,,,,,,,,,,,,,,,,,,,,,,,,,,,,,,,,,,,,
2026-10-01 03:00:00,전남광주통합특별시,A1500018,광주수완병원,20261001025354,062-958-1111,,,,,,,0,,,,,,Y,,Y,N1,N1,Y,9,N1,52,N1,,N1,Y,,3,N1,9,,,1,,,,,3,,,1,1,,2,,,,,,,,177,,,Y,N1,A1500018,19,,,,,,,,,,,,,,,,,,,,,,,,,,,,,,,,,,,,,,,,,,,,,,,,,,,,,,,,
2026-10-01 03:00:00,전남광주통합특별시,A1500004,광주보훈병원,20261001025458,062-602-6021,,,,30,,1,1,,,1,,,Y,Y,Y,Y,Y,Y,13,N1,93,N1,15,N1,Y,,7,N1,14,,1,1,,,25,,7,2,,2,3,2,11,,,2,,,,,512,,30,Y,N1,A1500004,20,,,,1,,,,,,1,,,,,,,,,,,,,,,,,,,,,,,,,,,,,,,,,,,,,,,,,,,,,,
2026-10-01 03:00:00,전남광주통합특별시,A2600006,광양사랑병원,20261001025535,061797-7000,,,,,,,1,,,,,,Y,,Y,N1,Y,Y,8,N1,59,N1,4,N1,Y,,3,N1,9,,,1,,,9,,3,,,1,1,,4,,,1,,,,,149,,,Y,N1,A2600006,21,,,,,,,,,,,,,,,,,,,,,,,,,,,,,,,,,,,,,,,,,,,,,,,,,,,,,,,,
2026-10-01 03:00:00,전남광주통합특별시,A2600024,의료법인현경의료재단광양서울병원,20261001025448,061-798-9800,,,,,,,1,,,,,,Y,,Y,N1,Y,Y,9,N1,58,N1,,N1,Y,,3,N1,9,,,1,,,,,3,,,1,1,,3,,,1,,,,,208,,,Y,N1,A2600024,22,,,,,,,,,,,,,,,,,,,,,,,,,,,,,,,,,,,,,,,,,,,,,,,,,,,,,,,,
2026-10-01 03:00:00,전남광주통합특별시,A2600061,구례병원,20261001025500,061780-3300,,,,,,,0,,,,,,Y,,Y,N1,N1,Y,10,N1,34,N1,,N1,N1,,1,N1,10,,,0,,,,,1,,,1,,,1,,,,,,,,97,,,Y,N1,A2600061,23,,,,,,,,,,,,,,,,,,,,,,,,,,,,,,,,,,,,,,,,,,,,,,,,,,,,,,,,
2026-10-01 03:00:00,전남광주통합특별시,A2600016,나주종합병원,20261001025301,061-330-6114,,,,,,,,,,,,,Y,,Y,N1,N1,Y,7,N1,50,N1,,N1,Y,,3,N1,10,,,,,,,,3,,,1,1,,2,,,,,,,,178,,,Y,N1,A2600016,24,,,,,,,,,,,,,,,,,,,,,,,,,,,,,,,,,,,,,,,,,,,,,,,,,,,,,,,,
2026-10-01 03:00:00,전남광주통합특별시,A2602211,빛가람종합병원,20261001025455,061-820-0820,,,,,,,1,,,,,,Y,,Y,N1,N1,Y,7,N1,15,N1,,N1,Y,,4,N1,9,,,1,,,,,4,,,1,1,,2,,,,,,,,192,,,Y,N1,A2602211,25,,,,,,,,,,,,,,,,,,,,,,,,,,,,,,,,,,,,,,,,,,,,,,,,,,,,,,,,
2026-10-01 03:00:00,전남광주통합특별시,A1500013,동아병원,20261001025529,062-650-2500,,,,,,,1,,,,,,Y,,Y,N1,N1,Y,7,N1,66,N1,,N1,Y,,1,N1,9,,,1,,,,,6,,,1,2,,1,,,,,,,,276,,,Y,N1,A1500013,26,,,,,,,,,,,,,,,,,,,,,,,,,,,,,,,,,,,,,,,,,,,,,,,,,,,,,,,,
2026-10-01 03:00:00,전남광주통합특별시,A1500009,광주씨티병원,20261001025320,062-604-7000,,,,,,,1,,,,,,Y,,Y,N1,N1,Y,10,N1,36,N1,,N1,Y,,4,N1,10,,,1,,,,,4,,,1,1,,1,,,,,,,,173,,,Y,N1,A1500009,27,,,,,,,,,,,,,,,,,,,,,,,,,,,,,,,,,,,,,,,,,,,,,,,,,,,,,,,,
2026-10-01 03:00:00,전남광주통합특별시,A2600054,담양사랑병원,20261001025532,061-380-9000,,,,,,,2,,,,,,Y,,Y,N1,N1,Y,6,N1,45,N1,,N1,N1,,2,N1,6,,,2,,,,,2,,,1,,,1,,,,,,,,86,,,Y,N1,A2600054,28,,,,,,,,,,,,,,,,,,,,,,,,,,,,,,,,,,,,,,,,,,,,,,,,,,,,,,,,
2026-10-01 03:00:00,전남광주통합특별시,A2600020,목포기독병원,20261001025345,061-280-7500,,,,,,,1,,,,,,Y,,Y,N1,Y,Y,16,N1,78,N1,11,N1,Y,,4,N1,17,,,1,,,14,,4,,,1,2,,9,,,1,,,,,340,,,Y,N1,A2600020,29,,,,2,,,,,,3,,,,,,,,,,,,,,,,,,,,,,,,,,,,,,,,,2,2,,,,,,,,,,,,
2026-10-01 03:00:00,전남광주통합특별시,A2600022,목포시의료원,20261001025502,061-260-6500,,,,,,,1,,1,,,,Y,,Y,N1,N1,Y,9,N1,69,N1,,N1,Y,,3,N1,9,,,1,,,,1,3,,,1,1,,1,,,,,,,,253,,,Y,N1,A2600022,30,,,,,4,,,,,,45,,,,,,,,,,,,,,,,,,,,,,,,,,,,,,,,,,,,,,,,,,,,,
2026-10-01 03:00:00,전남광주통합특별시,A2600003,대송의료재단무안병원,20261001025118,061-450-3000,,,,,,,1,,,,,,Y,,Y,N1,Y,Y,4,N1,53,N1,0,N1,Y,,2,N1,4,,,1,,,13,,2,,,1,1,,1,,,1,,,,,173,,,Y,N1,A2600003,31,,,,,11,,,,,,105,,,,,,,,,,,,,,,,,,,,,,,,,,,,,,,,,,,,,,,,,,,,,
2026-10-01 03:00:00,전남광주통합특별시,A2600052,보성아산병원,20261001025000,061-850-3410,,,,,,,1,,,,,,Y,,Y,N1,N1,Y,8,N1,58,N1,,N1,N1,,2,N1,8,,,1,,,,,2,,,1,,,2,,,,,,,,100,,,Y,N1,A2600052,32,,,,,,,,,,,,,,,,,,,,,,,,,,,,,,,,,,,,,,,,,,,,,,,,,,,,,,,,
2026-10-01 03:00:00,전남광주통합특별시,A2600066,의료법인삼호의료재단벌교삼호병원,20261001024848,061-859-5000,,,,,,,1,,,,,,Y,,Y,N1,N1,Y,6,N1,34,N1,,N1,N1,,1,N1,6,,,1,,,,,1,,,1,,,1,,,,,,,,80,,,Y,N1,A2600066,33,,,,,72,,,,,,261,,,,,,,,,,,,,,,,,,,,,,,,,,,,,,,,,,,,,,,,,,,,,
2026-10-01 03:00:00,전남광주통합특별시,A1500015,광주병원,20261001024933,062-260-7000,,,,,,,1,,,,,,Y,Y,Y,Y,N1,Y,9,N1,21,N1,0,N1,Y,,4,N1,10,,,1,,,13,,4,,,1,1,1,1,,,,,,,,278,,,Y,N1,A1500015,34,,,,,,,,,,,,,,,,,,,,,,,,,,,,,,,,,,,,,,,,,,,,,,,,,,,,,,,,
2026-10-01 03:00:00,전남광주통합특별시,A1500010,운암한국병원,20261001025315,062-608-8000,,,,,,,1,,,,,,N,,Y,N1,N1,N,6,N1,33,N1,,N1,N,,3,N1,9,,,1,,,,,3,,,1,1,,1,,,,,,,,208,,,Y,N1,A1500010,35,,,,,,,,,,,,,,,,,,,,,,,,,,,,,,,,,,,,,,,,,,,,,,,,,,,,,,,,
2026-10-01 03:00:00,전남광주통합특별시,A1500003,광주현대병원,20261001025237,062-570-0114,,,,,,,1,,,,,,Y,,Y,N1,N1,Y,2,N1,41,N1,,N1,Y,,5,N1,9,,,1,,,,,5,,,1,2,,1,,,,,,,,236,,,Y,N1,A1500003,36,,,,,,,,,,,,,,,,,,,,,,,,,,,,,,,,,,,,,,,,,,,1,1,,,,,,,,,,,,
2026-10-01 03:00:00,전남광주통합특별시,A1500005,광주일곡병원,20261001025117,062-608-7013,,,,,,,1,,,,,,Y,,Y,N1,N1,Y,7,N1,35,N1,,N1,Y,,2,N1,9,,,1,,,,,2,,,1,1,,1,,,,,,,,144,,,Y,N1,A1500005,37,,,,,,,,,,,,,,,,,,,,,,,,,,,,,,,,,,,,,,,,,,,,,,,,,,,,,,,,
2026-10-01 03:00:00,전남광주통합특별시,A1500007,광주희망병원,20261001025134,062-608-6000,,,,,,,1,,,,,,,,Y,N1,N1,N1,9,N1,70,N1,6,N1,N1,,2,N1,9,,,1,,,8,,3,,,,,,,,,,,,,,182,,,N1,N1,A1500007,38,,,,1,,,,,,1,,,,,,,,,,,,,,,,,,,,,,,,,,,,,,,,,,,,,,,,,,,,,,
2026-10-01 03:00:00,전남광주통합특별시,A1500022,상무병원,20261001025441,062-600-7000,,,,,,,1,,,,,,Y,,Y,N1,N1,Y,8,N1,59,N1,,N1,Y,,3,N1,9,,,1,,,,,3,,,1,1,,1,,,,,,,,202,,,Y,N1,A1500022,39,,,,,,,,,,,,,,,,,,,,,,,,,,,,,,,,,,,,,,,,,,,,,,,,,,,,,,,,
2026-10-01 03:00:00,전남광주통합특별시,A1500016,광주한국병원,20261001025416,062-380-3000,,,,,,,1,,,,,,Y,,Y,N1,N1,Y,15,N1,82,N1,,N1,Y,,4,N1,15,,,1,,,,,4,,,1,1,,1,,,,,,,,259,,,Y,N1,A1500016,40,,,,,,,,,,,,,,,,,,,,,,,,,,,,,,,,,,,,,,,,,,,,,,,,,,,,,,,,
2026-10-01 03:00:00,전남광주통합특별시,A1500014,미래로21병원,20261001025051,062-450-1000,,,,,,,1,,,,,,Y,Y,Y,Y,Y,Y,9,N1,49,N1,4,N1,Y,,3,N1,9,,,1,,,8,,3,,,1,1,1,4,,,1,,,,,192,,,Y,N1,A1500014,41,,,,,,,,,,,,,,,,,,,,,,,,,,,,,,,,,,,,,,,,,,,,,,,,,,,,,,,,
2026-10-01 03:00:00,전남광주통합특별시,A2600008,순천제일병원,20261001025354,061-720-3413,,,,,,,1,,,,,,Y,,Y,N1,N1,Y,9,N1,9,N1,,N1,Y,,2,N1,9,,,1,,,,,2,,,1,1,,1,,,,,,,,200,,,Y,N1,A2600008,42,,,,,,,,,,,,,,,,,,,,,,,,,,,,,,,,,,,,,,,,,,,,,,,,,,,,,,,,
2026-10-01 03:00:00,전남광주통합특별시,A2600056,전라남도순천의료원,20261001025501,061-759-9114,,,,,,0,1,,,6,,,Y,,Y,N1,N1,Y,6,N1,53,N1,4,N1,Y,,3,N1,6,,1,1,,,7,,3,15,,1,1,,13,,,,,,,,164,,,Y,N1,A2600056,43,,,,,23,,,,,,80,,,,,,,,,,,,,,,,,,,,,,,,,,,,,,,,,,,,,,,,,,,,,
2026-10-01 03:00:00,전남광주통합특별시,A2600005,의료법인한국의료재단한국병원,20261001025502,061-740-5000,,,,,,,1,,,,,,Y,,Y,N1,N1,Y,10,N1,88,N1,3,N1,Y,,3,N1,11,,,1,,,9,,3,,,1,1,,4,,,,,,,,229,,,Y,N1,A2600005,44,,,,,,,,,,,,,,,,,,,,,,,,,,,,,,,,,,,,,,,,,,,,,,,,,,,,,,,,
2026-10-01 03:00:00,전남광주통합특별시,A2600004,순천중앙병원,20261001025514,061-743-9021,,,,,,,1,,,,,,Y,,Y,N1,N1,Y,5,N1,70,N1,,N1,Y,,2,N1,5,,,1,,,,,2,,,1,1,,1,,,,,,,,200,,,Y,N1,A2600004,45,,,,,,,,,,,,,,,,,,,,,,,,,,,,,,,,,,,,,,,,,,,,,,,,,,,,,,,,
2026-10-01 03:00:00,전남광주통합특별시,A2600051,의료법인신안대우병원,20261001025535,061-262-3301,,,,,,,1,,,,,,Y,,Y,N1,N1,Y,4,N1,24,N1,,N1,N1,,,N1,4,,,1,,,,,,,,1,,,1,,,,,,,,30,,,Y,N1,A2600051,46,,,,,,,,,,,,,,,,,,,,,,,,,,,,,,,,,,,,,,,,,,,,,,,,,,,,,,,,
2026-10-01 03:00:00,전남광주통합특별시,A2600027,의료법인한마음의료재단여수제일병원,20261001025526,061-689-8123,,Y,,,,,1,,,,Y,,Y,,Y,N1,Y,Y,8,Y,30,N1,10,Y,Y,,6,N1,9,,,1,,,13,,6,,1,2,2,,5,,3,2,1,,,,365,,,Y,N1,A2600027,47,,,,1,,,,,,1,,,,,,,,,,,,,,,,,,,,,,,,,,,,,,,,,,,,,,,,,,,,,,
2026-10-01 03:00:00,전남광주통합특별시,A2600010,여수전남병원,20261001025231,061640-7128,,,,,,,1,,,,,,Y,,Y,N1,Y,Y,7,N1,35,N1,1,N1,Y,,4,N1,10,,,1,,,11,,4,,,2,1,,8,,,1,,,,,272,,,Y,N1,A2600010,48,,,,,,,,,,,,,,,,,,,,,,,,,,,,,,,,,,,,,,,,,,,,,,,,,,,,,,,,
2026-10-01 03:00:00,전남광주통합특별시,A2600034,의료법인 거명의료재단 영광기독병원,20261001025518,061-350-3000,,,,,,,1,,,,,,Y,,Y,N1,N1,Y,10,N1,43,N1,0,N1,Y,,2,N1,10,,,1,,,11,,2,,,1,1,,3,,,,,,,,195,,,Y,N1,A2600034,49,,,,,,,,,,,,,,,,,,,,,,,,,,,,,,,,,,,,,,,,,,,,,,,,,,,,,,,,
2026-10-01 03:00:00,전남광주통합특별시,A2600015,영광종합병원,20261001025350,061-350-8000,,N,,,,,1,,,,N,,Y,,Y,N1,N1,Y,8,N1,65,N1,0,N,Y,,3,N1,10,,,1,,,7,,3,,0,1,1,,4,,0,,,,,,259,,,Y,N1,A2600015,50,,,,,,,,,,,,,,,,,,,,,,,,,,,,,,,,,,,,,,,,,,,0,0,,,,,,,,,,,,
2026-10-01 03:00:00,전남광주통합특별시,A2600070,영암한국병원,20261001025526,061-470-7100,,,,,,,0,,,,,,Y,,Y,N1,N1,Y,8,N1,28,N1,,N1,N1,,2,N1,8,,,1,,,,,2,,,1,,,1,,,,,,,,126,,,Y,N1,A2600070,51,,,,,34,,,,,,172,,,,,,,,,,,,,,,,,,,,,,,,,,,,,,,,,,,,,,,,,,,,,
2026-10-01 03:00:00,전남광주통합특별시,A2600032,완도대성병원,20261001025504,061-553-1234,,,,,,,1,,,,,,Y,,Y,N1,N1,Y,5,N1,52,N1,,N1,N1,,1,N1,5,,,1,,,,,1,,,1,,,1,,,,,,,,98,,,Y,N1,A2600032,52,,,,,,,,,,,,,,,,,,,,,,,,,,,,,,,,,,,,,,,,,,,,,,,,,,,,,,,,
2026-10-01 03:00:00,전남광주통합특별시,A2600035,의료법인행복나눔의료재단장성병원,20261001025258,061-390-9000,,,,,,,1,,,,,,Y,,Y,N1,N1,Y,2,N1,40,N1,,N1,N1,,,N1,4,,,1,,,,,1,,,1,,,,,,,,,,,104,,,N1,N1,A2600035,53,,,,,,,,,,,16,,,,,,,,,,,,,,,,,,,,,,,,,,,,,,,,,,,,,,,,,,,,,
2026-10-01 03:00:00,전남광주통합특별시,A2600021,의료법인우범의료재단장흥종합병원,20261001025222,061-862-8300,,,,,,,1,,,,,,Y,,Y,N1,N1,Y,8,N1,45,N1,,N1,Y,,2,N1,9,,,1,,,,,2,,,1,1,,1,,,,,,,,182,,,Y,N1,A2600021,54,,,,,,,,,,,,,,,,,,,,,,,,,,,,,,,,,,,,,,,,,,,,,,,,,,,,,,,,
2026-10-01 03:00:00,전남광주통합특별시,A2600037,장흥우리병원,20261001025527,061-862-6262,,,,,,,1,,,,,,Y,,Y,N1,N1,Y,4,N1,73,N1,2,N1,Y,,2,N1,4,,,1,,,5,,2,,,1,1,,1,,,,,,,,140,,,Y,N1,A2600037,55,,,,,,,,,,,,,,,,,,,,,,,,,,,,,,,,,,,,,,,,,,,,,,,,,,,,,,,,
2026-10-01 03:00:00,전남광주통합특별시,A2602088,의료법인남우의료재단 진도전남병원,20261001025308,061544-7933,,,,,,,1,,,,,,,,Y,N1,N1,N1,5,N1,48,N1,,N1,N1,,,N1,5,,,1,,,,,,,,,,,1,,,,,,,,100,,,Y,N1,A2602088,56,,,,,,,,,,,,,,,,,,,,,,,,,,,,,,,,,,,,,,,,,,,,,,,,,,,,,,,,
2026-10-01 03:00:00,전남광주통합특별시,A2600040,진도한국병원,20261001025411,061-544-2051,,,,,,,1,,,,,,,,Y,N1,N1,N1,4,N1,24,N1,,N1,N1,,,N1,4,,,1,,,,,,,,,,,,,,,,,,,40,,,N1,N1,A2600040,57,,,,,,,,,,,,,,,,,,,,,,,,,,,,,,,,,,,,,,,,,,,,,,,,,,,,,,,,
2026-10-01 03:00:00,전남광주통합특별시,A2600077,해남우리종합병원,20261001025522,061530-7000,,,,5,,,4,,,,,,Y,,Y,N1,N1,Y,15,N1,97,N1,3,N1,Y,,2,N1,15,,,4,,,23,,2,,,2,1,,9,,,,,,,,338,,24,Y,N1,A2600077,58,,,,2,,,,,,2,,,,,,,,,,,,,,,,,,,,,,,,,,,,,,,,,,,,,,,,,,,,,,
2026-10-01 03:00:00,전남광주통합특별시,A2600009,의료법인행촌의료재단해남종합병원,20261001025508,061-536-4116,,,,18,,,1,,,,Y,,Y,,Y,N1,N1,Y,10,N1,142,N1,4,N1,Y,,3,N1,10,,,1,,,18,,3,,1,1,1,,1,,,,,,,,351,,18,Y,N1,A2600009,59,,,,,,,,,,,,,,,,,,,,,,,,,,,,,,,,,,,,,,,,,,,,,,,,,,,,,,,,
2026-10-01 03:00:00,강원특별자치도,A2200008,강릉아산병원,20261001025515,033-610-3114,Y,Y,0,,3,2,3,1,8,,Y,,Y,Y,Y,Y,Y,Y,13,Y,27,Y,,Y,Y,1,15,Y,23,3,2,3,18,13,,38,15,,2,4,3,4,33,8,12,8,5,1,,2,604,1,,Y,Y,A2200008,1,,0,0,,,,14,16,,,,,,0,,6,,,,,,,,,,,,,,,,,,,,,,,,,,,,,,,,,,,,,,,,
2026-10-01 03:00:00,강원특별자치도,A2200001,연세대학교원주세브란스기독병원,20261001025002,033-741-0114,Y,Y,0,,3,1,3,2,5,,Y,,Y,Y,Y,Y,Y,Y,19,Y,30,Y,,Y,Y,-1,15,Y,29,3,2,3,20,19,,30,15,,2,5,4,7,100,12,25,16,7,13,,4,584,2,,Y,Y,A2200001,2,1,5,3,,4,4,15,12,20,,24,4,24,,36,,,,3,15,,,,,,,,,,,,,,,,,,,,,,,,,2,6,2,6,4,2,40,2,,,,
2026-10-01 03:00:00,강원특별자치도,A2200013,한림대학교춘천성심병원,20261001025107,033-240-5000,Y,Y,,,3,,,3,22,2,Y,Y,Y,Y,Y,Y,Y,Y,15,Y,63,Y,6,Y,Y,,9,Y,22,3,,,20,,20,45,9,2,1,2,2,3,33,1,4,6,2,1,1,1,266,,,Y,Y,A2200013,3,2,,,0,,,,,,2,,2,3,1,3,2,,,,,,,,,,,,,0,,,,8,,,,,,,,,,,,,,,,,,,,,,,
2026-10-01 03:00:00,강원특별자치도,A2200005,의료법인강릉동인병원,20261001025513,033-650-6113,,,,,,1,2,0,2,,,,Y,Y,Y,Y,Y,Y,16,N1,92,N1,0,N1,Y,,5,N1,17,,1,2,2,,10,4,5,,,2,1,1,14,,,1,,,,,244,,,Y,N1,A2200005,4,,0,,2,4,,12,,,2,101,,,,,,,,,,,,,,,,,,,,,,,,,,,,,,,,,,,,,,,,,,,,,
2026-10-01 03:00:00,강원특별자치도,A2200007,강원특별자치도삼척의료원,20261001025502,033-572-1141,,Y,,,1,2,1,1,3,8,Y,,Y,,Y,N1,Y,Y,16,N1,57,N1,0,Y,Y,,4,N1,16,1,2,1,2,,6,3,4,10,1,1,1,,3,,3,1,,,,,189,,,Y,N1,A2200007,5,,,,0,,,,,,2,,,,,,,,,,,,,,,,,,,,,,,,,,,,,,,,,,,,,,,,,,,,,,
2026-10-01 03:00:00,강원특별자치도,A2200012,강원특별자치도속초의료원,20261001025501,033-630-6000,Y,Y,,,,2,1,,,,Y,,Y,,Y,N1,N1,Y,17,N1,61,N1,3,Y,Y,,3,N1,17,,2,1,,,8,,3,,2,1,1,,7,1,1,,,,,,154,,,Y,Y,A2200012,6,,,,,,,,,,,,,,,,,,,,,,,,,,,,,,,,,,,,,,,,,,,,,,,,,,,,,,,,
2026-10-01 03:00:00,강원특별자치도,A2200009,강원대학교병원,20261001025500,033-258-2000,Y,Y,-1,,3,2,3,1,,6,Y,,Y,Y,Y,Y,Y,Y,19,Y,213,Y,,Y,Y,10,11,N1,21,3,2,3,5,15,,,11,14,3,4,2,4,43,13,24,12,3,10,,,508,0,,Y,Y,A2200009,7,,2,,0,5,,10,,,2,16,,,,,,3,8,1,8,,,,,,2,,,,,8,,,,,,,,,,,,,,,,,,,,,,,,,
2026-10-01 03:00:00,강원특별자치도,A2200011,강원특별자치도강릉의료원,20261001025502,033-610-1200,,,,20,,,1,,,5,,,Y,,Y,N1,N1,Y,4,N1,36,N1,0,N1,Y,,2,N1,5,,,1,,,8,,2,5,,1,1,,4,,,,,,,,122,,20,Y,N1,A2200011,8,,,,,,,,,,,,,,,,,,,,,,,,,,,,,,,,,,,,,,,,,,,,,,,,,,,,,,,,
2026-10-01 03:00:00,강원특별자치도,A2200003,의료법인동해동인병원,20261001025520,033-530-0114,,,,,,,1,,,,,,Y,,Y,N1,N1,Y,8,N1,27,N1,9,N1,Y,,2,N1,10,,,1,,,19,,2,,,1,1,,7,,,,,,,,178,,,Y,N1,A2200003,9,,,,1,56,,,,,1,110,,,,,,,,,,,,,,,,,,,,,,,,,,,,,,,,,,,,,,,,,,,,,
2026-10-01 03:00:00,강원특별자치도,A2200046,의료법인온세움의료재단온재병원,20261001025440,033-639-8633,,,,,,,1,,,,,,Y,,Y,N1,N1,Y,7,N1,69,N1,0,N1,Y,,4,N1,9,,,1,,,15,,4,,,1,1,,5,,,,,,,,219,,,Y,N1,A2200046,10,,,,,24,,,,,,59,,,,,,,,,,,,,,,,,,,,,,,,,,,,,,,,,,,,,,,,,,,,,
2026-10-01 03:00:00,강원특별자치도,A2200037,의료법인성심의료재단양구성심병원,20261001025438,033-480-8803,,Y,,,,1,,,,,Y,,Y,,Y,N1,N1,Y,4,N1,32,N1,,Y,N1,,,N1,5,,1,,,,,,,,1,1,,,1,,1,,,,,,52,,,Y,N1,A2200037,11,,,,,,,,,,,,,,,,,,,,,,,,,,,,,,,,,,,,,,,,,,,,,,,,,,,,,,,,
2026-10-01 03:00:00,강원특별자치도,A2200002,강원특별자치도영월의료원,20261001025002,033-370-9101,,Y,,,,,,,,0,Y,,Y,,Y,N1,N1,Y,9,N1,39,N1,4,Y,Y,,2,N1,9,,,,,,10,,2,2,1,1,1,,7,,3,,,,,,174,,,Y,N1,A2200002,12,,,,1,,,,,,2,,,,,,,,,,,,,,,,,,,,,,,,,,,,,,,,,1,1,,,,,,,,,,,,
2026-10-01 03:00:00,강원특별자치도,A2200015,강원특별자치도원주의료원,20261001025502,033-760-4500,,,,,,1,2,,,,,,Y,,Y,N1,N1,Y,14,N1,77,N1,7,N1,Y,,3,N1,17,,1,2,,,20,,3,,,2,1,,7,,,,,,,,259,,,Y,N1,A2200015,13,,,,,,,,,,,,,,,,,,,,,,,,,,,,,,,,,,,,,,,,,,,,,,,,,,,,,,,,
2026-10-01 03:00:00,강원특별자치도,A2200024,의료법인성지의료재단성지병원,20261001024959,033-760-3101,,,,13,,,1,,,,,,Y,,Y,N1,N1,Y,4,N1,-83,N1,9,N1,Y,,4,N1,7,,,1,,,9,,4,,,1,2,,4,,,,,,,,135,,13,Y,N1,A2200024,14,,,,,,,,,,,,,,,,,,,,,,,,,,,,,,,,,,,,,,,,,,,,,,,,,,,,,,,,
2026-10-01 03:00:00,강원특별자치도,A2200048,근로복지공단정선병원,20261001025300,033-560-7100,,,,,,,1,,,,,,Y,,Y,N1,N1,Y,5,N1,39,N1,,N1,N1,,,N1,5,,,1,,,,,,,,1,,,3,,,,,,,,149,,,Y,N1,A2200048,15,,,,,,,,,,,,,,,,,,,,,,,,,,,,,,,,,,,,,,,,,,,,,,,,,,,,,,,,
2026-10-01 03:00:00,강원특별자치도,A2201730,철원병원,20261001025001,033-452-5011,N,Y,,,,1,,,,,Y,N,Y,N,Y,N,N,Y,4,N,30,N,,Y,Y,,2,N,5,,1,,,,,,2,,1,1,1,0,1,0,1,0,0,0,0,0,68,,,Y,N,A2201730,16,,,,,,,,,,,,,,,,,,,,,,,,,,,,,,,,,,,,,,,,,,,,,,,,,,,,,,,,
2026-10-01 03:00:00,강원특별자치도,A2200004,근로복지공단태백병원,20261001025400,033-580-3114,,,,,,1,,,,,Y,,Y,,Y,N1,N1,Y,9,N1,88,N1,1,N1,Y,,2,N1,9,,1,,,,9,,2,,1,1,1,,8,,,,,,,,223,,,Y,N1,A2200004,17,,,,1,,,,,,1,,,,,,,,,,,,,,,,,,,,,,,,,,,,,,,,,,,,,,,,,,,,,,
2026-10-01 03:00:00,강원특별자치도,E2200026,평창군보건의료원,20261001025502,033-332-4000,,,,,,,1,,,,,,Y,,Y,N1,N1,Y,6,N1,20,N1,,N1,N1,,,N1,6,,,1,,,,,,,,1,,,1,,,,,,,,20,,,Y,N1,E2200026,18,,,,,,,,,,,,,,,,,,,,,,,,,,,,,,,,,,,,,,,,,,,,,,,,,,,,,,,,
2026-10-01 03:00:00,강원특별자치도,A2200014,홍천아산병원,20261001025500,033-430-5211,,,,,,,,,,,,,Y,,Y,N1,N1,Y,10,N1,3,N1,0,N1,Y,,2,N1,10,,,,,,7,,2,,,1,1,,4,,,,,,,,128,,,Y,N1,A2200014,19,,,,,,,,,,,,,,,,,,,,,,,,,,,,,,,,,,,,,,,,,,,,,,,,,,,,,,,,
2026-10-01 03:00:00,강원특별자치도,E2200025,화천군보건의료원,20261001025501,033-441-4000,,,,,,,1,,,,,,,,Y,N1,N1,N1,7,N1,15,N1,,N1,N1,,,N1,7,,,1,,,,,,,,,,,1,,,,,,,,16,,,Y,N1,E2200025,20,,,,,,,,,,,,,,,,,,,,,,,,,,,,,,,,,,,,,,,,,,,,,,,,,,,,,,,,
2026-10-01 03:00:00,강원특별자치도,A2200016,횡성대성병원,20261001025515,033-343-0901,,,,,,,1,,,,,,Y,,Y,N1,N1,Y,9,N1,32,N1,,N1,Y,,1,N1,9,,,1,,,,,1,,,1,1,,1,,,,,,,,114,,,Y,N1,A2200016,21,,,,,,,,,,,,,,,,,,,,,,,,,,,,,,,,,,,,,,,,,,,,,,,,,,,,,,,,
2026-10-01 03:00:00,충청북도,A2300001,충북대학교병원,20261001025500,043-269-6114,Y,Y,,,7,,,3,21,10,Y,,Y,Y,Y,Y,Y,Y,24,Y,200,Y,5,Y,Y,9,16,N1,30,8,,,18,25,17,40,16,13,2,4,4,6,98,13,31,18,10,17,,,558,,,Y,Y,A2300001,1,2,0,,5,10,13,8,,20,5,21,2,3,2,3,2,,,,,,,,,,,,,2,,,,4,,,,,,,,,,,,1,6,2,6,4,2,40,2,,,,
2026-10-01 03:00:00,충청북도,A2300009,의료법인명지의료재단명지병원,20261001025250,043-640-8114,,,,,3,2,4,2,,,,,Y,Y,Y,Y,Y,Y,15,Y,55,N1,11,N1,Y,,3,N1,18,3,2,4,2,,15,,3,,,2,1,1,10,,,2,1,,,,201,,,Y,N1,A2300009,2,,,,3,,,,,,3,,,,,,,,,,,,,,,,,,,,,,,,,,,,,,,,,,,,,,,,,,,,,,
2026-10-01 03:00:00,충청북도,A2300005,의료법인자산의료재단제천서울병원,20261001025224,043-642-7606,,,,,,1,4,0,2,,,,Y,,Y,N1,Y,Y,13,N1,50,N1,1,N1,Y,,3,Y,15,,1,4,2,,11,3,3,,,1,1,,10,,,1,,,,1,202,,,Y,N1,A2300005,3,,,,,,,,,,,,,,,,,,,,,,,,,,,,,,,,,,,,,,,,,,,,,,,,,,,,,,,,
2026-10-01 03:00:00,충청북도,A2300013,의료법인 건명의료재단 중앙제일병원,20261001025348,043-533-1711,,,,,,3,,,,31,,,Y,,Y,N1,Y,Y,13,N1,52,N1,3,N1,Y,,5,N1,17,,3,,,,12,,5,31,,2,2,,6,,,1,,,,,192,,,Y,N1,A2300013,4,,,,0,,,,,,6,,,,,,,,,,,,,,,,,,,,,,,,,,,,,,,,,,,,,,,,,,,,,,
2026-10-01 03:00:00,충청북도,A2300007,의료법인인화재단한국병원,20261001025303,043-222-7000,,Y,,,,1,1,0,0,1,Y,,Y,Y,Y,Y,Y,Y,12,N1,52,N1,0,Y,Y,,8,N1,14,,1,2,2,,22,4,8,1,1,3,3,2,18,,1,3,,,,,399,,,Y,N1,A2300007,5,,,,0,,,,,,1,,,,,,,,,,,,,,,,,,,,,,,,,,,,,,,,,3,3,,,,,,,,,,,,
2026-10-01 03:00:00,충청북도,A2300003,의료법인정산의료재단효성병원,20261001025116,043-221-5000,,N,,,,1,4,0,0,,Y,,Y,Y,Y,Y,Y,Y,17,N1,67,N1,1,N,Y,,4,Y,18,,1,4,2,,27,3,4,,1,3,4,2,19,,1,2,,,,1,363,,,Y,N1,A2300003,6,,,,1,,,,,,2,,,,,,,,,,,,,,,,,,,,,,,,,,,,,,,,,,,,,,,,,,,,,,
2026-10-01 03:00:00,충청북도,A2300008,청주성모병원,20261001025509,043-219-8000,,Y,,,,2,5,2,4,3,Y,,Y,Y,Y,Y,Y,Y,7,N1,109,N1,,Y,Y,,8,N1,15,,2,5,2,,,4,8,30,1,3,2,2,19,,2,2,,,,,358,,,Y,N1,A2300008,7,,2,5,0,,,13,12,,1,,,,,,,,,,,,,,,,,,,,,,,,,,,,,,,,,,,,,,,,,,,,,,
2026-10-01 03:00:00,충청북도,A2300002,의료법인한마음의료재단하나병원,20261001025211,043-230-6114,,,,,,1,1,0,1,,,,Y,Y,Y,Y,Y,Y,10,N1,122,N1,-1,N1,Y,,7,Y,11,,1,2,2,,22,3,7,,,3,3,2,20,,,4,,,,1,460,,,Y,N1,A2300002,8,,,,1,,,,,,2,,,,,,,,,,,,,,,,,,,,,,,,,,,,,,,,,9,9,,,,,,,,,,,,
2026-10-01 03:00:00,충청북도,A2300010,건국대학교충주병원,20261001025501,043-840-8593,Y,Y,,,,1,2,,,1,Y,,Y,Y,Y,Y,Y,Y,18,Y,77,N1,6,Y,Y,,5,N1,20,,1,2,,,18,,5,1,1,2,1,2,11,1,4,3,1,,,,194,,,Y,Y,A2300010,9,,,,,,,,,,,,,,,,,,,,,,,,,,,,,,,,,,,,,,,,,,,,,,,,,,,,,,,,
2026-10-01 03:00:00,충청북도,A2300034,의료법인대광의료재단괴산성모병원,20261001025518,043-830-5400,,,,,,,0,,,,,,Y,,Y,N1,N1,Y,9,N1,14,N1,,N1,Y,,1,N1,9,,,1,,,,,1,,,1,1,,3,,,,,,,,153,,,Y,N1,A2300034,10,,,,,,,,,,,,,,,,,,,,,,,,,,,,,,,,,,,,,,,,,,,,,,,,,,,,,,,,
2026-10-01 03:00:00,충청북도,E2300011,단양군보건의료원,20261001025502,043-420-3203,,,,,,1,,,,2,,,Y,,Y,N1,N1,Y,6,N1,14,N1,,N1,N1,,,N1,6,,1,,,,,,,2,,1,,,1,,,,,,,,14,,,Y,N1,E2300011,11,,,,,,,,,,,,,,,,,,,,,,,,,,,,,,,,,,,,,,,,,,,,,,,,,,,,,,,,
2026-10-01 03:00:00,충청북도,A2300030,의료법인조윤의료재단영동병원,20261001025008,043-740-9000,,Y,,,,,,,,,Y,,Y,,Y,N1,N1,Y,10,N1,19,N1,,Y,Y,,2,N1,10,,,,,,,,2,,1,1,1,,3,,1,,,,,,161,,,Y,N1,A2300030,12,,,,,,,,,,,,,,,,,,,,,,,,,,,,,,,,,,,,,,,,,,,,,,,,,,,,,,,,
2026-10-01 03:00:00,충청북도,A2300011,의료법인힐링의료재단옥천성모병원,20261001025225,043-730-7000,,,,,,2,1,,,,,,Y,,Y,N1,N1,Y,7,N1,34,N1,0,N1,Y,,2,N1,7,,2,1,,,7,,2,,,1,1,,4,,,,,,,,157,,,Y,N1,A2300011,13,,,,,,,,,,,,,,,,,,,,,,,,,,,,,,,,,,,,,,,,,,,,,,,,,,,,,,,,
2026-10-01 03:00:00,충청북도,A2300006,충청북도청주의료원,20261001025502,043-279-2300,,Y,,,,1,,,,6,Y,,Y,Y,Y,Y,Y,Y,11,N1,153,N1,17,Y,Y,,5,N1,12,,1,,,,21,,5,6,1,1,1,1,11,,1,1,,,,,359,,,Y,N1,A2300006,14,,,,3,90,,,,,3,90,,,,,,,,,,,,,,,,,,,,,,,,,,,,,,,,3,3,,,,,,,,,,,,
2026-10-01 03:00:00,충청북도,A2300004,충청북도충주의료원,20261001025502,043-871-0114,,,,,,1,2,,,,,,Y,Y,Y,Y,Y,Y,18,N1,112,N1,1,N1,Y,,4,N1,18,,1,2,,,11,,4,,,1,1,1,8,,,1,,,,,282,,,Y,N1,A2300004,15,,,,1,,,,,,1,,,,,,,,,,,,,,,,,,,,,,,,,,,,,,,,,,,,,,,,,,,,,,
2026-10-01 03:00:00,충청남도,A2400002,단국대학교의과대학부속병원,20261001025500,041-550-7114,Y,Y,,,4,,1,7,0,0,Y,,Y,Y,Y,Y,Y,Y,19,Y,35,Y,,Y,Y,0,13,Y,25,4,,1,18,25,,30,13,8,3,4,3,6,65,14,29,15,7,17,,1,640,,,Y,Y,A2400002,1,2,,2,1,8,2,,13,20,1,20,2,2,0,2,2,,,6,13,,,,,,,,,,,,,,,,,,,,,,,,,2,6,2,6,1,2,40,2,,2,,7
2026-10-01 03:00:00,충청남도,A2400001,학교법인동은학원순천향대학교부속천안병원,20261001025103,041-570-2114,Y,Y,1,,14,4,3,8,7,4,Y,Y,Y,Y,Y,Y,Y,Y,15,Y,92,Y,,Y,Y,1,21,Y,22,14,4,3,17,38,,30,21,14,11,6,4,6,60,20,57,6,6,10,1,1,765,1,,Y,Y,A2400001,2,,9,5,5,,,18,15,,6,,,,,,,,,,,1,3,,,,,2,2,,,,2,,,6,1,3,,,,,,,,,,,,,,,,,,,
2026-10-01 03:00:00,충청남도,A2400009,의료법인백제병원,20261001025403,041-733-2191,,,,,,1,2,,,,,,Y,Y,Y,Y,Y,Y,18,N1,30,N1,-2,N1,Y,,4,N1,20,,1,2,,,26,,4,,,2,2,1,11,,,3,,,,,398,,,Y,N1,A2400009,3,,,,,20,,,,,,49,,,,,,,,,,,,,,,,,,,,,,,,,,,,,,,,,,,,,,,,,,,,,
2026-10-01 03:00:00,충청남도,A2400008,당진종합병원,20261001025527,041-357-0100,,,,,,1,2,,,,,,Y,Y,Y,Y,Y,Y,14,N1,90,N1,2,N1,Y,,4,N1,17,,1,2,,,13,,4,,,2,2,1,5,,,1,,,,,246,,,Y,N1,A2400008,4,,,,,,,,,,,,,,,,,,,,,,,,,,,,,,,,,,,,,,,,,,,,,,,,,,,,,,,,
2026-10-01 03:00:00,충청남도,A2400011,재단법인아산사회복지재단보령아산병원,20261001025001,041-930-5114,,,,,,1,2,,,,,,Y,,Y,N1,N1,Y,17,N1,28,N1,1,N1,Y,,2,N1,17,,1,2,,,8,,2,,,1,1,,4,,,,,,,,221,,,Y,N1,A2400011,5,,,,,,,,,,,,,,,,,,,,,,,,,,,,,,,,,,,,,,,,,,,,,,,,,,,,,,,,
2026-10-01 03:00:00,충청남도,A2400003,서산중앙병원,20261001025506,041-661-1000,,,,,,1,2,,,,,,Y,,Y,N1,Y,Y,17,N1,61,N1,11,N1,Y,,4,N1,17,,1,2,,,19,,4,,,1,1,,7,,,1,,,,,288,,,Y,N1,A2400003,6,,,,,,,,,,,,,,,,,,,,,,,,,,,,,,,,,,,,,,,,,,,,,,,,,,,,,,,,
2026-10-01 03:00:00,충청남도,A2400006,충청남도서산의료원,20261001025102,041-689-7000,,,,,,1,2,0,2,5,,,Y,,Y,N1,N1,Y,12,N1,42,N1,0,N1,Y,,3,N1,17,,1,2,2,,8,4,3,5,,2,1,,10,,,,,,,,259,,,Y,N1,A2400006,7,,,,,,,,,,,,,,,,,,,,,,,,,,,,,,,,,,,,,,,,,,,,,,,,,,,,,,,,
2026-10-01 03:00:00,충청남도,A2402257,아산충무병원,20261001025354,041-536-6666,,,,,,,,0,2,,Y,,Y,Y,Y,Y,Y,Y,13,Y,205,Y,1,N1,Y,,4,N1,13,,,,2,,22,3,4,,1,2,2,3,27,,,4,2,1,,,453,,,Y,N1,A2402257,8,1,,,2,,,,,,2,,1,7,,7,,,,,,,,,,,,,,,,,,,,,,,,,,,,,,,,,,,,,,,5,,5
2026-10-01 03:00:00,충청남도,A2400012,의료법인영서의료재단천안충무병원,20261001025216,041-570-7555,,,,,,1,4,0,0,,,,Y,Y,Y,Y,Y,Y,13,Y,21,N1,0,N1,Y,,5,N1,16,,1,4,2,,17,4,5,,,2,2,3,26,,,3,3,,,,329,,,Y,N1,A2400012,9,,,,0,,,,,,3,,,,,,,,,-1,7,,,,,,,,,,,,,,,,,,,,,,,,,,,,,,,,,,,,
2026-10-01 03:00:00,충청남도,A2400007,충청남도홍성의료원,20261001025401,041-630-6251,,,,,1,1,2,2,3,0,Y,,Y,N,Y,N,Y,Y,17,N1,94,N1,0,N1,Y,,4,N,18,1,1,2,2,,22,3,4,1,1,2,2,1,10,,,1,,,,2,260,,,Y,N1,A2400007,10,,,,0,5,,,,,1,49,,,,,,,,,,,,,,,,,,,,,,,,,,,,,,,,,,,,,,,,,,,,,
2026-10-01 03:00:00,충청남도,A2400010,충청남도공주의료원,20261001025402,041-962-1111,,,,,,,1,,,3,,,Y,,Y,N1,Y,Y,14,N1,82,N1,2,N1,Y,,6,N1,15,,,1,,,16,,6,6,,1,1,,9,,,2,,,,,273,,,Y,N1,A2400010,11,,,,,,,,,,,,,,,,,,,,,,,,,,,,,,,,,,,,,,,,,,,,,,,,,,,,,,,,
2026-10-01 03:00:00,충청남도,A2400038,학교법인건양교육재단건양대학교부여병원,20261001025420,041-837-1200,,,,,,,1,,,,,,Y,,Y,N1,N1,Y,9,N1,24,N1,,N1,N1,,1,N1,9,,,1,,,,,1,,,1,,,1,,,,,,,,55,,,Y,N1,A2400038,12,,,,,,,,,,,,,,,,,,,,,,,,,,,,,,,,,,,,,,,,,,,,,,,,,,,,,,,,
2026-10-01 03:00:00,충청남도,A2400044,의료법인서해의료재단서해병원,20261001025145,041-951-8282,,,,,,,2,,,,,,Y,,Y,N1,N1,Y,5,N1,21,N1,,N1,N1,,,N1,5,,,2,,,,,,,,1,,,1,,,,,,,,79,,,Y,N1,A2400044,13,,,,,,,,,,,,,,,,,,,,,,,,,,,,,,,,,,,,,,,,,,,,,,,,,,,,,,,,
2026-10-01 03:00:00,충청남도,A2400039,현대병원,20261001025001,041-546-3636,N,N,,,,,1,,,,N,N,Y,N,Y,N,N,Y,9,N,13,N,0,N,Y,,3,N,9,,,1,,,7,,3,,0,1,1,0,3,0,0,0,0,0,0,0,84,,,Y,N,A2400039,14,,,,,,,,,,,,,,,,,,,0,0,,,,,,,,,,,,,,,,,,,,,,,,,,,,,,,,,,,,
2026-10-01 03:00:00,충청남도,A2400004,의료법인 예당의료재단 예산종합병원,20261001025457,041-330-4000,,,,,,,1,,,,,,Y,,Y,N1,N1,Y,5,N1,12,N1,4,N1,Y,,0,N1,6,,,1,,,9,,0,,,0,0,,0,,,,,,,,88,,,Y,N1,A2400004,15,,,,,,,,,,,,,,,,,,,,,,,,,,,,,,,,,,,,,,,,,,,,,,,,,,,,,,,,
2026-10-01 03:00:00,충청남도,A2400005,충청남도천안의료원,20261001025502,041-570-7200,,,,6,,1,,,,,,,Y,,Y,N1,N1,Y,12,N1,77,N1,4,N1,Y,,4,N1,12,,1,,,,15,,4,,,1,1,,10,,,,,,,,241,,6,Y,N1,A2400005,16,,,,,,,,,,,,,,,,,,,,,,,,,,,,,,,,,,,,,,,,,,,,,,,,,,,,,,,,
2026-10-01 03:00:00,충청남도,E2400032,청양군보건의료원,20261001025501,041-940-4531,,,,,,,1,,,,,,Y,,Y,N1,N1,Y,6,N1,12,N1,,N1,N1,,1,N1,6,,,1,,,,,1,,,1,,,1,,,,,,,,12,,,Y,N1,E2400032,17,,,,,,,,,,,,,,,,,,,,,,,,,,,,,,,,,,,,,,,,,,,,,,,,,,,,,,,,
2026-10-01 03:00:00,충청남도,E2400033,태안군보건의료원,20261001025502,041-671-5300,,,,,,,1,,,,,,Y,,Y,N1,N1,Y,10,N1,23,N1,,N1,N1,,,N1,10,,,1,,,,,,,,1,,,1,,,,,,,,34,,,Y,N1,E2400033,18,,,,,,,,,,,,,,,,,,,,,,,,,,,,,,,,,,,,,,,,,,,,,,,,,,,,,,,,
2026-10-01 03:00:00,전북특별자치도,A2500001,원광대학교병원,20261001025515,063-859-1114,Y,Y,,,3,,,3,5,0,Y,,Y,Y,Y,Y,Y,Y,8,Y,23,Y,5,Y,Y,7,15,Y,26,3,,,18,15,15,31,15,2,1,5,4,5,11,12,20,8,4,1,,2,543,,,Y,Y,A2500001,1,2,2,6,4,1,1,8,15,20,7,30,2,1,1,3,2,2,8,,,,,,,,,,,,,,,,,,,,,,,,,,,2,6,2,6,11,2,40,2,,,,
2026-10-01 03:00:00,전북특별자치도,A2500002,전북대학교병원,20261001025439,063-250-1114,Y,Y,2,,5,,,5,2,15,Y,,Y,Y,Y,Y,Y,Y,11,Y,198,Y,,Y,Y,18,21,N1,36,5,,,17,25,,30,21,15,3,1,2,5,11,15,22,4,2,1,,,836,2,,Y,Y,A2500002,2,2,4,4,2,7,,10,8,,2,23,2,4,0,5,1,6,15,6,18,,,,,,7,,,,,10,,,,,,,,,,,,,,,,,,,,,,,,,
2026-10-01 03:00:00,전북특별자치도,A2500007,전북특별자치도군산의료원,20261001025302,063-472-5000,,Y,,,,1,2,0,2,,Y,,Y,,Y,N1,N1,Y,8,N1,96,N1,10,Y,Y,,6,N1,17,,1,2,2,,18,3,6,,1,1,1,,18,,2,,,,,,285,,,Y,N1,A2500007,3,,,,1,,,,,,2,,,,,,,,,,,,,,,,,,,,,,,,,,,,,,,,,,,,,,,,,,,,,,
2026-10-01 03:00:00,전북특별자치도,A2500012,의료법인오성의료재단동군산병원,20261001025355,063-440-0570,,,,0,,1,3,2,0,,,,Y,Y,Y,Y,Y,Y,17,N1,29,N1,4,N1,Y,,6,N1,17,,1,5,2,,24,3,6,,,2,2,2,13,,,2,,,,,262,,0,Y,N1,A2500012,4,,,,,,,,,,,,,,,,,,,,,,,,,,,,,,,,,,,,,,,,,,,,,,,,,,,,,,,,
2026-10-01 03:00:00,전북특별자치도,A2500004,전북특별자치도남원의료원,20261001025502,063-620-1114,,Y,,,,1,2,1,3,,Y,,Y,,Y,N1,N1,Y,16,N1,53,N1,1,Y,Y,,3,N1,17,,1,2,2,,7,3,3,,3,2,1,,10,,1,,,,,,187,,,Y,N1,A2500004,5,,,,1,,,,,,1,,,,,,,,,,,,,,,,,,,,,,,,,,,,,,,,,,,,,,,,,,,,,,
2026-10-01 03:00:00,전북특별자치도,A2500011,의료법인대산의료재단익산병원,20261001025507,063-840-9114,,,,,,1,2,,,,,,Y,Y,Y,Y,Y,Y,13,N1,37,N1,5,N1,Y,,5,N1,17,,1,2,,,17,,5,,,2,2,1,7,,,1,,,,,333,,,Y,N1,A2500011,6,,,,0,,,,,,1,,,,,,,,,,,,,,,,,,,,,,,,,,,,,,,,,,,,,,,,,,,,,,
2026-10-01 03:00:00,전북특별자치도,A2500056,대자인병원,20261001025407,063-240-2000,,,,,,2,3,,,,,Y,Y,Y,Y,Y,Y,Y,20,Y,34,Y,2,N1,Y,,15,Y,25,,2,3,,,15,,15,,,4,3,2,12,,,4,2,1,1,1,45,,,Y,N1,A2500056,7,,,4,0,,,,36,,4,,,,,,,,,,,,,,,,,,,,,,,,,,,,,,,,,,,,,,,,,,,,,,
2026-10-01 03:00:00,전북특별자치도,A2500006,재단법인예수병원유지재단예수병원,20261001025412,063-230-8114,Y,Y,,,5,1,2,,,0,Y,,Y,Y,Y,Y,Y,Y,30,Y,85,N1,-1,Y,Y,2,14,Y,38,10,1,2,,12,23,,14,5,4,4,3,4,40,6,11,7,2,,,2,685,,,Y,Y,A2500006,8,,,,4,,,,,,4,,,,,,,,,2,14,1,1,,,,,2,3,,,,2,,,6,1,1,,,,,,,,,,,,,,,,,,,
2026-10-01 03:00:00,전북특별자치도,A2500005,의료법인영경의료재단전주병원,20261001025025,063-220-7200,,,,,,1,2,,,,,,Y,,Y,N1,Y,Y,8,N1,-2,N1,0,N1,Y,,5,N1,17,,1,2,,,9,,5,,,1,2,,6,,,1,,,,,275,,,Y,N1,A2500005,9,,,,,,,,,,,,,,,,,,,,,,,,,,,,,,,,,,,,,,,,,,,,,,,,,,,,,,,,
2026-10-01 03:00:00,전북특별자치도,A2500008,재단법인 아산사회복지재단 정읍아산병원,20261001025000,063-530-6000,,,,,,1,2,,,,,,Y,,Y,N1,N1,Y,15,N1,41,N1,0,N1,Y,,3,N1,17,,1,2,,,10,,3,,,1,1,,5,,,,,,,,276,,,Y,N1,A2500008,10,,,,,,,,,,,,,,,,,,,,,,,,,,,,,,,,,,,,,,,,,,,,,,,,,,,,,,,,
2026-10-01 03:00:00,전북특별자치도,A2500009,의료법인석천재단고창병원,20261001025533,063-560-5600,,,,,,,1,,,,,,Y,,Y,N1,N1,Y,10,N1,0,N1,,N1,Y,,2,N1,10,,,1,,,,,2,,,1,1,,4,,,,,,,,258,,,Y,N1,A2500009,11,,,,,,,,,,,,,,,,,,,,,,,,,,,,,,,,,,,,,,,,,,,,,,,,,,,,,,,,
2026-10-01 03:00:00,전북특별자치도,A2500038,김제우석병원,20261001025515,063-540-5114,,,,,,,1,,,,,,Y,,Y,N1,N1,Y,10,N1,61,N1,,N1,Y,,2,N1,10,,,1,,,,,2,,,1,1,,1,,,,,,,,200,,,Y,N1,A2500038,12,,,,,,,,,,,,,,,,,,,,,,,,,,,,,,,,,,,,,,,,,,,,,,,,,,,,,,,,
2026-10-01 03:00:00,전북특별자치도,E2500019,무주군보건의료원,20261001025502,063-320-8314,,,,,,,1,,,,,,Y,,Y,N1,N1,Y,4,N1,24,N1,,N1,N1,,,N1,4,,,1,,,,,,,,1,,,1,,,,,,,,24,,,Y,N1,E2500019,13,,,,,,,,,,,,,,,,,,,,,,,,,,,,,,,,,,,,,,,,,,,,,,,,,,,,,,,,
2026-10-01 03:00:00,전북특별자치도,A2500010,부안성모병원,20261001025453,063-581-5100,,,,,,,2,,,,,,Y,,Y,N1,N1,Y,10,N1,37,N1,9,N1,Y,,3,N1,10,,,2,,,9,,3,,,1,1,,2,,,,,,,,240,,,Y,N1,A2500010,14,,,,,,,,,,,,,,,,,,,,,,,,,,,,,,,,,,,,,,,,,,,,,,,,,,,,,,,,
2026-10-01 03:00:00,전북특별자치도,E2500021,순창군보건의료원,20261001025502,063-650-5321,,,,,,,1,,,,,,Y,,Y,N1,N1,Y,9,N1,30,N1,,N1,N1,,,N1,9,,,1,,,,,,,,1,,,1,,,,,,,,30,,,Y,N1,E2500021,15,,,,,,,,,,,,,,,,,,,,,,,,,,,,,,,,,,,,,,,,,,,,,,,,,,,,,,,,
2026-10-01 03:00:00,전북특별자치도,E2500022,임실군보건의료원,20261001025501,063-640-3102,,,,,,,1,,,,,,Y,,Y,N1,N1,Y,4,N1,,N1,,N1,N1,,,N1,4,,,1,,,,,,,,1,,,1,,,,,,,,,,,Y,N1,E2500022,16,,,,,,,,,,,,,,,,,,,,,,,,,,,,,,,,,,,,,,,,,,,,,,,,,,,,,,,,
2026-10-01 03:00:00,전북특별자치도,E2500020,장수군보건의료원,20261001025501,063-351-8000,,,,,,,1,,,,,,,,Y,N1,N1,N1,5,N1,21,N1,,N1,N1,,,N1,5,,,1,,,,,,,,,,,1,,,,,,,,22,,,Y,N1,E2500020,17,,,,,,,,,,,,,,,,,,,,,,,,,,,,,,,,,,,,,,,,,,,,,,,,,,,,,,,,
2026-10-01 03:00:00,전북특별자치도,A2501890,의료법인영경의료재단호성전주병원,20261001025450,063-240-8800,,,,,,,1,,,,,,Y,,Y,N1,N1,Y,7,N1,10,N1,,N1,Y,,2,N1,9,,,1,,,,,2,,,1,1,,1,,,,,,,,122,,,Y,N1,A2501890,18,,,,,,,,,,,,,,,,,,,,,,,,,,,,,,,,,,,,,,,,,,,,,,,,,,,,,,,,
2026-10-01 03:00:00,전북특별자치도,A2502742,새강병원,20261001025407,063236-9000,,,0,,3,1,2,0,,0,,,Y,,Y,N1,N1,Y,14,N1,65,N1,16,N1,Y,,5,N1,14,3,1,2,0,,16,,5,0,,1,1,,1,,,,,,,,201,0,,Y,N1,A2502742,19,0,0,0,3,,,0,0,,3,,0,0,,0,,,,,,,0,,,,,,0,,,,,,,0,,0,,,,,,,,,,,,,0,,0,,,,
2026-10-01 03:00:00,전북특별자치도,A2502031,진안군의료원,20261001025501,063-430-7000,,,,,,,2,,,,,,Y,,Y,N1,N1,Y,5,N1,22,N1,,N1,Y,,2,N1,6,,,2,,,,,2,,,1,1,,3,,,,,,,,64,,,Y,N1,A2502031,20,,,,,,,,,,,,,,,,,,,,,,,,,,,,,,,,,,,,,,,,,,,,,,,,,,,,,,,,
2026-10-01 03:00:00,경상북도,A2700007,차의과학대학교부속구미차병원,20261001025505,054-450-9700,Y,Y,0,,5,3,3,5,5,,Y,Y,Y,Y,Y,Y,Y,Y,19,Y,42,Y,0,Y,Y,7,8,N1,20,5,3,3,25,8,18,30,8,,3,3,2,2,21,3,13,2,1,2,1,,301,3,,Y,Y,A2700007,1,,,,,,,,,,,,,,,,,,,,,,,,,,,,,,,,,,,,,,,,,,,,,,,,,,,,,,,,
2026-10-01 03:00:00,경상북도,A2700014,의료법인안동병원,20261001025200,054-840-1004,Y,Y,0,,1,,,1,10,4,Y,Y,Y,Y,Y,Y,Y,Y,4,Y,96,Y,1,Y,Y,10,11,Y,15,3,,,19,10,13,30,11,6,3,6,3,5,67,3,12,14,4,13,1,1,775,1,,Y,Y,A2700014,2,2,2,,0,0,3,20,,20,3,34,2,2,,3,,,,,,,,,,,,,,,,,,,,,,,,,,,,,,1,6,2,6,0,2,40,2,,,,
2026-10-01 03:00:00,경상북도,A2700016,포항성모병원,20261001025307,054-272-0151,Y,Y,,,11,,,6,5,1,Y,Y,Y,Y,Y,Y,Y,Y,17,Y,85,Y,6,Y,Y,,9,Y,20,11,,,15,,16,17,9,1,1,3,2,2,25,1,6,4,2,2,1,3,468,,,Y,Y,A2700016,3,2,,,1,,,,,,1,,2,3,0,3,5,,,,,,,,,,,,,,,,,,,,,,,,,10,13,,,,,,,,,,,,,,
2026-10-01 03:00:00,경상북도,A2700003,동국대학교의과대학경주병원,20261001025509,054-748-9300,Y,Y,,,3,2,5,,,2,Y,,Y,Y,Y,Y,Y,Y,13,N1,79,N1,0,Y,Y,,7,N1,16,3,2,5,,,7,,7,3,1,2,2,2,26,2,6,3,,,,,279,,,Y,Y,A2700003,4,,0,0,3,9,,11,17,,4,20,,,,,,,,,,,,,,,,,,,,,,,,,,,,,,,,,,,,,,,,,,,,,
2026-10-01 03:00:00,경상북도,A2700013,순천향대학교부속구미병원,20261001025120,054-468-9114,,Y,,,3,1,2,0,1,1,Y,,Y,Y,Y,Y,Y,Y,5,N1,37,N1,6,Y,Y,,6,N1,13,4,1,2,2,,31,3,6,1,1,2,2,2,20,,1,2,,,,,263,,,Y,N1,A2700013,5,,,,2,,,,,,2,,,,,,,,,,,,,,,,,,,,,,,,,,,,,,,,,,,,,,,,,,,,,,
2026-10-01 03:00:00,경상북도,A2700012,의료법인덕산의료재단김천제일병원,20261001025147,054-420-9300,,,,,,1,3,0,3,,Y,,Y,Y,Y,Y,Y,Y,16,N1,72,N1,7,N1,Y,,4,Y,16,,1,3,2,,16,3,4,,3,1,1,1,10,,,1,,,,1,276,,,Y,N1,A2700012,6,,,,,,,,,,,,,,,,,,,,,,,,,,,,,,,,,,,,,,,,,,,,,,,,,,,,,,,,
2026-10-01 03:00:00,경상북도,A2700006,의료법인동춘의료재단문경제일병원,20261001025500,054-550-7700,,,,,,1,0,2,1,4,,,Y,,Y,N1,N1,Y,17,N1,65,N1,19,N1,Y,,3,N1,17,,1,2,2,,29,3,3,4,,2,1,,8,,,,,,,,306,,,Y,N1,A2700006,7,,,,1,57,,,,,1,162,,,,,,,,,,,,,,,,,,,,,,,,,,,,,,,,,,,,,,,,,,,,,
2026-10-01 03:00:00,경상북도,A2700004,안동성소병원,20261001025516,054-850-8114,,Y,,,,1,2,0,2,1,Y,,Y,Y,Y,Y,Y,Y,10,N1,134,N1,7,Y,Y,,6,N1,12,,1,2,2,,16,3,6,2,1,2,2,2,21,,4,1,,,,,393,,,Y,N1,A2700004,8,,,,1,21,,,,,3,186,,,,,,,,,,,,,,,,,,,,,,,,,,,,,,,,5,5,,,,,,,,,,,,
2026-10-01 03:00:00,경상북도,A2700002,포항세명기독병원,20261001024944,054-275-0005,,,,,,1,3,1,2,1,,,Y,Y,Y,Y,Y,Y,8,Y,147,Y,11,N1,Y,,14,Y,15,,1,3,2,,52,3,14,6,,6,5,4,25,,,5,1,1,,1,662,,,Y,N1,A2700002,9,,,,0,,,,,,1,,,,,,,,,,,,,,,,,,,,,,,,,,,,,,,,,6,6,,,,,,,,,,,,
2026-10-01 03:00:00,경상북도,A2700019,의)근원의료재단경산중앙병원,20261001025501,053-715-0100,,,,,,,2,,,,,,Y,,Y,N1,N1,Y,7,N1,101,N1,4,N1,Y,,4,N1,10,,,2,,,11,,4,,,1,1,,9,,,,,,,,301,,,Y,N1,A2700019,10,,,,0,44,,,,,2,116,,,,,,,,,,,,,,,,,,,,,,,,,,,,,,,,,,,,,,,,,,,,,
2026-10-01 03:00:00,경상북도,A2700036,의료법인서명의료재단세명종합병원,20261001025403,053-819-8800,,,,,,,2,,,,,,Y,,Y,N1,N1,Y,7,N1,65,N1,4,N1,Y,,4,N1,13,,,2,,,14,,4,,,1,1,,6,,,,,,,,276,,,Y,N1,A2700036,11,,,,,2,,,,,,24,,,,,,,,,,,,,,,,,,,,,,,,,,,,,,,,,,,,,,,,,,,,,
2026-10-01 03:00:00,경상북도,A2700097,계명대학교경주동산병원,20261001025458,054-770-9500,,,,,,,1,,,,,,Y,,Y,N1,N1,Y,9,N1,56,N1,,N1,Y,,2,N1,9,,,1,,,,,2,,,1,1,,1,,,,,,,,88,,,Y,N1,A2700097,12,,,,,,,,,,,,,,,,,,,,,,,,,,,,,,,,,,,,,,,,,,,,,,,,,,,,,,,,
2026-10-01 03:00:00,경상북도,A2700070,의료법인영암의료재단고령영생병원,20261001025434,054-955-2661,,,,,,,1,,,,,,Y,,Y,N1,N1,Y,5,N1,27,N1,,N1,N1,,1,N1,5,,,1,,,,,1,,,1,,,1,,,,,,,,59,,,Y,N1,A2700070,13,,,,,,,,,,,,,,,,,,,,,,,,,,,,,,,,,,,,,,,,,,,,,,,,,,,,,,,,
2026-10-01 03:00:00,경상북도,A2700015,구미강동병원,20261001025457,054-453-7575,,,,9,,1,2,,,,,,Y,Y,Y,Y,N1,Y,5,N1,61,N1,4,N1,Y,,5,N1,7,,1,2,,,12,,5,,,1,1,1,3,,,,,,,,191,,9,Y,N1,A2700015,14,,,,,,,,,,,,,,,,,,,,,,,,,,,,,,,,,,,,,,,,,,,,,,,,,,,,,,,,
2026-10-01 03:00:00,경상북도,A2700018,경상북도김천의료원,20261001025501,054-432-8901,,,,,,1,,,,,,,Y,,Y,N1,N1,Y,15,N1,23,N1,6,N1,Y,,5,N1,17,,1,,,,22,,5,,,1,2,,7,,,,,,,,274,,,Y,N1,A2700018,15,,,,1,,,,,,3,,,,,,,,,,,,,,,,,,,,,,,,,,,,,,,,,,,,,,,,,,,,,,
2026-10-01 03:00:00,경상북도,A2700009,의료법인삼백의료재단상주성모병원,20261001025521,054-532-5001,,,,,,,1,,,,,,Y,,Y,N1,N1,Y,9,N1,23,N1,1,N1,Y,,3,N1,9,,,1,,,10,,3,,,1,1,,1,,,,,,,,172,,,Y,N1,A2700009,16,,,,,,,,,,,,,,,,,,,,,,,,,,,,,,,,,,,,,,,,,,,,,,,,,,,,,,,,
2026-10-01 03:00:00,경상북도,A2700011,상주적십자병원,20261001025451,054-534-3501,,Y,,,,1,,,,,Y,,Y,,Y,N1,Y,Y,9,N1,82,N1,6,Y,Y,,3,N1,9,,1,,,,10,,3,,1,1,1,,6,,2,1,,,,,164,,,Y,N1,A2700011,17,,,,,,,,,,,,,,,,,,,,,,,,,,,,,,,,,,,,,,,,,,,,,,,,,,,,,,,,
2026-10-01 03:00:00,경상북도,A2700001,경상북도안동의료원,20261001025501,054-850-6000,,,,,,,2,,,,,,Y,,Y,N1,N1,Y,6,N1,119,N1,0,N1,Y,,5,N1,6,,,2,,,10,,5,,,2,1,,7,,,,,,,,238,,,Y,N1,A2700001,18,,,,,,,,,,,,,,,,,,,,,,,,,,,,,,,,,,,,,,,,,,,,,,,,,,,,,,,,
2026-10-01 03:00:00,경상북도,A2700031,영주기독병원,20261001025456,054-635-6161,,Y,,,,,1,,,,Y,,Y,,Y,N1,N1,Y,4,N1,6,N1,,Y,N1,,1,N1,4,,,1,,,,,1,,1,1,,,1,,2,,,,,,70,,,Y,N1,A2700031,19,,,,,,,,,,,,,,,,,,,,,,,,,,,,,,,,,,,,,,,,,,,,,,,,,,,,,,,,
2026-10-01 03:00:00,경상북도,A2700020,영주자인병원,20261001025523,054-633-1131,,,,,,,1,,,,,,Y,,Y,N1,N1,Y,4,N1,26,N1,,N1,Y,,,N1,4,,,1,,,,,2,,,1,1,,,,,,,,,,133,,,N1,N1,A2700020,20,,,,,,,,,,,,,,,,,,,,,,,,,,,,,,,,,,,,,,,,,,,,,,,,,,,,,,,,
2026-10-01 03:00:00,경상북도,A2702752,영주적십자병원,20261001025517,054-630-0100,,,,,,1,,,,,,,Y,,Y,N1,Y,Y,9,N1,65,N1,1,N1,Y,,3,N1,10,,1,,,,10,,3,,,1,1,,4,,,1,,,,,140,,,Y,N1,A2702752,21,,,,,,,,,,,,,,,,,,,,,,,,,,,,,,,,,,,,,,,,,,,,,,,,,,,,,,,,
2026-10-01 03:00:00,경상북도,A2700017,영남대학교의과대학부속영천병원,20261001025133,0543389000,,,,,,1,2,,,,,,Y,,Y,N1,N1,Y,10,N1,47,N1,2,N1,Y,,4,N1,10,,1,2,,,10,,4,,,1,1,,1,,,,,,,,190,,,Y,N1,A2700017,22,,,,,,,,,,,,,,,,,,,,,,,,,,,,,,,,,,,,,,,,,,,,,,,,,,,,,,,,
2026-10-01 03:00:00,경상북도,A2700023,의료법인서준의료재단예천권병원,20261001025040,054-654-6611,,Y,,,,1,0,,,0,Y,,Y,,Y,N1,N1,Y,5,N1,75,N1,,Y,Y,,2,N1,6,,1,0,,,,,2,0,1,1,1,,3,,2,,,,,,173,,,Y,N1,A2700023,23,,,,,,,,,,,,,,,,,,,,,,,,,,,,,,,,,,,,,,,,,,,,,,,,,,,,,,,,
2026-10-01 03:00:00,경상북도,E2700553,울릉군보건의료원,20261001025502,054-790-6871,,,,,,,,,,,,,Y,,Y,N1,N1,Y,5,N1,27,N1,,N1,N1,,1,N1,5,,,,,,,,1,,,1,,,1,,,,,,,,27,,,Y,N1,E2700553,24,,,,,,,,,,,,,,,,,,,,,,,,,,,,,,,,,,,,,,,,,,,,,,,,,,,,,,,,
2026-10-01 03:00:00,경상북도,A2700052,울진군의료원,20261001025102,054-785-7000,,,,,,2,,,,2,,,Y,,Y,N1,N1,Y,8,N1,32,N1,,N1,Y,,3,N1,8,,2,,,,,,3,2,,1,1,,1,,,,,,,,97,,,Y,N1,A2700052,25,,,,,,,,,,,,,,,,,,,,,,,,,,,,,,,,,,,,,,,,,,,,,,,,,,,,,,,,
2026-10-01 03:00:00,경상북도,A2700063,의료법인영제의료재단영남제일병원,20261001023104,054-861-9111,,,,,,,1,,,,,,Y,,Y,N1,N1,Y,4,N1,27,N1,,N1,N1,,1,N1,,,,,,,,,,,,,,,,,,,,,,,,,,Y,N1,A2700063,26,,,,,,,,,,,,,,,,,,,,,,,,,,,,,,,,,,,,,,,,,,,,,,,,,,,,,,,,
2026-10-01 03:00:00,경상북도,A2700038,의료법인대남의료재단청도대남병원,20261001025350,054-373-0606,,,,,,,,,,,,,Y,,Y,N1,N1,Y,9,N1,90,N1,,N1,Y,,1,N1,10,,,,,,,,1,,,1,1,,1,,,,,,,,115,,,Y,N1,A2700038,27,,,,,,,,,,,,,,,,,,,,,,,,,,,,,,,,,,,,,,,,,,,,,,,,,,,,,,,,
2026-10-01 03:00:00,경상북도,E2700554,청송군보건의료원,20261001025501,054-870-7100,,,,,,,1,,,,,,,,Y,N1,N1,N1,5,N1,47,N1,,N1,N1,,,N1,6,,,1,,,,,,,,,,,1,,,,,,,,39,,,Y,N1,E2700554,28,,,,,,,,,,,,,,,,,,,,,,,,,,,,,,,,,,,,,,,,,,,,,,,,,,,,,,,,
2026-10-01 03:00:00,경상북도,A2700008,에스포항병원,20261001025228,054-289-9000,Y,,,,,,1,,,,,,Y,Y,Y,Y,Y,Y,5,N1,38,N1,6,N1,Y,,4,N1,6,,,1,,,14,,4,,,2,2,3,9,9,,1,,,,,239,,,Y,Y,A2700008,29,,,,1,,,,,,1,,,,,,,,,,,,,,,,,,,,,,,,,,,,,,,,,,,,,,,,,,,,,,
2026-10-01 03:00:00,경상북도,A2702563,의료법인은성의료재단좋은선린병원,20261001025504,054-245-5000,,,,2,,,2,,,,,,Y,N,Y,N,N1,Y,10,N1,74,N1,0,N1,Y,,4,N,10,,,2,,,17,,4,,,1,1,2,7,,,,,,,14,281,,2,N,N1,A2702563,30,,,,1,,,,,,1,,,,,,,,,,,,,,,,,,,,,,,,,,,,,,,,,,,,,,,,,,,,,,
2026-10-01 03:00:00,경상북도,A2700005,경상북도포항의료원,20261001025502,054-247-0551,,,,,,1,1,,,4,,,Y,,Y,N1,N1,Y,8,N1,44,N1,9,N1,Y,,3,N1,8,,1,1,,,19,,3,7,,1,1,,4,,,,,,,,177,,,Y,N1,A2700005,31,,,,1,7,,,,,1,56,,,,,,,,,,,,,,,,,,,,,,,,,,,,,,,,,,,,,,,,,,,,,
2026-10-01 03:00:00,경상남도,A2800011,양산부산대학교병원,20261001025327,055-360-1000,Y,Y,0,,6,,1,2,9,4,Y,,Y,Y,Y,Y,Y,Y,14,Y,206,Y,,Y,Y,8,25,N1,23,8,,1,16,38,,30,25,4,4,6,5,6,92,24,23,19,12,2,,,766,2,,Y,Y,A2800011,1,2,3,2,0,13,,16,11,,0,33,2,2,0,3,2,,,4,9,1,1,0,0,4,5,1,0,,0,11,2,,10,6,1,1,0,0,4,,,,,,,,,,,,,,,,
2026-10-01 03:00:00,경상남도,A2800001,경상국립대학교병원,20261001025403,055-750-8000,Y,Y,,,3,2,3,3,6,6,Y,,Y,Y,Y,Y,Y,Y,17,Y,172,Y,,Y,Y,6,15,N1,28,3,2,3,14,15,,30,15,7,7,3,3,4,16,9,19,5,4,17,,,652,,,Y,Y,A2800001,2,,2,1,0,14,12,8,9,20,3,26,,,0,,6,2,6,,,,,,,,,,,,,,,,,,,,,,,,,,,2,6,2,6,22,2,40,2,,,,
2026-10-01 03:00:00,경상남도,A2800020,학교법인성균관대학삼성창원병원,20261001025506,055-233-8899,Y,Y,,,8,2,3,3,8,3,Y,,Y,Y,Y,Y,Y,Y,24,Y,106,Y,,Y,Y,15,15,N1,27,8,2,3,19,24,,30,16,5,7,4,3,4,45,8,20,5,3,3,,,645,,,Y,Y,A2800020,3,,1,10,1,,,15,20,,3,,,,1,,1,,,,,,,,,,,,,,,,,,,,,,,,,,,,,,,,,,,,,,,,
2026-10-01 03:00:00,경상남도,A2800010,의료법인환명의료재단 조은금강병원,20261001025443,055-330-0300,,,,,,1,2,,,,,,Y,Y,Y,Y,N1,Y,13,N1,59,N1,5,N1,Y,,4,Y,17,,1,2,,,23,,4,,,1,2,1,7,,,,,,,2,305,,,Y,N1,A2800010,4,,,,0,8,,,,,1,96,,,,,,,,,,,,,,,,,,,,,,,,,,,,,,,,,,,,,,,,,,,,,
2026-10-01 03:00:00,경상남도,A2800006,의료법인숭인의료재단 김해복음병원,20261001025428,055-330-8888,,,,,,1,3,,,,,,Y,Y,Y,Y,Y,Y,14,N1,6,N1,2,N1,Y,,5,N1,16,,1,3,,,18,,5,,,2,3,1,3,,,3,,,,,359,,,Y,N1,A2800006,5,,,,1,,,,,,1,,,,,,,,,,,,,,,,,,,,,,,,,,,,,,,,,,,,,,,,,,,,,,
2026-10-01 03:00:00,경상남도,A2800043,한일병원,20261001025334,055-759-7777,,,,,,1,2,0,2,,,,Y,Y,Y,Y,Y,Y,16,N1,31,N1,5,N1,Y,,4,Y,17,,1,2,2,,13,3,4,,,2,2,1,6,,,1,,,,1,282,,,Y,N1,A2800043,6,,,,1,,,,,,1,,,,,,,,,,,,,,,,,,,,,,,,,,,,,,,,,,,,,,,,,,,,,,
2026-10-01 03:00:00,경상남도,A2800003,제일병원,20261001025442,055-750-7123,,,,,,1,2,2,0,,,Y,Y,Y,Y,Y,N1,Y,17,N1,49,N1,5,N1,Y,,3,Y,17,,1,2,2,,9,3,7,,,2,2,1,4,,,,,,1,1,258,,,Y,N1,A2800003,7,,,,,,,,,,,,,,,,,,,,,,,,,,,,,,,,,,,,,,,,,,,,,,,,,,,,,,,,
2026-10-01 03:00:00,경상남도,A2800017,의료법인합포의료재단에스엠지연세병원,20261001025507,055-243-0100,,,,,,1,2,0,1,,,,Y,Y,Y,Y,Y,Y,14,N1,49,N1,1,N1,Y,,4,N1,17,,1,2,2,,10,3,4,,,1,2,1,7,,,1,,,,,283,,,Y,N1,A2800017,8,,,,1,,,,,,1,,,,,,,,,,,,,,,,,,,,,,,,,,,,,,,,,,,,,,,,,,,,,,
2026-10-01 03:00:00,경상남도,A2803505,창원경상국립대학교병원,20261001025100,055-214-2000,Y,Y,,,,1,2,,,6,Y,,Y,Y,Y,Y,Y,Y,16,Y,133,Y,8,Y,Y,0,13,N1,18,,1,2,,17,34,,13,6,9,3,2,5,52,9,22,6,7,14,,,437,,,Y,Y,A2803505,9,,,,1,9,,,,,2,22,,,,,,,,,,,,,,0,,,,,,,,,,,,,,,0,,,0,0,,,,,,,,,,5,,5
2026-10-01 03:00:00,경상남도,A2800007,창원한마음병원,20261001025410,055-225-0000,Y,Y,,,,1,2,,,0,Y,,Y,Y,Y,Y,Y,Y,9,Y,20,Y,,Y,Y,10,13,Y,21,,1,3,,10,,,13,6,2,4,4,4,29,3,11,6,1,2,,2,688,,,Y,Y,A2800007,10,,2,6,1,,,25,37,,1,,,,,,,,,,,,,,,,,,,,,,,,,,,,,,,,,,,,,,,,,,,,,,
2026-10-01 03:00:00,경상남도,A2800004,창원파티마병원,20261001025107,055-270-1000,Y,Y,,,,1,2,0,2,6,Y,Y,Y,Y,Y,Y,Y,Y,9,N1,88,Y,,Y,Y,1,7,N1,17,,1,2,2,2,,3,7,6,2,4,3,3,16,3,6,3,,4,1,,444,,,Y,Y,A2800004,11,,4,3,1,,,12,13,,2,,,,,,,,,,,,,,,,,,,,,,,,,,,,,,,,,,,,,,,,,,,,,,
2026-10-01 03:00:00,경상남도,A2800008,의료법인 거붕 백병원,20261001025448,055-733-0000,,,,,,,1,,,,,,Y,,Y,N1,N1,Y,8,N1,47,N1,6,N1,Y,,4,N1,9,,,1,,,20,,4,,,2,2,,12,,,,,,,,365,,,Y,N1,A2800008,12,,,,,,,,,,,,,,,,,,,,,,,,,,,,,,,,,,,,,,,,,,,,,,,,,,,,,,,,
2026-10-01 03:00:00,경상남도,A2800005,의료법인 대우의료재단대우병원,20261001025326,055-680-8114,,,,,,,1,,,,,,Y,,Y,N1,N1,Y,9,N1,52,N1,1,N1,Y,,4,N1,9,,,1,,,10,,4,,,2,1,,5,,,,,,,,231,,,Y,N1,A2800005,13,,,,,,,,,,,,,,,,,,,,,,,,,,,,,,,,,,,,,,,,,,,,,,,,,,,,,,,,
2026-10-01 03:00:00,경상남도,A2800022,의료법인 성념의료재단맑은샘병원,20261001025030,055-731-1240,,,,,,,1,,,,,,Y,,Y,N1,N1,Y,8,N1,20,N1,,N1,Y,,2,N1,9,,,1,,,,,2,,,1,1,,4,,,,,,,,200,,,Y,N1,A2800022,14,,,,,,,,,,,,,,,,,,,,,,,,,,,,,,,,,,,,,,,,,,,,,,,,,,,,,,,,
2026-10-01 03:00:00,경상남도,A2800076,거창적십자병원,20261001025456,0559443251,,Y,,,,,1,,,,Y,,Y,,Y,N1,N1,Y,9,N1,33,N1,,Y,Y,,2,N1,9,,,1,,,,,2,,1,1,1,,2,,2,,,,,,91,,,Y,N1,A2800076,15,,,,,,,,,,,,,,,,,,,,,,,,,,,,,,,,,,,,,,,,,,,,,,,,,,,,,,,,
2026-10-01 03:00:00,경상남도,A2800032,강병원,20261001025435,055-673-0101,,,,,,,1,,,,,,Y,,Y,N1,N1,Y,9,N1,39,N1,,N1,Y,,1,N1,9,,,1,,,,,1,,,1,1,,1,,,,,,,,99,,,Y,N1,A2800032,16,,,,,,,,,,,,,,,,,,,,,,,,,,,,,,,,,,,,,,,,,,,,,,,,,,,,,,,,
2026-10-01 03:00:00,경상남도,A2800014,의료법인갑을의료재단 갑을장유병원,20261001025347,055-310-6000,,,,,,1,,,,,,,Y,,Y,N1,N1,Y,9,N1,48,N1,,N1,Y,,4,N1,9,,1,,,,,,4,,,1,1,,1,,,,,,,,210,,,Y,N1,A2800014,17,,,,,,,,,,,,,,,,,,,,,,,,,,,,,,,,,,,,,,,,,,,,,,,,,,,,,,,,
2026-10-01 03:00:00,경상남도,A2800094,의료법인 이도의료재단 남해병원,20261001020110,055-863-2201,N,N,,,,1,1,,,,N,N,Y,N,Y,N,N,Y,8,N,81,N,,N,Y,,2,N,,,,,,,,,,,,,,,,,,,,,,,,,,N,N,A2800094,18,,,,,,,,,,,,,,,,,,,,,,,,,,,,,,,,,,,,,,,,,,,,,,,,,,,,,,,,
2026-10-01 03:00:00,경상남도,A2800113,밀양병원,20261001025432,055-351-3993,,,,,,,1,,,,,,Y,,Y,N1,N1,Y,6,N1,17,N1,,N1,Y,,0,N1,9,,,1,,,,,0,,,1,1,,1,,,,,,,,200,,,Y,N1,A2800113,19,,,,,,,,,,,,,,,,,,,,,,,,,,,,,,,,,,,,,,,,,,,,,,,,,,,,,,,,
2026-10-01 03:00:00,경상남도,A2800068,의료법인승연의료재단 삼천포서울병원,20261001024708,055-835-9900,,,,,,,1,,,,,,Y,Y,Y,Y,N1,Y,7,N1,60,N1,,N1,Y,,3,Y,9,,,1,,,,,3,,,1,2,1,4,,,,,,,1,287,,,Y,N1,A2800068,20,,,,,,,,,,,,,,,,,,,,,,,,,,,,,,,,,,,,,,,,,,,,,,,,,,,,,,,,
2026-10-01 03:00:00,경상남도,A2800101,삼천포제일병원,20261001025512,055-833-4400,,,,,,,2,,,,,,Y,,Y,N1,N1,Y,8,N1,61,N1,,N1,Y,,2,N,8,,,2,,,,,2,,,1,1,,1,,,,,,,1,214,,,Y,N1,A2800101,21,,,,,,,,,,,,,,,,,,,,,,,,,,,,,,,,,,,,,,,,,,,,,,,,,,,,,,,,
2026-10-01 03:00:00,경상남도,E2800380,산청군보건의료원,20261001025502,055-970-7500,,,,,,,1,,,,,,,,Y,N1,N1,N1,5,N1,20,N1,,N1,N1,,,N1,5,,,1,,,,,,,,,,,1,,,,,,,,20,,,Y,N1,E2800380,22,,,,,,,,,,,,,,,,,,,,,,,,,,,,,,,,,,,,,,,,,,,,,,,,,,,,,,,,
2026-10-01 03:00:00,경상남도,A2804593,양산성모병원,20261001025533,1600-7582,,,,,,1,,,,,,,Y,,Y,N1,N1,Y,13,N1,141,N1,6,N1,Y,,4,N1,13,,1,,,,6,,4,,,1,2,,1,,,,,,,,214,,,Y,N1,A2804593,23,,,,,,,,,,,,,,,,,,,,,,,,,,,,,,,,,,,,,,,,,,,,,,,,,,,,,,,,
2026-10-01 03:00:00,경상남도,A2800019,베데스다복음병원,20261001025402,055-384-9901,,,,,,,1,,,,,,Y,,Y,N1,N1,Y,8,N1,55,N1,,N1,Y,,3,N1,9,,,1,,,,,3,,,1,1,,1,,,,,,,,133,,,Y,N1,A2800019,24,,,,,,,,,,,,,,,,,,,,,,,,,,,,,,,,,,,,,,,,,,,,,,,,,,,,,,,,
2026-10-01 03:00:00,경상남도,A2800090,의령병원,20261001025445,055-573-4100,,,,,,,1,,,,,,Y,,Y,N1,N1,Y,3,N1,38,N1,,N1,N1,,,N1,4,,,1,,,,,,,,1,,,1,,,,,,,,58,,,Y,N1,A2800090,25,,,,,,,,,,,,,,,,,,,,,,,,,,,,,,,,,,,,,,,,,,,,,,,,,,,,,,,,
2026-10-01 03:00:00,경상남도,A2800084,반도병원,20261001025007,0557476000,,,,,,,1,,,,,,Y,,Y,N1,N1,Y,7,N1,70,N1,,N1,Y,,3,N1,7,,,1,,,,,3,,,1,1,,3,,,,,,,,165,,,Y,N1,A2800084,26,,,,,,,,,,,,,,,,,,,,,,,,,,,,,,,,,,,,,,,,,,,,,,,,,,,,,,,,
2026-10-01 03:00:00,경상남도,A2800015,의료법인 문병욱의료재단 진주고려병원,20261001025252,055-751-2500,,,,,,,1,,,,,,Y,Y,Y,Y,N1,Y,8,N1,103,N1,1,N1,Y,,4,Y,9,,,1,,,9,,4,,,2,2,1,4,,,,,,,1,229,,,Y,N1,A2800015,27,,,,,,,,,,,,,,,,,,,,,,,,,,,,,,,,,,,,,,,,,,,,,,,,,,,,,,,,
2026-10-01 03:00:00,경상남도,A2800037,진주복음병원,20261001025525,055-749-7110,,,,,,,1,,,,,,Y,,Y,N1,N1,Y,9,N1,40,N1,,N1,N,,3,N1,9,,,1,,,,,3,,,1,1,,1,,,,,,,,131,,,N,N1,A2800037,28,,,,,,,,,,,,,,,,,,,,,,,,,,,,,,,,,,,,,,,,,,,,,,,,,,,,,,,,
2026-10-01 03:00:00,경상남도,A2800062,태황의료재단한성병원,20261001025434,0555305000,,,,,,,1,,,,,,,,Y,N1,N1,N1,8,N1,80,N1,,N1,N1,,,N1,9,,,1,,,,,,,,,,,,,,,,,,,167,,,N1,N1,A2800062,29,,,,,,,,,,,,,,,,,,,,,,,,,,,,,,,,,,,,,,,,,,,,,,,,,,,,,,,,
2026-10-01 03:00:00,경상남도,A2800025,경상남도마산의료원,20261001025502,055-249-1000,,,,,,1,1,,,20,,,Y,,Y,N1,Y,Y,13,N1,87,N1,3,N1,Y,,5,N1,13,,1,1,,,6,,5,27,,1,1,,17,,,2,,,,,263,,,Y,N1,A2800025,30,,,,2,,,,,,2,,,,,,,,,,,,,,,,,,,,,,,,,,,,,,,,,,,,,,,,,,,,,,
2026-10-01 03:00:00,경상남도,A2800009,의료법인청아의료재단청아병원,20261001025532,055-230-1500,,,,,,,1,,,,,,Y,,Y,N1,N1,Y,7,N1,83,N1,,N1,Y,,4,N1,9,,,1,,,,,4,,,2,2,,4,,,,,,,,274,,,Y,N1,A2800009,31,,,,,,,,,,,,,,,,,,,,,,,,,,,,,,,,,,,,,,,,,,,,,,,,,,,,,,,,
2026-10-01 03:00:00,경상남도,A2800021,연세에스병원,20261001025243,055-548-7700,,,,,,,1,,,,,,Y,Y,Y,Y,N1,Y,9,N1,91,N1,7,N1,Y,,3,N1,9,,,1,,,10,,3,,,2,2,1,5,,,,,,,,255,,,Y,N1,A2800021,32,,,,,,,,,,,,,,,,,,,,,,,,,,,,,,,,,,,,,,,,,,,,,,,,,,,,,,,,
2026-10-01 03:00:00,경상남도,A2800092,새통영병원,20261001025458,055-646-6000,,,,,,,1,,,,,,Y,,Y,N1,N1,Y,6,N1,75,N1,,N1,Y,,3,N1,9,,,1,,,,,3,,,1,2,,3,,,,,,,,256,,,Y,N1,A2800092,33,,,,,,,,,,,,,,,,,,,,,,,,,,,,,,,,,,,,,,,,,,,,,,,,,,,,,,,,
2026-10-01 03:00:00,경상남도,A2800080,함양성심병원,20261001025210,055-963-4322,,,,,,,1,,,,,,Y,,Y,N1,N1,Y,3,N1,28,N1,,N1,Y,,2,N1,4,,,1,,,,,2,,,1,1,,1,,,,,,,,121,,,Y,N1,A2800080,34,,,,,,,,,,,,,,,,,,,,,,,,,,,,,,,,,,,,,,,,,,,,,,,,,,,,,,,,
2026-10-01 03:00:00,경상남도,A2800055,삼성합천병원,20261001025501,055-933-2200,,,,,,,1,,,,,,Y,,Y,N1,N1,Y,3,N1,23,N1,,N1,Y,,2,N1,4,,,1,,,,,2,,,1,1,,1,,,,,,,,141,,,Y,N1,A2800055,35,,,,,,,,,,,,,,,,,,,,,,,,,,,,,,,,,,,,,,,,,,,,,,,,,,,,,,,,
2026-10-01 03:00:00,제주특별자치도,A2900001,제주한라병원,20261001025316,064740-5000,Y,Y,0,,3,2,3,4,14,,Y,,Y,Y,Y,Y,Y,Y,10,Y,109,Y,4,Y,Y,3,6,N1,15,3,2,3,14,7,15,30,6,,2,3,2,3,46,3,8,9,4,2,,,414,4,,Y,Y,A2900001,1,,,,,,11,,,20,,,,,1,,2,,,,,,,,,,,,,,,,,,,,,,,,,,,,,1,6,2,6,9,2,40,2,2,,4,
2026-10-01 03:00:00,제주특별자치도,A2900002,제주특별자치도서귀포의료원,20261001025401,064-730-3000,,Y,,,4,1,4,2,3,,Y,,Y,Y,Y,Y,Y,Y,13,N1,145,N1,7,Y,Y,,4,Y,16,4,1,4,2,,17,3,4,,1,2,1,1,16,,4,3,,,,1,326,,,Y,N1,A2900002,2,,,,3,1,,,,,3,26,,,,,,,,,,,,,,,,,,,,,,,,,,,,,,,,,,,,,,,,,,,,,
2026-10-01 03:00:00,제주특별자치도,A2900007,제주대학교병원,20261001025500,064-717-1114,Y,Y,,,,1,0,,,1,Y,,Y,Y,Y,Y,Y,Y,-1,Y,92,Y,,Y,Y,12,12,N1,20,,1,5,,16,,,12,9,3,2,2,4,45,8,17,10,5,3,,,458,,,Y,Y,A2900007,3,,3,2,,0,,12,12,,,20,,,,,,4,6,,,,,,,,3,,,,,3,,,,,,,,,,,,,,,,,,,,,,,,,
2026-10-01 03:00:00,제주특별자치도,A2900005,한마음병원,20261001025246,064-750-9000,,,,,,0,1,0,0,,,,Y,Y,Y,Y,Y,Y,7,N1,48,N1,5,N1,Y,,4,N1,17,,1,2,2,,10,3,4,,,1,1,1,6,,,2,,,,,213,,,Y,N1,A2900005,4,,,,,,,,,,,,,,,,,,,,,,,,,,,,,,,,,,,,,,,,,,,,,,,,,,,,,,,,
2026-10-01 03:00:00,제주특별자치도,A2900006,의료법인중앙의료재단중앙병원,20261001025509,064-786-7000,,,,,1,1,0,2,3,,,,Y,Y,Y,Y,Y,Y,11,Y,96,N1,8,N1,Y,,3,N1,16,1,1,2,2,,14,3,3,,,1,1,2,10,,,2,1,,,,278,,,Y,N1,A2900006,5,,,,1,,,,,,1,,,,,,,,,,,,,,,,,,,,,,,,,,,,,,,,,,,,,,,,,,,,,,
2026-10-01 03:00:00,제주특별자치도,A2900003,의료법인 혜인의료재단 한국병원,20261001025510,064-750-0000,,,,,,,1,,,,,,Y,,Y,N1,N1,Y,4,N1,43,N1,2,N1,Y,,3,N1,9,,,1,,,10,,3,,,1,1,,6,,,,,,,,209,,,Y,N1,A2900003,6,,,,,,,,,,,,,,,,,,,,,,,,,,,,,,,,,,,,,,,,,,,,,,,,,,,,,,,,
