2026-09-22 14:58:56 수집 시작: ['서울특별시'], 간격 30분, 출력 /Users/kyongminsun/bigdata/ed-transfer/snapshots
2026-09-22 14:58:58 [서울특별시] 병상 51기관, 수용가능 54기관, 메시지 109건
2026-09-22 15:28:58 [서울특별시] 병상 51기관, 수용가능 54기관, 메시지 110건
2026-09-22 15:59:01 [서울특별시] 병상 51기관, 수용가능 54기관, 메시지 110건
2026-09-22 16:29:03 [서울특별시] 병상 51기관, 수용가능 54기관, 메시지 110건
2026-09-22 16:59:01 [서울특별시] 병상 51기관, 수용가능 54기관, 메시지 110건
2026-09-22 17:29:05 [서울특별시] 병상 51기관, 수용가능 54기관, 메시지 111건
2026-09-22 17:59:06 [서울특별시] 병상 51기관, 수용가능 54기관, 메시지 114건
2026-09-22 18:29:08 [서울특별시] 병상 51기관, 수용가능 54기관, 메시지 115건
2026-09-22 18:59:10 [서울특별시] 병상 51기관, 수용가능 54기관, 메시지 115건
2026-09-22 19:29:11 [서울특별시] 병상 51기관, 수용가능 54기관, 메시지 115건
2026-09-22 19:59:12 [서울특별시] 병상 51기관, 수용가능 54기관, 메시지 115건
2026-09-22 20:29:14 [서울특별시] 병상 51기관, 수용가능 54기관, 메시지 115건
2026-09-22 20:59:15 [서울특별시] 병상 51기관, 수용가능 54기관, 메시지 115건
2026-09-22 21:29:16 [서울특별시] 병상 51기관, 수용가능 54기관, 메시지 114건
2026-09-22 21:59:17 [서울특별시] 병상 51기관, 수용가능 54기관, 메시지 114건
2026-09-22 22:29:19 [서울특별시] 병상 51기관, 수용가능 54기관, 메시지 120건
2026-09-22 22:59:22 [서울특별시] 병상 51기관, 수용가능 54기관, 메시지 120건
2026-09-22 23:29:24 [서울특별시] 병상 51기관, 수용가능 54기관, 메시지 120건
2026-09-22 23:59:26 [서울특별시] 병상 51기관, 수용가능 54기관, 메시지 120건
2026-09-23 00:29:27 [서울특별시] 병상 51기관, 수용가능 54기관, 메시지 121건
2026-09-23 00:59:28 [서울특별시] 병상 51기관, 수용가능 54기관, 메시지 121건
2026-09-23 01:29:29 [서울특별시] 병상 51기관, 수용가능 54기관, 메시지 121건
2026-09-23 01:59:32 [서울특별시] 병상 51기관, 수용가능 54기관, 메시지 121건
2026-09-23 02:29:34 [서울특별시] 병상 51기관, 수용가능 54기관, 메시지 121건
2026-09-23 02:59:36 [서울특별시] 병상 51기관, 수용가능 54기관, 메시지 121건
2026-09-23 03:29:37 [서울특별시] 병상 51기관, 수용가능 54기관, 메시지 121건
2026-09-23 03:59:38 [서울특별시] 병상 51기관, 수용가능 54기관, 메시지 121건
2026-09-23 04:29:39 [서울특별시] 병상 51기관, 수용가능 54기관, 메시지 120건
2026-09-23 04:59:40 [서울특별시] 병상 51기관, 수용가능 54기관, 메시지 120건
2026-09-23 05:29:42 [서울특별시] 병상 51기관, 수용가능 54기관, 메시지 120건
2026-09-23 05:59:43 [서울특별시] 병상 51기관, 수용가능 54기관, 메시지 120건
2026-09-23 06:29:44 [서울특별시] 병상 51기관, 수용가능 54기관, 메시지 119건
2026-09-23 06:59:45 [서울특별시] 병상 51기관, 수용가능 54기관, 메시지 119건
2026-09-23 07:29:46 [서울특별시] 병상 51기관, 수용가능 54기관, 메시지 117건
2026-09-23 07:59:49 [서울특별시] 병상 51기관, 수용가능 54기관, 메시지 117건
2026-09-23 08:29:51 [서울특별시] 병상 51기관, 수용가능 54기관, 메시지 113건
2026-09-23 08:59:52 [서울특별시] 병상 51기관, 수용가능 54기관, 메시지 113건
2026-09-23 09:29:51 [서울특별시] 병상 51기관, 수용가능 54기관, 메시지 109건
2026-09-23 09:59:55 [서울특별시] 병상 51기관, 수용가능 54기관, 메시지 109건
2026-09-23 10:29:57 [서울특별시] 병상 51기관, 수용가능 54기관, 메시지 109건
2026-09-23 10:59:57 [서울특별시] 병상 51기관, 수용가능 54기관, 메시지 109건
2026-09-23 11:29:58 [서울특별시] 병상 51기관, 수용가능 54기관, 메시지 110건
2026-09-23 12:00:00 [서울특별시] 병상 51기관, 수용가능 54기관, 메시지 110건
2026-09-23 12:30:01 [서울특별시] 병상 51기관, 수용가능 54기관, 메시지 110건
2026-09-23 13:00:03 [서울특별시] 병상 51기관, 수용가능 54기관, 메시지 110건
2026-09-23 13:30:04 [서울특별시] 병상 51기관, 수용가능 54기관, 메시지 110건
2026-09-23 14:00:06 [서울특별시] 병상 51기관, 수용가능 54기관, 메시지 110건
2026-09-23 14:30:07 [서울특별시] 병상 51기관, 수용가능 54기관, 메시지 111건
2026-09-23 15:00:07 [서울특별시] 병상 51기관, 수용가능 54기관, 메시지 112건
2026-09-23 15:30:09 [서울특별시] 병상 51기관, 수용가능 54기관, 메시지 116건
2026-09-23 16:00:10 [서울특별시] 병상 51기관, 수용가능 54기관, 메시지 115건
2026-09-23 16:30:11 [서울특별시] 병상 51기관, 수용가능 54기관, 메시지 115건
2026-09-23 17:00:12 [서울특별시] 병상 51기관, 수용가능 54기관, 메시지 115건
2026-09-23 17:30:14 [서울특별시] 병상 51기관, 수용가능 54기관, 메시지 118건
2026-09-23 18:00:15 [서울특별시] 병상 51기관, 수용가능 54기관, 메시지 133건
2026-09-23 18:30:17 [서울특별시] 병상 51기관, 수용가능 54기관, 메시지 137건
2026-09-23 19:00:19 [서울특별시] 병상 51기관, 수용가능 54기관, 메시지 137건
2026-09-23 19:30:20 [서울특별시] 병상 51기관, 수용가능 54기관, 메시지 137건
2026-09-23 20:00:22 [서울특별시] 병상 51기관, 수용가능 54기관, 메시지 137건
2026-09-23 20:30:23 [서울특별시] 병상 51기관, 수용가능 54기관, 메시지 137건
2026-09-23 21:00:24 [서울특별시] 병상 51기관, 수용가능 54기관, 메시지 136건
2026-09-23 21:30:25 [서울특별시] 병상 51기관, 수용가능 54기관, 메시지 136건
2026-09-23 21:55:08 수집 시작: 16개 시도, 서울·경기 30분 / 그 외 120분, 출력 /Users/kyongminsun/bigdata/ed-transfer/snapshots
2026-09-23 21:55:09 [서울특별시] 병상 51기관, 수용가능 54기관, 메시지 136건
2026-09-23 21:55:11 [경기도] 병상 73기관, 수용가능 76기관, 메시지 106건
2026-09-23 22:00:01 [서울특별시] 병상 51기관, 수용가능 54기관, 메시지 136건
2026-09-23 22:00:04 [경기도] 병상 73기관, 수용가능 76기관, 메시지 106건
2026-09-23 22:00:05 [인천광역시] 병상 21기관, 수용가능 22기관, 메시지 12건
2026-09-23 22:00:07 [부산광역시] 병상 29기관, 수용가능 31기관, 메시지 130건
2026-09-23 22:00:09 [대구광역시] 병상 19기관, 수용가능 19기관, 메시지 78건
2026-09-23 22:00:10 [대전광역시] 병상 9기관, 수용가능 10기관, 메시지 61건
2026-09-23 22:00:12 [울산광역시] 병상 7기관, 수용가능 9기관, 메시지 13건
2026-09-23 22:00:16 [세종특별자치시] 병상 2기관, 수용가능 2기관, 메시지 14건
2026-09-23 22:00:22 [전남광주통합특별시] 병상 59기관, 수용가능 63기관, 메시지 39건
2026-09-23 22:00:25 [강원특별자치도] 병상 21기관, 수용가능 22기관, 메시지 11건
2026-09-23 22:00:27 [충청북도] 병상 15기관, 수용가능 17기관, 메시지 0건
2026-09-23 22:00:28 [충청남도] 병상 18기관, 수용가능 18기관, 메시지 9건
2026-09-23 22:00:29 [전북특별자치도] 병상 20기관, 수용가능 21기관, 메시지 28건
2026-09-23 22:00:30 [경상북도] 병상 31기관, 수용가능 32기관, 메시지 45건
2026-09-23 22:00:31 [경상남도] 병상 35기관, 수용가능 37기관, 메시지 92건
2026-09-23 22:00:32 [제주특별자치도] 병상 6기관, 수용가능 6기관, 메시지 13건
2026-09-23 22:30:01 [서울특별시] 병상 51기관, 수용가능 54기관, 메시지 140건
2026-09-23 22:30:02 [경기도] 병상 73기관, 수용가능 76기관, 메시지 106건
2026-09-23 23:00:01 [서울특별시] 병상 51기관, 수용가능 54기관, 메시지 140건
2026-09-23 23:00:03 [경기도] 병상 73기관, 수용가능 76기관, 메시지 106건
2026-09-23 23:30:00 [서울특별시] 병상 51기관, 수용가능 54기관, 메시지 140건
2026-09-23 23:30:02 [경기도] 병상 73기관, 수용가능 76기관, 메시지 106건
2026-09-24 00:00:02 [서울특별시] 병상 51기관, 수용가능 54기관, 메시지 134건
2026-09-24 00:00:03 [경기도] 병상 73기관, 수용가능 76기관, 메시지 95건
2026-09-24 00:00:03 [인천광역시] 병상 21기관, 수용가능 22기관, 메시지 12건
2026-09-24 00:00:05 [부산광역시] 병상 29기관, 수용가능 31기관, 메시지 90건
2026-09-24 00:00:05 [대구광역시] 병상 19기관, 수용가능 19기관, 메시지 78건
2026-09-24 00:00:06 [대전광역시] 병상 9기관, 수용가능 10기관, 메시지 57건
2026-09-24 00:00:08 [울산광역시] 병상 7기관, 수용가능 9기관, 메시지 13건
2026-09-24 00:00:08 [세종특별자치시] 병상 2기관, 수용가능 2기관, 메시지 14건
2026-09-24 00:00:08 [전남광주통합특별시] 병상 59기관, 수용가능 63기관, 메시지 39건
2026-09-24 00:00:09 [강원특별자치도] 병상 21기관, 수용가능 22기관, 메시지 11건
2026-09-24 00:00:11 [충청북도] 병상 15기관, 수용가능 17기관, 메시지 0건
2026-09-24 00:00:11 [충청남도] 병상 18기관, 수용가능 18기관, 메시지 7건
2026-09-24 00:00:12 [전북특별자치도] 병상 20기관, 수용가능 21기관, 메시지 28건
2026-09-24 00:00:12 [경상북도] 병상 31기관, 수용가능 32기관, 메시지 45건
2026-09-24 00:00:14 [경상남도] 병상 35기관, 수용가능 37기관, 메시지 60건
2026-09-24 00:00:15 [제주특별자치도] 병상 6기관, 수용가능 6기관, 메시지 12건
2026-09-24 00:30:02 [서울특별시] 병상 51기관, 수용가능 54기관, 메시지 144건
2026-09-24 00:30:03 [경기도] 병상 73기관, 수용가능 76기관, 메시지 116건
2026-09-24 01:00:01 [서울특별시] 병상 51기관, 수용가능 54기관, 메시지 144건
2026-09-24 01:00:02 [경기도] 병상 73기관, 수용가능 76기관, 메시지 116건
2026-09-24 01:30:02 [서울특별시] 병상 51기관, 수용가능 54기관, 메시지 145건
2026-09-24 01:30:03 [경기도] 병상 73기관, 수용가능 76기관, 메시지 118건
2026-09-24 02:00:01 [서울특별시] 병상 51기관, 수용가능 54기관, 메시지 145건
2026-09-24 02:00:03 [경기도] 병상 73기관, 수용가능 76기관, 메시지 118건
2026-09-24 02:00:07 [인천광역시] 병상 21기관, 수용가능 22기관, 메시지 12건
2026-09-24 02:00:09 [부산광역시] 병상 29기관, 수용가능 31기관, 메시지 92건
2026-09-24 02:00:11 [대구광역시] 병상 19기관, 수용가능 19기관, 메시지 79건
2026-09-24 02:00:17 [대전광역시] 병상 9기관, 수용가능 10기관, 메시지 57건
2026-09-24 02:00:24 [울산광역시] 병상 7기관, 수용가능 9기관, 메시지 13건
2026-09-24 02:00:26 [세종특별자치시] 병상 2기관, 수용가능 2기관, 메시지 14건
2026-09-24 02:00:27 [전남광주통합특별시] 병상 59기관, 수용가능 63기관, 메시지 39건
2026-09-24 02:00:29 [강원특별자치도] 병상 21기관, 수용가능 22기관, 메시지 11건
2026-09-24 02:00:30 [충청북도] 병상 15기관, 수용가능 17기관, 메시지 3건
2026-09-24 02:00:31 [충청남도] 병상 18기관, 수용가능 18기관, 메시지 9건
2026-09-24 02:00:32 [전북특별자치도] 병상 20기관, 수용가능 21기관, 메시지 28건
2026-09-24 02:00:34 [경상북도] 병상 31기관, 수용가능 32기관, 메시지 49건
2026-09-24 02:00:36 [경상남도] 병상 35기관, 수용가능 37기관, 메시지 92건
2026-09-24 02:00:38 [제주특별자치도] 병상 6기관, 수용가능 6기관, 메시지 19건
2026-09-24 02:30:01 [서울특별시] 병상 51기관, 수용가능 54기관, 메시지 145건
2026-09-24 02:30:02 [경기도] 병상 73기관, 수용가능 76기관, 메시지 118건
2026-09-24 03:00:00 [서울특별시] 병상 51기관, 수용가능 54기관, 메시지 144건
2026-09-24 03:00:01 [경기도] 병상 73기관, 수용가능 76기관, 메시지 118건
2026-09-24 03:30:04 [서울특별시] 병상 51기관, 수용가능 54기관, 메시지 145건
2026-09-24 03:30:05 [경기도] 병상 73기관, 수용가능 76기관, 메시지 118건
2026-09-24 04:00:00 [서울특별시] 병상 51기관, 수용가능 54기관, 메시지 146건
2026-09-24 04:00:02 [경기도] 병상 73기관, 수용가능 76기관, 메시지 118건
2026-09-24 04:00:04 [인천광역시] 병상 21기관, 수용가능 22기관, 메시지 12건
2026-09-24 04:00:07 [부산광역시] 병상 29기관, 수용가능 31기관, 메시지 129건
2026-09-24 04:00:07 [대구광역시] 병상 19기관, 수용가능 19기관, 메시지 79건
2026-09-24 04:00:08 [대전광역시] 병상 9기관, 수용가능 10기관, 메시지 57건
2026-09-24 04:00:09 [울산광역시] 병상 7기관, 수용가능 9기관, 메시지 13건
2026-09-24 04:00:10 [세종특별자치시] 병상 2기관, 수용가능 2기관, 메시지 14건
2026-09-24 04:00:11 [전남광주통합특별시] 병상 59기관, 수용가능 63기관, 메시지 39건
2026-09-24 04:00:11 [강원특별자치도] 병상 21기관, 수용가능 22기관, 메시지 11건
2026-09-24 04:00:13 [충청북도] 병상 15기관, 수용가능 17기관, 메시지 3건
2026-09-24 04:00:13 [충청남도] 병상 18기관, 수용가능 18기관, 메시지 9건
2026-09-24 04:00:14 [전북특별자치도] 병상 20기관, 수용가능 21기관, 메시지 28건
2026-09-24 04:00:16 [경상북도] 병상 31기관, 수용가능 32기관, 메시지 49건
2026-09-24 04:00:18 [경상남도] 병상 35기관, 수용가능 37기관, 메시지 92건
2026-09-24 04:00:19 [제주특별자치도] 병상 6기관, 수용가능 6기관, 메시지 19건
2026-09-24 04:30:01 [서울특별시] 병상 51기관, 수용가능 54기관, 메시지 146건
2026-09-24 04:30:03 [경기도] 병상 73기관, 수용가능 76기관, 메시지 118건
2026-09-24 05:00:00 [서울특별시] 병상 51기관, 수용가능 54기관, 메시지 146건
2026-09-24 05:00:02 [경기도] 병상 73기관, 수용가능 76기관, 메시지 118건
2026-09-24 05:30:01 [서울특별시] 병상 51기관, 수용가능 54기관, 메시지 146건
2026-09-24 05:30:02 [경기도] 병상 73기관, 수용가능 76기관, 메시지 118건
2026-09-24 06:00:03 [서울특별시] 병상 51기관, 수용가능 54기관, 메시지 145건
2026-09-24 06:00:05 [경기도] 병상 73기관, 수용가능 76기관, 메시지 118건
2026-09-24 06:00:07 [인천광역시] 병상 21기관, 수용가능 22기관, 메시지 12건
2026-09-24 06:00:08 [부산광역시] 병상 29기관, 수용가능 31기관, 메시지 129건
2026-09-24 06:00:14 [대구광역시] 병상 19기관, 수용가능 19기관, 메시지 79건
2026-09-24 06:00:18 [대전광역시] 병상 9기관, 수용가능 10기관, 메시지 58건
2026-09-24 06:00:19 [울산광역시] 병상 7기관, 수용가능 9기관, 메시지 13건
2026-09-24 06:00:19 [세종특별자치시] 병상 2기관, 수용가능 2기관, 메시지 14건
2026-09-24 06:00:21 [전남광주통합특별시] 병상 59기관, 수용가능 63기관, 메시지 39건
2026-09-24 06:00:21 [강원특별자치도] 병상 21기관, 수용가능 22기관, 메시지 11건
2026-09-24 06:00:22 [충청북도] 병상 15기관, 수용가능 17기관, 메시지 3건
2026-09-24 06:00:23 [충청남도] 병상 18기관, 수용가능 18기관, 메시지 9건
2026-09-24 06:00:24 [전북특별자치도] 병상 20기관, 수용가능 21기관, 메시지 26건
2026-09-24 06:00:26 [경상북도] 병상 31기관, 수용가능 32기관, 메시지 49건
2026-09-24 06:00:27 [경상남도] 병상 35기관, 수용가능 37기관, 메시지 91건
2026-09-24 06:00:28 [제주특별자치도] 병상 6기관, 수용가능 6기관, 메시지 19건
2026-09-24 06:30:00 [서울특별시] 병상 51기관, 수용가능 54기관, 메시지 145건
2026-09-24 06:30:01 [경기도] 병상 73기관, 수용가능 76기관, 메시지 118건
2026-09-24 07:00:01 [서울특별시] 병상 51기관, 수용가능 54기관, 메시지 145건
2026-09-24 07:00:02 [경기도] 병상 73기관, 수용가능 76기관, 메시지 117건
2026-09-24 07:30:01 [서울특별시] 병상 51기관, 수용가능 54기관, 메시지 144건
2026-09-24 07:30:02 [경기도] 병상 73기관, 수용가능 76기관, 메시지 118건
2026-09-24 08:00:01 [서울특별시] 병상 51기관, 수용가능 54기관, 메시지 140건
2026-09-24 08:00:03 [경기도] 병상 73기관, 수용가능 76기관, 메시지 116건
2026-09-24 08:00:05 [인천광역시] 병상 21기관, 수용가능 22기관, 메시지 17건
2026-09-24 08:00:06 [부산광역시] 병상 29기관, 수용가능 31기관, 메시지 132건
2026-09-24 08:00:07 [대구광역시] 병상 19기관, 수용가능 19기관, 메시지 66건
2026-09-24 08:00:08 [대전광역시] 병상 9기관, 수용가능 10기관, 메시지 57건
2026-09-24 08:00:08 [울산광역시] 병상 7기관, 수용가능 9기관, 메시지 20건
2026-09-24 08:00:09 [세종특별자치시] 병상 2기관, 수용가능 2기관, 메시지 14건
2026-09-24 08:00:11 [전남광주통합특별시] 병상 59기관, 수용가능 63기관, 메시지 39건
2026-09-24 08:00:12 [강원특별자치도] 병상 21기관, 수용가능 22기관, 메시지 11건
2026-09-24 08:00:14 [충청북도] 병상 15기관, 수용가능 17기관, 메시지 3건
2026-09-24 08:00:14 [충청남도] 병상 18기관, 수용가능 18기관, 메시지 7건
2026-09-24 08:00:15 [전북특별자치도] 병상 20기관, 수용가능 21기관, 메시지 26건
2026-09-24 08:00:16 [경상북도] 병상 31기관, 수용가능 32기관, 메시지 49건
2026-09-24 08:00:17 [경상남도] 병상 35기관, 수용가능 37기관, 메시지 94건
2026-09-24 08:00:17 [제주특별자치도] 병상 6기관, 수용가능 6기관, 메시지 15건
2026-09-24 08:30:02 [서울특별시] 병상 51기관, 수용가능 54기관, 메시지 141건
2026-09-24 08:30:03 [경기도] 병상 73기관, 수용가능 76기관, 메시지 121건
2026-09-24 09:00:01 [서울특별시] 병상 51기관, 수용가능 54기관, 메시지 144건
2026-09-24 09:00:03 [경기도] 병상 73기관, 수용가능 76기관, 메시지 123건
2026-09-24 09:30:03 [서울특별시] 병상 51기관, 수용가능 54기관, 메시지 144건
2026-09-24 09:30:03 [경기도] 병상 73기관, 수용가능 76기관, 메시지 124건
2026-09-24 10:00:01 [서울특별시] 병상 51기관, 수용가능 54기관, 메시지 144건
2026-09-24 10:00:03 [경기도] 병상 73기관, 수용가능 76기관, 메시지 124건
2026-09-24 10:00:04 [인천광역시] 병상 21기관, 수용가능 22기관, 메시지 17건
2026-09-24 10:00:06 [부산광역시] 병상 29기관, 수용가능 31기관, 메시지 138건
2026-09-24 10:00:07 [대구광역시] 병상 19기관, 수용가능 19기관, 메시지 79건
2026-09-24 10:00:09 [대전광역시] 병상 9기관, 수용가능 10기관, 메시지 57건
2026-09-24 10:00:11 [울산광역시] 병상 7기관, 수용가능 9기관, 메시지 20건
2026-09-24 10:00:12 [세종특별자치시] 병상 2기관, 수용가능 2기관, 메시지 14건
2026-09-24 10:00:13 [전남광주통합특별시] 병상 59기관, 수용가능 63기관, 메시지 40건
2026-09-24 10:00:14 [강원특별자치도] 병상 21기관, 수용가능 22기관, 메시지 10건
2026-09-24 10:00:14 [충청북도] 병상 15기관, 수용가능 17기관, 메시지 3건
2026-09-24 10:00:15 [충청남도] 병상 18기관, 수용가능 18기관, 메시지 10건
2026-09-24 10:00:16 [전북특별자치도] 병상 20기관, 수용가능 21기관, 메시지 25건
2026-09-24 10:00:17 [경상북도] 병상 31기관, 수용가능 32기관, 메시지 49건
2026-09-24 10:00:18 [경상남도] 병상 35기관, 수용가능 37기관, 메시지 103건
2026-09-24 10:00:19 [제주특별자치도] 병상 6기관, 수용가능 6기관, 메시지 17건
2026-09-24 10:30:03 [서울특별시] 병상 51기관, 수용가능 54기관, 메시지 144건
2026-09-24 10:30:03 [경기도] 병상 73기관, 수용가능 76기관, 메시지 124건
2026-09-24 11:00:02 [서울특별시] 병상 51기관, 수용가능 54기관, 메시지 144건
2026-09-24 11:00:02 [경기도] 병상 73기관, 수용가능 76기관, 메시지 124건
2026-09-24 11:30:01 [서울특별시] 병상 51기관, 수용가능 54기관, 메시지 144건
2026-09-24 11:30:03 [경기도] 병상 73기관, 수용가능 76기관, 메시지 124건
2026-09-24 12:00:00 [서울특별시] 병상 51기관, 수용가능 54기관, 메시지 144건
2026-09-24 12:00:01 [경기도] 병상 73기관, 수용가능 76기관, 메시지 124건
2026-09-24 12:00:03 [인천광역시] 병상 21기관, 수용가능 22기관, 메시지 17건
2026-09-24 12:00:04 [부산광역시] 병상 29기관, 수용가능 31기관, 메시지 138건
2026-09-24 12:00:06 [대구광역시] 병상 19기관, 수용가능 19기관, 메시지 80건
2026-09-24 12:00:07 [대전광역시] 병상 9기관, 수용가능 10기관, 메시지 61건
2026-09-24 12:00:07 [울산광역시] 병상 7기관, 수용가능 9기관, 메시지 20건
2026-09-24 12:00:08 [세종특별자치시] 병상 2기관, 수용가능 2기관, 메시지 14건
2026-09-24 12:00:10 [전남광주통합특별시] 병상 59기관, 수용가능 63기관, 메시지 41건
2026-09-24 12:00:10 [강원특별자치도] 병상 21기관, 수용가능 22기관, 메시지 10건
2026-09-24 12:00:11 [충청북도] 병상 15기관, 수용가능 17기관, 메시지 3건
2026-09-24 12:00:12 [충청남도] 병상 18기관, 수용가능 18기관, 메시지 10건
2026-09-24 12:00:13 [전북특별자치도] 병상 20기관, 수용가능 21기관, 메시지 25건
2026-09-24 12:00:13 [경상북도] 병상 31기관, 수용가능 32기관, 메시지 49건
2026-09-24 12:00:14 [경상남도] 병상 35기관, 수용가능 37기관, 메시지 103건
2026-09-24 12:00:15 [제주특별자치도] 병상 6기관, 수용가능 6기관, 메시지 17건
2026-09-24 12:30:01 [서울특별시] 병상 51기관, 수용가능 54기관, 메시지 144건
2026-09-24 12:30:02 [경기도] 병상 73기관, 수용가능 76기관, 메시지 124건
2026-09-24 13:00:02 [서울특별시] 병상 51기관, 수용가능 54기관, 메시지 144건
2026-09-24 13:00:03 [경기도] 병상 73기관, 수용가능 76기관, 메시지 124건
2026-09-24 13:30:01 [서울특별시] 병상 51기관, 수용가능 54기관, 메시지 145건
2026-09-24 13:30:01 [경기도] 병상 73기관, 수용가능 76기관, 메시지 124건
2026-09-24 14:00:02 [서울특별시] 병상 51기관, 수용가능 54기관, 메시지 145건
2026-09-24 14:00:05 [경기도] 병상 73기관, 수용가능 76기관, 메시지 124건
2026-09-24 14:00:06 [인천광역시] 병상 21기관, 수용가능 22기관, 메시지 17건
2026-09-24 14:00:08 [부산광역시] 병상 29기관, 수용가능 31기관, 메시지 139건
2026-09-24 14:00:09 [대구광역시] 병상 19기관, 수용가능 19기관, 메시지 82건
2026-09-24 14:00:10 [대전광역시] 병상 9기관, 수용가능 10기관, 메시지 63건
2026-09-24 14:00:12 [울산광역시] 병상 7기관, 수용가능 9기관, 메시지 20건
2026-09-24 14:00:13 [세종특별자치시] 병상 2기관, 수용가능 2기관, 메시지 14건
2026-09-24 14:00:14 [전남광주통합특별시] 병상 59기관, 수용가능 63기관, 메시지 41건
2026-09-24 14:00:16 [강원특별자치도] 병상 21기관, 수용가능 22기관, 메시지 12건
2026-09-24 14:00:16 [충청북도] 병상 15기관, 수용가능 17기관, 메시지 3건
2026-09-24 14:00:17 [충청남도] 병상 18기관, 수용가능 18기관, 메시지 10건
2026-09-24 14:00:17 [전북특별자치도] 병상 20기관, 수용가능 21기관, 메시지 25건
2026-09-24 14:00:20 [경상북도] 병상 31기관, 수용가능 32기관, 메시지 49건
2026-09-24 14:00:21 [경상남도] 병상 35기관, 수용가능 37기관, 메시지 103건
2026-09-24 14:00:22 [제주특별자치도] 병상 6기관, 수용가능 6기관, 메시지 17건
2026-09-24 14:30:01 [서울특별시] 병상 51기관, 수용가능 54기관, 메시지 146건
2026-09-24 14:30:02 [경기도] 병상 73기관, 수용가능 76기관, 메시지 126건
2026-09-24 14:59:59 [서울특별시] 병상 51기관, 수용가능 54기관, 메시지 146건
2026-09-24 15:00:01 [경기도] 병상 73기관, 수용가능 76기관, 메시지 126건
2026-09-24 15:30:03 [서울특별시] 병상 51기관, 수용가능 54기관, 메시지 146건
2026-09-24 15:30:04 [경기도] 병상 73기관, 수용가능 76기관, 메시지 126건
2026-09-24 16:00:02 [서울특별시] 병상 51기관, 수용가능 54기관, 메시지 146건
2026-09-24 16:00:02 [경기도] 병상 73기관, 수용가능 76기관, 메시지 125건
2026-09-24 16:00:03 [인천광역시] 병상 21기관, 수용가능 22기관, 메시지 17건
2026-09-24 16:00:03 [부산광역시] 병상 29기관, 수용가능 31기관, 메시지 139건
2026-09-24 16:00:04 [대구광역시] 병상 19기관, 수용가능 19기관, 메시지 82건
2026-09-24 16:00:04 [대전광역시] 병상 9기관, 수용가능 10기관, 메시지 66건
2026-09-24 16:00:04 [울산광역시] 병상 7기관, 수용가능 9기관, 메시지 20건
2026-09-24 16:00:05 [세종특별자치시] 병상 2기관, 수용가능 2기관, 메시지 14건
2026-09-24 16:00:06 [전남광주통합특별시] 병상 59기관, 수용가능 63기관, 메시지 41건
2026-09-24 16:00:07 [강원특별자치도] 병상 21기관, 수용가능 22기관, 메시지 13건
2026-09-24 16:00:07 [충청북도] 병상 15기관, 수용가능 17기관, 메시지 3건
2026-09-24 16:00:08 [충청남도] 병상 18기관, 수용가능 18기관, 메시지 10건
2026-09-24 16:00:10 [전북특별자치도] 병상 20기관, 수용가능 21기관, 메시지 25건
2026-09-24 16:00:11 [경상북도] 병상 31기관, 수용가능 32기관, 메시지 49건
2026-09-24 16:00:13 [경상남도] 병상 35기관, 수용가능 37기관, 메시지 104건
2026-09-24 16:00:14 [제주특별자치도] 병상 6기관, 수용가능 6기관, 메시지 17건
2026-09-24 16:30:00 [서울특별시] 병상 51기관, 수용가능 54기관, 메시지 146건
2026-09-24 16:30:02 [경기도] 병상 73기관, 수용가능 76기관, 메시지 126건
2026-09-24 16:50:00 수집 시작: 16개 시도, 서울·경기 30분 / 그 외 30분, 출력 /Users/kyongminsun/bigdata/ed-transfer/snapshots
2026-09-24 16:50:01 [서울특별시] 병상 51기관, 수용가능 54기관, 메시지 146건
2026-09-24 16:50:03 [경기도] 병상 73기관, 수용가능 76기관, 메시지 126건
2026-09-24 16:50:04 [인천광역시] 병상 21기관, 수용가능 22기관, 메시지 17건
2026-09-24 16:50:06 [부산광역시] 병상 29기관, 수용가능 31기관, 메시지 135건
2026-09-24 16:50:06 [대구광역시] 병상 19기관, 수용가능 19기관, 메시지 82건
2026-09-24 16:50:07 [대전광역시] 병상 9기관, 수용가능 10기관, 메시지 66건
2026-09-24 16:50:07 [울산광역시] 병상 7기관, 수용가능 9기관, 메시지 20건
2026-09-24 16:50:08 [세종특별자치시] 병상 2기관, 수용가능 2기관, 메시지 14건
2026-09-24 16:50:09 [전남광주통합특별시] 병상 59기관, 수용가능 63기관, 메시지 41건
2026-09-24 16:50:10 [강원특별자치도] 병상 21기관, 수용가능 22기관, 메시지 13건
2026-09-24 16:50:11 [충청북도] 병상 15기관, 수용가능 17기관, 메시지 3건
2026-09-24 16:50:11 [충청남도] 병상 18기관, 수용가능 18기관, 메시지 10건
2026-09-24 16:50:13 [전북특별자치도] 병상 20기관, 수용가능 21기관, 메시지 25건
2026-09-24 16:50:14 [경상북도] 병상 31기관, 수용가능 32기관, 메시지 49건
2026-09-24 16:50:15 [경상남도] 병상 35기관, 수용가능 36기관, 메시지 104건
2026-09-24 16:50:16 [제주특별자치도] 병상 6기관, 수용가능 6기관, 메시지 17건
2026-09-24 17:00:01 [서울특별시] 병상 51기관, 수용가능 54기관, 메시지 146건
2026-09-24 17:00:01 [경기도] 병상 73기관, 수용가능 76기관, 메시지 126건
2026-09-24 17:00:03 [인천광역시] 병상 21기관, 수용가능 22기관, 메시지 17건
2026-09-24 17:00:03 [부산광역시] 병상 29기관, 수용가능 31기관, 메시지 135건
2026-09-24 17:00:05 [대구광역시] 병상 19기관, 수용가능 19기관, 메시지 82건
2026-09-24 17:00:06 [대전광역시] 병상 9기관, 수용가능 10기관, 메시지 66건
2026-09-24 17:00:06 [울산광역시] 병상 7기관, 수용가능 9기관, 메시지 20건
2026-09-24 17:00:07 [세종특별자치시] 병상 2기관, 수용가능 2기관, 메시지 14건
2026-09-24 17:00:07 [전남광주통합특별시] 병상 59기관, 수용가능 63기관, 메시지 41건
2026-09-24 17:00:08 [강원특별자치도] 병상 21기관, 수용가능 22기관, 메시지 13건
2026-09-24 17:00:09 [충청북도] 병상 15기관, 수용가능 17기관, 메시지 3건
2026-09-24 17:00:10 [충청남도] 병상 18기관, 수용가능 18기관, 메시지 10건
2026-09-24 17:00:10 [전북특별자치도] 병상 20기관, 수용가능 21기관, 메시지 25건
2026-09-24 17:00:11 [경상북도] 병상 31기관, 수용가능 32기관, 메시지 49건
2026-09-24 17:00:13 [경상남도] 병상 35기관, 수용가능 36기관, 메시지 104건
2026-09-24 17:00:14 [제주특별자치도] 병상 6기관, 수용가능 6기관, 메시지 17건
2026-09-24 17:30:01 [서울특별시] 병상 51기관, 수용가능 54기관, 메시지 143건
2026-09-24 17:30:03 [경기도] 병상 73기관, 수용가능 76기관, 메시지 127건
2026-09-24 17:30:05 [인천광역시] 병상 21기관, 수용가능 22기관, 메시지 19건
2026-09-24 17:30:06 [부산광역시] 병상 29기관, 수용가능 31기관, 메시지 137건
2026-09-24 17:30:07 [대구광역시] 병상 19기관, 수용가능 19기관, 메시지 82건
2026-09-24 17:30:08 [대전광역시] 병상 9기관, 수용가능 10기관, 메시지 66건
2026-09-24 17:30:09 [울산광역시] 병상 7기관, 수용가능 9기관, 메시지 20건
2026-09-24 17:30:10 [세종특별자치시] 병상 2기관, 수용가능 2기관, 메시지 14건
2026-09-24 17:30:11 [전남광주통합특별시] 병상 59기관, 수용가능 63기관, 메시지 41건
2026-09-24 17:30:12 [강원특별자치도] 병상 21기관, 수용가능 22기관, 메시지 13건
2026-09-24 17:30:13 [충청북도] 병상 15기관, 수용가능 17기관, 메시지 3건
2026-09-24 17:30:15 [충청남도] 병상 18기관, 수용가능 18기관, 메시지 10건
2026-09-24 17:30:15 [전북특별자치도] 병상 20기관, 수용가능 21기관, 메시지 25건
2026-09-24 17:30:16 [경상북도] 병상 31기관, 수용가능 32기관, 메시지 49건
2026-09-24 17:30:16 [경상남도] 병상 35기관, 수용가능 36기관, 메시지 104건
2026-09-24 17:30:18 [제주특별자치도] 병상 6기관, 수용가능 6기관, 메시지 17건
2026-09-24 18:00:01 [서울특별시] 병상 51기관, 수용가능 54기관, 메시지 143건
2026-09-24 18:00:04 [경기도] 병상 73기관, 수용가능 76기관, 메시지 127건
2026-09-24 18:00:06 [인천광역시] 병상 21기관, 수용가능 22기관, 메시지 19건
2026-09-24 18:00:08 [부산광역시] 병상 29기관, 수용가능 31기관, 메시지 139건
2026-09-24 18:00:10 [대구광역시] 병상 19기관, 수용가능 19기관, 메시지 81건
2026-09-24 18:00:11 [대전광역시] 병상 9기관, 수용가능 10기관, 메시지 68건
2026-09-24 18:00:12 [울산광역시] 병상 7기관, 수용가능 9기관, 메시지 20건
2026-09-24 18:00:14 [세종특별자치시] 병상 2기관, 수용가능 2기관, 메시지 14건
2026-09-24 18:00:16 [전남광주통합특별시] 병상 59기관, 수용가능 63기관, 메시지 41건
2026-09-24 18:00:18 [강원특별자치도] 병상 21기관, 수용가능 22기관, 메시지 12건
2026-09-24 18:00:20 [충청북도] 병상 15기관, 수용가능 17기관, 메시지 3건
2026-09-24 18:00:22 [충청남도] 병상 18기관, 수용가능 18기관, 메시지 11건
2026-09-24 18:00:23 [전북특별자치도] 병상 20기관, 수용가능 21기관, 메시지 28건
2026-09-24 18:00:23 [경상북도] 병상 31기관, 수용가능 32기관, 메시지 49건
2026-09-24 18:00:24 [경상남도] 병상 35기관, 수용가능 36기관, 메시지 105건
2026-09-24 18:00:25 [제주특별자치도] 병상 6기관, 수용가능 6기관, 메시지 17건
2026-09-24 18:30:01 [서울특별시] 병상 51기관, 수용가능 54기관, 메시지 143건
2026-09-24 18:30:03 [경기도] 병상 73기관, 수용가능 76기관, 메시지 127건
2026-09-24 18:30:05 [인천광역시] 병상 21기관, 수용가능 22기관, 메시지 19건
2026-09-24 18:30:06 [부산광역시] 병상 29기관, 수용가능 31기관, 메시지 139건
2026-09-24 18:30:07 [대구광역시] 병상 19기관, 수용가능 19기관, 메시지 81건
2026-09-24 18:30:08 [대전광역시] 병상 9기관, 수용가능 10기관, 메시지 68건
2026-09-24 18:30:10 [울산광역시] 병상 7기관, 수용가능 9기관, 메시지 20건
2026-09-24 18:30:11 [세종특별자치시] 병상 2기관, 수용가능 2기관, 메시지 14건
2026-09-24 18:30:12 [전남광주통합특별시] 병상 59기관, 수용가능 63기관, 메시지 41건
2026-09-24 18:30:14 [강원특별자치도] 병상 21기관, 수용가능 22기관, 메시지 12건
2026-09-24 18:30:14 [충청북도] 병상 15기관, 수용가능 17기관, 메시지 3건
2026-09-24 18:30:15 [충청남도] 병상 18기관, 수용가능 18기관, 메시지 11건
2026-09-24 18:30:16 [전북특별자치도] 병상 20기관, 수용가능 21기관, 메시지 28건
2026-09-24 18:30:16 [경상북도] 병상 31기관, 수용가능 32기관, 메시지 49건
2026-09-24 18:30:17 [경상남도] 병상 35기관, 수용가능 36기관, 메시지 111건
2026-09-24 18:30:18 [제주특별자치도] 병상 6기관, 수용가능 6기관, 메시지 17건
2026-09-24 19:00:00 [서울특별시] 병상 51기관, 수용가능 54기관, 메시지 143건
2026-09-24 19:00:01 [경기도] 병상 73기관, 수용가능 76기관, 메시지 127건
2026-09-24 19:00:02 [인천광역시] 병상 21기관, 수용가능 22기관, 메시지 19건
2026-09-24 19:00:03 [부산광역시] 병상 29기관, 수용가능 31기관, 메시지 138건
2026-09-24 19:00:03 [대구광역시] 병상 19기관, 수용가능 19기관, 메시지 80건
2026-09-24 19:00:04 [대전광역시] 병상 9기관, 수용가능 10기관, 메시지 68건
2026-09-24 19:00:04 [울산광역시] 병상 7기관, 수용가능 9기관, 메시지 20건
2026-09-24 19:00:05 [세종특별자치시] 병상 2기관, 수용가능 2기관, 메시지 14건
2026-09-24 19:00:07 [전남광주통합특별시] 병상 59기관, 수용가능 63기관, 메시지 40건
2026-09-24 19:00:07 [강원특별자치도] 병상 21기관, 수용가능 22기관, 메시지 12건
2026-09-24 19:00:08 [충청북도] 병상 15기관, 수용가능 17기관, 메시지 3건
2026-09-24 19:00:08 [충청남도] 병상 18기관, 수용가능 18기관, 메시지 11건
2026-09-24 19:00:09 [전북특별자치도] 병상 20기관, 수용가능 21기관, 메시지 28건
2026-09-24 19:00:11 [경상북도] 병상 31기관, 수용가능 32기관, 메시지 49건
2026-09-24 19:00:11 [경상남도] 병상 35기관, 수용가능 36기관, 메시지 111건
2026-09-24 19:00:12 [제주특별자치도] 병상 6기관, 수용가능 6기관, 메시지 17건
2026-09-24 19:30:01 [서울특별시] 병상 51기관, 수용가능 54기관, 메시지 143건
2026-09-24 19:30:03 [경기도] 병상 73기관, 수용가능 76기관, 메시지 127건
2026-09-24 19:30:04 [인천광역시] 병상 21기관, 수용가능 22기관, 메시지 19건
2026-09-24 19:30:05 [부산광역시] 병상 29기관, 수용가능 31기관, 메시지 139건
2026-09-24 19:30:05 [대구광역시] 병상 19기관, 수용가능 19기관, 메시지 80건
2026-09-24 19:30:06 [대전광역시] 병상 9기관, 수용가능 10기관, 메시지 68건
2026-09-24 19:30:06 [울산광역시] 병상 7기관, 수용가능 9기관, 메시지 20건
2026-09-24 19:30:07 [세종특별자치시] 병상 2기관, 수용가능 2기관, 메시지 14건
2026-09-24 19:30:08 [전남광주통합특별시] 병상 59기관, 수용가능 63기관, 메시지 40건
2026-09-24 19:30:09 [강원특별자치도] 병상 21기관, 수용가능 22기관, 메시지 12건
2026-09-24 19:30:10 [충청북도] 병상 15기관, 수용가능 17기관, 메시지 3건
2026-09-24 19:30:11 [충청남도] 병상 18기관, 수용가능 18기관, 메시지 11건
2026-09-24 19:30:12 [전북특별자치도] 병상 20기관, 수용가능 21기관, 메시지 28건
2026-09-24 19:30:14 [경상북도] 병상 31기관, 수용가능 32기관, 메시지 49건
2026-09-24 19:30:15 [경상남도] 병상 35기관, 수용가능 36기관, 메시지 111건
2026-09-24 19:30:16 [제주특별자치도] 병상 6기관, 수용가능 6기관, 메시지 17건
2026-09-24 20:00:00 [서울특별시] 병상 51기관, 수용가능 54기관, 메시지 143건
2026-09-24 20:00:02 [경기도] 병상 73기관, 수용가능 76기관, 메시지 127건
2026-09-24 20:00:03 [인천광역시] 병상 21기관, 수용가능 22기관, 메시지 19건
2026-09-24 20:00:03 [부산광역시] 병상 29기관, 수용가능 31기관, 메시지 138건
2026-09-24 20:00:03 [대구광역시] 병상 19기관, 수용가능 19기관, 메시지 80건
2026-09-24 20:00:05 [대전광역시] 병상 9기관, 수용가능 10기관, 메시지 69건
2026-09-24 20:00:06 [울산광역시] 병상 7기관, 수용가능 9기관, 메시지 20건
2026-09-24 20:00:06 [세종특별자치시] 병상 2기관, 수용가능 2기관, 메시지 14건
2026-09-24 20:00:08 [전남광주통합특별시] 병상 59기관, 수용가능 63기관, 메시지 40건
2026-09-24 20:00:09 [강원특별자치도] 병상 21기관, 수용가능 22기관, 메시지 11건
2026-09-24 20:00:10 [충청북도] 병상 15기관, 수용가능 17기관, 메시지 3건
2026-09-24 20:00:11 [충청남도] 병상 18기관, 수용가능 18기관, 메시지 11건
2026-09-24 20:00:11 [전북특별자치도] 병상 20기관, 수용가능 21기관, 메시지 28건
2026-09-24 20:00:13 [경상북도] 병상 31기관, 수용가능 32기관, 메시지 49건
2026-09-24 20:00:14 [경상남도] 병상 35기관, 수용가능 36기관, 메시지 111건
2026-09-24 20:00:15 [제주특별자치도] 병상 6기관, 수용가능 6기관, 메시지 17건
2026-09-24 20:30:01 [서울특별시] 병상 51기관, 수용가능 54기관, 메시지 143건
2026-09-24 20:30:02 [경기도] 병상 73기관, 수용가능 76기관, 메시지 127건
2026-09-24 20:30:03 [인천광역시] 병상 21기관, 수용가능 22기관, 메시지 19건
2026-09-24 20:30:04 [부산광역시] 병상 29기관, 수용가능 31기관, 메시지 138건
2026-09-24 20:30:05 [대구광역시] 병상 19기관, 수용가능 19기관, 메시지 83건
2026-09-24 20:30:06 [대전광역시] 병상 9기관, 수용가능 10기관, 메시지 69건
2026-09-24 20:30:08 [울산광역시] 병상 7기관, 수용가능 9기관, 메시지 20건
2026-09-24 20:30:09 [세종특별자치시] 병상 2기관, 수용가능 2기관, 메시지 14건
2026-09-24 20:30:10 [전남광주통합특별시] 병상 59기관, 수용가능 63기관, 메시지 40건
2026-09-24 20:30:11 [강원특별자치도] 병상 21기관, 수용가능 22기관, 메시지 12건
2026-09-24 20:30:12 [충청북도] 병상 15기관, 수용가능 17기관, 메시지 3건
2026-09-24 20:30:13 [충청남도] 병상 18기관, 수용가능 18기관, 메시지 11건
2026-09-24 20:30:14 [전북특별자치도] 병상 20기관, 수용가능 21기관, 메시지 28건
2026-09-24 20:30:16 [경상북도] 병상 31기관, 수용가능 32기관, 메시지 49건
2026-09-24 20:30:17 [경상남도] 병상 35기관, 수용가능 36기관, 메시지 111건
2026-09-24 20:30:17 [제주특별자치도] 병상 6기관, 수용가능 6기관, 메시지 16건
2026-09-24 21:00:02 [서울특별시] 병상 51기관, 수용가능 54기관, 메시지 143건
2026-09-24 21:00:02 [경기도] 병상 73기관, 수용가능 76기관, 메시지 127건
2026-09-24 21:00:04 [인천광역시] 병상 21기관, 수용가능 22기관, 메시지 19건
2026-09-24 21:00:05 [부산광역시] 병상 29기관, 수용가능 31기관, 메시지 138건
2026-09-24 21:00:06 [대구광역시] 병상 19기관, 수용가능 19기관, 메시지 84건
2026-09-24 21:00:07 [대전광역시] 병상 9기관, 수용가능 10기관, 메시지 68건
2026-09-24 21:00:08 [울산광역시] 병상 7기관, 수용가능 9기관, 메시지 20건
2026-09-24 21:00:09 [세종특별자치시] 병상 2기관, 수용가능 2기관, 메시지 14건
2026-09-24 21:00:11 [전남광주통합특별시] 병상 59기관, 수용가능 63기관, 메시지 40건
2026-09-24 21:00:12 [강원특별자치도] 병상 21기관, 수용가능 22기관, 메시지 12건
2026-09-24 21:00:14 [충청북도] 병상 15기관, 수용가능 17기관, 메시지 3건
2026-09-24 21:00:16 [충청남도] 병상 18기관, 수용가능 18기관, 메시지 11건
2026-09-24 21:00:16 [전북특별자치도] 병상 20기관, 수용가능 21기관, 메시지 28건
2026-09-24 21:00:17 [경상북도] 병상 31기관, 수용가능 32기관, 메시지 49건
2026-09-24 21:00:18 [경상남도] 병상 35기관, 수용가능 36기관, 메시지 111건
2026-09-24 21:00:18 [제주특별자치도] 병상 6기관, 수용가능 6기관, 메시지 16건
2026-09-24 21:30:02 [서울특별시] 병상 51기관, 수용가능 54기관, 메시지 143건
2026-09-24 21:30:04 [경기도] 병상 73기관, 수용가능 76기관, 메시지 127건
2026-09-24 21:30:05 [인천광역시] 병상 21기관, 수용가능 22기관, 메시지 19건
2026-09-24 21:30:06 [부산광역시] 병상 29기관, 수용가능 31기관, 메시지 138건
2026-09-24 21:30:08 [대구광역시] 병상 19기관, 수용가능 19기관, 메시지 84건
2026-09-24 21:30:09 [대전광역시] 병상 9기관, 수용가능 10기관, 메시지 68건
2026-09-24 21:30:10 [울산광역시] 병상 7기관, 수용가능 9기관, 메시지 20건
2026-09-24 21:30:11 [세종특별자치시] 병상 2기관, 수용가능 2기관, 메시지 14건
2026-09-24 21:30:12 [전남광주통합특별시] 병상 59기관, 수용가능 63기관, 메시지 40건
2026-09-24 21:30:14 [강원특별자치도] 병상 21기관, 수용가능 22기관, 메시지 12건
2026-09-24 21:30:15 [충청북도] 병상 15기관, 수용가능 17기관, 메시지 3건
2026-09-24 21:30:16 [충청남도] 병상 18기관, 수용가능 18기관, 메시지 11건
2026-09-24 21:30:17 [전북특별자치도] 병상 20기관, 수용가능 21기관, 메시지 28건
2026-09-24 21:30:19 [경상북도] 병상 31기관, 수용가능 32기관, 메시지 49건
2026-09-24 21:30:20 [경상남도] 병상 35기관, 수용가능 36기관, 메시지 111건
2026-09-24 21:30:20 [제주특별자치도] 병상 6기관, 수용가능 6기관, 메시지 16건
2026-09-24 22:00:01 [서울특별시] 병상 51기관, 수용가능 54기관, 메시지 143건
2026-09-24 22:00:04 [경기도] 병상 73기관, 수용가능 76기관, 메시지 127건
2026-09-24 22:00:06 [인천광역시] 병상 21기관, 수용가능 22기관, 메시지 19건
2026-09-24 22:00:08 [부산광역시] 병상 29기관, 수용가능 31기관, 메시지 138건
2026-09-24 22:00:12 [대구광역시] 병상 19기관, 수용가능 19기관, 메시지 84건
2026-09-24 22:00:18 [대전광역시] 병상 9기관, 수용가능 10기관, 메시지 67건
2026-09-24 22:00:22 [울산광역시] 병상 7기관, 수용가능 9기관, 메시지 20건
2026-09-24 22:00:22 [세종특별자치시] 병상 2기관, 수용가능 2기관, 메시지 14건
2026-09-24 22:00:24 [전남광주통합특별시] 병상 59기관, 수용가능 63기관, 메시지 40건
2026-09-24 22:00:25 [강원특별자치도] 병상 21기관, 수용가능 22기관, 메시지 12건
2026-09-24 22:00:27 [충청북도] 병상 15기관, 수용가능 17기관, 메시지 3건
2026-09-24 22:00:28 [충청남도] 병상 18기관, 수용가능 18기관, 메시지 11건
2026-09-24 22:00:29 [전북특별자치도] 병상 20기관, 수용가능 21기관, 메시지 29건
2026-09-24 22:00:29 [경상북도] 병상 31기관, 수용가능 32기관, 메시지 49건
2026-09-24 22:00:30 [경상남도] 병상 35기관, 수용가능 36기관, 메시지 111건
2026-09-24 22:00:31 [제주특별자치도] 병상 6기관, 수용가능 6기관, 메시지 16건
2026-09-24 22:30:01 [서울특별시] 병상 51기관, 수용가능 54기관, 메시지 145건
2026-09-24 22:30:02 [경기도] 병상 73기관, 수용가능 76기관, 메시지 127건
2026-09-24 22:30:04 [인천광역시] 병상 21기관, 수용가능 22기관, 메시지 19건
2026-09-24 22:30:05 [부산광역시] 병상 29기관, 수용가능 31기관, 메시지 143건
2026-09-24 22:30:06 [대구광역시] 병상 19기관, 수용가능 19기관, 메시지 84건
2026-09-24 22:30:07 [대전광역시] 병상 9기관, 수용가능 10기관, 메시지 67건
2026-09-24 22:30:07 [울산광역시] 병상 7기관, 수용가능 9기관, 메시지 20건
2026-09-24 22:30:10 [세종특별자치시] 병상 2기관, 수용가능 2기관, 메시지 14건
2026-09-24 22:30:11 [전남광주통합특별시] 병상 59기관, 수용가능 63기관, 메시지 40건
2026-09-24 22:30:12 [강원특별자치도] 병상 21기관, 수용가능 22기관, 메시지 12건
2026-09-24 22:30:12 [충청북도] 병상 15기관, 수용가능 17기관, 메시지 3건
2026-09-24 22:30:14 [충청남도] 병상 18기관, 수용가능 18기관, 메시지 11건
2026-09-24 22:30:15 [전북특별자치도] 병상 20기관, 수용가능 21기관, 메시지 29건
2026-09-24 22:30:16 [경상북도] 병상 31기관, 수용가능 32기관, 메시지 49건
2026-09-24 22:30:18 [경상남도] 병상 35기관, 수용가능 36기관, 메시지 111건
2026-09-24 22:30:20 [제주특별자치도] 병상 6기관, 수용가능 6기관, 메시지 16건
2026-09-24 23:00:02 [서울특별시] 병상 51기관, 수용가능 54기관, 메시지 145건
2026-09-24 23:00:03 [경기도] 병상 73기관, 수용가능 76기관, 메시지 128건
2026-09-24 23:00:05 [인천광역시] 병상 21기관, 수용가능 22기관, 메시지 19건
2026-09-24 23:00:05 [부산광역시] 병상 29기관, 수용가능 31기관, 메시지 143건
2026-09-24 23:00:06 [대구광역시] 병상 19기관, 수용가능 19기관, 메시지 87건
2026-09-24 23:00:07 [대전광역시] 병상 9기관, 수용가능 10기관, 메시지 67건
2026-09-24 23:00:09 [울산광역시] 병상 7기관, 수용가능 9기관, 메시지 20건
2026-09-24 23:00:09 [세종특별자치시] 병상 2기관, 수용가능 2기관, 메시지 14건
2026-09-24 23:00:10 [전남광주통합특별시] 병상 59기관, 수용가능 63기관, 메시지 36건
2026-09-24 23:00:10 [강원특별자치도] 병상 21기관, 수용가능 22기관, 메시지 12건
2026-09-24 23:00:12 [충청북도] 병상 15기관, 수용가능 17기관, 메시지 3건
2026-09-24 23:00:13 [충청남도] 병상 18기관, 수용가능 18기관, 메시지 11건
2026-09-24 23:00:14 [전북특별자치도] 병상 20기관, 수용가능 21기관, 메시지 30건
2026-09-24 23:00:17 [경상북도] 병상 31기관, 수용가능 32기관, 메시지 49건
2026-09-24 23:00:18 [경상남도] 병상 35기관, 수용가능 36기관, 메시지 111건
2026-09-24 23:00:19 [제주특별자치도] 병상 6기관, 수용가능 6기관, 메시지 16건
2026-09-24 23:30:01 [서울특별시] 병상 51기관, 수용가능 54기관, 메시지 145건
2026-09-24 23:30:01 [경기도] 병상 73기관, 수용가능 76기관, 메시지 129건
2026-09-24 23:30:03 [인천광역시] 병상 21기관, 수용가능 22기관, 메시지 19건
2026-09-24 23:30:03 [부산광역시] 병상 29기관, 수용가능 31기관, 메시지 143건
2026-09-24 23:30:04 [대구광역시] 병상 19기관, 수용가능 19기관, 메시지 87건
2026-09-24 23:30:05 [대전광역시] 병상 9기관, 수용가능 10기관, 메시지 68건
2026-09-24 23:30:06 [울산광역시] 병상 7기관, 수용가능 9기관, 메시지 20건
2026-09-24 23:30:06 [세종특별자치시] 병상 2기관, 수용가능 2기관, 메시지 14건
2026-09-24 23:30:08 [전남광주통합특별시] 병상 59기관, 수용가능 63기관, 메시지 36건
2026-09-24 23:30:08 [강원특별자치도] 병상 21기관, 수용가능 22기관, 메시지 12건
2026-09-24 23:30:09 [충청북도] 병상 15기관, 수용가능 17기관, 메시지 3건
2026-09-24 23:30:09 [충청남도] 병상 18기관, 수용가능 18기관, 메시지 11건
2026-09-24 23:30:11 [전북특별자치도] 병상 20기관, 수용가능 21기관, 메시지 30건
2026-09-24 23:30:11 [경상북도] 병상 31기관, 수용가능 32기관, 메시지 49건
2026-09-24 23:30:11 [경상남도] 병상 35기관, 수용가능 36기관, 메시지 111건
2026-09-24 23:30:12 [제주특별자치도] 병상 6기관, 수용가능 6기관, 메시지 16건
2026-09-24 23:59:59 [서울특별시] 병상 51기관, 수용가능 54기관, 메시지 145건
2026-09-25 00:00:01 [경기도] 병상 73기관, 수용가능 76기관, 메시지 119건
2026-09-25 00:00:01 [인천광역시] 병상 21기관, 수용가능 22기관, 메시지 19건
2026-09-25 00:00:03 [부산광역시] 병상 29기관, 수용가능 31기관, 메시지 136건
2026-09-25 00:00:05 [대구광역시] 병상 19기관, 수용가능 19기관, 메시지 83건
2026-09-25 00:00:06 [대전광역시] 병상 9기관, 수용가능 10기관, 메시지 68건
2026-09-25 00:00:08 [울산광역시] 병상 7기관, 수용가능 9기관, 메시지 20건
2026-09-25 00:00:09 [세종특별자치시] 병상 2기관, 수용가능 2기관, 메시지 14건
2026-09-25 00:00:10 [전남광주통합특별시] 병상 59기관, 수용가능 63기관, 메시지 36건
2026-09-25 00:00:11 [강원특별자치도] 병상 21기관, 수용가능 22기관, 메시지 11건
2026-09-25 00:00:12 [충청북도] 병상 15기관, 수용가능 17기관, 메시지 3건
2026-09-25 00:00:13 [충청남도] 병상 18기관, 수용가능 18기관, 메시지 9건
2026-09-25 00:00:14 [전북특별자치도] 병상 20기관, 수용가능 21기관, 메시지 30건
2026-09-25 00:00:14 [경상북도] 병상 31기관, 수용가능 32기관, 메시지 49건
2026-09-25 00:00:15 [경상남도] 병상 35기관, 수용가능 36기관, 메시지 111건
2026-09-25 00:00:16 [제주특별자치도] 병상 6기관, 수용가능 6기관, 메시지 16건
2026-09-25 00:30:03 [서울특별시] 병상 51기관, 수용가능 54기관, 메시지 139건
2026-09-25 00:30:05 [경기도] 병상 73기관, 수용가능 76기관, 메시지 127건
2026-09-25 00:30:07 [인천광역시] 병상 21기관, 수용가능 22기관, 메시지 19건
2026-09-25 00:30:08 [부산광역시] 병상 29기관, 수용가능 31기관, 메시지 145건
2026-09-25 00:30:10 [대구광역시] 병상 19기관, 수용가능 19기관, 메시지 88건
2026-09-25 00:30:11 [대전광역시] 병상 9기관, 수용가능 10기관, 메시지 68건
2026-09-25 00:30:12 [울산광역시] 병상 7기관, 수용가능 9기관, 메시지 20건
2026-09-25 00:30:13 [세종특별자치시] 병상 2기관, 수용가능 2기관, 메시지 14건
2026-09-25 00:30:14 [전남광주통합특별시] 병상 59기관, 수용가능 63기관, 메시지 36건
2026-09-25 00:30:14 [강원특별자치도] 병상 21기관, 수용가능 22기관, 메시지 11건
2026-09-25 00:30:15 [충청북도] 병상 15기관, 수용가능 17기관, 메시지 3건
2026-09-25 00:30:16 [충청남도] 병상 18기관, 수용가능 18기관, 메시지 11건
2026-09-25 00:30:16 [전북특별자치도] 병상 20기관, 수용가능 21기관, 메시지 31건
2026-09-25 00:30:17 [경상북도] 병상 31기관, 수용가능 32기관, 메시지 50건
2026-09-25 00:30:18 [경상남도] 병상 35기관, 수용가능 36기관, 메시지 112건
2026-09-25 00:30:19 [제주특별자치도] 병상 6기관, 수용가능 6기관, 메시지 16건
2026-09-25 01:00:02 [서울특별시] 병상 51기관, 수용가능 54기관, 메시지 142건
2026-09-25 01:00:03 [경기도] 병상 73기관, 수용가능 76기관, 메시지 127건
2026-09-25 01:00:05 [인천광역시] 병상 21기관, 수용가능 22기관, 메시지 19건
2026-09-25 01:00:07 [부산광역시] 병상 29기관, 수용가능 31기관, 메시지 145건
2026-09-25 01:00:08 [대구광역시] 병상 19기관, 수용가능 19기관, 메시지 88건
2026-09-25 01:00:10 [대전광역시] 병상 9기관, 수용가능 10기관, 메시지 67건
2026-09-25 01:00:11 [울산광역시] 병상 7기관, 수용가능 9기관, 메시지 20건
2026-09-25 01:00:11 [세종특별자치시] 병상 2기관, 수용가능 2기관, 메시지 14건
2026-09-25 01:00:12 [전남광주통합특별시] 병상 59기관, 수용가능 63기관, 메시지 36건
2026-09-25 01:00:12 [강원특별자치도] 병상 21기관, 수용가능 22기관, 메시지 11건
2026-09-25 01:00:13 [충청북도] 병상 15기관, 수용가능 17기관, 메시지 3건
2026-09-25 01:00:13 [충청남도] 병상 18기관, 수용가능 18기관, 메시지 11건
2026-09-25 01:00:14 [전북특별자치도] 병상 20기관, 수용가능 21기관, 메시지 31건
2026-09-25 01:00:14 [경상북도] 병상 31기관, 수용가능 32기관, 메시지 49건
2026-09-25 01:00:15 [경상남도] 병상 35기관, 수용가능 36기관, 메시지 112건
2026-09-25 01:00:16 [제주특별자치도] 병상 6기관, 수용가능 6기관, 메시지 16건
2026-09-25 01:30:02 [서울특별시] 병상 51기관, 수용가능 54기관, 메시지 145건
2026-09-25 01:30:04 [경기도] 병상 73기관, 수용가능 76기관, 메시지 127건
2026-09-25 01:30:05 [인천광역시] 병상 21기관, 수용가능 22기관, 메시지 19건
2026-09-25 01:30:07 [부산광역시] 병상 29기관, 수용가능 31기관, 메시지 145건
2026-09-25 01:30:08 [대구광역시] 병상 19기관, 수용가능 19기관, 메시지 88건
2026-09-25 01:30:08 [대전광역시] 병상 9기관, 수용가능 10기관, 메시지 67건
2026-09-25 01:30:09 [울산광역시] 병상 7기관, 수용가능 9기관, 메시지 20건
2026-09-25 01:30:10 [세종특별자치시] 병상 2기관, 수용가능 2기관, 메시지 14건
2026-09-25 01:30:12 [전남광주통합특별시] 병상 59기관, 수용가능 63기관, 메시지 36건
2026-09-25 01:30:13 [강원특별자치도] 병상 21기관, 수용가능 22기관, 메시지 11건
2026-09-25 01:30:14 [충청북도] 병상 15기관, 수용가능 17기관, 메시지 3건
2026-09-25 01:30:15 [충청남도] 병상 18기관, 수용가능 18기관, 메시지 11건
2026-09-25 01:30:15 [전북특별자치도] 병상 20기관, 수용가능 21기관, 메시지 31건
2026-09-25 01:30:16 [경상북도] 병상 31기관, 수용가능 32기관, 메시지 49건
2026-09-25 01:30:18 [경상남도] 병상 35기관, 수용가능 36기관, 메시지 112건
2026-09-25 01:30:19 [제주특별자치도] 병상 6기관, 수용가능 6기관, 메시지 16건
2026-09-25 02:00:01 [서울특별시] 병상 51기관, 수용가능 54기관, 메시지 145건
2026-09-25 02:00:01 [경기도] 병상 73기관, 수용가능 76기관, 메시지 127건
2026-09-25 02:00:07 [인천광역시] 병상 21기관, 수용가능 22기관, 메시지 19건
2026-09-25 02:00:09 [부산광역시] 병상 29기관, 수용가능 31기관, 메시지 145건
2026-09-25 02:00:13 [대구광역시] 병상 19기관, 수용가능 19기관, 메시지 88건
2026-09-25 02:00:19 [대전광역시] 병상 9기관, 수용가능 10기관, 메시지 67건
2026-09-25 02:00:26 [울산광역시] 병상 7기관, 수용가능 9기관, 메시지 20건
2026-09-25 02:00:26 [세종특별자치시] 병상 2기관, 수용가능 2기관, 메시지 14건
2026-09-25 02:00:28 [전남광주통합특별시] 병상 59기관, 수용가능 63기관, 메시지 36건
2026-09-25 02:00:29 [강원특별자치도] 병상 21기관, 수용가능 22기관, 메시지 11건
2026-09-25 02:00:30 [충청북도] 병상 15기관, 수용가능 17기관, 메시지 3건
2026-09-25 02:00:31 [충청남도] 병상 18기관, 수용가능 18기관, 메시지 11건
2026-09-25 02:00:33 [전북특별자치도] 병상 20기관, 수용가능 21기관, 메시지 31건
2026-09-25 02:00:33 [경상북도] 병상 31기관, 수용가능 32기관, 메시지 49건
2026-09-25 02:00:35 [경상남도] 병상 35기관, 수용가능 36기관, 메시지 112건
2026-09-25 02:00:35 [제주특별자치도] 병상 6기관, 수용가능 6기관, 메시지 16건
2026-09-25 02:30:02 [서울특별시] 병상 51기관, 수용가능 54기관, 메시지 145건
2026-09-25 02:30:04 [경기도] 병상 73기관, 수용가능 76기관, 메시지 127건
2026-09-25 02:30:05 [인천광역시] 병상 21기관, 수용가능 22기관, 메시지 19건
2026-09-25 02:30:06 [부산광역시] 병상 29기관, 수용가능 31기관, 메시지 145건
2026-09-25 02:30:07 [대구광역시] 병상 19기관, 수용가능 19기관, 메시지 88건
2026-09-25 02:30:07 [대전광역시] 병상 9기관, 수용가능 10기관, 메시지 67건
2026-09-25 02:30:07 [울산광역시] 병상 7기관, 수용가능 9기관, 메시지 20건
2026-09-25 02:30:08 [세종특별자치시] 병상 2기관, 수용가능 2기관, 메시지 14건
2026-09-25 02:30:10 [전남광주통합특별시] 병상 59기관, 수용가능 63기관, 메시지 36건
2026-09-25 02:30:11 [강원특별자치도] 병상 21기관, 수용가능 22기관, 메시지 11건
2026-09-25 02:30:11 [충청북도] 병상 15기관, 수용가능 17기관, 메시지 3건
2026-09-25 02:30:12 [충청남도] 병상 18기관, 수용가능 18기관, 메시지 11건
2026-09-25 02:30:13 [전북특별자치도] 병상 20기관, 수용가능 21기관, 메시지 31건
2026-09-25 02:30:15 [경상북도] 병상 31기관, 수용가능 32기관, 메시지 49건
2026-09-25 02:30:15 [경상남도] 병상 35기관, 수용가능 36기관, 메시지 112건
2026-09-25 02:30:17 [제주특별자치도] 병상 6기관, 수용가능 6기관, 메시지 16건
2026-09-25 03:00:02 [서울특별시] 병상 51기관, 수용가능 54기관, 메시지 145건
2026-09-25 03:00:03 [경기도] 병상 73기관, 수용가능 76기관, 메시지 127건
2026-09-25 03:00:05 [인천광역시] 병상 21기관, 수용가능 22기관, 메시지 19건
2026-09-25 03:00:05 [부산광역시] 병상 29기관, 수용가능 31기관, 메시지 144건
2026-09-25 03:00:07 [대구광역시] 병상 19기관, 수용가능 19기관, 메시지 88건
2026-09-25 03:00:08 [대전광역시] 병상 9기관, 수용가능 10기관, 메시지 67건
2026-09-25 03:00:09 [울산광역시] 병상 7기관, 수용가능 9기관, 메시지 20건
2026-09-25 03:00:10 [세종특별자치시] 병상 2기관, 수용가능 2기관, 메시지 14건
2026-09-25 03:00:10 [전남광주통합특별시] 병상 59기관, 수용가능 63기관, 메시지 36건
2026-09-25 03:00:11 [강원특별자치도] 병상 21기관, 수용가능 22기관, 메시지 11건
2026-09-25 03:00:12 [충청북도] 병상 15기관, 수용가능 17기관, 메시지 3건
2026-09-25 03:00:12 [충청남도] 병상 18기관, 수용가능 18기관, 메시지 11건
2026-09-25 03:00:13 [전북특별자치도] 병상 20기관, 수용가능 21기관, 메시지 31건
2026-09-25 03:00:14 [경상북도] 병상 31기관, 수용가능 32기관, 메시지 49건
2026-09-25 03:00:15 [경상남도] 병상 35기관, 수용가능 36기관, 메시지 112건
2026-09-25 03:00:15 [제주특별자치도] 병상 6기관, 수용가능 6기관, 메시지 16건
2026-09-25 03:30:01 [서울특별시] 병상 51기관, 수용가능 54기관, 메시지 145건
2026-09-25 03:30:01 [경기도] 병상 73기관, 수용가능 76기관, 메시지 131건
2026-09-25 03:30:02 [인천광역시] 병상 21기관, 수용가능 22기관, 메시지 19건
2026-09-25 03:30:03 [부산광역시] 병상 29기관, 수용가능 31기관, 메시지 144건
2026-09-25 03:30:04 [대구광역시] 병상 19기관, 수용가능 19기관, 메시지 88건
2026-09-25 03:30:05 [대전광역시] 병상 9기관, 수용가능 10기관, 메시지 67건
2026-09-25 03:30:07 [울산광역시] 병상 7기관, 수용가능 9기관, 메시지 20건
2026-09-25 03:30:07 [세종특별자치시] 병상 2기관, 수용가능 2기관, 메시지 14건
2026-09-25 03:30:08 [전남광주통합특별시] 병상 59기관, 수용가능 63기관, 메시지 36건
2026-09-25 03:30:08 [강원특별자치도] 병상 21기관, 수용가능 22기관, 메시지 11건
2026-09-25 03:30:09 [충청북도] 병상 15기관, 수용가능 17기관, 메시지 3건
2026-09-25 03:30:09 [충청남도] 병상 18기관, 수용가능 18기관, 메시지 11건
2026-09-25 03:30:10 [전북특별자치도] 병상 20기관, 수용가능 21기관, 메시지 31건
2026-09-25 03:30:11 [경상북도] 병상 31기관, 수용가능 32기관, 메시지 49건
2026-09-25 03:30:11 [경상남도] 병상 35기관, 수용가능 36기관, 메시지 112건
2026-09-25 03:30:12 [제주특별자치도] 병상 6기관, 수용가능 6기관, 메시지 16건
2026-09-25 04:00:01 [서울특별시] 병상 51기관, 수용가능 54기관, 메시지 145건
2026-09-25 04:00:02 [경기도] 병상 73기관, 수용가능 76기관, 메시지 130건
2026-09-25 04:00:03 [인천광역시] 병상 21기관, 수용가능 22기관, 메시지 19건
2026-09-25 04:00:04 [부산광역시] 병상 29기관, 수용가능 31기관, 메시지 144건
2026-09-25 04:00:05 [대구광역시] 병상 19기관, 수용가능 19기관, 메시지 88건
2026-09-25 04:00:06 [대전광역시] 병상 9기관, 수용가능 10기관, 메시지 67건
2026-09-25 04:00:07 [울산광역시] 병상 7기관, 수용가능 9기관, 메시지 20건
2026-09-25 04:00:07 [세종특별자치시] 병상 2기관, 수용가능 2기관, 메시지 14건
2026-09-25 04:00:09 [전남광주통합특별시] 병상 59기관, 수용가능 63기관, 메시지 36건
2026-09-25 04:00:09 [강원특별자치도] 병상 21기관, 수용가능 22기관, 메시지 11건
2026-09-25 04:00:10 [충청북도] 병상 15기관, 수용가능 17기관, 메시지 3건
2026-09-25 04:00:12 [충청남도] 병상 18기관, 수용가능 18기관, 메시지 11건
2026-09-25 04:00:14 [전북특별자치도] 병상 20기관, 수용가능 21기관, 메시지 31건
2026-09-25 04:00:15 [경상북도] 병상 31기관, 수용가능 32기관, 메시지 49건
2026-09-25 04:00:17 [경상남도] 병상 35기관, 수용가능 36기관, 메시지 112건
2026-09-25 04:00:18 [제주특별자치도] 병상 6기관, 수용가능 6기관, 메시지 16건
2026-09-25 04:30:01 [서울특별시] 병상 51기관, 수용가능 54기관, 메시지 145건
2026-09-25 04:30:02 [경기도] 병상 73기관, 수용가능 76기관, 메시지 130건
2026-09-25 04:30:03 [인천광역시] 병상 21기관, 수용가능 22기관, 메시지 19건
2026-09-25 04:30:05 [부산광역시] 병상 29기관, 수용가능 31기관, 메시지 144건
2026-09-25 04:30:06 [대구광역시] 병상 19기관, 수용가능 19기관, 메시지 88건
2026-09-25 04:30:07 [대전광역시] 병상 9기관, 수용가능 10기관, 메시지 67건
2026-09-25 04:30:08 [울산광역시] 병상 7기관, 수용가능 9기관, 메시지 20건
2026-09-25 04:30:09 [세종특별자치시] 병상 2기관, 수용가능 2기관, 메시지 14건
2026-09-25 04:30:10 [전남광주통합특별시] 병상 59기관, 수용가능 63기관, 메시지 36건
2026-09-25 04:30:11 [강원특별자치도] 병상 21기관, 수용가능 22기관, 메시지 11건
2026-09-25 04:30:12 [충청북도] 병상 15기관, 수용가능 17기관, 메시지 3건
2026-09-25 04:30:13 [충청남도] 병상 18기관, 수용가능 18기관, 메시지 11건
2026-09-25 04:30:14 [전북특별자치도] 병상 20기관, 수용가능 21기관, 메시지 31건
2026-09-25 04:30:14 [경상북도] 병상 31기관, 수용가능 32기관, 메시지 49건
2026-09-25 04:30:15 [경상남도] 병상 35기관, 수용가능 36기관, 메시지 112건
2026-09-25 04:30:16 [제주특별자치도] 병상 6기관, 수용가능 6기관, 메시지 16건
2026-09-25 05:00:02 [서울특별시] 병상 51기관, 수용가능 54기관, 메시지 145건
2026-09-25 05:00:03 [경기도] 병상 73기관, 수용가능 76기관, 메시지 130건
2026-09-25 05:00:04 [인천광역시] 병상 21기관, 수용가능 22기관, 메시지 19건
2026-09-25 05:00:06 [부산광역시] 병상 29기관, 수용가능 31기관, 메시지 144건
2026-09-25 05:00:08 [대구광역시] 병상 19기관, 수용가능 19기관, 메시지 88건
2026-09-25 05:00:09 [대전광역시] 병상 9기관, 수용가능 10기관, 메시지 67건
2026-09-25 05:00:10 [울산광역시] 병상 7기관, 수용가능 9기관, 메시지 20건
2026-09-25 05:00:11 [세종특별자치시] 병상 2기관, 수용가능 2기관, 메시지 14건
2026-09-25 05:00:13 [전남광주통합특별시] 병상 59기관, 수용가능 63기관, 메시지 36건
2026-09-25 05:00:14 [강원특별자치도] 병상 21기관, 수용가능 22기관, 메시지 11건
2026-09-25 05:00:15 [충청북도] 병상 15기관, 수용가능 17기관, 메시지 3건
2026-09-25 05:00:17 [충청남도] 병상 18기관, 수용가능 18기관, 메시지 11건
2026-09-25 05:00:17 [전북특별자치도] 병상 20기관, 수용가능 21기관, 메시지 31건
2026-09-25 05:00:18 [경상북도] 병상 31기관, 수용가능 32기관, 메시지 49건
2026-09-25 05:00:19 [경상남도] 병상 35기관, 수용가능 36기관, 메시지 112건
2026-09-25 05:00:21 [제주특별자치도] 병상 6기관, 수용가능 6기관, 메시지 16건
2026-09-25 05:30:02 [서울특별시] 병상 51기관, 수용가능 54기관, 메시지 145건
2026-09-25 05:30:03 [경기도] 병상 73기관, 수용가능 76기관, 메시지 130건
2026-09-25 05:30:03 [인천광역시] 병상 21기관, 수용가능 22기관, 메시지 19건
2026-09-25 05:30:05 [부산광역시] 병상 29기관, 수용가능 31기관, 메시지 144건
2026-09-25 05:30:06 [대구광역시] 병상 19기관, 수용가능 19기관, 메시지 88건
2026-09-25 05:30:08 [대전광역시] 병상 9기관, 수용가능 10기관, 메시지 67건
2026-09-25 05:30:08 [울산광역시] 병상 7기관, 수용가능 9기관, 메시지 20건
2026-09-25 05:30:09 [세종특별자치시] 병상 2기관, 수용가능 2기관, 메시지 14건
2026-09-25 05:30:09 [전남광주통합특별시] 병상 59기관, 수용가능 63기관, 메시지 36건
2026-09-25 05:30:11 [강원특별자치도] 병상 21기관, 수용가능 22기관, 메시지 11건
2026-09-25 05:30:12 [충청북도] 병상 15기관, 수용가능 17기관, 메시지 3건
2026-09-25 05:30:13 [충청남도] 병상 18기관, 수용가능 18기관, 메시지 11건
2026-09-25 05:30:15 [전북특별자치도] 병상 20기관, 수용가능 21기관, 메시지 31건
2026-09-25 05:30:16 [경상북도] 병상 31기관, 수용가능 32기관, 메시지 49건
2026-09-25 05:30:18 [경상남도] 병상 35기관, 수용가능 36기관, 메시지 112건
2026-09-25 05:30:19 [제주특별자치도] 병상 6기관, 수용가능 6기관, 메시지 16건
2026-09-25 06:00:08 [서울특별시] 병상 51기관, 수용가능 54기관, 메시지 145건
2026-09-25 06:00:09 [경기도] 병상 73기관, 수용가능 76기관, 메시지 130건
2026-09-25 06:00:10 [인천광역시] 병상 21기관, 수용가능 22기관, 메시지 19건
2026-09-25 06:00:11 [부산광역시] 병상 29기관, 수용가능 31기관, 메시지 144건
2026-09-25 06:00:13 [대구광역시] 병상 19기관, 수용가능 19기관, 메시지 88건
2026-09-25 06:00:16 [대전광역시] 병상 9기관, 수용가능 10기관, 메시지 67건
2026-09-25 06:00:22 [울산광역시] 병상 7기관, 수용가능 9기관, 메시지 20건
2026-09-25 06:00:23 [세종특별자치시] 병상 2기관, 수용가능 2기관, 메시지 14건
2026-09-25 06:00:25 [전남광주통합특별시] 병상 59기관, 수용가능 63기관, 메시지 36건
2026-09-25 06:00:26 [강원특별자치도] 병상 21기관, 수용가능 22기관, 메시지 11건
2026-09-25 06:00:27 [충청북도] 병상 15기관, 수용가능 17기관, 메시지 3건
2026-09-25 06:00:28 [충청남도] 병상 18기관, 수용가능 18기관, 메시지 11건
2026-09-25 06:00:29 [전북특별자치도] 병상 20기관, 수용가능 21기관, 메시지 28건
2026-09-25 06:00:30 [경상북도] 병상 31기관, 수용가능 32기관, 메시지 49건
2026-09-25 06:00:31 [경상남도] 병상 35기관, 수용가능 36기관, 메시지 112건
2026-09-25 06:00:32 [제주특별자치도] 병상 6기관, 수용가능 6기관, 메시지 16건
2026-09-25 06:30:01 [서울특별시] 병상 51기관, 수용가능 54기관, 메시지 145건
2026-09-25 06:30:02 [경기도] 병상 73기관, 수용가능 76기관, 메시지 130건
2026-09-25 06:30:03 [인천광역시] 병상 21기관, 수용가능 22기관, 메시지 19건
2026-09-25 06:30:03 [부산광역시] 병상 29기관, 수용가능 31기관, 메시지 144건
2026-09-25 06:30:04 [대구광역시] 병상 19기관, 수용가능 19기관, 메시지 88건
2026-09-25 06:30:05 [대전광역시] 병상 9기관, 수용가능 10기관, 메시지 67건
2026-09-25 06:30:06 [울산광역시] 병상 7기관, 수용가능 9기관, 메시지 20건
2026-09-25 06:30:07 [세종특별자치시] 병상 2기관, 수용가능 2기관, 메시지 14건
2026-09-25 06:30:09 [전남광주통합특별시] 병상 59기관, 수용가능 63기관, 메시지 36건
2026-09-25 06:30:10 [강원특별자치도] 병상 21기관, 수용가능 22기관, 메시지 11건
2026-09-25 06:30:12 [충청북도] 병상 15기관, 수용가능 17기관, 메시지 3건
2026-09-25 06:30:14 [충청남도] 병상 18기관, 수용가능 18기관, 메시지 11건
2026-09-25 06:30:14 [전북특별자치도] 병상 20기관, 수용가능 21기관, 메시지 28건
2026-09-25 06:30:15 [경상북도] 병상 31기관, 수용가능 32기관, 메시지 49건
2026-09-25 06:30:16 [경상남도] 병상 35기관, 수용가능 36기관, 메시지 112건
2026-09-25 06:30:17 [제주특별자치도] 병상 6기관, 수용가능 6기관, 메시지 16건
2026-09-25 07:00:01 [서울특별시] 병상 51기관, 수용가능 54기관, 메시지 145건
2026-09-25 07:00:03 [경기도] 병상 73기관, 수용가능 76기관, 메시지 127건
2026-09-25 07:00:04 [인천광역시] 병상 21기관, 수용가능 22기관, 메시지 17건
2026-09-25 07:00:05 [부산광역시] 병상 29기관, 수용가능 31기관, 메시지 144건
2026-09-25 07:00:05 [대구광역시] 병상 19기관, 수용가능 19기관, 메시지 85건
2026-09-25 07:00:06 [대전광역시] 병상 9기관, 수용가능 10기관, 메시지 67건
2026-09-25 07:00:07 [울산광역시] 병상 7기관, 수용가능 9기관, 메시지 18건
2026-09-25 07:00:08 [세종특별자치시] 병상 2기관, 수용가능 2기관, 메시지 14건
2026-09-25 07:00:09 [전남광주통합특별시] 병상 59기관, 수용가능 63기관, 메시지 36건
2026-09-25 07:00:10 [강원특별자치도] 병상 21기관, 수용가능 22기관, 메시지 11건
2026-09-25 07:00:10 [충청북도] 병상 15기관, 수용가능 17기관, 메시지 3건
2026-09-25 07:00:11 [충청남도] 병상 18기관, 수용가능 18기관, 메시지 11건
2026-09-25 07:00:12 [전북특별자치도] 병상 20기관, 수용가능 21기관, 메시지 28건
2026-09-25 07:00:12 [경상북도] 병상 31기관, 수용가능 32기관, 메시지 52건
2026-09-25 07:00:14 [경상남도] 병상 35기관, 수용가능 36기관, 메시지 112건
2026-09-25 07:00:14 [제주특별자치도] 병상 6기관, 수용가능 6기관, 메시지 16건
2026-09-25 07:30:02 [서울특별시] 병상 51기관, 수용가능 54기관, 메시지 145건
2026-09-25 07:30:03 [경기도] 병상 73기관, 수용가능 76기관, 메시지 127건
2026-09-25 07:30:04 [인천광역시] 병상 21기관, 수용가능 22기관, 메시지 17건
2026-09-25 07:30:05 [부산광역시] 병상 29기관, 수용가능 31기관, 메시지 145건
2026-09-25 07:30:06 [대구광역시] 병상 19기관, 수용가능 19기관, 메시지 86건
2026-09-25 07:30:07 [대전광역시] 병상 9기관, 수용가능 10기관, 메시지 67건
2026-09-25 07:30:09 [울산광역시] 병상 7기관, 수용가능 9기관, 메시지 18건
2026-09-25 07:30:11 [세종특별자치시] 병상 2기관, 수용가능 2기관, 메시지 14건
2026-09-25 07:30:12 [전남광주통합특별시] 병상 59기관, 수용가능 63기관, 메시지 36건
2026-09-25 07:30:13 [강원특별자치도] 병상 21기관, 수용가능 22기관, 메시지 11건
2026-09-25 07:30:14 [충청북도] 병상 15기관, 수용가능 17기관, 메시지 3건
2026-09-25 07:30:15 [충청남도] 병상 18기관, 수용가능 18기관, 메시지 11건
2026-09-25 07:30:16 [전북특별자치도] 병상 20기관, 수용가능 21기관, 메시지 30건
2026-09-25 07:30:17 [경상북도] 병상 31기관, 수용가능 32기관, 메시지 52건
2026-09-25 07:30:19 [경상남도] 병상 35기관, 수용가능 36기관, 메시지 112건
2026-09-25 07:30:19 [제주특별자치도] 병상 6기관, 수용가능 6기관, 메시지 16건
2026-09-25 08:00:02 [서울특별시] 병상 51기관, 수용가능 54기관, 메시지 142건
2026-09-25 08:00:04 [경기도] 병상 73기관, 수용가능 76기관, 메시지 125건
2026-09-25 08:00:05 [인천광역시] 병상 21기관, 수용가능 22기관, 메시지 17건
2026-09-25 08:00:05 [부산광역시] 병상 29기관, 수용가능 31기관, 메시지 145건
2026-09-25 08:00:07 [대구광역시] 병상 19기관, 수용가능 19기관, 메시지 69건
2026-09-25 08:00:07 [대전광역시] 병상 9기관, 수용가능 10기관, 메시지 67건
2026-09-25 08:00:09 [울산광역시] 병상 7기관, 수용가능 9기관, 메시지 18건
2026-09-25 08:00:11 [세종특별자치시] 병상 2기관, 수용가능 2기관, 메시지 14건
2026-09-25 08:00:12 [전남광주통합특별시] 병상 59기관, 수용가능 63기관, 메시지 36건
2026-09-25 08:00:13 [강원특별자치도] 병상 21기관, 수용가능 22기관, 메시지 10건
2026-09-25 08:00:14 [충청북도] 병상 15기관, 수용가능 17기관, 메시지 3건
2026-09-25 08:00:14 [충청남도] 병상 18기관, 수용가능 18기관, 메시지 9건
2026-09-25 08:00:15 [전북특별자치도] 병상 20기관, 수용가능 21기관, 메시지 28건
2026-09-25 08:00:16 [경상북도] 병상 31기관, 수용가능 32기관, 메시지 52건
2026-09-25 08:00:17 [경상남도] 병상 35기관, 수용가능 36기관, 메시지 109건
2026-09-25 08:00:18 [제주특별자치도] 병상 6기관, 수용가능 6기관, 메시지 16건
2026-09-25 08:30:02 [서울특별시] 병상 51기관, 수용가능 54기관, 메시지 142건
2026-09-25 08:30:03 [경기도] 병상 73기관, 수용가능 76기관, 메시지 125건
2026-09-25 08:30:04 [인천광역시] 병상 21기관, 수용가능 22기관, 메시지 17건
2026-09-25 08:30:07 [부산광역시] 병상 29기관, 수용가능 31기관, 메시지 145건
2026-09-25 08:30:08 [대구광역시] 병상 19기관, 수용가능 19기관, 메시지 80건
2026-09-25 08:30:08 [대전광역시] 병상 9기관, 수용가능 10기관, 메시지 65건
2026-09-25 08:30:09 [울산광역시] 병상 7기관, 수용가능 9기관, 메시지 18건
2026-09-25 08:30:10 [세종특별자치시] 병상 2기관, 수용가능 2기관, 메시지 14건
2026-09-25 08:30:11 [전남광주통합특별시] 병상 59기관, 수용가능 63기관, 메시지 36건
2026-09-25 08:30:12 [강원특별자치도] 병상 21기관, 수용가능 22기관, 메시지 10건
2026-09-25 08:30:13 [충청북도] 병상 15기관, 수용가능 17기관, 메시지 3건
2026-09-25 08:30:15 [충청남도] 병상 18기관, 수용가능 18기관, 메시지 13건
2026-09-25 08:30:15 [전북특별자치도] 병상 20기관, 수용가능 21기관, 메시지 26건
2026-09-25 08:30:17 [경상북도] 병상 31기관, 수용가능 32기관, 메시지 52건
2026-09-25 08:30:19 [경상남도] 병상 35기관, 수용가능 36기관, 메시지 109건
2026-09-25 08:30:20 [제주특별자치도] 병상 6기관, 수용가능 6기관, 메시지 19건
2026-09-25 09:00:01 [서울특별시] 병상 51기관, 수용가능 54기관, 메시지 146건
2026-09-25 09:00:04 [경기도] 병상 73기관, 수용가능 76기관, 메시지 124건
2026-09-25 09:00:10 [인천광역시] 병상 21기관, 수용가능 22기관, 메시지 17건
2026-09-25 09:00:14 [부산광역시] 병상 29기관, 수용가능 31기관, 메시지 146건
2026-09-25 09:00:14 [대구광역시] 병상 19기관, 수용가능 19기관, 메시지 81건
2026-09-25 09:00:16 [대전광역시] 병상 9기관, 수용가능 10기관, 메시지 65건
2026-09-25 09:00:18 [울산광역시] 병상 7기관, 수용가능 9기관, 메시지 18건
2026-09-25 09:00:19 [세종특별자치시] 병상 2기관, 수용가능 2기관, 메시지 14건
2026-09-25 09:00:20 [전남광주통합특별시] 병상 59기관, 수용가능 63기관, 메시지 36건
2026-09-25 09:00:20 [강원특별자치도] 병상 21기관, 수용가능 22기관, 메시지 10건
2026-09-25 09:00:23 [충청북도] 병상 15기관, 수용가능 17기관, 메시지 3건
2026-09-25 09:00:24 [충청남도] 병상 18기관, 수용가능 18기관, 메시지 13건
2026-09-25 09:00:26 [전북특별자치도] 병상 20기관, 수용가능 21기관, 메시지 26건
2026-09-25 09:00:27 [경상북도] 병상 31기관, 수용가능 32기관, 메시지 52건
2026-09-25 09:00:29 [경상남도] 병상 35기관, 수용가능 36기관, 메시지 99건
2026-09-25 09:00:32 [제주특별자치도] 병상 6기관, 수용가능 6기관, 메시지 19건
2026-09-25 09:30:02 [서울특별시] 병상 51기관, 수용가능 54기관, 메시지 146건
2026-09-25 09:30:03 [경기도] 병상 73기관, 수용가능 76기관, 메시지 125건
2026-09-25 09:30:04 [인천광역시] 병상 21기관, 수용가능 22기관, 메시지 17건
2026-09-25 09:30:06 [부산광역시] 병상 29기관, 수용가능 31기관, 메시지 141건
2026-09-25 09:30:07 [대구광역시] 병상 19기관, 수용가능 19기관, 메시지 83건
2026-09-25 09:30:08 [대전광역시] 병상 9기관, 수용가능 10기관, 메시지 66건
2026-09-25 09:30:09 [울산광역시] 병상 7기관, 수용가능 9기관, 메시지 18건
2026-09-25 09:30:10 [세종특별자치시] 병상 2기관, 수용가능 2기관, 메시지 14건
2026-09-25 09:30:11 [전남광주통합특별시] 병상 59기관, 수용가능 63기관, 메시지 36건
2026-09-25 09:30:13 [강원특별자치도] 병상 21기관, 수용가능 22기관, 메시지 10건
2026-09-25 09:30:15 [충청북도] 병상 15기관, 수용가능 17기관, 메시지 3건
2026-09-25 09:30:16 [충청남도] 병상 18기관, 수용가능 18기관, 메시지 13건
2026-09-25 09:30:17 [전북특별자치도] 병상 20기관, 수용가능 21기관, 메시지 26건
2026-09-25 09:30:18 [경상북도] 병상 31기관, 수용가능 32기관, 메시지 53건
2026-09-25 09:30:18 [경상남도] 병상 35기관, 수용가능 36기관, 메시지 99건
2026-09-25 09:30:19 [제주특별자치도] 병상 6기관, 수용가능 6기관, 메시지 19건
2026-09-25 10:00:03 [서울특별시] 병상 51기관, 수용가능 54기관, 메시지 146건
2026-09-25 10:00:05 [경기도] 병상 73기관, 수용가능 76기관, 메시지 125건
2026-09-25 10:00:08 [인천광역시] 병상 21기관, 수용가능 22기관, 메시지 17건
2026-09-25 10:00:10 [부산광역시] 병상 29기관, 수용가능 31기관, 메시지 141건
2026-09-25 10:00:13 [대구광역시] 병상 19기관, 수용가능 19기관, 메시지 83건
2026-09-25 10:00:14 [대전광역시] 병상 9기관, 수용가능 10기관, 메시지 66건
2026-09-25 10:00:15 [울산광역시] 병상 7기관, 수용가능 9기관, 메시지 18건
2026-09-25 10:00:16 [세종특별자치시] 병상 2기관, 수용가능 2기관, 메시지 14건
2026-09-25 10:00:19 [전남광주통합특별시] 병상 59기관, 수용가능 63기관, 메시지 36건
2026-09-25 10:00:20 [강원특별자치도] 병상 21기관, 수용가능 22기관, 메시지 10건
2026-09-25 10:00:20 [충청북도] 병상 15기관, 수용가능 17기관, 메시지 3건
2026-09-25 10:00:22 [충청남도] 병상 18기관, 수용가능 18기관, 메시지 13건
2026-09-25 10:00:23 [전북특별자치도] 병상 20기관, 수용가능 21기관, 메시지 26건
2026-09-25 10:00:25 [경상북도] 병상 31기관, 수용가능 32기관, 메시지 53건
2026-09-25 10:00:26 [경상남도] 병상 35기관, 수용가능 36기관, 메시지 104건
2026-09-25 10:00:28 [제주특별자치도] 병상 6기관, 수용가능 6기관, 메시지 19건
2026-09-25 10:30:03 [서울특별시] 병상 51기관, 수용가능 54기관, 메시지 147건
2026-09-25 10:30:04 [경기도] 병상 73기관, 수용가능 76기관, 메시지 125건
2026-09-25 10:30:05 [인천광역시] 병상 21기관, 수용가능 22기관, 메시지 17건
2026-09-25 10:30:05 [부산광역시] 병상 29기관, 수용가능 31기관, 메시지 143건
2026-09-25 10:30:06 [대구광역시] 병상 19기관, 수용가능 19기관, 메시지 83건
2026-09-25 10:30:06 [대전광역시] 병상 9기관, 수용가능 10기관, 메시지 66건
2026-09-25 10:30:08 [울산광역시] 병상 7기관, 수용가능 9기관, 메시지 18건
2026-09-25 10:30:09 [세종특별자치시] 병상 2기관, 수용가능 2기관, 메시지 14건
2026-09-25 10:30:10 [전남광주통합특별시] 병상 59기관, 수용가능 63기관, 메시지 37건
2026-09-25 10:30:15 [강원특별자치도] 병상 21기관, 수용가능 22기관, 메시지 10건
2026-09-25 10:30:16 [충청북도] 병상 15기관, 수용가능 17기관, 메시지 3건
2026-09-25 10:30:18 [충청남도] 병상 18기관, 수용가능 18기관, 메시지 13건
2026-09-25 10:30:18 [전북특별자치도] 병상 20기관, 수용가능 21기관, 메시지 26건
2026-09-25 10:30:20 [경상북도] 병상 31기관, 수용가능 32기관, 메시지 53건
2026-09-25 10:30:22 [경상남도] 병상 35기관, 수용가능 36기관, 메시지 104건
2026-09-25 10:30:23 [제주특별자치도] 병상 6기관, 수용가능 6기관, 메시지 19건
2026-09-25 11:00:01 [서울특별시] 병상 51기관, 수용가능 54기관, 메시지 148건
2026-09-25 11:00:03 [경기도] 병상 73기관, 수용가능 76기관, 메시지 125건
2026-09-25 11:00:04 [인천광역시] 병상 21기관, 수용가능 22기관, 메시지 17건
2026-09-25 11:00:05 [부산광역시] 병상 29기관, 수용가능 31기관, 메시지 143건
2026-09-25 11:00:06 [대구광역시] 병상 19기관, 수용가능 19기관, 메시지 83건
2026-09-25 11:00:07 [대전광역시] 병상 9기관, 수용가능 10기관, 메시지 66건
2026-09-25 11:00:07 [울산광역시] 병상 7기관, 수용가능 9기관, 메시지 18건
2026-09-25 11:00:08 [세종특별자치시] 병상 2기관, 수용가능 2기관, 메시지 14건
2026-09-25 11:00:09 [전남광주통합특별시] 병상 59기관, 수용가능 63기관, 메시지 37건
2026-09-25 11:00:09 [강원특별자치도] 병상 21기관, 수용가능 22기관, 메시지 10건
2026-09-25 11:00:10 [충청북도] 병상 15기관, 수용가능 17기관, 메시지 3건
2026-09-25 11:00:11 [충청남도] 병상 18기관, 수용가능 18기관, 메시지 13건
2026-09-25 11:00:12 [전북특별자치도] 병상 20기관, 수용가능 21기관, 메시지 26건
2026-09-25 11:00:12 [경상북도] 병상 31기관, 수용가능 32기관, 메시지 53건
2026-09-25 11:00:14 [경상남도] 병상 35기관, 수용가능 36기관, 메시지 104건
2026-09-25 11:00:15 [제주특별자치도] 병상 6기관, 수용가능 6기관, 메시지 19건
2026-09-25 11:30:01 [서울특별시] 병상 51기관, 수용가능 54기관, 메시지 148건
2026-09-25 11:30:03 [경기도] 병상 73기관, 수용가능 76기관, 메시지 125건
2026-09-25 11:30:04 [인천광역시] 병상 21기관, 수용가능 22기관, 메시지 17건
2026-09-25 11:30:05 [부산광역시] 병상 29기관, 수용가능 31기관, 메시지 143건
2026-09-25 11:30:06 [대구광역시] 병상 19기관, 수용가능 19기관, 메시지 83건
2026-09-25 11:30:07 [대전광역시] 병상 9기관, 수용가능 10기관, 메시지 66건
2026-09-25 11:30:07 [울산광역시] 병상 7기관, 수용가능 9기관, 메시지 18건
2026-09-25 11:30:09 [세종특별자치시] 병상 2기관, 수용가능 2기관, 메시지 14건
2026-09-25 11:30:10 [전남광주통합특별시] 병상 59기관, 수용가능 63기관, 메시지 37건
2026-09-25 11:30:12 [강원특별자치도] 병상 21기관, 수용가능 22기관, 메시지 10건
2026-09-25 11:30:13 [충청북도] 병상 15기관, 수용가능 17기관, 메시지 3건
2026-09-25 11:30:15 [충청남도] 병상 18기관, 수용가능 18기관, 메시지 13건
2026-09-25 11:30:17 [전북특별자치도] 병상 20기관, 수용가능 21기관, 메시지 26건
2026-09-25 11:30:17 [경상북도] 병상 31기관, 수용가능 32기관, 메시지 53건
2026-09-25 11:30:17 [경상남도] 병상 35기관, 수용가능 36기관, 메시지 104건
2026-09-25 11:30:18 [제주특별자치도] 병상 6기관, 수용가능 6기관, 메시지 19건
2026-09-25 12:00:01 [서울특별시] 병상 51기관, 수용가능 54기관, 메시지 148건
2026-09-25 12:00:03 [경기도] 병상 73기관, 수용가능 76기관, 메시지 124건
2026-09-25 12:00:04 [인천광역시] 병상 21기관, 수용가능 22기관, 메시지 17건
2026-09-25 12:00:05 [부산광역시] 병상 29기관, 수용가능 31기관, 메시지 143건
2026-09-25 12:00:06 [대구광역시] 병상 19기관, 수용가능 19기관, 메시지 84건
2026-09-25 12:00:07 [대전광역시] 병상 9기관, 수용가능 10기관, 메시지 66건
2026-09-25 12:00:08 [울산광역시] 병상 7기관, 수용가능 9기관, 메시지 18건
2026-09-25 12:00:09 [세종특별자치시] 병상 2기관, 수용가능 2기관, 메시지 14건
2026-09-25 12:00:11 [전남광주통합특별시] 병상 59기관, 수용가능 63기관, 메시지 37건
2026-09-25 12:00:12 [강원특별자치도] 병상 21기관, 수용가능 22기관, 메시지 10건
2026-09-25 12:00:13 [충청북도] 병상 15기관, 수용가능 17기관, 메시지 3건
2026-09-25 12:00:14 [충청남도] 병상 18기관, 수용가능 18기관, 메시지 13건
2026-09-25 12:00:14 [전북특별자치도] 병상 20기관, 수용가능 21기관, 메시지 26건
2026-09-25 12:00:18 [경상북도] 병상 31기관, 수용가능 32기관, 메시지 53건
2026-09-25 12:00:20 [경상남도] 병상 35기관, 수용가능 36기관, 메시지 109건
2026-09-25 12:00:20 [제주특별자치도] 병상 6기관, 수용가능 6기관, 메시지 19건
2026-09-25 12:30:01 [서울특별시] 병상 51기관, 수용가능 54기관, 메시지 148건
2026-09-25 12:30:02 [경기도] 병상 73기관, 수용가능 76기관, 메시지 124건
2026-09-25 12:30:03 [인천광역시] 병상 21기관, 수용가능 22기관, 메시지 17건
2026-09-25 12:30:04 [부산광역시] 병상 29기관, 수용가능 31기관, 메시지 142건
2026-09-25 12:30:05 [대구광역시] 병상 19기관, 수용가능 19기관, 메시지 84건
2026-09-25 12:30:06 [대전광역시] 병상 9기관, 수용가능 10기관, 메시지 66건
2026-09-25 12:30:08 [울산광역시] 병상 7기관, 수용가능 9기관, 메시지 18건
2026-09-25 12:30:08 [세종특별자치시] 병상 2기관, 수용가능 2기관, 메시지 14건
2026-09-25 12:30:09 [전남광주통합특별시] 병상 59기관, 수용가능 63기관, 메시지 37건
2026-09-25 12:30:11 [강원특별자치도] 병상 21기관, 수용가능 22기관, 메시지 10건
2026-09-25 12:30:11 [충청북도] 병상 15기관, 수용가능 17기관, 메시지 3건
2026-09-25 12:30:12 [충청남도] 병상 18기관, 수용가능 18기관, 메시지 13건
2026-09-25 12:30:13 [전북특별자치도] 병상 20기관, 수용가능 21기관, 메시지 26건
2026-09-25 12:30:14 [경상북도] 병상 31기관, 수용가능 32기관, 메시지 53건
2026-09-25 12:30:16 [경상남도] 병상 35기관, 수용가능 36기관, 메시지 109건
2026-09-25 12:30:17 [제주특별자치도] 병상 6기관, 수용가능 6기관, 메시지 19건
2026-09-25 13:00:02 [서울특별시] 병상 51기관, 수용가능 54기관, 메시지 148건
2026-09-25 13:00:03 [경기도] 병상 73기관, 수용가능 76기관, 메시지 124건
2026-09-25 13:00:05 [인천광역시] 병상 21기관, 수용가능 22기관, 메시지 17건
2026-09-25 13:00:06 [부산광역시] 병상 29기관, 수용가능 31기관, 메시지 142건
2026-09-25 13:00:07 [대구광역시] 병상 19기관, 수용가능 19기관, 메시지 84건
2026-09-25 13:00:09 [대전광역시] 병상 9기관, 수용가능 10기관, 메시지 66건
2026-09-25 13:00:10 [울산광역시] 병상 7기관, 수용가능 9기관, 메시지 18건
2026-09-25 13:00:11 [세종특별자치시] 병상 2기관, 수용가능 2기관, 메시지 14건
2026-09-25 13:00:12 [전남광주통합특별시] 병상 59기관, 수용가능 63기관, 메시지 37건
2026-09-25 13:00:13 [강원특별자치도] 병상 21기관, 수용가능 22기관, 메시지 10건
2026-09-25 13:00:14 [충청북도] 병상 15기관, 수용가능 17기관, 메시지 3건
2026-09-25 13:00:15 [충청남도] 병상 18기관, 수용가능 18기관, 메시지 13건
2026-09-25 13:00:16 [전북특별자치도] 병상 20기관, 수용가능 21기관, 메시지 26건
2026-09-25 13:00:18 [경상북도] 병상 31기관, 수용가능 32기관, 메시지 53건
2026-09-25 13:00:19 [경상남도] 병상 35기관, 수용가능 36기관, 메시지 109건
2026-09-25 13:00:20 [제주특별자치도] 병상 6기관, 수용가능 6기관, 메시지 19건
2026-09-25 13:30:01 [서울특별시] 병상 51기관, 수용가능 54기관, 메시지 148건
2026-09-25 13:30:03 [경기도] 병상 73기관, 수용가능 76기관, 메시지 124건
2026-09-25 13:30:04 [인천광역시] 병상 21기관, 수용가능 22기관, 메시지 17건
2026-09-25 13:30:06 [부산광역시] 병상 29기관, 수용가능 31기관, 메시지 142건
2026-09-25 13:30:07 [대구광역시] 병상 19기관, 수용가능 19기관, 메시지 84건
2026-09-25 13:30:08 [대전광역시] 병상 9기관, 수용가능 10기관, 메시지 66건
2026-09-25 13:30:10 [울산광역시] 병상 7기관, 수용가능 9기관, 메시지 18건
2026-09-25 13:30:10 [세종특별자치시] 병상 2기관, 수용가능 2기관, 메시지 14건
2026-09-25 13:30:12 [전남광주통합특별시] 병상 59기관, 수용가능 63기관, 메시지 37건
2026-09-25 13:30:13 [강원특별자치도] 병상 21기관, 수용가능 22기관, 메시지 10건
2026-09-25 13:30:14 [충청북도] 병상 15기관, 수용가능 17기관, 메시지 3건
2026-09-25 13:30:15 [충청남도] 병상 18기관, 수용가능 18기관, 메시지 13건
2026-09-25 13:30:16 [전북특별자치도] 병상 20기관, 수용가능 21기관, 메시지 26건
2026-09-25 13:30:17 [경상북도] 병상 31기관, 수용가능 32기관, 메시지 53건
2026-09-25 13:30:18 [경상남도] 병상 35기관, 수용가능 36기관, 메시지 109건
2026-09-25 13:30:19 [제주특별자치도] 병상 6기관, 수용가능 6기관, 메시지 19건
2026-09-25 14:00:02 [서울특별시] 병상 51기관, 수용가능 54기관, 메시지 148건
2026-09-25 14:00:04 [경기도] 병상 73기관, 수용가능 76기관, 메시지 124건
2026-09-25 14:00:06 [인천광역시] 병상 21기관, 수용가능 22기관, 메시지 17건
2026-09-25 14:00:07 [부산광역시] 병상 29기관, 수용가능 31기관, 메시지 142건
2026-09-25 14:00:09 [대구광역시] 병상 19기관, 수용가능 19기관, 메시지 84건
2026-09-25 14:00:11 [대전광역시] 병상 9기관, 수용가능 10기관, 메시지 66건
2026-09-25 14:00:13 [울산광역시] 병상 7기관, 수용가능 9기관, 메시지 18건
2026-09-25 14:00:14 [세종특별자치시] 병상 2기관, 수용가능 2기관, 메시지 14건
2026-09-25 14:00:15 [전남광주통합특별시] 병상 59기관, 수용가능 63기관, 메시지 37건
2026-09-25 14:00:16 [강원특별자치도] 병상 21기관, 수용가능 22기관, 메시지 10건
2026-09-25 14:00:18 [충청북도] 병상 15기관, 수용가능 17기관, 메시지 3건
2026-09-25 14:00:18 [충청남도] 병상 18기관, 수용가능 18기관, 메시지 13건
2026-09-25 14:00:19 [전북특별자치도] 병상 20기관, 수용가능 21기관, 메시지 26건
2026-09-25 14:00:20 [경상북도] 병상 31기관, 수용가능 32기관, 메시지 53건
2026-09-25 14:00:21 [경상남도] 병상 35기관, 수용가능 36기관, 메시지 109건
2026-09-25 14:00:21 [제주특별자치도] 병상 6기관, 수용가능 6기관, 메시지 19건
2026-09-25 14:30:02 [서울특별시] 병상 51기관, 수용가능 54기관, 메시지 148건
2026-09-25 14:30:03 [경기도] 병상 73기관, 수용가능 76기관, 메시지 124건
2026-09-25 14:30:04 [인천광역시] 병상 21기관, 수용가능 22기관, 메시지 17건
2026-09-25 14:30:05 [부산광역시] 병상 29기관, 수용가능 31기관, 메시지 142건
2026-09-25 14:30:06 [대구광역시] 병상 19기관, 수용가능 19기관, 메시지 84건
2026-09-25 14:30:09 [대전광역시] 병상 9기관, 수용가능 10기관, 메시지 67건
2026-09-25 14:30:10 [울산광역시] 병상 7기관, 수용가능 9기관, 메시지 18건
2026-09-25 14:30:11 [세종특별자치시] 병상 2기관, 수용가능 2기관, 메시지 14건
2026-09-25 14:30:12 [전남광주통합특별시] 병상 59기관, 수용가능 63기관, 메시지 37건
2026-09-25 14:30:13 [강원특별자치도] 병상 21기관, 수용가능 22기관, 메시지 10건
2026-09-25 14:30:14 [충청북도] 병상 15기관, 수용가능 17기관, 메시지 3건
2026-09-25 14:30:15 [충청남도] 병상 18기관, 수용가능 18기관, 메시지 13건
2026-09-25 14:30:16 [전북특별자치도] 병상 20기관, 수용가능 21기관, 메시지 26건
2026-09-25 14:30:18 [경상북도] 병상 31기관, 수용가능 32기관, 메시지 53건
2026-09-25 14:30:19 [경상남도] 병상 35기관, 수용가능 36기관, 메시지 109건
2026-09-25 14:30:20 [제주특별자치도] 병상 6기관, 수용가능 6기관, 메시지 19건
2026-09-25 15:00:01 [서울특별시] 병상 51기관, 수용가능 54기관, 메시지 148건
2026-09-25 15:00:02 [경기도] 병상 73기관, 수용가능 76기관, 메시지 124건
2026-09-25 15:00:03 [인천광역시] 병상 21기관, 수용가능 22기관, 메시지 17건
2026-09-25 15:00:05 [부산광역시] 병상 29기관, 수용가능 31기관, 메시지 141건
2026-09-25 15:00:05 [대구광역시] 병상 19기관, 수용가능 19기관, 메시지 84건
2026-09-25 15:00:06 [대전광역시] 병상 9기관, 수용가능 10기관, 메시지 67건
2026-09-25 15:00:07 [울산광역시] 병상 7기관, 수용가능 9기관, 메시지 18건
2026-09-25 15:00:08 [세종특별자치시] 병상 2기관, 수용가능 2기관, 메시지 14건
2026-09-25 15:00:09 [전남광주통합특별시] 병상 59기관, 수용가능 63기관, 메시지 41건
2026-09-25 15:00:11 [강원특별자치도] 병상 21기관, 수용가능 22기관, 메시지 10건
2026-09-25 15:00:12 [충청북도] 병상 15기관, 수용가능 17기관, 메시지 3건
2026-09-25 15:00:13 [충청남도] 병상 18기관, 수용가능 18기관, 메시지 13건
2026-09-25 15:00:15 [전북특별자치도] 병상 20기관, 수용가능 21기관, 메시지 27건
2026-09-25 15:00:16 [경상북도] 병상 31기관, 수용가능 32기관, 메시지 53건
2026-09-25 15:00:17 [경상남도] 병상 35기관, 수용가능 36기관, 메시지 109건
2026-09-25 15:00:18 [제주특별자치도] 병상 6기관, 수용가능 6기관, 메시지 19건
2026-09-25 15:30:01 [서울특별시] 병상 51기관, 수용가능 54기관, 메시지 147건
2026-09-25 15:30:03 [경기도] 병상 73기관, 수용가능 76기관, 메시지 124건
2026-09-25 15:30:04 [인천광역시] 병상 21기관, 수용가능 22기관, 메시지 17건
2026-09-25 15:30:05 [부산광역시] 병상 29기관, 수용가능 31기관, 메시지 141건
2026-09-25 15:30:06 [대구광역시] 병상 19기관, 수용가능 19기관, 메시지 84건
2026-09-25 15:30:06 [대전광역시] 병상 9기관, 수용가능 10기관, 메시지 67건
2026-09-25 15:30:07 [울산광역시] 병상 7기관, 수용가능 9기관, 메시지 18건
2026-09-25 15:30:08 [세종특별자치시] 병상 2기관, 수용가능 2기관, 메시지 14건
2026-09-25 15:30:10 [전남광주통합특별시] 병상 59기관, 수용가능 63기관, 메시지 41건
2026-09-25 15:30:12 [강원특별자치도] 병상 21기관, 수용가능 22기관, 메시지 10건
2026-09-25 15:30:13 [충청북도] 병상 15기관, 수용가능 17기관, 메시지 3건
2026-09-25 15:30:14 [충청남도] 병상 18기관, 수용가능 18기관, 메시지 13건
2026-09-25 15:30:15 [전북특별자치도] 병상 20기관, 수용가능 21기관, 메시지 27건
2026-09-25 15:30:16 [경상북도] 병상 31기관, 수용가능 32기관, 메시지 53건
2026-09-25 15:30:17 [경상남도] 병상 35기관, 수용가능 36기관, 메시지 109건
2026-09-25 15:30:17 [제주특별자치도] 병상 6기관, 수용가능 6기관, 메시지 19건
2026-09-25 16:00:02 [서울특별시] 병상 51기관, 수용가능 54기관, 메시지 148건
2026-09-25 16:00:03 [경기도] 병상 73기관, 수용가능 76기관, 메시지 124건
2026-09-25 16:00:04 [인천광역시] 병상 21기관, 수용가능 22기관, 메시지 17건
2026-09-25 16:00:06 [부산광역시] 병상 29기관, 수용가능 31기관, 메시지 141건
2026-09-25 16:00:08 [대구광역시] 병상 19기관, 수용가능 19기관, 메시지 84건
2026-09-25 16:00:09 [대전광역시] 병상 9기관, 수용가능 10기관, 메시지 66건
2026-09-25 16:00:10 [울산광역시] 병상 7기관, 수용가능 9기관, 메시지 18건
2026-09-25 16:00:11 [세종특별자치시] 병상 2기관, 수용가능 2기관, 메시지 14건
2026-09-25 16:00:12 [전남광주통합특별시] 병상 59기관, 수용가능 63기관, 메시지 41건
2026-09-25 16:00:13 [강원특별자치도] 병상 21기관, 수용가능 22기관, 메시지 10건
2026-09-25 16:00:13 [충청북도] 병상 15기관, 수용가능 17기관, 메시지 3건
2026-09-25 16:00:14 [충청남도] 병상 18기관, 수용가능 18기관, 메시지 13건
2026-09-25 16:00:15 [전북특별자치도] 병상 20기관, 수용가능 21기관, 메시지 27건
2026-09-25 16:00:15 [경상북도] 병상 31기관, 수용가능 32기관, 메시지 53건
2026-09-25 16:00:16 [경상남도] 병상 35기관, 수용가능 36기관, 메시지 110건
2026-09-25 16:00:16 [제주특별자치도] 병상 6기관, 수용가능 6기관, 메시지 19건
2026-09-25 16:30:01 [서울특별시] 병상 51기관, 수용가능 54기관, 메시지 149건
2026-09-25 16:30:03 [경기도] 병상 73기관, 수용가능 76기관, 메시지 124건
2026-09-25 16:30:04 [인천광역시] 병상 21기관, 수용가능 22기관, 메시지 17건
2026-09-25 16:30:05 [부산광역시] 병상 29기관, 수용가능 31기관, 메시지 141건
2026-09-25 16:30:06 [대구광역시] 병상 19기관, 수용가능 19기관, 메시지 84건
2026-09-25 16:30:07 [대전광역시] 병상 9기관, 수용가능 10기관, 메시지 67건
2026-09-25 16:30:09 [울산광역시] 병상 7기관, 수용가능 9기관, 메시지 18건
2026-09-25 16:30:10 [세종특별자치시] 병상 2기관, 수용가능 2기관, 메시지 14건
2026-09-25 16:30:12 [전남광주통합특별시] 병상 59기관, 수용가능 63기관, 메시지 41건
2026-09-25 16:30:15 [강원특별자치도] 병상 21기관, 수용가능 22기관, 메시지 10건
2026-09-25 16:30:15 [충청북도] 병상 15기관, 수용가능 17기관, 메시지 3건
2026-09-25 16:30:16 [충청남도] 병상 18기관, 수용가능 18기관, 메시지 13건
2026-09-25 16:30:16 [전북특별자치도] 병상 20기관, 수용가능 21기관, 메시지 27건
2026-09-25 16:30:17 [경상북도] 병상 31기관, 수용가능 32기관, 메시지 53건
2026-09-25 16:30:19 [경상남도] 병상 35기관, 수용가능 36기관, 메시지 111건
2026-09-25 16:30:19 [제주특별자치도] 병상 6기관, 수용가능 6기관, 메시지 19건
2026-09-25 17:00:02 [서울특별시] 병상 51기관, 수용가능 54기관, 메시지 146건
2026-09-25 17:00:03 [경기도] 병상 73기관, 수용가능 76기관, 메시지 124건
2026-09-25 17:00:16 [인천광역시] 병상 21기관, 수용가능 22기관, 메시지 17건
2026-09-25 17:00:17 [부산광역시] 병상 29기관, 수용가능 31기관, 메시지 141건
2026-09-25 17:00:17 [대구광역시] 병상 19기관, 수용가능 19기관, 메시지 84건
2026-09-25 17:00:19 [대전광역시] 병상 9기관, 수용가능 10기관, 메시지 67건
2026-09-25 17:00:20 [울산광역시] 병상 7기관, 수용가능 9기관, 메시지 18건
2026-09-25 17:00:20 [세종특별자치시] 병상 2기관, 수용가능 2기관, 메시지 14건
2026-09-25 17:00:21 [전남광주통합특별시] 병상 59기관, 수용가능 63기관, 메시지 41건
2026-09-25 17:00:23 [강원특별자치도] 병상 21기관, 수용가능 22기관, 메시지 10건
2026-09-25 17:00:24 [충청북도] 병상 15기관, 수용가능 17기관, 메시지 3건
2026-09-25 17:00:25 [충청남도] 병상 18기관, 수용가능 18기관, 메시지 13건
2026-09-25 17:00:26 [전북특별자치도] 병상 20기관, 수용가능 21기관, 메시지 27건
2026-09-25 17:00:27 [경상북도] 병상 31기관, 수용가능 32기관, 메시지 53건
2026-09-25 17:00:28 [경상남도] 병상 35기관, 수용가능 36기관, 메시지 111건
2026-09-25 17:00:29 [제주특별자치도] 병상 6기관, 수용가능 6기관, 메시지 19건
2026-09-25 17:30:02 [서울특별시] 병상 51기관, 수용가능 54기관, 메시지 146건
2026-09-25 17:30:04 [경기도] 병상 73기관, 수용가능 76기관, 메시지 126건
2026-09-25 17:30:05 [인천광역시] 병상 21기관, 수용가능 22기관, 메시지 19건
2026-09-25 17:30:06 [부산광역시] 병상 29기관, 수용가능 31기관, 메시지 142건
2026-09-25 17:30:08 [대구광역시] 병상 19기관, 수용가능 19기관, 메시지 87건
2026-09-25 17:30:09 [대전광역시] 병상 9기관, 수용가능 10기관, 메시지 67건
2026-09-25 17:30:11 [울산광역시] 병상 7기관, 수용가능 9기관, 메시지 18건
2026-09-25 17:30:12 [세종특별자치시] 병상 2기관, 수용가능 2기관, 메시지 14건
2026-09-25 17:30:13 [전남광주통합특별시] 병상 59기관, 수용가능 63기관, 메시지 41건
2026-09-25 17:30:14 [강원특별자치도] 병상 21기관, 수용가능 22기관, 메시지 10건
2026-09-25 17:30:16 [충청북도] 병상 15기관, 수용가능 17기관, 메시지 3건
2026-09-25 17:30:17 [충청남도] 병상 18기관, 수용가능 18기관, 메시지 13건
2026-09-25 17:30:18 [전북특별자치도] 병상 20기관, 수용가능 21기관, 메시지 28건
2026-09-25 17:30:19 [경상북도] 병상 31기관, 수용가능 32기관, 메시지 53건
2026-09-25 17:30:20 [경상남도] 병상 35기관, 수용가능 36기관, 메시지 111건
2026-09-25 17:30:20 [제주특별자치도] 병상 6기관, 수용가능 6기관, 메시지 20건
2026-09-25 18:00:01 [서울특별시] 병상 51기관, 수용가능 54기관, 메시지 146건
2026-09-25 18:00:03 [경기도] 병상 73기관, 수용가능 76기관, 메시지 123건
2026-09-25 18:00:04 [인천광역시] 병상 21기관, 수용가능 22기관, 메시지 19건
2026-09-25 18:00:05 [부산광역시] 병상 29기관, 수용가능 31기관, 메시지 142건
2026-09-25 18:00:07 [대구광역시] 병상 19기관, 수용가능 19기관, 메시지 86건
2026-09-25 18:00:08 [대전광역시] 병상 9기관, 수용가능 10기관, 메시지 67건
2026-09-25 18:00:09 [울산광역시] 병상 7기관, 수용가능 9기관, 메시지 18건
2026-09-25 18:00:11 [세종특별자치시] 병상 2기관, 수용가능 2기관, 메시지 14건
2026-09-25 18:00:12 [전남광주통합특별시] 병상 59기관, 수용가능 63기관, 메시지 41건
2026-09-25 18:00:13 [강원특별자치도] 병상 21기관, 수용가능 22기관, 메시지 11건
2026-09-25 18:00:14 [충청북도] 병상 15기관, 수용가능 17기관, 메시지 3건
2026-09-25 18:00:14 [충청남도] 병상 18기관, 수용가능 18기관, 메시지 13건
2026-09-25 18:00:15 [전북특별자치도] 병상 20기관, 수용가능 21기관, 메시지 33건
2026-09-25 18:00:17 [경상북도] 병상 31기관, 수용가능 32기관, 메시지 53건
2026-09-25 18:00:18 [경상남도] 병상 35기관, 수용가능 36기관, 메시지 112건
2026-09-25 18:00:19 [제주특별자치도] 병상 6기관, 수용가능 6기관, 메시지 20건
2026-09-25 18:30:02 [서울특별시] 병상 51기관, 수용가능 54기관, 메시지 146건
2026-09-25 18:30:03 [경기도] 병상 73기관, 수용가능 76기관, 메시지 123건
2026-09-25 18:30:04 [인천광역시] 병상 21기관, 수용가능 22기관, 메시지 19건
2026-09-25 18:30:05 [부산광역시] 병상 29기관, 수용가능 31기관, 메시지 142건
2026-09-25 18:30:05 [대구광역시] 병상 19기관, 수용가능 19기관, 메시지 86건
2026-09-25 18:30:06 [대전광역시] 병상 9기관, 수용가능 10기관, 메시지 67건
2026-09-25 18:30:08 [울산광역시] 병상 7기관, 수용가능 9기관, 메시지 18건
2026-09-25 18:30:09 [세종특별자치시] 병상 2기관, 수용가능 2기관, 메시지 14건
2026-09-25 18:30:09 [전남광주통합특별시] 병상 59기관, 수용가능 63기관, 메시지 41건
2026-09-25 18:30:10 [강원특별자치도] 병상 21기관, 수용가능 22기관, 메시지 11건
2026-09-25 18:30:12 [충청북도] 병상 15기관, 수용가능 17기관, 메시지 3건
2026-09-25 18:30:13 [충청남도] 병상 18기관, 수용가능 18기관, 메시지 13건
2026-09-25 18:30:14 [전북특별자치도] 병상 20기관, 수용가능 21기관, 메시지 33건
2026-09-25 18:30:14 [경상북도] 병상 31기관, 수용가능 32기관, 메시지 53건
2026-09-25 18:30:15 [경상남도] 병상 35기관, 수용가능 36기관, 메시지 112건
2026-09-25 18:30:16 [제주특별자치도] 병상 6기관, 수용가능 6기관, 메시지 20건
2026-09-25 19:00:01 [서울특별시] 병상 51기관, 수용가능 54기관, 메시지 146건
2026-09-25 19:00:02 [경기도] 병상 73기관, 수용가능 76기관, 메시지 123건
2026-09-25 19:00:02 [인천광역시] 병상 21기관, 수용가능 22기관, 메시지 19건
2026-09-25 19:00:03 [부산광역시] 병상 29기관, 수용가능 31기관, 메시지 141건
2026-09-25 19:00:04 [대구광역시] 병상 19기관, 수용가능 19기관, 메시지 86건
2026-09-25 19:00:05 [대전광역시] 병상 9기관, 수용가능 10기관, 메시지 67건
2026-09-25 19:00:07 [울산광역시] 병상 7기관, 수용가능 9기관, 메시지 18건
2026-09-25 19:00:09 [세종특별자치시] 병상 2기관, 수용가능 2기관, 메시지 14건
2026-09-25 19:00:09 [전남광주통합특별시] 병상 59기관, 수용가능 63기관, 메시지 41건
2026-09-25 19:00:10 [강원특별자치도] 병상 21기관, 수용가능 22기관, 메시지 11건
2026-09-25 19:00:10 [충청북도] 병상 15기관, 수용가능 17기관, 메시지 3건
2026-09-25 19:00:11 [충청남도] 병상 18기관, 수용가능 18기관, 메시지 13건
2026-09-25 19:00:11 [전북특별자치도] 병상 20기관, 수용가능 21기관, 메시지 33건
2026-09-25 19:00:12 [경상북도] 병상 31기관, 수용가능 32기관, 메시지 53건
2026-09-25 19:00:14 [경상남도] 병상 35기관, 수용가능 36기관, 메시지 112건
2026-09-25 19:00:15 [제주특별자치도] 병상 6기관, 수용가능 6기관, 메시지 20건
2026-09-25 19:30:04 [서울특별시] 병상 51기관, 수용가능 54기관, 메시지 146건
2026-09-25 19:30:05 [경기도] 병상 73기관, 수용가능 76기관, 메시지 123건
2026-09-25 19:30:06 [인천광역시] 병상 21기관, 수용가능 22기관, 메시지 19건
2026-09-25 19:30:07 [부산광역시] 병상 29기관, 수용가능 31기관, 메시지 141건
2026-09-25 19:30:07 [대구광역시] 병상 19기관, 수용가능 19기관, 메시지 86건
2026-09-25 19:30:08 [대전광역시] 병상 9기관, 수용가능 10기관, 메시지 67건
2026-09-25 19:30:10 [울산광역시] 병상 7기관, 수용가능 9기관, 메시지 18건
2026-09-25 19:30:11 [세종특별자치시] 병상 2기관, 수용가능 2기관, 메시지 14건
2026-09-25 19:30:12 [전남광주통합특별시] 병상 59기관, 수용가능 63기관, 메시지 41건
2026-09-25 19:30:14 [강원특별자치도] 병상 21기관, 수용가능 22기관, 메시지 11건
2026-09-25 19:30:14 [충청북도] 병상 15기관, 수용가능 17기관, 메시지 3건
2026-09-25 19:30:15 [충청남도] 병상 18기관, 수용가능 18기관, 메시지 13건
2026-09-25 19:30:16 [전북특별자치도] 병상 20기관, 수용가능 21기관, 메시지 33건
2026-09-25 19:30:17 [경상북도] 병상 31기관, 수용가능 32기관, 메시지 53건
2026-09-25 19:30:19 [경상남도] 병상 35기관, 수용가능 36기관, 메시지 112건
2026-09-25 19:30:21 [제주특별자치도] 병상 6기관, 수용가능 6기관, 메시지 20건
2026-09-25 20:00:02 [서울특별시] 병상 51기관, 수용가능 54기관, 메시지 146건
2026-09-25 20:00:03 [경기도] 병상 73기관, 수용가능 76기관, 메시지 123건
2026-09-25 20:00:04 [인천광역시] 병상 21기관, 수용가능 22기관, 메시지 19건
2026-09-25 20:00:05 [부산광역시] 병상 29기관, 수용가능 31기관, 메시지 140건
2026-09-25 20:00:06 [대구광역시] 병상 19기관, 수용가능 19기관, 메시지 86건
2026-09-25 20:00:07 [대전광역시] 병상 9기관, 수용가능 10기관, 메시지 66건
2026-09-25 20:00:07 [울산광역시] 병상 7기관, 수용가능 9기관, 메시지 18건
2026-09-25 20:00:08 [세종특별자치시] 병상 2기관, 수용가능 2기관, 메시지 14건
2026-09-25 20:00:08 [전남광주통합특별시] 병상 59기관, 수용가능 63기관, 메시지 41건
2026-09-25 20:00:09 [강원특별자치도] 병상 21기관, 수용가능 22기관, 메시지 11건
2026-09-25 20:00:11 [충청북도] 병상 15기관, 수용가능 17기관, 메시지 3건
2026-09-25 20:00:12 [충청남도] 병상 18기관, 수용가능 18기관, 메시지 13건
2026-09-25 20:00:12 [전북특별자치도] 병상 20기관, 수용가능 21기관, 메시지 33건
2026-09-25 20:00:13 [경상북도] 병상 31기관, 수용가능 32기관, 메시지 53건
2026-09-25 20:00:14 [경상남도] 병상 35기관, 수용가능 36기관, 메시지 112건
2026-09-25 20:00:16 [제주특별자치도] 병상 6기관, 수용가능 6기관, 메시지 20건
2026-09-25 20:30:01 [서울특별시] 병상 51기관, 수용가능 54기관, 메시지 146건
2026-09-25 20:30:02 [경기도] 병상 73기관, 수용가능 76기관, 메시지 123건
2026-09-25 20:30:03 [인천광역시] 병상 21기관, 수용가능 22기관, 메시지 19건
2026-09-25 20:30:04 [부산광역시] 병상 29기관, 수용가능 31기관, 메시지 141건
2026-09-25 20:30:05 [대구광역시] 병상 19기관, 수용가능 19기관, 메시지 86건
2026-09-25 20:30:06 [대전광역시] 병상 9기관, 수용가능 10기관, 메시지 66건
2026-09-25 20:30:07 [울산광역시] 병상 7기관, 수용가능 9기관, 메시지 18건
2026-09-25 20:30:08 [세종특별자치시] 병상 2기관, 수용가능 2기관, 메시지 14건
2026-09-25 20:30:09 [전남광주통합특별시] 병상 59기관, 수용가능 63기관, 메시지 41건
2026-09-25 20:30:09 [강원특별자치도] 병상 21기관, 수용가능 22기관, 메시지 11건
2026-09-25 20:30:11 [충청북도] 병상 15기관, 수용가능 17기관, 메시지 3건
2026-09-25 20:30:12 [충청남도] 병상 18기관, 수용가능 18기관, 메시지 13건
2026-09-25 20:30:13 [전북특별자치도] 병상 20기관, 수용가능 21기관, 메시지 33건
2026-09-25 20:30:14 [경상북도] 병상 31기관, 수용가능 32기관, 메시지 53건
2026-09-25 20:30:14 [경상남도] 병상 35기관, 수용가능 36기관, 메시지 112건
2026-09-25 20:30:15 [제주특별자치도] 병상 6기관, 수용가능 6기관, 메시지 20건
2026-09-25 20:59:59 [서울특별시] 병상 51기관, 수용가능 54기관, 메시지 146건
2026-09-25 21:00:00 [경기도] 병상 73기관, 수용가능 76기관, 메시지 123건
2026-09-25 21:00:01 [인천광역시] 병상 21기관, 수용가능 22기관, 메시지 19건
2026-09-25 21:00:03 [부산광역시] 병상 29기관, 수용가능 31기관, 메시지 142건
2026-09-25 21:00:04 [대구광역시] 병상 19기관, 수용가능 19기관, 메시지 86건
2026-09-25 21:00:05 [대전광역시] 병상 9기관, 수용가능 10기관, 메시지 66건
2026-09-25 21:00:06 [울산광역시] 병상 7기관, 수용가능 9기관, 메시지 18건
2026-09-25 21:00:07 [세종특별자치시] 병상 2기관, 수용가능 2기관, 메시지 14건
2026-09-25 21:00:08 [전남광주통합특별시] 병상 59기관, 수용가능 63기관, 메시지 41건
2026-09-25 21:00:09 [강원특별자치도] 병상 21기관, 수용가능 22기관, 메시지 11건
2026-09-25 21:00:10 [충청북도] 병상 15기관, 수용가능 17기관, 메시지 3건
2026-09-25 21:00:11 [충청남도] 병상 18기관, 수용가능 18기관, 메시지 13건
2026-09-25 21:00:12 [전북특별자치도] 병상 20기관, 수용가능 21기관, 메시지 33건
2026-09-25 21:00:13 [경상북도] 병상 31기관, 수용가능 32기관, 메시지 53건
2026-09-25 21:00:17 [경상남도] 병상 35기관, 수용가능 36기관, 메시지 112건
2026-09-25 21:00:18 [제주특별자치도] 병상 6기관, 수용가능 6기관, 메시지 20건
2026-09-25 21:30:03 [서울특별시] 병상 51기관, 수용가능 54기관, 메시지 146건
2026-09-25 21:30:05 [경기도] 병상 73기관, 수용가능 76기관, 메시지 123건
2026-09-25 21:30:07 [인천광역시] 병상 21기관, 수용가능 22기관, 메시지 19건
2026-09-25 21:30:07 [부산광역시] 병상 29기관, 수용가능 31기관, 메시지 142건
2026-09-25 21:30:09 [대구광역시] 병상 19기관, 수용가능 19기관, 메시지 86건
2026-09-25 21:30:11 [대전광역시] 병상 9기관, 수용가능 10기관, 메시지 66건
2026-09-25 21:30:13 [울산광역시] 병상 7기관, 수용가능 9기관, 메시지 18건
2026-09-25 21:30:14 [세종특별자치시] 병상 2기관, 수용가능 2기관, 메시지 14건
2026-09-25 21:30:14 [전남광주통합특별시] 병상 59기관, 수용가능 63기관, 메시지 37건
2026-09-25 21:30:16 [강원특별자치도] 병상 21기관, 수용가능 22기관, 메시지 11건
2026-09-25 21:30:17 [충청북도] 병상 15기관, 수용가능 17기관, 메시지 3건
2026-09-25 21:30:18 [충청남도] 병상 18기관, 수용가능 18기관, 메시지 13건
2026-09-25 21:30:19 [전북특별자치도] 병상 20기관, 수용가능 21기관, 메시지 33건
2026-09-25 21:30:20 [경상북도] 병상 31기관, 수용가능 32기관, 메시지 53건
2026-09-25 21:30:21 [경상남도] 병상 35기관, 수용가능 36기관, 메시지 113건
2026-09-25 21:30:22 [제주특별자치도] 병상 6기관, 수용가능 6기관, 메시지 20건
2026-09-25 22:00:02 [서울특별시] 병상 51기관, 수용가능 54기관, 메시지 147건
2026-09-25 22:00:05 [경기도] 병상 73기관, 수용가능 76기관, 메시지 123건
2026-09-25 22:00:06 [인천광역시] 병상 21기관, 수용가능 22기관, 메시지 19건
2026-09-25 22:00:07 [부산광역시] 병상 29기관, 수용가능 31기관, 메시지 142건
2026-09-25 22:00:09 [대구광역시] 병상 19기관, 수용가능 19기관, 메시지 86건
2026-09-25 22:00:10 [대전광역시] 병상 9기관, 수용가능 10기관, 메시지 66건
2026-09-25 22:00:11 [울산광역시] 병상 7기관, 수용가능 9기관, 메시지 18건
2026-09-25 22:00:12 [세종특별자치시] 병상 2기관, 수용가능 2기관, 메시지 14건
2026-09-25 22:00:19 [전남광주통합특별시] 병상 59기관, 수용가능 63기관, 메시지 37건
2026-09-25 22:00:20 [강원특별자치도] 병상 21기관, 수용가능 22기관, 메시지 11건
2026-09-25 22:00:21 [충청북도] 병상 15기관, 수용가능 17기관, 메시지 3건
2026-09-25 22:00:22 [충청남도] 병상 18기관, 수용가능 18기관, 메시지 13건
2026-09-25 22:00:23 [전북특별자치도] 병상 20기관, 수용가능 21기관, 메시지 34건
2026-09-25 22:00:24 [경상북도] 병상 31기관, 수용가능 32기관, 메시지 53건
2026-09-25 22:00:26 [경상남도] 병상 35기관, 수용가능 36기관, 메시지 113건
2026-09-25 22:00:26 [제주특별자치도] 병상 6기관, 수용가능 6기관, 메시지 20건
2026-09-25 22:30:01 [서울특별시] 병상 51기관, 수용가능 54기관, 메시지 148건
2026-09-25 22:30:02 [경기도] 병상 73기관, 수용가능 76기관, 메시지 123건
2026-09-25 22:30:04 [인천광역시] 병상 21기관, 수용가능 22기관, 메시지 19건
2026-09-25 22:30:04 [부산광역시] 병상 29기관, 수용가능 31기관, 메시지 142건
2026-09-25 22:30:06 [대구광역시] 병상 19기관, 수용가능 19기관, 메시지 86건
2026-09-25 22:30:07 [대전광역시] 병상 9기관, 수용가능 10기관, 메시지 66건
2026-09-25 22:30:08 [울산광역시] 병상 7기관, 수용가능 9기관, 메시지 18건
2026-09-25 22:30:08 [세종특별자치시] 병상 2기관, 수용가능 2기관, 메시지 14건
2026-09-25 22:30:09 [전남광주통합특별시] 병상 59기관, 수용가능 63기관, 메시지 37건
2026-09-25 22:30:10 [강원특별자치도] 병상 21기관, 수용가능 22기관, 메시지 11건
2026-09-25 22:30:11 [충청북도] 병상 15기관, 수용가능 17기관, 메시지 3건
2026-09-25 22:30:12 [충청남도] 병상 18기관, 수용가능 18기관, 메시지 13건
2026-09-25 22:30:13 [전북특별자치도] 병상 20기관, 수용가능 21기관, 메시지 35건
2026-09-25 22:30:14 [경상북도] 병상 31기관, 수용가능 32기관, 메시지 53건
2026-09-25 22:30:15 [경상남도] 병상 35기관, 수용가능 36기관, 메시지 114건
2026-09-25 22:30:16 [제주특별자치도] 병상 6기관, 수용가능 6기관, 메시지 20건
2026-09-25 23:00:01 [서울특별시] 병상 51기관, 수용가능 54기관, 메시지 148건
2026-09-25 23:00:01 [경기도] 병상 73기관, 수용가능 76기관, 메시지 123건
2026-09-25 23:00:03 [인천광역시] 병상 21기관, 수용가능 22기관, 메시지 19건
2026-09-25 23:00:03 [부산광역시] 병상 29기관, 수용가능 31기관, 메시지 141건
2026-09-25 23:00:04 [대구광역시] 병상 19기관, 수용가능 19기관, 메시지 86건
2026-09-25 23:00:05 [대전광역시] 병상 9기관, 수용가능 10기관, 메시지 66건
2026-09-25 23:00:05 [울산광역시] 병상 7기관, 수용가능 9기관, 메시지 18건
2026-09-25 23:00:07 [세종특별자치시] 병상 2기관, 수용가능 2기관, 메시지 14건
2026-09-25 23:00:08 [전남광주통합특별시] 병상 59기관, 수용가능 63기관, 메시지 37건
2026-09-25 23:00:08 [강원특별자치도] 병상 21기관, 수용가능 22기관, 메시지 11건
2026-09-25 23:00:09 [충청북도] 병상 15기관, 수용가능 17기관, 메시지 3건
2026-09-25 23:00:10 [충청남도] 병상 18기관, 수용가능 18기관, 메시지 13건
2026-09-25 23:00:10 [전북특별자치도] 병상 20기관, 수용가능 21기관, 메시지 34건
2026-09-25 23:00:12 [경상북도] 병상 31기관, 수용가능 32기관, 메시지 53건
2026-09-25 23:00:13 [경상남도] 병상 35기관, 수용가능 36기관, 메시지 114건
2026-09-25 23:00:13 [제주특별자치도] 병상 6기관, 수용가능 6기관, 메시지 20건
2026-09-25 23:30:02 [서울특별시] 병상 51기관, 수용가능 54기관, 메시지 148건
2026-09-25 23:30:04 [경기도] 병상 73기관, 수용가능 76기관, 메시지 123건
2026-09-25 23:30:05 [인천광역시] 병상 21기관, 수용가능 22기관, 메시지 19건
2026-09-25 23:30:06 [부산광역시] 병상 29기관, 수용가능 31기관, 메시지 141건
2026-09-25 23:30:07 [대구광역시] 병상 19기관, 수용가능 19기관, 메시지 86건
2026-09-25 23:30:08 [대전광역시] 병상 9기관, 수용가능 10기관, 메시지 66건
2026-09-25 23:30:09 [울산광역시] 병상 7기관, 수용가능 9기관, 메시지 18건
2026-09-25 23:30:10 [세종특별자치시] 병상 2기관, 수용가능 2기관, 메시지 14건
2026-09-25 23:30:11 [전남광주통합특별시] 병상 59기관, 수용가능 63기관, 메시지 37건
2026-09-25 23:30:12 [강원특별자치도] 병상 21기관, 수용가능 22기관, 메시지 11건
2026-09-25 23:30:13 [충청북도] 병상 15기관, 수용가능 17기관, 메시지 3건
2026-09-25 23:30:14 [충청남도] 병상 18기관, 수용가능 18기관, 메시지 13건
2026-09-25 23:30:15 [전북특별자치도] 병상 20기관, 수용가능 21기관, 메시지 34건
2026-09-25 23:30:17 [경상북도] 병상 31기관, 수용가능 32기관, 메시지 53건
2026-09-25 23:30:18 [경상남도] 병상 35기관, 수용가능 36기관, 메시지 114건
2026-09-25 23:30:20 [제주특별자치도] 병상 6기관, 수용가능 6기관, 메시지 20건
2026-09-26 00:00:01 [서울특별시] 병상 51기관, 수용가능 54기관, 메시지 138건
2026-09-26 00:00:02 [경기도] 병상 73기관, 수용가능 76기관, 메시지 118건
2026-09-26 00:00:04 [인천광역시] 병상 21기관, 수용가능 22기관, 메시지 19건
2026-09-26 00:00:06 [부산광역시] 병상 29기관, 수용가능 31기관, 메시지 134건
2026-09-26 00:00:07 [대구광역시] 병상 19기관, 수용가능 19기관, 메시지 84건
2026-09-26 00:00:08 [대전광역시] 병상 9기관, 수용가능 10기관, 메시지 66건
2026-09-26 00:00:08 [울산광역시] 병상 7기관, 수용가능 9기관, 메시지 18건
2026-09-26 00:00:10 [세종특별자치시] 병상 2기관, 수용가능 2기관, 메시지 14건
2026-09-26 00:00:10 [전남광주통합특별시] 병상 59기관, 수용가능 63기관, 메시지 36건
2026-09-26 00:00:11 [강원특별자치도] 병상 21기관, 수용가능 22기관, 메시지 11건
2026-09-26 00:00:12 [충청북도] 병상 15기관, 수용가능 17기관, 메시지 3건
2026-09-26 00:00:13 [충청남도] 병상 18기관, 수용가능 18기관, 메시지 11건
2026-09-26 00:00:15 [전북특별자치도] 병상 20기관, 수용가능 21기관, 메시지 34건
2026-09-26 00:00:16 [경상북도] 병상 31기관, 수용가능 32기관, 메시지 52건
2026-09-26 00:00:17 [경상남도] 병상 35기관, 수용가능 36기관, 메시지 113건
2026-09-26 00:00:17 [제주특별자치도] 병상 6기관, 수용가능 6기관, 메시지 20건
2026-09-26 00:30:01 [서울특별시] 병상 51기관, 수용가능 54기관, 메시지 148건
2026-09-26 00:30:02 [경기도] 병상 73기관, 수용가능 76기관, 메시지 118건
2026-09-26 00:30:03 [인천광역시] 병상 21기관, 수용가능 22기관, 메시지 19건
2026-09-26 00:30:04 [부산광역시] 병상 29기관, 수용가능 31기관, 메시지 139건
2026-09-26 00:30:06 [대구광역시] 병상 19기관, 수용가능 19기관, 메시지 86건
2026-09-26 00:30:07 [대전광역시] 병상 9기관, 수용가능 10기관, 메시지 66건
2026-09-26 00:30:08 [울산광역시] 병상 7기관, 수용가능 9기관, 메시지 18건
2026-09-26 00:30:09 [세종특별자치시] 병상 2기관, 수용가능 2기관, 메시지 14건
2026-09-26 00:30:11 [전남광주통합특별시] 병상 59기관, 수용가능 63기관, 메시지 36건
2026-09-26 00:30:11 [강원특별자치도] 병상 21기관, 수용가능 22기관, 메시지 11건
2026-09-26 00:30:13 [충청북도] 병상 15기관, 수용가능 17기관, 메시지 3건
2026-09-26 00:30:14 [충청남도] 병상 18기관, 수용가능 18기관, 메시지 13건
2026-09-26 00:30:16 [전북특별자치도] 병상 20기관, 수용가능 21기관, 메시지 34건
2026-09-26 00:30:16 [경상북도] 병상 31기관, 수용가능 32기관, 메시지 52건
2026-09-26 00:30:18 [경상남도] 병상 35기관, 수용가능 36기관, 메시지 116건
2026-09-26 00:30:19 [제주특별자치도] 병상 6기관, 수용가능 6기관, 메시지 20건
2026-09-26 01:00:01 [서울특별시] 병상 51기관, 수용가능 54기관, 메시지 148건
2026-09-26 01:00:03 [경기도] 병상 73기관, 수용가능 76기관, 메시지 122건
2026-09-26 01:00:03 [인천광역시] 병상 21기관, 수용가능 22기관, 메시지 19건
2026-09-26 01:00:05 [부산광역시] 병상 29기관, 수용가능 31기관, 메시지 139건
2026-09-26 01:00:06 [대구광역시] 병상 19기관, 수용가능 19기관, 메시지 87건
2026-09-26 01:00:07 [대전광역시] 병상 9기관, 수용가능 10기관, 메시지 66건
2026-09-26 01:00:08 [울산광역시] 병상 7기관, 수용가능 9기관, 메시지 18건
2026-09-26 01:00:08 [세종특별자치시] 병상 2기관, 수용가능 2기관, 메시지 14건
2026-09-26 01:00:09 [전남광주통합특별시] 병상 59기관, 수용가능 63기관, 메시지 36건
2026-09-26 01:00:09 [강원특별자치도] 병상 21기관, 수용가능 22기관, 메시지 11건
2026-09-26 01:00:11 [충청북도] 병상 15기관, 수용가능 17기관, 메시지 3건
2026-09-26 01:00:11 [충청남도] 병상 18기관, 수용가능 18기관, 메시지 13건
2026-09-26 01:00:12 [전북특별자치도] 병상 20기관, 수용가능 21기관, 메시지 34건
2026-09-26 01:00:12 [경상북도] 병상 31기관, 수용가능 32기관, 메시지 52건
2026-09-26 01:00:14 [경상남도] 병상 35기관, 수용가능 36기관, 메시지 116건
2026-09-26 01:00:15 [제주특별자치도] 병상 6기관, 수용가능 6기관, 메시지 20건
2026-09-26 01:30:01 [서울특별시] 병상 51기관, 수용가능 54기관, 메시지 148건
2026-09-26 01:30:02 [경기도] 병상 73기관, 수용가능 76기관, 메시지 122건
2026-09-26 01:30:03 [인천광역시] 병상 21기관, 수용가능 22기관, 메시지 19건
2026-09-26 01:30:05 [부산광역시] 병상 29기관, 수용가능 31기관, 메시지 139건
2026-09-26 01:30:06 [대구광역시] 병상 19기관, 수용가능 19기관, 메시지 87건
2026-09-26 01:30:06 [대전광역시] 병상 9기관, 수용가능 10기관, 메시지 66건
2026-09-26 01:30:07 [울산광역시] 병상 7기관, 수용가능 9기관, 메시지 18건
2026-09-26 01:30:08 [세종특별자치시] 병상 2기관, 수용가능 2기관, 메시지 14건
2026-09-26 01:30:09 [전남광주통합특별시] 병상 59기관, 수용가능 63기관, 메시지 36건
2026-09-26 01:30:11 [강원특별자치도] 병상 21기관, 수용가능 22기관, 메시지 11건
2026-09-26 01:30:12 [충청북도] 병상 15기관, 수용가능 17기관, 메시지 3건
2026-09-26 01:30:12 [충청남도] 병상 18기관, 수용가능 18기관, 메시지 13건
2026-09-26 01:30:13 [전북특별자치도] 병상 20기관, 수용가능 21기관, 메시지 34건
2026-09-26 01:30:14 [경상북도] 병상 31기관, 수용가능 32기관, 메시지 52건
2026-09-26 01:30:15 [경상남도] 병상 35기관, 수용가능 36기관, 메시지 116건
2026-09-26 01:30:16 [제주특별자치도] 병상 6기관, 수용가능 6기관, 메시지 20건
2026-09-26 02:00:02 [서울특별시] 병상 51기관, 수용가능 54기관, 메시지 148건
2026-09-26 02:00:09 [경기도] 병상 73기관, 수용가능 76기관, 메시지 122건
2026-09-26 02:00:17 [인천광역시] 병상 21기관, 수용가능 22기관, 메시지 19건
2026-09-26 02:00:28 [부산광역시] 병상 29기관, 수용가능 31기관, 메시지 139건
2026-09-26 02:00:32 [대구광역시] 병상 19기관, 수용가능 19기관, 메시지 87건
2026-09-26 02:00:35 [대전광역시] 병상 9기관, 수용가능 10기관, 메시지 66건
2026-09-26 02:00:39 [울산광역시] 병상 7기관, 수용가능 9기관, 메시지 18건
2026-09-26 02:00:41 [세종특별자치시] 병상 2기관, 수용가능 2기관, 메시지 14건
2026-09-26 02:00:44 [전남광주통합특별시] 병상 59기관, 수용가능 63기관, 메시지 36건
2026-09-26 02:00:46 [강원특별자치도] 병상 21기관, 수용가능 22기관, 메시지 11건
2026-09-26 02:00:48 [충청북도] 병상 15기관, 수용가능 17기관, 메시지 3건
2026-09-26 02:00:50 [충청남도] 병상 18기관, 수용가능 18기관, 메시지 13건
2026-09-26 02:00:55 [전북특별자치도] 병상 20기관, 수용가능 21기관, 메시지 34건
2026-09-26 02:01:00 [경상북도] 병상 31기관, 수용가능 32기관, 메시지 52건
2026-09-26 02:01:04 [경상남도] 병상 35기관, 수용가능 36기관, 메시지 116건
2026-09-26 02:01:09 [제주특별자치도] 병상 6기관, 수용가능 6기관, 메시지 20건
2026-09-26 02:30:01 [서울특별시] 병상 51기관, 수용가능 54기관, 메시지 148건
2026-09-26 02:30:02 [경기도] 병상 73기관, 수용가능 76기관, 메시지 122건
2026-09-26 02:30:02 [인천광역시] 병상 21기관, 수용가능 22기관, 메시지 19건
2026-09-26 02:30:03 [부산광역시] 병상 29기관, 수용가능 31기관, 메시지 139건
2026-09-26 02:30:04 [대구광역시] 병상 19기관, 수용가능 19기관, 메시지 87건
2026-09-26 02:30:04 [대전광역시] 병상 9기관, 수용가능 10기관, 메시지 66건
2026-09-26 02:30:05 [울산광역시] 병상 7기관, 수용가능 9기관, 메시지 18건
2026-09-26 02:30:06 [세종특별자치시] 병상 2기관, 수용가능 2기관, 메시지 14건
2026-09-26 02:30:07 [전남광주통합특별시] 병상 59기관, 수용가능 63기관, 메시지 36건
2026-09-26 02:30:09 [강원특별자치도] 병상 21기관, 수용가능 22기관, 메시지 11건
2026-09-26 02:30:09 [충청북도] 병상 15기관, 수용가능 17기관, 메시지 3건
2026-09-26 02:30:10 [충청남도] 병상 18기관, 수용가능 18기관, 메시지 13건
2026-09-26 02:30:10 [전북특별자치도] 병상 20기관, 수용가능 21기관, 메시지 34건
2026-09-26 02:30:11 [경상북도] 병상 31기관, 수용가능 32기관, 메시지 52건
2026-09-26 02:30:12 [경상남도] 병상 35기관, 수용가능 36기관, 메시지 116건
2026-09-26 02:30:13 [제주특별자치도] 병상 6기관, 수용가능 6기관, 메시지 20건
2026-09-26 03:00:01 [서울특별시] 병상 51기관, 수용가능 54기관, 메시지 148건
2026-09-26 03:00:03 [경기도] 병상 73기관, 수용가능 76기관, 메시지 122건
2026-09-26 03:00:04 [인천광역시] 병상 21기관, 수용가능 22기관, 메시지 19건
2026-09-26 03:00:06 [부산광역시] 병상 29기관, 수용가능 31기관, 메시지 139건
2026-09-26 03:00:07 [대구광역시] 병상 19기관, 수용가능 19기관, 메시지 87건
2026-09-26 03:00:08 [대전광역시] 병상 9기관, 수용가능 10기관, 메시지 66건
2026-09-26 03:00:09 [울산광역시] 병상 7기관, 수용가능 9기관, 메시지 18건
2026-09-26 03:00:10 [세종특별자치시] 병상 2기관, 수용가능 2기관, 메시지 14건
2026-09-26 03:00:10 [전남광주통합특별시] 병상 59기관, 수용가능 63기관, 메시지 36건
2026-09-26 03:00:11 [강원특별자치도] 병상 21기관, 수용가능 22기관, 메시지 11건
2026-09-26 03:00:12 [충청북도] 병상 15기관, 수용가능 17기관, 메시지 3건
2026-09-26 03:00:13 [충청남도] 병상 18기관, 수용가능 18기관, 메시지 13건
2026-09-26 03:00:15 [전북특별자치도] 병상 20기관, 수용가능 21기관, 메시지 34건
2026-09-26 03:00:17 [경상북도] 병상 31기관, 수용가능 32기관, 메시지 52건
2026-09-26 03:00:18 [경상남도] 병상 35기관, 수용가능 36기관, 메시지 116건
2026-09-26 03:00:19 [제주특별자치도] 병상 6기관, 수용가능 6기관, 메시지 20건
2026-09-26 03:30:01 [서울특별시] 병상 51기관, 수용가능 54기관, 메시지 148건
2026-09-26 03:30:02 [경기도] 병상 73기관, 수용가능 76기관, 메시지 122건
2026-09-26 03:30:03 [인천광역시] 병상 21기관, 수용가능 22기관, 메시지 19건
2026-09-26 03:30:05 [부산광역시] 병상 29기관, 수용가능 31기관, 메시지 140건
2026-09-26 03:30:06 [대구광역시] 병상 19기관, 수용가능 19기관, 메시지 87건
2026-09-26 03:30:06 [대전광역시] 병상 9기관, 수용가능 10기관, 메시지 66건
2026-09-26 03:30:07 [울산광역시] 병상 7기관, 수용가능 9기관, 메시지 18건
2026-09-26 03:30:09 [세종특별자치시] 병상 2기관, 수용가능 2기관, 메시지 14건
2026-09-26 03:30:11 [전남광주통합특별시] 병상 59기관, 수용가능 63기관, 메시지 36건
2026-09-26 03:30:11 [강원특별자치도] 병상 21기관, 수용가능 22기관, 메시지 11건
2026-09-26 03:30:12 [충청북도] 병상 15기관, 수용가능 17기관, 메시지 3건
2026-09-26 03:30:13 [충청남도] 병상 18기관, 수용가능 18기관, 메시지 13건
2026-09-26 03:30:14 [전북특별자치도] 병상 20기관, 수용가능 21기관, 메시지 34건
2026-09-26 03:30:16 [경상북도] 병상 31기관, 수용가능 32기관, 메시지 52건
2026-09-26 03:30:30 [경상남도] 병상 35기관, 수용가능 36기관, 메시지 116건
2026-09-26 03:30:31 [제주특별자치도] 병상 6기관, 수용가능 6기관, 메시지 20건
2026-09-26 04:00:02 [서울특별시] 병상 51기관, 수용가능 54기관, 메시지 148건
2026-09-26 04:00:03 [경기도] 병상 73기관, 수용가능 76기관, 메시지 122건
2026-09-26 04:00:04 [인천광역시] 병상 21기관, 수용가능 22기관, 메시지 19건
2026-09-26 04:00:05 [부산광역시] 병상 29기관, 수용가능 31기관, 메시지 140건
2026-09-26 04:00:06 [대구광역시] 병상 19기관, 수용가능 19기관, 메시지 87건
2026-09-26 04:00:07 [대전광역시] 병상 9기관, 수용가능 10기관, 메시지 66건
2026-09-26 04:00:08 [울산광역시] 병상 7기관, 수용가능 9기관, 메시지 18건
2026-09-26 04:00:10 [세종특별자치시] 병상 2기관, 수용가능 2기관, 메시지 14건
2026-09-26 04:00:10 [전남광주통합특별시] 병상 59기관, 수용가능 63기관, 메시지 36건
2026-09-26 04:00:11 [강원특별자치도] 병상 21기관, 수용가능 22기관, 메시지 11건
2026-09-26 04:00:11 [충청북도] 병상 15기관, 수용가능 17기관, 메시지 3건
2026-09-26 04:00:12 [충청남도] 병상 18기관, 수용가능 18기관, 메시지 13건
2026-09-26 04:00:14 [전북특별자치도] 병상 20기관, 수용가능 21기관, 메시지 34건
2026-09-26 04:00:15 [경상북도] 병상 31기관, 수용가능 32기관, 메시지 52건
2026-09-26 04:00:17 [경상남도] 병상 35기관, 수용가능 36기관, 메시지 116건
2026-09-26 04:00:17 [제주특별자치도] 병상 6기관, 수용가능 6기관, 메시지 20건
2026-09-26 04:30:01 [서울특별시] 병상 51기관, 수용가능 54기관, 메시지 148건
2026-09-26 04:30:02 [경기도] 병상 73기관, 수용가능 76기관, 메시지 122건
2026-09-26 04:30:03 [인천광역시] 병상 21기관, 수용가능 22기관, 메시지 19건
2026-09-26 04:30:04 [부산광역시] 병상 29기관, 수용가능 31기관, 메시지 140건
2026-09-26 04:30:04 [대구광역시] 병상 19기관, 수용가능 19기관, 메시지 87건
2026-09-26 04:30:05 [대전광역시] 병상 9기관, 수용가능 10기관, 메시지 66건
2026-09-26 04:30:05 [울산광역시] 병상 7기관, 수용가능 9기관, 메시지 18건
2026-09-26 04:30:07 [세종특별자치시] 병상 2기관, 수용가능 2기관, 메시지 14건
2026-09-26 04:30:07 [전남광주통합특별시] 병상 59기관, 수용가능 63기관, 메시지 36건
2026-09-26 04:30:09 [강원특별자치도] 병상 21기관, 수용가능 22기관, 메시지 11건
2026-09-26 04:30:10 [충청북도] 병상 15기관, 수용가능 17기관, 메시지 3건
2026-09-26 04:30:10 [충청남도] 병상 18기관, 수용가능 18기관, 메시지 13건
2026-09-26 04:30:11 [전북특별자치도] 병상 20기관, 수용가능 21기관, 메시지 34건
2026-09-26 04:30:13 [경상북도] 병상 31기관, 수용가능 32기관, 메시지 52건
2026-09-26 04:30:14 [경상남도] 병상 35기관, 수용가능 36기관, 메시지 116건
2026-09-26 04:30:15 [제주특별자치도] 병상 6기관, 수용가능 6기관, 메시지 20건
2026-09-26 05:00:01 [서울특별시] 병상 51기관, 수용가능 54기관, 메시지 148건
2026-09-26 05:00:02 [경기도] 병상 73기관, 수용가능 76기관, 메시지 122건
2026-09-26 05:00:03 [인천광역시] 병상 21기관, 수용가능 22기관, 메시지 19건
2026-09-26 05:00:04 [부산광역시] 병상 29기관, 수용가능 31기관, 메시지 140건
2026-09-26 05:00:05 [대구광역시] 병상 19기관, 수용가능 19기관, 메시지 87건
2026-09-26 05:00:07 [대전광역시] 병상 9기관, 수용가능 10기관, 메시지 66건
2026-09-26 05:00:07 [울산광역시] 병상 7기관, 수용가능 9기관, 메시지 18건
2026-09-26 05:00:09 [세종특별자치시] 병상 2기관, 수용가능 2기관, 메시지 14건
2026-09-26 05:00:09 [전남광주통합특별시] 병상 59기관, 수용가능 63기관, 메시지 36건
2026-09-26 05:00:10 [강원특별자치도] 병상 21기관, 수용가능 22기관, 메시지 11건
2026-09-26 05:00:12 [충청북도] 병상 15기관, 수용가능 17기관, 메시지 3건
2026-09-26 05:00:14 [충청남도] 병상 18기관, 수용가능 18기관, 메시지 13건
2026-09-26 05:00:14 [전북특별자치도] 병상 20기관, 수용가능 21기관, 메시지 34건
2026-09-26 05:00:15 [경상북도] 병상 31기관, 수용가능 32기관, 메시지 52건
2026-09-26 05:00:15 [경상남도] 병상 35기관, 수용가능 36기관, 메시지 116건
2026-09-26 05:00:16 [제주특별자치도] 병상 6기관, 수용가능 6기관, 메시지 20건
2026-09-26 05:30:01 [서울특별시] 병상 51기관, 수용가능 54기관, 메시지 148건
2026-09-26 05:30:01 [경기도] 병상 73기관, 수용가능 76기관, 메시지 122건
2026-09-26 05:30:03 [인천광역시] 병상 21기관, 수용가능 22기관, 메시지 19건
2026-09-26 05:30:04 [부산광역시] 병상 29기관, 수용가능 31기관, 메시지 140건
2026-09-26 05:30:06 [대구광역시] 병상 19기관, 수용가능 19기관, 메시지 87건
2026-09-26 05:30:07 [대전광역시] 병상 9기관, 수용가능 10기관, 메시지 66건
2026-09-26 05:30:08 [울산광역시] 병상 7기관, 수용가능 9기관, 메시지 18건
2026-09-26 05:30:09 [세종특별자치시] 병상 2기관, 수용가능 2기관, 메시지 14건
2026-09-26 05:30:10 [전남광주통합특별시] 병상 59기관, 수용가능 63기관, 메시지 36건
2026-09-26 05:30:10 [강원특별자치도] 병상 21기관, 수용가능 22기관, 메시지 11건
2026-09-26 05:30:11 [충청북도] 병상 15기관, 수용가능 17기관, 메시지 3건
2026-09-26 05:30:12 [충청남도] 병상 18기관, 수용가능 18기관, 메시지 13건
2026-09-26 05:30:13 [전북특별자치도] 병상 20기관, 수용가능 21기관, 메시지 34건
2026-09-26 05:30:14 [경상북도] 병상 31기관, 수용가능 32기관, 메시지 52건
2026-09-26 05:30:15 [경상남도] 병상 35기관, 수용가능 36기관, 메시지 116건
2026-09-26 05:30:16 [제주특별자치도] 병상 6기관, 수용가능 6기관, 메시지 20건
2026-09-26 06:00:01 [서울특별시] 병상 51기관, 수용가능 54기관, 메시지 148건
2026-09-26 06:00:02 [경기도] 병상 73기관, 수용가능 76기관, 메시지 122건
2026-09-26 06:00:06 [인천광역시] 병상 21기관, 수용가능 22기관, 메시지 19건
2026-09-26 06:00:08 [부산광역시] 병상 29기관, 수용가능 31기관, 메시지 140건
2026-09-26 06:00:10 [대구광역시] 병상 19기관, 수용가능 19기관, 메시지 87건
2026-09-26 06:00:11 [대전광역시] 병상 9기관, 수용가능 10기관, 메시지 66건
2026-09-26 06:00:12 [울산광역시] 병상 7기관, 수용가능 9기관, 메시지 18건
2026-09-26 06:00:16 [세종특별자치시] 병상 2기관, 수용가능 2기관, 메시지 14건
2026-09-26 06:00:21 [전남광주통합특별시] 병상 59기관, 수용가능 63기관, 메시지 36건
2026-09-26 06:00:25 [강원특별자치도] 병상 21기관, 수용가능 22기관, 메시지 11건
2026-09-26 06:00:26 [충청북도] 병상 15기관, 수용가능 17기관, 메시지 3건
2026-09-26 06:00:26 [충청남도] 병상 18기관, 수용가능 18기관, 메시지 13건
2026-09-26 06:00:27 [전북특별자치도] 병상 20기관, 수용가능 21기관, 메시지 32건
2026-09-26 06:00:27 [경상북도] 병상 31기관, 수용가능 32기관, 메시지 52건
2026-09-26 06:00:29 [경상남도] 병상 35기관, 수용가능 36기관, 메시지 116건
2026-09-26 06:00:29 [제주특별자치도] 병상 6기관, 수용가능 6기관, 메시지 20건
2026-09-26 06:30:01 [서울특별시] 병상 51기관, 수용가능 54기관, 메시지 148건
2026-09-26 06:30:02 [경기도] 병상 73기관, 수용가능 76기관, 메시지 122건
2026-09-26 06:30:03 [인천광역시] 병상 21기관, 수용가능 22기관, 메시지 19건
2026-09-26 06:30:04 [부산광역시] 병상 29기관, 수용가능 31기관, 메시지 140건
2026-09-26 06:30:05 [대구광역시] 병상 19기관, 수용가능 19기관, 메시지 87건
2026-09-26 06:30:07 [대전광역시] 병상 9기관, 수용가능 10기관, 메시지 66건
2026-09-26 06:30:07 [울산광역시] 병상 7기관, 수용가능 9기관, 메시지 18건
2026-09-26 06:30:08 [세종특별자치시] 병상 2기관, 수용가능 2기관, 메시지 14건
2026-09-26 06:30:10 [전남광주통합특별시] 병상 59기관, 수용가능 63기관, 메시지 36건
2026-09-26 06:30:11 [강원특별자치도] 병상 21기관, 수용가능 22기관, 메시지 11건
2026-09-26 06:30:12 [충청북도] 병상 15기관, 수용가능 17기관, 메시지 3건
2026-09-26 06:30:13 [충청남도] 병상 18기관, 수용가능 18기관, 메시지 13건
2026-09-26 06:30:13 [전북특별자치도] 병상 20기관, 수용가능 21기관, 메시지 32건
2026-09-26 06:30:15 [경상북도] 병상 31기관, 수용가능 32기관, 메시지 52건
2026-09-26 06:30:15 [경상남도] 병상 35기관, 수용가능 36기관, 메시지 116건
2026-09-26 06:30:16 [제주특별자치도] 병상 6기관, 수용가능 6기관, 메시지 20건
2026-09-26 07:00:01 [서울특별시] 병상 51기관, 수용가능 54기관, 메시지 148건
2026-09-26 07:00:03 [경기도] 병상 73기관, 수용가능 76기관, 메시지 121건
2026-09-26 07:00:04 [인천광역시] 병상 21기관, 수용가능 22기관, 메시지 15건
2026-09-26 07:00:05 [부산광역시] 병상 29기관, 수용가능 31기관, 메시지 139건
2026-09-26 07:00:06 [대구광역시] 병상 19기관, 수용가능 19기관, 메시지 86건
2026-09-26 07:00:08 [대전광역시] 병상 9기관, 수용가능 10기관, 메시지 66건
2026-09-26 07:00:08 [울산광역시] 병상 7기관, 수용가능 9기관, 메시지 17건
2026-09-26 07:00:09 [세종특별자치시] 병상 2기관, 수용가능 2기관, 메시지 14건
2026-09-26 07:00:10 [전남광주통합특별시] 병상 59기관, 수용가능 63기관, 메시지 36건
2026-09-26 07:00:12 [강원특별자치도] 병상 21기관, 수용가능 22기관, 메시지 11건
2026-09-26 07:00:12 [충청북도] 병상 15기관, 수용가능 17기관, 메시지 3건
2026-09-26 07:00:14 [충청남도] 병상 18기관, 수용가능 18기관, 메시지 13건
2026-09-26 07:00:16 [전북특별자치도] 병상 20기관, 수용가능 21기관, 메시지 32건
2026-09-26 07:00:17 [경상북도] 병상 31기관, 수용가능 32기관, 메시지 52건
2026-09-26 07:00:17 [경상남도] 병상 35기관, 수용가능 36기관, 메시지 114건
2026-09-26 07:00:17 [제주특별자치도] 병상 6기관, 수용가능 6기관, 메시지 20건
2026-09-26 07:30:02 [서울특별시] 병상 51기관, 수용가능 54기관, 메시지 148건
2026-09-26 07:30:02 [경기도] 병상 73기관, 수용가능 76기관, 메시지 123건
2026-09-26 07:30:03 [인천광역시] 병상 21기관, 수용가능 22기관, 메시지 15건
2026-09-26 07:30:04 [부산광역시] 병상 29기관, 수용가능 31기관, 메시지 139건
2026-09-26 07:30:05 [대구광역시] 병상 19기관, 수용가능 19기관, 메시지 87건
2026-09-26 07:30:05 [대전광역시] 병상 9기관, 수용가능 10기관, 메시지 66건
2026-09-26 07:30:06 [울산광역시] 병상 7기관, 수용가능 9기관, 메시지 17건
2026-09-26 07:30:06 [세종특별자치시] 병상 2기관, 수용가능 2기관, 메시지 14건
2026-09-26 07:30:07 [전남광주통합특별시] 병상 59기관, 수용가능 63기관, 메시지 36건
2026-09-26 07:30:08 [강원특별자치도] 병상 21기관, 수용가능 22기관, 메시지 11건
2026-09-26 07:30:10 [충청북도] 병상 15기관, 수용가능 17기관, 메시지 3건
2026-09-26 07:30:10 [충청남도] 병상 18기관, 수용가능 18기관, 메시지 13건
2026-09-26 07:30:11 [전북특별자치도] 병상 20기관, 수용가능 21기관, 메시지 33건
2026-09-26 07:30:12 [경상북도] 병상 31기관, 수용가능 32기관, 메시지 52건
2026-09-26 07:30:14 [경상남도] 병상 35기관, 수용가능 36기관, 메시지 114건
2026-09-26 07:30:14 [제주특별자치도] 병상 6기관, 수용가능 6기관, 메시지 20건
2026-09-26 08:00:00 [서울특별시] 병상 51기관, 수용가능 54기관, 메시지 142건
2026-09-26 08:00:02 [경기도] 병상 73기관, 수용가능 76기관, 메시지 121건
2026-09-26 08:00:03 [인천광역시] 병상 21기관, 수용가능 22기관, 메시지 15건
2026-09-26 08:00:04 [부산광역시] 병상 29기관, 수용가능 31기관, 메시지 134건
2026-09-26 08:00:05 [대구광역시] 병상 19기관, 수용가능 19기관, 메시지 70건
2026-09-26 08:00:07 [대전광역시] 병상 9기관, 수용가능 10기관, 메시지 66건
2026-09-26 08:00:08 [울산광역시] 병상 7기관, 수용가능 9기관, 메시지 17건
2026-09-26 08:00:09 [세종특별자치시] 병상 2기관, 수용가능 2기관, 메시지 14건
2026-09-26 08:00:10 [전남광주통합특별시] 병상 59기관, 수용가능 63기관, 메시지 36건
2026-09-26 08:00:11 [강원특별자치도] 병상 21기관, 수용가능 22기관, 메시지 10건
2026-09-26 08:00:12 [충청북도] 병상 15기관, 수용가능 17기관, 메시지 3건
2026-09-26 08:00:14 [충청남도] 병상 18기관, 수용가능 18기관, 메시지 9건
2026-09-26 08:00:14 [전북특별자치도] 병상 20기관, 수용가능 21기관, 메시지 33건
2026-09-26 08:00:16 [경상북도] 병상 31기관, 수용가능 32기관, 메시지 52건
2026-09-26 08:00:17 [경상남도] 병상 35기관, 수용가능 36기관, 메시지 110건
2026-09-26 08:00:18 [제주특별자치도] 병상 6기관, 수용가능 6기관, 메시지 17건
2026-09-26 08:30:04 [서울특별시] 병상 51기관, 수용가능 54기관, 메시지 143건
2026-09-26 08:30:05 [경기도] 병상 73기관, 수용가능 76기관, 메시지 123건
2026-09-26 08:30:06 [인천광역시] 병상 21기관, 수용가능 22기관, 메시지 15건
2026-09-26 08:30:07 [부산광역시] 병상 29기관, 수용가능 31기관, 메시지 135건
2026-09-26 08:30:08 [대구광역시] 병상 19기관, 수용가능 19기관, 메시지 84건
2026-09-26 08:30:09 [대전광역시] 병상 9기관, 수용가능 10기관, 메시지 66건
2026-09-26 08:30:10 [울산광역시] 병상 7기관, 수용가능 9기관, 메시지 17건
2026-09-26 08:30:12 [세종특별자치시] 병상 2기관, 수용가능 2기관, 메시지 14건
2026-09-26 08:30:12 [전남광주통합특별시] 병상 59기관, 수용가능 63기관, 메시지 37건
2026-09-26 08:30:13 [강원특별자치도] 병상 21기관, 수용가능 22기관, 메시지 10건
2026-09-26 08:30:15 [충청북도] 병상 15기관, 수용가능 17기관, 메시지 3건
2026-09-26 08:30:16 [충청남도] 병상 18기관, 수용가능 18기관, 메시지 11건
2026-09-26 08:30:17 [전북특별자치도] 병상 20기관, 수용가능 21기관, 메시지 33건
2026-09-26 08:30:18 [경상북도] 병상 31기관, 수용가능 32기관, 메시지 52건
2026-09-26 08:30:19 [경상남도] 병상 35기관, 수용가능 36기관, 메시지 111건
2026-09-26 08:30:20 [제주특별자치도] 병상 6기관, 수용가능 6기관, 메시지 17건
2026-09-26 09:00:01 [서울특별시] 병상 51기관, 수용가능 54기관, 메시지 144건
2026-09-26 09:00:03 [경기도] 병상 73기관, 수용가능 76기관, 메시지 121건
2026-09-26 09:00:04 [인천광역시] 병상 21기관, 수용가능 22기관, 메시지 15건
2026-09-26 09:00:07 [부산광역시] 병상 29기관, 수용가능 31기관, 메시지 134건
2026-09-26 09:00:09 [대구광역시] 병상 19기관, 수용가능 19기관, 메시지 82건
2026-09-26 09:00:10 [대전광역시] 병상 9기관, 수용가능 10기관, 메시지 64건
2026-09-26 09:00:11 [울산광역시] 병상 7기관, 수용가능 9기관, 메시지 17건
2026-09-26 09:00:12 [세종특별자치시] 병상 2기관, 수용가능 2기관, 메시지 14건
2026-09-26 09:00:13 [전남광주통합특별시] 병상 59기관, 수용가능 63기관, 메시지 37건
2026-09-26 09:00:14 [강원특별자치도] 병상 21기관, 수용가능 22기관, 메시지 10건
2026-09-26 09:00:16 [충청북도] 병상 15기관, 수용가능 17기관, 메시지 3건
2026-09-26 09:00:17 [충청남도] 병상 18기관, 수용가능 18기관, 메시지 11건
2026-09-26 09:00:18 [전북특별자치도] 병상 20기관, 수용가능 21기관, 메시지 35건
2026-09-26 09:00:19 [경상북도] 병상 31기관, 수용가능 32기관, 메시지 51건
2026-09-26 09:00:21 [경상남도] 병상 35기관, 수용가능 36기관, 메시지 110건
2026-09-26 09:00:25 [제주특별자치도] 병상 6기관, 수용가능 6기관, 메시지 16건
2026-09-26 09:30:03 [서울특별시] 병상 51기관, 수용가능 54기관, 메시지 144건
2026-09-26 09:30:04 [경기도] 병상 73기관, 수용가능 76기관, 메시지 121건
2026-09-26 09:30:05 [인천광역시] 병상 21기관, 수용가능 22기관, 메시지 15건
2026-09-26 09:30:06 [부산광역시] 병상 29기관, 수용가능 31기관, 메시지 134건
2026-09-26 09:30:07 [대구광역시] 병상 19기관, 수용가능 19기관, 메시지 82건
2026-09-26 09:30:08 [대전광역시] 병상 9기관, 수용가능 10기관, 메시지 64건
2026-09-26 09:30:08 [울산광역시] 병상 7기관, 수용가능 9기관, 메시지 17건
2026-09-26 09:30:09 [세종특별자치시] 병상 2기관, 수용가능 2기관, 메시지 14건
2026-09-26 09:30:10 [전남광주통합특별시] 병상 59기관, 수용가능 63기관, 메시지 37건
2026-09-26 09:30:11 [강원특별자치도] 병상 21기관, 수용가능 22기관, 메시지 11건
2026-09-26 09:30:11 [충청북도] 병상 15기관, 수용가능 17기관, 메시지 3건
2026-09-26 09:30:12 [충청남도] 병상 18기관, 수용가능 18기관, 메시지 11건
2026-09-26 09:30:13 [전북특별자치도] 병상 20기관, 수용가능 21기관, 메시지 35건
2026-09-26 09:30:14 [경상북도] 병상 31기관, 수용가능 32기관, 메시지 51건
2026-09-26 09:30:14 [경상남도] 병상 35기관, 수용가능 36기관, 메시지 110건
2026-09-26 09:30:15 [제주특별자치도] 병상 6기관, 수용가능 6기관, 메시지 17건
2026-09-26 10:00:02 [서울특별시] 병상 51기관, 수용가능 54기관, 메시지 144건
2026-09-26 10:00:03 [경기도] 병상 73기관, 수용가능 76기관, 메시지 121건
2026-09-26 10:00:04 [인천광역시] 병상 21기관, 수용가능 22기관, 메시지 15건
2026-09-26 10:00:06 [부산광역시] 병상 29기관, 수용가능 31기관, 메시지 131건
2026-09-26 10:00:07 [대구광역시] 병상 19기관, 수용가능 19기관, 메시지 82건
2026-09-26 10:00:09 [대전광역시] 병상 9기관, 수용가능 10기관, 메시지 64건
2026-09-26 10:00:10 [울산광역시] 병상 7기관, 수용가능 9기관, 메시지 17건
2026-09-26 10:00:13 [세종특별자치시] 병상 2기관, 수용가능 2기관, 메시지 14건
2026-09-26 10:00:14 [전남광주통합특별시] 병상 59기관, 수용가능 63기관, 메시지 37건
2026-09-26 10:00:15 [강원특별자치도] 병상 21기관, 수용가능 22기관, 메시지 11건
2026-09-26 10:00:16 [충청북도] 병상 15기관, 수용가능 17기관, 메시지 3건
2026-09-26 10:00:17 [충청남도] 병상 18기관, 수용가능 18기관, 메시지 11건
2026-09-26 10:00:18 [전북특별자치도] 병상 20기관, 수용가능 21기관, 메시지 35건
2026-09-26 10:00:18 [경상북도] 병상 31기관, 수용가능 32기관, 메시지 51건
2026-09-26 10:00:20 [경상남도] 병상 35기관, 수용가능 36기관, 메시지 110건
2026-09-26 10:00:21 [제주특별자치도] 병상 6기관, 수용가능 6기관, 메시지 17건
2026-09-26 10:30:01 [서울특별시] 병상 51기관, 수용가능 54기관, 메시지 144건
2026-09-26 10:30:02 [경기도] 병상 73기관, 수용가능 76기관, 메시지 121건
2026-09-26 10:30:03 [인천광역시] 병상 21기관, 수용가능 22기관, 메시지 15건
2026-09-26 10:30:04 [부산광역시] 병상 29기관, 수용가능 31기관, 메시지 132건
2026-09-26 10:30:04 [대구광역시] 병상 19기관, 수용가능 19기관, 메시지 82건
2026-09-26 10:30:05 [대전광역시] 병상 9기관, 수용가능 10기관, 메시지 64건
2026-09-26 10:30:06 [울산광역시] 병상 7기관, 수용가능 9기관, 메시지 17건
2026-09-26 10:30:08 [세종특별자치시] 병상 2기관, 수용가능 2기관, 메시지 14건
2026-09-26 10:30:08 [전남광주통합특별시] 병상 59기관, 수용가능 63기관, 메시지 37건
2026-09-26 10:30:09 [강원특별자치도] 병상 21기관, 수용가능 22기관, 메시지 11건
2026-09-26 10:30:10 [충청북도] 병상 15기관, 수용가능 17기관, 메시지 3건
2026-09-26 10:30:10 [충청남도] 병상 18기관, 수용가능 18기관, 메시지 11건
2026-09-26 10:30:12 [전북특별자치도] 병상 20기관, 수용가능 21기관, 메시지 35건
2026-09-26 10:30:12 [경상북도] 병상 31기관, 수용가능 32기관, 메시지 51건
2026-09-26 10:30:13 [경상남도] 병상 35기관, 수용가능 36기관, 메시지 110건
2026-09-26 10:30:15 [제주특별자치도] 병상 6기관, 수용가능 6기관, 메시지 17건
2026-09-26 11:00:01 [서울특별시] 병상 51기관, 수용가능 54기관, 메시지 147건
2026-09-26 11:00:02 [경기도] 병상 73기관, 수용가능 76기관, 메시지 121건
2026-09-26 11:00:03 [인천광역시] 병상 21기관, 수용가능 22기관, 메시지 15건
2026-09-26 11:00:04 [부산광역시] 병상 29기관, 수용가능 31기관, 메시지 131건
2026-09-26 11:00:06 [대구광역시] 병상 19기관, 수용가능 19기관, 메시지 82건
2026-09-26 11:00:07 [대전광역시] 병상 9기관, 수용가능 10기관, 메시지 64건
2026-09-26 11:00:07 [울산광역시] 병상 7기관, 수용가능 9기관, 메시지 17건
2026-09-26 11:00:08 [세종특별자치시] 병상 2기관, 수용가능 2기관, 메시지 14건
2026-09-26 11:00:10 [전남광주통합특별시] 병상 59기관, 수용가능 63기관, 메시지 37건
2026-09-26 11:00:10 [강원특별자치도] 병상 21기관, 수용가능 22기관, 메시지 11건
2026-09-26 11:00:12 [충청북도] 병상 15기관, 수용가능 17기관, 메시지 3건
2026-09-26 11:00:13 [충청남도] 병상 18기관, 수용가능 18기관, 메시지 11건
2026-09-26 11:00:14 [전북특별자치도] 병상 20기관, 수용가능 21기관, 메시지 35건
2026-09-26 11:00:15 [경상북도] 병상 31기관, 수용가능 32기관, 메시지 51건
2026-09-26 11:00:17 [경상남도] 병상 35기관, 수용가능 36기관, 메시지 110건
2026-09-26 11:00:17 [제주특별자치도] 병상 6기관, 수용가능 6기관, 메시지 17건
2026-09-26 11:30:01 [서울특별시] 병상 51기관, 수용가능 54기관, 메시지 147건
2026-09-26 11:30:02 [경기도] 병상 73기관, 수용가능 76기관, 메시지 121건
2026-09-26 11:30:02 [인천광역시] 병상 21기관, 수용가능 22기관, 메시지 15건
2026-09-26 11:30:03 [부산광역시] 병상 29기관, 수용가능 31기관, 메시지 131건
2026-09-26 11:30:04 [대구광역시] 병상 19기관, 수용가능 19기관, 메시지 82건
2026-09-26 11:30:05 [대전광역시] 병상 9기관, 수용가능 10기관, 메시지 65건
2026-09-26 11:30:06 [울산광역시] 병상 7기관, 수용가능 9기관, 메시지 17건
2026-09-26 11:30:07 [세종특별자치시] 병상 2기관, 수용가능 2기관, 메시지 14건
2026-09-26 11:30:08 [전남광주통합특별시] 병상 59기관, 수용가능 63기관, 메시지 37건
2026-09-26 11:30:09 [강원특별자치도] 병상 21기관, 수용가능 22기관, 메시지 11건
2026-09-26 11:30:10 [충청북도] 병상 15기관, 수용가능 17기관, 메시지 3건
2026-09-26 11:30:11 [충청남도] 병상 18기관, 수용가능 18기관, 메시지 11건
2026-09-26 11:30:12 [전북특별자치도] 병상 20기관, 수용가능 21기관, 메시지 35건
2026-09-26 11:30:13 [경상북도] 병상 31기관, 수용가능 32기관, 메시지 51건
2026-09-26 11:30:14 [경상남도] 병상 35기관, 수용가능 36기관, 메시지 110건
2026-09-26 11:30:15 [제주특별자치도] 병상 6기관, 수용가능 6기관, 메시지 17건
2026-09-26 12:00:01 [서울특별시] 병상 51기관, 수용가능 54기관, 메시지 147건
2026-09-26 12:00:02 [경기도] 병상 73기관, 수용가능 76기관, 메시지 121건
2026-09-26 12:00:03 [인천광역시] 병상 21기관, 수용가능 22기관, 메시지 15건
2026-09-26 12:00:04 [부산광역시] 병상 29기관, 수용가능 31기관, 메시지 131건
2026-09-26 12:00:05 [대구광역시] 병상 19기관, 수용가능 19기관, 메시지 83건
2026-09-26 12:00:06 [대전광역시] 병상 9기관, 수용가능 10기관, 메시지 65건
2026-09-26 12:00:07 [울산광역시] 병상 7기관, 수용가능 9기관, 메시지 17건
2026-09-26 12:00:08 [세종특별자치시] 병상 2기관, 수용가능 2기관, 메시지 14건
2026-09-26 12:00:09 [전남광주통합특별시] 병상 59기관, 수용가능 63기관, 메시지 37건
2026-09-26 12:00:10 [강원특별자치도] 병상 21기관, 수용가능 22기관, 메시지 11건
2026-09-26 12:00:12 [충청북도] 병상 15기관, 수용가능 17기관, 메시지 3건
2026-09-26 12:00:13 [충청남도] 병상 18기관, 수용가능 18기관, 메시지 11건
2026-09-26 12:00:15 [전북특별자치도] 병상 20기관, 수용가능 21기관, 메시지 35건
2026-09-26 12:00:15 [경상북도] 병상 31기관, 수용가능 32기관, 메시지 51건
2026-09-26 12:00:17 [경상남도] 병상 35기관, 수용가능 36기관, 메시지 110건
2026-09-26 12:00:19 [제주특별자치도] 병상 6기관, 수용가능 6기관, 메시지 17건
2026-09-26 12:30:02 [서울특별시] 병상 51기관, 수용가능 54기관, 메시지 148건
2026-09-26 12:30:02 [경기도] 병상 73기관, 수용가능 76기관, 메시지 121건
2026-09-26 12:30:04 [인천광역시] 병상 21기관, 수용가능 22기관, 메시지 15건
2026-09-26 12:30:05 [부산광역시] 병상 29기관, 수용가능 31기관, 메시지 131건
2026-09-26 12:30:06 [대구광역시] 병상 19기관, 수용가능 19기관, 메시지 82건
2026-09-26 12:30:06 [대전광역시] 병상 9기관, 수용가능 10기관, 메시지 65건
2026-09-26 12:30:07 [울산광역시] 병상 7기관, 수용가능 9기관, 메시지 17건
2026-09-26 12:30:09 [세종특별자치시] 병상 2기관, 수용가능 2기관, 메시지 14건
2026-09-26 12:30:09 [전남광주통합특별시] 병상 59기관, 수용가능 63기관, 메시지 37건
2026-09-26 12:30:11 [강원특별자치도] 병상 21기관, 수용가능 22기관, 메시지 11건
2026-09-26 12:30:11 [충청북도] 병상 15기관, 수용가능 17기관, 메시지 3건
2026-09-26 12:30:12 [충청남도] 병상 18기관, 수용가능 18기관, 메시지 11건
2026-09-26 12:30:14 [전북특별자치도] 병상 20기관, 수용가능 21기관, 메시지 35건
2026-09-26 12:30:15 [경상북도] 병상 31기관, 수용가능 32기관, 메시지 51건
2026-09-26 12:30:16 [경상남도] 병상 35기관, 수용가능 36기관, 메시지 110건
2026-09-26 12:30:17 [제주특별자치도] 병상 6기관, 수용가능 6기관, 메시지 17건
2026-09-26 13:00:01 [서울특별시] 병상 51기관, 수용가능 54기관, 메시지 148건
2026-09-26 13:00:02 [경기도] 병상 73기관, 수용가능 76기관, 메시지 121건
2026-09-26 13:00:02 [인천광역시] 병상 21기관, 수용가능 22기관, 메시지 15건
2026-09-26 13:00:03 [부산광역시] 병상 29기관, 수용가능 31기관, 메시지 131건
2026-09-26 13:00:04 [대구광역시] 병상 19기관, 수용가능 19기관, 메시지 82건
2026-09-26 13:00:05 [대전광역시] 병상 9기관, 수용가능 10기관, 메시지 56건
2026-09-26 13:00:06 [울산광역시] 병상 7기관, 수용가능 9기관, 메시지 17건
2026-09-26 13:00:07 [세종특별자치시] 병상 2기관, 수용가능 2기관, 메시지 14건
2026-09-26 13:00:08 [전남광주통합특별시] 병상 59기관, 수용가능 63기관, 메시지 37건
2026-09-26 13:00:09 [강원특별자치도] 병상 21기관, 수용가능 22기관, 메시지 11건
2026-09-26 13:00:09 [충청북도] 병상 15기관, 수용가능 17기관, 메시지 3건
2026-09-26 13:00:10 [충청남도] 병상 18기관, 수용가능 18기관, 메시지 11건
2026-09-26 13:00:11 [전북특별자치도] 병상 20기관, 수용가능 21기관, 메시지 35건
2026-09-26 13:00:12 [경상북도] 병상 31기관, 수용가능 32기관, 메시지 51건
2026-09-26 13:00:13 [경상남도] 병상 35기관, 수용가능 36기관, 메시지 110건
2026-09-26 13:00:14 [제주특별자치도] 병상 6기관, 수용가능 6기관, 메시지 16건
2026-09-26 13:30:01 [서울특별시] 병상 51기관, 수용가능 54기관, 메시지 148건
2026-09-26 13:30:02 [경기도] 병상 73기관, 수용가능 76기관, 메시지 121건
2026-09-26 13:30:04 [인천광역시] 병상 21기관, 수용가능 22기관, 메시지 15건
2026-09-26 13:30:05 [부산광역시] 병상 29기관, 수용가능 31기관, 메시지 132건
2026-09-26 13:30:07 [대구광역시] 병상 19기관, 수용가능 19기관, 메시지 82건
2026-09-26 13:30:08 [대전광역시] 병상 9기관, 수용가능 10기관, 메시지 63건
2026-09-26 13:30:09 [울산광역시] 병상 7기관, 수용가능 9기관, 메시지 17건
2026-09-26 13:30:12 [세종특별자치시] 병상 2기관, 수용가능 2기관, 메시지 14건
2026-09-26 13:30:12 [전남광주통합특별시] 병상 59기관, 수용가능 63기관, 메시지 37건
2026-09-26 13:30:14 [강원특별자치도] 병상 21기관, 수용가능 22기관, 메시지 11건
2026-09-26 13:30:15 [충청북도] 병상 15기관, 수용가능 17기관, 메시지 3건
2026-09-26 13:30:16 [충청남도] 병상 18기관, 수용가능 18기관, 메시지 11건
2026-09-26 13:30:17 [전북특별자치도] 병상 20기관, 수용가능 21기관, 메시지 35건
2026-09-26 13:30:18 [경상북도] 병상 31기관, 수용가능 32기관, 메시지 51건
2026-09-26 13:30:19 [경상남도] 병상 35기관, 수용가능 36기관, 메시지 110건
2026-09-26 13:30:21 [제주특별자치도] 병상 6기관, 수용가능 6기관, 메시지 17건
2026-09-26 14:00:00 [서울특별시] 병상 51기관, 수용가능 54기관, 메시지 148건
2026-09-26 14:00:04 [경기도] 병상 73기관, 수용가능 76기관, 메시지 121건
2026-09-26 14:00:06 [인천광역시] 병상 21기관, 수용가능 22기관, 메시지 15건
2026-09-26 14:00:08 [부산광역시] 병상 29기관, 수용가능 31기관, 메시지 133건
2026-09-26 14:00:09 [대구광역시] 병상 19기관, 수용가능 19기관, 메시지 82건
2026-09-26 14:00:12 [대전광역시] 병상 9기관, 수용가능 10기관, 메시지 64건
2026-09-26 14:00:20 [울산광역시] 병상 7기관, 수용가능 9기관, 메시지 17건
2026-09-26 14:00:23 [세종특별자치시] 병상 2기관, 수용가능 2기관, 메시지 14건
2026-09-26 14:00:24 [전남광주통합특별시] 병상 59기관, 수용가능 63기관, 메시지 37건
2026-09-26 14:00:25 [강원특별자치도] 병상 21기관, 수용가능 22기관, 메시지 11건
2026-09-26 14:00:26 [충청북도] 병상 15기관, 수용가능 17기관, 메시지 3건
2026-09-26 14:00:26 [충청남도] 병상 18기관, 수용가능 18기관, 메시지 11건
2026-09-26 14:00:27 [전북특별자치도] 병상 20기관, 수용가능 21기관, 메시지 35건
2026-09-26 14:00:28 [경상북도] 병상 31기관, 수용가능 32기관, 메시지 51건
2026-09-26 14:00:30 [경상남도] 병상 35기관, 수용가능 36기관, 메시지 109건
2026-09-26 14:00:31 [제주특별자치도] 병상 6기관, 수용가능 6기관, 메시지 17건
2026-09-26 14:30:16 [서울특별시] 병상 51기관, 수용가능 54기관, 메시지 149건
2026-09-26 14:30:19 [경기도] 병상 73기관, 수용가능 76기관, 메시지 121건
2026-09-26 14:30:19 [인천광역시] 병상 21기관, 수용가능 22기관, 메시지 15건
2026-09-26 14:30:21 [부산광역시] 병상 29기관, 수용가능 31기관, 메시지 133건
2026-09-26 14:30:22 [대구광역시] 병상 19기관, 수용가능 19기관, 메시지 82건
2026-09-26 14:30:24 [대전광역시] 병상 9기관, 수용가능 10기관, 메시지 64건
2026-09-26 14:30:26 [울산광역시] 병상 7기관, 수용가능 9기관, 메시지 17건
2026-09-26 14:30:27 [세종특별자치시] 병상 2기관, 수용가능 2기관, 메시지 14건
2026-09-26 14:30:27 [전남광주통합특별시] 병상 59기관, 수용가능 63기관, 메시지 37건
2026-09-26 14:30:29 [강원특별자치도] 병상 21기관, 수용가능 22기관, 메시지 11건
2026-09-26 14:30:30 [충청북도] 병상 15기관, 수용가능 17기관, 메시지 3건
2026-09-26 14:30:32 [충청남도] 병상 18기관, 수용가능 18기관, 메시지 11건
2026-09-26 14:30:33 [전북특별자치도] 병상 20기관, 수용가능 21기관, 메시지 35건
2026-09-26 14:30:35 [경상북도] 병상 31기관, 수용가능 32기관, 메시지 51건
2026-09-26 14:30:35 [경상남도] 병상 35기관, 수용가능 36기관, 메시지 109건
2026-09-26 14:30:37 [제주특별자치도] 병상 6기관, 수용가능 6기관, 메시지 17건
2026-09-26 15:00:02 [서울특별시] 병상 51기관, 수용가능 54기관, 메시지 149건
2026-09-26 15:00:03 [경기도] 병상 73기관, 수용가능 76기관, 메시지 121건
2026-09-26 15:00:03 [인천광역시] 병상 21기관, 수용가능 22기관, 메시지 15건
2026-09-26 15:00:04 [부산광역시] 병상 29기관, 수용가능 31기관, 메시지 134건
2026-09-26 15:00:05 [대구광역시] 병상 19기관, 수용가능 19기관, 메시지 84건
2026-09-26 15:00:05 [대전광역시] 병상 9기관, 수용가능 10기관, 메시지 64건
2026-09-26 15:00:07 [울산광역시] 병상 7기관, 수용가능 9기관, 메시지 17건
2026-09-26 15:00:07 [세종특별자치시] 병상 2기관, 수용가능 2기관, 메시지 14건
2026-09-26 15:00:09 [전남광주통합특별시] 병상 59기관, 수용가능 63기관, 메시지 37건
2026-09-26 15:00:09 [강원특별자치도] 병상 21기관, 수용가능 22기관, 메시지 11건
2026-09-26 15:00:11 [충청북도] 병상 15기관, 수용가능 17기관, 메시지 3건
2026-09-26 15:00:13 [충청남도] 병상 18기관, 수용가능 18기관, 메시지 11건
2026-09-26 15:00:14 [전북특별자치도] 병상 20기관, 수용가능 21기관, 메시지 35건
2026-09-26 15:00:16 [경상북도] 병상 31기관, 수용가능 32기관, 메시지 51건
2026-09-26 15:00:17 [경상남도] 병상 35기관, 수용가능 36기관, 메시지 109건
2026-09-26 15:00:19 [제주특별자치도] 병상 6기관, 수용가능 6기관, 메시지 17건
2026-09-26 15:30:02 [서울특별시] 병상 51기관, 수용가능 54기관, 메시지 149건
2026-09-26 15:30:03 [경기도] 병상 73기관, 수용가능 76기관, 메시지 121건
2026-09-26 15:30:04 [인천광역시] 병상 21기관, 수용가능 22기관, 메시지 15건
2026-09-26 15:30:05 [부산광역시] 병상 29기관, 수용가능 31기관, 메시지 139건
2026-09-26 15:30:08 [대구광역시] 병상 19기관, 수용가능 19기관, 메시지 83건
2026-09-26 15:30:09 [대전광역시] 병상 9기관, 수용가능 10기관, 메시지 64건
2026-09-26 15:30:10 [울산광역시] 병상 7기관, 수용가능 9기관, 메시지 17건
2026-09-26 15:30:11 [세종특별자치시] 병상 2기관, 수용가능 2기관, 메시지 14건
2026-09-26 15:30:12 [전남광주통합특별시] 병상 59기관, 수용가능 63기관, 메시지 41건
2026-09-26 15:30:14 [강원특별자치도] 병상 21기관, 수용가능 22기관, 메시지 11건
2026-09-26 15:30:15 [충청북도] 병상 15기관, 수용가능 17기관, 메시지 3건
2026-09-26 15:30:16 [충청남도] 병상 18기관, 수용가능 18기관, 메시지 11건
2026-09-26 15:30:18 [전북특별자치도] 병상 20기관, 수용가능 21기관, 메시지 35건
2026-09-26 15:30:19 [경상북도] 병상 31기관, 수용가능 32기관, 메시지 51건
2026-09-26 15:30:21 [경상남도] 병상 35기관, 수용가능 36기관, 메시지 109건
2026-09-26 15:30:22 [제주특별자치도] 병상 6기관, 수용가능 6기관, 메시지 17건
2026-09-26 16:00:14 [서울특별시] 병상 51기관, 수용가능 54기관, 메시지 149건
2026-09-26 16:00:15 [경기도] 병상 73기관, 수용가능 76기관, 메시지 121건
2026-09-26 16:00:16 [인천광역시] 병상 21기관, 수용가능 22기관, 메시지 16건
2026-09-26 16:00:17 [부산광역시] 병상 29기관, 수용가능 31기관, 메시지 138건
2026-09-26 16:00:18 [대구광역시] 병상 19기관, 수용가능 19기관, 메시지 83건
2026-09-26 16:00:20 [대전광역시] 병상 9기관, 수용가능 10기관, 메시지 68건
2026-09-26 16:00:21 [울산광역시] 병상 7기관, 수용가능 9기관, 메시지 17건
2026-09-26 16:00:22 [세종특별자치시] 병상 2기관, 수용가능 2기관, 메시지 14건
2026-09-26 16:00:22 [전남광주통합특별시] 병상 59기관, 수용가능 63기관, 메시지 41건
2026-09-26 16:00:23 [강원특별자치도] 병상 21기관, 수용가능 22기관, 메시지 11건
2026-09-26 16:00:24 [충청북도] 병상 15기관, 수용가능 17기관, 메시지 3건
2026-09-26 16:00:26 [충청남도] 병상 18기관, 수용가능 18기관, 메시지 11건
2026-09-26 16:00:26 [전북특별자치도] 병상 20기관, 수용가능 21기관, 메시지 35건
2026-09-26 16:00:27 [경상북도] 병상 31기관, 수용가능 32기관, 메시지 51건
2026-09-26 16:00:29 [경상남도] 병상 35기관, 수용가능 36기관, 메시지 109건
2026-09-26 16:00:31 [제주특별자치도] 병상 6기관, 수용가능 6기관, 메시지 17건
2026-09-26 16:30:01 [서울특별시] 병상 51기관, 수용가능 54기관, 메시지 149건
2026-09-26 16:30:03 [경기도] 병상 73기관, 수용가능 76기관, 메시지 121건
2026-09-26 16:30:04 [인천광역시] 병상 21기관, 수용가능 22기관, 메시지 16건
2026-09-26 16:30:06 [부산광역시] 병상 29기관, 수용가능 31기관, 메시지 138건
2026-09-26 16:30:07 [대구광역시] 병상 19기관, 수용가능 19기관, 메시지 83건
2026-09-26 16:30:07 [대전광역시] 병상 9기관, 수용가능 10기관, 메시지 68건
2026-09-26 16:30:09 [울산광역시] 병상 7기관, 수용가능 9기관, 메시지 17건
2026-09-26 16:30:10 [세종특별자치시] 병상 2기관, 수용가능 2기관, 메시지 14건
2026-09-26 16:30:11 [전남광주통합특별시] 병상 59기관, 수용가능 63기관, 메시지 41건
2026-09-26 16:30:11 [강원특별자치도] 병상 21기관, 수용가능 22기관, 메시지 11건
2026-09-26 16:30:13 [충청북도] 병상 15기관, 수용가능 17기관, 메시지 3건
2026-09-26 16:30:14 [충청남도] 병상 18기관, 수용가능 18기관, 메시지 11건
2026-09-26 16:30:15 [전북특별자치도] 병상 20기관, 수용가능 21기관, 메시지 35건
2026-09-26 16:30:17 [경상북도] 병상 31기관, 수용가능 32기관, 메시지 51건
2026-09-26 16:30:19 [경상남도] 병상 35기관, 수용가능 36기관, 메시지 109건
2026-09-26 16:30:20 [제주특별자치도] 병상 6기관, 수용가능 6기관, 메시지 17건
2026-09-26 17:00:01 [서울특별시] 병상 51기관, 수용가능 54기관, 메시지 149건
2026-09-26 17:00:01 [경기도] 병상 73기관, 수용가능 76기관, 메시지 121건
2026-09-26 17:00:03 [인천광역시] 병상 21기관, 수용가능 22기관, 메시지 16건
2026-09-26 17:00:04 [부산광역시] 병상 29기관, 수용가능 31기관, 메시지 138건
2026-09-26 17:00:06 [대구광역시] 병상 19기관, 수용가능 19기관, 메시지 83건
2026-09-26 17:00:06 [대전광역시] 병상 9기관, 수용가능 10기관, 메시지 68건
2026-09-26 17:00:09 [울산광역시] 병상 7기관, 수용가능 9기관, 메시지 17건
2026-09-26 17:00:10 [세종특별자치시] 병상 2기관, 수용가능 2기관, 메시지 14건
2026-09-26 17:00:11 [전남광주통합특별시] 병상 59기관, 수용가능 63기관, 메시지 41건
2026-09-26 17:00:12 [강원특별자치도] 병상 21기관, 수용가능 22기관, 메시지 11건
2026-09-26 17:00:14 [충청북도] 병상 15기관, 수용가능 17기관, 메시지 3건
2026-09-26 17:00:15 [충청남도] 병상 18기관, 수용가능 18기관, 메시지 11건
2026-09-26 17:00:16 [전북특별자치도] 병상 20기관, 수용가능 21기관, 메시지 35건
2026-09-26 17:00:17 [경상북도] 병상 31기관, 수용가능 32기관, 메시지 51건
2026-09-26 17:00:18 [경상남도] 병상 35기관, 수용가능 36기관, 메시지 109건
2026-09-26 17:00:18 [제주특별자치도] 병상 6기관, 수용가능 6기관, 메시지 17건
2026-09-26 17:30:01 [서울특별시] 병상 51기관, 수용가능 54기관, 메시지 146건
2026-09-26 17:30:03 [경기도] 병상 73기관, 수용가능 76기관, 메시지 122건
2026-09-26 17:30:03 [인천광역시] 병상 21기관, 수용가능 22기관, 메시지 18건
2026-09-26 17:30:04 [부산광역시] 병상 29기관, 수용가능 31기관, 메시지 138건
2026-09-26 17:30:05 [대구광역시] 병상 19기관, 수용가능 19기관, 메시지 82건
2026-09-26 17:30:07 [대전광역시] 병상 9기관, 수용가능 10기관, 메시지 68건
2026-09-26 17:30:08 [울산광역시] 병상 7기관, 수용가능 9기관, 메시지 17건
2026-09-26 17:30:09 [세종특별자치시] 병상 2기관, 수용가능 2기관, 메시지 14건
2026-09-26 17:30:10 [전남광주통합특별시] 병상 59기관, 수용가능 63기관, 메시지 41건
2026-09-26 17:30:11 [강원특별자치도] 병상 21기관, 수용가능 22기관, 메시지 11건
2026-09-26 17:30:12 [충청북도] 병상 14기관, 수용가능 17기관, 메시지 3건
2026-09-26 17:30:13 [충청남도] 병상 18기관, 수용가능 18기관, 메시지 11건
2026-09-26 17:30:15 [전북특별자치도] 병상 20기관, 수용가능 21기관, 메시지 35건
2026-09-26 17:30:16 [경상북도] 병상 31기관, 수용가능 32기관, 메시지 51건
2026-09-26 17:30:17 [경상남도] 병상 35기관, 수용가능 36기관, 메시지 109건
2026-09-26 17:30:17 [제주특별자치도] 병상 6기관, 수용가능 6기관, 메시지 17건
2026-09-26 18:00:07 [서울특별시] 병상 51기관, 수용가능 54기관, 메시지 146건
2026-09-26 18:00:09 [경기도] 병상 73기관, 수용가능 76기관, 메시지 119건
2026-09-26 18:00:11 [인천광역시] 병상 21기관, 수용가능 22기관, 메시지 17건
2026-09-26 18:00:13 [부산광역시] 병상 29기관, 수용가능 31기관, 메시지 137건
2026-09-26 18:00:19 [대구광역시] 병상 19기관, 수용가능 19기관, 메시지 82건
2026-09-26 18:00:22 [대전광역시] 병상 9기관, 수용가능 10기관, 메시지 68건
2026-09-26 18:00:24 [울산광역시] 병상 7기관, 수용가능 9기관, 메시지 17건
2026-09-26 18:00:25 [세종특별자치시] 병상 2기관, 수용가능 2기관, 메시지 14건
2026-09-26 18:00:26 [전남광주통합특별시] 병상 59기관, 수용가능 63기관, 메시지 41건
2026-09-26 18:00:27 [강원특별자치도] 병상 21기관, 수용가능 22기관, 메시지 11건
2026-09-26 18:00:29 [충청북도] 병상 15기관, 수용가능 17기관, 메시지 3건
2026-09-26 18:00:30 [충청남도] 병상 18기관, 수용가능 18기관, 메시지 11건
2026-09-26 18:00:31 [전북특별자치도] 병상 20기관, 수용가능 21기관, 메시지 35건
2026-09-26 18:00:31 [경상북도] 병상 31기관, 수용가능 32기관, 메시지 51건
2026-09-26 18:00:32 [경상남도] 병상 35기관, 수용가능 36기관, 메시지 109건
2026-09-26 18:00:33 [제주특별자치도] 병상 6기관, 수용가능 6기관, 메시지 17건
2026-09-26 18:29:59 [서울특별시] 병상 51기관, 수용가능 54기관, 메시지 146건
2026-09-26 18:30:01 [경기도] 병상 73기관, 수용가능 76기관, 메시지 119건
2026-09-26 18:30:03 [인천광역시] 병상 21기관, 수용가능 22기관, 메시지 17건
2026-09-26 18:30:04 [부산광역시] 병상 29기관, 수용가능 31기관, 메시지 138건
2026-09-26 18:30:05 [대구광역시] 병상 19기관, 수용가능 19기관, 메시지 82건
2026-09-26 18:30:06 [대전광역시] 병상 9기관, 수용가능 10기관, 메시지 68건
2026-09-26 18:30:06 [울산광역시] 병상 7기관, 수용가능 9기관, 메시지 17건
2026-09-26 18:30:07 [세종특별자치시] 병상 2기관, 수용가능 2기관, 메시지 14건
2026-09-26 18:30:08 [전남광주통합특별시] 병상 59기관, 수용가능 63기관, 메시지 41건
2026-09-26 18:30:09 [강원특별자치도] 병상 21기관, 수용가능 22기관, 메시지 11건
2026-09-26 18:30:09 [충청북도] 병상 15기관, 수용가능 17기관, 메시지 3건
2026-09-26 18:30:11 [충청남도] 병상 18기관, 수용가능 18기관, 메시지 11건
2026-09-26 18:30:12 [전북특별자치도] 병상 20기관, 수용가능 21기관, 메시지 36건
2026-09-26 18:30:12 [경상북도] 병상 31기관, 수용가능 32기관, 메시지 51건
2026-09-26 18:30:13 [경상남도] 병상 35기관, 수용가능 36기관, 메시지 110건
2026-09-26 18:30:14 [제주특별자치도] 병상 6기관, 수용가능 6기관, 메시지 17건
2026-09-26 19:00:03 [서울특별시] 병상 51기관, 수용가능 54기관, 메시지 145건
2026-09-26 19:00:05 [경기도] 병상 73기관, 수용가능 76기관, 메시지 119건
2026-09-26 19:00:05 [인천광역시] 병상 21기관, 수용가능 22기관, 메시지 17건
2026-09-26 19:00:07 [부산광역시] 병상 29기관, 수용가능 31기관, 메시지 139건
2026-09-26 19:00:08 [대구광역시] 병상 19기관, 수용가능 19기관, 메시지 81건
2026-09-26 19:00:09 [대전광역시] 병상 9기관, 수용가능 10기관, 메시지 68건
2026-09-26 19:00:09 [울산광역시] 병상 7기관, 수용가능 9기관, 메시지 17건
2026-09-26 19:00:11 [세종특별자치시] 병상 2기관, 수용가능 2기관, 메시지 14건
2026-09-26 19:00:11 [전남광주통합특별시] 병상 59기관, 수용가능 63기관, 메시지 41건
2026-09-26 19:00:12 [강원특별자치도] 병상 21기관, 수용가능 22기관, 메시지 11건
2026-09-26 19:00:14 [충청북도] 병상 15기관, 수용가능 17기관, 메시지 3건
2026-09-26 19:00:15 [충청남도] 병상 18기관, 수용가능 18기관, 메시지 11건
2026-09-26 19:00:16 [전북특별자치도] 병상 20기관, 수용가능 21기관, 메시지 36건
2026-09-26 19:00:17 [경상북도] 병상 31기관, 수용가능 32기관, 메시지 51건
2026-09-26 19:00:17 [경상남도] 병상 35기관, 수용가능 36기관, 메시지 110건
2026-09-26 19:00:18 [제주특별자치도] 병상 6기관, 수용가능 6기관, 메시지 17건
2026-09-26 19:29:59 [서울특별시] 병상 51기관, 수용가능 54기관, 메시지 145건
2026-09-26 19:30:00 [경기도] 병상 73기관, 수용가능 76기관, 메시지 119건
2026-09-26 19:30:03 [인천광역시] 병상 21기관, 수용가능 22기관, 메시지 17건
2026-09-26 19:30:04 [부산광역시] 병상 29기관, 수용가능 31기관, 메시지 139건
2026-09-26 19:30:05 [대구광역시] 병상 19기관, 수용가능 19기관, 메시지 82건
2026-09-26 19:30:07 [대전광역시] 병상 9기관, 수용가능 10기관, 메시지 68건
2026-09-26 19:30:08 [울산광역시] 병상 7기관, 수용가능 9기관, 메시지 17건
2026-09-26 19:30:09 [세종특별자치시] 병상 2기관, 수용가능 2기관, 메시지 14건
2026-09-26 19:30:10 [전남광주통합특별시] 병상 59기관, 수용가능 63기관, 메시지 41건
2026-09-26 19:30:11 [강원특별자치도] 병상 21기관, 수용가능 22기관, 메시지 11건
2026-09-26 19:30:12 [충청북도] 병상 15기관, 수용가능 17기관, 메시지 3건
2026-09-26 19:30:12 [충청남도] 병상 18기관, 수용가능 18기관, 메시지 11건
2026-09-26 19:30:15 [전북특별자치도] 병상 20기관, 수용가능 21기관, 메시지 36건
2026-09-26 19:30:17 [경상북도] 병상 31기관, 수용가능 32기관, 메시지 51건
2026-09-26 19:30:18 [경상남도] 병상 35기관, 수용가능 36기관, 메시지 110건
2026-09-26 19:30:19 [제주특별자치도] 병상 6기관, 수용가능 6기관, 메시지 17건
2026-09-26 20:00:02 [서울특별시] 병상 51기관, 수용가능 54기관, 메시지 142건
2026-09-26 20:00:02 [경기도] 병상 73기관, 수용가능 76기관, 메시지 119건
2026-09-26 20:00:03 [인천광역시] 병상 21기관, 수용가능 22기관, 메시지 17건
2026-09-26 20:00:04 [부산광역시] 병상 29기관, 수용가능 31기관, 메시지 139건
2026-09-26 20:00:05 [대구광역시] 병상 19기관, 수용가능 19기관, 메시지 82건
2026-09-26 20:00:06 [대전광역시] 병상 9기관, 수용가능 10기관, 메시지 68건
2026-09-26 20:00:07 [울산광역시] 병상 7기관, 수용가능 9기관, 메시지 17건
2026-09-26 20:00:09 [세종특별자치시] 병상 2기관, 수용가능 2기관, 메시지 14건
2026-09-26 20:00:09 [전남광주통합특별시] 병상 59기관, 수용가능 63기관, 메시지 41건
2026-09-26 20:00:10 [강원특별자치도] 병상 21기관, 수용가능 22기관, 메시지 11건
2026-09-26 20:00:12 [충청북도] 병상 15기관, 수용가능 17기관, 메시지 3건
2026-09-26 20:00:13 [충청남도] 병상 18기관, 수용가능 18기관, 메시지 11건
2026-09-26 20:00:14 [전북특별자치도] 병상 20기관, 수용가능 21기관, 메시지 36건
2026-09-26 20:00:15 [경상북도] 병상 31기관, 수용가능 32기관, 메시지 51건
2026-09-26 20:00:16 [경상남도] 병상 35기관, 수용가능 36기관, 메시지 110건
2026-09-26 20:00:17 [제주특별자치도] 병상 6기관, 수용가능 6기관, 메시지 17건
2026-09-26 20:30:03 [서울특별시] 병상 51기관, 수용가능 54기관, 메시지 146건
2026-09-26 20:30:04 [경기도] 병상 73기관, 수용가능 76기관, 메시지 119건
2026-09-26 20:30:06 [인천광역시] 병상 21기관, 수용가능 22기관, 메시지 17건
2026-09-26 20:30:07 [부산광역시] 병상 29기관, 수용가능 31기관, 메시지 139건
2026-09-26 20:30:08 [대구광역시] 병상 19기관, 수용가능 19기관, 메시지 82건
2026-09-26 20:30:09 [대전광역시] 병상 9기관, 수용가능 10기관, 메시지 68건
2026-09-26 20:30:11 [울산광역시] 병상 7기관, 수용가능 9기관, 메시지 17건
2026-09-26 20:30:11 [세종특별자치시] 병상 2기관, 수용가능 2기관, 메시지 14건
2026-09-26 20:30:12 [전남광주통합특별시] 병상 59기관, 수용가능 63기관, 메시지 41건
2026-09-26 20:30:15 [강원특별자치도] 병상 21기관, 수용가능 22기관, 메시지 11건
2026-09-26 20:30:17 [충청북도] 병상 15기관, 수용가능 17기관, 메시지 3건
2026-09-26 20:30:18 [충청남도] 병상 18기관, 수용가능 18기관, 메시지 11건
2026-09-26 20:30:19 [전북특별자치도] 병상 20기관, 수용가능 21기관, 메시지 36건
2026-09-26 20:30:20 [경상북도] 병상 31기관, 수용가능 32기관, 메시지 51건
2026-09-26 20:30:22 [경상남도] 병상 35기관, 수용가능 36기관, 메시지 110건
2026-09-26 20:30:22 [제주특별자치도] 병상 6기관, 수용가능 6기관, 메시지 17건
2026-09-26 21:00:01 [서울특별시] 병상 51기관, 수용가능 54기관, 메시지 146건
2026-09-26 21:00:03 [경기도] 병상 73기관, 수용가능 76기관, 메시지 119건
2026-09-26 21:00:03 [인천광역시] 병상 21기관, 수용가능 22기관, 메시지 17건
2026-09-26 21:00:04 [부산광역시] 병상 29기관, 수용가능 31기관, 메시지 140건
2026-09-26 21:00:05 [대구광역시] 병상 19기관, 수용가능 19기관, 메시지 82건
2026-09-26 21:00:07 [대전광역시] 병상 9기관, 수용가능 10기관, 메시지 64건
2026-09-26 21:00:07 [울산광역시] 병상 7기관, 수용가능 9기관, 메시지 17건
2026-09-26 21:00:09 [세종특별자치시] 병상 2기관, 수용가능 2기관, 메시지 14건
2026-09-26 21:00:09 [전남광주통합특별시] 병상 59기관, 수용가능 63기관, 메시지 41건
2026-09-26 21:00:10 [강원특별자치도] 병상 21기관, 수용가능 22기관, 메시지 11건
2026-09-26 21:00:11 [충청북도] 병상 15기관, 수용가능 17기관, 메시지 3건
2026-09-26 21:00:12 [충청남도] 병상 18기관, 수용가능 18기관, 메시지 11건
2026-09-26 21:00:13 [전북특별자치도] 병상 20기관, 수용가능 21기관, 메시지 36건
2026-09-26 21:00:15 [경상북도] 병상 31기관, 수용가능 32기관, 메시지 51건
2026-09-26 21:00:16 [경상남도] 병상 35기관, 수용가능 36기관, 메시지 110건
2026-09-26 21:00:16 [제주특별자치도] 병상 6기관, 수용가능 6기관, 메시지 17건
2026-09-26 21:30:01 [서울특별시] 병상 51기관, 수용가능 54기관, 메시지 146건
2026-09-26 21:30:02 [경기도] 병상 73기관, 수용가능 76기관, 메시지 119건
2026-09-26 21:30:03 [인천광역시] 병상 21기관, 수용가능 22기관, 메시지 17건
2026-09-26 21:30:05 [부산광역시] 병상 29기관, 수용가능 31기관, 메시지 140건
2026-09-26 21:30:06 [대구광역시] 병상 19기관, 수용가능 19기관, 메시지 82건
2026-09-26 21:30:07 [대전광역시] 병상 9기관, 수용가능 10기관, 메시지 64건
2026-09-26 21:30:08 [울산광역시] 병상 7기관, 수용가능 9기관, 메시지 18건
2026-09-26 21:30:08 [세종특별자치시] 병상 2기관, 수용가능 2기관, 메시지 14건
2026-09-26 21:30:10 [전남광주통합특별시] 병상 59기관, 수용가능 63기관, 메시지 41건
2026-09-26 21:30:11 [강원특별자치도] 병상 21기관, 수용가능 22기관, 메시지 11건
2026-09-26 21:30:12 [충청북도] 병상 15기관, 수용가능 17기관, 메시지 3건
2026-09-26 21:30:13 [충청남도] 병상 18기관, 수용가능 18기관, 메시지 11건
2026-09-26 21:30:15 [전북특별자치도] 병상 20기관, 수용가능 21기관, 메시지 36건
2026-09-26 21:30:16 [경상북도] 병상 31기관, 수용가능 32기관, 메시지 51건
2026-09-26 21:30:17 [경상남도] 병상 35기관, 수용가능 36기관, 메시지 110건
2026-09-26 21:30:18 [제주특별자치도] 병상 6기관, 수용가능 6기관, 메시지 17건
2026-09-26 22:00:03 [서울특별시] 병상 51기관, 수용가능 54기관, 메시지 147건
2026-09-26 22:00:05 [경기도] 병상 73기관, 수용가능 76기관, 메시지 119건
2026-09-26 22:00:06 [인천광역시] 병상 21기관, 수용가능 22기관, 메시지 17건
2026-09-26 22:00:07 [부산광역시] 병상 29기관, 수용가능 31기관, 메시지 139건
2026-09-26 22:00:09 [대구광역시] 병상 19기관, 수용가능 19기관, 메시지 82건
2026-09-26 22:00:10 [대전광역시] 병상 9기관, 수용가능 10기관, 메시지 64건
2026-09-26 22:00:12 [울산광역시] 병상 7기관, 수용가능 9기관, 메시지 18건
2026-09-26 22:00:14 [세종특별자치시] 병상 2기관, 수용가능 2기관, 메시지 14건
2026-09-26 22:00:15 [전남광주통합특별시] 병상 59기관, 수용가능 63기관, 메시지 41건
2026-09-26 22:00:16 [강원특별자치도] 병상 21기관, 수용가능 22기관, 메시지 11건
2026-09-26 22:00:17 [충청북도] 병상 15기관, 수용가능 17기관, 메시지 3건
2026-09-26 22:00:18 [충청남도] 병상 18기관, 수용가능 18기관, 메시지 11건
2026-09-26 22:00:20 [전북특별자치도] 병상 20기관, 수용가능 21기관, 메시지 36건
2026-09-26 22:00:23 [경상북도] 병상 31기관, 수용가능 32기관, 메시지 51건
2026-09-26 22:00:25 [경상남도] 병상 35기관, 수용가능 36기관, 메시지 110건
2026-09-26 22:00:26 [제주특별자치도] 병상 6기관, 수용가능 6기관, 메시지 17건
2026-09-26 22:30:02 [서울특별시] 병상 51기관, 수용가능 54기관, 메시지 149건
2026-09-26 22:30:03 [경기도] 병상 73기관, 수용가능 76기관, 메시지 119건
2026-09-26 22:30:05 [인천광역시] 병상 21기관, 수용가능 22기관, 메시지 17건
2026-09-26 22:30:06 [부산광역시] 병상 29기관, 수용가능 31기관, 메시지 139건
2026-09-26 22:30:07 [대구광역시] 병상 19기관, 수용가능 19기관, 메시지 82건
2026-09-26 22:30:08 [대전광역시] 병상 9기관, 수용가능 10기관, 메시지 64건
2026-09-26 22:30:10 [울산광역시] 병상 7기관, 수용가능 9기관, 메시지 18건
2026-09-26 22:30:12 [세종특별자치시] 병상 2기관, 수용가능 2기관, 메시지 14건
2026-09-26 22:30:12 [전남광주통합특별시] 병상 59기관, 수용가능 63기관, 메시지 41건
2026-09-26 22:30:14 [강원특별자치도] 병상 21기관, 수용가능 22기관, 메시지 11건
2026-09-26 22:30:17 [충청북도] 병상 15기관, 수용가능 17기관, 메시지 3건
2026-09-26 22:30:18 [충청남도] 병상 18기관, 수용가능 18기관, 메시지 11건
2026-09-26 22:30:18 [전북특별자치도] 병상 20기관, 수용가능 21기관, 메시지 37건
2026-09-26 22:30:19 [경상북도] 병상 31기관, 수용가능 32기관, 메시지 51건
2026-09-26 22:30:20 [경상남도] 병상 35기관, 수용가능 36기관, 메시지 110건
2026-09-26 22:30:21 [제주특별자치도] 병상 6기관, 수용가능 6기관, 메시지 17건
2026-09-26 23:00:15 [서울특별시] 병상 51기관, 수용가능 54기관, 메시지 149건
2026-09-26 23:00:17 [경기도] 병상 73기관, 수용가능 76기관, 메시지 119건
2026-09-26 23:00:18 [인천광역시] 병상 21기관, 수용가능 22기관, 메시지 17건
2026-09-26 23:00:20 [부산광역시] 병상 29기관, 수용가능 31기관, 메시지 139건
2026-09-26 23:00:22 [대구광역시] 병상 19기관, 수용가능 19기관, 메시지 82건
2026-09-26 23:00:23 [대전광역시] 병상 9기관, 수용가능 10기관, 메시지 64건
2026-09-26 23:00:24 [울산광역시] 병상 7기관, 수용가능 9기관, 메시지 18건
2026-09-26 23:00:24 [세종특별자치시] 병상 2기관, 수용가능 2기관, 메시지 14건
2026-09-26 23:00:26 [전남광주통합특별시] 병상 59기관, 수용가능 63기관, 메시지 41건
2026-09-26 23:00:27 [강원특별자치도] 병상 21기관, 수용가능 22기관, 메시지 11건
2026-09-26 23:00:28 [충청북도] 병상 15기관, 수용가능 17기관, 메시지 3건
2026-09-26 23:00:29 [충청남도] 병상 18기관, 수용가능 18기관, 메시지 11건
2026-09-26 23:00:31 [전북특별자치도] 병상 20기관, 수용가능 21기관, 메시지 37건
2026-09-26 23:00:32 [경상북도] 병상 31기관, 수용가능 32기관, 메시지 51건
2026-09-26 23:00:33 [경상남도] 병상 35기관, 수용가능 36기관, 메시지 110건
2026-09-26 23:00:34 [제주특별자치도] 병상 6기관, 수용가능 6기관, 메시지 17건
2026-09-26 23:30:02 [서울특별시] 병상 51기관, 수용가능 54기관, 메시지 149건
2026-09-26 23:30:04 [경기도] 병상 73기관, 수용가능 76기관, 메시지 119건
2026-09-26 23:30:04 [인천광역시] 병상 21기관, 수용가능 22기관, 메시지 17건
2026-09-26 23:30:05 [부산광역시] 병상 29기관, 수용가능 31기관, 메시지 140건
2026-09-26 23:30:07 [대구광역시] 병상 19기관, 수용가능 19기관, 메시지 82건
2026-09-26 23:30:08 [대전광역시] 병상 9기관, 수용가능 10기관, 메시지 64건
2026-09-26 23:30:09 [울산광역시] 병상 7기관, 수용가능 9기관, 메시지 18건
2026-09-26 23:30:10 [세종특별자치시] 병상 2기관, 수용가능 2기관, 메시지 14건
2026-09-26 23:30:12 [전남광주통합특별시] 병상 59기관, 수용가능 63기관, 메시지 41건
2026-09-26 23:30:13 [강원특별자치도] 병상 21기관, 수용가능 22기관, 메시지 11건
2026-09-26 23:30:14 [충청북도] 병상 15기관, 수용가능 17기관, 메시지 3건
2026-09-26 23:30:15 [충청남도] 병상 18기관, 수용가능 18기관, 메시지 11건
2026-09-26 23:30:17 [전북특별자치도] 병상 20기관, 수용가능 21기관, 메시지 37건
2026-09-26 23:30:18 [경상북도] 병상 31기관, 수용가능 32기관, 메시지 51건
2026-09-26 23:30:19 [경상남도] 병상 35기관, 수용가능 36기관, 메시지 113건
2026-09-26 23:30:20 [제주특별자치도] 병상 6기관, 수용가능 6기관, 메시지 17건
2026-09-27 00:00:00 [서울특별시] 병상 51기관, 수용가능 54기관, 메시지 149건
2026-09-27 00:00:01 [경기도] 병상 73기관, 수용가능 76기관, 메시지 119건
2026-09-27 00:00:03 [인천광역시] 병상 21기관, 수용가능 22기관, 메시지 17건
2026-09-27 00:00:03 [부산광역시] 병상 29기관, 수용가능 31기관, 메시지 138건
2026-09-27 00:00:04 [대구광역시] 병상 19기관, 수용가능 19기관, 메시지 81건
2026-09-27 00:00:05 [대전광역시] 병상 9기관, 수용가능 10기관, 메시지 65건
2026-09-27 00:00:07 [울산광역시] 병상 7기관, 수용가능 9기관, 메시지 18건
2026-09-27 00:00:08 [세종특별자치시] 병상 2기관, 수용가능 2기관, 메시지 0건
2026-09-27 00:00:09 [전남광주통합특별시] 병상 59기관, 수용가능 63기관, 메시지 36건
2026-09-27 00:00:10 [강원특별자치도] 병상 21기관, 수용가능 22기관, 메시지 11건
2026-09-27 00:00:11 [충청북도] 병상 15기관, 수용가능 17기관, 메시지 3건
2026-09-27 00:00:12 [충청남도] 병상 18기관, 수용가능 18기관, 메시지 9건
2026-09-27 00:00:14 [전북특별자치도] 병상 20기관, 수용가능 21기관, 메시지 22건
2026-09-27 00:00:15 [경상북도] 병상 31기관, 수용가능 32기관, 메시지 51건
2026-09-27 00:00:17 [경상남도] 병상 35기관, 수용가능 36기관, 메시지 113건
2026-09-27 00:00:18 [제주특별자치도] 병상 6기관, 수용가능 6기관, 메시지 17건
2026-09-27 00:29:59 [서울특별시] 병상 51기관, 수용가능 54기관, 메시지 145건
2026-09-27 00:30:01 [경기도] 병상 73기관, 수용가능 76기관, 메시지 119건
2026-09-27 00:30:01 [인천광역시] 병상 21기관, 수용가능 22기관, 메시지 17건
2026-09-27 00:30:02 [부산광역시] 병상 29기관, 수용가능 31기관, 메시지 139건
2026-09-27 00:30:04 [대구광역시] 병상 19기관, 수용가능 19기관, 메시지 82건
2026-09-27 00:30:05 [대전광역시] 병상 9기관, 수용가능 10기관, 메시지 64건
2026-09-27 00:30:06 [울산광역시] 병상 7기관, 수용가능 9기관, 메시지 18건
2026-09-27 00:30:07 [세종특별자치시] 병상 2기관, 수용가능 2기관, 메시지 14건
2026-09-27 00:30:08 [전남광주통합특별시] 병상 59기관, 수용가능 63기관, 메시지 40건
2026-09-27 00:30:10 [강원특별자치도] 병상 21기관, 수용가능 22기관, 메시지 11건
2026-09-27 00:30:11 [충청북도] 병상 15기관, 수용가능 17기관, 메시지 3건
2026-09-27 00:30:12 [충청남도] 병상 18기관, 수용가능 18기관, 메시지 11건
2026-09-27 00:30:13 [전북특별자치도] 병상 20기관, 수용가능 21기관, 메시지 35건
2026-09-27 00:30:14 [경상북도] 병상 31기관, 수용가능 32기관, 메시지 52건
2026-09-27 00:30:15 [경상남도] 병상 35기관, 수용가능 36기관, 메시지 114건
2026-09-27 00:30:16 [제주특별자치도] 병상 6기관, 수용가능 6기관, 메시지 17건
2026-09-27 01:00:05 [서울특별시] 병상 51기관, 수용가능 54기관, 메시지 145건
2026-09-27 01:00:06 [경기도] 병상 73기관, 수용가능 76기관, 메시지 119건
2026-09-27 01:00:07 [인천광역시] 병상 21기관, 수용가능 22기관, 메시지 17건
2026-09-27 01:00:09 [부산광역시] 병상 29기관, 수용가능 31기관, 메시지 139건
2026-09-27 01:00:10 [대구광역시] 병상 19기관, 수용가능 19기관, 메시지 82건
2026-09-27 01:00:12 [대전광역시] 병상 9기관, 수용가능 10기관, 메시지 64건
2026-09-27 01:00:12 [울산광역시] 병상 7기관, 수용가능 9기관, 메시지 18건
2026-09-27 01:00:13 [세종특별자치시] 병상 2기관, 수용가능 2기관, 메시지 14건
2026-09-27 01:00:14 [전남광주통합특별시] 병상 59기관, 수용가능 63기관, 메시지 40건
2026-09-27 01:00:15 [강원특별자치도] 병상 21기관, 수용가능 22기관, 메시지 11건
2026-09-27 01:00:17 [충청북도] 병상 15기관, 수용가능 17기관, 메시지 3건
2026-09-27 01:00:18 [충청남도] 병상 18기관, 수용가능 18기관, 메시지 11건
2026-09-27 01:00:18 [전북특별자치도] 병상 20기관, 수용가능 21기관, 메시지 35건
2026-09-27 01:00:19 [경상북도] 병상 31기관, 수용가능 32기관, 메시지 52건
2026-09-27 01:00:19 [경상남도] 병상 35기관, 수용가능 36기관, 메시지 114건
2026-09-27 01:00:21 [제주특별자치도] 병상 6기관, 수용가능 6기관, 메시지 17건
2026-09-27 01:30:01 [서울특별시] 병상 51기관, 수용가능 54기관, 메시지 145건
2026-09-27 01:30:02 [경기도] 병상 73기관, 수용가능 76기관, 메시지 119건
2026-09-27 01:30:03 [인천광역시] 병상 21기관, 수용가능 22기관, 메시지 17건
2026-09-27 01:30:04 [부산광역시] 병상 29기관, 수용가능 31기관, 메시지 139건
2026-09-27 01:30:06 [대구광역시] 병상 19기관, 수용가능 19기관, 메시지 82건
2026-09-27 01:30:07 [대전광역시] 병상 9기관, 수용가능 10기관, 메시지 64건
2026-09-27 01:30:07 [울산광역시] 병상 7기관, 수용가능 9기관, 메시지 18건
2026-09-27 01:30:09 [세종특별자치시] 병상 2기관, 수용가능 2기관, 메시지 14건
2026-09-27 01:30:22 [전남광주통합특별시] 병상 59기관, 수용가능 63기관, 메시지 40건
2026-09-27 01:30:24 [강원특별자치도] 병상 21기관, 수용가능 22기관, 메시지 11건
2026-09-27 01:30:25 [충청북도] 병상 14기관, 수용가능 17기관, 메시지 3건
2026-09-27 01:30:26 [충청남도] 병상 18기관, 수용가능 18기관, 메시지 11건
2026-09-27 01:30:26 [전북특별자치도] 병상 20기관, 수용가능 21기관, 메시지 35건
2026-09-27 01:30:27 [경상북도] 병상 31기관, 수용가능 32기관, 메시지 52건
2026-09-27 01:30:29 [경상남도] 병상 35기관, 수용가능 36기관, 메시지 114건
2026-09-27 01:30:30 [제주특별자치도] 병상 6기관, 수용가능 6기관, 메시지 17건
2026-09-27 02:00:03 [서울특별시] 병상 51기관, 수용가능 54기관, 메시지 144건
2026-09-27 02:00:06 [경기도] 병상 73기관, 수용가능 76기관, 메시지 119건
2026-09-27 02:00:08 [인천광역시] 병상 21기관, 수용가능 22기관, 메시지 17건
2026-09-27 02:00:11 [부산광역시] 병상 29기관, 수용가능 31기관, 메시지 138건
2026-09-27 02:00:18 [대구광역시] 병상 19기관, 수용가능 19기관, 메시지 82건
2026-09-27 02:00:19 [대전광역시] 병상 9기관, 수용가능 10기관, 메시지 64건
2026-09-27 02:00:20 [울산광역시] 병상 7기관, 수용가능 9기관, 메시지 18건
2026-09-27 02:00:21 [세종특별자치시] 병상 2기관, 수용가능 2기관, 메시지 14건
2026-09-27 02:00:23 [전남광주통합특별시] 병상 59기관, 수용가능 63기관, 메시지 40건
2026-09-27 02:00:24 [강원특별자치도] 병상 21기관, 수용가능 22기관, 메시지 11건
2026-09-27 02:00:26 [충청북도] 병상 15기관, 수용가능 17기관, 메시지 3건
2026-09-27 02:00:28 [충청남도] 병상 18기관, 수용가능 18기관, 메시지 11건
2026-09-27 02:00:29 [전북특별자치도] 병상 20기관, 수용가능 21기관, 메시지 35건
2026-09-27 02:00:30 [경상북도] 병상 31기관, 수용가능 32기관, 메시지 52건
2026-09-27 02:00:31 [경상남도] 병상 35기관, 수용가능 36기관, 메시지 114건
2026-09-27 02:00:33 [제주특별자치도] 병상 6기관, 수용가능 6기관, 메시지 17건
2026-09-27 02:30:01 [서울특별시] 병상 51기관, 수용가능 54기관, 메시지 144건
2026-09-27 02:30:02 [경기도] 병상 73기관, 수용가능 76기관, 메시지 119건
2026-09-27 02:30:03 [인천광역시] 병상 21기관, 수용가능 22기관, 메시지 17건
2026-09-27 02:30:04 [부산광역시] 병상 29기관, 수용가능 31기관, 메시지 138건
2026-09-27 02:30:06 [대구광역시] 병상 19기관, 수용가능 19기관, 메시지 82건
2026-09-27 02:30:07 [대전광역시] 병상 9기관, 수용가능 10기관, 메시지 64건
2026-09-27 02:30:08 [울산광역시] 병상 7기관, 수용가능 9기관, 메시지 18건
2026-09-27 02:30:10 [세종특별자치시] 병상 2기관, 수용가능 2기관, 메시지 14건
2026-09-27 02:30:12 [전남광주통합특별시] 병상 59기관, 수용가능 63기관, 메시지 40건
2026-09-27 02:30:13 [강원특별자치도] 병상 21기관, 수용가능 22기관, 메시지 11건
2026-09-27 02:30:14 [충청북도] 병상 15기관, 수용가능 17기관, 메시지 3건
2026-09-27 02:30:15 [충청남도] 병상 18기관, 수용가능 18기관, 메시지 11건
2026-09-27 02:30:17 [전북특별자치도] 병상 20기관, 수용가능 21기관, 메시지 35건
2026-09-27 02:30:19 [경상북도] 병상 31기관, 수용가능 32기관, 메시지 52건
2026-09-27 02:30:19 [경상남도] 병상 35기관, 수용가능 36기관, 메시지 114건
2026-09-27 02:30:20 [제주특별자치도] 병상 6기관, 수용가능 6기관, 메시지 17건
2026-09-27 03:00:02 [서울특별시] 병상 51기관, 수용가능 54기관, 메시지 144건
2026-09-27 03:00:04 [경기도] 병상 73기관, 수용가능 76기관, 메시지 119건
2026-09-27 03:00:05 [인천광역시] 병상 21기관, 수용가능 22기관, 메시지 17건
2026-09-27 03:00:06 [부산광역시] 병상 29기관, 수용가능 31기관, 메시지 138건
2026-09-27 03:00:08 [대구광역시] 병상 19기관, 수용가능 19기관, 메시지 82건
2026-09-27 03:00:10 [대전광역시] 병상 9기관, 수용가능 10기관, 메시지 64건
2026-09-27 03:00:11 [울산광역시] 병상 7기관, 수용가능 9기관, 메시지 18건
2026-09-27 03:00:12 [세종특별자치시] 병상 2기관, 수용가능 2기관, 메시지 14건
2026-09-27 03:00:13 [전남광주통합특별시] 병상 59기관, 수용가능 63기관, 메시지 40건
2026-09-27 03:00:14 [강원특별자치도] 병상 21기관, 수용가능 22기관, 메시지 11건
2026-09-27 03:00:16 [충청북도] 병상 15기관, 수용가능 17기관, 메시지 3건
2026-09-27 03:00:17 [충청남도] 병상 18기관, 수용가능 18기관, 메시지 11건
2026-09-27 03:00:18 [전북특별자치도] 병상 20기관, 수용가능 21기관, 메시지 35건
2026-09-27 03:00:19 [경상북도] 병상 31기관, 수용가능 32기관, 메시지 52건
2026-09-27 03:00:20 [경상남도] 병상 35기관, 수용가능 36기관, 메시지 111건
2026-09-27 03:00:21 [제주특별자치도] 병상 6기관, 수용가능 6기관, 메시지 17건
2026-09-27 03:30:02 [서울특별시] 병상 51기관, 수용가능 54기관, 메시지 144건
2026-09-27 03:30:03 [경기도] 병상 73기관, 수용가능 76기관, 메시지 119건
2026-09-27 03:30:04 [인천광역시] 병상 21기관, 수용가능 22기관, 메시지 17건
2026-09-27 03:30:06 [부산광역시] 병상 29기관, 수용가능 31기관, 메시지 138건
2026-09-27 03:30:07 [대구광역시] 병상 19기관, 수용가능 19기관, 메시지 83건
2026-09-27 03:30:10 [대전광역시] 병상 9기관, 수용가능 10기관, 메시지 64건
2026-09-27 03:30:11 [울산광역시] 병상 7기관, 수용가능 9기관, 메시지 18건
2026-09-27 03:30:12 [세종특별자치시] 병상 2기관, 수용가능 2기관, 메시지 14건
2026-09-27 03:30:12 [전남광주통합특별시] 병상 59기관, 수용가능 63기관, 메시지 40건
2026-09-27 03:30:13 [강원특별자치도] 병상 21기관, 수용가능 22기관, 메시지 11건
2026-09-27 03:30:14 [충청북도] 병상 15기관, 수용가능 17기관, 메시지 3건
2026-09-27 03:30:15 [충청남도] 병상 18기관, 수용가능 18기관, 메시지 11건
2026-09-27 03:30:16 [전북특별자치도] 병상 20기관, 수용가능 21기관, 메시지 35건
2026-09-27 03:30:17 [경상북도] 병상 31기관, 수용가능 32기관, 메시지 52건
2026-09-27 03:30:17 [경상남도] 병상 35기관, 수용가능 36기관, 메시지 111건
2026-09-27 03:30:19 [제주특별자치도] 병상 6기관, 수용가능 6기관, 메시지 17건
2026-09-27 04:00:02 [서울특별시] 병상 51기관, 수용가능 54기관, 메시지 144건
2026-09-27 04:00:03 [경기도] 병상 73기관, 수용가능 76기관, 메시지 119건
2026-09-27 04:00:03 [인천광역시] 병상 21기관, 수용가능 22기관, 메시지 17건
2026-09-27 04:00:05 [부산광역시] 병상 29기관, 수용가능 31기관, 메시지 138건
2026-09-27 04:00:06 [대구광역시] 병상 19기관, 수용가능 19기관, 메시지 83건
2026-09-27 04:00:07 [대전광역시] 병상 9기관, 수용가능 10기관, 메시지 65건
2026-09-27 04:00:09 [울산광역시] 병상 7기관, 수용가능 9기관, 메시지 18건
2026-09-27 04:00:10 [세종특별자치시] 병상 2기관, 수용가능 2기관, 메시지 14건
2026-09-27 04:00:11 [전남광주통합특별시] 병상 59기관, 수용가능 63기관, 메시지 40건
2026-09-27 04:00:13 [강원특별자치도] 병상 21기관, 수용가능 22기관, 메시지 11건
2026-09-27 04:00:14 [충청북도] 병상 15기관, 수용가능 17기관, 메시지 3건
2026-09-27 04:00:15 [충청남도] 병상 18기관, 수용가능 18기관, 메시지 11건
2026-09-27 04:00:16 [전북특별자치도] 병상 20기관, 수용가능 21기관, 메시지 35건
2026-09-27 04:00:17 [경상북도] 병상 31기관, 수용가능 32기관, 메시지 52건
2026-09-27 04:00:19 [경상남도] 병상 35기관, 수용가능 36기관, 메시지 111건
2026-09-27 04:00:21 [제주특별자치도] 병상 6기관, 수용가능 6기관, 메시지 17건
2026-09-27 04:30:02 [서울특별시] 병상 51기관, 수용가능 54기관, 메시지 144건
2026-09-27 04:30:04 [경기도] 병상 73기관, 수용가능 76기관, 메시지 119건
2026-09-27 04:30:04 [인천광역시] 병상 21기관, 수용가능 22기관, 메시지 17건
2026-09-27 04:30:05 [부산광역시] 병상 29기관, 수용가능 31기관, 메시지 138건
2026-09-27 04:30:05 [대구광역시] 병상 19기관, 수용가능 19기관, 메시지 83건
2026-09-27 04:30:07 [대전광역시] 병상 9기관, 수용가능 10기관, 메시지 65건
2026-09-27 04:30:09 [울산광역시] 병상 7기관, 수용가능 9기관, 메시지 18건
2026-09-27 04:30:10 [세종특별자치시] 병상 2기관, 수용가능 2기관, 메시지 14건
2026-09-27 04:30:11 [전남광주통합특별시] 병상 59기관, 수용가능 63기관, 메시지 40건
2026-09-27 04:30:13 [강원특별자치도] 병상 21기관, 수용가능 22기관, 메시지 11건
2026-09-27 04:30:14 [충청북도] 병상 15기관, 수용가능 17기관, 메시지 3건
2026-09-27 04:30:15 [충청남도] 병상 18기관, 수용가능 18기관, 메시지 11건
2026-09-27 04:30:16 [전북특별자치도] 병상 20기관, 수용가능 21기관, 메시지 35건
2026-09-27 04:30:18 [경상북도] 병상 31기관, 수용가능 32기관, 메시지 52건
2026-09-27 04:30:19 [경상남도] 병상 35기관, 수용가능 36기관, 메시지 111건
2026-09-27 04:30:20 [제주특별자치도] 병상 6기관, 수용가능 6기관, 메시지 17건
2026-09-27 05:00:01 [서울특별시] 병상 51기관, 수용가능 54기관, 메시지 144건
2026-09-27 05:00:02 [경기도] 병상 73기관, 수용가능 76기관, 메시지 119건
2026-09-27 05:00:04 [인천광역시] 병상 21기관, 수용가능 22기관, 메시지 17건
2026-09-27 05:00:05 [부산광역시] 병상 29기관, 수용가능 31기관, 메시지 138건
2026-09-27 05:00:07 [대구광역시] 병상 19기관, 수용가능 19기관, 메시지 83건
2026-09-27 05:00:08 [대전광역시] 병상 9기관, 수용가능 10기관, 메시지 65건
2026-09-27 05:00:10 [울산광역시] 병상 7기관, 수용가능 9기관, 메시지 18건
2026-09-27 05:00:11 [세종특별자치시] 병상 2기관, 수용가능 2기관, 메시지 14건
2026-09-27 05:00:12 [전남광주통합특별시] 병상 59기관, 수용가능 63기관, 메시지 40건
2026-09-27 05:00:13 [강원특별자치도] 병상 21기관, 수용가능 22기관, 메시지 11건
2026-09-27 05:00:15 [충청북도] 병상 15기관, 수용가능 17기관, 메시지 3건
2026-09-27 05:00:16 [충청남도] 병상 18기관, 수용가능 18기관, 메시지 11건
2026-09-27 05:00:17 [전북특별자치도] 병상 20기관, 수용가능 21기관, 메시지 35건
2026-09-27 05:00:18 [경상북도] 병상 31기관, 수용가능 32기관, 메시지 52건
2026-09-27 05:00:18 [경상남도] 병상 35기관, 수용가능 36기관, 메시지 111건
2026-09-27 05:00:20 [제주특별자치도] 병상 6기관, 수용가능 6기관, 메시지 17건
2026-09-27 05:30:02 [서울특별시] 병상 51기관, 수용가능 54기관, 메시지 144건
2026-09-27 05:30:04 [경기도] 병상 73기관, 수용가능 76기관, 메시지 119건
2026-09-27 05:30:06 [인천광역시] 병상 21기관, 수용가능 22기관, 메시지 17건
2026-09-27 05:30:07 [부산광역시] 병상 29기관, 수용가능 31기관, 메시지 138건
2026-09-27 05:30:08 [대구광역시] 병상 19기관, 수용가능 19기관, 메시지 83건
2026-09-27 05:30:08 [대전광역시] 병상 9기관, 수용가능 10기관, 메시지 65건
2026-09-27 05:30:09 [울산광역시] 병상 7기관, 수용가능 9기관, 메시지 18건
2026-09-27 05:30:10 [세종특별자치시] 병상 2기관, 수용가능 2기관, 메시지 14건
2026-09-27 05:30:11 [전남광주통합특별시] 병상 59기관, 수용가능 63기관, 메시지 40건
2026-09-27 05:30:13 [강원특별자치도] 병상 21기관, 수용가능 22기관, 메시지 11건
2026-09-27 05:30:14 [충청북도] 병상 15기관, 수용가능 17기관, 메시지 3건
2026-09-27 05:30:15 [충청남도] 병상 18기관, 수용가능 18기관, 메시지 11건
2026-09-27 05:30:16 [전북특별자치도] 병상 20기관, 수용가능 21기관, 메시지 35건
2026-09-27 05:30:31 [경상북도] 병상 31기관, 수용가능 32기관, 메시지 52건
2026-09-27 05:30:31 [경상남도] 병상 35기관, 수용가능 36기관, 메시지 111건
2026-09-27 05:30:32 [제주특별자치도] 병상 6기관, 수용가능 6기관, 메시지 17건
2026-09-27 06:00:01 [서울특별시] 병상 51기관, 수용가능 54기관, 메시지 144건
2026-09-27 06:00:04 [경기도] 병상 73기관, 수용가능 76기관, 메시지 119건
2026-09-27 06:00:05 [인천광역시] 병상 21기관, 수용가능 22기관, 메시지 17건
2026-09-27 06:00:08 [부산광역시] 병상 29기관, 수용가능 31기관, 메시지 137건
2026-09-27 06:00:09 [대구광역시] 병상 19기관, 수용가능 19기관, 메시지 83건
2026-09-27 06:00:10 [대전광역시] 병상 9기관, 수용가능 10기관, 메시지 65건
2026-09-27 06:00:18 [울산광역시] 병상 7기관, 수용가능 9기관, 메시지 18건
2026-09-27 06:00:21 [세종특별자치시] 병상 2기관, 수용가능 2기관, 메시지 14건
2026-09-27 06:00:22 [전남광주통합특별시] 병상 59기관, 수용가능 63기관, 메시지 40건
2026-09-27 06:00:23 [강원특별자치도] 병상 21기관, 수용가능 22기관, 메시지 11건
2026-09-27 06:00:24 [충청북도] 병상 15기관, 수용가능 17기관, 메시지 3건
2026-09-27 06:00:26 [충청남도] 병상 18기관, 수용가능 18기관, 메시지 11건
2026-09-27 06:00:26 [전북특별자치도] 병상 20기관, 수용가능 21기관, 메시지 33건
2026-09-27 06:00:27 [경상북도] 병상 31기관, 수용가능 32기관, 메시지 52건
2026-09-27 06:00:28 [경상남도] 병상 35기관, 수용가능 36기관, 메시지 111건
2026-09-27 06:00:29 [제주특별자치도] 병상 6기관, 수용가능 6기관, 메시지 17건
2026-09-27 06:29:59 [서울특별시] 병상 51기관, 수용가능 54기관, 메시지 144건
2026-09-27 06:30:00 [경기도] 병상 73기관, 수용가능 76기관, 메시지 119건
2026-09-27 06:30:01 [인천광역시] 병상 21기관, 수용가능 22기관, 메시지 17건
2026-09-27 06:30:02 [부산광역시] 병상 29기관, 수용가능 31기관, 메시지 137건
2026-09-27 06:30:03 [대구광역시] 병상 19기관, 수용가능 19기관, 메시지 83건
2026-09-27 06:30:04 [대전광역시] 병상 9기관, 수용가능 10기관, 메시지 65건
2026-09-27 06:30:04 [울산광역시] 병상 7기관, 수용가능 9기관, 메시지 18건
2026-09-27 06:30:05 [세종특별자치시] 병상 2기관, 수용가능 2기관, 메시지 14건
2026-09-27 06:30:06 [전남광주통합특별시] 병상 59기관, 수용가능 63기관, 메시지 40건
2026-09-27 06:30:08 [강원특별자치도] 병상 21기관, 수용가능 22기관, 메시지 11건
2026-09-27 06:30:09 [충청북도] 병상 15기관, 수용가능 17기관, 메시지 3건
2026-09-27 06:30:10 [충청남도] 병상 18기관, 수용가능 18기관, 메시지 11건
2026-09-27 06:30:11 [전북특별자치도] 병상 20기관, 수용가능 21기관, 메시지 33건
2026-09-27 06:30:14 [경상북도] 병상 31기관, 수용가능 32기관, 메시지 52건
2026-09-27 06:30:15 [경상남도] 병상 35기관, 수용가능 36기관, 메시지 111건
2026-09-27 06:30:16 [제주특별자치도] 병상 6기관, 수용가능 6기관, 메시지 17건
2026-09-27 07:00:03 [서울특별시] 병상 51기관, 수용가능 54기관, 메시지 144건
2026-09-27 07:00:03 [경기도] 병상 73기관, 수용가능 76기관, 메시지 118건
2026-09-27 07:00:04 [인천광역시] 병상 21기관, 수용가능 22기관, 메시지 14건
2026-09-27 07:00:05 [부산광역시] 병상 29기관, 수용가능 31기관, 메시지 136건
2026-09-27 07:00:06 [대구광역시] 병상 19기관, 수용가능 19기관, 메시지 79건
2026-09-27 07:00:07 [대전광역시] 병상 9기관, 수용가능 10기관, 메시지 65건
2026-09-27 07:00:08 [울산광역시] 병상 7기관, 수용가능 9기관, 메시지 18건
2026-09-27 07:00:08 [세종특별자치시] 병상 2기관, 수용가능 2기관, 메시지 14건
2026-09-27 07:00:10 [전남광주통합특별시] 병상 59기관, 수용가능 63기관, 메시지 40건
2026-09-27 07:00:12 [강원특별자치도] 병상 21기관, 수용가능 22기관, 메시지 11건
2026-09-27 07:00:14 [충청북도] 병상 15기관, 수용가능 17기관, 메시지 3건
2026-09-27 07:00:16 [충청남도] 병상 18기관, 수용가능 18기관, 메시지 11건
2026-09-27 07:00:17 [전북특별자치도] 병상 20기관, 수용가능 21기관, 메시지 32건
2026-09-27 07:00:19 [경상북도] 병상 31기관, 수용가능 32기관, 메시지 52건
2026-09-27 07:00:20 [경상남도] 병상 35기관, 수용가능 36기관, 메시지 112건
2026-09-27 07:00:21 [제주특별자치도] 병상 6기관, 수용가능 6기관, 메시지 17건
2026-09-27 07:30:02 [서울특별시] 병상 51기관, 수용가능 54기관, 메시지 144건
2026-09-27 07:30:03 [경기도] 병상 73기관, 수용가능 76기관, 메시지 118건
2026-09-27 07:30:04 [인천광역시] 병상 21기관, 수용가능 22기관, 메시지 14건
2026-09-27 07:30:05 [부산광역시] 병상 29기관, 수용가능 31기관, 메시지 139건
2026-09-27 07:30:06 [대구광역시] 병상 19기관, 수용가능 19기관, 메시지 79건
2026-09-27 07:30:07 [대전광역시] 병상 9기관, 수용가능 10기관, 메시지 65건
2026-09-27 07:30:08 [울산광역시] 병상 7기관, 수용가능 9기관, 메시지 18건
2026-09-27 07:30:09 [세종특별자치시] 병상 2기관, 수용가능 2기관, 메시지 14건
2026-09-27 07:30:11 [전남광주통합특별시] 병상 59기관, 수용가능 63기관, 메시지 40건
2026-09-27 07:30:12 [강원특별자치도] 병상 21기관, 수용가능 22기관, 메시지 11건
2026-09-27 07:30:13 [충청북도] 병상 15기관, 수용가능 17기관, 메시지 3건
2026-09-27 07:30:14 [충청남도] 병상 18기관, 수용가능 18기관, 메시지 11건
2026-09-27 07:30:16 [전북특별자치도] 병상 20기관, 수용가능 21기관, 메시지 32건
2026-09-27 07:30:17 [경상북도] 병상 31기관, 수용가능 32기관, 메시지 52건
2026-09-27 07:30:18 [경상남도] 병상 35기관, 수용가능 36기관, 메시지 112건
2026-09-27 07:30:19 [제주특별자치도] 병상 6기관, 수용가능 6기관, 메시지 17건
2026-09-27 08:00:01 [서울특별시] 병상 51기관, 수용가능 54기관, 메시지 144건
2026-09-27 08:00:02 [경기도] 병상 73기관, 수용가능 76기관, 메시지 118건
2026-09-27 08:00:03 [인천광역시] 병상 21기관, 수용가능 22기관, 메시지 14건
2026-09-27 08:00:05 [부산광역시] 병상 29기관, 수용가능 31기관, 메시지 136건
2026-09-27 08:00:06 [대구광역시] 병상 19기관, 수용가능 19기관, 메시지 65건
2026-09-27 08:00:07 [대전광역시] 병상 9기관, 수용가능 10기관, 메시지 65건
2026-09-27 08:00:08 [울산광역시] 병상 7기관, 수용가능 9기관, 메시지 18건
2026-09-27 08:00:08 [세종특별자치시] 병상 2기관, 수용가능 2기관, 메시지 14건
2026-09-27 08:00:10 [전남광주통합특별시] 병상 59기관, 수용가능 63기관, 메시지 40건
2026-09-27 08:00:10 [강원특별자치도] 병상 21기관, 수용가능 22기관, 메시지 11건
2026-09-27 08:00:11 [충청북도] 병상 15기관, 수용가능 17기관, 메시지 3건
2026-09-27 08:00:12 [충청남도] 병상 18기관, 수용가능 18기관, 메시지 9건
2026-09-27 08:00:13 [전북특별자치도] 병상 20기관, 수용가능 21기관, 메시지 31건
2026-09-27 08:00:15 [경상북도] 병상 31기관, 수용가능 32기관, 메시지 52건
2026-09-27 08:00:16 [경상남도] 병상 35기관, 수용가능 36기관, 메시지 110건
2026-09-27 08:00:17 [제주특별자치도] 병상 6기관, 수용가능 6기관, 메시지 15건
2026-09-27 08:30:03 [서울특별시] 병상 51기관, 수용가능 54기관, 메시지 141건
2026-09-27 08:30:03 [경기도] 병상 73기관, 수용가능 76기관, 메시지 118건
2026-09-27 08:30:04 [인천광역시] 병상 21기관, 수용가능 22기관, 메시지 14건
2026-09-27 08:30:05 [부산광역시] 병상 29기관, 수용가능 31기관, 메시지 135건
2026-09-27 08:30:06 [대구광역시] 병상 19기관, 수용가능 19기관, 메시지 76건
2026-09-27 08:30:08 [대전광역시] 병상 9기관, 수용가능 10기관, 메시지 65건
2026-09-27 08:30:08 [울산광역시] 병상 7기관, 수용가능 9기관, 메시지 18건
2026-09-27 08:30:09 [세종특별자치시] 병상 2기관, 수용가능 2기관, 메시지 14건
2026-09-27 08:30:10 [전남광주통합특별시] 병상 59기관, 수용가능 63기관, 메시지 40건
2026-09-27 08:30:12 [강원특별자치도] 병상 21기관, 수용가능 22기관, 메시지 11건
2026-09-27 08:30:12 [충청북도] 병상 15기관, 수용가능 17기관, 메시지 3건
2026-09-27 08:30:13 [충청남도] 병상 18기관, 수용가능 18기관, 메시지 10건
2026-09-27 08:30:15 [전북특별자치도] 병상 20기관, 수용가능 21기관, 메시지 31건
2026-09-27 08:30:16 [경상북도] 병상 31기관, 수용가능 32기관, 메시지 51건
2026-09-27 08:30:17 [경상남도] 병상 35기관, 수용가능 36기관, 메시지 112건
2026-09-27 08:30:18 [제주특별자치도] 병상 6기관, 수용가능 6기관, 메시지 15건
2026-09-27 09:00:00 [서울특별시] 병상 51기관, 수용가능 54기관, 메시지 145건
2026-09-27 09:00:01 [경기도] 병상 73기관, 수용가능 76기관, 메시지 116건
2026-09-27 09:00:02 [인천광역시] 병상 21기관, 수용가능 22기관, 메시지 14건
2026-09-27 09:00:03 [부산광역시] 병상 29기관, 수용가능 31기관, 메시지 129건
2026-09-27 09:00:05 [대구광역시] 병상 19기관, 수용가능 19기관, 메시지 78건
2026-09-27 09:00:06 [대전광역시] 병상 9기관, 수용가능 10기관, 메시지 66건
2026-09-27 09:00:08 [울산광역시] 병상 7기관, 수용가능 9기관, 메시지 18건
2026-09-27 09:00:10 [세종특별자치시] 병상 2기관, 수용가능 2기관, 메시지 14건
2026-09-27 09:00:12 [전남광주통합특별시] 병상 59기관, 수용가능 63기관, 메시지 40건
2026-09-27 09:00:13 [강원특별자치도] 병상 21기관, 수용가능 22기관, 메시지 10건
2026-09-27 09:00:14 [충청북도] 병상 15기관, 수용가능 17기관, 메시지 3건
2026-09-27 09:00:16 [충청남도] 병상 18기관, 수용가능 18기관, 메시지 10건
2026-09-27 09:00:17 [전북특별자치도] 병상 20기관, 수용가능 21기관, 메시지 31건
2026-09-27 09:00:19 [경상북도] 병상 31기관, 수용가능 32기관, 메시지 52건
2026-09-27 09:00:21 [경상남도] 병상 35기관, 수용가능 36기관, 메시지 97건
2026-09-27 09:00:22 [제주특별자치도] 병상 6기관, 수용가능 6기관, 메시지 15건
2026-09-27 09:30:02 [서울특별시] 병상 51기관, 수용가능 54기관, 메시지 144건
2026-09-27 09:30:05 [경기도] 병상 73기관, 수용가능 76기관, 메시지 116건
2026-09-27 09:30:06 [인천광역시] 병상 21기관, 수용가능 22기관, 메시지 14건
2026-09-27 09:30:07 [부산광역시] 병상 29기관, 수용가능 31기관, 메시지 129건
2026-09-27 09:30:09 [대구광역시] 병상 19기관, 수용가능 19기관, 메시지 78건
2026-09-27 09:30:10 [대전광역시] 병상 9기관, 수용가능 10기관, 메시지 66건
2026-09-27 09:30:11 [울산광역시] 병상 7기관, 수용가능 9기관, 메시지 18건
2026-09-27 09:30:13 [세종특별자치시] 병상 2기관, 수용가능 2기관, 메시지 14건
2026-09-27 09:30:13 [전남광주통합특별시] 병상 59기관, 수용가능 63기관, 메시지 40건
2026-09-27 09:30:15 [강원특별자치도] 병상 21기관, 수용가능 22기관, 메시지 10건
2026-09-27 09:30:15 [충청북도] 병상 15기관, 수용가능 17기관, 메시지 3건
2026-09-27 09:30:17 [충청남도] 병상 18기관, 수용가능 18기관, 메시지 10건
2026-09-27 09:30:17 [전북특별자치도] 병상 20기관, 수용가능 21기관, 메시지 31건
2026-09-27 09:30:18 [경상북도] 병상 31기관, 수용가능 32기관, 메시지 52건
2026-09-27 09:30:20 [경상남도] 병상 35기관, 수용가능 36기관, 메시지 111건
2026-09-27 09:30:21 [제주특별자치도] 병상 6기관, 수용가능 6기관, 메시지 15건
2026-09-27 10:00:01 [서울특별시] 병상 51기관, 수용가능 54기관, 메시지 144건
2026-09-27 10:00:02 [경기도] 병상 73기관, 수용가능 76기관, 메시지 116건
2026-09-27 10:00:04 [인천광역시] 병상 21기관, 수용가능 22기관, 메시지 14건
2026-09-27 10:00:06 [부산광역시] 병상 29기관, 수용가능 31기관, 메시지 129건
2026-09-27 10:00:08 [대구광역시] 병상 19기관, 수용가능 19기관, 메시지 78건
2026-09-27 10:00:09 [대전광역시] 병상 9기관, 수용가능 10기관, 메시지 65건
2026-09-27 10:00:10 [울산광역시] 병상 7기관, 수용가능 9기관, 메시지 18건
2026-09-27 10:00:11 [세종특별자치시] 병상 2기관, 수용가능 2기관, 메시지 14건
2026-09-27 10:00:13 [전남광주통합특별시] 병상 59기관, 수용가능 63기관, 메시지 40건
2026-09-27 10:00:14 [강원특별자치도] 병상 21기관, 수용가능 22기관, 메시지 10건
2026-09-27 10:00:15 [충청북도] 병상 15기관, 수용가능 17기관, 메시지 3건
2026-09-27 10:00:15 [충청남도] 병상 18기관, 수용가능 18기관, 메시지 10건
2026-09-27 10:00:17 [전북특별자치도] 병상 20기관, 수용가능 21기관, 메시지 31건
2026-09-27 10:00:18 [경상북도] 병상 31기관, 수용가능 32기관, 메시지 52건
2026-09-27 10:00:19 [경상남도] 병상 35기관, 수용가능 36기관, 메시지 111건
2026-09-27 10:00:19 [제주특별자치도] 병상 6기관, 수용가능 6기관, 메시지 15건
2026-09-27 10:30:01 [서울특별시] 병상 51기관, 수용가능 54기관, 메시지 144건
2026-09-27 10:30:01 [경기도] 병상 73기관, 수용가능 76기관, 메시지 116건
2026-09-27 10:30:02 [인천광역시] 병상 21기관, 수용가능 22기관, 메시지 14건
2026-09-27 10:30:03 [부산광역시] 병상 29기관, 수용가능 31기관, 메시지 129건
2026-09-27 10:30:04 [대구광역시] 병상 19기관, 수용가능 19기관, 메시지 78건
2026-09-27 10:30:06 [대전광역시] 병상 9기관, 수용가능 10기관, 메시지 65건
2026-09-27 10:30:06 [울산광역시] 병상 7기관, 수용가능 9기관, 메시지 18건
2026-09-27 10:30:07 [세종특별자치시] 병상 2기관, 수용가능 2기관, 메시지 14건
2026-09-27 10:30:09 [전남광주통합특별시] 병상 59기관, 수용가능 63기관, 메시지 40건
2026-09-27 10:30:10 [강원특별자치도] 병상 21기관, 수용가능 22기관, 메시지 10건
2026-09-27 10:30:11 [충청북도] 병상 15기관, 수용가능 17기관, 메시지 3건
2026-09-27 10:30:12 [충청남도] 병상 18기관, 수용가능 18기관, 메시지 10건
2026-09-27 10:30:12 [전북특별자치도] 병상 20기관, 수용가능 21기관, 메시지 31건
2026-09-27 10:30:14 [경상북도] 병상 31기관, 수용가능 32기관, 메시지 52건
2026-09-27 10:30:15 [경상남도] 병상 35기관, 수용가능 36기관, 메시지 111건
2026-09-27 10:30:16 [제주특별자치도] 병상 6기관, 수용가능 6기관, 메시지 15건
2026-09-27 11:00:01 [서울특별시] 병상 51기관, 수용가능 54기관, 메시지 145건
2026-09-27 11:00:02 [경기도] 병상 73기관, 수용가능 76기관, 메시지 116건
2026-09-27 11:00:03 [인천광역시] 병상 21기관, 수용가능 22기관, 메시지 14건
2026-09-27 11:00:04 [부산광역시] 병상 29기관, 수용가능 31기관, 메시지 130건
2026-09-27 11:00:04 [대구광역시] 병상 19기관, 수용가능 19기관, 메시지 78건
2026-09-27 11:00:05 [대전광역시] 병상 9기관, 수용가능 10기관, 메시지 65건
2026-09-27 11:00:07 [울산광역시] 병상 7기관, 수용가능 9기관, 메시지 18건
2026-09-27 11:00:08 [세종특별자치시] 병상 2기관, 수용가능 2기관, 메시지 14건
2026-09-27 11:00:09 [전남광주통합특별시] 병상 59기관, 수용가능 63기관, 메시지 40건
2026-09-27 11:00:11 [강원특별자치도] 병상 21기관, 수용가능 22기관, 메시지 10건
2026-09-27 11:00:12 [충청북도] 병상 15기관, 수용가능 17기관, 메시지 3건
2026-09-27 11:00:13 [충청남도] 병상 18기관, 수용가능 18기관, 메시지 10건
2026-09-27 11:00:15 [전북특별자치도] 병상 20기관, 수용가능 21기관, 메시지 31건
2026-09-27 11:00:18 [경상북도] 병상 31기관, 수용가능 32기관, 메시지 52건
2026-09-27 11:00:18 [경상남도] 병상 35기관, 수용가능 36기관, 메시지 111건
2026-09-27 11:00:20 [제주특별자치도] 병상 6기관, 수용가능 6기관, 메시지 15건
2026-09-27 11:30:00 [서울특별시] 병상 51기관, 수용가능 54기관, 메시지 145건
2026-09-27 11:30:01 [경기도] 병상 73기관, 수용가능 76기관, 메시지 116건
2026-09-27 11:30:02 [인천광역시] 병상 21기관, 수용가능 22기관, 메시지 14건
2026-09-27 11:30:02 [부산광역시] 병상 29기관, 수용가능 31기관, 메시지 130건
2026-09-27 11:30:03 [대구광역시] 병상 19기관, 수용가능 19기관, 메시지 78건
2026-09-27 11:30:05 [대전광역시] 병상 9기관, 수용가능 10기관, 메시지 65건
2026-09-27 11:30:06 [울산광역시] 병상 7기관, 수용가능 9기관, 메시지 18건
2026-09-27 11:30:07 [세종특별자치시] 병상 2기관, 수용가능 2기관, 메시지 14건
2026-09-27 11:30:09 [전남광주통합특별시] 병상 59기관, 수용가능 63기관, 메시지 40건
2026-09-27 11:30:10 [강원특별자치도] 병상 21기관, 수용가능 22기관, 메시지 10건
2026-09-27 11:30:10 [충청북도] 병상 15기관, 수용가능 17기관, 메시지 3건
2026-09-27 11:30:12 [충청남도] 병상 18기관, 수용가능 18기관, 메시지 10건
2026-09-27 11:30:13 [전북특별자치도] 병상 20기관, 수용가능 21기관, 메시지 31건
2026-09-27 11:30:15 [경상북도] 병상 31기관, 수용가능 32기관, 메시지 52건
2026-09-27 11:30:16 [경상남도] 병상 35기관, 수용가능 36기관, 메시지 111건
2026-09-27 11:30:17 [제주특별자치도] 병상 6기관, 수용가능 6기관, 메시지 15건
2026-09-27 12:00:06 [서울특별시] 병상 51기관, 수용가능 54기관, 메시지 145건
2026-09-27 12:00:09 [경기도] 병상 73기관, 수용가능 76기관, 메시지 116건
2026-09-27 12:00:10 [인천광역시] 병상 21기관, 수용가능 22기관, 메시지 14건
2026-09-27 12:00:12 [부산광역시] 병상 29기관, 수용가능 31기관, 메시지 129건
2026-09-27 12:00:13 [대구광역시] 병상 19기관, 수용가능 19기관, 메시지 77건
2026-09-27 12:00:15 [대전광역시] 병상 9기관, 수용가능 10기관, 메시지 66건
2026-09-27 12:00:17 [울산광역시] 병상 7기관, 수용가능 9기관, 메시지 18건
2026-09-27 12:00:18 [세종특별자치시] 병상 2기관, 수용가능 2기관, 메시지 14건
2026-09-27 12:00:20 [전남광주통합특별시] 병상 59기관, 수용가능 63기관, 메시지 40건
2026-09-27 12:00:21 [강원특별자치도] 병상 21기관, 수용가능 22기관, 메시지 10건
2026-09-27 12:00:23 [충청북도] 병상 15기관, 수용가능 17기관, 메시지 3건
2026-09-27 12:00:24 [충청남도] 병상 18기관, 수용가능 18기관, 메시지 10건
2026-09-27 12:00:24 [전북특별자치도] 병상 20기관, 수용가능 21기관, 메시지 31건
2026-09-27 12:00:25 [경상북도] 병상 31기관, 수용가능 32기관, 메시지 52건
2026-09-27 12:00:27 [경상남도] 병상 35기관, 수용가능 36기관, 메시지 111건
2026-09-27 12:00:28 [제주특별자치도] 병상 6기관, 수용가능 6기관, 메시지 15건
2026-09-27 12:30:01 [서울특별시] 병상 51기관, 수용가능 54기관, 메시지 145건
2026-09-27 12:30:02 [경기도] 병상 73기관, 수용가능 76기관, 메시지 116건
2026-09-27 12:30:04 [인천광역시] 병상 21기관, 수용가능 22기관, 메시지 14건
2026-09-27 12:30:05 [부산광역시] 병상 29기관, 수용가능 31기관, 메시지 130건
2026-09-27 12:30:06 [대구광역시] 병상 19기관, 수용가능 19기관, 메시지 77건
2026-09-27 12:30:07 [대전광역시] 병상 9기관, 수용가능 10기관, 메시지 66건
2026-09-27 12:30:08 [울산광역시] 병상 7기관, 수용가능 9기관, 메시지 18건
2026-09-27 12:30:10 [세종특별자치시] 병상 2기관, 수용가능 2기관, 메시지 14건
2026-09-27 12:30:10 [전남광주통합특별시] 병상 59기관, 수용가능 63기관, 메시지 40건
2026-09-27 12:30:13 [강원특별자치도] 병상 21기관, 수용가능 22기관, 메시지 10건
2026-09-27 12:30:14 [충청북도] 병상 15기관, 수용가능 17기관, 메시지 3건
2026-09-27 12:30:15 [충청남도] 병상 18기관, 수용가능 18기관, 메시지 10건
2026-09-27 12:30:16 [전북특별자치도] 병상 20기관, 수용가능 21기관, 메시지 31건
2026-09-27 12:30:17 [경상북도] 병상 31기관, 수용가능 32기관, 메시지 52건
2026-09-27 12:30:18 [경상남도] 병상 35기관, 수용가능 36기관, 메시지 111건
2026-09-27 12:30:19 [제주특별자치도] 병상 6기관, 수용가능 6기관, 메시지 15건
2026-09-27 13:00:02 [서울특별시] 병상 51기관, 수용가능 54기관, 메시지 145건
2026-09-27 13:00:03 [경기도] 병상 73기관, 수용가능 76기관, 메시지 117건
2026-09-27 13:00:04 [인천광역시] 병상 21기관, 수용가능 22기관, 메시지 14건
2026-09-27 13:00:04 [부산광역시] 병상 29기관, 수용가능 31기관, 메시지 130건
2026-09-27 13:00:06 [대구광역시] 병상 19기관, 수용가능 19기관, 메시지 77건
2026-09-27 13:00:08 [대전광역시] 병상 9기관, 수용가능 10기관, 메시지 68건
2026-09-27 13:00:09 [울산광역시] 병상 7기관, 수용가능 9기관, 메시지 18건
2026-09-27 13:00:10 [세종특별자치시] 병상 2기관, 수용가능 2기관, 메시지 14건
2026-09-27 13:00:10 [전남광주통합특별시] 병상 59기관, 수용가능 63기관, 메시지 40건
2026-09-27 13:00:11 [강원특별자치도] 병상 21기관, 수용가능 22기관, 메시지 10건
2026-09-27 13:00:13 [충청북도] 병상 15기관, 수용가능 17기관, 메시지 3건
2026-09-27 13:00:15 [충청남도] 병상 18기관, 수용가능 18기관, 메시지 10건
2026-09-27 13:00:16 [전북특별자치도] 병상 20기관, 수용가능 21기관, 메시지 31건
2026-09-27 13:00:18 [경상북도] 병상 31기관, 수용가능 32기관, 메시지 52건
2026-09-27 13:00:19 [경상남도] 병상 35기관, 수용가능 36기관, 메시지 111건
2026-09-27 13:00:20 [제주특별자치도] 병상 6기관, 수용가능 6기관, 메시지 15건
2026-09-27 13:30:03 [서울특별시] 병상 51기관, 수용가능 54기관, 메시지 145건
2026-09-27 13:30:04 [경기도] 병상 73기관, 수용가능 76기관, 메시지 117건
2026-09-27 13:30:04 [인천광역시] 병상 21기관, 수용가능 22기관, 메시지 14건
2026-09-27 13:30:06 [부산광역시] 병상 29기관, 수용가능 31기관, 메시지 130건
2026-09-27 13:30:07 [대구광역시] 병상 19기관, 수용가능 19기관, 메시지 77건
2026-09-27 13:30:09 [대전광역시] 병상 9기관, 수용가능 10기관, 메시지 68건
2026-09-27 13:30:10 [울산광역시] 병상 7기관, 수용가능 9기관, 메시지 18건
2026-09-27 13:30:10 [세종특별자치시] 병상 2기관, 수용가능 2기관, 메시지 14건
2026-09-27 13:30:11 [전남광주통합특별시] 병상 59기관, 수용가능 63기관, 메시지 40건
2026-09-27 13:30:12 [강원특별자치도] 병상 21기관, 수용가능 22기관, 메시지 10건
2026-09-27 13:30:13 [충청북도] 병상 15기관, 수용가능 17기관, 메시지 3건
2026-09-27 13:30:13 [충청남도] 병상 18기관, 수용가능 18기관, 메시지 10건
2026-09-27 13:30:14 [전북특별자치도] 병상 20기관, 수용가능 21기관, 메시지 31건
2026-09-27 13:30:15 [경상북도] 병상 31기관, 수용가능 32기관, 메시지 52건
2026-09-27 13:30:16 [경상남도] 병상 35기관, 수용가능 36기관, 메시지 111건
2026-09-27 13:30:16 [제주특별자치도] 병상 6기관, 수용가능 6기관, 메시지 15건
2026-09-27 14:00:04 [서울특별시] 병상 51기관, 수용가능 54기관, 메시지 144건
2026-09-27 14:00:07 [경기도] 병상 73기관, 수용가능 76기관, 메시지 118건
2026-09-27 14:00:09 [인천광역시] 병상 21기관, 수용가능 22기관, 메시지 14건
2026-09-27 14:00:16 [부산광역시] 병상 29기관, 수용가능 31기관, 메시지 130건
2026-09-27 14:00:19 [대구광역시] 병상 19기관, 수용가능 19기관, 메시지 77건
2026-09-27 14:00:20 [대전광역시] 병상 9기관, 수용가능 10기관, 메시지 72건
2026-09-27 14:00:21 [울산광역시] 병상 7기관, 수용가능 9기관, 메시지 18건
2026-09-27 14:00:23 [세종특별자치시] 병상 2기관, 수용가능 2기관, 메시지 14건
2026-09-27 14:00:24 [전남광주통합특별시] 병상 59기관, 수용가능 63기관, 메시지 40건
2026-09-27 14:00:24 [강원특별자치도] 병상 21기관, 수용가능 22기관, 메시지 10건
2026-09-27 14:00:26 [충청북도] 병상 15기관, 수용가능 17기관, 메시지 3건
2026-09-27 14:00:28 [충청남도] 병상 18기관, 수용가능 18기관, 메시지 10건
2026-09-27 14:00:30 [전북특별자치도] 병상 20기관, 수용가능 21기관, 메시지 31건
2026-09-27 14:00:32 [경상북도] 병상 31기관, 수용가능 32기관, 메시지 52건
2026-09-27 14:00:34 [경상남도] 병상 35기관, 수용가능 36기관, 메시지 111건
2026-09-27 14:00:34 [제주특별자치도] 병상 6기관, 수용가능 6기관, 메시지 15건
2026-09-27 14:30:01 [서울특별시] 병상 51기관, 수용가능 54기관, 메시지 145건
2026-09-27 14:30:01 [경기도] 병상 73기관, 수용가능 76기관, 메시지 118건
2026-09-27 14:30:02 [인천광역시] 병상 21기관, 수용가능 22기관, 메시지 14건
2026-09-27 14:30:03 [부산광역시] 병상 29기관, 수용가능 31기관, 메시지 131건
2026-09-27 14:30:18 [대구광역시] 병상 19기관, 수용가능 19기관, 메시지 80건
2026-09-27 14:30:19 [대전광역시] 병상 9기관, 수용가능 10기관, 메시지 72건
2026-09-27 14:30:21 [울산광역시] 병상 7기관, 수용가능 9기관, 메시지 18건
2026-09-27 14:30:22 [세종특별자치시] 병상 2기관, 수용가능 2기관, 메시지 14건
2026-09-27 14:30:23 [전남광주통합특별시] 병상 59기관, 수용가능 63기관, 메시지 40건
2026-09-27 14:30:25 [강원특별자치도] 병상 21기관, 수용가능 22기관, 메시지 10건
2026-09-27 14:30:25 [충청북도] 병상 15기관, 수용가능 17기관, 메시지 3건
2026-09-27 14:30:25 [충청남도] 병상 18기관, 수용가능 18기관, 메시지 10건
2026-09-27 14:30:27 [전북특별자치도] 병상 20기관, 수용가능 21기관, 메시지 31건
2026-09-27 14:30:28 [경상북도] 병상 31기관, 수용가능 32기관, 메시지 52건
2026-09-27 14:30:30 [경상남도] 병상 35기관, 수용가능 36기관, 메시지 112건
2026-09-27 14:30:31 [제주특별자치도] 병상 6기관, 수용가능 6기관, 메시지 15건
2026-09-27 15:00:02 [서울특별시] 병상 51기관, 수용가능 54기관, 메시지 145건
2026-09-27 15:00:02 [경기도] 병상 73기관, 수용가능 76기관, 메시지 117건
2026-09-27 15:00:04 [인천광역시] 병상 21기관, 수용가능 22기관, 메시지 14건
2026-09-27 15:00:05 [부산광역시] 병상 29기관, 수용가능 31기관, 메시지 130건
2026-09-27 15:00:06 [대구광역시] 병상 19기관, 수용가능 19기관, 메시지 80건
2026-09-27 15:00:08 [대전광역시] 병상 9기관, 수용가능 10기관, 메시지 73건
2026-09-27 15:00:08 [울산광역시] 병상 7기관, 수용가능 9기관, 메시지 17건
2026-09-27 15:00:08 [세종특별자치시] 병상 2기관, 수용가능 2기관, 메시지 14건
2026-09-27 15:00:09 [전남광주통합특별시] 병상 59기관, 수용가능 63기관, 메시지 36건
2026-09-27 15:00:11 [강원특별자치도] 병상 21기관, 수용가능 22기관, 메시지 10건
2026-09-27 15:00:12 [충청북도] 병상 15기관, 수용가능 17기관, 메시지 3건
2026-09-27 15:00:13 [충청남도] 병상 18기관, 수용가능 18기관, 메시지 10건
2026-09-27 15:00:13 [전북특별자치도] 병상 20기관, 수용가능 21기관, 메시지 31건
2026-09-27 15:00:16 [경상북도] 병상 31기관, 수용가능 32기관, 메시지 52건
2026-09-27 15:00:17 [경상남도] 병상 35기관, 수용가능 36기관, 메시지 112건
2026-09-27 15:00:19 [제주특별자치도] 병상 6기관, 수용가능 6기관, 메시지 15건
2026-09-27 15:30:01 [서울특별시] 병상 51기관, 수용가능 54기관, 메시지 145건
2026-09-27 15:30:03 [경기도] 병상 73기관, 수용가능 76기관, 메시지 117건
2026-09-27 15:30:04 [인천광역시] 병상 21기관, 수용가능 22기관, 메시지 14건
2026-09-27 15:30:06 [부산광역시] 병상 29기관, 수용가능 31기관, 메시지 132건
2026-09-27 15:30:07 [대구광역시] 병상 19기관, 수용가능 19기관, 메시지 81건
2026-09-27 15:30:07 [대전광역시] 병상 9기관, 수용가능 10기관, 메시지 73건
2026-09-27 15:30:09 [울산광역시] 병상 7기관, 수용가능 9기관, 메시지 17건
2026-09-27 15:30:10 [세종특별자치시] 병상 2기관, 수용가능 2기관, 메시지 14건
2026-09-27 15:30:12 [전남광주통합특별시] 병상 59기관, 수용가능 63기관, 메시지 40건
2026-09-27 15:30:13 [강원특별자치도] 병상 21기관, 수용가능 22기관, 메시지 10건
2026-09-27 15:30:14 [충청북도] 병상 15기관, 수용가능 17기관, 메시지 3건
2026-09-27 15:30:15 [충청남도] 병상 18기관, 수용가능 18기관, 메시지 10건
2026-09-27 15:30:17 [전북특별자치도] 병상 20기관, 수용가능 21기관, 메시지 31건
2026-09-27 15:30:18 [경상북도] 병상 31기관, 수용가능 32기관, 메시지 52건
2026-09-27 15:30:18 [경상남도] 병상 35기관, 수용가능 36기관, 메시지 112건
2026-09-27 15:30:19 [제주특별자치도] 병상 6기관, 수용가능 6기관, 메시지 15건
2026-09-27 16:00:01 [서울특별시] 병상 51기관, 수용가능 54기관, 메시지 144건
2026-09-27 16:00:02 [경기도] 병상 73기관, 수용가능 76기관, 메시지 118건
2026-09-27 16:00:04 [인천광역시] 병상 21기관, 수용가능 22기관, 메시지 14건
2026-09-27 16:00:06 [부산광역시] 병상 29기관, 수용가능 31기관, 메시지 132건
2026-09-27 16:00:07 [대구광역시] 병상 19기관, 수용가능 19기관, 메시지 83건
2026-09-27 16:00:09 [대전광역시] 병상 9기관, 수용가능 10기관, 메시지 72건
2026-09-27 16:00:09 [울산광역시] 병상 7기관, 수용가능 9기관, 메시지 17건
2026-09-27 16:00:09 [세종특별자치시] 병상 2기관, 수용가능 2기관, 메시지 14건
2026-09-27 16:00:11 [전남광주통합특별시] 병상 59기관, 수용가능 63기관, 메시지 40건
2026-09-27 16:00:11 [강원특별자치도] 병상 21기관, 수용가능 22기관, 메시지 10건
2026-09-27 16:00:12 [충청북도] 병상 15기관, 수용가능 17기관, 메시지 3건
2026-09-27 16:00:14 [충청남도] 병상 18기관, 수용가능 18기관, 메시지 10건
2026-09-27 16:00:15 [전북특별자치도] 병상 20기관, 수용가능 21기관, 메시지 31건
2026-09-27 16:00:16 [경상북도] 병상 31기관, 수용가능 32기관, 메시지 52건
2026-09-27 16:00:17 [경상남도] 병상 35기관, 수용가능 36기관, 메시지 112건
2026-09-27 16:00:18 [제주특별자치도] 병상 6기관, 수용가능 6기관, 메시지 15건
2026-09-27 16:30:01 [서울특별시] 병상 51기관, 수용가능 54기관, 메시지 144건
2026-09-27 16:30:03 [경기도] 병상 73기관, 수용가능 76기관, 메시지 118건
2026-09-27 16:30:04 [인천광역시] 병상 21기관, 수용가능 22기관, 메시지 14건
2026-09-27 16:30:05 [부산광역시] 병상 29기관, 수용가능 31기관, 메시지 132건
2026-09-27 16:30:07 [대구광역시] 병상 19기관, 수용가능 19기관, 메시지 83건
2026-09-27 16:30:08 [대전광역시] 병상 9기관, 수용가능 10기관, 메시지 72건
2026-09-27 16:30:09 [울산광역시] 병상 7기관, 수용가능 9기관, 메시지 17건
2026-09-27 16:30:09 [세종특별자치시] 병상 2기관, 수용가능 2기관, 메시지 14건
2026-09-27 16:30:11 [전남광주통합특별시] 병상 59기관, 수용가능 63기관, 메시지 40건
2026-09-27 16:30:12 [강원특별자치도] 병상 21기관, 수용가능 22기관, 메시지 10건
2026-09-27 16:30:13 [충청북도] 병상 15기관, 수용가능 17기관, 메시지 3건
2026-09-27 16:30:14 [충청남도] 병상 18기관, 수용가능 18기관, 메시지 10건
2026-09-27 16:30:16 [전북특별자치도] 병상 20기관, 수용가능 21기관, 메시지 31건
2026-09-27 16:30:17 [경상북도] 병상 31기관, 수용가능 32기관, 메시지 52건
2026-09-27 16:30:18 [경상남도] 병상 35기관, 수용가능 36기관, 메시지 112건
2026-09-27 16:30:19 [제주특별자치도] 병상 6기관, 수용가능 6기관, 메시지 15건
2026-09-27 17:00:01 [서울특별시] 병상 51기관, 수용가능 54기관, 메시지 144건
2026-09-27 17:00:02 [경기도] 병상 73기관, 수용가능 76기관, 메시지 118건
2026-09-27 17:00:03 [인천광역시] 병상 21기관, 수용가능 22기관, 메시지 14건
2026-09-27 17:00:04 [부산광역시] 병상 29기관, 수용가능 31기관, 메시지 132건
2026-09-27 17:00:05 [대구광역시] 병상 19기관, 수용가능 19기관, 메시지 82건
2026-09-27 17:00:06 [대전광역시] 병상 9기관, 수용가능 10기관, 메시지 72건
2026-09-27 17:00:06 [울산광역시] 병상 7기관, 수용가능 9기관, 메시지 17건
2026-09-27 17:00:07 [세종특별자치시] 병상 2기관, 수용가능 2기관, 메시지 14건
2026-09-27 17:00:08 [전남광주통합특별시] 병상 59기관, 수용가능 63기관, 메시지 40건
2026-09-27 17:00:08 [강원특별자치도] 병상 21기관, 수용가능 22기관, 메시지 10건
2026-09-27 17:00:09 [충청북도] 병상 15기관, 수용가능 17기관, 메시지 3건
2026-09-27 17:00:10 [충청남도] 병상 18기관, 수용가능 18기관, 메시지 10건
2026-09-27 17:00:11 [전북특별자치도] 병상 20기관, 수용가능 21기관, 메시지 31건
2026-09-27 17:00:12 [경상북도] 병상 31기관, 수용가능 32기관, 메시지 52건
2026-09-27 17:00:14 [경상남도] 병상 35기관, 수용가능 36기관, 메시지 113건
2026-09-27 17:00:15 [제주특별자치도] 병상 6기관, 수용가능 6기관, 메시지 15건
2026-09-27 17:30:00 [서울특별시] 병상 51기관, 수용가능 54기관, 메시지 141건
2026-09-27 17:30:01 [경기도] 병상 73기관, 수용가능 76기관, 메시지 119건
2026-09-27 17:30:04 [인천광역시] 병상 21기관, 수용가능 22기관, 메시지 16건
2026-09-27 17:30:06 [부산광역시] 병상 29기관, 수용가능 31기관, 메시지 133건
2026-09-27 17:30:07 [대구광역시] 병상 19기관, 수용가능 19기관, 메시지 82건
2026-09-27 17:30:08 [대전광역시] 병상 9기관, 수용가능 10기관, 메시지 72건
2026-09-27 17:30:10 [울산광역시] 병상 7기관, 수용가능 9기관, 메시지 17건
2026-09-27 17:30:11 [세종특별자치시] 병상 2기관, 수용가능 2기관, 메시지 14건
2026-09-27 17:30:12 [전남광주통합특별시] 병상 59기관, 수용가능 63기관, 메시지 40건
2026-09-27 17:30:13 [강원특별자치도] 병상 21기관, 수용가능 22기관, 메시지 10건
2026-09-27 17:30:14 [충청북도] 병상 15기관, 수용가능 17기관, 메시지 3건
2026-09-27 17:30:15 [충청남도] 병상 18기관, 수용가능 18기관, 메시지 10건
2026-09-27 17:30:16 [전북특별자치도] 병상 20기관, 수용가능 21기관, 메시지 31건
2026-09-27 17:30:18 [경상북도] 병상 31기관, 수용가능 32기관, 메시지 52건
2026-09-27 17:30:19 [경상남도] 병상 35기관, 수용가능 36기관, 메시지 113건
2026-09-27 17:30:20 [제주특별자치도] 병상 6기관, 수용가능 6기관, 메시지 15건
2026-09-27 18:00:01 [서울특별시] 병상 51기관, 수용가능 54기관, 메시지 141건
2026-09-27 18:00:03 [경기도] 병상 73기관, 수용가능 76기관, 메시지 119건
2026-09-27 18:00:04 [인천광역시] 병상 21기관, 수용가능 22기관, 메시지 16건
2026-09-27 18:00:06 [부산광역시] 병상 29기관, 수용가능 31기관, 메시지 132건
2026-09-27 18:00:08 [대구광역시] 병상 19기관, 수용가능 19기관, 메시지 82건
2026-09-27 18:00:10 [대전광역시] 병상 9기관, 수용가능 10기관, 메시지 72건
2026-09-27 18:00:13 [울산광역시] 병상 7기관, 수용가능 9기관, 메시지 17건
2026-09-27 18:00:16 [세종특별자치시] 병상 2기관, 수용가능 2기관, 메시지 14건
2026-09-27 18:00:20 [전남광주통합특별시] 병상 59기관, 수용가능 63기관, 메시지 40건
2026-09-27 18:00:22 [강원특별자치도] 병상 21기관, 수용가능 22기관, 메시지 10건
2026-09-27 18:00:23 [충청북도] 병상 15기관, 수용가능 17기관, 메시지 3건
2026-09-27 18:00:23 [충청남도] 병상 18기관, 수용가능 18기관, 메시지 11건
2026-09-27 18:00:24 [전북특별자치도] 병상 20기관, 수용가능 21기관, 메시지 31건
2026-09-27 18:00:25 [경상북도] 병상 31기관, 수용가능 32기관, 메시지 52건
2026-09-27 18:00:26 [경상남도] 병상 35기관, 수용가능 36기관, 메시지 112건
2026-09-27 18:00:27 [제주특별자치도] 병상 6기관, 수용가능 6기관, 메시지 15건
2026-09-27 18:30:02 [서울특별시] 병상 51기관, 수용가능 54기관, 메시지 141건
2026-09-27 18:30:03 [경기도] 병상 73기관, 수용가능 76기관, 메시지 121건
2026-09-27 18:30:03 [인천광역시] 병상 21기관, 수용가능 22기관, 메시지 16건
2026-09-27 18:30:04 [부산광역시] 병상 29기관, 수용가능 31기관, 메시지 136건
2026-09-27 18:30:05 [대구광역시] 병상 19기관, 수용가능 19기관, 메시지 85건
2026-09-27 18:30:05 [대전광역시] 병상 9기관, 수용가능 10기관, 메시지 72건
2026-09-27 18:30:06 [울산광역시] 병상 7기관, 수용가능 9기관, 메시지 17건
2026-09-27 18:30:07 [세종특별자치시] 병상 2기관, 수용가능 2기관, 메시지 14건
2026-09-27 18:30:08 [전남광주통합특별시] 병상 59기관, 수용가능 63기관, 메시지 40건
2026-09-27 18:30:10 [강원특별자치도] 병상 21기관, 수용가능 22기관, 메시지 10건
2026-09-27 18:30:10 [충청북도] 병상 15기관, 수용가능 17기관, 메시지 3건
2026-09-27 18:30:11 [충청남도] 병상 18기관, 수용가능 18기관, 메시지 11건
2026-09-27 18:30:12 [전북특별자치도] 병상 20기관, 수용가능 21기관, 메시지 33건
2026-09-27 18:30:13 [경상북도] 병상 31기관, 수용가능 32기관, 메시지 52건
2026-09-27 18:30:15 [경상남도] 병상 35기관, 수용가능 36기관, 메시지 112건
2026-09-27 18:30:16 [제주특별자치도] 병상 6기관, 수용가능 6기관, 메시지 15건
2026-09-27 19:00:04 [서울특별시] 병상 51기관, 수용가능 54기관, 메시지 143건
2026-09-27 19:00:05 [경기도] 병상 73기관, 수용가능 76기관, 메시지 120건
2026-09-27 19:00:06 [인천광역시] 병상 21기관, 수용가능 22기관, 메시지 16건
2026-09-27 19:00:08 [부산광역시] 병상 29기관, 수용가능 31기관, 메시지 136건
2026-09-27 19:00:09 [대구광역시] 병상 19기관, 수용가능 19기관, 메시지 84건
2026-09-27 19:00:10 [대전광역시] 병상 9기관, 수용가능 10기관, 메시지 71건
2026-09-27 19:00:11 [울산광역시] 병상 7기관, 수용가능 9기관, 메시지 17건
2026-09-27 19:00:13 [세종특별자치시] 병상 2기관, 수용가능 2기관, 메시지 14건
2026-09-27 19:00:14 [전남광주통합특별시] 병상 59기관, 수용가능 63기관, 메시지 40건
2026-09-27 19:00:15 [강원특별자치도] 병상 21기관, 수용가능 22기관, 메시지 10건
2026-09-27 19:00:17 [충청북도] 병상 15기관, 수용가능 17기관, 메시지 3건
2026-09-27 19:00:19 [충청남도] 병상 18기관, 수용가능 18기관, 메시지 11건
2026-09-27 19:00:19 [전북특별자치도] 병상 20기관, 수용가능 21기관, 메시지 33건
2026-09-27 19:00:20 [경상북도] 병상 31기관, 수용가능 32기관, 메시지 51건
2026-09-27 19:00:22 [경상남도] 병상 35기관, 수용가능 36기관, 메시지 113건
2026-09-27 19:00:23 [제주특별자치도] 병상 6기관, 수용가능 6기관, 메시지 15건
2026-09-27 19:30:01 [서울특별시] 병상 51기관, 수용가능 54기관, 메시지 143건
2026-09-27 19:30:02 [경기도] 병상 73기관, 수용가능 76기관, 메시지 120건
2026-09-27 19:30:03 [인천광역시] 병상 21기관, 수용가능 22기관, 메시지 16건
2026-09-27 19:30:03 [부산광역시] 병상 29기관, 수용가능 31기관, 메시지 135건
2026-09-27 19:30:04 [대구광역시] 병상 19기관, 수용가능 19기관, 메시지 85건
2026-09-27 19:30:05 [대전광역시] 병상 9기관, 수용가능 10기관, 메시지 71건
2026-09-27 19:30:06 [울산광역시] 병상 7기관, 수용가능 9기관, 메시지 17건
2026-09-27 19:30:08 [세종특별자치시] 병상 2기관, 수용가능 2기관, 메시지 14건
2026-09-27 19:30:09 [전남광주통합특별시] 병상 59기관, 수용가능 63기관, 메시지 40건
2026-09-27 19:30:10 [강원특별자치도] 병상 21기관, 수용가능 22기관, 메시지 10건
2026-09-27 19:30:10 [충청북도] 병상 15기관, 수용가능 17기관, 메시지 3건
2026-09-27 19:30:11 [충청남도] 병상 18기관, 수용가능 18기관, 메시지 11건
2026-09-27 19:30:12 [전북특별자치도] 병상 20기관, 수용가능 21기관, 메시지 33건
2026-09-27 19:30:12 [경상북도] 병상 31기관, 수용가능 32기관, 메시지 51건
2026-09-27 19:30:13 [경상남도] 병상 35기관, 수용가능 36기관, 메시지 113건
2026-09-27 19:30:14 [제주특별자치도] 병상 6기관, 수용가능 6기관, 메시지 15건
2026-09-27 20:00:02 [서울특별시] 병상 51기관, 수용가능 54기관, 메시지 143건
2026-09-27 20:00:03 [경기도] 병상 73기관, 수용가능 76기관, 메시지 120건
2026-09-27 20:00:04 [인천광역시] 병상 21기관, 수용가능 22기관, 메시지 16건
2026-09-27 20:00:05 [부산광역시] 병상 29기관, 수용가능 31기관, 메시지 134건
2026-09-27 20:00:06 [대구광역시] 병상 19기관, 수용가능 19기관, 메시지 85건
2026-09-27 20:00:07 [대전광역시] 병상 9기관, 수용가능 10기관, 메시지 71건
2026-09-27 20:00:09 [울산광역시] 병상 7기관, 수용가능 9기관, 메시지 17건
2026-09-27 20:00:10 [세종특별자치시] 병상 2기관, 수용가능 2기관, 메시지 14건
2026-09-27 20:00:10 [전남광주통합특별시] 병상 59기관, 수용가능 63기관, 메시지 40건
2026-09-27 20:00:11 [강원특별자치도] 병상 21기관, 수용가능 22기관, 메시지 10건
2026-09-27 20:00:12 [충청북도] 병상 15기관, 수용가능 17기관, 메시지 3건
2026-09-27 20:00:13 [충청남도] 병상 18기관, 수용가능 18기관, 메시지 11건
2026-09-27 20:00:15 [전북특별자치도] 병상 20기관, 수용가능 21기관, 메시지 33건
2026-09-27 20:00:16 [경상북도] 병상 31기관, 수용가능 32기관, 메시지 51건
2026-09-27 20:00:17 [경상남도] 병상 35기관, 수용가능 36기관, 메시지 113건
2026-09-27 20:00:18 [제주특별자치도] 병상 6기관, 수용가능 6기관, 메시지 15건
2026-09-27 20:30:02 [서울특별시] 병상 51기관, 수용가능 54기관, 메시지 144건
2026-09-27 20:30:03 [경기도] 병상 73기관, 수용가능 76기관, 메시지 120건
2026-09-27 20:30:04 [인천광역시] 병상 21기관, 수용가능 22기관, 메시지 16건
2026-09-27 20:30:05 [부산광역시] 병상 29기관, 수용가능 31기관, 메시지 134건
2026-09-27 20:30:06 [대구광역시] 병상 19기관, 수용가능 19기관, 메시지 87건
2026-09-27 20:30:08 [대전광역시] 병상 9기관, 수용가능 10기관, 메시지 71건
2026-09-27 20:30:09 [울산광역시] 병상 7기관, 수용가능 9기관, 메시지 17건
2026-09-27 20:30:11 [세종특별자치시] 병상 2기관, 수용가능 2기관, 메시지 14건
2026-09-27 20:30:11 [전남광주통합특별시] 병상 59기관, 수용가능 63기관, 메시지 40건
2026-09-27 20:30:12 [강원특별자치도] 병상 21기관, 수용가능 22기관, 메시지 10건
2026-09-27 20:30:13 [충청북도] 병상 15기관, 수용가능 17기관, 메시지 3건
2026-09-27 20:30:14 [충청남도] 병상 18기관, 수용가능 18기관, 메시지 11건
2026-09-27 20:30:15 [전북특별자치도] 병상 20기관, 수용가능 21기관, 메시지 33건
2026-09-27 20:30:16 [경상북도] 병상 31기관, 수용가능 32기관, 메시지 51건
2026-09-27 20:30:17 [경상남도] 병상 35기관, 수용가능 36기관, 메시지 113건
2026-09-27 20:30:17 [제주특별자치도] 병상 6기관, 수용가능 6기관, 메시지 15건
2026-09-27 21:00:01 [서울특별시] 병상 51기관, 수용가능 54기관, 메시지 144건
2026-09-27 21:00:02 [경기도] 병상 73기관, 수용가능 76기관, 메시지 120건
2026-09-27 21:00:03 [인천광역시] 병상 21기관, 수용가능 22기관, 메시지 16건
2026-09-27 21:00:04 [부산광역시] 병상 29기관, 수용가능 31기관, 메시지 134건
2026-09-27 21:00:06 [대구광역시] 병상 19기관, 수용가능 19기관, 메시지 86건
2026-09-27 21:00:06 [대전광역시] 병상 9기관, 수용가능 10기관, 메시지 70건
2026-09-27 21:00:07 [울산광역시] 병상 7기관, 수용가능 9기관, 메시지 17건
2026-09-27 21:00:08 [세종특별자치시] 병상 2기관, 수용가능 2기관, 메시지 14건
2026-09-27 21:00:09 [전남광주통합특별시] 병상 59기관, 수용가능 63기관, 메시지 40건
2026-09-27 21:00:10 [강원특별자치도] 병상 21기관, 수용가능 22기관, 메시지 10건
2026-09-27 21:00:11 [충청북도] 병상 15기관, 수용가능 17기관, 메시지 3건
2026-09-27 21:00:12 [충청남도] 병상 18기관, 수용가능 18기관, 메시지 11건
2026-09-27 21:00:14 [전북특별자치도] 병상 20기관, 수용가능 21기관, 메시지 33건
2026-09-27 21:00:15 [경상북도] 병상 31기관, 수용가능 32기관, 메시지 51건
2026-09-27 21:00:16 [경상남도] 병상 35기관, 수용가능 36기관, 메시지 113건
2026-09-27 21:00:17 [제주특별자치도] 병상 6기관, 수용가능 6기관, 메시지 15건
2026-09-27 21:29:59 [서울특별시] 병상 51기관, 수용가능 54기관, 메시지 144건
2026-09-27 21:29:59 [경기도] 병상 73기관, 수용가능 76기관, 메시지 121건
2026-09-27 21:30:00 [인천광역시] 병상 21기관, 수용가능 22기관, 메시지 16건
2026-09-27 21:30:01 [부산광역시] 병상 29기관, 수용가능 31기관, 메시지 134건
2026-09-27 21:30:02 [대구광역시] 병상 19기관, 수용가능 19기관, 메시지 86건
2026-09-27 21:30:03 [대전광역시] 병상 9기관, 수용가능 10기관, 메시지 71건
2026-09-27 21:30:05 [울산광역시] 병상 7기관, 수용가능 9기관, 메시지 17건
2026-09-27 21:30:05 [세종특별자치시] 병상 2기관, 수용가능 2기관, 메시지 14건
2026-09-27 21:30:06 [전남광주통합특별시] 병상 59기관, 수용가능 63기관, 메시지 40건
2026-09-27 21:30:07 [강원특별자치도] 병상 21기관, 수용가능 22기관, 메시지 10건
2026-09-27 21:30:08 [충청북도] 병상 15기관, 수용가능 17기관, 메시지 3건
2026-09-27 21:30:08 [충청남도] 병상 18기관, 수용가능 18기관, 메시지 11건
2026-09-27 21:30:09 [전북특별자치도] 병상 20기관, 수용가능 21기관, 메시지 33건
2026-09-27 21:30:11 [경상북도] 병상 31기관, 수용가능 32기관, 메시지 51건
2026-09-27 21:30:12 [경상남도] 병상 35기관, 수용가능 36기관, 메시지 113건
2026-09-27 21:30:13 [제주특별자치도] 병상 6기관, 수용가능 6기관, 메시지 15건
2026-09-27 22:00:04 [서울특별시] 병상 51기관, 수용가능 54기관, 메시지 144건
2026-09-27 22:00:06 [경기도] 병상 73기관, 수용가능 76기관, 메시지 121건
2026-09-27 22:00:08 [인천광역시] 병상 21기관, 수용가능 22기관, 메시지 16건
2026-09-27 22:00:10 [부산광역시] 병상 29기관, 수용가능 31기관, 메시지 135건
2026-09-27 22:00:11 [대구광역시] 병상 19기관, 수용가능 19기관, 메시지 86건
2026-09-27 22:00:12 [대전광역시] 병상 9기관, 수용가능 10기관, 메시지 67건
2026-09-27 22:00:14 [울산광역시] 병상 7기관, 수용가능 9기관, 메시지 17건
2026-09-27 22:00:14 [세종특별자치시] 병상 2기관, 수용가능 2기관, 메시지 14건
2026-09-27 22:00:14 [전남광주통합특별시] 병상 59기관, 수용가능 63기관, 메시지 40건
2026-09-27 22:00:15 [강원특별자치도] 병상 21기관, 수용가능 22기관, 메시지 10건
2026-09-27 22:00:16 [충청북도] 병상 15기관, 수용가능 17기관, 메시지 3건
2026-09-27 22:00:17 [충청남도] 병상 18기관, 수용가능 18기관, 메시지 11건
2026-09-27 22:00:18 [전북특별자치도] 병상 20기관, 수용가능 21기관, 메시지 33건
2026-09-27 22:00:18 [경상북도] 병상 31기관, 수용가능 32기관, 메시지 51건
2026-09-27 22:00:20 [경상남도] 병상 35기관, 수용가능 36기관, 메시지 113건
2026-09-27 22:00:21 [제주특별자치도] 병상 6기관, 수용가능 6기관, 메시지 15건
2026-09-27 22:30:04 [서울특별시] 병상 51기관, 수용가능 54기관, 메시지 146건
2026-09-27 22:30:06 [경기도] 병상 73기관, 수용가능 76기관, 메시지 121건
2026-09-27 22:30:07 [인천광역시] 병상 21기관, 수용가능 22기관, 메시지 16건
2026-09-27 22:30:08 [부산광역시] 병상 29기관, 수용가능 31기관, 메시지 135건
2026-09-27 22:30:10 [대구광역시] 병상 19기관, 수용가능 19기관, 메시지 86건
2026-09-27 22:30:11 [대전광역시] 병상 9기관, 수용가능 10기관, 메시지 67건
2026-09-27 22:30:12 [울산광역시] 병상 7기관, 수용가능 9기관, 메시지 17건
2026-09-27 22:30:13 [세종특별자치시] 병상 2기관, 수용가능 2기관, 메시지 14건
2026-09-27 22:30:14 [전남광주통합특별시] 병상 59기관, 수용가능 63기관, 메시지 40건
2026-09-27 22:30:16 [강원특별자치도] 병상 21기관, 수용가능 22기관, 메시지 10건
2026-09-27 22:30:18 [충청북도] 병상 15기관, 수용가능 17기관, 메시지 3건
2026-09-27 22:30:20 [충청남도] 병상 18기관, 수용가능 18기관, 메시지 11건
2026-09-27 22:30:21 [전북특별자치도] 병상 20기관, 수용가능 21기관, 메시지 33건
2026-09-27 22:30:21 [경상북도] 병상 31기관, 수용가능 32기관, 메시지 51건
2026-09-27 22:30:22 [경상남도] 병상 35기관, 수용가능 36기관, 메시지 113건
2026-09-27 22:30:22 [제주특별자치도] 병상 6기관, 수용가능 6기관, 메시지 15건
2026-09-27 23:00:02 [서울특별시] 병상 51기관, 수용가능 54기관, 메시지 146건
2026-09-27 23:00:03 [경기도] 병상 73기관, 수용가능 76기관, 메시지 121건
2026-09-27 23:00:04 [인천광역시] 병상 21기관, 수용가능 22기관, 메시지 16건
2026-09-27 23:00:05 [부산광역시] 병상 29기관, 수용가능 31기관, 메시지 135건
2026-09-27 23:00:06 [대구광역시] 병상 19기관, 수용가능 19기관, 메시지 86건
2026-09-27 23:00:07 [대전광역시] 병상 9기관, 수용가능 10기관, 메시지 67건
2026-09-27 23:00:08 [울산광역시] 병상 7기관, 수용가능 9기관, 메시지 17건
2026-09-27 23:00:09 [세종특별자치시] 병상 2기관, 수용가능 2기관, 메시지 14건
2026-09-27 23:00:10 [전남광주통합특별시] 병상 59기관, 수용가능 63기관, 메시지 40건
2026-09-27 23:00:11 [강원특별자치도] 병상 21기관, 수용가능 22기관, 메시지 10건
2026-09-27 23:00:12 [충청북도] 병상 15기관, 수용가능 17기관, 메시지 3건
2026-09-27 23:00:14 [충청남도] 병상 18기관, 수용가능 18기관, 메시지 11건
2026-09-27 23:00:14 [전북특별자치도] 병상 20기관, 수용가능 21기관, 메시지 33건
2026-09-27 23:00:15 [경상북도] 병상 31기관, 수용가능 32기관, 메시지 51건
2026-09-27 23:00:16 [경상남도] 병상 35기관, 수용가능 36기관, 메시지 113건
2026-09-27 23:00:16 [제주특별자치도] 병상 6기관, 수용가능 6기관, 메시지 15건
2026-09-27 23:30:01 [서울특별시] 병상 51기관, 수용가능 54기관, 메시지 146건
2026-09-27 23:30:03 [경기도] 병상 73기관, 수용가능 76기관, 메시지 121건
2026-09-27 23:30:04 [인천광역시] 병상 21기관, 수용가능 22기관, 메시지 16건
2026-09-27 23:30:05 [부산광역시] 병상 29기관, 수용가능 31기관, 메시지 135건
2026-09-27 23:30:06 [대구광역시] 병상 19기관, 수용가능 19기관, 메시지 86건
2026-09-27 23:30:07 [대전광역시] 병상 9기관, 수용가능 10기관, 메시지 67건
2026-09-27 23:30:08 [울산광역시] 병상 7기관, 수용가능 9기관, 메시지 17건
2026-09-27 23:30:10 [세종특별자치시] 병상 2기관, 수용가능 2기관, 메시지 14건
2026-09-27 23:30:11 [전남광주통합특별시] 병상 59기관, 수용가능 63기관, 메시지 40건
2026-09-27 23:30:14 [강원특별자치도] 병상 21기관, 수용가능 22기관, 메시지 10건
2026-09-27 23:30:15 [충청북도] 병상 15기관, 수용가능 17기관, 메시지 3건
2026-09-27 23:30:16 [충청남도] 병상 18기관, 수용가능 18기관, 메시지 11건
2026-09-27 23:30:17 [전북특별자치도] 병상 20기관, 수용가능 21기관, 메시지 33건
2026-09-27 23:30:18 [경상북도] 병상 31기관, 수용가능 32기관, 메시지 51건
2026-09-27 23:30:19 [경상남도] 병상 35기관, 수용가능 36기관, 메시지 113건
2026-09-27 23:30:19 [제주특별자치도] 병상 6기관, 수용가능 6기관, 메시지 15건
2026-09-28 00:00:02 [서울특별시] 병상 51기관, 수용가능 54기관, 메시지 134건
2026-09-28 00:00:03 [경기도] 병상 73기관, 수용가능 76기관, 메시지 95건
2026-09-28 00:00:04 [인천광역시] 병상 21기관, 수용가능 22기관, 메시지 12건
2026-09-28 00:00:05 [부산광역시] 병상 29기관, 수용가능 31기관, 메시지 129건
2026-09-28 00:00:06 [대구광역시] 병상 19기관, 수용가능 19기관, 메시지 74건
2026-09-28 00:00:07 [대전광역시] 병상 9기관, 수용가능 10기관, 메시지 64건
2026-09-28 00:00:08 [울산광역시] 병상 7기관, 수용가능 9기관, 메시지 17건
2026-09-28 00:00:09 [세종특별자치시] 병상 2기관, 수용가능 2기관, 메시지 14건
2026-09-28 00:00:10 [전남광주통합특별시] 병상 59기관, 수용가능 63기관, 메시지 40건
2026-09-28 00:00:10 [강원특별자치도] 병상 21기관, 수용가능 22기관, 메시지 10건
2026-09-28 00:00:11 [충청북도] 병상 15기관, 수용가능 17기관, 메시지 0건
2026-09-28 00:00:12 [충청남도] 병상 18기관, 수용가능 18기관, 메시지 9건
2026-09-28 00:00:13 [전북특별자치도] 병상 20기관, 수용가능 21기관, 메시지 30건
2026-09-28 00:00:13 [경상북도] 병상 31기관, 수용가능 32기관, 메시지 49건
2026-09-28 00:00:14 [경상남도] 병상 35기관, 수용가능 36기관, 메시지 112건
2026-09-28 00:00:14 [제주특별자치도] 병상 6기관, 수용가능 6기관, 메시지 15건
2026-09-28 00:30:01 [서울특별시] 병상 51기관, 수용가능 54기관, 메시지 146건
2026-09-28 00:30:02 [경기도] 병상 73기관, 수용가능 76기관, 메시지 111건
2026-09-28 00:30:03 [인천광역시] 병상 21기관, 수용가능 22기관, 메시지 13건
2026-09-28 00:30:04 [부산광역시] 병상 29기관, 수용가능 31기관, 메시지 136건
2026-09-28 00:30:05 [대구광역시] 병상 19기관, 수용가능 19기관, 메시지 85건
2026-09-28 00:30:06 [대전광역시] 병상 9기관, 수용가능 10기관, 메시지 64건
2026-09-28 00:30:06 [울산광역시] 병상 7기관, 수용가능 9기관, 메시지 17건
2026-09-28 00:30:07 [세종특별자치시] 병상 2기관, 수용가능 2기관, 메시지 14건
2026-09-28 00:30:08 [전남광주통합특별시] 병상 59기관, 수용가능 63기관, 메시지 40건
2026-09-28 00:30:09 [강원특별자치도] 병상 21기관, 수용가능 22기관, 메시지 10건
2026-09-28 00:30:11 [충청북도] 병상 15기관, 수용가능 17기관, 메시지 0건
2026-09-28 00:30:12 [충청남도] 병상 18기관, 수용가능 18기관, 메시지 11건
2026-09-28 00:30:12 [전북특별자치도] 병상 20기관, 수용가능 21기관, 메시지 31건
2026-09-28 00:30:14 [경상북도] 병상 31기관, 수용가능 32기관, 메시지 49건
2026-09-28 00:30:14 [경상남도] 병상 35기관, 수용가능 36기관, 메시지 127건
2026-09-28 00:30:15 [제주특별자치도] 병상 6기관, 수용가능 6기관, 메시지 15건
2026-09-28 01:00:01 [서울특별시] 병상 51기관, 수용가능 54기관, 메시지 146건
2026-09-28 01:00:03 [경기도] 병상 73기관, 수용가능 76기관, 메시지 111건
2026-09-28 01:00:04 [인천광역시] 병상 21기관, 수용가능 22기관, 메시지 13건
2026-09-28 01:00:06 [부산광역시] 병상 29기관, 수용가능 31기관, 메시지 135건
2026-09-28 01:00:07 [대구광역시] 병상 19기관, 수용가능 19기관, 메시지 85건
2026-09-28 01:00:07 [대전광역시] 병상 9기관, 수용가능 10기관, 메시지 64건
2026-09-28 01:00:08 [울산광역시] 병상 7기관, 수용가능 9기관, 메시지 18건
2026-09-28 01:00:09 [세종특별자치시] 병상 2기관, 수용가능 2기관, 메시지 14건
2026-09-28 01:00:10 [전남광주통합특별시] 병상 59기관, 수용가능 63기관, 메시지 40건
2026-09-28 01:00:12 [강원특별자치도] 병상 21기관, 수용가능 22기관, 메시지 10건
2026-09-28 01:00:13 [충청북도] 병상 15기관, 수용가능 17기관, 메시지 0건
2026-09-28 01:00:15 [충청남도] 병상 18기관, 수용가능 18기관, 메시지 11건
2026-09-28 01:00:17 [전북특별자치도] 병상 20기관, 수용가능 21기관, 메시지 31건
2026-09-28 01:00:18 [경상북도] 병상 31기관, 수용가능 32기관, 메시지 49건
2026-09-28 01:00:20 [경상남도] 병상 35기관, 수용가능 36기관, 메시지 127건
2026-09-28 01:00:21 [제주특별자치도] 병상 6기관, 수용가능 6기관, 메시지 15건
2026-09-28 01:30:02 [서울특별시] 병상 51기관, 수용가능 54기관, 메시지 146건
2026-09-28 01:30:02 [경기도] 병상 73기관, 수용가능 76기관, 메시지 111건
2026-09-28 01:30:04 [인천광역시] 병상 21기관, 수용가능 22기관, 메시지 13건
2026-09-28 01:30:05 [부산광역시] 병상 29기관, 수용가능 31기관, 메시지 135건
2026-09-28 01:30:07 [대구광역시] 병상 19기관, 수용가능 19기관, 메시지 85건
2026-09-28 01:30:08 [대전광역시] 병상 9기관, 수용가능 10기관, 메시지 64건
2026-09-28 01:30:09 [울산광역시] 병상 7기관, 수용가능 9기관, 메시지 18건
2026-09-28 01:30:09 [세종특별자치시] 병상 2기관, 수용가능 2기관, 메시지 14건
2026-09-28 01:30:10 [전남광주통합특별시] 병상 59기관, 수용가능 63기관, 메시지 40건
2026-09-28 01:30:10 [강원특별자치도] 병상 21기관, 수용가능 22기관, 메시지 10건
2026-09-28 01:30:11 [충청북도] 병상 15기관, 수용가능 17기관, 메시지 0건
2026-09-28 01:30:14 [충청남도] 병상 18기관, 수용가능 18기관, 메시지 11건
2026-09-28 01:30:15 [전북특별자치도] 병상 20기관, 수용가능 21기관, 메시지 31건
2026-09-28 01:30:15 [경상북도] 병상 31기관, 수용가능 32기관, 메시지 49건
2026-09-28 01:30:16 [경상남도] 병상 35기관, 수용가능 36기관, 메시지 127건
2026-09-28 01:30:16 [제주특별자치도] 병상 6기관, 수용가능 6기관, 메시지 15건
2026-09-28 02:00:06 [서울특별시] 병상 51기관, 수용가능 54기관, 메시지 146건
2026-09-28 02:00:10 [경기도] 병상 73기관, 수용가능 76기관, 메시지 111건
2026-09-28 02:00:15 [인천광역시] 병상 21기관, 수용가능 22기관, 메시지 13건
2026-09-28 02:00:23 [부산광역시] 병상 29기관, 수용가능 31기관, 메시지 135건
2026-09-28 02:00:25 [대구광역시] 병상 19기관, 수용가능 19기관, 메시지 85건
2026-09-28 02:00:26 [대전광역시] 병상 9기관, 수용가능 10기관, 메시지 65건
2026-09-28 02:00:26 [울산광역시] 병상 7기관, 수용가능 9기관, 메시지 18건
2026-09-28 02:00:27 [세종특별자치시] 병상 2기관, 수용가능 2기관, 메시지 14건
2026-09-28 02:00:29 [전남광주통합특별시] 병상 59기관, 수용가능 63기관, 메시지 40건
2026-09-28 02:00:30 [강원특별자치도] 병상 21기관, 수용가능 22기관, 메시지 10건
2026-09-28 02:00:31 [충청북도] 병상 15기관, 수용가능 17기관, 메시지 0건
2026-09-28 02:00:32 [충청남도] 병상 18기관, 수용가능 18기관, 메시지 11건
2026-09-28 02:00:33 [전북특별자치도] 병상 20기관, 수용가능 21기관, 메시지 32건
2026-09-28 02:00:34 [경상북도] 병상 31기관, 수용가능 32기관, 메시지 49건
2026-09-28 02:00:35 [경상남도] 병상 35기관, 수용가능 36기관, 메시지 127건
2026-09-28 02:00:37 [제주특별자치도] 병상 6기관, 수용가능 6기관, 메시지 15건
2026-09-28 02:30:01 [서울특별시] 병상 51기관, 수용가능 54기관, 메시지 146건
2026-09-28 02:30:02 [경기도] 병상 73기관, 수용가능 76기관, 메시지 111건
2026-09-28 02:30:04 [인천광역시] 병상 21기관, 수용가능 22기관, 메시지 13건
2026-09-28 02:30:05 [부산광역시] 병상 29기관, 수용가능 31기관, 메시지 135건
2026-09-28 02:30:05 [대구광역시] 병상 19기관, 수용가능 19기관, 메시지 85건
2026-09-28 02:30:05 [대전광역시] 병상 9기관, 수용가능 10기관, 메시지 65건
2026-09-28 02:30:06 [울산광역시] 병상 7기관, 수용가능 9기관, 메시지 18건
2026-09-28 02:30:08 [세종특별자치시] 병상 2기관, 수용가능 2기관, 메시지 14건
2026-09-28 02:30:09 [전남광주통합특별시] 병상 59기관, 수용가능 63기관, 메시지 40건
2026-09-28 02:30:10 [강원특별자치도] 병상 21기관, 수용가능 22기관, 메시지 10건
2026-09-28 02:30:10 [충청북도] 병상 15기관, 수용가능 17기관, 메시지 0건
2026-09-28 02:30:11 [충청남도] 병상 18기관, 수용가능 18기관, 메시지 11건
2026-09-28 02:30:12 [전북특별자치도] 병상 20기관, 수용가능 21기관, 메시지 32건
2026-09-28 02:30:13 [경상북도] 병상 31기관, 수용가능 32기관, 메시지 49건
2026-09-28 02:30:14 [경상남도] 병상 35기관, 수용가능 36기관, 메시지 127건
2026-09-28 02:30:15 [제주특별자치도] 병상 6기관, 수용가능 6기관, 메시지 15건
2026-09-28 03:00:02 [서울특별시] 병상 51기관, 수용가능 54기관, 메시지 146건
2026-09-28 03:00:03 [경기도] 병상 73기관, 수용가능 76기관, 메시지 111건
2026-09-28 03:00:05 [인천광역시] 병상 21기관, 수용가능 22기관, 메시지 13건
2026-09-28 03:00:06 [부산광역시] 병상 29기관, 수용가능 31기관, 메시지 135건
2026-09-28 03:00:06 [대구광역시] 병상 19기관, 수용가능 19기관, 메시지 85건
2026-09-28 03:00:07 [대전광역시] 병상 9기관, 수용가능 10기관, 메시지 65건
2026-09-28 03:00:07 [울산광역시] 병상 7기관, 수용가능 9기관, 메시지 18건
2026-09-28 03:00:09 [세종특별자치시] 병상 2기관, 수용가능 2기관, 메시지 14건
2026-09-28 03:00:10 [전남광주통합특별시] 병상 59기관, 수용가능 63기관, 메시지 40건
2026-09-28 03:00:11 [강원특별자치도] 병상 21기관, 수용가능 22기관, 메시지 10건
2026-09-28 03:00:12 [충청북도] 병상 15기관, 수용가능 17기관, 메시지 0건
2026-09-28 03:00:14 [충청남도] 병상 18기관, 수용가능 18기관, 메시지 11건
2026-09-28 03:00:15 [전북특별자치도] 병상 20기관, 수용가능 21기관, 메시지 32건
2026-09-28 03:00:15 [경상북도] 병상 31기관, 수용가능 32기관, 메시지 49건
2026-09-28 03:00:17 [경상남도] 병상 35기관, 수용가능 36기관, 메시지 127건
2026-09-28 03:00:19 [제주특별자치도] 병상 6기관, 수용가능 6기관, 메시지 15건
2026-09-28 03:30:01 [서울특별시] 병상 51기관, 수용가능 54기관, 메시지 146건
2026-09-28 03:30:02 [경기도] 병상 73기관, 수용가능 76기관, 메시지 111건
2026-09-28 03:30:03 [인천광역시] 병상 21기관, 수용가능 22기관, 메시지 13건
2026-09-28 03:30:05 [부산광역시] 병상 29기관, 수용가능 31기관, 메시지 135건
2026-09-28 03:30:05 [대구광역시] 병상 19기관, 수용가능 19기관, 메시지 85건
2026-09-28 03:30:07 [대전광역시] 병상 9기관, 수용가능 10기관, 메시지 65건
2026-09-28 03:30:08 [울산광역시] 병상 7기관, 수용가능 9기관, 메시지 18건
2026-09-28 03:30:09 [세종특별자치시] 병상 2기관, 수용가능 2기관, 메시지 14건
2026-09-28 03:30:10 [전남광주통합특별시] 병상 59기관, 수용가능 63기관, 메시지 40건
2026-09-28 03:30:12 [강원특별자치도] 병상 21기관, 수용가능 22기관, 메시지 10건
2026-09-28 03:30:14 [충청북도] 병상 15기관, 수용가능 17기관, 메시지 0건
2026-09-28 03:30:15 [충청남도] 병상 18기관, 수용가능 18기관, 메시지 11건
2026-09-28 03:30:16 [전북특별자치도] 병상 20기관, 수용가능 21기관, 메시지 32건
2026-09-28 03:30:17 [경상북도] 병상 31기관, 수용가능 32기관, 메시지 49건
2026-09-28 03:30:18 [경상남도] 병상 35기관, 수용가능 36기관, 메시지 127건
2026-09-28 03:30:20 [제주특별자치도] 병상 6기관, 수용가능 6기관, 메시지 15건
2026-09-28 04:00:02 [서울특별시] 병상 51기관, 수용가능 54기관, 메시지 146건
2026-09-28 04:00:03 [경기도] 병상 73기관, 수용가능 76기관, 메시지 111건
2026-09-28 04:00:04 [인천광역시] 병상 21기관, 수용가능 22기관, 메시지 13건
2026-09-28 04:00:05 [부산광역시] 병상 29기관, 수용가능 31기관, 메시지 135건
2026-09-28 04:00:07 [대구광역시] 병상 19기관, 수용가능 19기관, 메시지 85건
2026-09-28 04:00:07 [대전광역시] 병상 9기관, 수용가능 10기관, 메시지 65건
2026-09-28 04:00:08 [울산광역시] 병상 7기관, 수용가능 9기관, 메시지 18건
2026-09-28 04:00:09 [세종특별자치시] 병상 2기관, 수용가능 2기관, 메시지 14건
2026-09-28 04:00:09 [전남광주통합특별시] 병상 59기관, 수용가능 63기관, 메시지 40건
2026-09-28 04:00:10 [강원특별자치도] 병상 21기관, 수용가능 22기관, 메시지 10건
2026-09-28 04:00:11 [충청북도] 병상 15기관, 수용가능 17기관, 메시지 0건
2026-09-28 04:00:12 [충청남도] 병상 18기관, 수용가능 18기관, 메시지 11건
2026-09-28 04:00:13 [전북특별자치도] 병상 20기관, 수용가능 21기관, 메시지 32건
2026-09-28 04:00:15 [경상북도] 병상 31기관, 수용가능 32기관, 메시지 49건
2026-09-28 04:00:17 [경상남도] 병상 35기관, 수용가능 36기관, 메시지 127건
2026-09-28 04:00:17 [제주특별자치도] 병상 6기관, 수용가능 6기관, 메시지 15건
2026-09-28 04:30:02 [서울특별시] 병상 51기관, 수용가능 54기관, 메시지 146건
2026-09-28 04:30:02 [경기도] 병상 73기관, 수용가능 76기관, 메시지 111건
2026-09-28 04:30:03 [인천광역시] 병상 21기관, 수용가능 22기관, 메시지 13건
2026-09-28 04:30:05 [부산광역시] 병상 29기관, 수용가능 31기관, 메시지 135건
2026-09-28 04:30:06 [대구광역시] 병상 19기관, 수용가능 19기관, 메시지 85건
2026-09-28 04:30:07 [대전광역시] 병상 9기관, 수용가능 10기관, 메시지 65건
2026-09-28 04:30:08 [울산광역시] 병상 7기관, 수용가능 9기관, 메시지 18건
2026-09-28 04:30:09 [세종특별자치시] 병상 2기관, 수용가능 2기관, 메시지 14건
2026-09-28 04:30:10 [전남광주통합특별시] 병상 59기관, 수용가능 63기관, 메시지 40건
2026-09-28 04:30:11 [강원특별자치도] 병상 21기관, 수용가능 22기관, 메시지 10건
2026-09-28 04:30:11 [충청북도] 병상 15기관, 수용가능 17기관, 메시지 0건
2026-09-28 04:30:12 [충청남도] 병상 18기관, 수용가능 18기관, 메시지 11건
2026-09-28 04:30:12 [전북특별자치도] 병상 20기관, 수용가능 21기관, 메시지 32건
2026-09-28 04:30:13 [경상북도] 병상 31기관, 수용가능 32기관, 메시지 49건
2026-09-28 04:30:15 [경상남도] 병상 35기관, 수용가능 36기관, 메시지 127건
2026-09-28 04:30:16 [제주특별자치도] 병상 6기관, 수용가능 6기관, 메시지 15건
2026-09-28 05:00:02 [서울특별시] 병상 51기관, 수용가능 54기관, 메시지 146건
2026-09-28 05:00:03 [경기도] 병상 73기관, 수용가능 76기관, 메시지 111건
2026-09-28 05:00:04 [인천광역시] 병상 21기관, 수용가능 22기관, 메시지 13건
2026-09-28 05:00:06 [부산광역시] 병상 29기관, 수용가능 31기관, 메시지 135건
2026-09-28 05:00:07 [대구광역시] 병상 19기관, 수용가능 19기관, 메시지 85건
2026-09-28 05:00:08 [대전광역시] 병상 9기관, 수용가능 10기관, 메시지 65건
2026-09-28 05:00:09 [울산광역시] 병상 7기관, 수용가능 9기관, 메시지 18건
2026-09-28 05:00:10 [세종특별자치시] 병상 2기관, 수용가능 2기관, 메시지 14건
2026-09-28 05:00:12 [전남광주통합특별시] 병상 59기관, 수용가능 63기관, 메시지 40건
2026-09-28 05:00:12 [강원특별자치도] 병상 21기관, 수용가능 22기관, 메시지 10건
2026-09-28 05:00:15 [충청북도] 병상 15기관, 수용가능 17기관, 메시지 0건
2026-09-28 05:00:15 [충청남도] 병상 18기관, 수용가능 18기관, 메시지 11건
2026-09-28 05:00:17 [전북특별자치도] 병상 20기관, 수용가능 21기관, 메시지 32건
2026-09-28 05:00:18 [경상북도] 병상 31기관, 수용가능 32기관, 메시지 49건
2026-09-28 05:00:19 [경상남도] 병상 35기관, 수용가능 36기관, 메시지 127건
2026-09-28 05:00:20 [제주특별자치도] 병상 6기관, 수용가능 6기관, 메시지 15건
2026-09-28 05:30:01 [서울특별시] 병상 51기관, 수용가능 54기관, 메시지 146건
2026-09-28 05:30:02 [경기도] 병상 73기관, 수용가능 76기관, 메시지 111건
2026-09-28 05:30:04 [인천광역시] 병상 21기관, 수용가능 22기관, 메시지 13건
2026-09-28 05:30:04 [부산광역시] 병상 29기관, 수용가능 31기관, 메시지 135건
2026-09-28 05:30:05 [대구광역시] 병상 19기관, 수용가능 19기관, 메시지 85건
2026-09-28 05:30:06 [대전광역시] 병상 9기관, 수용가능 10기관, 메시지 65건
2026-09-28 05:30:07 [울산광역시] 병상 7기관, 수용가능 9기관, 메시지 18건
2026-09-28 05:30:08 [세종특별자치시] 병상 2기관, 수용가능 2기관, 메시지 14건
2026-09-28 05:30:09 [전남광주통합특별시] 병상 59기관, 수용가능 63기관, 메시지 40건
2026-09-28 05:30:10 [강원특별자치도] 병상 21기관, 수용가능 22기관, 메시지 10건
2026-09-28 05:30:11 [충청북도] 병상 15기관, 수용가능 17기관, 메시지 0건
2026-09-28 05:30:13 [충청남도] 병상 18기관, 수용가능 18기관, 메시지 11건
2026-09-28 05:30:13 [전북특별자치도] 병상 20기관, 수용가능 21기관, 메시지 32건
2026-09-28 05:30:14 [경상북도] 병상 31기관, 수용가능 32기관, 메시지 49건
2026-09-28 05:30:16 [경상남도] 병상 35기관, 수용가능 36기관, 메시지 127건
2026-09-28 05:30:17 [제주특별자치도] 병상 6기관, 수용가능 6기관, 메시지 15건
2026-09-28 06:00:03 [서울특별시] 병상 51기관, 수용가능 54기관, 메시지 146건
2026-09-28 06:00:05 [경기도] 병상 73기관, 수용가능 76기관, 메시지 111건
2026-09-28 06:00:06 [인천광역시] 병상 21기관, 수용가능 22기관, 메시지 13건
2026-09-28 06:00:08 [부산광역시] 병상 29기관, 수용가능 31기관, 메시지 135건
2026-09-28 06:00:09 [대구광역시] 병상 19기관, 수용가능 19기관, 메시지 85건
2026-09-28 06:00:10 [대전광역시] 병상 9기관, 수용가능 10기관, 메시지 64건
2026-09-28 06:00:15 [울산광역시] 병상 7기관, 수용가능 9기관, 메시지 18건
2026-09-28 06:00:19 [세종특별자치시] 병상 2기관, 수용가능 2기관, 메시지 14건
2026-09-28 06:00:20 [전남광주통합특별시] 병상 59기관, 수용가능 63기관, 메시지 40건
2026-09-28 06:00:22 [강원특별자치도] 병상 21기관, 수용가능 22기관, 메시지 10건
2026-09-28 06:00:23 [충청북도] 병상 15기관, 수용가능 17기관, 메시지 0건
2026-09-28 06:00:24 [충청남도] 병상 18기관, 수용가능 18기관, 메시지 11건
2026-09-28 06:00:26 [전북특별자치도] 병상 20기관, 수용가능 21기관, 메시지 29건
2026-09-28 06:00:27 [경상북도] 병상 31기관, 수용가능 32기관, 메시지 49건
2026-09-28 06:00:29 [경상남도] 병상 35기관, 수용가능 36기관, 메시지 127건
2026-09-28 06:00:30 [제주특별자치도] 병상 6기관, 수용가능 6기관, 메시지 15건
2026-09-28 06:30:01 [서울특별시] 병상 51기관, 수용가능 54기관, 메시지 146건
2026-09-28 06:30:03 [경기도] 병상 73기관, 수용가능 76기관, 메시지 111건
2026-09-28 06:30:04 [인천광역시] 병상 21기관, 수용가능 22기관, 메시지 13건
2026-09-28 06:30:05 [부산광역시] 병상 29기관, 수용가능 31기관, 메시지 135건
2026-09-28 06:30:06 [대구광역시] 병상 19기관, 수용가능 19기관, 메시지 85건
2026-09-28 06:30:08 [대전광역시] 병상 9기관, 수용가능 10기관, 메시지 64건
2026-09-28 06:30:08 [울산광역시] 병상 7기관, 수용가능 9기관, 메시지 18건
2026-09-28 06:30:08 [세종특별자치시] 병상 2기관, 수용가능 2기관, 메시지 14건
2026-09-28 06:30:10 [전남광주통합특별시] 병상 59기관, 수용가능 63기관, 메시지 40건
2026-09-28 06:30:12 [강원특별자치도] 병상 21기관, 수용가능 22기관, 메시지 10건
2026-09-28 06:30:13 [충청북도] 병상 15기관, 수용가능 17기관, 메시지 0건
2026-09-28 06:30:14 [충청남도] 병상 18기관, 수용가능 18기관, 메시지 11건
2026-09-28 06:30:15 [전북특별자치도] 병상 20기관, 수용가능 21기관, 메시지 29건
2026-09-28 06:30:16 [경상북도] 병상 31기관, 수용가능 32기관, 메시지 49건
2026-09-28 06:30:17 [경상남도] 병상 35기관, 수용가능 36기관, 메시지 127건
2026-09-28 06:30:19 [제주특별자치도] 병상 6기관, 수용가능 6기관, 메시지 15건
2026-09-28 07:00:01 [서울특별시] 병상 51기관, 수용가능 54기관, 메시지 144건
2026-09-28 07:00:02 [경기도] 병상 73기관, 수용가능 76기관, 메시지 110건
2026-09-28 07:00:03 [인천광역시] 병상 21기관, 수용가능 22기관, 메시지 9건
2026-09-28 07:00:03 [부산광역시] 병상 29기관, 수용가능 31기관, 메시지 133건
2026-09-28 07:00:04 [대구광역시] 병상 19기관, 수용가능 19기관, 메시지 73건
2026-09-28 07:00:06 [대전광역시] 병상 9기관, 수용가능 10기관, 메시지 62건
2026-09-28 07:00:07 [울산광역시] 병상 7기관, 수용가능 9기관, 메시지 12건
2026-09-28 07:00:08 [세종특별자치시] 병상 2기관, 수용가능 2기관, 메시지 14건
2026-09-28 07:00:09 [전남광주통합특별시] 병상 59기관, 수용가능 63기관, 메시지 36건
2026-09-28 07:00:10 [강원특별자치도] 병상 21기관, 수용가능 22기관, 메시지 10건
2026-09-28 07:00:12 [충청북도] 병상 15기관, 수용가능 17기관, 메시지 0건
2026-09-28 07:00:12 [충청남도] 병상 18기관, 수용가능 18기관, 메시지 11건
2026-09-28 07:00:13 [전북특별자치도] 병상 20기관, 수용가능 21기관, 메시지 28건
2026-09-28 07:00:14 [경상북도] 병상 31기관, 수용가능 32기관, 메시지 49건
2026-09-28 07:00:15 [경상남도] 병상 35기관, 수용가능 36기관, 메시지 123건
2026-09-28 07:00:16 [제주특별자치도] 병상 6기관, 수용가능 6기관, 메시지 15건
2026-09-28 07:30:02 [서울특별시] 병상 51기관, 수용가능 54기관, 메시지 144건
2026-09-28 07:30:03 [경기도] 병상 73기관, 수용가능 76기관, 메시지 111건
2026-09-28 07:30:03 [인천광역시] 병상 21기관, 수용가능 22기관, 메시지 9건
2026-09-28 07:30:05 [부산광역시] 병상 29기관, 수용가능 31기관, 메시지 134건
2026-09-28 07:30:06 [대구광역시] 병상 19기관, 수용가능 19기관, 메시지 83건
2026-09-28 07:30:07 [대전광역시] 병상 9기관, 수용가능 10기관, 메시지 62건
2026-09-28 07:30:09 [울산광역시] 병상 7기관, 수용가능 9기관, 메시지 11건
2026-09-28 07:30:11 [세종특별자치시] 병상 2기관, 수용가능 2기관, 메시지 14건
2026-09-28 07:30:11 [전남광주통합특별시] 병상 59기관, 수용가능 63기관, 메시지 41건
2026-09-28 07:30:12 [강원특별자치도] 병상 21기관, 수용가능 22기관, 메시지 10건
2026-09-28 07:30:13 [충청북도] 병상 15기관, 수용가능 17기관, 메시지 0건
2026-09-28 07:30:14 [충청남도] 병상 18기관, 수용가능 18기관, 메시지 11건
2026-09-28 07:30:16 [전북특별자치도] 병상 20기관, 수용가능 21기관, 메시지 28건
2026-09-28 07:30:16 [경상북도] 병상 31기관, 수용가능 32기관, 메시지 49건
2026-09-28 07:30:17 [경상남도] 병상 35기관, 수용가능 36기관, 메시지 123건
2026-09-28 07:30:18 [제주특별자치도] 병상 6기관, 수용가능 6기관, 메시지 15건
2026-09-28 08:00:00 [서울특별시] 병상 51기관, 수용가능 54기관, 메시지 145건
2026-09-28 08:00:01 [경기도] 병상 73기관, 수용가능 76기관, 메시지 100건
2026-09-28 08:00:01 [인천광역시] 병상 21기관, 수용가능 22기관, 메시지 9건
2026-09-28 08:00:02 [부산광역시] 병상 29기관, 수용가능 31기관, 메시지 116건
2026-09-28 08:00:03 [대구광역시] 병상 19기관, 수용가능 19기관, 메시지 64건
2026-09-28 08:00:04 [대전광역시] 병상 9기관, 수용가능 10기관, 메시지 55건
2026-09-28 08:00:05 [울산광역시] 병상 7기관, 수용가능 9기관, 메시지 11건
2026-09-28 08:00:06 [세종특별자치시] 병상 2기관, 수용가능 2기관, 메시지 14건
2026-09-28 08:00:08 [전남광주통합특별시] 병상 59기관, 수용가능 63기관, 메시지 41건
2026-09-28 08:00:09 [강원특별자치도] 병상 21기관, 수용가능 22기관, 메시지 10건
2026-09-28 08:00:10 [충청북도] 병상 15기관, 수용가능 17기관, 메시지 0건
2026-09-28 08:00:11 [충청남도] 병상 18기관, 수용가능 18기관, 메시지 7건
2026-09-28 08:00:12 [전북특별자치도] 병상 20기관, 수용가능 21기관, 메시지 27건
2026-09-28 08:00:14 [경상북도] 병상 31기관, 수용가능 32기관, 메시지 48건
2026-09-28 08:00:15 [경상남도] 병상 35기관, 수용가능 36기관, 메시지 119건
2026-09-28 08:00:16 [제주특별자치도] 병상 6기관, 수용가능 6기관, 메시지 12건
2026-09-28 08:30:01 [서울특별시] 병상 51기관, 수용가능 54기관, 메시지 130건
2026-09-28 08:30:02 [경기도] 병상 73기관, 수용가능 76기관, 메시지 96건
2026-09-28 08:30:03 [인천광역시] 병상 21기관, 수용가능 22기관, 메시지 9건
2026-09-28 08:30:05 [부산광역시] 병상 29기관, 수용가능 31기관, 메시지 128건
2026-09-28 08:30:07 [대구광역시] 병상 19기관, 수용가능 19기관, 메시지 70건
2026-09-28 08:30:08 [대전광역시] 병상 9기관, 수용가능 10기관, 메시지 57건
2026-09-28 08:30:08 [울산광역시] 병상 7기관, 수용가능 9기관, 메시지 11건
2026-09-28 08:30:09 [세종특별자치시] 병상 2기관, 수용가능 2기관, 메시지 14건
2026-09-28 08:30:09 [전남광주통합특별시] 병상 59기관, 수용가능 63기관, 메시지 41건
2026-09-28 08:30:10 [강원특별자치도] 병상 21기관, 수용가능 22기관, 메시지 2건
2026-09-28 08:30:11 [충청북도] 병상 15기관, 수용가능 17기관, 메시지 0건
2026-09-28 08:30:12 [충청남도] 병상 18기관, 수용가능 18기관, 메시지 10건
2026-09-28 08:30:13 [전북특별자치도] 병상 20기관, 수용가능 21기관, 메시지 18건
2026-09-28 08:30:13 [경상북도] 병상 31기관, 수용가능 32기관, 메시지 46건
2026-09-28 08:30:13 [경상남도] 병상 35기관, 수용가능 36기관, 메시지 120건
2026-09-28 08:30:15 [제주특별자치도] 병상 6기관, 수용가능 6기관, 메시지 13건
2026-09-28 09:00:01 [서울특별시] 병상 51기관, 수용가능 54기관, 메시지 127건
2026-09-28 09:00:02 [경기도] 병상 73기관, 수용가능 76기관, 메시지 94건
2026-09-28 09:00:03 [인천광역시] 병상 21기관, 수용가능 22기관, 메시지 12건
2026-09-28 09:00:04 [부산광역시] 병상 29기관, 수용가능 31기관, 메시지 113건
2026-09-28 09:00:05 [대구광역시] 병상 19기관, 수용가능 19기관, 메시지 67건
2026-09-28 09:00:06 [대전광역시] 병상 9기관, 수용가능 10기관, 메시지 37건
2026-09-28 09:00:07 [울산광역시] 병상 7기관, 수용가능 9기관, 메시지 11건
2026-09-28 09:00:08 [세종특별자치시] 병상 2기관, 수용가능 2기관, 메시지 14건
2026-09-28 09:00:09 [전남광주통합특별시] 병상 59기관, 수용가능 63기관, 메시지 36건
2026-09-28 09:00:11 [강원특별자치도] 병상 21기관, 수용가능 22기관, 메시지 2건
2026-09-28 09:00:11 [충청북도] 병상 15기관, 수용가능 17기관, 메시지 0건
2026-09-28 09:00:12 [충청남도] 병상 18기관, 수용가능 18기관, 메시지 10건
2026-09-28 09:00:14 [전북특별자치도] 병상 20기관, 수용가능 21기관, 메시지 19건
2026-09-28 09:00:15 [경상북도] 병상 31기관, 수용가능 32기관, 메시지 43건
2026-09-28 09:00:16 [경상남도] 병상 35기관, 수용가능 36기관, 메시지 100건
2026-09-28 09:00:17 [제주특별자치도] 병상 6기관, 수용가능 6기관, 메시지 7건
2026-09-28 09:30:02 [서울특별시] 병상 51기관, 수용가능 54기관, 메시지 119건
2026-09-28 09:30:03 [경기도] 병상 73기관, 수용가능 76기관, 메시지 94건
2026-09-28 09:30:03 [인천광역시] 병상 21기관, 수용가능 22기관, 메시지 12건
2026-09-28 09:30:05 [부산광역시] 병상 29기관, 수용가능 31기관, 메시지 125건
2026-09-28 09:30:06 [대구광역시] 병상 19기관, 수용가능 19기관, 메시지 67건
2026-09-28 09:30:07 [대전광역시] 병상 9기관, 수용가능 10기관, 메시지 64건
2026-09-28 09:30:07 [울산광역시] 병상 7기관, 수용가능 9기관, 메시지 11건
2026-09-28 09:30:09 [세종특별자치시] 병상 2기관, 수용가능 2기관, 메시지 14건
2026-09-28 09:30:10 [전남광주통합특별시] 병상 59기관, 수용가능 63기관, 메시지 36건
2026-09-28 09:30:11 [강원특별자치도] 병상 21기관, 수용가능 22기관, 메시지 2건
2026-09-28 09:30:12 [충청북도] 병상 15기관, 수용가능 17기관, 메시지 1건
2026-09-28 09:30:13 [충청남도] 병상 18기관, 수용가능 18기관, 메시지 10건
2026-09-28 09:30:14 [전북특별자치도] 병상 20기관, 수용가능 21기관, 메시지 19건
2026-09-28 09:30:15 [경상북도] 병상 31기관, 수용가능 32기관, 메시지 46건
2026-09-28 09:30:16 [경상남도] 병상 35기관, 수용가능 36기관, 메시지 101건
2026-09-28 09:30:17 [제주특별자치도] 병상 6기관, 수용가능 6기관, 메시지 9건
2026-09-28 10:00:01 [서울특별시] 병상 51기관, 수용가능 54기관, 메시지 117건
2026-09-28 10:00:03 [경기도] 병상 73기관, 수용가능 76기관, 메시지 89건
2026-09-28 10:00:04 [인천광역시] 병상 21기관, 수용가능 22기관, 메시지 12건
2026-09-28 10:00:06 [부산광역시] 병상 29기관, 수용가능 31기관, 메시지 124건
2026-09-28 10:00:07 [대구광역시] 병상 19기관, 수용가능 19기관, 메시지 57건
2026-09-28 10:00:08 [대전광역시] 병상 9기관, 수용가능 10기관, 메시지 54건
2026-09-28 10:00:09 [울산광역시] 병상 7기관, 수용가능 9기관, 메시지 11건
2026-09-28 10:00:11 [세종특별자치시] 병상 2기관, 수용가능 2기관, 메시지 14건
2026-09-28 10:00:12 [전남광주통합특별시] 병상 59기관, 수용가능 63기관, 메시지 36건
2026-09-28 10:00:13 [강원특별자치도] 병상 21기관, 수용가능 22기관, 메시지 2건
2026-09-28 10:00:15 [충청북도] 병상 15기관, 수용가능 17기관, 메시지 1건
2026-09-28 10:00:16 [충청남도] 병상 18기관, 수용가능 18기관, 메시지 10건
2026-09-28 10:00:17 [전북특별자치도] 병상 20기관, 수용가능 21기관, 메시지 19건
2026-09-28 10:00:18 [경상북도] 병상 31기관, 수용가능 32기관, 메시지 45건
2026-09-28 10:00:19 [경상남도] 병상 35기관, 수용가능 36기관, 메시지 101건
2026-09-28 10:00:19 [제주특별자치도] 병상 6기관, 수용가능 6기관, 메시지 9건
2026-09-28 10:29:56 [서울특별시] 병상 51기관, 수용가능 54기관, 메시지 120건
2026-09-28 10:29:57 [경기도] 병상 73기관, 수용가능 76기관, 메시지 94건
2026-09-28 10:29:58 [인천광역시] 병상 21기관, 수용가능 22기관, 메시지 12건
2026-09-28 10:29:59 [부산광역시] 병상 29기관, 수용가능 31기관, 메시지 125건
2026-09-28 10:30:00 [대구광역시] 병상 19기관, 수용가능 19기관, 메시지 68건
2026-09-28 10:30:00 [대전광역시] 병상 9기관, 수용가능 10기관, 메시지 55건
2026-09-28 10:30:03 [울산광역시] 병상 7기관, 수용가능 9기관, 메시지 11건
2026-09-28 10:30:03 [세종특별자치시] 병상 2기관, 수용가능 2기관, 메시지 14건
2026-09-28 10:30:04 [전남광주통합특별시] 병상 59기관, 수용가능 63기관, 메시지 36건
2026-09-28 10:30:05 [강원특별자치도] 병상 21기관, 수용가능 22기관, 메시지 2건
2026-09-28 10:30:05 [충청북도] 병상 15기관, 수용가능 17기관, 메시지 1건
2026-09-28 10:30:06 [충청남도] 병상 18기관, 수용가능 18기관, 메시지 10건
2026-09-28 10:30:07 [전북특별자치도] 병상 20기관, 수용가능 21기관, 메시지 19건
2026-09-28 10:30:08 [경상북도] 병상 31기관, 수용가능 32기관, 메시지 45건
2026-09-28 10:30:08 [경상남도] 병상 35기관, 수용가능 36기관, 메시지 101건
2026-09-28 10:30:09 [제주특별자치도] 병상 6기관, 수용가능 6기관, 메시지 9건
2026-09-28 11:00:04 [서울특별시] 병상 51기관, 수용가능 54기관, 메시지 121건
2026-09-28 11:00:05 [경기도] 병상 73기관, 수용가능 76기관, 메시지 94건
2026-09-28 11:00:06 [인천광역시] 병상 21기관, 수용가능 22기관, 메시지 12건
2026-09-28 11:00:08 [부산광역시] 병상 29기관, 수용가능 31기관, 메시지 125건
2026-09-28 11:00:09 [대구광역시] 병상 19기관, 수용가능 19기관, 메시지 68건
2026-09-28 11:00:10 [대전광역시] 병상 9기관, 수용가능 10기관, 메시지 55건
2026-09-28 11:00:12 [울산광역시] 병상 7기관, 수용가능 9기관, 메시지 11건
2026-09-28 11:00:13 [세종특별자치시] 병상 2기관, 수용가능 2기관, 메시지 14건
2026-09-28 11:00:14 [전남광주통합특별시] 병상 59기관, 수용가능 63기관, 메시지 36건
2026-09-28 11:00:15 [강원특별자치도] 병상 21기관, 수용가능 22기관, 메시지 2건
2026-09-28 11:00:16 [충청북도] 병상 15기관, 수용가능 17기관, 메시지 1건
2026-09-28 11:00:17 [충청남도] 병상 18기관, 수용가능 18기관, 메시지 10건
2026-09-28 11:00:18 [전북특별자치도] 병상 20기관, 수용가능 21기관, 메시지 19건
2026-09-28 11:00:19 [경상북도] 병상 31기관, 수용가능 32기관, 메시지 45건
2026-09-28 11:00:20 [경상남도] 병상 35기관, 수용가능 36기관, 메시지 101건
2026-09-28 11:00:21 [제주특별자치도] 병상 6기관, 수용가능 6기관, 메시지 9건
2026-09-28 11:30:01 [서울특별시] 병상 51기관, 수용가능 54기관, 메시지 121건
2026-09-28 11:30:02 [경기도] 병상 73기관, 수용가능 76기관, 메시지 93건
2026-09-28 11:30:03 [인천광역시] 병상 21기관, 수용가능 22기관, 메시지 14건
2026-09-28 11:30:04 [부산광역시] 병상 29기관, 수용가능 31기관, 메시지 125건
2026-09-28 11:30:05 [대구광역시] 병상 19기관, 수용가능 19기관, 메시지 68건
2026-09-28 11:30:06 [대전광역시] 병상 9기관, 수용가능 10기관, 메시지 55건
2026-09-28 11:30:07 [울산광역시] 병상 7기관, 수용가능 9기관, 메시지 11건
2026-09-28 11:30:07 [세종특별자치시] 병상 2기관, 수용가능 2기관, 메시지 14건
2026-09-28 11:30:09 [전남광주통합특별시] 병상 59기관, 수용가능 63기관, 메시지 36건
2026-09-28 11:30:09 [강원특별자치도] 병상 21기관, 수용가능 22기관, 메시지 2건
2026-09-28 11:30:09 [충청북도] 병상 15기관, 수용가능 17기관, 메시지 1건
2026-09-28 11:30:10 [충청남도] 병상 18기관, 수용가능 18기관, 메시지 10건
2026-09-28 11:30:11 [전북특별자치도] 병상 20기관, 수용가능 21기관, 메시지 19건
2026-09-28 11:30:12 [경상북도] 병상 31기관, 수용가능 32기관, 메시지 45건
2026-09-28 11:30:13 [경상남도] 병상 35기관, 수용가능 36기관, 메시지 107건
2026-09-28 11:30:13 [제주특별자치도] 병상 6기관, 수용가능 6기관, 메시지 9건
2026-09-28 12:00:02 [서울특별시] 병상 51기관, 수용가능 54기관, 메시지 111건
2026-09-28 12:00:03 [경기도] 병상 73기관, 수용가능 76기관, 메시지 91건
2026-09-28 12:00:04 [인천광역시] 병상 21기관, 수용가능 22기관, 메시지 14건
2026-09-28 12:00:05 [부산광역시] 병상 29기관, 수용가능 31기관, 메시지 125건
2026-09-28 12:00:06 [대구광역시] 병상 19기관, 수용가능 19기관, 메시지 68건
2026-09-28 12:00:07 [대전광역시] 병상 9기관, 수용가능 10기관, 메시지 55건
2026-09-28 12:00:08 [울산광역시] 병상 7기관, 수용가능 9기관, 메시지 11건
2026-09-28 12:00:09 [세종특별자치시] 병상 2기관, 수용가능 2기관, 메시지 14건
2026-09-28 12:00:10 [전남광주통합특별시] 병상 59기관, 수용가능 63기관, 메시지 36건
2026-09-28 12:00:11 [강원특별자치도] 병상 21기관, 수용가능 22기관, 메시지 2건
2026-09-28 12:00:14 [충청북도] 병상 15기관, 수용가능 17기관, 메시지 1건
2026-09-28 12:00:15 [충청남도] 병상 18기관, 수용가능 18기관, 메시지 9건
2026-09-28 12:00:16 [전북특별자치도] 병상 20기관, 수용가능 21기관, 메시지 19건
2026-09-28 12:00:17 [경상북도] 병상 31기관, 수용가능 32기관, 메시지 45건
2026-09-28 12:00:18 [경상남도] 병상 35기관, 수용가능 36기관, 메시지 101건
2026-09-28 12:00:20 [제주특별자치도] 병상 6기관, 수용가능 6기관, 메시지 10건
2026-09-28 12:30:02 [서울특별시] 병상 51기관, 수용가능 54기관, 메시지 120건
2026-09-28 12:30:03 [경기도] 병상 73기관, 수용가능 76기관, 메시지 66건
2026-09-28 12:30:04 [인천광역시] 병상 21기관, 수용가능 22기관, 메시지 14건
2026-09-28 12:30:05 [부산광역시] 병상 29기관, 수용가능 31기관, 메시지 125건
2026-09-28 12:30:07 [대구광역시] 병상 19기관, 수용가능 19기관, 메시지 68건
2026-09-28 12:30:07 [대전광역시] 병상 9기관, 수용가능 10기관, 메시지 56건
2026-09-28 12:30:08 [울산광역시] 병상 7기관, 수용가능 9기관, 메시지 11건
2026-09-28 12:30:09 [세종특별자치시] 병상 2기관, 수용가능 2기관, 메시지 14건
2026-09-28 12:30:10 [전남광주통합특별시] 병상 59기관, 수용가능 63기관, 메시지 36건
2026-09-28 12:30:10 [강원특별자치도] 병상 21기관, 수용가능 22기관, 메시지 2건
2026-09-28 12:30:12 [충청북도] 병상 15기관, 수용가능 17기관, 메시지 1건
2026-09-28 12:30:13 [충청남도] 병상 18기관, 수용가능 18기관, 메시지 10건
2026-09-28 12:30:14 [전북특별자치도] 병상 20기관, 수용가능 21기관, 메시지 19건
2026-09-28 12:30:14 [경상북도] 병상 31기관, 수용가능 32기관, 메시지 45건
2026-09-28 12:30:14 [경상남도] 병상 35기관, 수용가능 36기관, 메시지 102건
2026-09-28 12:30:15 [제주특별자치도] 병상 6기관, 수용가능 6기관, 메시지 10건
2026-09-28 13:00:01 [서울특별시] 병상 51기관, 수용가능 54기관, 메시지 118건
2026-09-28 13:00:02 [경기도] 병상 73기관, 수용가능 76기관, 메시지 65건
2026-09-28 13:00:02 [인천광역시] 병상 21기관, 수용가능 22기관, 메시지 14건
2026-09-28 13:00:03 [부산광역시] 병상 29기관, 수용가능 31기관, 메시지 125건
2026-09-28 13:00:03 [대구광역시] 병상 19기관, 수용가능 19기관, 메시지 68건
2026-09-28 13:00:05 [대전광역시] 병상 9기관, 수용가능 10기관, 메시지 56건
2026-09-28 13:00:06 [울산광역시] 병상 7기관, 수용가능 9기관, 메시지 11건
2026-09-28 13:00:07 [세종특별자치시] 병상 2기관, 수용가능 2기관, 메시지 14건
2026-09-28 13:00:07 [전남광주통합특별시] 병상 59기관, 수용가능 63기관, 메시지 36건
2026-09-28 13:00:08 [강원특별자치도] 병상 21기관, 수용가능 22기관, 메시지 2건
2026-09-28 13:00:09 [충청북도] 병상 15기관, 수용가능 17기관, 메시지 1건
2026-09-28 13:00:09 [충청남도] 병상 18기관, 수용가능 18기관, 메시지 10건
2026-09-28 13:00:10 [전북특별자치도] 병상 20기관, 수용가능 21기관, 메시지 19건
2026-09-28 13:00:12 [경상북도] 병상 31기관, 수용가능 32기관, 메시지 45건
2026-09-28 13:00:13 [경상남도] 병상 35기관, 수용가능 36기관, 메시지 103건
2026-09-28 13:00:14 [제주특별자치도] 병상 6기관, 수용가능 6기관, 메시지 9건
2026-09-28 13:30:01 [서울특별시] 병상 51기관, 수용가능 54기관, 메시지 120건
2026-09-28 13:30:03 [경기도] 병상 73기관, 수용가능 76기관, 메시지 65건
2026-09-28 13:30:04 [인천광역시] 병상 21기관, 수용가능 22기관, 메시지 14건
2026-09-28 13:30:05 [부산광역시] 병상 29기관, 수용가능 31기관, 메시지 125건
2026-09-28 13:30:05 [대구광역시] 병상 19기관, 수용가능 19기관, 메시지 69건
2026-09-28 13:30:07 [대전광역시] 병상 9기관, 수용가능 10기관, 메시지 57건
2026-09-28 13:30:08 [울산광역시] 병상 7기관, 수용가능 9기관, 메시지 11건
2026-09-28 13:30:08 [세종특별자치시] 병상 2기관, 수용가능 2기관, 메시지 14건
2026-09-28 13:30:09 [전남광주통합특별시] 병상 59기관, 수용가능 63기관, 메시지 36건
2026-09-28 13:30:09 [강원특별자치도] 병상 21기관, 수용가능 22기관, 메시지 2건
2026-09-28 13:30:10 [충청북도] 병상 15기관, 수용가능 17기관, 메시지 1건
2026-09-28 13:30:11 [충청남도] 병상 18기관, 수용가능 18기관, 메시지 10건
2026-09-28 13:30:13 [전북특별자치도] 병상 20기관, 수용가능 21기관, 메시지 19건
2026-09-28 13:30:13 [경상북도] 병상 31기관, 수용가능 32기관, 메시지 45건
2026-09-28 13:30:14 [경상남도] 병상 35기관, 수용가능 36기관, 메시지 104건
2026-09-28 13:30:15 [제주특별자치도] 병상 6기관, 수용가능 6기관, 메시지 9건
2026-09-28 13:59:59 [서울특별시] 병상 51기관, 수용가능 54기관, 메시지 120건
2026-09-28 14:00:02 [경기도] 병상 73기관, 수용가능 76기관, 메시지 64건
2026-09-28 14:00:03 [인천광역시] 병상 21기관, 수용가능 22기관, 메시지 14건
2026-09-28 14:00:04 [부산광역시] 병상 29기관, 수용가능 31기관, 메시지 125건
2026-09-28 14:00:06 [대구광역시] 병상 19기관, 수용가능 19기관, 메시지 69건
2026-09-28 14:00:07 [대전광역시] 병상 9기관, 수용가능 10기관, 메시지 57건
2026-09-28 14:00:08 [울산광역시] 병상 7기관, 수용가능 9기관, 메시지 11건
2026-09-28 14:00:09 [세종특별자치시] 병상 2기관, 수용가능 2기관, 메시지 14건
2026-09-28 14:00:10 [전남광주통합특별시] 병상 59기관, 수용가능 63기관, 메시지 36건
2026-09-28 14:00:12 [강원특별자치도] 병상 21기관, 수용가능 22기관, 메시지 2건
2026-09-28 14:00:14 [충청북도] 병상 15기관, 수용가능 17기관, 메시지 1건
2026-09-28 14:00:14 [충청남도] 병상 18기관, 수용가능 18기관, 메시지 10건
2026-09-28 14:00:15 [전북특별자치도] 병상 20기관, 수용가능 21기관, 메시지 19건
2026-09-28 14:00:16 [경상북도] 병상 31기관, 수용가능 32기관, 메시지 46건
2026-09-28 14:00:18 [경상남도] 병상 35기관, 수용가능 36기관, 메시지 104건
2026-09-28 14:00:18 [제주특별자치도] 병상 6기관, 수용가능 6기관, 메시지 9건
2026-09-28 14:30:04 [서울특별시] 병상 51기관, 수용가능 54기관, 메시지 120건
2026-09-28 14:30:05 [경기도] 병상 73기관, 수용가능 76기관, 메시지 64건
2026-09-28 14:30:06 [인천광역시] 병상 21기관, 수용가능 22기관, 메시지 14건
2026-09-28 14:30:07 [부산광역시] 병상 29기관, 수용가능 31기관, 메시지 125건
2026-09-28 14:30:07 [대구광역시] 병상 19기관, 수용가능 19기관, 메시지 69건
2026-09-28 14:30:08 [대전광역시] 병상 9기관, 수용가능 10기관, 메시지 57건
2026-09-28 14:30:10 [울산광역시] 병상 7기관, 수용가능 9기관, 메시지 11건
2026-09-28 14:30:12 [세종특별자치시] 병상 2기관, 수용가능 2기관, 메시지 14건
2026-09-28 14:30:13 [전남광주통합특별시] 병상 59기관, 수용가능 63기관, 메시지 36건
2026-09-28 14:30:13 [강원특별자치도] 병상 21기관, 수용가능 22기관, 메시지 2건
2026-09-28 14:30:14 [충청북도] 병상 15기관, 수용가능 17기관, 메시지 1건
2026-09-28 14:30:14 [충청남도] 병상 18기관, 수용가능 18기관, 메시지 10건
2026-09-28 14:30:15 [전북특별자치도] 병상 20기관, 수용가능 21기관, 메시지 19건
2026-09-28 14:30:15 [경상북도] 병상 31기관, 수용가능 32기관, 메시지 46건
2026-09-28 14:30:16 [경상남도] 병상 35기관, 수용가능 36기관, 메시지 104건
2026-09-28 14:30:18 [제주특별자치도] 병상 6기관, 수용가능 6기관, 메시지 9건
2026-09-28 15:00:00 [서울특별시] 병상 51기관, 수용가능 54기관, 메시지 120건
2026-09-28 15:00:02 [경기도] 병상 73기관, 수용가능 76기관, 메시지 64건
2026-09-28 15:00:04 [인천광역시] 병상 21기관, 수용가능 22기관, 메시지 14건
2026-09-28 15:00:05 [부산광역시] 병상 29기관, 수용가능 31기관, 메시지 125건
2026-09-28 15:00:06 [대구광역시] 병상 19기관, 수용가능 19기관, 메시지 69건
2026-09-28 15:00:07 [대전광역시] 병상 9기관, 수용가능 10기관, 메시지 56건
2026-09-28 15:00:09 [울산광역시] 병상 7기관, 수용가능 9기관, 메시지 11건
2026-09-28 15:00:10 [세종특별자치시] 병상 2기관, 수용가능 2기관, 메시지 14건
2026-09-28 15:00:12 [전남광주통합특별시] 병상 59기관, 수용가능 63기관, 메시지 32건
2026-09-28 15:00:12 [강원특별자치도] 병상 21기관, 수용가능 22기관, 메시지 2건
2026-09-28 15:00:14 [충청북도] 병상 15기관, 수용가능 17기관, 메시지 1건
2026-09-28 15:00:14 [충청남도] 병상 18기관, 수용가능 18기관, 메시지 10건
2026-09-28 15:00:15 [전북특별자치도] 병상 20기관, 수용가능 21기관, 메시지 19건
2026-09-28 15:00:16 [경상북도] 병상 31기관, 수용가능 32기관, 메시지 38건
2026-09-28 15:00:18 [경상남도] 병상 35기관, 수용가능 36기관, 메시지 104건
2026-09-28 15:00:18 [제주특별자치도] 병상 6기관, 수용가능 6기관, 메시지 9건
2026-09-28 15:30:02 [서울특별시] 병상 51기관, 수용가능 54기관, 메시지 120건
2026-09-28 15:30:03 [경기도] 병상 73기관, 수용가능 76기관, 메시지 91건
2026-09-28 15:30:03 [인천광역시] 병상 21기관, 수용가능 22기관, 메시지 14건
2026-09-28 15:30:05 [부산광역시] 병상 29기관, 수용가능 31기관, 메시지 125건
2026-09-28 15:30:05 [대구광역시] 병상 19기관, 수용가능 19기관, 메시지 69건
2026-09-28 15:30:07 [대전광역시] 병상 9기관, 수용가능 10기관, 메시지 56건
2026-09-28 15:30:08 [울산광역시] 병상 7기관, 수용가능 9기관, 메시지 11건
2026-09-28 15:30:08 [세종특별자치시] 병상 2기관, 수용가능 2기관, 메시지 14건
2026-09-28 15:30:11 [전남광주통합특별시] 병상 59기관, 수용가능 63기관, 메시지 32건
2026-09-28 15:30:11 [강원특별자치도] 병상 21기관, 수용가능 22기관, 메시지 2건
2026-09-28 15:30:13 [충청북도] 병상 15기관, 수용가능 17기관, 메시지 1건
2026-09-28 15:30:14 [충청남도] 병상 18기관, 수용가능 18기관, 메시지 10건
2026-09-28 15:30:15 [전북특별자치도] 병상 20기관, 수용가능 21기관, 메시지 19건
2026-09-28 15:30:16 [경상북도] 병상 31기관, 수용가능 32기관, 메시지 46건
2026-09-28 15:30:17 [경상남도] 병상 35기관, 수용가능 36기관, 메시지 104건
2026-09-28 15:30:18 [제주특별자치도] 병상 6기관, 수용가능 6기관, 메시지 9건
2026-09-28 16:00:01 [서울특별시] 병상 51기관, 수용가능 54기관, 메시지 120건
2026-09-28 16:00:02 [경기도] 병상 73기관, 수용가능 76기관, 메시지 90건
2026-09-28 16:00:04 [인천광역시] 병상 21기관, 수용가능 22기관, 메시지 14건
2026-09-28 16:00:06 [부산광역시] 병상 29기관, 수용가능 31기관, 메시지 126건
2026-09-28 16:00:07 [대구광역시] 병상 19기관, 수용가능 19기관, 메시지 69건
2026-09-28 16:00:08 [대전광역시] 병상 9기관, 수용가능 10기관, 메시지 56건
2026-09-28 16:00:08 [울산광역시] 병상 7기관, 수용가능 9기관, 메시지 11건
2026-09-28 16:00:09 [세종특별자치시] 병상 2기관, 수용가능 2기관, 메시지 14건
2026-09-28 16:00:10 [전남광주통합특별시] 병상 59기관, 수용가능 63기관, 메시지 32건
2026-09-28 16:00:10 [강원특별자치도] 병상 21기관, 수용가능 22기관, 메시지 2건
2026-09-28 16:00:11 [충청북도] 병상 15기관, 수용가능 17기관, 메시지 1건
2026-09-28 16:00:12 [충청남도] 병상 18기관, 수용가능 18기관, 메시지 10건
2026-09-28 16:00:13 [전북특별자치도] 병상 20기관, 수용가능 21기관, 메시지 19건
2026-09-28 16:00:14 [경상북도] 병상 31기관, 수용가능 32기관, 메시지 46건
2026-09-28 16:00:14 [경상남도] 병상 35기관, 수용가능 36기관, 메시지 104건
2026-09-28 16:00:15 [제주특별자치도] 병상 6기관, 수용가능 6기관, 메시지 8건
2026-09-28 16:30:00 [서울특별시] 병상 51기관, 수용가능 54기관, 메시지 120건
2026-09-28 16:30:01 [경기도] 병상 73기관, 수용가능 76기관, 메시지 91건
2026-09-28 16:30:03 [인천광역시] 병상 21기관, 수용가능 22기관, 메시지 14건
2026-09-28 16:30:05 [부산광역시] 병상 29기관, 수용가능 31기관, 메시지 126건
2026-09-28 16:30:06 [대구광역시] 병상 19기관, 수용가능 19기관, 메시지 70건
2026-09-28 16:30:06 [대전광역시] 병상 9기관, 수용가능 10기관, 메시지 56건
2026-09-28 16:30:07 [울산광역시] 병상 7기관, 수용가능 9기관, 메시지 11건
2026-09-28 16:30:07 [세종특별자치시] 병상 2기관, 수용가능 2기관, 메시지 14건
2026-09-28 16:30:08 [전남광주통합특별시] 병상 59기관, 수용가능 63기관, 메시지 32건
2026-09-28 16:30:10 [강원특별자치도] 병상 21기관, 수용가능 22기관, 메시지 2건
2026-09-28 16:30:10 [충청북도] 병상 15기관, 수용가능 17기관, 메시지 1건
2026-09-28 16:30:12 [충청남도] 병상 18기관, 수용가능 18기관, 메시지 10건
2026-09-28 16:30:13 [전북특별자치도] 병상 20기관, 수용가능 21기관, 메시지 19건
2026-09-28 16:30:14 [경상북도] 병상 31기관, 수용가능 32기관, 메시지 46건
2026-09-28 16:30:14 [경상남도] 병상 35기관, 수용가능 36기관, 메시지 104건
2026-09-28 16:30:14 [제주특별자치도] 병상 6기관, 수용가능 6기관, 메시지 8건
2026-09-28 17:00:01 [서울특별시] 병상 51기관, 수용가능 54기관, 메시지 121건
2026-09-28 17:00:03 [경기도] 병상 73기관, 수용가능 76기관, 메시지 92건
2026-09-28 17:00:04 [인천광역시] 병상 21기관, 수용가능 22기관, 메시지 14건
2026-09-28 17:00:07 [부산광역시] 병상 29기관, 수용가능 31기관, 메시지 127건
2026-09-28 17:00:08 [대구광역시] 병상 19기관, 수용가능 19기관, 메시지 71건
2026-09-28 17:00:08 [대전광역시] 병상 9기관, 수용가능 10기관, 메시지 56건
2026-09-28 17:00:10 [울산광역시] 병상 7기관, 수용가능 9기관, 메시지 11건
2026-09-28 17:00:10 [세종특별자치시] 병상 2기관, 수용가능 2기관, 메시지 14건
2026-09-28 17:00:11 [전남광주통합특별시] 병상 59기관, 수용가능 63기관, 메시지 29건
2026-09-28 17:00:12 [강원특별자치도] 병상 21기관, 수용가능 22기관, 메시지 2건
2026-09-28 17:00:13 [충청북도] 병상 15기관, 수용가능 17기관, 메시지 1건
2026-09-28 17:00:14 [충청남도] 병상 18기관, 수용가능 18기관, 메시지 10건
2026-09-28 17:00:15 [전북특별자치도] 병상 20기관, 수용가능 21기관, 메시지 19건
2026-09-28 17:00:16 [경상북도] 병상 31기관, 수용가능 32기관, 메시지 46건
2026-09-28 17:00:17 [경상남도] 병상 35기관, 수용가능 36기관, 메시지 103건
2026-09-28 17:00:19 [제주특별자치도] 병상 6기관, 수용가능 6기관, 메시지 9건
2026-09-28 17:30:01 [서울특별시] 병상 51기관, 수용가능 54기관, 메시지 121건
2026-09-28 17:30:02 [경기도] 병상 73기관, 수용가능 76기관, 메시지 92건
2026-09-28 17:30:02 [인천광역시] 병상 21기관, 수용가능 22기관, 메시지 14건
2026-09-28 17:30:04 [부산광역시] 병상 29기관, 수용가능 31기관, 메시지 128건
2026-09-28 17:30:05 [대구광역시] 병상 19기관, 수용가능 19기관, 메시지 71건
2026-09-28 17:30:07 [대전광역시] 병상 9기관, 수용가능 10기관, 메시지 56건
2026-09-28 17:30:08 [울산광역시] 병상 7기관, 수용가능 9기관, 메시지 11건
2026-09-28 17:30:09 [세종특별자치시] 병상 2기관, 수용가능 2기관, 메시지 14건
2026-09-28 17:30:11 [전남광주통합특별시] 병상 59기관, 수용가능 63기관, 메시지 29건
2026-09-28 17:30:12 [강원특별자치도] 병상 21기관, 수용가능 22기관, 메시지 2건
2026-09-28 17:30:13 [충청북도] 병상 15기관, 수용가능 17기관, 메시지 1건
2026-09-28 17:30:14 [충청남도] 병상 18기관, 수용가능 18기관, 메시지 10건
2026-09-28 17:30:15 [전북특별자치도] 병상 20기관, 수용가능 21기관, 메시지 19건
2026-09-28 17:30:16 [경상북도] 병상 31기관, 수용가능 32기관, 메시지 48건
2026-09-28 17:30:17 [경상남도] 병상 35기관, 수용가능 36기관, 메시지 103건
2026-09-28 17:30:18 [제주특별자치도] 병상 6기관, 수용가능 6기관, 메시지 10건
2026-09-28 18:00:01 [서울특별시] 병상 51기관, 수용가능 54기관, 메시지 124건
2026-09-28 18:00:03 [경기도] 병상 73기관, 수용가능 76기관, 메시지 91건
2026-09-28 18:00:05 [인천광역시] 병상 21기관, 수용가능 22기관, 메시지 14건
2026-09-28 18:00:07 [부산광역시] 병상 29기관, 수용가능 31기관, 메시지 125건
2026-09-28 18:00:09 [대구광역시] 병상 19기관, 수용가능 19기관, 메시지 71건
2026-09-28 18:00:10 [대전광역시] 병상 9기관, 수용가능 10기관, 메시지 55건
2026-09-28 18:00:13 [울산광역시] 병상 7기관, 수용가능 9기관, 메시지 11건
2026-09-28 18:00:15 [세종특별자치시] 병상 2기관, 수용가능 2기관, 메시지 14건
2026-09-28 18:00:16 [전남광주통합특별시] 병상 59기관, 수용가능 63기관, 메시지 29건
2026-09-28 18:00:17 [강원특별자치도] 병상 21기관, 수용가능 22기관, 메시지 5건
2026-09-28 18:00:18 [충청북도] 병상 15기관, 수용가능 17기관, 메시지 1건
2026-09-28 18:00:19 [충청남도] 병상 18기관, 수용가능 18기관, 메시지 10건
2026-09-28 18:00:20 [전북특별자치도] 병상 20기관, 수용가능 21기관, 메시지 21건
2026-09-28 18:00:21 [경상북도] 병상 31기관, 수용가능 32기관, 메시지 48건
2026-09-28 18:00:22 [경상남도] 병상 35기관, 수용가능 36기관, 메시지 103건
2026-09-28 18:00:23 [제주특별자치도] 병상 6기관, 수용가능 6기관, 메시지 10건
2026-09-28 18:30:01 [서울특별시] 병상 51기관, 수용가능 54기관, 메시지 125건
2026-09-28 18:30:02 [경기도] 병상 73기관, 수용가능 76기관, 메시지 64건
2026-09-28 18:30:03 [인천광역시] 병상 21기관, 수용가능 22기관, 메시지 14건
2026-09-28 18:30:04 [부산광역시] 병상 29기관, 수용가능 31기관, 메시지 138건
2026-09-28 18:30:05 [대구광역시] 병상 19기관, 수용가능 19기관, 메시지 74건
2026-09-28 18:30:06 [대전광역시] 병상 9기관, 수용가능 10기관, 메시지 55건
2026-09-28 18:30:08 [울산광역시] 병상 7기관, 수용가능 9기관, 메시지 11건
2026-09-28 18:30:10 [세종특별자치시] 병상 2기관, 수용가능 2기관, 메시지 14건
2026-09-28 18:30:11 [전남광주통합특별시] 병상 59기관, 수용가능 63기관, 메시지 29건
2026-09-28 18:30:13 [강원특별자치도] 병상 21기관, 수용가능 22기관, 메시지 6건
2026-09-28 18:30:14 [충청북도] 병상 15기관, 수용가능 17기관, 메시지 1건
2026-09-28 18:30:15 [충청남도] 병상 18기관, 수용가능 18기관, 메시지 10건
2026-09-28 18:30:17 [전북특별자치도] 병상 20기관, 수용가능 21기관, 메시지 24건
2026-09-28 18:30:17 [경상북도] 병상 31기관, 수용가능 32기관, 메시지 48건
2026-09-28 18:30:19 [경상남도] 병상 35기관, 수용가능 36기관, 메시지 108건
2026-09-28 18:30:20 [제주특별자치도] 병상 6기관, 수용가능 6기관, 메시지 10건
2026-09-28 19:00:02 [서울특별시] 병상 51기관, 수용가능 54기관, 메시지 124건
2026-09-28 19:00:03 [경기도] 병상 73기관, 수용가능 76기관, 메시지 64건
2026-09-28 19:00:03 [인천광역시] 병상 21기관, 수용가능 22기관, 메시지 14건
2026-09-28 19:00:04 [부산광역시] 병상 29기관, 수용가능 31기관, 메시지 138건
2026-09-28 19:00:06 [대구광역시] 병상 19기관, 수용가능 19기관, 메시지 73건
2026-09-28 19:00:06 [대전광역시] 병상 9기관, 수용가능 10기관, 메시지 55건
2026-09-28 19:00:08 [울산광역시] 병상 7기관, 수용가능 9기관, 메시지 11건
2026-09-28 19:00:09 [세종특별자치시] 병상 2기관, 수용가능 2기관, 메시지 14건
2026-09-28 19:00:10 [전남광주통합특별시] 병상 59기관, 수용가능 63기관, 메시지 29건
2026-09-28 19:00:12 [강원특별자치도] 병상 21기관, 수용가능 22기관, 메시지 6건
2026-09-28 19:00:13 [충청북도] 병상 15기관, 수용가능 17기관, 메시지 1건
2026-09-28 19:00:14 [충청남도] 병상 18기관, 수용가능 18기관, 메시지 10건
2026-09-28 19:00:15 [전북특별자치도] 병상 20기관, 수용가능 21기관, 메시지 24건
2026-09-28 19:00:16 [경상북도] 병상 31기관, 수용가능 32기관, 메시지 48건
2026-09-28 19:00:16 [경상남도] 병상 35기관, 수용가능 36기관, 메시지 111건
2026-09-28 19:00:17 [제주특별자치도] 병상 6기관, 수용가능 6기관, 메시지 10건
2026-09-28 19:29:59 [서울특별시] 병상 51기관, 수용가능 54기관, 메시지 124건
2026-09-28 19:29:59 [경기도] 병상 73기관, 수용가능 76기관, 메시지 64건
2026-09-28 19:30:00 [인천광역시] 병상 21기관, 수용가능 22기관, 메시지 14건
2026-09-28 19:30:01 [부산광역시] 병상 29기관, 수용가능 31기관, 메시지 139건
2026-09-28 19:30:02 [대구광역시] 병상 19기관, 수용가능 19기관, 메시지 73건
2026-09-28 19:30:02 [대전광역시] 병상 9기관, 수용가능 10기관, 메시지 55건
2026-09-28 19:30:03 [울산광역시] 병상 7기관, 수용가능 9기관, 메시지 11건
2026-09-28 19:30:05 [세종특별자치시] 병상 2기관, 수용가능 2기관, 메시지 14건
2026-09-28 19:30:06 [전남광주통합특별시] 병상 59기관, 수용가능 63기관, 메시지 29건
2026-09-28 19:30:06 [강원특별자치도] 병상 21기관, 수용가능 22기관, 메시지 6건
2026-09-28 19:30:07 [충청북도] 병상 15기관, 수용가능 17기관, 메시지 1건
2026-09-28 19:30:07 [충청남도] 병상 18기관, 수용가능 18기관, 메시지 10건
2026-09-28 19:30:08 [전북특별자치도] 병상 20기관, 수용가능 21기관, 메시지 24건
2026-09-28 19:30:09 [경상북도] 병상 31기관, 수용가능 32기관, 메시지 48건
2026-09-28 19:30:10 [경상남도] 병상 35기관, 수용가능 36기관, 메시지 111건
2026-09-28 19:30:11 [제주특별자치도] 병상 6기관, 수용가능 6기관, 메시지 10건
2026-09-28 20:00:01 [서울특별시] 병상 51기관, 수용가능 54기관, 메시지 124건
2026-09-28 20:00:02 [경기도] 병상 73기관, 수용가능 76기관, 메시지 64건
2026-09-28 20:00:02 [인천광역시] 병상 21기관, 수용가능 22기관, 메시지 14건
2026-09-28 20:00:04 [부산광역시] 병상 29기관, 수용가능 31기관, 메시지 139건
2026-09-28 20:00:04 [대구광역시] 병상 19기관, 수용가능 19기관, 메시지 73건
2026-09-28 20:00:05 [대전광역시] 병상 9기관, 수용가능 10기관, 메시지 55건
2026-09-28 20:00:06 [울산광역시] 병상 7기관, 수용가능 9기관, 메시지 11건
2026-09-28 20:00:06 [세종특별자치시] 병상 2기관, 수용가능 2기관, 메시지 14건
2026-09-28 20:00:08 [전남광주통합특별시] 병상 59기관, 수용가능 63기관, 메시지 29건
2026-09-28 20:00:08 [강원특별자치도] 병상 21기관, 수용가능 22기관, 메시지 5건
2026-09-28 20:00:09 [충청북도] 병상 15기관, 수용가능 17기관, 메시지 1건
2026-09-28 20:00:10 [충청남도] 병상 18기관, 수용가능 18기관, 메시지 10건
2026-09-28 20:00:11 [전북특별자치도] 병상 20기관, 수용가능 21기관, 메시지 24건
2026-09-28 20:00:11 [경상북도] 병상 31기관, 수용가능 32기관, 메시지 48건
2026-09-28 20:00:12 [경상남도] 병상 35기관, 수용가능 36기관, 메시지 111건
2026-09-28 20:00:13 [제주특별자치도] 병상 6기관, 수용가능 6기관, 메시지 10건
2026-09-28 20:30:04 [서울특별시] 병상 51기관, 수용가능 54기관, 메시지 124건
2026-09-28 20:30:06 [경기도] 병상 73기관, 수용가능 76기관, 메시지 64건
2026-09-28 20:30:07 [인천광역시] 병상 21기관, 수용가능 22기관, 메시지 14건
2026-09-28 20:30:07 [부산광역시] 병상 29기관, 수용가능 31기관, 메시지 139건
2026-09-28 20:30:08 [대구광역시] 병상 19기관, 수용가능 19기관, 메시지 74건
2026-09-28 20:30:09 [대전광역시] 병상 9기관, 수용가능 10기관, 메시지 55건
2026-09-28 20:30:11 [울산광역시] 병상 7기관, 수용가능 9기관, 메시지 11건
2026-09-28 20:30:12 [세종특별자치시] 병상 2기관, 수용가능 2기관, 메시지 14건
2026-09-28 20:30:13 [전남광주통합특별시] 병상 59기관, 수용가능 63기관, 메시지 29건
2026-09-28 20:30:14 [강원특별자치도] 병상 21기관, 수용가능 22기관, 메시지 6건
2026-09-28 20:30:14 [충청북도] 병상 15기관, 수용가능 17기관, 메시지 1건
2026-09-28 20:30:15 [충청남도] 병상 18기관, 수용가능 18기관, 메시지 10건
2026-09-28 20:30:16 [전북특별자치도] 병상 20기관, 수용가능 21기관, 메시지 24건
2026-09-28 20:30:17 [경상북도] 병상 31기관, 수용가능 32기관, 메시지 48건
2026-09-28 20:30:18 [경상남도] 병상 35기관, 수용가능 36기관, 메시지 112건
2026-09-28 20:30:18 [제주특별자치도] 병상 6기관, 수용가능 6기관, 메시지 10건
2026-09-28 21:00:01 [서울특별시] 병상 51기관, 수용가능 54기관, 메시지 124건
2026-09-28 21:00:03 [경기도] 병상 73기관, 수용가능 76기관, 메시지 91건
2026-09-28 21:00:05 [인천광역시] 병상 21기관, 수용가능 22기관, 메시지 14건
2026-09-28 21:00:06 [부산광역시] 병상 29기관, 수용가능 31기관, 메시지 139건
2026-09-28 21:00:08 [대구광역시] 병상 19기관, 수용가능 19기관, 메시지 74건
2026-09-28 21:00:09 [대전광역시] 병상 9기관, 수용가능 10기관, 메시지 55건
2026-09-28 21:00:09 [울산광역시] 병상 7기관, 수용가능 9기관, 메시지 11건
2026-09-28 21:00:10 [세종특별자치시] 병상 2기관, 수용가능 2기관, 메시지 14건
2026-09-28 21:00:11 [전남광주통합특별시] 병상 59기관, 수용가능 63기관, 메시지 29건
2026-09-28 21:00:12 [강원특별자치도] 병상 21기관, 수용가능 22기관, 메시지 6건
2026-09-28 21:00:12 [충청북도] 병상 15기관, 수용가능 17기관, 메시지 1건
2026-09-28 21:00:12 [충청남도] 병상 18기관, 수용가능 18기관, 메시지 10건
2026-09-28 21:00:13 [전북특별자치도] 병상 20기관, 수용가능 21기관, 메시지 24건
2026-09-28 21:00:14 [경상북도] 병상 31기관, 수용가능 32기관, 메시지 48건
2026-09-28 21:00:16 [경상남도] 병상 35기관, 수용가능 36기관, 메시지 112건
2026-09-28 21:00:17 [제주특별자치도] 병상 6기관, 수용가능 6기관, 메시지 10건
2026-09-28 21:30:01 [서울특별시] 병상 51기관, 수용가능 54기관, 메시지 125건
2026-09-28 21:30:02 [경기도] 병상 73기관, 수용가능 76기관, 메시지 91건
2026-09-28 21:30:02 [인천광역시] 병상 21기관, 수용가능 22기관, 메시지 14건
2026-09-28 21:30:03 [부산광역시] 병상 29기관, 수용가능 31기관, 메시지 139건
2026-09-28 21:30:04 [대구광역시] 병상 19기관, 수용가능 19기관, 메시지 74건
2026-09-28 21:30:06 [대전광역시] 병상 9기관, 수용가능 10기관, 메시지 55건
2026-09-28 21:30:07 [울산광역시] 병상 7기관, 수용가능 9기관, 메시지 11건
2026-09-28 21:30:08 [세종특별자치시] 병상 2기관, 수용가능 2기관, 메시지 14건
2026-09-28 21:30:09 [전남광주통합특별시] 병상 59기관, 수용가능 63기관, 메시지 29건
2026-09-28 21:30:10 [강원특별자치도] 병상 21기관, 수용가능 22기관, 메시지 6건
2026-09-28 21:30:11 [충청북도] 병상 15기관, 수용가능 17기관, 메시지 1건
2026-09-28 21:30:12 [충청남도] 병상 18기관, 수용가능 18기관, 메시지 10건
2026-09-28 21:30:13 [전북특별자치도] 병상 20기관, 수용가능 21기관, 메시지 24건
2026-09-28 21:30:14 [경상북도] 병상 31기관, 수용가능 32기관, 메시지 48건
2026-09-28 21:30:16 [경상남도] 병상 35기관, 수용가능 36기관, 메시지 112건
2026-09-28 21:30:17 [제주특별자치도] 병상 6기관, 수용가능 6기관, 메시지 10건
2026-09-28 22:00:04 [서울특별시] 병상 51기관, 수용가능 54기관, 메시지 129건
2026-09-28 22:00:05 [경기도] 병상 73기관, 수용가능 76기관, 메시지 91건
2026-09-28 22:00:06 [인천광역시] 병상 21기관, 수용가능 22기관, 메시지 14건
2026-09-28 22:00:08 [부산광역시] 병상 29기관, 수용가능 31기관, 메시지 139건
2026-09-28 22:00:09 [대구광역시] 병상 19기관, 수용가능 19기관, 메시지 74건
2026-09-28 22:00:10 [대전광역시] 병상 9기관, 수용가능 10기관, 메시지 55건
2026-09-28 22:00:15 [울산광역시] 병상 7기관, 수용가능 9기관, 메시지 11건
2026-09-28 22:00:17 [세종특별자치시] 병상 2기관, 수용가능 2기관, 메시지 14건
2026-09-28 22:00:18 [전남광주통합특별시] 병상 59기관, 수용가능 63기관, 메시지 29건
2026-09-28 22:00:18 [강원특별자치도] 병상 21기관, 수용가능 22기관, 메시지 6건
2026-09-28 22:00:19 [충청북도] 병상 15기관, 수용가능 17기관, 메시지 1건
2026-09-28 22:00:19 [충청남도] 병상 18기관, 수용가능 18기관, 메시지 10건
2026-09-28 22:00:20 [전북특별자치도] 병상 20기관, 수용가능 21기관, 메시지 24건
2026-09-28 22:00:21 [경상북도] 병상 31기관, 수용가능 32기관, 메시지 48건
2026-09-28 22:00:21 [경상남도] 병상 35기관, 수용가능 36기관, 메시지 112건
2026-09-28 22:00:22 [제주특별자치도] 병상 6기관, 수용가능 6기관, 메시지 10건
2026-09-28 22:30:02 [서울특별시] 병상 51기관, 수용가능 54기관, 메시지 129건
2026-09-28 22:30:03 [경기도] 병상 73기관, 수용가능 76기관, 메시지 91건
2026-09-28 22:30:04 [인천광역시] 병상 21기관, 수용가능 22기관, 메시지 14건
2026-09-28 22:30:04 [부산광역시] 병상 29기관, 수용가능 31기관, 메시지 138건
2026-09-28 22:30:06 [대구광역시] 병상 19기관, 수용가능 19기관, 메시지 74건
2026-09-28 22:30:07 [대전광역시] 병상 9기관, 수용가능 10기관, 메시지 55건
2026-09-28 22:30:08 [울산광역시] 병상 7기관, 수용가능 9기관, 메시지 11건
2026-09-28 22:30:09 [세종특별자치시] 병상 2기관, 수용가능 2기관, 메시지 14건
2026-09-28 22:30:09 [전남광주통합특별시] 병상 59기관, 수용가능 63기관, 메시지 29건
2026-09-28 22:30:11 [강원특별자치도] 병상 21기관, 수용가능 22기관, 메시지 6건
2026-09-28 22:30:12 [충청북도] 병상 15기관, 수용가능 17기관, 메시지 1건
2026-09-28 22:30:13 [충청남도] 병상 18기관, 수용가능 18기관, 메시지 10건
2026-09-28 22:30:14 [전북특별자치도] 병상 20기관, 수용가능 21기관, 메시지 24건
2026-09-28 22:30:15 [경상북도] 병상 31기관, 수용가능 32기관, 메시지 48건
2026-09-28 22:30:17 [경상남도] 병상 35기관, 수용가능 36기관, 메시지 112건
2026-09-28 22:30:18 [제주특별자치도] 병상 6기관, 수용가능 6기관, 메시지 10건
2026-09-28 23:00:02 [서울특별시] 병상 51기관, 수용가능 54기관, 메시지 129건
2026-09-28 23:00:03 [경기도] 병상 73기관, 수용가능 76기관, 메시지 92건
2026-09-28 23:00:03 [인천광역시] 병상 21기관, 수용가능 22기관, 메시지 14건
2026-09-28 23:00:04 [부산광역시] 병상 29기관, 수용가능 31기관, 메시지 138건
2026-09-28 23:00:05 [대구광역시] 병상 19기관, 수용가능 19기관, 메시지 74건
2026-09-28 23:00:06 [대전광역시] 병상 9기관, 수용가능 10기관, 메시지 55건
2026-09-28 23:00:07 [울산광역시] 병상 7기관, 수용가능 9기관, 메시지 11건
2026-09-28 23:00:08 [세종특별자치시] 병상 2기관, 수용가능 2기관, 메시지 14건
2026-09-28 23:00:09 [전남광주통합특별시] 병상 59기관, 수용가능 63기관, 메시지 30건
2026-09-28 23:00:10 [강원특별자치도] 병상 21기관, 수용가능 22기관, 메시지 6건
2026-09-28 23:00:11 [충청북도] 병상 15기관, 수용가능 17기관, 메시지 1건
2026-09-28 23:00:11 [충청남도] 병상 18기관, 수용가능 18기관, 메시지 3건
2026-09-28 23:00:11 [전북특별자치도] 병상 20기관, 수용가능 21기관, 메시지 24건
2026-09-28 23:00:13 [경상북도] 병상 31기관, 수용가능 32기관, 메시지 48건
2026-09-28 23:00:14 [경상남도] 병상 35기관, 수용가능 36기관, 메시지 113건
2026-09-28 23:00:14 [제주특별자치도] 병상 6기관, 수용가능 6기관, 메시지 10건
2026-09-28 23:30:02 [서울특별시] 병상 51기관, 수용가능 54기관, 메시지 129건
2026-09-28 23:30:04 [경기도] 병상 73기관, 수용가능 76기관, 메시지 92건
2026-09-28 23:30:06 [인천광역시] 병상 21기관, 수용가능 22기관, 메시지 14건
2026-09-28 23:30:07 [부산광역시] 병상 29기관, 수용가능 31기관, 메시지 138건
2026-09-28 23:30:09 [대구광역시] 병상 19기관, 수용가능 19기관, 메시지 74건
2026-09-28 23:30:10 [대전광역시] 병상 9기관, 수용가능 10기관, 메시지 55건
2026-09-28 23:30:11 [울산광역시] 병상 7기관, 수용가능 9기관, 메시지 11건
2026-09-28 23:30:13 [세종특별자치시] 병상 2기관, 수용가능 2기관, 메시지 14건
2026-09-28 23:30:13 [전남광주통합특별시] 병상 59기관, 수용가능 63기관, 메시지 30건
2026-09-28 23:30:14 [강원특별자치도] 병상 21기관, 수용가능 22기관, 메시지 6건
2026-09-28 23:30:15 [충청북도] 병상 15기관, 수용가능 17기관, 메시지 1건
2026-09-28 23:30:16 [충청남도] 병상 18기관, 수용가능 18기관, 메시지 10건
2026-09-28 23:30:17 [전북특별자치도] 병상 20기관, 수용가능 21기관, 메시지 24건
2026-09-28 23:30:18 [경상북도] 병상 31기관, 수용가능 32기관, 메시지 48건
2026-09-28 23:30:19 [경상남도] 병상 35기관, 수용가능 36기관, 메시지 113건
2026-09-28 23:30:20 [제주특별자치도] 병상 6기관, 수용가능 6기관, 메시지 10건
2026-09-29 00:00:01 [서울특별시] 병상 51기관, 수용가능 54기관, 메시지 119건
2026-09-29 00:00:02 [경기도] 병상 73기관, 수용가능 76기관, 메시지 62건
2026-09-29 00:00:03 [인천광역시] 병상 21기관, 수용가능 22기관, 메시지 10건
2026-09-29 00:00:05 [부산광역시] 병상 29기관, 수용가능 31기관, 메시지 133건
2026-09-29 00:00:06 [대구광역시] 병상 19기관, 수용가능 19기관, 메시지 66건
2026-09-29 00:00:07 [대전광역시] 병상 9기관, 수용가능 10기관, 메시지 55건
2026-09-29 00:00:07 [울산광역시] 병상 7기관, 수용가능 9기관, 메시지 0건
2026-09-29 00:00:08 [세종특별자치시] 병상 2기관, 수용가능 2기관, 메시지 14건
2026-09-29 00:00:09 [전남광주통합특별시] 병상 59기관, 수용가능 63기관, 메시지 32건
2026-09-29 00:00:10 [강원특별자치도] 병상 21기관, 수용가능 22기관, 메시지 6건
2026-09-29 00:00:10 [충청북도] 병상 15기관, 수용가능 17기관, 메시지 1건
2026-09-29 00:00:11 [충청남도] 병상 18기관, 수용가능 18기관, 메시지 8건
2026-09-29 00:00:13 [전북특별자치도] 병상 20기관, 수용가능 21기관, 메시지 24건
2026-09-29 00:00:13 [경상북도] 병상 31기관, 수용가능 32기관, 메시지 42건
2026-09-29 00:00:14 [경상남도] 병상 35기관, 수용가능 36기관, 메시지 94건
2026-09-29 00:00:14 [제주특별자치도] 병상 6기관, 수용가능 6기관, 메시지 9건
2026-09-29 00:30:02 [서울특별시] 병상 51기관, 수용가능 54기관, 메시지 129건
2026-09-29 00:30:03 [경기도] 병상 73기관, 수용가능 76기관, 메시지 143건
2026-09-29 00:30:04 [인천광역시] 병상 21기관, 수용가능 22기관, 메시지 13건
2026-09-29 00:30:05 [부산광역시] 병상 29기관, 수용가능 31기관, 메시지 137건
2026-09-29 00:30:05 [대구광역시] 병상 19기관, 수용가능 19기관, 메시지 74건
2026-09-29 00:30:06 [대전광역시] 병상 9기관, 수용가능 10기관, 메시지 55건
2026-09-29 00:30:07 [울산광역시] 병상 7기관, 수용가능 9기관, 메시지 11건
2026-09-29 00:30:10 [세종특별자치시] 병상 2기관, 수용가능 2기관, 메시지 14건
2026-09-29 00:30:10 [전남광주통합특별시] 병상 59기관, 수용가능 63기관, 메시지 35건
2026-09-29 00:30:11 [강원특별자치도] 병상 21기관, 수용가능 22기관, 메시지 6건
2026-09-29 00:30:12 [충청북도] 병상 15기관, 수용가능 17기관, 메시지 1건
2026-09-29 00:30:13 [충청남도] 병상 18기관, 수용가능 18기관, 메시지 10건
2026-09-29 00:30:14 [전북특별자치도] 병상 20기관, 수용가능 21기관, 메시지 25건
2026-09-29 00:30:15 [경상북도] 병상 31기관, 수용가능 32기관, 메시지 48건
2026-09-29 00:30:17 [경상남도] 병상 35기관, 수용가능 36기관, 메시지 94건
2026-09-29 00:30:18 [제주특별자치도] 병상 6기관, 수용가능 6기관, 메시지 10건
2026-09-29 01:00:01 [서울특별시] 병상 51기관, 수용가능 54기관, 메시지 129건
2026-09-29 01:00:03 [경기도] 병상 73기관, 수용가능 76기관, 메시지 146건
2026-09-29 01:00:04 [인천광역시] 병상 21기관, 수용가능 22기관, 메시지 13건
2026-09-29 01:00:04 [부산광역시] 병상 29기관, 수용가능 31기관, 메시지 137건
2026-09-29 01:00:06 [대구광역시] 병상 19기관, 수용가능 19기관, 메시지 74건
2026-09-29 01:00:08 [대전광역시] 병상 9기관, 수용가능 10기관, 메시지 55건
2026-09-29 01:00:08 [울산광역시] 병상 7기관, 수용가능 9기관, 메시지 11건
2026-09-29 01:00:09 [세종특별자치시] 병상 2기관, 수용가능 2기관, 메시지 14건
2026-09-29 01:00:10 [전남광주통합특별시] 병상 59기관, 수용가능 63기관, 메시지 35건
2026-09-29 01:00:12 [강원특별자치도] 병상 21기관, 수용가능 22기관, 메시지 6건
2026-09-29 01:00:12 [충청북도] 병상 15기관, 수용가능 17기관, 메시지 1건
2026-09-29 01:00:13 [충청남도] 병상 18기관, 수용가능 18기관, 메시지 10건
2026-09-29 01:00:15 [전북특별자치도] 병상 20기관, 수용가능 21기관, 메시지 25건
2026-09-29 01:00:15 [경상북도] 병상 31기관, 수용가능 32기관, 메시지 48건
2026-09-29 01:00:17 [경상남도] 병상 35기관, 수용가능 36기관, 메시지 93건
2026-09-29 01:00:17 [제주특별자치도] 병상 6기관, 수용가능 6기관, 메시지 10건
2026-09-29 01:30:04 [서울특별시] 병상 51기관, 수용가능 54기관, 메시지 129건
2026-09-29 01:30:05 [경기도] 병상 73기관, 수용가능 76기관, 메시지 146건
2026-09-29 01:30:06 [인천광역시] 병상 21기관, 수용가능 22기관, 메시지 13건
2026-09-29 01:30:07 [부산광역시] 병상 29기관, 수용가능 31기관, 메시지 138건
2026-09-29 01:30:08 [대구광역시] 병상 19기관, 수용가능 19기관, 메시지 74건
2026-09-29 01:30:08 [대전광역시] 병상 9기관, 수용가능 10기관, 메시지 55건
2026-09-29 01:30:09 [울산광역시] 병상 7기관, 수용가능 9기관, 메시지 11건
2026-09-29 01:30:10 [세종특별자치시] 병상 2기관, 수용가능 2기관, 메시지 14건
2026-09-29 01:30:11 [전남광주통합특별시] 병상 59기관, 수용가능 63기관, 메시지 35건
2026-09-29 01:30:12 [강원특별자치도] 병상 21기관, 수용가능 22기관, 메시지 6건
2026-09-29 01:30:13 [충청북도] 병상 15기관, 수용가능 17기관, 메시지 1건
2026-09-29 01:30:13 [충청남도] 병상 18기관, 수용가능 18기관, 메시지 9건
2026-09-29 01:30:14 [전북특별자치도] 병상 20기관, 수용가능 21기관, 메시지 25건
2026-09-29 01:30:15 [경상북도] 병상 31기관, 수용가능 32기관, 메시지 48건
2026-09-29 01:30:15 [경상남도] 병상 35기관, 수용가능 36기관, 메시지 93건
2026-09-29 01:30:16 [제주특별자치도] 병상 6기관, 수용가능 6기관, 메시지 10건
2026-09-29 02:00:04 [서울특별시] 병상 51기관, 수용가능 54기관, 메시지 129건
2026-09-29 02:00:11 [경기도] 병상 73기관, 수용가능 76기관, 메시지 146건
2026-09-29 02:00:24 [인천광역시] 병상 21기관, 수용가능 22기관, 메시지 13건
2026-09-29 02:00:26 [부산광역시] 병상 29기관, 수용가능 31기관, 메시지 138건
2026-09-29 02:00:29 [대구광역시] 병상 19기관, 수용가능 19기관, 메시지 74건
2026-09-29 02:00:32 [대전광역시] 병상 9기관, 수용가능 10기관, 메시지 55건
2026-09-29 02:00:35 [울산광역시] 병상 7기관, 수용가능 9기관, 메시지 11건
2026-09-29 02:00:38 [세종특별자치시] 병상 2기관, 수용가능 2기관, 메시지 14건
2026-09-29 02:00:42 [전남광주통합특별시] 병상 59기관, 수용가능 63기관, 메시지 35건
2026-09-29 02:00:44 [강원특별자치도] 병상 21기관, 수용가능 22기관, 메시지 6건
2026-09-29 02:00:46 [충청북도] 병상 15기관, 수용가능 17기관, 메시지 1건
2026-09-29 02:00:50 [충청남도] 병상 18기관, 수용가능 18기관, 메시지 9건
2026-09-29 02:00:54 [전북특별자치도] 병상 20기관, 수용가능 21기관, 메시지 25건
2026-09-29 02:01:01 [경상북도] 병상 31기관, 수용가능 32기관, 메시지 48건
2026-09-29 02:01:04 [경상남도] 병상 35기관, 수용가능 36기관, 메시지 93건
2026-09-29 02:01:09 [제주특별자치도] 병상 6기관, 수용가능 6기관, 메시지 10건
2026-09-29 02:30:02 [서울특별시] 병상 51기관, 수용가능 54기관, 메시지 129건
2026-09-29 02:30:03 [경기도] 병상 73기관, 수용가능 76기관, 메시지 146건
2026-09-29 02:30:04 [인천광역시] 병상 21기관, 수용가능 22기관, 메시지 13건
2026-09-29 02:30:05 [부산광역시] 병상 29기관, 수용가능 31기관, 메시지 138건
2026-09-29 02:30:06 [대구광역시] 병상 19기관, 수용가능 19기관, 메시지 74건
2026-09-29 02:30:06 [대전광역시] 병상 9기관, 수용가능 10기관, 메시지 55건
2026-09-29 02:30:08 [울산광역시] 병상 7기관, 수용가능 9기관, 메시지 11건
2026-09-29 02:30:10 [세종특별자치시] 병상 2기관, 수용가능 2기관, 메시지 14건
2026-09-29 02:30:11 [전남광주통합특별시] 병상 59기관, 수용가능 63기관, 메시지 35건
2026-09-29 02:30:13 [강원특별자치도] 병상 21기관, 수용가능 22기관, 메시지 6건
2026-09-29 02:30:14 [충청북도] 병상 15기관, 수용가능 17기관, 메시지 1건
2026-09-29 02:30:15 [충청남도] 병상 18기관, 수용가능 18기관, 메시지 9건
2026-09-29 02:30:16 [전북특별자치도] 병상 20기관, 수용가능 21기관, 메시지 25건
2026-09-29 02:30:17 [경상북도] 병상 31기관, 수용가능 32기관, 메시지 48건
2026-09-29 02:30:18 [경상남도] 병상 35기관, 수용가능 36기관, 메시지 93건
2026-09-29 02:30:19 [제주특별자치도] 병상 6기관, 수용가능 6기관, 메시지 10건
2026-09-29 03:00:01 [서울특별시] 병상 51기관, 수용가능 54기관, 메시지 129건
2026-09-29 03:00:02 [경기도] 병상 73기관, 수용가능 76기관, 메시지 146건
2026-09-29 03:00:04 [인천광역시] 병상 21기관, 수용가능 22기관, 메시지 13건
2026-09-29 03:00:05 [부산광역시] 병상 29기관, 수용가능 31기관, 메시지 138건
2026-09-29 03:00:07 [대구광역시] 병상 19기관, 수용가능 19기관, 메시지 74건
2026-09-29 03:00:08 [대전광역시] 병상 9기관, 수용가능 10기관, 메시지 55건
2026-09-29 03:00:10 [울산광역시] 병상 7기관, 수용가능 9기관, 메시지 11건
2026-09-29 03:00:11 [세종특별자치시] 병상 2기관, 수용가능 2기관, 메시지 14건
2026-09-29 03:00:12 [전남광주통합특별시] 병상 59기관, 수용가능 63기관, 메시지 35건
2026-09-29 03:00:13 [강원특별자치도] 병상 21기관, 수용가능 22기관, 메시지 6건
2026-09-29 03:00:13 [충청북도] 병상 15기관, 수용가능 17기관, 메시지 1건
2026-09-29 03:00:15 [충청남도] 병상 18기관, 수용가능 18기관, 메시지 9건
2026-09-29 03:00:16 [전북특별자치도] 병상 20기관, 수용가능 21기관, 메시지 25건
2026-09-29 03:00:16 [경상북도] 병상 31기관, 수용가능 32기관, 메시지 48건
2026-09-29 03:00:17 [경상남도] 병상 35기관, 수용가능 36기관, 메시지 93건
2026-09-29 03:00:18 [제주특별자치도] 병상 6기관, 수용가능 6기관, 메시지 10건
2026-09-29 03:30:00 [서울특별시] 병상 51기관, 수용가능 54기관, 메시지 129건
2026-09-29 03:30:01 [경기도] 병상 73기관, 수용가능 76기관, 메시지 146건
2026-09-29 03:30:03 [인천광역시] 병상 21기관, 수용가능 22기관, 메시지 13건
2026-09-29 03:30:04 [부산광역시] 병상 29기관, 수용가능 31기관, 메시지 138건
2026-09-29 03:30:04 [대구광역시] 병상 19기관, 수용가능 19기관, 메시지 74건
2026-09-29 03:30:05 [대전광역시] 병상 9기관, 수용가능 10기관, 메시지 55건
2026-09-29 03:30:05 [울산광역시] 병상 7기관, 수용가능 9기관, 메시지 11건
2026-09-29 03:30:05 [세종특별자치시] 병상 2기관, 수용가능 2기관, 메시지 14건
2026-09-29 03:30:07 [전남광주통합특별시] 병상 59기관, 수용가능 63기관, 메시지 36건
2026-09-29 03:30:07 [강원특별자치도] 병상 21기관, 수용가능 22기관, 메시지 6건
2026-09-29 03:30:09 [충청북도] 병상 15기관, 수용가능 17기관, 메시지 1건
2026-09-29 03:30:10 [충청남도] 병상 18기관, 수용가능 18기관, 메시지 9건
2026-09-29 03:30:10 [전북특별자치도] 병상 20기관, 수용가능 21기관, 메시지 25건
2026-09-29 03:30:11 [경상북도] 병상 31기관, 수용가능 32기관, 메시지 48건
2026-09-29 03:30:12 [경상남도] 병상 35기관, 수용가능 36기관, 메시지 93건
2026-09-29 03:30:13 [제주특별자치도] 병상 6기관, 수용가능 6기관, 메시지 10건
2026-09-29 04:00:03 [서울특별시] 병상 51기관, 수용가능 54기관, 메시지 129건
2026-09-29 04:00:04 [경기도] 병상 73기관, 수용가능 76기관, 메시지 146건
2026-09-29 04:00:04 [인천광역시] 병상 21기관, 수용가능 22기관, 메시지 13건
2026-09-29 04:00:06 [부산광역시] 병상 29기관, 수용가능 31기관, 메시지 138건
2026-09-29 04:00:07 [대구광역시] 병상 19기관, 수용가능 19기관, 메시지 74건
2026-09-29 04:00:08 [대전광역시] 병상 9기관, 수용가능 10기관, 메시지 55건
2026-09-29 04:00:10 [울산광역시] 병상 7기관, 수용가능 9기관, 메시지 11건
2026-09-29 04:00:11 [세종특별자치시] 병상 2기관, 수용가능 2기관, 메시지 14건
2026-09-29 04:00:13 [전남광주통합특별시] 병상 59기관, 수용가능 63기관, 메시지 36건
2026-09-29 04:00:14 [강원특별자치도] 병상 21기관, 수용가능 22기관, 메시지 6건
2026-09-29 04:00:15 [충청북도] 병상 15기관, 수용가능 17기관, 메시지 1건
2026-09-29 04:00:15 [충청남도] 병상 18기관, 수용가능 18기관, 메시지 9건
2026-09-29 04:00:16 [전북특별자치도] 병상 20기관, 수용가능 21기관, 메시지 25건
2026-09-29 04:00:17 [경상북도] 병상 31기관, 수용가능 32기관, 메시지 48건
2026-09-29 04:00:17 [경상남도] 병상 35기관, 수용가능 36기관, 메시지 93건
2026-09-29 04:00:19 [제주특별자치도] 병상 6기관, 수용가능 6기관, 메시지 10건
2026-09-29 04:30:01 [서울특별시] 병상 51기관, 수용가능 54기관, 메시지 129건
2026-09-29 04:30:03 [경기도] 병상 73기관, 수용가능 76기관, 메시지 146건
2026-09-29 04:30:04 [인천광역시] 병상 21기관, 수용가능 22기관, 메시지 13건
2026-09-29 04:30:05 [부산광역시] 병상 29기관, 수용가능 31기관, 메시지 138건
2026-09-29 04:30:07 [대구광역시] 병상 19기관, 수용가능 19기관, 메시지 74건
2026-09-29 04:30:08 [대전광역시] 병상 9기관, 수용가능 10기관, 메시지 55건
2026-09-29 04:30:09 [울산광역시] 병상 7기관, 수용가능 9기관, 메시지 11건
2026-09-29 04:30:09 [세종특별자치시] 병상 2기관, 수용가능 2기관, 메시지 14건
2026-09-29 04:30:10 [전남광주통합특별시] 병상 59기관, 수용가능 63기관, 메시지 36건
2026-09-29 04:30:11 [강원특별자치도] 병상 21기관, 수용가능 22기관, 메시지 6건
2026-09-29 04:30:12 [충청북도] 병상 15기관, 수용가능 17기관, 메시지 1건
2026-09-29 04:30:13 [충청남도] 병상 18기관, 수용가능 18기관, 메시지 9건
2026-09-29 04:30:14 [전북특별자치도] 병상 20기관, 수용가능 21기관, 메시지 25건
2026-09-29 04:30:16 [경상북도] 병상 31기관, 수용가능 32기관, 메시지 48건
2026-09-29 04:30:16 [경상남도] 병상 35기관, 수용가능 36기관, 메시지 93건
2026-09-29 04:30:17 [제주특별자치도] 병상 6기관, 수용가능 6기관, 메시지 10건
2026-09-29 05:00:02 [서울특별시] 병상 51기관, 수용가능 54기관, 메시지 129건
2026-09-29 05:00:05 [경기도] 병상 73기관, 수용가능 76기관, 메시지 146건
2026-09-29 05:00:06 [인천광역시] 병상 21기관, 수용가능 22기관, 메시지 13건
2026-09-29 05:00:07 [부산광역시] 병상 29기관, 수용가능 31기관, 메시지 138건
2026-09-29 05:00:07 [대구광역시] 병상 19기관, 수용가능 19기관, 메시지 74건
2026-09-29 05:00:11 [대전광역시] 병상 9기관, 수용가능 10기관, 메시지 55건
2026-09-29 05:00:12 [울산광역시] 병상 7기관, 수용가능 9기관, 메시지 11건
2026-09-29 05:00:13 [세종특별자치시] 병상 2기관, 수용가능 2기관, 메시지 14건
2026-09-29 05:00:14 [전남광주통합특별시] 병상 59기관, 수용가능 63기관, 메시지 36건
2026-09-29 05:00:14 [강원특별자치도] 병상 21기관, 수용가능 22기관, 메시지 6건
2026-09-29 05:00:15 [충청북도] 병상 15기관, 수용가능 17기관, 메시지 1건
2026-09-29 05:00:16 [충청남도] 병상 18기관, 수용가능 18기관, 메시지 9건
2026-09-29 05:00:16 [전북특별자치도] 병상 20기관, 수용가능 21기관, 메시지 25건
2026-09-29 05:00:17 [경상북도] 병상 31기관, 수용가능 32기관, 메시지 48건
2026-09-29 05:00:18 [경상남도] 병상 35기관, 수용가능 36기관, 메시지 93건
2026-09-29 05:00:21 [제주특별자치도] 병상 6기관, 수용가능 6기관, 메시지 10건
2026-09-29 05:30:01 [서울특별시] 병상 51기관, 수용가능 54기관, 메시지 129건
2026-09-29 05:30:02 [경기도] 병상 73기관, 수용가능 76기관, 메시지 146건
2026-09-29 05:30:03 [인천광역시] 병상 21기관, 수용가능 22기관, 메시지 13건
2026-09-29 05:30:04 [부산광역시] 병상 29기관, 수용가능 31기관, 메시지 138건
2026-09-29 05:30:05 [대구광역시] 병상 19기관, 수용가능 19기관, 메시지 74건
2026-09-29 05:30:06 [대전광역시] 병상 9기관, 수용가능 10기관, 메시지 55건
2026-09-29 05:30:07 [울산광역시] 병상 7기관, 수용가능 9기관, 메시지 11건
2026-09-29 05:30:09 [세종특별자치시] 병상 2기관, 수용가능 2기관, 메시지 14건
2026-09-29 05:30:10 [전남광주통합특별시] 병상 59기관, 수용가능 63기관, 메시지 36건
2026-09-29 05:30:11 [강원특별자치도] 병상 21기관, 수용가능 22기관, 메시지 6건
2026-09-29 05:30:11 [충청북도] 병상 15기관, 수용가능 17기관, 메시지 1건
2026-09-29 05:30:12 [충청남도] 병상 18기관, 수용가능 18기관, 메시지 9건
2026-09-29 05:30:14 [전북특별자치도] 병상 20기관, 수용가능 21기관, 메시지 25건
2026-09-29 05:30:15 [경상북도] 병상 31기관, 수용가능 32기관, 메시지 48건
2026-09-29 05:30:15 [경상남도] 병상 35기관, 수용가능 36기관, 메시지 93건
2026-09-29 05:30:16 [제주특별자치도] 병상 6기관, 수용가능 6기관, 메시지 10건
2026-09-29 06:00:06 [서울특별시] 병상 51기관, 수용가능 54기관, 메시지 128건
2026-09-29 06:00:07 [경기도] 병상 73기관, 수용가능 76기관, 메시지 146건
2026-09-29 06:00:08 [인천광역시] 병상 21기관, 수용가능 22기관, 메시지 13건
2026-09-29 06:00:10 [부산광역시] 병상 29기관, 수용가능 31기관, 메시지 138건
2026-09-29 06:00:11 [대구광역시] 병상 19기관, 수용가능 19기관, 메시지 74건
2026-09-29 06:00:17 [대전광역시] 병상 9기관, 수용가능 10기관, 메시지 55건
2026-09-29 06:00:20 [울산광역시] 병상 7기관, 수용가능 9기관, 메시지 11건
2026-09-29 06:00:21 [세종특별자치시] 병상 2기관, 수용가능 2기관, 메시지 14건
2026-09-29 06:00:22 [전남광주통합특별시] 병상 59기관, 수용가능 63기관, 메시지 36건
2026-09-29 06:00:23 [강원특별자치도] 병상 21기관, 수용가능 22기관, 메시지 6건
2026-09-29 06:00:24 [충청북도] 병상 15기관, 수용가능 17기관, 메시지 1건
2026-09-29 06:00:24 [충청남도] 병상 18기관, 수용가능 18기관, 메시지 9건
2026-09-29 06:00:25 [전북특별자치도] 병상 20기관, 수용가능 21기관, 메시지 22건
2026-09-29 06:00:26 [경상북도] 병상 31기관, 수용가능 32기관, 메시지 48건
2026-09-29 06:00:27 [경상남도] 병상 35기관, 수용가능 36기관, 메시지 93건
2026-09-29 06:00:28 [제주특별자치도] 병상 6기관, 수용가능 6기관, 메시지 8건
2026-09-29 06:30:02 [서울특별시] 병상 51기관, 수용가능 54기관, 메시지 128건
2026-09-29 06:30:03 [경기도] 병상 73기관, 수용가능 76기관, 메시지 146건
2026-09-29 06:30:04 [인천광역시] 병상 21기관, 수용가능 22기관, 메시지 13건
2026-09-29 06:30:06 [부산광역시] 병상 29기관, 수용가능 31기관, 메시지 138건
2026-09-29 06:30:07 [대구광역시] 병상 19기관, 수용가능 19기관, 메시지 74건
2026-09-29 06:30:08 [대전광역시] 병상 9기관, 수용가능 10기관, 메시지 55건
2026-09-29 06:30:09 [울산광역시] 병상 7기관, 수용가능 9기관, 메시지 11건
2026-09-29 06:30:10 [세종특별자치시] 병상 2기관, 수용가능 2기관, 메시지 14건
2026-09-29 06:30:11 [전남광주통합특별시] 병상 59기관, 수용가능 63기관, 메시지 36건
2026-09-29 06:30:11 [강원특별자치도] 병상 21기관, 수용가능 22기관, 메시지 6건
2026-09-29 06:30:12 [충청북도] 병상 15기관, 수용가능 17기관, 메시지 1건
2026-09-29 06:30:13 [충청남도] 병상 18기관, 수용가능 18기관, 메시지 9건
2026-09-29 06:30:14 [전북특별자치도] 병상 20기관, 수용가능 21기관, 메시지 22건
2026-09-29 06:30:14 [경상북도] 병상 31기관, 수용가능 32기관, 메시지 48건
2026-09-29 06:30:15 [경상남도] 병상 35기관, 수용가능 36기관, 메시지 93건
2026-09-29 06:30:15 [제주특별자치도] 병상 6기관, 수용가능 6기관, 메시지 8건
2026-09-29 07:00:01 [서울특별시] 병상 51기관, 수용가능 54기관, 메시지 128건
2026-09-29 07:00:02 [경기도] 병상 73기관, 수용가능 76기관, 메시지 146건
2026-09-29 07:00:04 [인천광역시] 병상 21기관, 수용가능 22기관, 메시지 13건
2026-09-29 07:00:05 [부산광역시] 병상 29기관, 수용가능 31기관, 메시지 133건
2026-09-29 07:00:06 [대구광역시] 병상 19기관, 수용가능 19기관, 메시지 74건
2026-09-29 07:00:07 [대전광역시] 병상 9기관, 수용가능 10기관, 메시지 55건
2026-09-29 07:00:09 [울산광역시] 병상 7기관, 수용가능 9기관, 메시지 11건
2026-09-29 07:00:09 [세종특별자치시] 병상 2기관, 수용가능 2기관, 메시지 14건
2026-09-29 07:00:11 [전남광주통합특별시] 병상 59기관, 수용가능 63기관, 메시지 36건
2026-09-29 07:00:12 [강원특별자치도] 병상 21기관, 수용가능 22기관, 메시지 6건
2026-09-29 07:00:13 [충청북도] 병상 15기관, 수용가능 17기관, 메시지 1건
2026-09-29 07:00:14 [충청남도] 병상 18기관, 수용가능 18기관, 메시지 9건
2026-09-29 07:00:14 [전북특별자치도] 병상 20기관, 수용가능 21기관, 메시지 22건
2026-09-29 07:00:15 [경상북도] 병상 31기관, 수용가능 32기관, 메시지 48건
2026-09-29 07:00:16 [경상남도] 병상 35기관, 수용가능 36기관, 메시지 93건
2026-09-29 07:00:17 [제주특별자치도] 병상 6기관, 수용가능 6기관, 메시지 8건
2026-09-29 07:30:02 [서울특별시] 병상 51기관, 수용가능 54기관, 메시지 127건
2026-09-29 07:30:02 [경기도] 병상 73기관, 수용가능 76기관, 메시지 146건
2026-09-29 07:30:04 [인천광역시] 병상 21기관, 수용가능 22기관, 메시지 13건
2026-09-29 07:30:04 [부산광역시] 병상 29기관, 수용가능 31기관, 메시지 132건
2026-09-29 07:30:06 [대구광역시] 병상 19기관, 수용가능 19기관, 메시지 75건
2026-09-29 07:30:07 [대전광역시] 병상 9기관, 수용가능 10기관, 메시지 55건
2026-09-29 07:30:09 [울산광역시] 병상 7기관, 수용가능 9기관, 메시지 11건
2026-09-29 07:30:10 [세종특별자치시] 병상 2기관, 수용가능 2기관, 메시지 14건
2026-09-29 07:30:13 [전남광주통합특별시] 병상 59기관, 수용가능 63기관, 메시지 36건
2026-09-29 07:30:14 [강원특별자치도] 병상 21기관, 수용가능 22기관, 메시지 6건
2026-09-29 07:30:15 [충청북도] 병상 15기관, 수용가능 17기관, 메시지 1건
2026-09-29 07:30:15 [충청남도] 병상 18기관, 수용가능 18기관, 메시지 9건
2026-09-29 07:30:16 [전북특별자치도] 병상 20기관, 수용가능 21기관, 메시지 22건
2026-09-29 07:30:17 [경상북도] 병상 31기관, 수용가능 32기관, 메시지 48건
2026-09-29 07:30:20 [경상남도] 병상 35기관, 수용가능 36기관, 메시지 93건
2026-09-29 07:30:21 [제주특별자치도] 병상 6기관, 수용가능 6기관, 메시지 8건
2026-09-29 08:00:00 [서울특별시] 병상 51기관, 수용가능 54기관, 메시지 127건
2026-09-29 08:00:01 [경기도] 병상 73기관, 수용가능 76기관, 메시지 146건
2026-09-29 08:00:02 [인천광역시] 병상 21기관, 수용가능 22기관, 메시지 13건
2026-09-29 08:00:03 [부산광역시] 병상 29기관, 수용가능 31기관, 메시지 129건
2026-09-29 08:00:05 [대구광역시] 병상 19기관, 수용가능 19기관, 메시지 68건
2026-09-29 08:00:06 [대전광역시] 병상 9기관, 수용가능 10기관, 메시지 55건
2026-09-29 08:00:06 [울산광역시] 병상 7기관, 수용가능 9기관, 메시지 11건
2026-09-29 08:00:08 [세종특별자치시] 병상 2기관, 수용가능 2기관, 메시지 14건
2026-09-29 08:00:08 [전남광주통합특별시] 병상 59기관, 수용가능 63기관, 메시지 31건
2026-09-29 08:00:09 [강원특별자치도] 병상 21기관, 수용가능 22기관, 메시지 5건
2026-09-29 08:00:11 [충청북도] 병상 15기관, 수용가능 17기관, 메시지 1건
2026-09-29 08:00:12 [충청남도] 병상 18기관, 수용가능 18기관, 메시지 6건
2026-09-29 08:00:14 [전북특별자치도] 병상 20기관, 수용가능 21기관, 메시지 21건
2026-09-29 08:00:15 [경상북도] 병상 31기관, 수용가능 32기관, 메시지 48건
2026-09-29 08:00:16 [경상남도] 병상 35기관, 수용가능 36기관, 메시지 89건
2026-09-29 08:00:17 [제주특별자치도] 병상 6기관, 수용가능 6기관, 메시지 8건
2026-09-29 08:30:01 [서울특별시] 병상 51기관, 수용가능 54기관, 메시지 118건
2026-09-29 08:30:03 [경기도] 병상 73기관, 수용가능 76기관, 메시지 145건
2026-09-29 08:30:05 [인천광역시] 병상 21기관, 수용가능 22기관, 메시지 13건
2026-09-29 08:30:06 [부산광역시] 병상 29기관, 수용가능 31기관, 메시지 128건
2026-09-29 08:30:07 [대구광역시] 병상 19기관, 수용가능 19기관, 메시지 67건
2026-09-29 08:30:08 [대전광역시] 병상 9기관, 수용가능 10기관, 메시지 55건
2026-09-29 08:30:09 [울산광역시] 병상 7기관, 수용가능 9기관, 메시지 11건
2026-09-29 08:30:09 [세종특별자치시] 병상 2기관, 수용가능 2기관, 메시지 14건
2026-09-29 08:30:11 [전남광주통합특별시] 병상 59기관, 수용가능 63기관, 메시지 31건
2026-09-29 08:30:12 [강원특별자치도] 병상 21기관, 수용가능 22기관, 메시지 2건
2026-09-29 08:30:13 [충청북도] 병상 15기관, 수용가능 17기관, 메시지 2건
2026-09-29 08:30:14 [충청남도] 병상 18기관, 수용가능 18기관, 메시지 9건
2026-09-29 08:30:16 [전북특별자치도] 병상 20기관, 수용가능 21기관, 메시지 19건
2026-09-29 08:30:16 [경상북도] 병상 31기관, 수용가능 32기관, 메시지 56건
2026-09-29 08:30:18 [경상남도] 병상 35기관, 수용가능 36기관, 메시지 89건
2026-09-29 08:30:19 [제주특별자치도] 병상 6기관, 수용가능 6기관, 메시지 8건
2026-09-29 09:00:02 [서울특별시] 병상 51기관, 수용가능 54기관, 메시지 117건
2026-09-29 09:00:03 [경기도] 병상 73기관, 수용가능 76기관, 메시지 144건
2026-09-29 09:00:05 [인천광역시] 병상 21기관, 수용가능 22기관, 메시지 13건
2026-09-29 09:00:07 [부산광역시] 병상 29기관, 수용가능 31기관, 메시지 124건
2026-09-29 09:00:07 [대구광역시] 병상 19기관, 수용가능 19기관, 메시지 68건
2026-09-29 09:00:09 [대전광역시] 병상 9기관, 수용가능 10기관, 메시지 55건
2026-09-29 09:00:09 [울산광역시] 병상 7기관, 수용가능 9기관, 메시지 11건
2026-09-29 09:00:10 [세종특별자치시] 병상 2기관, 수용가능 2기관, 메시지 14건
2026-09-29 09:00:11 [전남광주통합특별시] 병상 59기관, 수용가능 63기관, 메시지 31건
2026-09-29 09:00:12 [강원특별자치도] 병상 21기관, 수용가능 22기관, 메시지 2건
2026-09-29 09:00:12 [충청북도] 병상 15기관, 수용가능 17기관, 메시지 1건
2026-09-29 09:00:13 [충청남도] 병상 18기관, 수용가능 18기관, 메시지 9건
2026-09-29 09:00:14 [전북특별자치도] 병상 20기관, 수용가능 21기관, 메시지 19건
2026-09-29 09:00:16 [경상북도] 병상 31기관, 수용가능 32기관, 메시지 43건
2026-09-29 09:00:17 [경상남도] 병상 35기관, 수용가능 36기관, 메시지 82건
2026-09-29 09:00:17 [제주특별자치도] 병상 6기관, 수용가능 6기관, 메시지 8건
2026-09-29 09:30:01 [서울특별시] 병상 51기관, 수용가능 54기관, 메시지 118건
2026-09-29 09:30:02 [경기도] 병상 73기관, 수용가능 76기관, 메시지 145건
2026-09-29 09:30:03 [인천광역시] 병상 21기관, 수용가능 22기관, 메시지 13건
2026-09-29 09:30:04 [부산광역시] 병상 29기관, 수용가능 31기관, 메시지 124건
2026-09-29 09:30:05 [대구광역시] 병상 19기관, 수용가능 19기관, 메시지 68건
2026-09-29 09:30:06 [대전광역시] 병상 9기관, 수용가능 10기관, 메시지 58건
2026-09-29 09:30:07 [울산광역시] 병상 7기관, 수용가능 9기관, 메시지 11건
2026-09-29 09:30:08 [세종특별자치시] 병상 2기관, 수용가능 2기관, 메시지 14건
2026-09-29 09:30:09 [전남광주통합특별시] 병상 59기관, 수용가능 63기관, 메시지 32건
2026-09-29 09:30:11 [강원특별자치도] 병상 21기관, 수용가능 22기관, 메시지 2건
2026-09-29 09:30:12 [충청북도] 병상 15기관, 수용가능 17기관, 메시지 1건
2026-09-29 09:30:13 [충청남도] 병상 18기관, 수용가능 18기관, 메시지 9건
2026-09-29 09:30:13 [전북특별자치도] 병상 20기관, 수용가능 21기관, 메시지 19건
2026-09-29 09:30:14 [경상북도] 병상 31기관, 수용가능 32기관, 메시지 45건
2026-09-29 09:30:15 [경상남도] 병상 35기관, 수용가능 36기관, 메시지 82건
2026-09-29 09:30:16 [제주특별자치도] 병상 6기관, 수용가능 6기관, 메시지 8건
2026-09-29 10:00:01 [서울특별시] 병상 51기관, 수용가능 54기관, 메시지 118건
2026-09-29 10:00:04 [경기도] 병상 73기관, 수용가능 76기관, 메시지 145건
2026-09-29 10:00:05 [인천광역시] 병상 21기관, 수용가능 22기관, 메시지 13건
2026-09-29 10:00:06 [부산광역시] 병상 29기관, 수용가능 31기관, 메시지 124건
2026-09-29 10:00:08 [대구광역시] 병상 19기관, 수용가능 19기관, 메시지 68건
2026-09-29 10:00:09 [대전광역시] 병상 9기관, 수용가능 10기관, 메시지 58건
2026-09-29 10:00:11 [울산광역시] 병상 7기관, 수용가능 9기관, 메시지 11건
2026-09-29 10:00:13 [세종특별자치시] 병상 2기관, 수용가능 2기관, 메시지 14건
2026-09-29 10:00:17 [전남광주통합특별시] 병상 59기관, 수용가능 63기관, 메시지 32건
2026-09-29 10:00:19 [강원특별자치도] 병상 21기관, 수용가능 22기관, 메시지 2건
2026-09-29 10:00:20 [충청북도] 병상 15기관, 수용가능 17기관, 메시지 1건
2026-09-29 10:00:22 [충청남도] 병상 18기관, 수용가능 18기관, 메시지 9건
2026-09-29 10:00:23 [전북특별자치도] 병상 20기관, 수용가능 21기관, 메시지 19건
2026-09-29 10:00:25 [경상북도] 병상 31기관, 수용가능 32기관, 메시지 45건
2026-09-29 10:00:25 [경상남도] 병상 35기관, 수용가능 36기관, 메시지 82건
2026-09-29 10:00:27 [제주특별자치도] 병상 6기관, 수용가능 6기관, 메시지 8건
2026-09-29 10:30:02 [서울특별시] 병상 51기관, 수용가능 54기관, 메시지 118건
2026-09-29 10:30:02 [경기도] 병상 73기관, 수용가능 76기관, 메시지 145건
2026-09-29 10:30:03 [인천광역시] 병상 21기관, 수용가능 22기관, 메시지 13건
2026-09-29 10:30:05 [부산광역시] 병상 29기관, 수용가능 31기관, 메시지 124건
2026-09-29 10:30:05 [대구광역시] 병상 19기관, 수용가능 19기관, 메시지 68건
2026-09-29 10:30:06 [대전광역시] 병상 9기관, 수용가능 10기관, 메시지 58건
2026-09-29 10:30:06 [울산광역시] 병상 7기관, 수용가능 9기관, 메시지 11건
2026-09-29 10:30:07 [세종특별자치시] 병상 2기관, 수용가능 2기관, 메시지 14건
2026-09-29 10:30:08 [전남광주통합특별시] 병상 59기관, 수용가능 63기관, 메시지 32건
2026-09-29 10:30:09 [강원특별자치도] 병상 21기관, 수용가능 22기관, 메시지 2건
2026-09-29 10:30:10 [충청북도] 병상 15기관, 수용가능 17기관, 메시지 1건
2026-09-29 10:30:12 [충청남도] 병상 18기관, 수용가능 18기관, 메시지 9건
2026-09-29 10:30:12 [전북특별자치도] 병상 20기관, 수용가능 21기관, 메시지 19건
2026-09-29 10:30:13 [경상북도] 병상 31기관, 수용가능 32기관, 메시지 45건
2026-09-29 10:30:14 [경상남도] 병상 35기관, 수용가능 36기관, 메시지 82건
2026-09-29 10:30:15 [제주특별자치도] 병상 6기관, 수용가능 6기관, 메시지 8건
2026-09-29 11:00:00 [서울특별시] 병상 51기관, 수용가능 54기관, 메시지 119건
2026-09-29 11:00:02 [경기도] 병상 73기관, 수용가능 76기관, 메시지 145건
2026-09-29 11:00:03 [인천광역시] 병상 21기관, 수용가능 22기관, 메시지 13건
2026-09-29 11:00:05 [부산광역시] 병상 29기관, 수용가능 31기관, 메시지 124건
2026-09-29 11:00:06 [대구광역시] 병상 19기관, 수용가능 19기관, 메시지 68건
2026-09-29 11:00:06 [대전광역시] 병상 9기관, 수용가능 10기관, 메시지 58건
2026-09-29 11:00:07 [울산광역시] 병상 7기관, 수용가능 9기관, 메시지 11건
2026-09-29 11:00:09 [세종특별자치시] 병상 2기관, 수용가능 2기관, 메시지 14건
2026-09-29 11:00:11 [전남광주통합특별시] 병상 59기관, 수용가능 63기관, 메시지 32건
2026-09-29 11:00:12 [강원특별자치도] 병상 21기관, 수용가능 22기관, 메시지 2건
2026-09-29 11:00:12 [충청북도] 병상 15기관, 수용가능 17기관, 메시지 1건
2026-09-29 11:00:13 [충청남도] 병상 18기관, 수용가능 18기관, 메시지 9건
2026-09-29 11:00:14 [전북특별자치도] 병상 20기관, 수용가능 21기관, 메시지 19건
2026-09-29 11:00:15 [경상북도] 병상 31기관, 수용가능 32기관, 메시지 45건
2026-09-29 11:00:16 [경상남도] 병상 35기관, 수용가능 36기관, 메시지 82건
2026-09-29 11:00:17 [제주특별자치도] 병상 6기관, 수용가능 6기관, 메시지 8건
2026-09-29 11:30:01 [서울특별시] 병상 51기관, 수용가능 54기관, 메시지 119건
2026-09-29 11:30:02 [경기도] 병상 73기관, 수용가능 76기관, 메시지 145건
2026-09-29 11:30:03 [인천광역시] 병상 21기관, 수용가능 22기관, 메시지 13건
2026-09-29 11:30:04 [부산광역시] 병상 29기관, 수용가능 31기관, 메시지 124건
2026-09-29 11:30:05 [대구광역시] 병상 19기관, 수용가능 19기관, 메시지 68건
2026-09-29 11:30:06 [대전광역시] 병상 9기관, 수용가능 10기관, 메시지 58건
2026-09-29 11:30:07 [울산광역시] 병상 7기관, 수용가능 9기관, 메시지 11건
2026-09-29 11:30:07 [세종특별자치시] 병상 2기관, 수용가능 2기관, 메시지 14건
2026-09-29 11:30:08 [전남광주통합특별시] 병상 59기관, 수용가능 63기관, 메시지 32건
2026-09-29 11:30:09 [강원특별자치도] 병상 21기관, 수용가능 22기관, 메시지 2건
2026-09-29 11:30:10 [충청북도] 병상 15기관, 수용가능 17기관, 메시지 1건
2026-09-29 11:30:11 [충청남도] 병상 18기관, 수용가능 18기관, 메시지 9건
2026-09-29 11:30:12 [전북특별자치도] 병상 20기관, 수용가능 21기관, 메시지 19건
2026-09-29 11:30:12 [경상북도] 병상 31기관, 수용가능 32기관, 메시지 45건
2026-09-29 11:30:28 [경상남도] 병상 35기관, 수용가능 36기관, 메시지 82건
2026-09-29 11:30:29 [제주특별자치도] 병상 6기관, 수용가능 6기관, 메시지 8건
2026-09-29 12:00:00 [서울특별시] 병상 51기관, 수용가능 54기관, 메시지 119건
2026-09-29 12:00:03 [경기도] 병상 73기관, 수용가능 76기관, 메시지 145건
2026-09-29 12:00:03 [인천광역시] 병상 21기관, 수용가능 22기관, 메시지 13건
2026-09-29 12:00:04 [부산광역시] 병상 29기관, 수용가능 31기관, 메시지 120건
2026-09-29 12:00:06 [대구광역시] 병상 19기관, 수용가능 19기관, 메시지 68건
2026-09-29 12:00:06 [대전광역시] 병상 9기관, 수용가능 10기관, 메시지 58건
2026-09-29 12:00:07 [울산광역시] 병상 7기관, 수용가능 9기관, 메시지 11건
2026-09-29 12:00:08 [세종특별자치시] 병상 2기관, 수용가능 2기관, 메시지 14건
2026-09-29 12:00:09 [전남광주통합특별시] 병상 59기관, 수용가능 63기관, 메시지 32건
2026-09-29 12:00:10 [강원특별자치도] 병상 21기관, 수용가능 22기관, 메시지 2건
2026-09-29 12:00:11 [충청북도] 병상 15기관, 수용가능 17기관, 메시지 1건
2026-09-29 12:00:13 [충청남도] 병상 18기관, 수용가능 18기관, 메시지 9건
2026-09-29 12:00:13 [전북특별자치도] 병상 20기관, 수용가능 21기관, 메시지 19건
2026-09-29 12:00:14 [경상북도] 병상 31기관, 수용가능 32기관, 메시지 45건
2026-09-29 12:00:14 [경상남도] 병상 35기관, 수용가능 36기관, 메시지 81건
2026-09-29 12:00:15 [제주특별자치도] 병상 6기관, 수용가능 6기관, 메시지 8건
2026-09-29 12:29:59 [서울특별시] 병상 51기관, 수용가능 54기관, 메시지 119건
2026-09-29 12:30:00 [경기도] 병상 73기관, 수용가능 76기관, 메시지 145건
2026-09-29 12:30:01 [인천광역시] 병상 21기관, 수용가능 22기관, 메시지 13건
2026-09-29 12:30:02 [부산광역시] 병상 29기관, 수용가능 31기관, 메시지 120건
2026-09-29 12:30:03 [대구광역시] 병상 19기관, 수용가능 19기관, 메시지 68건
2026-09-29 12:30:04 [대전광역시] 병상 9기관, 수용가능 10기관, 메시지 58건
2026-09-29 12:30:05 [울산광역시] 병상 7기관, 수용가능 9기관, 메시지 11건
2026-09-29 12:30:06 [세종특별자치시] 병상 2기관, 수용가능 2기관, 메시지 14건
2026-09-29 12:30:06 [전남광주통합특별시] 병상 59기관, 수용가능 63기관, 메시지 36건
2026-09-29 12:30:07 [강원특별자치도] 병상 21기관, 수용가능 22기관, 메시지 2건
2026-09-29 12:30:07 [충청북도] 병상 15기관, 수용가능 17기관, 메시지 1건
2026-09-29 12:30:08 [충청남도] 병상 18기관, 수용가능 18기관, 메시지 10건
2026-09-29 12:30:09 [전북특별자치도] 병상 20기관, 수용가능 21기관, 메시지 19건
2026-09-29 12:30:11 [경상북도] 병상 31기관, 수용가능 32기관, 메시지 45건
2026-09-29 12:30:12 [경상남도] 병상 35기관, 수용가능 36기관, 메시지 81건
2026-09-29 12:30:13 [제주특별자치도] 병상 6기관, 수용가능 6기관, 메시지 8건
2026-09-29 13:00:04 [서울특별시] 병상 51기관, 수용가능 54기관, 메시지 119건
2026-09-29 13:00:07 [경기도] 병상 73기관, 수용가능 76기관, 메시지 145건
2026-09-29 13:00:08 [인천광역시] 병상 21기관, 수용가능 22기관, 메시지 13건
2026-09-29 13:00:10 [부산광역시] 병상 29기관, 수용가능 31기관, 메시지 120건
2026-09-29 13:00:12 [대구광역시] 병상 19기관, 수용가능 19기관, 메시지 69건
2026-09-29 13:00:12 [대전광역시] 병상 9기관, 수용가능 10기관, 메시지 60건
2026-09-29 13:00:13 [울산광역시] 병상 7기관, 수용가능 9기관, 메시지 11건
2026-09-29 13:00:27 [세종특별자치시] 병상 2기관, 수용가능 2기관, 메시지 14건
2026-09-29 13:00:27 [전남광주통합특별시] 병상 59기관, 수용가능 63기관, 메시지 36건
2026-09-29 13:00:30 [강원특별자치도] 병상 21기관, 수용가능 22기관, 메시지 2건
2026-09-29 13:00:33 [충청북도] 병상 15기관, 수용가능 17기관, 메시지 1건
2026-09-29 13:00:34 [충청남도] 병상 18기관, 수용가능 18기관, 메시지 10건
2026-09-29 13:00:35 [전북특별자치도] 병상 20기관, 수용가능 21기관, 메시지 19건
2026-09-29 13:00:37 [경상북도] 병상 31기관, 수용가능 32기관, 메시지 45건
2026-09-29 13:00:37 [경상남도] 병상 35기관, 수용가능 36기관, 메시지 81건
2026-09-29 13:00:37 [제주특별자치도] 병상 6기관, 수용가능 6기관, 메시지 8건
2026-09-29 13:30:02 [서울특별시] 병상 51기관, 수용가능 54기관, 메시지 119건
2026-09-29 13:30:03 [경기도] 병상 73기관, 수용가능 76기관, 메시지 145건
2026-09-29 13:30:03 [인천광역시] 병상 21기관, 수용가능 22기관, 메시지 13건
2026-09-29 13:30:04 [부산광역시] 병상 29기관, 수용가능 31기관, 메시지 120건
2026-09-29 13:30:05 [대구광역시] 병상 19기관, 수용가능 19기관, 메시지 70건
2026-09-29 13:30:06 [대전광역시] 병상 9기관, 수용가능 10기관, 메시지 60건
2026-09-29 13:30:08 [울산광역시] 병상 7기관, 수용가능 9기관, 메시지 11건
2026-09-29 13:30:09 [세종특별자치시] 병상 2기관, 수용가능 2기관, 메시지 14건
2026-09-29 13:30:11 [전남광주통합특별시] 병상 59기관, 수용가능 63기관, 메시지 36건
2026-09-29 13:30:12 [강원특별자치도] 병상 21기관, 수용가능 22기관, 메시지 2건
2026-09-29 13:30:13 [충청북도] 병상 15기관, 수용가능 17기관, 메시지 1건
2026-09-29 13:30:15 [충청남도] 병상 18기관, 수용가능 18기관, 메시지 10건
2026-09-29 13:30:16 [전북특별자치도] 병상 20기관, 수용가능 21기관, 메시지 19건
2026-09-29 13:30:17 [경상북도] 병상 31기관, 수용가능 32기관, 메시지 45건
2026-09-29 13:30:18 [경상남도] 병상 35기관, 수용가능 36기관, 메시지 81건
2026-09-29 13:30:19 [제주특별자치도] 병상 6기관, 수용가능 6기관, 메시지 8건
2026-09-29 14:00:02 [서울특별시] 병상 51기관, 수용가능 54기관, 메시지 118건
2026-09-29 14:00:04 [경기도] 병상 73기관, 수용가능 76기관, 메시지 145건
2026-09-29 14:00:05 [인천광역시] 병상 21기관, 수용가능 22기관, 메시지 13건
2026-09-29 14:00:07 [부산광역시] 병상 29기관, 수용가능 31기관, 메시지 121건
2026-09-29 14:00:09 [대구광역시] 병상 19기관, 수용가능 19기관, 메시지 70건
2026-09-29 14:00:12 [대전광역시] 병상 9기관, 수용가능 10기관, 메시지 60건
2026-09-29 14:00:13 [울산광역시] 병상 7기관, 수용가능 9기관, 메시지 11건
2026-09-29 14:00:15 [세종특별자치시] 병상 2기관, 수용가능 2기관, 메시지 14건
2026-09-29 14:00:17 [전남광주통합특별시] 병상 59기관, 수용가능 63기관, 메시지 36건
2026-09-29 14:00:17 [강원특별자치도] 병상 21기관, 수용가능 22기관, 메시지 2건
2026-09-29 14:00:18 [충청북도] 병상 15기관, 수용가능 17기관, 메시지 1건
2026-09-29 14:00:19 [충청남도] 병상 18기관, 수용가능 18기관, 메시지 10건
2026-09-29 14:00:21 [전북특별자치도] 병상 20기관, 수용가능 21기관, 메시지 19건
2026-09-29 14:00:22 [경상북도] 병상 31기관, 수용가능 32기관, 메시지 45건
2026-09-29 14:00:23 [경상남도] 병상 35기관, 수용가능 36기관, 메시지 81건
2026-09-29 14:00:23 [제주특별자치도] 병상 6기관, 수용가능 6기관, 메시지 8건
2026-09-29 14:30:02 [서울특별시] 병상 51기관, 수용가능 54기관, 메시지 119건
2026-09-29 14:30:02 [경기도] 병상 73기관, 수용가능 76기관, 메시지 145건
2026-09-29 14:30:04 [인천광역시] 병상 21기관, 수용가능 22기관, 메시지 13건
2026-09-29 14:30:05 [부산광역시] 병상 29기관, 수용가능 31기관, 메시지 121건
2026-09-29 14:30:06 [대구광역시] 병상 19기관, 수용가능 19기관, 메시지 70건
2026-09-29 14:30:07 [대전광역시] 병상 9기관, 수용가능 10기관, 메시지 60건
2026-09-29 14:30:08 [울산광역시] 병상 7기관, 수용가능 9기관, 메시지 11건
2026-09-29 14:30:08 [세종특별자치시] 병상 2기관, 수용가능 2기관, 메시지 14건
2026-09-29 14:30:09 [전남광주통합특별시] 병상 59기관, 수용가능 63기관, 메시지 36건
2026-09-29 14:30:10 [강원특별자치도] 병상 21기관, 수용가능 22기관, 메시지 2건
2026-09-29 14:30:11 [충청북도] 병상 15기관, 수용가능 17기관, 메시지 1건
2026-09-29 14:30:13 [충청남도] 병상 18기관, 수용가능 18기관, 메시지 10건
2026-09-29 14:30:14 [전북특별자치도] 병상 20기관, 수용가능 21기관, 메시지 19건
2026-09-29 14:30:15 [경상북도] 병상 31기관, 수용가능 32기관, 메시지 45건
2026-09-29 14:30:15 [경상남도] 병상 35기관, 수용가능 36기관, 메시지 81건
2026-09-29 14:30:16 [제주특별자치도] 병상 6기관, 수용가능 6기관, 메시지 8건
2026-09-29 15:00:06 [서울특별시] 병상 51기관, 수용가능 54기관, 메시지 117건
2026-09-29 15:00:12 [경기도] 병상 73기관, 수용가능 76기관, 메시지 145건
2026-09-29 15:00:16 [인천광역시] 병상 21기관, 수용가능 22기관, 메시지 13건
2026-09-29 15:00:16 [부산광역시] 병상 29기관, 수용가능 31기관, 메시지 121건
2026-09-29 15:00:17 [대구광역시] 병상 19기관, 수용가능 19기관, 메시지 70건
2026-09-29 15:00:17 [대전광역시] 병상 9기관, 수용가능 10기관, 메시지 64건
2026-09-29 15:00:18 [울산광역시] 병상 7기관, 수용가능 9기관, 메시지 11건
2026-09-29 15:00:19 [세종특별자치시] 병상 2기관, 수용가능 2기관, 메시지 14건
2026-09-29 15:00:20 [전남광주통합특별시] 병상 59기관, 수용가능 63기관, 메시지 36건
2026-09-29 15:00:21 [강원특별자치도] 병상 21기관, 수용가능 22기관, 메시지 2건
2026-09-29 15:00:21 [충청북도] 병상 15기관, 수용가능 17기관, 메시지 1건
2026-09-29 15:00:23 [충청남도] 병상 18기관, 수용가능 18기관, 메시지 10건
2026-09-29 15:00:25 [전북특별자치도] 병상 20기관, 수용가능 21기관, 메시지 19건
2026-09-29 15:00:25 [경상북도] 병상 31기관, 수용가능 32기관, 메시지 45건
2026-09-29 15:00:26 [경상남도] 병상 35기관, 수용가능 36기관, 메시지 81건
2026-09-29 15:00:27 [제주특별자치도] 병상 6기관, 수용가능 6기관, 메시지 8건
2026-09-29 15:30:00 [서울특별시] 병상 51기관, 수용가능 54기관, 메시지 118건
2026-09-29 15:30:01 [경기도] 병상 73기관, 수용가능 76기관, 메시지 145건
2026-09-29 15:30:02 [인천광역시] 병상 21기관, 수용가능 22기관, 메시지 13건
2026-09-29 15:30:03 [부산광역시] 병상 29기관, 수용가능 31기관, 메시지 121건
2026-09-29 15:30:04 [대구광역시] 병상 19기관, 수용가능 19기관, 메시지 70건
2026-09-29 15:30:05 [대전광역시] 병상 9기관, 수용가능 10기관, 메시지 64건
2026-09-29 15:30:05 [울산광역시] 병상 7기관, 수용가능 9기관, 메시지 11건
2026-09-29 15:30:07 [세종특별자치시] 병상 2기관, 수용가능 2기관, 메시지 14건
2026-09-29 15:30:08 [전남광주통합특별시] 병상 59기관, 수용가능 63기관, 메시지 36건
2026-09-29 15:30:09 [강원특별자치도] 병상 21기관, 수용가능 22기관, 메시지 2건
2026-09-29 15:30:09 [충청북도] 병상 15기관, 수용가능 17기관, 메시지 1건
2026-09-29 15:30:10 [충청남도] 병상 18기관, 수용가능 18기관, 메시지 10건
2026-09-29 15:30:10 [전북특별자치도] 병상 20기관, 수용가능 21기관, 메시지 19건
2026-09-29 15:30:11 [경상북도] 병상 31기관, 수용가능 32기관, 메시지 45건
2026-09-29 15:30:12 [경상남도] 병상 35기관, 수용가능 36기관, 메시지 81건
2026-09-29 15:30:13 [제주특별자치도] 병상 6기관, 수용가능 6기관, 메시지 8건
2026-09-29 16:00:01 [서울특별시] 병상 51기관, 수용가능 54기관, 메시지 121건
2026-09-29 16:00:02 [경기도] 병상 73기관, 수용가능 76기관, 메시지 145건
2026-09-29 16:00:03 [인천광역시] 병상 21기관, 수용가능 22기관, 메시지 13건
2026-09-29 16:00:05 [부산광역시] 병상 29기관, 수용가능 31기관, 메시지 120건
2026-09-29 16:00:05 [대구광역시] 병상 19기관, 수용가능 19기관, 메시지 70건
2026-09-29 16:00:07 [대전광역시] 병상 9기관, 수용가능 10기관, 메시지 60건
2026-09-29 16:00:08 [울산광역시] 병상 7기관, 수용가능 9기관, 메시지 11건
2026-09-29 16:00:08 [세종특별자치시] 병상 2기관, 수용가능 2기관, 메시지 14건
2026-09-29 16:00:10 [전남광주통합특별시] 병상 59기관, 수용가능 63기관, 메시지 36건
2026-09-29 16:00:10 [강원특별자치도] 병상 21기관, 수용가능 22기관, 메시지 2건
2026-09-29 16:00:11 [충청북도] 병상 15기관, 수용가능 17기관, 메시지 1건
2026-09-29 16:00:12 [충청남도] 병상 18기관, 수용가능 18기관, 메시지 10건
2026-09-29 16:00:13 [전북특별자치도] 병상 20기관, 수용가능 21기관, 메시지 19건
2026-09-29 16:00:14 [경상북도] 병상 31기관, 수용가능 32기관, 메시지 45건
2026-09-29 16:00:15 [경상남도] 병상 35기관, 수용가능 36기관, 메시지 81건
2026-09-29 16:00:16 [제주특별자치도] 병상 6기관, 수용가능 6기관, 메시지 8건
2026-09-29 16:30:01 [서울특별시] 병상 51기관, 수용가능 54기관, 메시지 121건
2026-09-29 16:30:02 [경기도] 병상 73기관, 수용가능 76기관, 메시지 145건
2026-09-29 16:30:03 [인천광역시] 병상 21기관, 수용가능 22기관, 메시지 15건
2026-09-29 16:30:03 [부산광역시] 병상 29기관, 수용가능 31기관, 메시지 121건
2026-09-29 16:30:04 [대구광역시] 병상 19기관, 수용가능 19기관, 메시지 71건
2026-09-29 16:30:05 [대전광역시] 병상 9기관, 수용가능 10기관, 메시지 63건
2026-09-29 16:30:05 [울산광역시] 병상 7기관, 수용가능 9기관, 메시지 11건
2026-09-29 16:30:06 [세종특별자치시] 병상 2기관, 수용가능 2기관, 메시지 14건
2026-09-29 16:30:06 [전남광주통합특별시] 병상 59기관, 수용가능 63기관, 메시지 36건
2026-09-29 16:30:07 [강원특별자치도] 병상 21기관, 수용가능 22기관, 메시지 2건
2026-09-29 16:30:08 [충청북도] 병상 15기관, 수용가능 17기관, 메시지 1건
2026-09-29 16:30:10 [충청남도] 병상 18기관, 수용가능 18기관, 메시지 9건
2026-09-29 16:30:11 [전북특별자치도] 병상 20기관, 수용가능 21기관, 메시지 19건
2026-09-29 16:30:11 [경상북도] 병상 31기관, 수용가능 32기관, 메시지 45건
2026-09-29 16:30:12 [경상남도] 병상 35기관, 수용가능 36기관, 메시지 81건
2026-09-29 16:30:13 [제주특별자치도] 병상 6기관, 수용가능 6기관, 메시지 8건
2026-09-29 17:00:02 [서울특별시] 병상 51기관, 수용가능 54기관, 메시지 121건
2026-09-29 17:00:02 [경기도] 병상 73기관, 수용가능 76기관, 메시지 145건
2026-09-29 17:00:04 [인천광역시] 병상 21기관, 수용가능 22기관, 메시지 15건
2026-09-29 17:00:05 [부산광역시] 병상 29기관, 수용가능 31기관, 메시지 120건
2026-09-29 17:00:06 [대구광역시] 병상 19기관, 수용가능 19기관, 메시지 70건
2026-09-29 17:00:07 [대전광역시] 병상 9기관, 수용가능 10기관, 메시지 64건
2026-09-29 17:00:09 [울산광역시] 병상 7기관, 수용가능 9기관, 메시지 11건
2026-09-29 17:00:10 [세종특별자치시] 병상 2기관, 수용가능 2기관, 메시지 14건
2026-09-29 17:00:12 [전남광주통합특별시] 병상 59기관, 수용가능 63기관, 메시지 36건
2026-09-29 17:00:13 [강원특별자치도] 병상 21기관, 수용가능 22기관, 메시지 2건
2026-09-29 17:00:14 [충청북도] 병상 15기관, 수용가능 17기관, 메시지 1건
2026-09-29 17:00:15 [충청남도] 병상 18기관, 수용가능 18기관, 메시지 9건
2026-09-29 17:00:16 [전북특별자치도] 병상 20기관, 수용가능 21기관, 메시지 19건
2026-09-29 17:00:16 [경상북도] 병상 31기관, 수용가능 32기관, 메시지 45건
2026-09-29 17:00:18 [경상남도] 병상 35기관, 수용가능 36기관, 메시지 81건
2026-09-29 17:00:20 [제주특별자치도] 병상 6기관, 수용가능 6기관, 메시지 8건
2026-09-29 17:30:03 [서울특별시] 병상 51기관, 수용가능 54기관, 메시지 121건
2026-09-29 17:30:04 [경기도] 병상 73기관, 수용가능 76기관, 메시지 147건
2026-09-29 17:30:05 [인천광역시] 병상 21기관, 수용가능 22기관, 메시지 15건
2026-09-29 17:30:07 [부산광역시] 병상 29기관, 수용가능 31기관, 메시지 122건
2026-09-29 17:30:07 [대구광역시] 병상 19기관, 수용가능 19기관, 메시지 72건
2026-09-29 17:30:08 [대전광역시] 병상 9기관, 수용가능 10기관, 메시지 64건
2026-09-29 17:30:09 [울산광역시] 병상 7기관, 수용가능 9기관, 메시지 11건
2026-09-29 17:30:10 [세종특별자치시] 병상 2기관, 수용가능 2기관, 메시지 14건
2026-09-29 17:30:12 [전남광주통합특별시] 병상 59기관, 수용가능 63기관, 메시지 36건
2026-09-29 17:30:12 [강원특별자치도] 병상 21기관, 수용가능 22기관, 메시지 2건
2026-09-29 17:30:13 [충청북도] 병상 15기관, 수용가능 17기관, 메시지 1건
2026-09-29 17:30:13 [충청남도] 병상 18기관, 수용가능 18기관, 메시지 10건
2026-09-29 17:30:14 [전북특별자치도] 병상 20기관, 수용가능 21기관, 메시지 19건
2026-09-29 17:30:14 [경상북도] 병상 31기관, 수용가능 32기관, 메시지 47건
2026-09-29 17:30:15 [경상남도] 병상 35기관, 수용가능 36기관, 메시지 81건
2026-09-29 17:30:16 [제주특별자치도] 병상 6기관, 수용가능 6기관, 메시지 12건
2026-09-29 18:00:02 [서울특별시] 병상 51기관, 수용가능 54기관, 메시지 123건
2026-09-29 18:00:05 [경기도] 병상 73기관, 수용가능 76기관, 메시지 146건
2026-09-29 18:00:06 [인천광역시] 병상 21기관, 수용가능 22기관, 메시지 15건
2026-09-29 18:00:08 [부산광역시] 병상 29기관, 수용가능 31기관, 메시지 122건
2026-09-29 18:00:09 [대구광역시] 병상 19기관, 수용가능 19기관, 메시지 72건
2026-09-29 18:00:10 [대전광역시] 병상 9기관, 수용가능 10기관, 메시지 61건
2026-09-29 18:00:13 [울산광역시] 병상 7기관, 수용가능 9기관, 메시지 11건
2026-09-29 18:00:14 [세종특별자치시] 병상 2기관, 수용가능 2기관, 메시지 14건
2026-09-29 18:00:15 [전남광주통합특별시] 병상 59기관, 수용가능 63기관, 메시지 38건
2026-09-29 18:00:16 [강원특별자치도] 병상 21기관, 수용가능 22기관, 메시지 2건
2026-09-29 18:00:16 [충청북도] 병상 15기관, 수용가능 17기관, 메시지 1건
2026-09-29 18:00:17 [충청남도] 병상 18기관, 수용가능 18기관, 메시지 9건
2026-09-29 18:00:18 [전북특별자치도] 병상 20기관, 수용가능 21기관, 메시지 23건
2026-09-29 18:00:19 [경상북도] 병상 31기관, 수용가능 32기관, 메시지 47건
2026-09-29 18:00:20 [경상남도] 병상 35기관, 수용가능 36기관, 메시지 81건
2026-09-29 18:00:20 [제주특별자치도] 병상 6기관, 수용가능 6기관, 메시지 12건
2026-09-29 18:30:01 [서울특별시] 병상 51기관, 수용가능 54기관, 메시지 125건
2026-09-29 18:30:03 [경기도] 병상 73기관, 수용가능 76기관, 메시지 146건
2026-09-29 18:30:04 [인천광역시] 병상 21기관, 수용가능 22기관, 메시지 15건
2026-09-29 18:30:05 [부산광역시] 병상 29기관, 수용가능 31기관, 메시지 128건
2026-09-29 18:30:06 [대구광역시] 병상 19기관, 수용가능 19기관, 메시지 76건
2026-09-29 18:30:07 [대전광역시] 병상 9기관, 수용가능 10기관, 메시지 62건
2026-09-29 18:30:08 [울산광역시] 병상 7기관, 수용가능 9기관, 메시지 11건
2026-09-29 18:30:09 [세종특별자치시] 병상 2기관, 수용가능 2기관, 메시지 14건
2026-09-29 18:30:10 [전남광주통합특별시] 병상 59기관, 수용가능 63기관, 메시지 37건
2026-09-29 18:30:12 [강원특별자치도] 병상 21기관, 수용가능 22기관, 메시지 2건
2026-09-29 18:30:12 [충청북도] 병상 15기관, 수용가능 17기관, 메시지 1건
2026-09-29 18:30:14 [충청남도] 병상 18기관, 수용가능 18기관, 메시지 9건
2026-09-29 18:30:15 [전북특별자치도] 병상 20기관, 수용가능 21기관, 메시지 26건
2026-09-29 18:30:17 [경상북도] 병상 31기관, 수용가능 32기관, 메시지 47건
2026-09-29 18:30:17 [경상남도] 병상 35기관, 수용가능 36기관, 메시지 89건
2026-09-29 18:30:19 [제주특별자치도] 병상 6기관, 수용가능 6기관, 메시지 11건
2026-09-29 19:00:02 [서울특별시] 병상 51기관, 수용가능 54기관, 메시지 126건
2026-09-29 19:00:03 [경기도] 병상 73기관, 수용가능 76기관, 메시지 146건
2026-09-29 19:00:03 [인천광역시] 병상 21기관, 수용가능 22기관, 메시지 15건
2026-09-29 19:00:05 [부산광역시] 병상 29기관, 수용가능 31기관, 메시지 127건
2026-09-29 19:00:06 [대구광역시] 병상 19기관, 수용가능 19기관, 메시지 75건
2026-09-29 19:00:07 [대전광역시] 병상 9기관, 수용가능 10기관, 메시지 62건
2026-09-29 19:00:08 [울산광역시] 병상 7기관, 수용가능 9기관, 메시지 11건
2026-09-29 19:00:08 [세종특별자치시] 병상 2기관, 수용가능 2기관, 메시지 14건
2026-09-29 19:00:09 [전남광주통합특별시] 병상 59기관, 수용가능 63기관, 메시지 36건
2026-09-29 19:00:10 [강원특별자치도] 병상 21기관, 수용가능 22기관, 메시지 2건
2026-09-29 19:00:12 [충청북도] 병상 15기관, 수용가능 17기관, 메시지 1건
2026-09-29 19:00:12 [충청남도] 병상 18기관, 수용가능 18기관, 메시지 9건
2026-09-29 19:00:13 [전북특별자치도] 병상 20기관, 수용가능 21기관, 메시지 26건
2026-09-29 19:00:14 [경상북도] 병상 31기관, 수용가능 32기관, 메시지 47건
2026-09-29 19:00:16 [경상남도] 병상 35기관, 수용가능 36기관, 메시지 89건
2026-09-29 19:00:16 [제주특별자치도] 병상 6기관, 수용가능 6기관, 메시지 11건
2026-09-29 19:30:01 [서울특별시] 병상 51기관, 수용가능 54기관, 메시지 127건
2026-09-29 19:30:02 [경기도] 병상 73기관, 수용가능 76기관, 메시지 146건
2026-09-29 19:30:04 [인천광역시] 병상 21기관, 수용가능 22기관, 메시지 15건
2026-09-29 19:30:05 [부산광역시] 병상 29기관, 수용가능 31기관, 메시지 128건
2026-09-29 19:30:06 [대구광역시] 병상 19기관, 수용가능 19기관, 메시지 75건
2026-09-29 19:30:06 [대전광역시] 병상 9기관, 수용가능 10기관, 메시지 63건
2026-09-29 19:30:07 [울산광역시] 병상 7기관, 수용가능 9기관, 메시지 11건
2026-09-29 19:30:08 [세종특별자치시] 병상 2기관, 수용가능 2기관, 메시지 14건
2026-09-29 19:30:10 [전남광주통합특별시] 병상 59기관, 수용가능 63기관, 메시지 36건
2026-09-29 19:30:11 [강원특별자치도] 병상 21기관, 수용가능 22기관, 메시지 2건
2026-09-29 19:30:12 [충청북도] 병상 15기관, 수용가능 17기관, 메시지 1건
2026-09-29 19:30:12 [충청남도] 병상 18기관, 수용가능 18기관, 메시지 9건
2026-09-29 19:30:13 [전북특별자치도] 병상 20기관, 수용가능 21기관, 메시지 26건
2026-09-29 19:30:13 [경상북도] 병상 31기관, 수용가능 32기관, 메시지 47건
2026-09-29 19:30:14 [경상남도] 병상 35기관, 수용가능 36기관, 메시지 89건
2026-09-29 19:30:15 [제주특별자치도] 병상 6기관, 수용가능 6기관, 메시지 11건
2026-09-29 20:00:01 [서울특별시] 병상 51기관, 수용가능 54기관, 메시지 127건
2026-09-29 20:00:02 [경기도] 병상 73기관, 수용가능 76기관, 메시지 146건
2026-09-29 20:00:03 [인천광역시] 병상 21기관, 수용가능 22기관, 메시지 13건
2026-09-29 20:00:03 [부산광역시] 병상 29기관, 수용가능 31기관, 메시지 128건
2026-09-29 20:00:04 [대구광역시] 병상 19기관, 수용가능 19기관, 메시지 75건
2026-09-29 20:00:05 [대전광역시] 병상 9기관, 수용가능 10기관, 메시지 63건
2026-09-29 20:00:06 [울산광역시] 병상 7기관, 수용가능 9기관, 메시지 11건
2026-09-29 20:00:07 [세종특별자치시] 병상 2기관, 수용가능 2기관, 메시지 14건
2026-09-29 20:00:08 [전남광주통합특별시] 병상 59기관, 수용가능 63기관, 메시지 36건
2026-09-29 20:00:09 [강원특별자치도] 병상 21기관, 수용가능 22기관, 메시지 2건
2026-09-29 20:00:10 [충청북도] 병상 15기관, 수용가능 17기관, 메시지 1건
2026-09-29 20:00:11 [충청남도] 병상 18기관, 수용가능 18기관, 메시지 9건
2026-09-29 20:00:13 [전북특별자치도] 병상 20기관, 수용가능 21기관, 메시지 26건
2026-09-29 20:00:15 [경상북도] 병상 31기관, 수용가능 32기관, 메시지 47건
2026-09-29 20:00:15 [경상남도] 병상 35기관, 수용가능 36기관, 메시지 89건
2026-09-29 20:00:16 [제주특별자치도] 병상 6기관, 수용가능 6기관, 메시지 11건
2026-09-29 20:30:01 [서울특별시] 병상 51기관, 수용가능 54기관, 메시지 127건
2026-09-29 20:30:02 [경기도] 병상 73기관, 수용가능 76기관, 메시지 146건
2026-09-29 20:30:03 [인천광역시] 병상 21기관, 수용가능 22기관, 메시지 13건
2026-09-29 20:30:04 [부산광역시] 병상 29기관, 수용가능 31기관, 메시지 130건
2026-09-29 20:30:05 [대구광역시] 병상 19기관, 수용가능 19기관, 메시지 75건
2026-09-29 20:30:06 [대전광역시] 병상 9기관, 수용가능 10기관, 메시지 63건
2026-09-29 20:30:07 [울산광역시] 병상 7기관, 수용가능 9기관, 메시지 11건
2026-09-29 20:30:09 [세종특별자치시] 병상 2기관, 수용가능 2기관, 메시지 14건
2026-09-29 20:30:09 [전남광주통합특별시] 병상 59기관, 수용가능 63기관, 메시지 36건
2026-09-29 20:30:10 [강원특별자치도] 병상 21기관, 수용가능 22기관, 메시지 2건
2026-09-29 20:30:12 [충청북도] 병상 15기관, 수용가능 17기관, 메시지 1건
2026-09-29 20:30:13 [충청남도] 병상 18기관, 수용가능 18기관, 메시지 10건
2026-09-29 20:30:14 [전북특별자치도] 병상 20기관, 수용가능 21기관, 메시지 26건
2026-09-29 20:30:15 [경상북도] 병상 31기관, 수용가능 32기관, 메시지 47건
2026-09-29 20:30:16 [경상남도] 병상 35기관, 수용가능 36기관, 메시지 90건
2026-09-29 20:30:16 [제주특별자치도] 병상 6기관, 수용가능 6기관, 메시지 11건
2026-09-29 21:00:01 [서울특별시] 병상 51기관, 수용가능 54기관, 메시지 127건
2026-09-29 21:00:03 [경기도] 병상 73기관, 수용가능 76기관, 메시지 146건
2026-09-29 21:00:04 [인천광역시] 병상 21기관, 수용가능 22기관, 메시지 13건
2026-09-29 21:00:05 [부산광역시] 병상 29기관, 수용가능 31기관, 메시지 130건
2026-09-29 21:00:06 [대구광역시] 병상 19기관, 수용가능 19기관, 메시지 75건
2026-09-29 21:00:07 [대전광역시] 병상 9기관, 수용가능 10기관, 메시지 62건
2026-09-29 21:00:08 [울산광역시] 병상 7기관, 수용가능 9기관, 메시지 11건
2026-09-29 21:00:09 [세종특별자치시] 병상 2기관, 수용가능 2기관, 메시지 14건
2026-09-29 21:00:10 [전남광주통합특별시] 병상 59기관, 수용가능 63기관, 메시지 36건
2026-09-29 21:00:11 [강원특별자치도] 병상 21기관, 수용가능 22기관, 메시지 2건
2026-09-29 21:00:13 [충청북도] 병상 15기관, 수용가능 17기관, 메시지 1건
2026-09-29 21:00:13 [충청남도] 병상 18기관, 수용가능 18기관, 메시지 11건
2026-09-29 21:00:14 [전북특별자치도] 병상 20기관, 수용가능 21기관, 메시지 26건
2026-09-29 21:00:15 [경상북도] 병상 31기관, 수용가능 32기관, 메시지 47건
2026-09-29 21:00:16 [경상남도] 병상 35기관, 수용가능 36기관, 메시지 90건
2026-09-29 21:00:16 [제주특별자치도] 병상 6기관, 수용가능 6기관, 메시지 11건
2026-09-29 21:30:02 [서울특별시] 병상 51기관, 수용가능 54기관, 메시지 126건
2026-09-29 21:30:03 [경기도] 병상 73기관, 수용가능 76기관, 메시지 146건
2026-09-29 21:30:04 [인천광역시] 병상 21기관, 수용가능 22기관, 메시지 13건
2026-09-29 21:30:05 [부산광역시] 병상 29기관, 수용가능 31기관, 메시지 129건
2026-09-29 21:30:06 [대구광역시] 병상 19기관, 수용가능 19기관, 메시지 75건
2026-09-29 21:30:07 [대전광역시] 병상 9기관, 수용가능 10기관, 메시지 62건
2026-09-29 21:30:08 [울산광역시] 병상 7기관, 수용가능 9기관, 메시지 11건
2026-09-29 21:30:09 [세종특별자치시] 병상 2기관, 수용가능 2기관, 메시지 14건
2026-09-29 21:30:11 [전남광주통합특별시] 병상 59기관, 수용가능 63기관, 메시지 36건
2026-09-29 21:30:12 [강원특별자치도] 병상 21기관, 수용가능 22기관, 메시지 2건
2026-09-29 21:30:13 [충청북도] 병상 15기관, 수용가능 17기관, 메시지 1건
2026-09-29 21:30:14 [충청남도] 병상 18기관, 수용가능 18기관, 메시지 11건
2026-09-29 21:30:17 [전북특별자치도] 병상 20기관, 수용가능 21기관, 메시지 26건
2026-09-29 21:30:17 [경상북도] 병상 31기관, 수용가능 32기관, 메시지 47건
2026-09-29 21:30:18 [경상남도] 병상 35기관, 수용가능 36기관, 메시지 90건
2026-09-29 21:30:19 [제주특별자치도] 병상 6기관, 수용가능 6기관, 메시지 11건
2026-09-29 22:00:02 [서울특별시] 병상 51기관, 수용가능 54기관, 메시지 126건
2026-09-29 22:00:03 [경기도] 병상 73기관, 수용가능 76기관, 메시지 146건
2026-09-29 22:00:04 [인천광역시] 병상 21기관, 수용가능 22기관, 메시지 13건
2026-09-29 22:00:06 [부산광역시] 병상 29기관, 수용가능 31기관, 메시지 130건
2026-09-29 22:00:07 [대구광역시] 병상 19기관, 수용가능 19기관, 메시지 75건
2026-09-29 22:00:09 [대전광역시] 병상 9기관, 수용가능 10기관, 메시지 61건
2026-09-29 22:00:11 [울산광역시] 병상 7기관, 수용가능 9기관, 메시지 11건
2026-09-29 22:00:13 [세종특별자치시] 병상 2기관, 수용가능 2기관, 메시지 14건
2026-09-29 22:00:16 [전남광주통합특별시] 병상 59기관, 수용가능 63기관, 메시지 36건
2026-09-29 22:00:20 [강원특별자치도] 병상 21기관, 수용가능 22기관, 메시지 2건
2026-09-29 22:00:21 [충청북도] 병상 15기관, 수용가능 17기관, 메시지 1건
2026-09-29 22:00:23 [충청남도] 병상 18기관, 수용가능 18기관, 메시지 11건
2026-09-29 22:00:24 [전북특별자치도] 병상 20기관, 수용가능 21기관, 메시지 26건
2026-09-29 22:00:26 [경상북도] 병상 31기관, 수용가능 32기관, 메시지 47건
2026-09-29 22:00:28 [경상남도] 병상 35기관, 수용가능 36기관, 메시지 90건
2026-09-29 22:00:29 [제주특별자치도] 병상 6기관, 수용가능 6기관, 메시지 11건
2026-09-29 22:30:02 [서울특별시] 병상 51기관, 수용가능 54기관, 메시지 132건
2026-09-29 22:30:03 [경기도] 병상 73기관, 수용가능 76기관, 메시지 146건
2026-09-29 22:30:05 [인천광역시] 병상 21기관, 수용가능 22기관, 메시지 14건
2026-09-29 22:30:06 [부산광역시] 병상 29기관, 수용가능 31기관, 메시지 130건
2026-09-29 22:30:07 [대구광역시] 병상 19기관, 수용가능 19기관, 메시지 75건
2026-09-29 22:30:08 [대전광역시] 병상 9기관, 수용가능 10기관, 메시지 61건
2026-09-29 22:30:08 [울산광역시] 병상 7기관, 수용가능 9기관, 메시지 11건
2026-09-29 22:30:11 [세종특별자치시] 병상 2기관, 수용가능 2기관, 메시지 14건
2026-09-29 22:30:12 [전남광주통합특별시] 병상 59기관, 수용가능 63기관, 메시지 36건
2026-09-29 22:30:14 [강원특별자치도] 병상 21기관, 수용가능 22기관, 메시지 2건
2026-09-29 22:30:15 [충청북도] 병상 15기관, 수용가능 17기관, 메시지 1건
2026-09-29 22:30:15 [충청남도] 병상 18기관, 수용가능 18기관, 메시지 11건
2026-09-29 22:30:16 [전북특별자치도] 병상 20기관, 수용가능 21기관, 메시지 26건
2026-09-29 22:30:17 [경상북도] 병상 31기관, 수용가능 32기관, 메시지 47건
2026-09-29 22:30:19 [경상남도] 병상 35기관, 수용가능 36기관, 메시지 90건
2026-09-29 22:30:21 [제주특별자치도] 병상 6기관, 수용가능 6기관, 메시지 11건
2026-09-29 23:00:01 [서울특별시] 병상 51기관, 수용가능 54기관, 메시지 133건
2026-09-29 23:00:02 [경기도] 병상 73기관, 수용가능 76기관, 메시지 146건
2026-09-29 23:00:04 [인천광역시] 병상 21기관, 수용가능 22기관, 메시지 14건
2026-09-29 23:00:05 [부산광역시] 병상 29기관, 수용가능 31기관, 메시지 129건
2026-09-29 23:00:06 [대구광역시] 병상 19기관, 수용가능 19기관, 메시지 75건
2026-09-29 23:00:08 [대전광역시] 병상 9기관, 수용가능 10기관, 메시지 61건
2026-09-29 23:00:08 [울산광역시] 병상 7기관, 수용가능 9기관, 메시지 11건
2026-09-29 23:00:09 [세종특별자치시] 병상 2기관, 수용가능 2기관, 메시지 14건
2026-09-29 23:00:10 [전남광주통합특별시] 병상 59기관, 수용가능 63기관, 메시지 36건
2026-09-29 23:00:11 [강원특별자치도] 병상 21기관, 수용가능 22기관, 메시지 2건
2026-09-29 23:00:12 [충청북도] 병상 15기관, 수용가능 17기관, 메시지 1건
2026-09-29 23:00:14 [충청남도] 병상 18기관, 수용가능 18기관, 메시지 10건
2026-09-29 23:00:15 [전북특별자치도] 병상 20기관, 수용가능 21기관, 메시지 26건
2026-09-29 23:00:15 [경상북도] 병상 31기관, 수용가능 32기관, 메시지 47건
2026-09-29 23:00:16 [경상남도] 병상 35기관, 수용가능 36기관, 메시지 90건
2026-09-29 23:00:17 [제주특별자치도] 병상 6기관, 수용가능 6기관, 메시지 11건
2026-09-29 23:30:01 [서울특별시] 병상 51기관, 수용가능 54기관, 메시지 133건
2026-09-29 23:30:03 [경기도] 병상 73기관, 수용가능 76기관, 메시지 146건
2026-09-29 23:30:04 [인천광역시] 병상 21기관, 수용가능 22기관, 메시지 14건
2026-09-29 23:30:05 [부산광역시] 병상 29기관, 수용가능 31기관, 메시지 131건
2026-09-29 23:30:07 [대구광역시] 병상 19기관, 수용가능 19기관, 메시지 76건
2026-09-29 23:30:07 [대전광역시] 병상 9기관, 수용가능 10기관, 메시지 61건
2026-09-29 23:30:08 [울산광역시] 병상 7기관, 수용가능 9기관, 메시지 11건
2026-09-29 23:30:09 [세종특별자치시] 병상 2기관, 수용가능 2기관, 메시지 14건
2026-09-29 23:30:11 [전남광주통합특별시] 병상 59기관, 수용가능 63기관, 메시지 36건
2026-09-29 23:30:12 [강원특별자치도] 병상 21기관, 수용가능 22기관, 메시지 2건
2026-09-29 23:30:13 [충청북도] 병상 15기관, 수용가능 17기관, 메시지 1건
2026-09-29 23:30:14 [충청남도] 병상 18기관, 수용가능 18기관, 메시지 11건
2026-09-29 23:30:15 [전북특별자치도] 병상 20기관, 수용가능 21기관, 메시지 26건
2026-09-29 23:30:16 [경상북도] 병상 31기관, 수용가능 32기관, 메시지 47건
2026-09-29 23:30:17 [경상남도] 병상 35기관, 수용가능 36기관, 메시지 90건
2026-09-29 23:30:18 [제주특별자치도] 병상 6기관, 수용가능 6기관, 메시지 11건
2026-09-30 00:00:01 [서울특별시] 병상 51기관, 수용가능 54기관, 메시지 133건
2026-09-30 00:00:02 [경기도] 병상 73기관, 수용가능 76기관, 메시지 143건
2026-09-30 00:00:03 [인천광역시] 병상 21기관, 수용가능 22기관, 메시지 14건
2026-09-30 00:00:05 [부산광역시] 병상 29기관, 수용가능 31기관, 메시지 131건
2026-09-30 00:00:06 [대구광역시] 병상 19기관, 수용가능 19기관, 메시지 76건
2026-09-30 00:00:07 [대전광역시] 병상 9기관, 수용가능 10기관, 메시지 60건
2026-09-30 00:00:08 [울산광역시] 병상 7기관, 수용가능 9기관, 메시지 11건
2026-09-30 00:00:08 [세종특별자치시] 병상 2기관, 수용가능 2기관, 메시지 14건
2026-09-30 00:00:10 [전남광주통합특별시] 병상 59기관, 수용가능 63기관, 메시지 36건
2026-09-30 00:00:10 [강원특별자치도] 병상 21기관, 수용가능 22기관, 메시지 2건
2026-09-30 00:00:13 [충청북도] 병상 15기관, 수용가능 17기관, 메시지 1건
2026-09-30 00:00:15 [충청남도] 병상 18기관, 수용가능 18기관, 메시지 9건
2026-09-30 00:00:16 [전북특별자치도] 병상 20기관, 수용가능 21기관, 메시지 26건
2026-09-30 00:00:16 [경상북도] 병상 31기관, 수용가능 32기관, 메시지 44건
2026-09-30 00:00:18 [경상남도] 병상 35기관, 수용가능 36기관, 메시지 88건
2026-09-30 00:00:18 [제주특별자치도] 병상 6기관, 수용가능 6기관, 메시지 11건
2026-09-30 00:30:02 [서울특별시] 병상 51기관, 수용가능 54기관, 메시지 130건
2026-09-30 00:30:02 [경기도] 병상 73기관, 수용가능 76기관, 메시지 147건
2026-09-30 00:30:03 [인천광역시] 병상 21기관, 수용가능 22기관, 메시지 14건
2026-09-30 00:30:04 [부산광역시] 병상 29기관, 수용가능 31기관, 메시지 131건
2026-09-30 00:30:06 [대구광역시] 병상 19기관, 수용가능 19기관, 메시지 76건
2026-09-30 00:30:07 [대전광역시] 병상 9기관, 수용가능 10기관, 메시지 60건
2026-09-30 00:30:08 [울산광역시] 병상 7기관, 수용가능 9기관, 메시지 11건
2026-09-30 00:30:10 [세종특별자치시] 병상 2기관, 수용가능 2기관, 메시지 14건
2026-09-30 00:30:11 [전남광주통합특별시] 병상 59기관, 수용가능 63기관, 메시지 16건
2026-09-30 00:30:12 [강원특별자치도] 병상 21기관, 수용가능 22기관, 메시지 2건
2026-09-30 00:30:14 [충청북도] 병상 15기관, 수용가능 17기관, 메시지 1건
2026-09-30 00:30:14 [충청남도] 병상 18기관, 수용가능 18기관, 메시지 11건
2026-09-30 00:30:16 [전북특별자치도] 병상 20기관, 수용가능 21기관, 메시지 26건
2026-09-30 00:30:17 [경상북도] 병상 31기관, 수용가능 32기관, 메시지 44건
2026-09-30 00:30:18 [경상남도] 병상 35기관, 수용가능 36기관, 메시지 90건
2026-09-30 00:30:18 [제주특별자치도] 병상 6기관, 수용가능 6기관, 메시지 11건
2026-09-30 01:00:03 [서울특별시] 병상 51기관, 수용가능 54기관, 메시지 131건
2026-09-30 01:00:05 [경기도] 병상 73기관, 수용가능 76기관, 메시지 147건
2026-09-30 01:00:07 [인천광역시] 병상 21기관, 수용가능 22기관, 메시지 14건
2026-09-30 01:00:07 [부산광역시] 병상 29기관, 수용가능 31기관, 메시지 129건
2026-09-30 01:00:09 [대구광역시] 병상 19기관, 수용가능 19기관, 메시지 76건
2026-09-30 01:00:10 [대전광역시] 병상 9기관, 수용가능 10기관, 메시지 60건
2026-09-30 01:00:11 [울산광역시] 병상 7기관, 수용가능 9기관, 메시지 11건
2026-09-30 01:00:13 [세종특별자치시] 병상 2기관, 수용가능 2기관, 메시지 14건
2026-09-30 01:00:14 [전남광주통합특별시] 병상 59기관, 수용가능 63기관, 메시지 36건
2026-09-30 01:00:15 [강원특별자치도] 병상 21기관, 수용가능 22기관, 메시지 2건
2026-09-30 01:00:16 [충청북도] 병상 15기관, 수용가능 17기관, 메시지 1건
2026-09-30 01:00:17 [충청남도] 병상 18기관, 수용가능 18기관, 메시지 11건
2026-09-30 01:00:18 [전북특별자치도] 병상 20기관, 수용가능 21기관, 메시지 26건
2026-09-30 01:00:19 [경상북도] 병상 31기관, 수용가능 32기관, 메시지 44건
2026-09-30 01:00:19 [경상남도] 병상 35기관, 수용가능 36기관, 메시지 94건
2026-09-30 01:00:21 [제주특별자치도] 병상 6기관, 수용가능 6기관, 메시지 11건
2026-09-30 01:30:01 [서울특별시] 병상 51기관, 수용가능 54기관, 메시지 131건
2026-09-30 01:30:02 [경기도] 병상 73기관, 수용가능 76기관, 메시지 147건
2026-09-30 01:30:03 [인천광역시] 병상 21기관, 수용가능 22기관, 메시지 14건
2026-09-30 01:30:17 [부산광역시] 병상 29기관, 수용가능 31기관, 메시지 130건
2026-09-30 01:30:18 [대구광역시] 병상 19기관, 수용가능 19기관, 메시지 76건
2026-09-30 01:30:19 [대전광역시] 병상 9기관, 수용가능 10기관, 메시지 60건
2026-09-30 01:30:20 [울산광역시] 병상 7기관, 수용가능 9기관, 메시지 11건
2026-09-30 01:30:21 [세종특별자치시] 병상 2기관, 수용가능 2기관, 메시지 14건
2026-09-30 01:30:23 [전남광주통합특별시] 병상 59기관, 수용가능 63기관, 메시지 36건
2026-09-30 01:30:23 [강원특별자치도] 병상 21기관, 수용가능 22기관, 메시지 2건
2026-09-30 01:30:25 [충청북도] 병상 15기관, 수용가능 17기관, 메시지 1건
2026-09-30 01:30:26 [충청남도] 병상 18기관, 수용가능 18기관, 메시지 11건
2026-09-30 01:30:26 [전북특별자치도] 병상 20기관, 수용가능 21기관, 메시지 26건
2026-09-30 01:30:27 [경상북도] 병상 31기관, 수용가능 32기관, 메시지 44건
2026-09-30 01:30:29 [경상남도] 병상 35기관, 수용가능 36기관, 메시지 94건
2026-09-30 01:30:30 [제주특별자치도] 병상 6기관, 수용가능 6기관, 메시지 11건
2026-09-30 02:00:02 [서울특별시] 병상 51기관, 수용가능 54기관, 메시지 131건
2026-09-30 02:00:24 [경기도] 병상 73기관, 수용가능 76기관, 메시지 147건
2026-09-30 02:00:29 [인천광역시] 병상 21기관, 수용가능 22기관, 메시지 14건
2026-09-30 02:00:35 [부산광역시] 병상 29기관, 수용가능 31기관, 메시지 133건
2026-09-30 02:00:42 [대구광역시] 병상 19기관, 수용가능 19기관, 메시지 76건
2026-09-30 02:00:46 [대전광역시] 병상 9기관, 수용가능 10기관, 메시지 60건
2026-09-30 02:00:49 [울산광역시] 병상 7기관, 수용가능 9기관, 메시지 11건
2026-09-30 02:00:54 [세종특별자치시] 병상 2기관, 수용가능 2기관, 메시지 14건
2026-09-30 02:01:12 [전남광주통합특별시] 병상 59기관, 수용가능 63기관, 메시지 36건
2026-09-30 02:01:19 [강원특별자치도] 병상 21기관, 수용가능 22기관, 메시지 2건
2026-09-30 02:01:25 [충청북도] 병상 15기관, 수용가능 17기관, 메시지 1건
2026-09-30 02:01:32 [충청남도] 병상 18기관, 수용가능 18기관, 메시지 11건
2026-09-30 02:01:39 [전북특별자치도] 병상 20기관, 수용가능 21기관, 메시지 26건
2026-09-30 02:01:46 [경상북도] 병상 31기관, 수용가능 32기관, 메시지 44건
2026-09-30 02:01:53 [경상남도] 병상 35기관, 수용가능 36기관, 메시지 94건
2026-09-30 02:02:00 [제주특별자치도] 병상 6기관, 수용가능 6기관, 메시지 11건
2026-09-30 02:29:59 [서울특별시] 병상 51기관, 수용가능 54기관, 메시지 131건
2026-09-30 02:30:00 [경기도] 병상 73기관, 수용가능 76기관, 메시지 147건
2026-09-30 02:30:02 [인천광역시] 병상 21기관, 수용가능 22기관, 메시지 14건
2026-09-30 02:30:02 [부산광역시] 병상 29기관, 수용가능 31기관, 메시지 133건
2026-09-30 02:30:04 [대구광역시] 병상 19기관, 수용가능 19기관, 메시지 76건
2026-09-30 02:30:05 [대전광역시] 병상 9기관, 수용가능 10기관, 메시지 60건
2026-09-30 02:30:06 [울산광역시] 병상 7기관, 수용가능 9기관, 메시지 11건
2026-09-30 02:30:07 [세종특별자치시] 병상 2기관, 수용가능 2기관, 메시지 14건
2026-09-30 02:30:08 [전남광주통합특별시] 병상 59기관, 수용가능 63기관, 메시지 36건
2026-09-30 02:30:09 [강원특별자치도] 병상 21기관, 수용가능 22기관, 메시지 2건
2026-09-30 02:30:11 [충청북도] 병상 15기관, 수용가능 17기관, 메시지 1건
2026-09-30 02:30:12 [충청남도] 병상 18기관, 수용가능 18기관, 메시지 11건
2026-09-30 02:30:13 [전북특별자치도] 병상 20기관, 수용가능 21기관, 메시지 26건
2026-09-30 02:30:15 [경상북도] 병상 31기관, 수용가능 32기관, 메시지 44건
2026-09-30 02:30:17 [경상남도] 병상 35기관, 수용가능 36기관, 메시지 94건
2026-09-30 02:30:18 [제주특별자치도] 병상 6기관, 수용가능 6기관, 메시지 11건
2026-09-30 03:00:04 [서울특별시] 병상 51기관, 수용가능 54기관, 메시지 131건
2026-09-30 03:00:05 [경기도] 병상 73기관, 수용가능 76기관, 메시지 147건
2026-09-30 03:00:07 [인천광역시] 병상 21기관, 수용가능 22기관, 메시지 14건
2026-09-30 03:00:07 [부산광역시] 병상 29기관, 수용가능 31기관, 메시지 133건
2026-09-30 03:00:08 [대구광역시] 병상 19기관, 수용가능 19기관, 메시지 76건
2026-09-30 03:00:09 [대전광역시] 병상 9기관, 수용가능 10기관, 메시지 60건
2026-09-30 03:00:11 [울산광역시] 병상 7기관, 수용가능 9기관, 메시지 11건
2026-09-30 03:00:12 [세종특별자치시] 병상 2기관, 수용가능 2기관, 메시지 14건
2026-09-30 03:00:14 [전남광주통합특별시] 병상 59기관, 수용가능 63기관, 메시지 36건
2026-09-30 03:00:15 [강원특별자치도] 병상 21기관, 수용가능 22기관, 메시지 2건
2026-09-30 03:00:16 [충청북도] 병상 15기관, 수용가능 17기관, 메시지 1건
2026-09-30 03:00:16 [충청남도] 병상 18기관, 수용가능 18기관, 메시지 11건
2026-09-30 03:00:18 [전북특별자치도] 병상 20기관, 수용가능 21기관, 메시지 26건
2026-09-30 03:00:18 [경상북도] 병상 31기관, 수용가능 32기관, 메시지 44건
2026-09-30 03:00:19 [경상남도] 병상 35기관, 수용가능 36기관, 메시지 94건
2026-09-30 03:00:19 [제주특별자치도] 병상 6기관, 수용가능 6기관, 메시지 11건
2026-09-30 03:30:01 [서울특별시] 병상 51기관, 수용가능 54기관, 메시지 131건
2026-09-30 03:30:03 [경기도] 병상 73기관, 수용가능 76기관, 메시지 147건
2026-09-30 03:30:03 [인천광역시] 병상 21기관, 수용가능 22기관, 메시지 14건
2026-09-30 03:30:04 [부산광역시] 병상 29기관, 수용가능 31기관, 메시지 133건
2026-09-30 03:30:06 [대구광역시] 병상 19기관, 수용가능 19기관, 메시지 76건
2026-09-30 03:30:06 [대전광역시] 병상 9기관, 수용가능 10기관, 메시지 60건
2026-09-30 03:30:07 [울산광역시] 병상 7기관, 수용가능 9기관, 메시지 11건
2026-09-30 03:30:09 [세종특별자치시] 병상 2기관, 수용가능 2기관, 메시지 14건
2026-09-30 03:30:10 [전남광주통합특별시] 병상 59기관, 수용가능 63기관, 메시지 36건
2026-09-30 03:30:11 [강원특별자치도] 병상 21기관, 수용가능 22기관, 메시지 2건
2026-09-30 03:30:12 [충청북도] 병상 15기관, 수용가능 17기관, 메시지 1건
2026-09-30 03:30:12 [충청남도] 병상 18기관, 수용가능 18기관, 메시지 11건
2026-09-30 03:30:13 [전북특별자치도] 병상 20기관, 수용가능 21기관, 메시지 26건
2026-09-30 03:30:13 [경상북도] 병상 31기관, 수용가능 32기관, 메시지 46건
2026-09-30 03:30:16 [경상남도] 병상 35기관, 수용가능 36기관, 메시지 94건
2026-09-30 03:30:17 [제주특별자치도] 병상 6기관, 수용가능 6기관, 메시지 11건
2026-09-30 04:00:01 [서울특별시] 병상 51기관, 수용가능 54기관, 메시지 131건
2026-09-30 04:00:03 [경기도] 병상 73기관, 수용가능 76기관, 메시지 147건
2026-09-30 04:00:04 [인천광역시] 병상 21기관, 수용가능 22기관, 메시지 14건
2026-09-30 04:00:05 [부산광역시] 병상 29기관, 수용가능 31기관, 메시지 133건
2026-09-30 04:00:06 [대구광역시] 병상 19기관, 수용가능 19기관, 메시지 76건
2026-09-30 04:00:07 [대전광역시] 병상 9기관, 수용가능 10기관, 메시지 60건
2026-09-30 04:00:10 [울산광역시] 병상 7기관, 수용가능 9기관, 메시지 11건
2026-09-30 04:00:11 [세종특별자치시] 병상 2기관, 수용가능 2기관, 메시지 14건
2026-09-30 04:00:12 [전남광주통합특별시] 병상 59기관, 수용가능 63기관, 메시지 36건
2026-09-30 04:00:13 [강원특별자치도] 병상 21기관, 수용가능 22기관, 메시지 2건
2026-09-30 04:00:14 [충청북도] 병상 15기관, 수용가능 17기관, 메시지 1건
2026-09-30 04:00:15 [충청남도] 병상 18기관, 수용가능 18기관, 메시지 11건
2026-09-30 04:00:16 [전북특별자치도] 병상 20기관, 수용가능 21기관, 메시지 26건
2026-09-30 04:00:17 [경상북도] 병상 31기관, 수용가능 32기관, 메시지 46건
2026-09-30 04:00:18 [경상남도] 병상 35기관, 수용가능 36기관, 메시지 94건
2026-09-30 04:00:20 [제주특별자치도] 병상 6기관, 수용가능 6기관, 메시지 11건
2026-09-30 04:30:03 [서울특별시] 병상 51기관, 수용가능 54기관, 메시지 131건
2026-09-30 04:30:04 [경기도] 병상 73기관, 수용가능 76기관, 메시지 147건
2026-09-30 04:30:04 [인천광역시] 병상 21기관, 수용가능 22기관, 메시지 14건
2026-09-30 04:30:06 [부산광역시] 병상 29기관, 수용가능 31기관, 메시지 133건
2026-09-30 04:30:06 [대구광역시] 병상 19기관, 수용가능 19기관, 메시지 76건
2026-09-30 04:30:07 [대전광역시] 병상 9기관, 수용가능 10기관, 메시지 60건
2026-09-30 04:30:08 [울산광역시] 병상 7기관, 수용가능 9기관, 메시지 11건
2026-09-30 04:30:09 [세종특별자치시] 병상 2기관, 수용가능 2기관, 메시지 14건
2026-09-30 04:30:09 [전남광주통합특별시] 병상 59기관, 수용가능 63기관, 메시지 36건
2026-09-30 04:30:11 [강원특별자치도] 병상 21기관, 수용가능 22기관, 메시지 2건
2026-09-30 04:30:12 [충청북도] 병상 15기관, 수용가능 17기관, 메시지 1건
2026-09-30 04:30:14 [충청남도] 병상 18기관, 수용가능 18기관, 메시지 11건
2026-09-30 04:30:15 [전북특별자치도] 병상 20기관, 수용가능 21기관, 메시지 26건
2026-09-30 04:30:16 [경상북도] 병상 31기관, 수용가능 32기관, 메시지 46건
2026-09-30 04:30:18 [경상남도] 병상 35기관, 수용가능 36기관, 메시지 94건
2026-09-30 04:30:20 [제주특별자치도] 병상 6기관, 수용가능 6기관, 메시지 11건
2026-09-30 05:00:01 [서울특별시] 병상 51기관, 수용가능 54기관, 메시지 131건
2026-09-30 05:00:03 [경기도] 병상 73기관, 수용가능 76기관, 메시지 147건
2026-09-30 05:00:04 [인천광역시] 병상 21기관, 수용가능 22기관, 메시지 14건
2026-09-30 05:00:05 [부산광역시] 병상 29기관, 수용가능 31기관, 메시지 133건
2026-09-30 05:00:05 [대구광역시] 병상 19기관, 수용가능 19기관, 메시지 76건
2026-09-30 05:00:07 [대전광역시] 병상 9기관, 수용가능 10기관, 메시지 60건
2026-09-30 05:00:08 [울산광역시] 병상 7기관, 수용가능 9기관, 메시지 11건
2026-09-30 05:00:09 [세종특별자치시] 병상 2기관, 수용가능 2기관, 메시지 14건
2026-09-30 05:00:12 [전남광주통합특별시] 병상 59기관, 수용가능 63기관, 메시지 36건
2026-09-30 05:00:12 [강원특별자치도] 병상 21기관, 수용가능 22기관, 메시지 2건
2026-09-30 05:00:13 [충청북도] 병상 15기관, 수용가능 17기관, 메시지 1건
2026-09-30 05:00:14 [충청남도] 병상 18기관, 수용가능 18기관, 메시지 11건
2026-09-30 05:00:14 [전북특별자치도] 병상 20기관, 수용가능 21기관, 메시지 26건
2026-09-30 05:00:15 [경상북도] 병상 31기관, 수용가능 32기관, 메시지 46건
2026-09-30 05:00:16 [경상남도] 병상 35기관, 수용가능 36기관, 메시지 94건
2026-09-30 05:00:17 [제주특별자치도] 병상 6기관, 수용가능 6기관, 메시지 11건
2026-09-30 05:30:00 [서울특별시] 병상 51기관, 수용가능 54기관, 메시지 131건
2026-09-30 05:30:01 [경기도] 병상 73기관, 수용가능 76기관, 메시지 149건
2026-09-30 05:30:03 [인천광역시] 병상 21기관, 수용가능 22기관, 메시지 14건
2026-09-30 05:30:04 [부산광역시] 병상 29기관, 수용가능 31기관, 메시지 133건
2026-09-30 05:30:05 [대구광역시] 병상 19기관, 수용가능 19기관, 메시지 76건
2026-09-30 05:30:08 [대전광역시] 병상 9기관, 수용가능 10기관, 메시지 60건
2026-09-30 05:30:09 [울산광역시] 병상 7기관, 수용가능 9기관, 메시지 11건
2026-09-30 05:30:10 [세종특별자치시] 병상 2기관, 수용가능 2기관, 메시지 14건
2026-09-30 05:30:11 [전남광주통합특별시] 병상 59기관, 수용가능 63기관, 메시지 36건
2026-09-30 05:30:12 [강원특별자치도] 병상 21기관, 수용가능 22기관, 메시지 2건
2026-09-30 05:30:14 [충청북도] 병상 15기관, 수용가능 17기관, 메시지 1건
2026-09-30 05:30:15 [충청남도] 병상 18기관, 수용가능 18기관, 메시지 11건
2026-09-30 05:30:17 [전북특별자치도] 병상 20기관, 수용가능 21기관, 메시지 26건
2026-09-30 05:30:18 [경상북도] 병상 31기관, 수용가능 32기관, 메시지 46건
2026-09-30 05:30:19 [경상남도] 병상 35기관, 수용가능 36기관, 메시지 94건
2026-09-30 05:30:21 [제주특별자치도] 병상 6기관, 수용가능 6기관, 메시지 11건
2026-09-30 06:00:04 [서울특별시] 병상 51기관, 수용가능 54기관, 메시지 130건
2026-09-30 06:00:05 [경기도] 병상 73기관, 수용가능 76기관, 메시지 149건
2026-09-30 06:00:06 [인천광역시] 병상 21기관, 수용가능 22기관, 메시지 14건
2026-09-30 06:00:08 [부산광역시] 병상 29기관, 수용가능 31기관, 메시지 133건
2026-09-30 06:00:09 [대구광역시] 병상 19기관, 수용가능 19기관, 메시지 76건
2026-09-30 06:00:10 [대전광역시] 병상 9기관, 수용가능 10기관, 메시지 60건
2026-09-30 06:00:15 [울산광역시] 병상 7기관, 수용가능 9기관, 메시지 11건
2026-09-30 06:00:19 [세종특별자치시] 병상 2기관, 수용가능 2기관, 메시지 14건
2026-09-30 06:00:20 [전남광주통합특별시] 병상 59기관, 수용가능 63기관, 메시지 36건
2026-09-30 06:00:21 [강원특별자치도] 병상 21기관, 수용가능 22기관, 메시지 2건
2026-09-30 06:00:23 [충청북도] 병상 15기관, 수용가능 17기관, 메시지 1건
2026-09-30 06:00:24 [충청남도] 병상 18기관, 수용가능 18기관, 메시지 11건
2026-09-30 06:00:25 [전북특별자치도] 병상 20기관, 수용가능 21기관, 메시지 23건
2026-09-30 06:00:26 [경상북도] 병상 31기관, 수용가능 32기관, 메시지 46건
2026-09-30 06:00:28 [경상남도] 병상 35기관, 수용가능 36기관, 메시지 94건
2026-09-30 06:00:29 [제주특별자치도] 병상 6기관, 수용가능 6기관, 메시지 9건
2026-09-30 06:30:14 [서울특별시] 병상 51기관, 수용가능 54기관, 메시지 130건
2026-09-30 06:30:16 [경기도] 병상 73기관, 수용가능 76기관, 메시지 149건
2026-09-30 06:30:17 [인천광역시] 병상 21기관, 수용가능 22기관, 메시지 14건
2026-09-30 06:30:20 [부산광역시] 병상 29기관, 수용가능 31기관, 메시지 130건
2026-09-30 06:30:21 [대구광역시] 병상 19기관, 수용가능 19기관, 메시지 76건
2026-09-30 06:30:21 [대전광역시] 병상 9기관, 수용가능 10기관, 메시지 60건
2026-09-30 06:30:22 [울산광역시] 병상 7기관, 수용가능 9기관, 메시지 11건
2026-09-30 06:30:23 [세종특별자치시] 병상 2기관, 수용가능 2기관, 메시지 14건
2026-09-30 06:30:25 [전남광주통합특별시] 병상 59기관, 수용가능 63기관, 메시지 36건
2026-09-30 06:30:26 [강원특별자치도] 병상 21기관, 수용가능 22기관, 메시지 2건
2026-09-30 06:30:27 [충청북도] 병상 15기관, 수용가능 17기관, 메시지 1건
2026-09-30 06:30:27 [충청남도] 병상 18기관, 수용가능 18기관, 메시지 11건
2026-09-30 06:30:28 [전북특별자치도] 병상 20기관, 수용가능 21기관, 메시지 23건
2026-09-30 06:30:29 [경상북도] 병상 31기관, 수용가능 32기관, 메시지 46건
2026-09-30 06:30:30 [경상남도] 병상 35기관, 수용가능 36기관, 메시지 94건
2026-09-30 06:30:32 [제주특별자치도] 병상 6기관, 수용가능 6기관, 메시지 9건
2026-09-30 07:00:00 [서울특별시] 병상 51기관, 수용가능 54기관, 메시지 130건
2026-09-30 07:00:03 [경기도] 병상 73기관, 수용가능 76기관, 메시지 149건
2026-09-30 07:00:03 [인천광역시] 병상 21기관, 수용가능 22기관, 메시지 14건
2026-09-30 07:00:04 [부산광역시] 병상 29기관, 수용가능 31기관, 메시지 130건
2026-09-30 07:00:06 [대구광역시] 병상 19기관, 수용가능 19기관, 메시지 73건
2026-09-30 07:00:08 [대전광역시] 병상 9기관, 수용가능 10기관, 메시지 60건
2026-09-30 07:00:09 [울산광역시] 병상 7기관, 수용가능 9기관, 메시지 11건
2026-09-30 07:00:10 [세종특별자치시] 병상 2기관, 수용가능 2기관, 메시지 14건
2026-09-30 07:00:12 [전남광주통합특별시] 병상 59기관, 수용가능 63기관, 메시지 36건
2026-09-30 07:00:13 [강원특별자치도] 병상 21기관, 수용가능 22기관, 메시지 2건
2026-09-30 07:00:14 [충청북도] 병상 15기관, 수용가능 17기관, 메시지 1건
2026-09-30 07:00:15 [충청남도] 병상 18기관, 수용가능 18기관, 메시지 11건
2026-09-30 07:00:16 [전북특별자치도] 병상 20기관, 수용가능 21기관, 메시지 23건
2026-09-30 07:00:18 [경상북도] 병상 31기관, 수용가능 32기관, 메시지 46건
2026-09-30 07:00:19 [경상남도] 병상 35기관, 수용가능 36기관, 메시지 94건
2026-09-30 07:00:20 [제주특별자치도] 병상 6기관, 수용가능 6기관, 메시지 9건
2026-09-30 07:30:01 [서울특별시] 병상 51기관, 수용가능 54기관, 메시지 131건
2026-09-30 07:30:03 [경기도] 병상 73기관, 수용가능 76기관, 메시지 147건
2026-09-30 07:30:04 [인천광역시] 병상 21기관, 수용가능 22기관, 메시지 14건
2026-09-30 07:30:05 [부산광역시] 병상 29기관, 수용가능 31기관, 메시지 130건
2026-09-30 07:30:06 [대구광역시] 병상 19기관, 수용가능 19기관, 메시지 76건
2026-09-30 07:30:07 [대전광역시] 병상 9기관, 수용가능 10기관, 메시지 60건
2026-09-30 07:30:08 [울산광역시] 병상 7기관, 수용가능 9기관, 메시지 11건
2026-09-30 07:30:09 [세종특별자치시] 병상 2기관, 수용가능 2기관, 메시지 14건
2026-09-30 07:30:10 [전남광주통합특별시] 병상 59기관, 수용가능 63기관, 메시지 36건
2026-09-30 07:30:10 [강원특별자치도] 병상 21기관, 수용가능 22기관, 메시지 2건
2026-09-30 07:30:12 [충청북도] 병상 15기관, 수용가능 17기관, 메시지 1건
2026-09-30 07:30:15 [충청남도] 병상 18기관, 수용가능 18기관, 메시지 11건
2026-09-30 07:30:15 [전북특별자치도] 병상 20기관, 수용가능 21기관, 메시지 23건
2026-09-30 07:30:17 [경상북도] 병상 31기관, 수용가능 32기관, 메시지 46건
2026-09-30 07:30:17 [경상남도] 병상 35기관, 수용가능 36기관, 메시지 94건
2026-09-30 07:30:18 [제주특별자치도] 병상 6기관, 수용가능 6기관, 메시지 9건
2026-09-30 08:00:01 [서울특별시] 병상 51기관, 수용가능 54기관, 메시지 125건
2026-09-30 08:00:02 [경기도] 병상 73기관, 수용가능 76기관, 메시지 146건
2026-09-30 08:00:03 [인천광역시] 병상 21기관, 수용가능 22기관, 메시지 13건
2026-09-30 08:00:04 [부산광역시] 병상 29기관, 수용가능 31기관, 메시지 125건
2026-09-30 08:00:05 [대구광역시] 병상 19기관, 수용가능 19기관, 메시지 60건
2026-09-30 08:00:06 [대전광역시] 병상 9기관, 수용가능 10기관, 메시지 57건
2026-09-30 08:00:08 [울산광역시] 병상 7기관, 수용가능 9기관, 메시지 11건
2026-09-30 08:00:09 [세종특별자치시] 병상 2기관, 수용가능 2기관, 메시지 14건
2026-09-30 08:00:10 [전남광주통합특별시] 병상 59기관, 수용가능 63기관, 메시지 36건
2026-09-30 08:00:11 [강원특별자치도] 병상 21기관, 수용가능 22기관, 메시지 2건
2026-09-30 08:00:13 [충청북도] 병상 15기관, 수용가능 17기관, 메시지 1건
2026-09-30 08:00:13 [충청남도] 병상 18기관, 수용가능 18기관, 메시지 8건
2026-09-30 08:00:14 [전북특별자치도] 병상 20기관, 수용가능 21기관, 메시지 23건
2026-09-30 08:00:15 [경상북도] 병상 31기관, 수용가능 32기관, 메시지 46건
2026-09-30 08:00:16 [경상남도] 병상 35기관, 수용가능 36기관, 메시지 82건
2026-09-30 08:00:17 [제주특별자치도] 병상 6기관, 수용가능 6기관, 메시지 7건
2026-09-30 08:30:02 [서울특별시] 병상 51기관, 수용가능 54기관, 메시지 122건
2026-09-30 08:30:03 [경기도] 병상 73기관, 수용가능 76기관, 메시지 147건
2026-09-30 08:30:04 [인천광역시] 병상 21기관, 수용가능 22기관, 메시지 13건
2026-09-30 08:30:05 [부산광역시] 병상 29기관, 수용가능 31기관, 메시지 123건
2026-09-30 08:30:07 [대구광역시] 병상 19기관, 수용가능 19기관, 메시지 68건
2026-09-30 08:30:08 [대전광역시] 병상 9기관, 수용가능 10기관, 메시지 55건
2026-09-30 08:30:09 [울산광역시] 병상 7기관, 수용가능 9기관, 메시지 11건
2026-09-30 08:30:10 [세종특별자치시] 병상 2기관, 수용가능 2기관, 메시지 14건
2026-09-30 08:30:12 [전남광주통합특별시] 병상 59기관, 수용가능 63기관, 메시지 36건
2026-09-30 08:30:13 [강원특별자치도] 병상 21기관, 수용가능 22기관, 메시지 2건
2026-09-30 08:30:14 [충청북도] 병상 15기관, 수용가능 17기관, 메시지 1건
2026-09-30 08:30:16 [충청남도] 병상 18기관, 수용가능 18기관, 메시지 11건
2026-09-30 08:30:17 [전북특별자치도] 병상 20기관, 수용가능 21기관, 메시지 20건
2026-09-30 08:30:18 [경상북도] 병상 31기관, 수용가능 32기관, 메시지 44건
2026-09-30 08:30:20 [경상남도] 병상 35기관, 수용가능 36기관, 메시지 82건
2026-09-30 08:30:21 [제주특별자치도] 병상 6기관, 수용가능 6기관, 메시지 10건
2026-09-30 09:00:02 [서울특별시] 병상 51기관, 수용가능 54기관, 메시지 122건
2026-09-30 09:00:03 [경기도] 병상 73기관, 수용가능 76기관, 메시지 146건
2026-09-30 09:00:04 [인천광역시] 병상 21기관, 수용가능 22기관, 메시지 13건
2026-09-30 09:00:05 [부산광역시] 병상 29기관, 수용가능 31기관, 메시지 119건
2026-09-30 09:00:06 [대구광역시] 병상 19기관, 수용가능 19기관, 메시지 69건
2026-09-30 09:00:06 [대전광역시] 병상 9기관, 수용가능 10기관, 메시지 55건
2026-09-30 09:00:08 [울산광역시] 병상 7기관, 수용가능 9기관, 메시지 11건
2026-09-30 09:00:09 [세종특별자치시] 병상 2기관, 수용가능 2기관, 메시지 14건
2026-09-30 09:00:11 [전남광주통합특별시] 병상 59기관, 수용가능 63기관, 메시지 35건
2026-09-30 09:00:12 [강원특별자치도] 병상 21기관, 수용가능 22기관, 메시지 3건
2026-09-30 09:00:12 [충청북도] 병상 15기관, 수용가능 17기관, 메시지 0건
2026-09-30 09:00:14 [충청남도] 병상 18기관, 수용가능 18기관, 메시지 11건
2026-09-30 09:00:17 [전북특별자치도] 병상 20기관, 수용가능 21기관, 메시지 20건
2026-09-30 09:00:18 [경상북도] 병상 31기관, 수용가능 32기관, 메시지 44건
2026-09-30 09:00:19 [경상남도] 병상 35기관, 수용가능 36기관, 메시지 79건
2026-09-30 09:00:21 [제주특별자치도] 병상 6기관, 수용가능 6기관, 메시지 9건
2026-09-30 09:30:03 [서울특별시] 병상 51기관, 수용가능 54기관, 메시지 123건
2026-09-30 09:30:05 [경기도] 병상 73기관, 수용가능 76기관, 메시지 146건
2026-09-30 09:30:05 [인천광역시] 병상 21기관, 수용가능 22기관, 메시지 13건
2026-09-30 09:30:06 [부산광역시] 병상 29기관, 수용가능 31기관, 메시지 119건
2026-09-30 09:30:07 [대구광역시] 병상 19기관, 수용가능 19기관, 메시지 70건
2026-09-30 09:30:07 [대전광역시] 병상 9기관, 수용가능 10기관, 메시지 55건
2026-09-30 09:30:09 [울산광역시] 병상 7기관, 수용가능 9기관, 메시지 11건
2026-09-30 09:30:09 [세종특별자치시] 병상 2기관, 수용가능 2기관, 메시지 14건
2026-09-30 09:30:10 [전남광주통합특별시] 병상 59기관, 수용가능 63기관, 메시지 35건
2026-09-30 09:30:11 [강원특별자치도] 병상 21기관, 수용가능 22기관, 메시지 3건
2026-09-30 09:30:12 [충청북도] 병상 15기관, 수용가능 17기관, 메시지 1건
2026-09-30 09:30:13 [충청남도] 병상 18기관, 수용가능 18기관, 메시지 12건
2026-09-30 09:30:15 [전북특별자치도] 병상 20기관, 수용가능 21기관, 메시지 20건
2026-09-30 09:30:16 [경상북도] 병상 31기관, 수용가능 32기관, 메시지 44건
2026-09-30 09:30:18 [경상남도] 병상 35기관, 수용가능 36기관, 메시지 80건
2026-09-30 09:30:19 [제주특별자치도] 병상 6기관, 수용가능 6기관, 메시지 9건
2026-09-30 10:00:05 [서울특별시] 병상 51기관, 수용가능 54기관, 메시지 122건
2026-09-30 10:00:07 [경기도] 병상 73기관, 수용가능 76기관, 메시지 146건
2026-09-30 10:00:10 [인천광역시] 병상 21기관, 수용가능 22기관, 메시지 13건
2026-09-30 10:00:12 [부산광역시] 병상 29기관, 수용가능 31기관, 메시지 119건
2026-09-30 10:00:13 [대구광역시] 병상 19기관, 수용가능 19기관, 메시지 70건
2026-09-30 10:00:16 [대전광역시] 병상 9기관, 수용가능 10기관, 메시지 56건
2026-09-30 10:00:22 [울산광역시] 병상 7기관, 수용가능 9기관, 메시지 11건
2026-09-30 10:00:26 [세종특별자치시] 병상 2기관, 수용가능 2기관, 메시지 14건
2026-09-30 10:00:27 [전남광주통합특별시] 병상 59기관, 수용가능 63기관, 메시지 35건
2026-09-30 10:00:28 [강원특별자치도] 병상 21기관, 수용가능 22기관, 메시지 3건
2026-09-30 10:00:28 [충청북도] 병상 15기관, 수용가능 17기관, 메시지 1건
2026-09-30 10:00:30 [충청남도] 병상 18기관, 수용가능 18기관, 메시지 12건
2026-09-30 10:00:32 [전북특별자치도] 병상 20기관, 수용가능 21기관, 메시지 20건
2026-09-30 10:00:32 [경상북도] 병상 31기관, 수용가능 32기관, 메시지 44건
2026-09-30 10:00:33 [경상남도] 병상 35기관, 수용가능 36기관, 메시지 80건
2026-09-30 10:00:34 [제주특별자치도] 병상 6기관, 수용가능 6기관, 메시지 9건
2026-09-30 10:30:01 [서울특별시] 병상 51기관, 수용가능 54기관, 메시지 122건
2026-09-30 10:30:02 [경기도] 병상 73기관, 수용가능 76기관, 메시지 146건
2026-09-30 10:30:04 [인천광역시] 병상 21기관, 수용가능 22기관, 메시지 13건
2026-09-30 10:30:05 [부산광역시] 병상 29기관, 수용가능 31기관, 메시지 122건
2026-09-30 10:30:05 [대구광역시] 병상 19기관, 수용가능 19기관, 메시지 70건
2026-09-30 10:30:06 [대전광역시] 병상 9기관, 수용가능 10기관, 메시지 56건
2026-09-30 10:30:08 [울산광역시] 병상 7기관, 수용가능 9기관, 메시지 11건
2026-09-30 10:30:10 [세종특별자치시] 병상 2기관, 수용가능 2기관, 메시지 14건
2026-09-30 10:30:11 [전남광주통합특별시] 병상 59기관, 수용가능 63기관, 메시지 35건
2026-09-30 10:30:12 [강원특별자치도] 병상 21기관, 수용가능 22기관, 메시지 3건
2026-09-30 10:30:13 [충청북도] 병상 15기관, 수용가능 17기관, 메시지 1건
2026-09-30 10:30:15 [충청남도] 병상 18기관, 수용가능 18기관, 메시지 12건
2026-09-30 10:30:16 [전북특별자치도] 병상 20기관, 수용가능 21기관, 메시지 20건
2026-09-30 10:30:17 [경상북도] 병상 31기관, 수용가능 32기관, 메시지 44건
2026-09-30 10:30:18 [경상남도] 병상 35기관, 수용가능 36기관, 메시지 80건
2026-09-30 10:30:19 [제주특별자치도] 병상 6기관, 수용가능 6기관, 메시지 9건
2026-09-30 10:59:59 [서울특별시] 병상 51기관, 수용가능 54기관, 메시지 123건
2026-09-30 11:00:01 [경기도] 병상 73기관, 수용가능 76기관, 메시지 146건
2026-09-30 11:00:02 [인천광역시] 병상 21기관, 수용가능 22기관, 메시지 13건
2026-09-30 11:00:03 [부산광역시] 병상 29기관, 수용가능 31기관, 메시지 122건
2026-09-30 11:00:04 [대구광역시] 병상 19기관, 수용가능 19기관, 메시지 70건
2026-09-30 11:00:05 [대전광역시] 병상 9기관, 수용가능 10기관, 메시지 56건
2026-09-30 11:00:06 [울산광역시] 병상 7기관, 수용가능 9기관, 메시지 11건
2026-09-30 11:00:08 [세종특별자치시] 병상 2기관, 수용가능 2기관, 메시지 14건
2026-09-30 11:00:09 [전남광주통합특별시] 병상 59기관, 수용가능 63기관, 메시지 35건
2026-09-30 11:00:10 [강원특별자치도] 병상 21기관, 수용가능 22기관, 메시지 3건
2026-09-30 11:00:12 [충청북도] 병상 15기관, 수용가능 17기관, 메시지 1건
2026-09-30 11:00:12 [충청남도] 병상 18기관, 수용가능 18기관, 메시지 12건
2026-09-30 11:00:14 [전북특별자치도] 병상 20기관, 수용가능 21기관, 메시지 20건
2026-09-30 11:00:15 [경상북도] 병상 31기관, 수용가능 32기관, 메시지 44건
2026-09-30 11:00:16 [경상남도] 병상 35기관, 수용가능 36기관, 메시지 80건
2026-09-30 11:00:16 [제주특별자치도] 병상 6기관, 수용가능 6기관, 메시지 9건
2026-09-30 11:30:03 [서울특별시] 병상 51기관, 수용가능 54기관, 메시지 123건
2026-09-30 11:30:04 [경기도] 병상 73기관, 수용가능 76기관, 메시지 146건
2026-09-30 11:30:04 [인천광역시] 병상 21기관, 수용가능 22기관, 메시지 13건
2026-09-30 11:30:05 [부산광역시] 병상 29기관, 수용가능 31기관, 메시지 123건
2026-09-30 11:30:06 [대구광역시] 병상 19기관, 수용가능 19기관, 메시지 70건
2026-09-30 11:30:08 [대전광역시] 병상 9기관, 수용가능 10기관, 메시지 56건
2026-09-30 11:30:09 [울산광역시] 병상 7기관, 수용가능 9기관, 메시지 11건
2026-09-30 11:30:10 [세종특별자치시] 병상 2기관, 수용가능 2기관, 메시지 14건
2026-09-30 11:30:11 [전남광주통합특별시] 병상 59기관, 수용가능 63기관, 메시지 35건
2026-09-30 11:30:13 [강원특별자치도] 병상 21기관, 수용가능 22기관, 메시지 3건
2026-09-30 11:30:14 [충청북도] 병상 15기관, 수용가능 17기관, 메시지 1건
2026-09-30 11:30:15 [충청남도] 병상 18기관, 수용가능 18기관, 메시지 12건
2026-09-30 11:30:15 [전북특별자치도] 병상 20기관, 수용가능 21기관, 메시지 20건
2026-09-30 11:30:16 [경상북도] 병상 31기관, 수용가능 32기관, 메시지 44건
2026-09-30 11:30:18 [경상남도] 병상 35기관, 수용가능 36기관, 메시지 80건
2026-09-30 11:30:19 [제주특별자치도] 병상 6기관, 수용가능 6기관, 메시지 9건
2026-09-30 12:00:02 [서울특별시] 병상 51기관, 수용가능 54기관, 메시지 123건
2026-09-30 12:00:02 [경기도] 병상 73기관, 수용가능 76기관, 메시지 146건
2026-09-30 12:00:04 [인천광역시] 병상 21기관, 수용가능 22기관, 메시지 13건
2026-09-30 12:00:05 [부산광역시] 병상 29기관, 수용가능 31기관, 메시지 123건
2026-09-30 12:00:06 [대구광역시] 병상 19기관, 수용가능 19기관, 메시지 71건
2026-09-30 12:00:06 [대전광역시] 병상 9기관, 수용가능 10기관, 메시지 56건
2026-09-30 12:00:08 [울산광역시] 병상 7기관, 수용가능 9기관, 메시지 11건
2026-09-30 12:00:10 [세종특별자치시] 병상 2기관, 수용가능 2기관, 메시지 14건
2026-09-30 12:00:13 [전남광주통합특별시] 병상 59기관, 수용가능 63기관, 메시지 35건
2026-09-30 12:00:14 [강원특별자치도] 병상 21기관, 수용가능 22기관, 메시지 3건
2026-09-30 12:00:15 [충청북도] 병상 15기관, 수용가능 17기관, 메시지 1건
2026-09-30 12:00:16 [충청남도] 병상 18기관, 수용가능 18기관, 메시지 11건
2026-09-30 12:00:18 [전북특별자치도] 병상 20기관, 수용가능 21기관, 메시지 20건
2026-09-30 12:00:19 [경상북도] 병상 31기관, 수용가능 32기관, 메시지 44건
2026-09-30 12:00:21 [경상남도] 병상 35기관, 수용가능 36기관, 메시지 79건
2026-09-30 12:00:22 [제주특별자치도] 병상 6기관, 수용가능 6기관, 메시지 9건
2026-09-30 12:30:01 [서울특별시] 병상 51기관, 수용가능 54기관, 메시지 123건
2026-09-30 12:30:02 [경기도] 병상 73기관, 수용가능 76기관, 메시지 146건
2026-09-30 12:30:04 [인천광역시] 병상 21기관, 수용가능 22기관, 메시지 13건
2026-09-30 12:30:05 [부산광역시] 병상 29기관, 수용가능 31기관, 메시지 124건
2026-09-30 12:30:06 [대구광역시] 병상 19기관, 수용가능 19기관, 메시지 71건
2026-09-30 12:30:07 [대전광역시] 병상 9기관, 수용가능 10기관, 메시지 56건
2026-09-30 12:30:08 [울산광역시] 병상 7기관, 수용가능 9기관, 메시지 11건
2026-09-30 12:30:09 [세종특별자치시] 병상 2기관, 수용가능 2기관, 메시지 14건
2026-09-30 12:30:10 [전남광주통합특별시] 병상 59기관, 수용가능 63기관, 메시지 35건
2026-09-30 12:30:11 [강원특별자치도] 병상 21기관, 수용가능 22기관, 메시지 3건
2026-09-30 12:30:12 [충청북도] 병상 15기관, 수용가능 17기관, 메시지 1건
2026-09-30 12:30:12 [충청남도] 병상 18기관, 수용가능 18기관, 메시지 11건
2026-09-30 12:30:14 [전북특별자치도] 병상 20기관, 수용가능 21기관, 메시지 20건
2026-09-30 12:30:15 [경상북도] 병상 31기관, 수용가능 32기관, 메시지 44건
2026-09-30 12:30:15 [경상남도] 병상 35기관, 수용가능 36기관, 메시지 80건
2026-09-30 12:30:16 [제주특별자치도] 병상 6기관, 수용가능 6기관, 메시지 9건
2026-09-30 13:00:13 [서울특별시] 병상 51기관, 수용가능 54기관, 메시지 127건
2026-09-30 13:00:14 [경기도] 병상 73기관, 수용가능 76기관, 메시지 147건
2026-09-30 13:00:15 [인천광역시] 병상 21기관, 수용가능 22기관, 메시지 13건
2026-09-30 13:00:17 [부산광역시] 병상 29기관, 수용가능 31기관, 메시지 124건
2026-09-30 13:00:17 [대구광역시] 병상 19기관, 수용가능 19기관, 메시지 71건
2026-09-30 13:00:19 [대전광역시] 병상 9기관, 수용가능 10기관, 메시지 56건
2026-09-30 13:00:19 [울산광역시] 병상 7기관, 수용가능 9기관, 메시지 11건
2026-09-30 13:00:21 [세종특별자치시] 병상 2기관, 수용가능 2기관, 메시지 14건
2026-09-30 13:00:22 [전남광주통합특별시] 병상 59기관, 수용가능 63기관, 메시지 35건
2026-09-30 13:00:24 [강원특별자치도] 병상 21기관, 수용가능 22기관, 메시지 3건
2026-09-30 13:00:24 [충청북도] 병상 15기관, 수용가능 17기관, 메시지 1건
2026-09-30 13:00:25 [충청남도] 병상 18기관, 수용가능 18기관, 메시지 11건
2026-09-30 13:00:26 [전북특별자치도] 병상 20기관, 수용가능 21기관, 메시지 20건
2026-09-30 13:00:28 [경상북도] 병상 31기관, 수용가능 32기관, 메시지 44건
2026-09-30 13:00:29 [경상남도] 병상 35기관, 수용가능 36기관, 메시지 80건
2026-09-30 13:00:30 [제주특별자치도] 병상 6기관, 수용가능 6기관, 메시지 9건
2026-09-30 13:30:02 [서울특별시] 병상 51기관, 수용가능 54기관, 메시지 127건
2026-09-30 13:30:03 [경기도] 병상 73기관, 수용가능 76기관, 메시지 147건
2026-09-30 13:30:05 [인천광역시] 병상 21기관, 수용가능 22기관, 메시지 13건
2026-09-30 13:30:06 [부산광역시] 병상 29기관, 수용가능 31기관, 메시지 124건
2026-09-30 13:30:07 [대구광역시] 병상 19기관, 수용가능 19기관, 메시지 72건
2026-09-30 13:30:09 [대전광역시] 병상 9기관, 수용가능 10기관, 메시지 56건
2026-09-30 13:30:10 [울산광역시] 병상 7기관, 수용가능 9기관, 메시지 11건
2026-09-30 13:30:11 [세종특별자치시] 병상 2기관, 수용가능 2기관, 메시지 14건
2026-09-30 13:30:13 [전남광주통합특별시] 병상 59기관, 수용가능 63기관, 메시지 35건
2026-09-30 13:30:13 [강원특별자치도] 병상 21기관, 수용가능 22기관, 메시지 3건
2026-09-30 13:30:15 [충청북도] 병상 15기관, 수용가능 17기관, 메시지 1건
2026-09-30 13:30:16 [충청남도] 병상 18기관, 수용가능 18기관, 메시지 11건
2026-09-30 13:30:17 [전북특별자치도] 병상 20기관, 수용가능 21기관, 메시지 20건
2026-09-30 13:30:19 [경상북도] 병상 31기관, 수용가능 32기관, 메시지 44건
2026-09-30 13:30:21 [경상남도] 병상 35기관, 수용가능 36기관, 메시지 80건
2026-09-30 13:30:22 [제주특별자치도] 병상 6기관, 수용가능 6기관, 메시지 9건
2026-09-30 14:00:00 [서울특별시] 병상 51기관, 수용가능 54기관, 메시지 126건
2026-09-30 14:00:02 [경기도] 병상 73기관, 수용가능 76기관, 메시지 147건
2026-09-30 14:00:03 [인천광역시] 병상 21기관, 수용가능 22기관, 메시지 13건
2026-09-30 14:00:05 [부산광역시] 병상 29기관, 수용가능 31기관, 메시지 124건
2026-09-30 14:00:07 [대구광역시] 병상 19기관, 수용가능 19기관, 메시지 73건
2026-09-30 14:00:09 [대전광역시] 병상 9기관, 수용가능 10기관, 메시지 55건
2026-09-30 14:00:10 [울산광역시] 병상 7기관, 수용가능 9기관, 메시지 11건
2026-09-30 14:00:11 [세종특별자치시] 병상 2기관, 수용가능 2기관, 메시지 14건
2026-09-30 14:00:12 [전남광주통합특별시] 병상 59기관, 수용가능 63기관, 메시지 35건
2026-09-30 14:00:14 [강원특별자치도] 병상 21기관, 수용가능 22기관, 메시지 3건
2026-09-30 14:00:15 [충청북도] 병상 15기관, 수용가능 17기관, 메시지 1건
2026-09-30 14:00:16 [충청남도] 병상 18기관, 수용가능 18기관, 메시지 9건
2026-09-30 14:00:18 [전북특별자치도] 병상 20기관, 수용가능 21기관, 메시지 20건
2026-09-30 14:00:20 [경상북도] 병상 31기관, 수용가능 32기관, 메시지 44건
2026-09-30 14:00:21 [경상남도] 병상 35기관, 수용가능 36기관, 메시지 80건
2026-09-30 14:00:22 [제주특별자치도] 병상 6기관, 수용가능 6기관, 메시지 9건
2026-09-30 14:30:05 [서울특별시] 병상 50기관, 수용가능 54기관, 메시지 126건
2026-09-30 14:30:06 [경기도] 병상 73기관, 수용가능 76기관, 메시지 146건
2026-09-30 14:30:08 [인천광역시] 병상 21기관, 수용가능 22기관, 메시지 13건
2026-09-30 14:30:10 [부산광역시] 병상 29기관, 수용가능 31기관, 메시지 124건
2026-09-30 14:30:10 [대구광역시] 병상 19기관, 수용가능 19기관, 메시지 73건
2026-09-30 14:30:11 [대전광역시] 병상 9기관, 수용가능 10기관, 메시지 55건
2026-09-30 14:30:12 [울산광역시] 병상 7기관, 수용가능 9기관, 메시지 11건
2026-09-30 14:30:13 [세종특별자치시] 병상 2기관, 수용가능 2기관, 메시지 14건
2026-09-30 14:30:14 [전남광주통합특별시] 병상 59기관, 수용가능 63기관, 메시지 35건
2026-09-30 14:30:15 [강원특별자치도] 병상 21기관, 수용가능 22기관, 메시지 3건
2026-09-30 14:30:16 [충청북도] 병상 15기관, 수용가능 17기관, 메시지 1건
2026-09-30 14:30:17 [충청남도] 병상 18기관, 수용가능 18기관, 메시지 9건
2026-09-30 14:30:17 [전북특별자치도] 병상 20기관, 수용가능 21기관, 메시지 20건
2026-09-30 14:30:18 [경상북도] 병상 31기관, 수용가능 32기관, 메시지 44건
2026-09-30 14:30:19 [경상남도] 병상 35기관, 수용가능 36기관, 메시지 80건
2026-09-30 14:30:20 [제주특별자치도] 병상 6기관, 수용가능 6기관, 메시지 9건
2026-09-30 15:00:02 [서울특별시] 병상 50기관, 수용가능 54기관, 메시지 125건
2026-09-30 15:00:03 [경기도] 병상 73기관, 수용가능 76기관, 메시지 146건
2026-09-30 15:00:04 [인천광역시] 병상 21기관, 수용가능 22기관, 메시지 13건
2026-09-30 15:00:05 [부산광역시] 병상 29기관, 수용가능 31기관, 메시지 123건
2026-09-30 15:00:06 [대구광역시] 병상 19기관, 수용가능 19기관, 메시지 73건
2026-09-30 15:00:07 [대전광역시] 병상 9기관, 수용가능 10기관, 메시지 55건
2026-09-30 15:00:08 [울산광역시] 병상 7기관, 수용가능 9기관, 메시지 11건
2026-09-30 15:00:09 [세종특별자치시] 병상 2기관, 수용가능 2기관, 메시지 14건
2026-09-30 15:00:10 [전남광주통합특별시] 병상 59기관, 수용가능 63기관, 메시지 35건
2026-09-30 15:00:12 [강원특별자치도] 병상 21기관, 수용가능 22기관, 메시지 4건
2026-09-30 15:00:12 [충청북도] 병상 15기관, 수용가능 17기관, 메시지 1건
2026-09-30 15:00:13 [충청남도] 병상 18기관, 수용가능 18기관, 메시지 9건
2026-09-30 15:00:14 [전북특별자치도] 병상 20기관, 수용가능 21기관, 메시지 20건
2026-09-30 15:00:15 [경상북도] 병상 31기관, 수용가능 32기관, 메시지 44건
2026-09-30 15:00:15 [경상남도] 병상 35기관, 수용가능 36기관, 메시지 81건
2026-09-30 15:00:16 [제주특별자치도] 병상 6기관, 수용가능 6기관, 메시지 9건
2026-09-30 15:30:02 [서울특별시] 병상 50기관, 수용가능 54기관, 메시지 123건
2026-09-30 15:30:04 [경기도] 병상 73기관, 수용가능 76기관, 메시지 146건
2026-09-30 15:30:05 [인천광역시] 병상 21기관, 수용가능 22기관, 메시지 13건
2026-09-30 15:30:07 [부산광역시] 병상 29기관, 수용가능 31기관, 메시지 123건
2026-09-30 15:30:08 [대구광역시] 병상 19기관, 수용가능 19기관, 메시지 73건
2026-09-30 15:30:08 [대전광역시] 병상 9기관, 수용가능 10기관, 메시지 55건
2026-09-30 15:30:09 [울산광역시] 병상 7기관, 수용가능 9기관, 메시지 11건
2026-09-30 15:30:09 [세종특별자치시] 병상 2기관, 수용가능 2기관, 메시지 14건
2026-09-30 15:30:09 [전남광주통합특별시] 병상 59기관, 수용가능 63기관, 메시지 35건
2026-09-30 15:30:11 [강원특별자치도] 병상 21기관, 수용가능 22기관, 메시지 4건
2026-09-30 15:30:12 [충청북도] 병상 15기관, 수용가능 17기관, 메시지 1건
2026-09-30 15:30:13 [충청남도] 병상 18기관, 수용가능 18기관, 메시지 9건
2026-09-30 15:30:13 [전북특별자치도] 병상 20기관, 수용가능 21기관, 메시지 20건
2026-09-30 15:30:14 [경상북도] 병상 31기관, 수용가능 32기관, 메시지 44건
2026-09-30 15:30:16 [경상남도] 병상 35기관, 수용가능 36기관, 메시지 81건
2026-09-30 15:30:16 [제주특별자치도] 병상 6기관, 수용가능 6기관, 메시지 9건
2026-09-30 16:00:01 [서울특별시] 병상 50기관, 수용가능 54기관, 메시지 123건
2026-09-30 16:00:02 [경기도] 병상 73기관, 수용가능 76기관, 메시지 146건
2026-09-30 16:00:03 [인천광역시] 병상 21기관, 수용가능 22기관, 메시지 13건
2026-09-30 16:00:05 [부산광역시] 병상 29기관, 수용가능 31기관, 메시지 123건
2026-09-30 16:00:06 [대구광역시] 병상 19기관, 수용가능 19기관, 메시지 73건
2026-09-30 16:00:07 [대전광역시] 병상 9기관, 수용가능 10기관, 메시지 55건
2026-09-30 16:00:09 [울산광역시] 병상 7기관, 수용가능 9기관, 메시지 11건
2026-09-30 16:00:09 [세종특별자치시] 병상 2기관, 수용가능 2기관, 메시지 14건
2026-09-30 16:00:11 [전남광주통합특별시] 병상 59기관, 수용가능 63기관, 메시지 35건
2026-09-30 16:00:12 [강원특별자치도] 병상 21기관, 수용가능 22기관, 메시지 4건
2026-09-30 16:00:13 [충청북도] 병상 15기관, 수용가능 17기관, 메시지 1건
2026-09-30 16:00:13 [충청남도] 병상 18기관, 수용가능 18기관, 메시지 9건
2026-09-30 16:00:14 [전북특별자치도] 병상 20기관, 수용가능 21기관, 메시지 20건
2026-09-30 16:00:15 [경상북도] 병상 31기관, 수용가능 32기관, 메시지 44건
2026-09-30 16:00:17 [경상남도] 병상 35기관, 수용가능 36기관, 메시지 80건
2026-09-30 16:00:18 [제주특별자치도] 병상 6기관, 수용가능 6기관, 메시지 9건
2026-09-30 16:30:01 [서울특별시] 병상 50기관, 수용가능 54기관, 메시지 123건
2026-09-30 16:30:02 [경기도] 병상 73기관, 수용가능 76기관, 메시지 146건
2026-09-30 16:30:03 [인천광역시] 병상 21기관, 수용가능 22기관, 메시지 13건
2026-09-30 16:30:04 [부산광역시] 병상 29기관, 수용가능 31기관, 메시지 123건
2026-09-30 16:30:05 [대구광역시] 병상 19기관, 수용가능 19기관, 메시지 76건
2026-09-30 16:30:06 [대전광역시] 병상 9기관, 수용가능 10기관, 메시지 55건
2026-09-30 16:30:08 [울산광역시] 병상 7기관, 수용가능 9기관, 메시지 11건
2026-09-30 16:30:08 [세종특별자치시] 병상 2기관, 수용가능 2기관, 메시지 14건
2026-09-30 16:30:10 [전남광주통합특별시] 병상 59기관, 수용가능 63기관, 메시지 35건
2026-09-30 16:30:11 [강원특별자치도] 병상 21기관, 수용가능 22기관, 메시지 4건
2026-09-30 16:30:12 [충청북도] 병상 15기관, 수용가능 17기관, 메시지 1건
2026-09-30 16:30:13 [충청남도] 병상 18기관, 수용가능 18기관, 메시지 9건
2026-09-30 16:30:15 [전북특별자치도] 병상 20기관, 수용가능 21기관, 메시지 20건
2026-09-30 16:30:16 [경상북도] 병상 31기관, 수용가능 32기관, 메시지 44건
2026-09-30 16:30:18 [경상남도] 병상 35기관, 수용가능 36기관, 메시지 80건
2026-09-30 16:30:18 [제주특별자치도] 병상 6기관, 수용가능 6기관, 메시지 9건
2026-09-30 17:00:01 [서울특별시] 병상 50기관, 수용가능 54기관, 메시지 123건
2026-09-30 17:00:02 [경기도] 병상 73기관, 수용가능 76기관, 메시지 148건
2026-09-30 17:00:03 [인천광역시] 병상 21기관, 수용가능 22기관, 메시지 13건
2026-09-30 17:00:04 [부산광역시] 병상 29기관, 수용가능 31기관, 메시지 124건
2026-09-30 17:00:04 [대구광역시] 병상 19기관, 수용가능 19기관, 메시지 77건
2026-09-30 17:00:05 [대전광역시] 병상 9기관, 수용가능 10기관, 메시지 55건
2026-09-30 17:00:06 [울산광역시] 병상 7기관, 수용가능 9기관, 메시지 11건
2026-09-30 17:00:07 [세종특별자치시] 병상 2기관, 수용가능 2기관, 메시지 14건
2026-09-30 17:00:09 [전남광주통합특별시] 병상 59기관, 수용가능 63기관, 메시지 35건
2026-09-30 17:00:10 [강원특별자치도] 병상 21기관, 수용가능 22기관, 메시지 3건
2026-09-30 17:00:10 [충청북도] 병상 15기관, 수용가능 17기관, 메시지 1건
2026-09-30 17:00:11 [충청남도] 병상 18기관, 수용가능 18기관, 메시지 9건
2026-09-30 17:00:12 [전북특별자치도] 병상 20기관, 수용가능 21기관, 메시지 20건
2026-09-30 17:00:13 [경상북도] 병상 31기관, 수용가능 32기관, 메시지 44건
2026-09-30 17:00:14 [경상남도] 병상 35기관, 수용가능 36기관, 메시지 80건
2026-09-30 17:00:15 [제주특별자치도] 병상 6기관, 수용가능 6기관, 메시지 10건
2026-09-30 17:30:02 [서울특별시] 병상 50기관, 수용가능 54기관, 메시지 122건
2026-09-30 17:30:02 [경기도] 병상 73기관, 수용가능 76기관, 메시지 148건
2026-09-30 17:30:04 [인천광역시] 병상 21기관, 수용가능 22기관, 메시지 13건
2026-09-30 17:30:05 [부산광역시] 병상 29기관, 수용가능 31기관, 메시지 125건
2026-09-30 17:30:07 [대구광역시] 병상 19기관, 수용가능 19기관, 메시지 77건
2026-09-30 17:30:10 [대전광역시] 병상 9기관, 수용가능 10기관, 메시지 55건
2026-09-30 17:30:12 [울산광역시] 병상 7기관, 수용가능 9기관, 메시지 11건
2026-09-30 17:30:13 [세종특별자치시] 병상 2기관, 수용가능 2기관, 메시지 14건
2026-09-30 17:30:14 [전남광주통합특별시] 병상 59기관, 수용가능 63기관, 메시지 36건
2026-09-30 17:30:14 [강원특별자치도] 병상 21기관, 수용가능 22기관, 메시지 2건
2026-09-30 17:30:15 [충청북도] 병상 15기관, 수용가능 17기관, 메시지 1건
2026-09-30 17:30:16 [충청남도] 병상 18기관, 수용가능 18기관, 메시지 9건
2026-09-30 17:30:18 [전북특별자치도] 병상 20기관, 수용가능 21기관, 메시지 20건
2026-09-30 17:30:20 [경상북도] 병상 31기관, 수용가능 32기관, 메시지 47건
2026-09-30 17:30:21 [경상남도] 병상 35기관, 수용가능 36기관, 메시지 80건
2026-09-30 17:30:22 [제주특별자치도] 병상 6기관, 수용가능 6기관, 메시지 11건
2026-09-30 18:00:03 [서울특별시] 병상 50기관, 수용가능 54기관, 메시지 127건
2026-09-30 18:00:07 [경기도] 병상 73기관, 수용가능 76기관, 메시지 148건
2026-09-30 18:00:10 [인천광역시] 병상 21기관, 수용가능 22기관, 메시지 13건
2026-09-30 18:00:13 [부산광역시] 병상 29기관, 수용가능 31기관, 메시지 126건
2026-09-30 18:00:15 [대구광역시] 병상 19기관, 수용가능 19기관, 메시지 80건
2026-09-30 18:00:15 [대전광역시] 병상 9기관, 수용가능 10기관, 메시지 55건
2026-09-30 18:00:17 [울산광역시] 병상 7기관, 수용가능 9기관, 메시지 11건
2026-09-30 18:00:18 [세종특별자치시] 병상 2기관, 수용가능 2기관, 메시지 14건
2026-09-30 18:00:19 [전남광주통합특별시] 병상 59기관, 수용가능 63기관, 메시지 36건
2026-09-30 18:00:20 [강원특별자치도] 병상 21기관, 수용가능 22기관, 메시지 5건
2026-09-30 18:00:21 [충청북도] 병상 15기관, 수용가능 17기관, 메시지 1건
2026-09-30 18:00:22 [충청남도] 병상 18기관, 수용가능 18기관, 메시지 9건
2026-09-30 18:00:22 [전북특별자치도] 병상 20기관, 수용가능 21기관, 메시지 24건
2026-09-30 18:00:23 [경상북도] 병상 31기관, 수용가능 32기관, 메시지 47건
2026-09-30 18:00:24 [경상남도] 병상 35기관, 수용가능 36기관, 메시지 81건
2026-09-30 18:00:26 [제주특별자치도] 병상 6기관, 수용가능 6기관, 메시지 11건
2026-09-30 18:30:02 [서울특별시] 병상 50기관, 수용가능 54기관, 메시지 128건
2026-09-30 18:30:03 [경기도] 병상 73기관, 수용가능 76기관, 메시지 148건
2026-09-30 18:30:04 [인천광역시] 병상 21기관, 수용가능 22기관, 메시지 13건
2026-09-30 18:30:05 [부산광역시] 병상 29기관, 수용가능 31기관, 메시지 131건
2026-09-30 18:30:05 [대구광역시] 병상 19기관, 수용가능 19기관, 메시지 81건
2026-09-30 18:30:07 [대전광역시] 병상 9기관, 수용가능 10기관, 메시지 55건
2026-09-30 18:30:09 [울산광역시] 병상 7기관, 수용가능 9기관, 메시지 11건
2026-09-30 18:30:11 [세종특별자치시] 병상 2기관, 수용가능 2기관, 메시지 14건
2026-09-30 18:30:13 [전남광주통합특별시] 병상 59기관, 수용가능 63기관, 메시지 37건
2026-09-30 18:30:13 [강원특별자치도] 병상 21기관, 수용가능 22기관, 메시지 5건
2026-09-30 18:30:15 [충청북도] 병상 15기관, 수용가능 17기관, 메시지 1건
2026-09-30 18:30:17 [충청남도] 병상 18기관, 수용가능 18기관, 메시지 9건
2026-09-30 18:30:19 [전북특별자치도] 병상 20기관, 수용가능 21기관, 메시지 24건
2026-09-30 18:30:21 [경상북도] 병상 31기관, 수용가능 32기관, 메시지 47건
2026-09-30 18:30:22 [경상남도] 병상 35기관, 수용가능 36기관, 메시지 90건
2026-09-30 18:30:23 [제주특별자치도] 병상 6기관, 수용가능 6기관, 메시지 11건
2026-09-30 19:00:01 [서울특별시] 병상 50기관, 수용가능 54기관, 메시지 128건
2026-09-30 19:00:03 [경기도] 병상 73기관, 수용가능 76기관, 메시지 148건
2026-09-30 19:00:04 [인천광역시] 병상 21기관, 수용가능 22기관, 메시지 13건
2026-09-30 19:00:05 [부산광역시] 병상 29기관, 수용가능 31기관, 메시지 131건
2026-09-30 19:00:06 [대구광역시] 병상 19기관, 수용가능 19기관, 메시지 81건
2026-09-30 19:00:08 [대전광역시] 병상 9기관, 수용가능 10기관, 메시지 55건
2026-09-30 19:00:09 [울산광역시] 병상 7기관, 수용가능 9기관, 메시지 11건
2026-09-30 19:00:10 [세종특별자치시] 병상 2기관, 수용가능 2기관, 메시지 14건
2026-09-30 19:00:12 [전남광주통합특별시] 병상 59기관, 수용가능 63기관, 메시지 37건
2026-09-30 19:00:14 [강원특별자치도] 병상 21기관, 수용가능 22기관, 메시지 5건
2026-09-30 19:00:15 [충청북도] 병상 15기관, 수용가능 17기관, 메시지 1건
2026-09-30 19:00:16 [충청남도] 병상 18기관, 수용가능 18기관, 메시지 9건
2026-09-30 19:00:17 [전북특별자치도] 병상 20기관, 수용가능 21기관, 메시지 25건
2026-09-30 19:00:18 [경상북도] 병상 31기관, 수용가능 32기관, 메시지 47건
2026-09-30 19:00:19 [경상남도] 병상 35기관, 수용가능 36기관, 메시지 90건
2026-09-30 19:00:21 [제주특별자치도] 병상 6기관, 수용가능 6기관, 메시지 11건
2026-09-30 19:29:59 [서울특별시] 병상 50기관, 수용가능 54기관, 메시지 127건
2026-09-30 19:30:00 [경기도] 병상 73기관, 수용가능 76기관, 메시지 148건
2026-09-30 19:30:01 [인천광역시] 병상 21기관, 수용가능 22기관, 메시지 13건
2026-09-30 19:30:02 [부산광역시] 병상 29기관, 수용가능 31기관, 메시지 131건
2026-09-30 19:30:04 [대구광역시] 병상 19기관, 수용가능 19기관, 메시지 81건
2026-09-30 19:30:04 [대전광역시] 병상 9기관, 수용가능 10기관, 메시지 55건
2026-09-30 19:30:05 [울산광역시] 병상 7기관, 수용가능 9기관, 메시지 11건
2026-09-30 19:30:05 [세종특별자치시] 병상 2기관, 수용가능 2기관, 메시지 14건
2026-09-30 19:30:06 [전남광주통합특별시] 병상 59기관, 수용가능 63기관, 메시지 37건
2026-09-30 19:30:08 [강원특별자치도] 병상 21기관, 수용가능 22기관, 메시지 5건
2026-09-30 19:30:09 [충청북도] 병상 15기관, 수용가능 17기관, 메시지 1건
2026-09-30 19:30:10 [충청남도] 병상 18기관, 수용가능 18기관, 메시지 9건
2026-09-30 19:30:11 [전북특별자치도] 병상 20기관, 수용가능 21기관, 메시지 25건
2026-09-30 19:30:12 [경상북도] 병상 31기관, 수용가능 32기관, 메시지 47건
2026-09-30 19:30:13 [경상남도] 병상 35기관, 수용가능 36기관, 메시지 90건
2026-09-30 19:30:14 [제주특별자치도] 병상 6기관, 수용가능 6기관, 메시지 11건
2026-09-30 20:00:02 [서울특별시] 병상 50기관, 수용가능 54기관, 메시지 127건
2026-09-30 20:00:03 [경기도] 병상 73기관, 수용가능 76기관, 메시지 148건
2026-09-30 20:00:04 [인천광역시] 병상 21기관, 수용가능 22기관, 메시지 9건
2026-09-30 20:00:05 [부산광역시] 병상 29기관, 수용가능 31기관, 메시지 129건
2026-09-30 20:00:06 [대구광역시] 병상 19기관, 수용가능 19기관, 메시지 82건
2026-09-30 20:00:06 [대전광역시] 병상 9기관, 수용가능 10기관, 메시지 55건
2026-09-30 20:00:07 [울산광역시] 병상 7기관, 수용가능 9기관, 메시지 11건
2026-09-30 20:00:07 [세종특별자치시] 병상 2기관, 수용가능 2기관, 메시지 14건
2026-09-30 20:00:10 [전남광주통합특별시] 병상 59기관, 수용가능 63기관, 메시지 37건
2026-09-30 20:00:12 [강원특별자치도] 병상 21기관, 수용가능 22기관, 메시지 5건
2026-09-30 20:00:12 [충청북도] 병상 15기관, 수용가능 17기관, 메시지 1건
2026-09-30 20:00:13 [충청남도] 병상 18기관, 수용가능 18기관, 메시지 9건
2026-09-30 20:00:13 [전북특별자치도] 병상 20기관, 수용가능 21기관, 메시지 25건
2026-09-30 20:00:14 [경상북도] 병상 31기관, 수용가능 32기관, 메시지 47건
2026-09-30 20:00:16 [경상남도] 병상 35기관, 수용가능 36기관, 메시지 90건
2026-09-30 20:00:18 [제주특별자치도] 병상 6기관, 수용가능 6기관, 메시지 11건
2026-09-30 20:30:01 [서울특별시] 병상 50기관, 수용가능 54기관, 메시지 127건
2026-09-30 20:30:03 [경기도] 병상 73기관, 수용가능 76기관, 메시지 148건
2026-09-30 20:30:04 [인천광역시] 병상 21기관, 수용가능 22기관, 메시지 13건
2026-09-30 20:30:05 [부산광역시] 병상 29기관, 수용가능 31기관, 메시지 131건
2026-09-30 20:30:06 [대구광역시] 병상 19기관, 수용가능 19기관, 메시지 82건
2026-09-30 20:30:06 [대전광역시] 병상 9기관, 수용가능 10기관, 메시지 55건
2026-09-30 20:30:08 [울산광역시] 병상 7기관, 수용가능 9기관, 메시지 11건
2026-09-30 20:30:09 [세종특별자치시] 병상 2기관, 수용가능 2기관, 메시지 14건
2026-09-30 20:30:10 [전남광주통합특별시] 병상 59기관, 수용가능 63기관, 메시지 37건
2026-09-30 20:30:12 [강원특별자치도] 병상 21기관, 수용가능 22기관, 메시지 5건
2026-09-30 20:30:13 [충청북도] 병상 15기관, 수용가능 17기관, 메시지 1건
2026-09-30 20:30:15 [충청남도] 병상 18기관, 수용가능 18기관, 메시지 9건
2026-09-30 20:30:16 [전북특별자치도] 병상 20기관, 수용가능 21기관, 메시지 25건
2026-09-30 20:30:18 [경상북도] 병상 31기관, 수용가능 32기관, 메시지 47건
2026-09-30 20:30:19 [경상남도] 병상 35기관, 수용가능 36기관, 메시지 92건
2026-09-30 20:30:20 [제주특별자치도] 병상 6기관, 수용가능 6기관, 메시지 11건
2026-09-30 21:00:02 [서울특별시] 병상 50기관, 수용가능 54기관, 메시지 127건
2026-09-30 21:00:02 [경기도] 병상 73기관, 수용가능 76기관, 메시지 149건
2026-09-30 21:00:04 [인천광역시] 병상 21기관, 수용가능 22기관, 메시지 13건
2026-09-30 21:00:06 [부산광역시] 병상 29기관, 수용가능 31기관, 메시지 131건
2026-09-30 21:00:07 [대구광역시] 병상 19기관, 수용가능 19기관, 메시지 82건
2026-09-30 21:00:09 [대전광역시] 병상 9기관, 수용가능 10기관, 메시지 55건
2026-09-30 21:00:11 [울산광역시] 병상 7기관, 수용가능 9기관, 메시지 11건
2026-09-30 21:00:12 [세종특별자치시] 병상 2기관, 수용가능 2기관, 메시지 14건
2026-09-30 21:00:14 [전남광주통합특별시] 병상 59기관, 수용가능 63기관, 메시지 37건
2026-09-30 21:00:16 [강원특별자치도] 병상 21기관, 수용가능 22기관, 메시지 5건
2026-09-30 21:00:17 [충청북도] 병상 15기관, 수용가능 17기관, 메시지 1건
2026-09-30 21:00:18 [충청남도] 병상 18기관, 수용가능 18기관, 메시지 9건
2026-09-30 21:00:19 [전북특별자치도] 병상 20기관, 수용가능 21기관, 메시지 25건
2026-09-30 21:00:21 [경상북도] 병상 31기관, 수용가능 32기관, 메시지 47건
2026-09-30 21:00:21 [경상남도] 병상 35기관, 수용가능 36기관, 메시지 92건
2026-09-30 21:00:22 [제주특별자치도] 병상 6기관, 수용가능 6기관, 메시지 11건
2026-09-30 21:30:02 [서울특별시] 병상 50기관, 수용가능 54기관, 메시지 127건
2026-09-30 21:30:03 [경기도] 병상 73기관, 수용가능 76기관, 메시지 149건
2026-09-30 21:30:04 [인천광역시] 병상 21기관, 수용가능 22기관, 메시지 13건
2026-09-30 21:30:06 [부산광역시] 병상 29기관, 수용가능 31기관, 메시지 131건
2026-09-30 21:30:07 [대구광역시] 병상 19기관, 수용가능 19기관, 메시지 82건
2026-09-30 21:30:08 [대전광역시] 병상 9기관, 수용가능 10기관, 메시지 55건
2026-09-30 21:30:08 [울산광역시] 병상 7기관, 수용가능 9기관, 메시지 11건
2026-09-30 21:30:10 [세종특별자치시] 병상 2기관, 수용가능 2기관, 메시지 14건
2026-09-30 21:30:11 [전남광주통합특별시] 병상 59기관, 수용가능 63기관, 메시지 37건
2026-09-30 21:30:12 [강원특별자치도] 병상 21기관, 수용가능 22기관, 메시지 5건
2026-09-30 21:30:13 [충청북도] 병상 15기관, 수용가능 17기관, 메시지 1건
2026-09-30 21:30:14 [충청남도] 병상 18기관, 수용가능 18기관, 메시지 9건
2026-09-30 21:30:15 [전북특별자치도] 병상 20기관, 수용가능 21기관, 메시지 25건
2026-09-30 21:30:16 [경상북도] 병상 31기관, 수용가능 32기관, 메시지 47건
2026-09-30 21:30:16 [경상남도] 병상 35기관, 수용가능 36기관, 메시지 92건
2026-09-30 21:30:17 [제주특별자치도] 병상 6기관, 수용가능 6기관, 메시지 11건
2026-09-30 22:00:07 [서울특별시] 병상 50기관, 수용가능 54기관, 메시지 132건
2026-09-30 22:00:08 [경기도] 병상 73기관, 수용가능 76기관, 메시지 149건
2026-09-30 22:00:09 [인천광역시] 병상 21기관, 수용가능 22기관, 메시지 13건
2026-09-30 22:00:11 [부산광역시] 병상 29기관, 수용가능 31기관, 메시지 131건
2026-09-30 22:00:13 [대구광역시] 병상 19기관, 수용가능 19기관, 메시지 81건
2026-09-30 22:00:15 [대전광역시] 병상 9기관, 수용가능 10기관, 메시지 55건
2026-09-30 22:00:18 [울산광역시] 병상 7기관, 수용가능 9기관, 메시지 11건
2026-09-30 22:00:21 [세종특별자치시] 병상 2기관, 수용가능 2기관, 메시지 14건
2026-09-30 22:00:25 [전남광주통합특별시] 병상 59기관, 수용가능 63기관, 메시지 36건
2026-09-30 22:00:26 [강원특별자치도] 병상 21기관, 수용가능 22기관, 메시지 5건
2026-09-30 22:00:27 [충청북도] 병상 15기관, 수용가능 17기관, 메시지 1건
2026-09-30 22:00:28 [충청남도] 병상 18기관, 수용가능 18기관, 메시지 9건
2026-09-30 22:00:29 [전북특별자치도] 병상 20기관, 수용가능 21기관, 메시지 26건
2026-09-30 22:00:29 [경상북도] 병상 31기관, 수용가능 32기관, 메시지 47건
2026-09-30 22:00:30 [경상남도] 병상 35기관, 수용가능 36기관, 메시지 92건
2026-09-30 22:00:31 [제주특별자치도] 병상 6기관, 수용가능 6기관, 메시지 11건
2026-09-30 22:30:02 [서울특별시] 병상 50기관, 수용가능 54기관, 메시지 132건
2026-09-30 22:30:03 [경기도] 병상 73기관, 수용가능 76기관, 메시지 149건
2026-09-30 22:30:04 [인천광역시] 병상 21기관, 수용가능 22기관, 메시지 13건
2026-09-30 22:30:05 [부산광역시] 병상 29기관, 수용가능 31기관, 메시지 127건
2026-09-30 22:30:06 [대구광역시] 병상 19기관, 수용가능 19기관, 메시지 81건
2026-09-30 22:30:07 [대전광역시] 병상 9기관, 수용가능 10기관, 메시지 55건
2026-09-30 22:30:08 [울산광역시] 병상 7기관, 수용가능 9기관, 메시지 11건
2026-09-30 22:30:09 [세종특별자치시] 병상 2기관, 수용가능 2기관, 메시지 14건
2026-09-30 22:30:09 [전남광주통합특별시] 병상 59기관, 수용가능 63기관, 메시지 36건
2026-09-30 22:30:10 [강원특별자치도] 병상 21기관, 수용가능 22기관, 메시지 5건
2026-09-30 22:30:11 [충청북도] 병상 15기관, 수용가능 17기관, 메시지 1건
2026-09-30 22:30:12 [충청남도] 병상 18기관, 수용가능 18기관, 메시지 9건
2026-09-30 22:30:13 [전북특별자치도] 병상 20기관, 수용가능 21기관, 메시지 26건
2026-09-30 22:30:15 [경상북도] 병상 31기관, 수용가능 32기관, 메시지 47건
2026-09-30 22:30:16 [경상남도] 병상 35기관, 수용가능 36기관, 메시지 93건
2026-09-30 22:30:17 [제주특별자치도] 병상 6기관, 수용가능 6기관, 메시지 11건
2026-09-30 23:00:02 [서울특별시] 병상 50기관, 수용가능 54기관, 메시지 132건
2026-09-30 23:00:02 [경기도] 병상 73기관, 수용가능 76기관, 메시지 149건
2026-09-30 23:00:04 [인천광역시] 병상 21기관, 수용가능 22기관, 메시지 13건
2026-09-30 23:00:05 [부산광역시] 병상 29기관, 수용가능 31기관, 메시지 127건
2026-09-30 23:00:05 [대구광역시] 병상 19기관, 수용가능 19기관, 메시지 81건
2026-09-30 23:00:06 [대전광역시] 병상 9기관, 수용가능 10기관, 메시지 55건
2026-09-30 23:00:07 [울산광역시] 병상 7기관, 수용가능 9기관, 메시지 11건
2026-09-30 23:00:08 [세종특별자치시] 병상 2기관, 수용가능 2기관, 메시지 14건
2026-09-30 23:00:09 [전남광주통합특별시] 병상 59기관, 수용가능 63기관, 메시지 39건
2026-09-30 23:00:10 [강원특별자치도] 병상 21기관, 수용가능 22기관, 메시지 5건
2026-09-30 23:00:10 [충청북도] 병상 15기관, 수용가능 17기관, 메시지 1건
2026-09-30 23:00:11 [충청남도] 병상 18기관, 수용가능 18기관, 메시지 8건
2026-09-30 23:00:12 [전북특별자치도] 병상 20기관, 수용가능 21기관, 메시지 26건
2026-09-30 23:00:13 [경상북도] 병상 31기관, 수용가능 32기관, 메시지 47건
2026-09-30 23:00:14 [경상남도] 병상 35기관, 수용가능 36기관, 메시지 90건
2026-09-30 23:00:14 [제주특별자치도] 병상 6기관, 수용가능 6기관, 메시지 11건
2026-09-30 23:30:01 [서울특별시] 병상 50기관, 수용가능 54기관, 메시지 132건
2026-09-30 23:30:02 [경기도] 병상 73기관, 수용가능 76기관, 메시지 149건
2026-09-30 23:30:03 [인천광역시] 병상 21기관, 수용가능 22기관, 메시지 13건
2026-09-30 23:30:04 [부산광역시] 병상 29기관, 수용가능 31기관, 메시지 128건
2026-09-30 23:30:05 [대구광역시] 병상 19기관, 수용가능 19기관, 메시지 81건
2026-09-30 23:30:07 [대전광역시] 병상 9기관, 수용가능 10기관, 메시지 55건
2026-09-30 23:30:09 [울산광역시] 병상 7기관, 수용가능 9기관, 메시지 11건
2026-09-30 23:30:11 [세종특별자치시] 병상 2기관, 수용가능 2기관, 메시지 14건
2026-09-30 23:30:12 [전남광주통합특별시] 병상 59기관, 수용가능 63기관, 메시지 40건
2026-09-30 23:30:13 [강원특별자치도] 병상 21기관, 수용가능 22기관, 메시지 5건
2026-09-30 23:30:14 [충청북도] 병상 15기관, 수용가능 17기관, 메시지 1건
2026-09-30 23:30:15 [충청남도] 병상 18기관, 수용가능 18기관, 메시지 9건
2026-09-30 23:30:16 [전북특별자치도] 병상 20기관, 수용가능 21기관, 메시지 26건
2026-09-30 23:30:17 [경상북도] 병상 31기관, 수용가능 32기관, 메시지 47건
2026-09-30 23:30:17 [경상남도] 병상 35기관, 수용가능 36기관, 메시지 90건
2026-09-30 23:30:18 [제주특별자치도] 병상 6기관, 수용가능 6기관, 메시지 11건
2026-10-01 00:00:02 [서울특별시] 병상 50기관, 수용가능 54기관, 메시지 110건
2026-10-01 00:00:02 [경기도] 병상 73기관, 수용가능 76기관, 메시지 136건
2026-10-01 00:00:03 [인천광역시] 병상 21기관, 수용가능 22기관, 메시지 13건
2026-10-01 00:00:04 [부산광역시] 병상 29기관, 수용가능 31기관, 메시지 89건
2026-10-01 00:00:06 [대구광역시] 병상 19기관, 수용가능 19기관, 메시지 70건
2026-10-01 00:00:07 [대전광역시] 병상 9기관, 수용가능 10기관, 메시지 55건
2026-10-01 00:00:08 [울산광역시] 병상 7기관, 수용가능 9기관, 메시지 11건
2026-10-01 00:00:09 [세종특별자치시] 병상 2기관, 수용가능 2기관, 메시지 13건
2026-10-01 00:00:10 [전남광주통합특별시] 병상 59기관, 수용가능 63기관, 메시지 40건
2026-10-01 00:00:11 [강원특별자치도] 병상 21기관, 수용가능 22기관, 메시지 5건
2026-10-01 00:00:13 [충청북도] 병상 15기관, 수용가능 17기관, 메시지 1건
2026-10-01 00:00:14 [충청남도] 병상 18기관, 수용가능 18기관, 메시지 7건
2026-10-01 00:00:15 [전북특별자치도] 병상 20기관, 수용가능 21기관, 메시지 27건
2026-10-01 00:00:16 [경상북도] 병상 31기관, 수용가능 32기관, 메시지 44건
2026-10-01 00:00:17 [경상남도] 병상 35기관, 수용가능 36기관, 메시지 89건
2026-10-01 00:00:18 [제주특별자치도] 병상 6기관, 수용가능 6기관, 메시지 11건
2026-10-01 00:30:01 [서울특별시] 병상 50기관, 수용가능 54기관, 메시지 121건
2026-10-01 00:30:02 [경기도] 병상 73기관, 수용가능 76기관, 메시지 144건
2026-10-01 00:30:04 [인천광역시] 병상 21기관, 수용가능 22기관, 메시지 13건
2026-10-01 00:30:05 [부산광역시] 병상 29기관, 수용가능 31기관, 메시지 100건
2026-10-01 00:30:06 [대구광역시] 병상 19기관, 수용가능 19기관, 메시지 76건
2026-10-01 00:30:07 [대전광역시] 병상 9기관, 수용가능 10기관, 메시지 55건
2026-10-01 00:30:07 [울산광역시] 병상 7기관, 수용가능 9기관, 메시지 11건
2026-10-01 00:30:08 [세종특별자치시] 병상 2기관, 수용가능 2기관, 메시지 14건
2026-10-01 00:30:09 [전남광주통합특별시] 병상 59기관, 수용가능 63기관, 메시지 40건
2026-10-01 00:30:11 [강원특별자치도] 병상 21기관, 수용가능 22기관, 메시지 5건
2026-10-01 00:30:12 [충청북도] 병상 15기관, 수용가능 17기관, 메시지 1건
2026-10-01 00:30:14 [충청남도] 병상 18기관, 수용가능 18기관, 메시지 9건
2026-10-01 00:30:15 [전북특별자치도] 병상 20기관, 수용가능 21기관, 메시지 27건
2026-10-01 00:30:16 [경상북도] 병상 31기관, 수용가능 32기관, 메시지 44건
2026-10-01 00:30:18 [경상남도] 병상 35기관, 수용가능 36기관, 메시지 89건
2026-10-01 00:30:19 [제주특별자치도] 병상 6기관, 수용가능 6기관, 메시지 11건
2026-10-01 01:00:02 [서울특별시] 병상 50기관, 수용가능 54기관, 메시지 121건
2026-10-01 01:00:03 [경기도] 병상 73기관, 수용가능 76기관, 메시지 144건
2026-10-01 01:00:05 [인천광역시] 병상 21기관, 수용가능 22기관, 메시지 13건
2026-10-01 01:00:06 [부산광역시] 병상 29기관, 수용가능 31기관, 메시지 130건
2026-10-01 01:00:07 [대구광역시] 병상 19기관, 수용가능 19기관, 메시지 76건
2026-10-01 01:00:09 [대전광역시] 병상 9기관, 수용가능 10기관, 메시지 55건
2026-10-01 01:00:10 [울산광역시] 병상 7기관, 수용가능 9기관, 메시지 11건
2026-10-01 01:00:12 [세종특별자치시] 병상 2기관, 수용가능 2기관, 메시지 14건
2026-10-01 01:00:13 [전남광주통합특별시] 병상 59기관, 수용가능 63기관, 메시지 40건
2026-10-01 01:00:15 [강원특별자치도] 병상 21기관, 수용가능 22기관, 메시지 5건
2026-10-01 01:00:16 [충청북도] 병상 15기관, 수용가능 17기관, 메시지 1건
2026-10-01 01:00:16 [충청남도] 병상 18기관, 수용가능 18기관, 메시지 9건
2026-10-01 01:00:17 [전북특별자치도] 병상 20기관, 수용가능 21기관, 메시지 27건
2026-10-01 01:00:18 [경상북도] 병상 31기관, 수용가능 32기관, 메시지 44건
2026-10-01 01:00:20 [경상남도] 병상 35기관, 수용가능 36기관, 메시지 89건
2026-10-01 01:00:21 [제주특별자치도] 병상 6기관, 수용가능 6기관, 메시지 11건
2026-10-01 01:30:01 [서울특별시] 병상 50기관, 수용가능 54기관, 메시지 121건
2026-10-01 01:30:02 [경기도] 병상 73기관, 수용가능 76기관, 메시지 144건
2026-10-01 01:30:03 [인천광역시] 병상 21기관, 수용가능 22기관, 메시지 13건
2026-10-01 01:30:05 [부산광역시] 병상 29기관, 수용가능 31기관, 메시지 130건
2026-10-01 01:30:06 [대구광역시] 병상 19기관, 수용가능 19기관, 메시지 76건
2026-10-01 01:30:07 [대전광역시] 병상 9기관, 수용가능 10기관, 메시지 55건
2026-10-01 01:30:08 [울산광역시] 병상 7기관, 수용가능 9기관, 메시지 11건
2026-10-01 01:30:10 [세종특별자치시] 병상 2기관, 수용가능 2기관, 메시지 14건
2026-10-01 01:30:11 [전남광주통합특별시] 병상 59기관, 수용가능 63기관, 메시지 40건
2026-10-01 01:30:13 [강원특별자치도] 병상 21기관, 수용가능 22기관, 메시지 5건
2026-10-01 01:30:14 [충청북도] 병상 15기관, 수용가능 17기관, 메시지 1건
2026-10-01 01:30:15 [충청남도] 병상 18기관, 수용가능 18기관, 메시지 9건
2026-10-01 01:30:16 [전북특별자치도] 병상 20기관, 수용가능 21기관, 메시지 27건
2026-10-01 01:30:16 [경상북도] 병상 31기관, 수용가능 32기관, 메시지 44건
2026-10-01 01:30:18 [경상남도] 병상 35기관, 수용가능 36기관, 메시지 89건
2026-10-01 01:30:19 [제주특별자치도] 병상 6기관, 수용가능 6기관, 메시지 11건
2026-10-01 02:00:01 [서울특별시] 병상 50기관, 수용가능 54기관, 메시지 121건
2026-10-01 02:00:02 [경기도] 병상 73기관, 수용가능 76기관, 메시지 144건
2026-10-01 02:00:03 [인천광역시] 병상 21기관, 수용가능 22기관, 메시지 13건
2026-10-01 02:00:08 [부산광역시] 병상 29기관, 수용가능 31기관, 메시지 129건
2026-10-01 02:00:11 [대구광역시] 병상 19기관, 수용가능 19기관, 메시지 76건
2026-10-01 02:00:12 [대전광역시] 병상 9기관, 수용가능 10기관, 메시지 55건
2026-10-01 02:00:15 [울산광역시] 병상 7기관, 수용가능 9기관, 메시지 11건
2026-10-01 02:00:23 [세종특별자치시] 병상 2기관, 수용가능 2기관, 메시지 14건
2026-10-01 02:00:26 [전남광주통합특별시] 병상 59기관, 수용가능 63기관, 메시지 40건
2026-10-01 02:00:28 [강원특별자치도] 병상 21기관, 수용가능 22기관, 메시지 5건
2026-10-01 02:00:30 [충청북도] 병상 15기관, 수용가능 17기관, 메시지 1건
2026-10-01 02:00:32 [충청남도] 병상 18기관, 수용가능 18기관, 메시지 9건
2026-10-01 02:00:33 [전북특별자치도] 병상 20기관, 수용가능 21기관, 메시지 27건
2026-10-01 02:00:35 [경상북도] 병상 31기관, 수용가능 32기관, 메시지 44건
2026-10-01 02:00:36 [경상남도] 병상 35기관, 수용가능 36기관, 메시지 90건
2026-10-01 02:00:37 [제주특별자치도] 병상 6기관, 수용가능 6기관, 메시지 11건
2026-10-01 02:30:02 [서울특별시] 병상 50기관, 수용가능 54기관, 메시지 121건
2026-10-01 02:30:03 [경기도] 병상 73기관, 수용가능 76기관, 메시지 144건
2026-10-01 02:30:05 [인천광역시] 병상 21기관, 수용가능 22기관, 메시지 13건
2026-10-01 02:30:06 [부산광역시] 병상 29기관, 수용가능 31기관, 메시지 129건
2026-10-01 02:30:08 [대구광역시] 병상 19기관, 수용가능 19기관, 메시지 76건
2026-10-01 02:30:08 [대전광역시] 병상 9기관, 수용가능 10기관, 메시지 55건
2026-10-01 02:30:09 [울산광역시] 병상 7기관, 수용가능 9기관, 메시지 11건
2026-10-01 02:30:11 [세종특별자치시] 병상 2기관, 수용가능 2기관, 메시지 14건
2026-10-01 02:30:13 [전남광주통합특별시] 병상 59기관, 수용가능 63기관, 메시지 40건
2026-10-01 02:30:15 [강원특별자치도] 병상 21기관, 수용가능 22기관, 메시지 5건
2026-10-01 02:30:16 [충청북도] 병상 15기관, 수용가능 17기관, 메시지 1건
2026-10-01 02:30:18 [충청남도] 병상 18기관, 수용가능 18기관, 메시지 9건
2026-10-01 02:30:20 [전북특별자치도] 병상 20기관, 수용가능 21기관, 메시지 27건
2026-10-01 02:30:21 [경상북도] 병상 31기관, 수용가능 32기관, 메시지 44건
2026-10-01 02:30:21 [경상남도] 병상 35기관, 수용가능 36기관, 메시지 90건
2026-10-01 02:30:22 [제주특별자치도] 병상 6기관, 수용가능 6기관, 메시지 11건
2026-10-01 03:00:01 [서울특별시] 병상 50기관, 수용가능 54기관, 메시지 121건
2026-10-01 03:00:03 [경기도] 병상 73기관, 수용가능 76기관, 메시지 144건
2026-10-01 03:00:05 [인천광역시] 병상 21기관, 수용가능 22기관, 메시지 13건
2026-10-01 03:00:06 [부산광역시] 병상 29기관, 수용가능 31기관, 메시지 129건
2026-10-01 03:00:08 [대구광역시] 병상 19기관, 수용가능 19기관, 메시지 76건
2026-10-01 03:00:09 [대전광역시] 병상 9기관, 수용가능 10기관, 메시지 55건
2026-10-01 03:00:10 [울산광역시] 병상 7기관, 수용가능 9기관, 메시지 11건
2026-10-01 03:00:12 [세종특별자치시] 병상 2기관, 수용가능 2기관, 메시지 14건
2026-10-01 03:00:12 [전남광주통합특별시] 병상 59기관, 수용가능 63기관, 메시지 40건
2026-10-01 03:00:13 [강원특별자치도] 병상 21기관, 수용가능 22기관, 메시지 5건
2026-10-01 03:00:14 [충청북도] 병상 15기관, 수용가능 17기관, 메시지 1건
2026-10-01 03:00:14 [충청남도] 병상 18기관, 수용가능 18기관, 메시지 9건
2026-10-01 03:00:15 [전북특별자치도] 병상 20기관, 수용가능 21기관, 메시지 27건
2026-10-01 03:00:18 [경상북도] 병상 31기관, 수용가능 32기관, 메시지 44건
2026-10-01 03:00:19 [경상남도] 병상 35기관, 수용가능 36기관, 메시지 89건
2026-10-01 03:00:19 [제주특별자치도] 병상 6기관, 수용가능 6기관, 메시지 11건
2026-10-01 03:30:02 [서울특별시] 병상 50기관, 수용가능 54기관, 메시지 121건
2026-10-01 03:30:04 [경기도] 병상 73기관, 수용가능 76기관, 메시지 148건
2026-10-01 03:30:04 [인천광역시] 병상 21기관, 수용가능 22기관, 메시지 13건
2026-10-01 03:30:05 [부산광역시] 병상 29기관, 수용가능 31기관, 메시지 129건
2026-10-01 03:30:05 [대구광역시] 병상 19기관, 수용가능 19기관, 메시지 76건
2026-10-01 03:30:07 [대전광역시] 병상 9기관, 수용가능 10기관, 메시지 55건
2026-10-01 03:30:07 [울산광역시] 병상 7기관, 수용가능 9기관, 메시지 11건
2026-10-01 03:30:09 [세종특별자치시] 병상 2기관, 수용가능 2기관, 메시지 14건
2026-10-01 03:30:10 [전남광주통합특별시] 병상 59기관, 수용가능 63기관, 메시지 40건
2026-10-01 03:30:11 [강원특별자치도] 병상 21기관, 수용가능 22기관, 메시지 5건
2026-10-01 03:30:12 [충청북도] 병상 15기관, 수용가능 17기관, 메시지 1건
2026-10-01 03:30:12 [충청남도] 병상 18기관, 수용가능 18기관, 메시지 9건
2026-10-01 03:30:13 [전북특별자치도] 병상 20기관, 수용가능 21기관, 메시지 27건
2026-10-01 03:30:14 [경상북도] 병상 31기관, 수용가능 32기관, 메시지 44건
2026-10-01 03:30:15 [경상남도] 병상 35기관, 수용가능 36기관, 메시지 89건
2026-10-01 03:30:15 [제주특별자치도] 병상 6기관, 수용가능 6기관, 메시지 11건
2026-10-01 04:00:02 [서울특별시] 병상 50기관, 수용가능 54기관, 메시지 120건
2026-10-01 04:00:03 [경기도] 병상 73기관, 수용가능 76기관, 메시지 148건
2026-10-01 04:00:05 [인천광역시] 병상 21기관, 수용가능 22기관, 메시지 13건
2026-10-01 04:00:06 [부산광역시] 병상 29기관, 수용가능 31기관, 메시지 129건
2026-10-01 04:00:06 [대구광역시] 병상 19기관, 수용가능 19기관, 메시지 76건
2026-10-01 04:00:20 [대전광역시] 병상 9기관, 수용가능 10기관, 메시지 55건
2026-10-01 04:00:21 [울산광역시] 병상 7기관, 수용가능 9기관, 메시지 11건
2026-10-01 04:00:23 [세종특별자치시] 병상 2기관, 수용가능 2기관, 메시지 14건
2026-10-01 04:00:25 [전남광주통합특별시] 병상 59기관, 수용가능 63기관, 메시지 40건
2026-10-01 04:00:26 [강원특별자치도] 병상 21기관, 수용가능 22기관, 메시지 5건
2026-10-01 04:00:27 [충청북도] 병상 15기관, 수용가능 17기관, 메시지 1건
2026-10-01 04:00:28 [충청남도] 병상 18기관, 수용가능 18기관, 메시지 9건
2026-10-01 04:00:30 [전북특별자치도] 병상 20기관, 수용가능 21기관, 메시지 27건
2026-10-01 04:00:32 [경상북도] 병상 31기관, 수용가능 32기관, 메시지 44건
2026-10-01 04:00:34 [경상남도] 병상 35기관, 수용가능 36기관, 메시지 89건
2026-10-01 04:00:35 [제주특별자치도] 병상 6기관, 수용가능 6기관, 메시지 11건
2026-10-01 04:30:02 [서울특별시] 병상 50기관, 수용가능 54기관, 메시지 121건
2026-10-01 04:30:04 [경기도] 병상 73기관, 수용가능 76기관, 메시지 148건
2026-10-01 04:30:05 [인천광역시] 병상 21기관, 수용가능 22기관, 메시지 13건
2026-10-01 04:30:07 [부산광역시] 병상 29기관, 수용가능 31기관, 메시지 129건
2026-10-01 04:30:09 [대구광역시] 병상 19기관, 수용가능 19기관, 메시지 76건
2026-10-01 04:30:22 [대전광역시] 병상 9기관, 수용가능 10기관, 메시지 55건
2026-10-01 04:30:23 [울산광역시] 병상 7기관, 수용가능 9기관, 메시지 11건
2026-10-01 04:30:24 [세종특별자치시] 병상 2기관, 수용가능 2기관, 메시지 14건
2026-10-01 04:30:25 [전남광주통합특별시] 병상 59기관, 수용가능 63기관, 메시지 40건
2026-10-01 04:30:26 [강원특별자치도] 병상 21기관, 수용가능 22기관, 메시지 5건
2026-10-01 04:30:27 [충청북도] 병상 15기관, 수용가능 17기관, 메시지 1건
2026-10-01 04:30:28 [충청남도] 병상 18기관, 수용가능 18기관, 메시지 9건
2026-10-01 04:30:29 [전북특별자치도] 병상 20기관, 수용가능 21기관, 메시지 27건
2026-10-01 04:30:30 [경상북도] 병상 31기관, 수용가능 32기관, 메시지 44건
2026-10-01 04:30:32 [경상남도] 병상 35기관, 수용가능 36기관, 메시지 89건
2026-10-01 04:30:32 [제주특별자치도] 병상 6기관, 수용가능 6기관, 메시지 11건
2026-10-01 05:00:02 [서울특별시] 병상 50기관, 수용가능 54기관, 메시지 121건
2026-10-01 05:00:03 [경기도] 병상 73기관, 수용가능 76기관, 메시지 148건
2026-10-01 05:00:04 [인천광역시] 병상 21기관, 수용가능 22기관, 메시지 13건
2026-10-01 05:00:06 [부산광역시] 병상 29기관, 수용가능 31기관, 메시지 129건
2026-10-01 05:00:08 [대구광역시] 병상 19기관, 수용가능 19기관, 메시지 76건
2026-10-01 05:00:21 [대전광역시] 병상 9기관, 수용가능 10기관, 메시지 55건
2026-10-01 05:00:22 [울산광역시] 병상 7기관, 수용가능 9기관, 메시지 11건
2026-10-01 05:00:23 [세종특별자치시] 병상 2기관, 수용가능 2기관, 메시지 14건
2026-10-01 05:00:24 [전남광주통합특별시] 병상 59기관, 수용가능 63기관, 메시지 40건
2026-10-01 05:00:25 [강원특별자치도] 병상 21기관, 수용가능 22기관, 메시지 5건
2026-10-01 05:00:25 [충청북도] 병상 15기관, 수용가능 17기관, 메시지 1건
2026-10-01 05:00:26 [충청남도] 병상 18기관, 수용가능 18기관, 메시지 9건
2026-10-01 05:00:28 [전북특별자치도] 병상 20기관, 수용가능 21기관, 메시지 27건
2026-10-01 05:00:29 [경상북도] 병상 31기관, 수용가능 32기관, 메시지 44건
2026-10-01 05:00:30 [경상남도] 병상 35기관, 수용가능 36기관, 메시지 89건
2026-10-01 05:00:31 [제주특별자치도] 병상 6기관, 수용가능 6기관, 메시지 11건
2026-10-01 05:30:01 [서울특별시] 병상 50기관, 수용가능 54기관, 메시지 121건
2026-10-01 05:30:02 [경기도] 병상 73기관, 수용가능 76기관, 메시지 148건
2026-10-01 05:30:03 [인천광역시] 병상 21기관, 수용가능 22기관, 메시지 14건
2026-10-01 05:30:05 [부산광역시] 병상 29기관, 수용가능 31기관, 메시지 129건
2026-10-01 05:30:06 [대구광역시] 병상 19기관, 수용가능 19기관, 메시지 76건
2026-10-01 05:30:07 [대전광역시] 병상 9기관, 수용가능 10기관, 메시지 55건
2026-10-01 05:30:09 [울산광역시] 병상 7기관, 수용가능 9기관, 메시지 11건
2026-10-01 05:30:09 [세종특별자치시] 병상 2기관, 수용가능 2기관, 메시지 15건
2026-10-01 05:30:10 [전남광주통합특별시] 병상 59기관, 수용가능 63기관, 메시지 40건
2026-10-01 05:30:12 [강원특별자치도] 병상 21기관, 수용가능 22기관, 메시지 5건
2026-10-01 05:30:13 [충청북도] 병상 15기관, 수용가능 17기관, 메시지 1건
2026-10-01 05:30:15 [충청남도] 병상 18기관, 수용가능 18기관, 메시지 9건
2026-10-01 05:30:16 [전북특별자치도] 병상 20기관, 수용가능 21기관, 메시지 27건
2026-10-01 05:30:18 [경상북도] 병상 31기관, 수용가능 32기관, 메시지 44건
2026-10-01 05:30:20 [경상남도] 병상 35기관, 수용가능 36기관, 메시지 89건
2026-10-01 05:30:21 [제주특별자치도] 병상 6기관, 수용가능 6기관, 메시지 11건
2026-10-01 06:00:04 [서울특별시] 병상 50기관, 수용가능 54기관, 메시지 119건
2026-10-01 06:00:05 [경기도] 병상 73기관, 수용가능 76기관, 메시지 148건
2026-10-01 06:00:06 [인천광역시] 병상 21기관, 수용가능 22기관, 메시지 14건
2026-10-01 06:00:07 [부산광역시] 병상 29기관, 수용가능 31기관, 메시지 129건
2026-10-01 06:00:13 [대구광역시] 병상 19기관, 수용가능 19기관, 메시지 80건
2026-10-01 06:00:16 [대전광역시] 병상 9기관, 수용가능 10기관, 메시지 55건
2026-10-01 06:00:18 [울산광역시] 병상 7기관, 수용가능 9기관, 메시지 11건
2026-10-01 06:00:20 [세종특별자치시] 병상 2기관, 수용가능 2기관, 메시지 15건
2026-10-01 06:00:22 [전남광주통합특별시] 병상 59기관, 수용가능 63기관, 메시지 40건
2026-10-01 06:00:24 [강원특별자치도] 병상 21기관, 수용가능 22기관, 메시지 5건
2026-10-01 06:00:25 [충청북도] 병상 15기관, 수용가능 17기관, 메시지 1건
2026-10-01 06:00:25 [충청남도] 병상 18기관, 수용가능 18기관, 메시지 9건
2026-10-01 06:00:27 [전북특별자치도] 병상 20기관, 수용가능 21기관, 메시지 24건
2026-10-01 06:00:27 [경상북도] 병상 31기관, 수용가능 32기관, 메시지 44건
2026-10-01 06:00:29 [경상남도] 병상 35기관, 수용가능 36기관, 메시지 89건
2026-10-01 06:00:31 [제주특별자치도] 병상 6기관, 수용가능 6기관, 메시지 9건
2026-10-01 06:30:01 [서울특별시] 병상 50기관, 수용가능 54기관, 메시지 120건
2026-10-01 06:30:03 [경기도] 병상 73기관, 수용가능 76기관, 메시지 148건
2026-10-01 06:30:03 [인천광역시] 병상 21기관, 수용가능 22기관, 메시지 14건
2026-10-01 06:30:05 [부산광역시] 병상 29기관, 수용가능 31기관, 메시지 129건
2026-10-01 06:30:05 [대구광역시] 병상 19기관, 수용가능 19기관, 메시지 80건
2026-10-01 06:30:07 [대전광역시] 병상 9기관, 수용가능 10기관, 메시지 55건
2026-10-01 06:30:08 [울산광역시] 병상 7기관, 수용가능 9기관, 메시지 11건
2026-10-01 06:30:10 [세종특별자치시] 병상 2기관, 수용가능 2기관, 메시지 15건
2026-10-01 06:30:13 [전남광주통합특별시] 병상 59기관, 수용가능 63기관, 메시지 40건
2026-10-01 06:30:14 [강원특별자치도] 병상 21기관, 수용가능 22기관, 메시지 5건
2026-10-01 06:30:16 [충청북도] 병상 15기관, 수용가능 17기관, 메시지 1건
2026-10-01 06:30:18 [충청남도] 병상 18기관, 수용가능 18기관, 메시지 9건
2026-10-01 06:30:19 [전북특별자치도] 병상 20기관, 수용가능 21기관, 메시지 24건
2026-10-01 06:30:20 [경상북도] 병상 31기관, 수용가능 32기관, 메시지 44건
2026-10-01 06:30:23 [경상남도] 병상 35기관, 수용가능 36기관, 메시지 89건
2026-10-01 06:30:24 [제주특별자치도] 병상 6기관, 수용가능 6기관, 메시지 9건
2026-10-01 07:00:01 [서울특별시] 병상 50기관, 수용가능 54기관, 메시지 115건
2026-10-01 07:00:03 [경기도] 병상 73기관, 수용가능 76기관, 메시지 148건
2026-10-01 07:00:05 [인천광역시] 병상 21기관, 수용가능 22기관, 메시지 14건
2026-10-01 07:00:05 [부산광역시] 병상 29기관, 수용가능 31기관, 메시지 128건
2026-10-01 07:00:07 [대구광역시] 병상 19기관, 수용가능 19기관, 메시지 78건
2026-10-01 07:00:08 [대전광역시] 병상 9기관, 수용가능 10기관, 메시지 55건
2026-10-01 07:00:09 [울산광역시] 병상 7기관, 수용가능 9기관, 메시지 11건
2026-10-01 07:00:11 [세종특별자치시] 병상 2기관, 수용가능 2기관, 메시지 14건
2026-10-01 07:00:12 [전남광주통합특별시] 병상 59기관, 수용가능 63기관, 메시지 35건
2026-10-01 07:00:13 [강원특별자치도] 병상 21기관, 수용가능 22기관, 메시지 5건
2026-10-01 07:00:14 [충청북도] 병상 15기관, 수용가능 17기관, 메시지 1건
2026-10-01 07:00:15 [충청남도] 병상 18기관, 수용가능 18기관, 메시지 9건
2026-10-01 07:00:16 [전북특별자치도] 병상 20기관, 수용가능 21기관, 메시지 23건
2026-10-01 07:00:16 [경상북도] 병상 31기관, 수용가능 32기관, 메시지 44건
2026-10-01 07:00:17 [경상남도] 병상 35기관, 수용가능 36기관, 메시지 89건
2026-10-01 07:00:18 [제주특별자치도] 병상 6기관, 수용가능 6기관, 메시지 9건
2026-10-01 07:30:00 [서울특별시] 병상 50기관, 수용가능 54기관, 메시지 115건
2026-10-01 07:30:02 [경기도] 병상 73기관, 수용가능 76기관, 메시지 148건
2026-10-01 07:30:03 [인천광역시] 병상 21기관, 수용가능 22기관, 메시지 14건
2026-10-01 07:30:03 [부산광역시] 병상 29기관, 수용가능 31기관, 메시지 129건
2026-10-01 07:30:05 [대구광역시] 병상 19기관, 수용가능 19기관, 메시지 79건
2026-10-01 07:30:05 [대전광역시] 병상 9기관, 수용가능 10기관, 메시지 55건
2026-10-01 07:30:06 [울산광역시] 병상 7기관, 수용가능 9기관, 메시지 11건
2026-10-01 07:30:07 [세종특별자치시] 병상 2기관, 수용가능 2기관, 메시지 14건
2026-10-01 07:30:07 [전남광주통합특별시] 병상 59기관, 수용가능 63기관, 메시지 35건
2026-10-01 07:30:08 [강원특별자치도] 병상 21기관, 수용가능 22기관, 메시지 5건
2026-10-01 07:30:09 [충청북도] 병상 15기관, 수용가능 17기관, 메시지 1건
2026-10-01 07:30:10 [충청남도] 병상 18기관, 수용가능 18기관, 메시지 9건
2026-10-01 07:30:11 [전북특별자치도] 병상 20기관, 수용가능 21기관, 메시지 24건
2026-10-01 07:30:12 [경상북도] 병상 31기관, 수용가능 32기관, 메시지 44건
2026-10-01 07:30:13 [경상남도] 병상 35기관, 수용가능 36기관, 메시지 89건
2026-10-01 07:30:14 [제주특별자치도] 병상 6기관, 수용가능 6기관, 메시지 9건
2026-10-01 08:00:03 [서울특별시] 병상 50기관, 수용가능 54기관, 메시지 108건
2026-10-01 08:00:05 [경기도] 병상 73기관, 수용가능 76기관, 메시지 144건
2026-10-01 08:00:05 [인천광역시] 병상 21기관, 수용가능 22기관, 메시지 13건
2026-10-01 08:00:07 [부산광역시] 병상 29기관, 수용가능 31기관, 메시지 127건
2026-10-01 08:00:07 [대구광역시] 병상 19기관, 수용가능 19기관, 메시지 68건
2026-10-01 08:00:09 [대전광역시] 병상 9기관, 수용가능 10기관, 메시지 55건
2026-10-01 08:00:10 [울산광역시] 병상 7기관, 수용가능 9기관, 메시지 11건
2026-10-01 08:00:11 [세종특별자치시] 병상 2기관, 수용가능 2기관, 메시지 14건
2026-10-01 08:00:12 [전남광주통합특별시] 병상 59기관, 수용가능 63기관, 메시지 39건
2026-10-01 08:00:13 [강원특별자치도] 병상 21기관, 수용가능 22기관, 메시지 5건
2026-10-01 08:00:15 [충청북도] 병상 15기관, 수용가능 17기관, 메시지 1건
2026-10-01 08:00:16 [충청남도] 병상 18기관, 수용가능 18기관, 메시지 6건
2026-10-01 08:00:18 [전북특별자치도] 병상 20기관, 수용가능 21기관, 메시지 23건
2026-10-01 08:00:19 [경상북도] 병상 31기관, 수용가능 32기관, 메시지 44건
2026-10-01 08:00:21 [경상남도] 병상 35기관, 수용가능 36기관, 메시지 79건
2026-10-01 08:00:22 [제주특별자치도] 병상 6기관, 수용가능 6기관, 메시지 7건
2026-10-01 08:30:04 [서울특별시] 병상 50기관, 수용가능 54기관, 메시지 105건
2026-10-01 08:30:05 [경기도] 병상 73기관, 수용가능 76기관, 메시지 146건
2026-10-01 08:30:06 [인천광역시] 병상 21기관, 수용가능 22기관, 메시지 13건
2026-10-01 08:30:08 [부산광역시] 병상 29기관, 수용가능 31기관, 메시지 127건
2026-10-01 08:30:09 [대구광역시] 병상 19기관, 수용가능 19기관, 메시지 66건
2026-10-01 08:30:10 [대전광역시] 병상 9기관, 수용가능 10기관, 메시지 58건
2026-10-01 08:30:10 [울산광역시] 병상 7기관, 수용가능 9기관, 메시지 11건
2026-10-01 08:30:13 [세종특별자치시] 병상 2기관, 수용가능 2기관, 메시지 14건
2026-10-01 08:30:14 [전남광주통합특별시] 병상 59기관, 수용가능 63기관, 메시지 39건
2026-10-01 08:30:14 [강원특별자치도] 병상 21기관, 수용가능 22기관, 메시지 2건
2026-10-01 08:30:16 [충청북도] 병상 15기관, 수용가능 17기관, 메시지 1건
2026-10-01 08:30:16 [충청남도] 병상 18기관, 수용가능 18기관, 메시지 9건
2026-10-01 08:30:17 [전북특별자치도] 병상 20기관, 수용가능 21기관, 메시지 20건
2026-10-01 08:30:18 [경상북도] 병상 31기관, 수용가능 32기관, 메시지 41건
2026-10-01 08:30:20 [경상남도] 병상 35기관, 수용가능 36기관, 메시지 79건
2026-10-01 08:30:21 [제주특별자치도] 병상 6기관, 수용가능 6기관, 메시지 7건
2026-10-01 09:00:00 [서울특별시] 병상 50기관, 수용가능 54기관, 메시지 105건
2026-10-01 09:00:01 [경기도] 병상 73기관, 수용가능 76기관, 메시지 149건
2026-10-01 09:00:03 [인천광역시] 병상 21기관, 수용가능 22기관, 메시지 12건
2026-10-01 09:00:06 [부산광역시] 병상 29기관, 수용가능 31기관, 메시지 122건
2026-10-01 09:00:07 [대구광역시] 병상 19기관, 수용가능 19기관, 메시지 72건
2026-10-01 09:00:08 [대전광역시] 병상 9기관, 수용가능 10기관, 메시지 58건
2026-10-01 09:00:09 [울산광역시] 병상 7기관, 수용가능 9기관, 메시지 11건
2026-10-01 09:00:11 [세종특별자치시] 병상 2기관, 수용가능 2기관, 메시지 15건
2026-10-01 09:00:11 [전남광주통합특별시] 병상 59기관, 수용가능 63기관, 메시지 39건
2026-10-01 09:00:12 [강원특별자치도] 병상 21기관, 수용가능 22기관, 메시지 4건
2026-10-01 09:00:14 [충청북도] 병상 15기관, 수용가능 17기관, 메시지 0건
2026-10-01 09:00:16 [충청남도] 병상 18기관, 수용가능 18기관, 메시지 9건
2026-10-01 09:00:17 [전북특별자치도] 병상 20기관, 수용가능 21기관, 메시지 22건
2026-10-01 09:00:19 [경상북도] 병상 31기관, 수용가능 32기관, 메시지 41건
2026-10-01 09:00:21 [경상남도] 병상 35기관, 수용가능 36기관, 메시지 77건
2026-10-01 09:00:24 [제주특별자치도] 병상 6기관, 수용가능 6기관, 메시지 7건
2026-10-01 09:30:03 [서울특별시] 병상 50기관, 수용가능 54기관, 메시지 105건
2026-10-01 09:30:04 [경기도] 병상 73기관, 수용가능 76기관, 메시지 150건
2026-10-01 09:30:05 [인천광역시] 병상 21기관, 수용가능 22기관, 메시지 12건
2026-10-01 09:30:07 [부산광역시] 병상 29기관, 수용가능 31기관, 메시지 122건
2026-10-01 09:30:08 [대구광역시] 병상 19기관, 수용가능 19기관, 메시지 72건
2026-10-01 09:30:09 [대전광역시] 병상 9기관, 수용가능 10기관, 메시지 58건
2026-10-01 09:30:10 [울산광역시] 병상 7기관, 수용가능 9기관, 메시지 11건
2026-10-01 09:30:12 [세종특별자치시] 병상 2기관, 수용가능 2기관, 메시지 15건
2026-10-01 09:30:13 [전남광주통합특별시] 병상 59기관, 수용가능 63기관, 메시지 39건
2026-10-01 09:30:14 [강원특별자치도] 병상 21기관, 수용가능 22기관, 메시지 4건
2026-10-01 09:30:15 [충청북도] 병상 15기관, 수용가능 17기관, 메시지 0건
2026-10-01 09:30:16 [충청남도] 병상 18기관, 수용가능 18기관, 메시지 9건
2026-10-01 09:30:17 [전북특별자치도] 병상 20기관, 수용가능 21기관, 메시지 22건
2026-10-01 09:30:19 [경상북도] 병상 31기관, 수용가능 32기관, 메시지 39건
2026-10-01 09:30:20 [경상남도] 병상 35기관, 수용가능 36기관, 메시지 77건
2026-10-01 09:30:21 [제주특별자치도] 병상 6기관, 수용가능 6기관, 메시지 7건
2026-10-01 10:00:01 [서울특별시] 병상 50기관, 수용가능 54기관, 메시지 105건
2026-10-01 10:00:02 [경기도] 병상 73기관, 수용가능 76기관, 메시지 150건
2026-10-01 10:00:03 [인천광역시] 병상 21기관, 수용가능 22기관, 메시지 12건
2026-10-01 10:00:05 [부산광역시] 병상 29기관, 수용가능 31기관, 메시지 122건
2026-10-01 10:00:07 [대구광역시] 병상 19기관, 수용가능 19기관, 메시지 72건
2026-10-01 10:00:09 [대전광역시] 병상 9기관, 수용가능 10기관, 메시지 58건
2026-10-01 10:00:10 [울산광역시] 병상 7기관, 수용가능 9기관, 메시지 11건
2026-10-01 10:00:11 [세종특별자치시] 병상 2기관, 수용가능 2기관, 메시지 15건
2026-10-01 10:00:13 [전남광주통합특별시] 병상 59기관, 수용가능 63기관, 메시지 39건
2026-10-01 10:00:16 [강원특별자치도] 병상 21기관, 수용가능 22기관, 메시지 4건
2026-10-01 10:00:16 [충청북도] 병상 15기관, 수용가능 17기관, 메시지 0건
2026-10-01 10:00:18 [충청남도] 병상 18기관, 수용가능 18기관, 메시지 9건
2026-10-01 10:00:18 [전북특별자치도] 병상 20기관, 수용가능 21기관, 메시지 22건
2026-10-01 10:00:19 [경상북도] 병상 31기관, 수용가능 32기관, 메시지 39건
2026-10-01 10:00:20 [경상남도] 병상 35기관, 수용가능 36기관, 메시지 77건
2026-10-01 10:00:21 [제주특별자치도] 병상 6기관, 수용가능 6기관, 메시지 7건
2026-10-01 10:30:02 [서울특별시] 병상 50기관, 수용가능 54기관, 메시지 106건
2026-10-01 10:30:03 [경기도] 병상 73기관, 수용가능 76기관, 메시지 150건
2026-10-01 10:30:05 [인천광역시] 병상 21기관, 수용가능 22기관, 메시지 12건
2026-10-01 10:30:06 [부산광역시] 병상 29기관, 수용가능 31기관, 메시지 122건
2026-10-01 10:30:07 [대구광역시] 병상 19기관, 수용가능 19기관, 메시지 72건
2026-10-01 10:30:08 [대전광역시] 병상 9기관, 수용가능 10기관, 메시지 61건
2026-10-01 10:30:09 [울산광역시] 병상 7기관, 수용가능 9기관, 메시지 11건
2026-10-01 10:30:10 [세종특별자치시] 병상 2기관, 수용가능 2기관, 메시지 15건
2026-10-01 10:30:12 [전남광주통합특별시] 병상 59기관, 수용가능 63기관, 메시지 39건
2026-10-01 10:30:12 [강원특별자치도] 병상 21기관, 수용가능 22기관, 메시지 4건
2026-10-01 10:30:13 [충청북도] 병상 15기관, 수용가능 17기관, 메시지 0건
2026-10-01 10:30:14 [충청남도] 병상 18기관, 수용가능 18기관, 메시지 9건
2026-10-01 10:30:15 [전북특별자치도] 병상 20기관, 수용가능 21기관, 메시지 22건
2026-10-01 10:30:16 [경상북도] 병상 31기관, 수용가능 32기관, 메시지 39건
2026-10-01 10:30:16 [경상남도] 병상 35기관, 수용가능 36기관, 메시지 77건
2026-10-01 10:30:17 [제주특별자치도] 병상 6기관, 수용가능 6기관, 메시지 7건
2026-10-01 11:00:01 [서울특별시] 병상 50기관, 수용가능 54기관, 메시지 106건
2026-10-01 11:00:03 [경기도] 병상 73기관, 수용가능 76기관, 메시지 149건
2026-10-01 11:00:04 [인천광역시] 병상 21기관, 수용가능 22기관, 메시지 12건
2026-10-01 11:00:05 [부산광역시] 병상 29기관, 수용가능 31기관, 메시지 123건
2026-10-01 11:00:06 [대구광역시] 병상 19기관, 수용가능 19기관, 메시지 72건
2026-10-01 11:00:07 [대전광역시] 병상 9기관, 수용가능 10기관, 메시지 61건
2026-10-01 11:00:09 [울산광역시] 병상 7기관, 수용가능 9기관, 메시지 11건
2026-10-01 11:00:10 [세종특별자치시] 병상 2기관, 수용가능 2기관, 메시지 15건
2026-10-01 11:00:11 [전남광주통합특별시] 병상 59기관, 수용가능 63기관, 메시지 39건
2026-10-01 11:00:13 [강원특별자치도] 병상 21기관, 수용가능 22기관, 메시지 4건
2026-10-01 11:00:15 [충청북도] 병상 15기관, 수용가능 17기관, 메시지 0건
2026-10-01 11:00:16 [충청남도] 병상 18기관, 수용가능 18기관, 메시지 9건
2026-10-01 11:00:17 [전북특별자치도] 병상 20기관, 수용가능 21기관, 메시지 22건
2026-10-01 11:00:17 [경상북도] 병상 31기관, 수용가능 32기관, 메시지 39건
2026-10-01 11:00:18 [경상남도] 병상 35기관, 수용가능 36기관, 메시지 77건
2026-10-01 11:00:20 [제주특별자치도] 병상 6기관, 수용가능 6기관, 메시지 7건
2026-10-01 11:30:01 [서울특별시] 병상 50기관, 수용가능 54기관, 메시지 106건
2026-10-01 11:30:02 [경기도] 병상 73기관, 수용가능 76기관, 메시지 149건
2026-10-01 11:30:03 [인천광역시] 병상 21기관, 수용가능 22기관, 메시지 12건
2026-10-01 11:30:04 [부산광역시] 병상 29기관, 수용가능 31기관, 메시지 123건
2026-10-01 11:30:04 [대구광역시] 병상 19기관, 수용가능 19기관, 메시지 72건
2026-10-01 11:30:06 [대전광역시] 병상 9기관, 수용가능 10기관, 메시지 61건
2026-10-01 11:30:07 [울산광역시] 병상 7기관, 수용가능 9기관, 메시지 11건
2026-10-01 11:30:08 [세종특별자치시] 병상 2기관, 수용가능 2기관, 메시지 15건
2026-10-01 11:30:09 [전남광주통합특별시] 병상 59기관, 수용가능 63기관, 메시지 39건
2026-10-01 11:30:09 [강원특별자치도] 병상 21기관, 수용가능 22기관, 메시지 4건
2026-10-01 11:30:10 [충청북도] 병상 15기관, 수용가능 17기관, 메시지 0건
2026-10-01 11:30:11 [충청남도] 병상 18기관, 수용가능 18기관, 메시지 9건
2026-10-01 11:30:11 [전북특별자치도] 병상 20기관, 수용가능 21기관, 메시지 22건
2026-10-01 11:30:12 [경상북도] 병상 31기관, 수용가능 32기관, 메시지 39건
2026-10-01 11:30:14 [경상남도] 병상 35기관, 수용가능 36기관, 메시지 77건
2026-10-01 11:30:15 [제주특별자치도] 병상 6기관, 수용가능 6기관, 메시지 7건
2026-10-01 12:00:02 [서울특별시] 병상 50기관, 수용가능 54기관, 메시지 106건
2026-10-01 12:00:04 [경기도] 병상 73기관, 수용가능 76기관, 메시지 148건
2026-10-01 12:00:05 [인천광역시] 병상 21기관, 수용가능 22기관, 메시지 12건
2026-10-01 12:00:06 [부산광역시] 병상 29기관, 수용가능 31기관, 메시지 123건
2026-10-01 12:00:08 [대구광역시] 병상 19기관, 수용가능 19기관, 메시지 71건
2026-10-01 12:00:09 [대전광역시] 병상 9기관, 수용가능 10기관, 메시지 61건
2026-10-01 12:00:10 [울산광역시] 병상 7기관, 수용가능 9기관, 메시지 11건
2026-10-01 12:00:11 [세종특별자치시] 병상 2기관, 수용가능 2기관, 메시지 14건
2026-10-01 12:00:12 [전남광주통합특별시] 병상 59기관, 수용가능 63기관, 메시지 39건
2026-10-01 12:00:13 [강원특별자치도] 병상 21기관, 수용가능 22기관, 메시지 4건
2026-10-01 12:00:13 [충청북도] 병상 15기관, 수용가능 17기관, 메시지 0건
2026-10-01 12:00:14 [충청남도] 병상 18기관, 수용가능 18기관, 메시지 9건
2026-10-01 12:00:15 [전북특별자치도] 병상 20기관, 수용가능 21기관, 메시지 22건
2026-10-01 12:00:16 [경상북도] 병상 31기관, 수용가능 32기관, 메시지 39건
2026-10-01 12:00:17 [경상남도] 병상 35기관, 수용가능 36기관, 메시지 77건
2026-10-01 12:00:17 [제주특별자치도] 병상 6기관, 수용가능 6기관, 메시지 7건
2026-10-01 12:29:57 [서울특별시] 병상 50기관, 수용가능 54기관, 메시지 106건
2026-10-01 12:29:57 [경기도] 병상 73기관, 수용가능 76기관, 메시지 148건
2026-10-01 12:29:59 [인천광역시] 병상 21기관, 수용가능 22기관, 메시지 12건
2026-10-01 12:30:00 [부산광역시] 병상 29기관, 수용가능 31기관, 메시지 123건
2026-10-01 12:30:00 [대구광역시] 병상 19기관, 수용가능 19기관, 메시지 71건
2026-10-01 12:30:01 [대전광역시] 병상 9기관, 수용가능 10기관, 메시지 61건
2026-10-01 12:30:02 [울산광역시] 병상 7기관, 수용가능 9기관, 메시지 11건
2026-10-01 12:30:03 [세종특별자치시] 병상 2기관, 수용가능 2기관, 메시지 14건
2026-10-01 12:30:03 [전남광주통합특별시] 병상 59기관, 수용가능 63기관, 메시지 39건
2026-10-01 12:30:04 [강원특별자치도] 병상 21기관, 수용가능 22기관, 메시지 4건
2026-10-01 12:30:05 [충청북도] 병상 15기관, 수용가능 17기관, 메시지 0건
2026-10-01 12:30:06 [충청남도] 병상 18기관, 수용가능 18기관, 메시지 9건
2026-10-01 12:30:07 [전북특별자치도] 병상 20기관, 수용가능 21기관, 메시지 22건
2026-10-01 12:30:09 [경상북도] 병상 31기관, 수용가능 32기관, 메시지 39건
2026-10-01 12:30:09 [경상남도] 병상 35기관, 수용가능 36기관, 메시지 77건
2026-10-01 12:30:10 [제주특별자치도] 병상 6기관, 수용가능 6기관, 메시지 7건
2026-10-01 13:00:05 [서울특별시] 병상 50기관, 수용가능 54기관, 메시지 106건
2026-10-01 13:00:07 [경기도] 병상 73기관, 수용가능 76기관, 메시지 148건
2026-10-01 13:00:08 [인천광역시] 병상 21기관, 수용가능 22기관, 메시지 12건
2026-10-01 13:00:09 [부산광역시] 병상 29기관, 수용가능 31기관, 메시지 123건
2026-10-01 13:00:10 [대구광역시] 병상 19기관, 수용가능 19기관, 메시지 72건
2026-10-01 13:00:12 [대전광역시] 병상 9기관, 수용가능 10기관, 메시지 63건
2026-10-01 13:00:13 [울산광역시] 병상 7기관, 수용가능 9기관, 메시지 11건
2026-10-01 13:00:14 [세종특별자치시] 병상 2기관, 수용가능 2기관, 메시지 14건
2026-10-01 13:00:16 [전남광주통합특별시] 병상 59기관, 수용가능 63기관, 메시지 40건
2026-10-01 13:00:17 [강원특별자치도] 병상 21기관, 수용가능 22기관, 메시지 4건
2026-10-01 13:00:18 [충청북도] 병상 15기관, 수용가능 17기관, 메시지 0건
2026-10-01 13:00:20 [충청남도] 병상 18기관, 수용가능 18기관, 메시지 9건
2026-10-01 13:00:21 [전북특별자치도] 병상 20기관, 수용가능 21기관, 메시지 22건
2026-10-01 13:00:21 [경상북도] 병상 31기관, 수용가능 32기관, 메시지 40건
2026-10-01 13:00:23 [경상남도] 병상 35기관, 수용가능 36기관, 메시지 77건
2026-10-01 13:00:24 [제주특별자치도] 병상 6기관, 수용가능 6기관, 메시지 7건
2026-10-01 13:30:01 [서울특별시] 병상 50기관, 수용가능 54기관, 메시지 106건
2026-10-01 13:30:01 [경기도] 병상 73기관, 수용가능 76기관, 메시지 148건
2026-10-01 13:30:05 [인천광역시] 병상 21기관, 수용가능 22기관, 메시지 12건
2026-10-01 13:30:06 [부산광역시] 병상 29기관, 수용가능 31기관, 메시지 123건
2026-10-01 13:30:08 [대구광역시] 병상 19기관, 수용가능 19기관, 메시지 72건
2026-10-01 13:30:09 [대전광역시] 병상 9기관, 수용가능 10기관, 메시지 63건
2026-10-01 13:30:10 [울산광역시] 병상 7기관, 수용가능 9기관, 메시지 11건
2026-10-01 13:30:11 [세종특별자치시] 병상 2기관, 수용가능 2기관, 메시지 14건
2026-10-01 13:30:12 [전남광주통합특별시] 병상 59기관, 수용가능 63기관, 메시지 40건
2026-10-01 13:30:13 [강원특별자치도] 병상 21기관, 수용가능 22기관, 메시지 4건
2026-10-01 13:30:15 [충청북도] 병상 15기관, 수용가능 17기관, 메시지 0건
2026-10-01 13:30:17 [충청남도] 병상 18기관, 수용가능 18기관, 메시지 9건
2026-10-01 13:30:18 [전북특별자치도] 병상 20기관, 수용가능 21기관, 메시지 22건
2026-10-01 13:30:19 [경상북도] 병상 31기관, 수용가능 32기관, 메시지 40건
2026-10-01 13:30:19 [경상남도] 병상 35기관, 수용가능 36기관, 메시지 77건
2026-10-01 13:30:20 [제주특별자치도] 병상 6기관, 수용가능 6기관, 메시지 7건
2026-10-01 14:00:03 [서울특별시] 병상 50기관, 수용가능 54기관, 메시지 105건
2026-10-01 14:00:06 [경기도] 병상 73기관, 수용가능 76기관, 메시지 149건
2026-10-01 14:00:09 [인천광역시] 병상 21기관, 수용가능 22기관, 메시지 12건
2026-10-01 14:00:11 [부산광역시] 병상 29기관, 수용가능 31기관, 메시지 123건
2026-10-01 14:00:12 [대구광역시] 병상 19기관, 수용가능 19기관, 메시지 74건
2026-10-01 14:00:16 [대전광역시] 병상 9기관, 수용가능 10기관, 메시지 63건
2026-10-01 14:00:19 [울산광역시] 병상 7기관, 수용가능 9기관, 메시지 11건
2026-10-01 14:00:20 [세종특별자치시] 병상 2기관, 수용가능 2기관, 메시지 14건
2026-10-01 14:00:21 [전남광주통합특별시] 병상 59기관, 수용가능 63기관, 메시지 40건
2026-10-01 14:00:24 [강원특별자치도] 병상 21기관, 수용가능 22기관, 메시지 4건
2026-10-01 14:00:25 [충청북도] 병상 15기관, 수용가능 17기관, 메시지 0건
2026-10-01 14:00:26 [충청남도] 병상 18기관, 수용가능 18기관, 메시지 10건
2026-10-01 14:00:40 [전북특별자치도] 병상 20기관, 수용가능 21기관, 메시지 22건
2026-10-01 14:00:41 [경상북도] 병상 31기관, 수용가능 32기관, 메시지 42건
2026-10-01 14:00:41 [경상남도] 병상 35기관, 수용가능 36기관, 메시지 77건
2026-10-01 14:00:42 [제주특별자치도] 병상 6기관, 수용가능 6기관, 메시지 7건
2026-10-01 14:30:04 [서울특별시] 병상 조회 실패: getEmrrmRltmUsefulSckbdInfoInqire 호출 실패: ('Connection aborted.', OSError(22, 'Invalid argument'))
2026-10-01 14:30:06 [서울특별시] 병상 -1기관, 수용가능 54기관, 메시지 105건
2026-10-01 14:30:07 [경기도] 병상 73기관, 수용가능 76기관, 메시지 148건
2026-10-01 14:30:07 [인천광역시] 병상 21기관, 수용가능 22기관, 메시지 12건
2026-10-01 14:30:08 [부산광역시] 병상 29기관, 수용가능 31기관, 메시지 122건
2026-10-01 14:30:10 [대구광역시] 병상 19기관, 수용가능 19기관, 메시지 74건
2026-10-01 14:30:10 [대전광역시] 병상 9기관, 수용가능 10기관, 메시지 63건
2026-10-01 14:30:11 [울산광역시] 병상 7기관, 수용가능 9기관, 메시지 11건
2026-10-01 14:30:12 [세종특별자치시] 병상 2기관, 수용가능 2기관, 메시지 14건
2026-10-01 14:30:13 [전남광주통합특별시] 병상 59기관, 수용가능 63기관, 메시지 40건
2026-10-01 14:30:14 [강원특별자치도] 병상 21기관, 수용가능 22기관, 메시지 4건
2026-10-01 14:30:15 [충청북도] 병상 15기관, 수용가능 17기관, 메시지 0건
2026-10-01 14:30:16 [충청남도] 병상 18기관, 수용가능 18기관, 메시지 10건
2026-10-01 14:30:17 [전북특별자치도] 병상 20기관, 수용가능 21기관, 메시지 22건
2026-10-01 14:30:17 [경상북도] 병상 31기관, 수용가능 32기관, 메시지 42건
2026-10-01 14:30:19 [경상남도] 병상 35기관, 수용가능 36기관, 메시지 77건
2026-10-01 14:30:20 [제주특별자치도] 병상 6기관, 수용가능 6기관, 메시지 7건
2026-10-01 15:00:03 [서울특별시] 병상 50기관, 수용가능 54기관, 메시지 105건
2026-10-01 15:00:04 [경기도] 병상 73기관, 수용가능 76기관, 메시지 148건
2026-10-01 15:00:05 [인천광역시] 병상 21기관, 수용가능 22기관, 메시지 12건
2026-10-01 15:00:07 [부산광역시] 병상 29기관, 수용가능 31기관, 메시지 122건
2026-10-01 15:00:07 [대구광역시] 병상 19기관, 수용가능 19기관, 메시지 74건
2026-10-01 15:00:08 [대전광역시] 병상 9기관, 수용가능 10기관, 메시지 62건
2026-10-01 15:00:10 [울산광역시] 병상 7기관, 수용가능 9기관, 메시지 11건
2026-10-01 15:00:12 [세종특별자치시] 병상 2기관, 수용가능 2기관, 메시지 14건
2026-10-01 15:00:13 [전남광주통합특별시] 병상 59기관, 수용가능 63기관, 메시지 36건
2026-10-01 15:00:14 [강원특별자치도] 병상 21기관, 수용가능 22기관, 메시지 4건
2026-10-01 15:00:16 [충청북도] 병상 15기관, 수용가능 17기관, 메시지 0건
2026-10-01 15:00:16 [충청남도] 병상 18기관, 수용가능 18기관, 메시지 10건
2026-10-01 15:00:18 [전북특별자치도] 병상 20기관, 수용가능 21기관, 메시지 22건
2026-10-01 15:00:19 [경상북도] 병상 31기관, 수용가능 32기관, 메시지 42건
2026-10-01 15:00:20 [경상남도] 병상 35기관, 수용가능 36기관, 메시지 77건
2026-10-01 15:00:21 [제주특별자치도] 병상 6기관, 수용가능 6기관, 메시지 8건
2026-10-01 15:30:02 [서울특별시] 병상 50기관, 수용가능 54기관, 메시지 106건
2026-10-01 15:30:03 [경기도] 병상 73기관, 수용가능 76기관, 메시지 148건
2026-10-01 15:30:04 [인천광역시] 병상 21기관, 수용가능 22기관, 메시지 12건
2026-10-01 15:30:05 [부산광역시] 병상 29기관, 수용가능 31기관, 메시지 122건
2026-10-01 15:30:06 [대구광역시] 병상 19기관, 수용가능 19기관, 메시지 74건
2026-10-01 15:30:07 [대전광역시] 병상 9기관, 수용가능 10기관, 메시지 63건
2026-10-01 15:30:09 [울산광역시] 병상 7기관, 수용가능 9기관, 메시지 11건
2026-10-01 15:30:10 [세종특별자치시] 병상 2기관, 수용가능 2기관, 메시지 14건
2026-10-01 15:30:11 [전남광주통합특별시] 병상 59기관, 수용가능 63기관, 메시지 36건
2026-10-01 15:30:13 [강원특별자치도] 병상 21기관, 수용가능 22기관, 메시지 4건
2026-10-01 15:30:14 [충청북도] 병상 15기관, 수용가능 17기관, 메시지 0건
2026-10-01 15:30:15 [충청남도] 병상 18기관, 수용가능 18기관, 메시지 10건
2026-10-01 15:30:16 [전북특별자치도] 병상 20기관, 수용가능 21기관, 메시지 22건
2026-10-01 15:30:17 [경상북도] 병상 31기관, 수용가능 32기관, 메시지 42건
2026-10-01 15:30:18 [경상남도] 병상 35기관, 수용가능 36기관, 메시지 77건
2026-10-01 15:30:19 [제주특별자치도] 병상 6기관, 수용가능 6기관, 메시지 8건
2026-10-01 16:00:02 [서울특별시] 병상 50기관, 수용가능 54기관, 메시지 106건
2026-10-01 16:00:04 [경기도] 병상 73기관, 수용가능 76기관, 메시지 149건
2026-10-01 16:00:05 [인천광역시] 병상 21기관, 수용가능 22기관, 메시지 12건
2026-10-01 16:00:06 [부산광역시] 병상 29기관, 수용가능 31기관, 메시지 122건
2026-10-01 16:00:07 [대구광역시] 병상 19기관, 수용가능 19기관, 메시지 74건
2026-10-01 16:00:08 [대전광역시] 병상 9기관, 수용가능 10기관, 메시지 63건
2026-10-01 16:00:10 [울산광역시] 병상 7기관, 수용가능 9기관, 메시지 11건
2026-10-01 16:00:10 [세종특별자치시] 병상 2기관, 수용가능 2기관, 메시지 14건
2026-10-01 16:00:11 [전남광주통합특별시] 병상 59기관, 수용가능 63기관, 메시지 36건
2026-10-01 16:00:13 [강원특별자치도] 병상 21기관, 수용가능 22기관, 메시지 4건
2026-10-01 16:00:14 [충청북도] 병상 15기관, 수용가능 17기관, 메시지 0건
2026-10-01 16:00:15 [충청남도] 병상 18기관, 수용가능 18기관, 메시지 10건
2026-10-01 16:00:16 [전북특별자치도] 병상 20기관, 수용가능 21기관, 메시지 22건
2026-10-01 16:00:17 [경상북도] 병상 31기관, 수용가능 32기관, 메시지 42건
2026-10-01 16:00:19 [경상남도] 병상 35기관, 수용가능 36기관, 메시지 77건
2026-10-01 16:00:21 [제주특별자치도] 병상 6기관, 수용가능 6기관, 메시지 8건
2026-10-01 16:30:01 [서울특별시] 병상 50기관, 수용가능 54기관, 메시지 107건
2026-10-01 16:30:01 [경기도] 병상 73기관, 수용가능 76기관, 메시지 150건
2026-10-01 16:30:02 [인천광역시] 병상 21기관, 수용가능 22기관, 메시지 12건
2026-10-01 16:30:03 [부산광역시] 병상 29기관, 수용가능 31기관, 메시지 122건
2026-10-01 16:30:05 [대구광역시] 병상 19기관, 수용가능 19기관, 메시지 74건
2026-10-01 16:30:06 [대전광역시] 병상 9기관, 수용가능 10기관, 메시지 63건
2026-10-01 16:30:06 [울산광역시] 병상 7기관, 수용가능 9기관, 메시지 11건
2026-10-01 16:30:08 [세종특별자치시] 병상 2기관, 수용가능 2기관, 메시지 14건
2026-10-01 16:30:09 [전남광주통합특별시] 병상 59기관, 수용가능 63기관, 메시지 36건
2026-10-01 16:30:10 [강원특별자치도] 병상 21기관, 수용가능 22기관, 메시지 4건
2026-10-01 16:30:11 [충청북도] 병상 15기관, 수용가능 17기관, 메시지 0건
2026-10-01 16:30:12 [충청남도] 병상 18기관, 수용가능 18기관, 메시지 10건
2026-10-01 16:30:13 [전북특별자치도] 병상 20기관, 수용가능 21기관, 메시지 22건
2026-10-01 16:30:14 [경상북도] 병상 31기관, 수용가능 32기관, 메시지 42건
2026-10-01 16:30:17 [경상남도] 병상 35기관, 수용가능 36기관, 메시지 77건
2026-10-01 16:30:18 [제주특별자치도] 병상 6기관, 수용가능 6기관, 메시지 8건
2026-10-01 17:00:02 [서울특별시] 병상 50기관, 수용가능 54기관, 메시지 107건
2026-10-01 17:00:03 [경기도] 병상 73기관, 수용가능 76기관, 메시지 150건
2026-10-01 17:00:03 [인천광역시] 병상 21기관, 수용가능 22기관, 메시지 12건
2026-10-01 17:00:04 [부산광역시] 병상 29기관, 수용가능 31기관, 메시지 122건
2026-10-01 17:00:05 [대구광역시] 병상 19기관, 수용가능 19기관, 메시지 71건
2026-10-01 17:00:07 [대전광역시] 병상 9기관, 수용가능 10기관, 메시지 64건
2026-10-01 17:00:20 [울산광역시] 병상 7기관, 수용가능 9기관, 메시지 11건
2026-10-01 17:00:34 [세종특별자치시] 병상 2기관, 수용가능 2기관, 메시지 14건
2026-10-01 17:00:35 [전남광주통합특별시] 병상 59기관, 수용가능 63기관, 메시지 37건
2026-10-01 17:00:36 [강원특별자치도] 병상 21기관, 수용가능 22기관, 메시지 4건
2026-10-01 17:00:37 [충청북도] 병상 15기관, 수용가능 17기관, 메시지 0건
2026-10-01 17:00:38 [충청남도] 병상 18기관, 수용가능 18기관, 메시지 10건
2026-10-01 17:00:39 [전북특별자치도] 병상 20기관, 수용가능 21기관, 메시지 22건
2026-10-01 17:00:40 [경상북도] 병상 31기관, 수용가능 32기관, 메시지 45건
2026-10-01 17:00:41 [경상남도] 병상 35기관, 수용가능 36기관, 메시지 77건
2026-10-01 17:00:41 [제주특별자치도] 병상 6기관, 수용가능 6기관, 메시지 8건
2026-10-01 17:30:01 [서울특별시] 병상 50기관, 수용가능 54기관, 메시지 107건
2026-10-01 17:30:02 [경기도] 병상 73기관, 수용가능 76기관, 메시지 147건
2026-10-01 17:30:04 [인천광역시] 병상 21기관, 수용가능 22기관, 메시지 12건
2026-10-01 17:30:06 [부산광역시] 병상 29기관, 수용가능 31기관, 메시지 123건
2026-10-01 17:30:07 [대구광역시] 병상 19기관, 수용가능 19기관, 메시지 73건
2026-10-01 17:30:07 [대전광역시] 병상 9기관, 수용가능 10기관, 메시지 63건
2026-10-01 17:30:09 [울산광역시] 병상 7기관, 수용가능 9기관, 메시지 11건
2026-10-01 17:30:10 [세종특별자치시] 병상 2기관, 수용가능 2기관, 메시지 14건
2026-10-01 17:30:10 [전남광주통합특별시] 병상 59기관, 수용가능 63기관, 메시지 38건
2026-10-01 17:30:11 [강원특별자치도] 병상 21기관, 수용가능 22기관, 메시지 4건
2026-10-01 17:30:12 [충청북도] 병상 15기관, 수용가능 17기관, 메시지 0건
2026-10-01 17:30:13 [충청남도] 병상 18기관, 수용가능 18기관, 메시지 10건
2026-10-01 17:30:14 [전북특별자치도] 병상 20기관, 수용가능 21기관, 메시지 22건
2026-10-01 17:30:15 [경상북도] 병상 31기관, 수용가능 32기관, 메시지 48건
2026-10-01 17:30:16 [경상남도] 병상 35기관, 수용가능 36기관, 메시지 77건
2026-10-01 17:30:18 [제주특별자치도] 병상 6기관, 수용가능 6기관, 메시지 12건
2026-10-01 18:00:01 [서울특별시] 병상 50기관, 수용가능 54기관, 메시지 110건
2026-10-01 18:00:05 [경기도] 병상 73기관, 수용가능 76기관, 메시지 147건
2026-10-01 18:00:07 [인천광역시] 병상 21기관, 수용가능 22기관, 메시지 12건
2026-10-01 18:00:09 [부산광역시] 병상 29기관, 수용가능 31기관, 메시지 123건
2026-10-01 18:00:10 [대구광역시] 병상 19기관, 수용가능 19기관, 메시지 75건
2026-10-01 18:00:12 [대전광역시] 병상 9기관, 수용가능 10기관, 메시지 63건
2026-10-01 18:00:15 [울산광역시] 병상 7기관, 수용가능 9기관, 메시지 11건
2026-10-01 18:00:16 [세종특별자치시] 병상 2기관, 수용가능 2기관, 메시지 14건
2026-10-01 18:00:16 [전남광주통합특별시] 병상 59기관, 수용가능 63기관, 메시지 37건
2026-10-01 18:00:17 [강원특별자치도] 병상 21기관, 수용가능 22기관, 메시지 4건
2026-10-01 18:00:18 [충청북도] 병상 15기관, 수용가능 17기관, 메시지 0건
2026-10-01 18:00:20 [충청남도] 병상 18기관, 수용가능 18기관, 메시지 12건
2026-10-01 18:00:21 [전북특별자치도] 병상 20기관, 수용가능 21기관, 메시지 29건
2026-10-01 18:00:23 [경상북도] 병상 31기관, 수용가능 32기관, 메시지 48건
2026-10-01 18:00:23 [경상남도] 병상 35기관, 수용가능 36기관, 메시지 78건
2026-10-01 18:00:24 [제주특별자치도] 병상 6기관, 수용가능 6기관, 메시지 12건
2026-10-01 18:30:02 [서울특별시] 병상 50기관, 수용가능 54기관, 메시지 111건
2026-10-01 18:30:03 [경기도] 병상 73기관, 수용가능 76기관, 메시지 147건
2026-10-01 18:30:06 [인천광역시] 병상 21기관, 수용가능 22기관, 메시지 12건
2026-10-01 18:30:07 [부산광역시] 병상 29기관, 수용가능 31기관, 메시지 128건
2026-10-01 18:30:09 [대구광역시] 병상 19기관, 수용가능 19기관, 메시지 75건
2026-10-01 18:30:10 [대전광역시] 병상 9기관, 수용가능 10기관, 메시지 63건
2026-10-01 18:30:11 [울산광역시] 병상 7기관, 수용가능 9기관, 메시지 11건
2026-10-01 18:30:11 [세종특별자치시] 병상 2기관, 수용가능 2기관, 메시지 14건
2026-10-01 18:30:12 [전남광주통합특별시] 병상 59기관, 수용가능 63기관, 메시지 37건
2026-10-01 18:30:13 [강원특별자치도] 병상 21기관, 수용가능 22기관, 메시지 5건
2026-10-01 18:30:14 [충청북도] 병상 15기관, 수용가능 17기관, 메시지 0건
2026-10-01 18:30:15 [충청남도] 병상 18기관, 수용가능 18기관, 메시지 12건
2026-10-01 18:30:17 [전북특별자치도] 병상 20기관, 수용가능 21기관, 메시지 29건
2026-10-01 18:30:19 [경상북도] 병상 31기관, 수용가능 32기관, 메시지 48건
2026-10-01 18:30:20 [경상남도] 병상 35기관, 수용가능 36기관, 메시지 93건
2026-10-01 18:30:22 [제주특별자치도] 병상 6기관, 수용가능 6기관, 메시지 12건
2026-10-01 19:00:02 [서울특별시] 병상 50기관, 수용가능 54기관, 메시지 113건
2026-10-01 19:00:04 [경기도] 병상 73기관, 수용가능 76기관, 메시지 148건
2026-10-01 19:00:04 [인천광역시] 병상 21기관, 수용가능 22기관, 메시지 12건
2026-10-01 19:00:06 [부산광역시] 병상 29기관, 수용가능 31기관, 메시지 128건
2026-10-01 19:00:07 [대구광역시] 병상 19기관, 수용가능 19기관, 메시지 75건
2026-10-01 19:00:08 [대전광역시] 병상 9기관, 수용가능 10기관, 메시지 63건
2026-10-01 19:00:09 [울산광역시] 병상 7기관, 수용가능 9기관, 메시지 11건
2026-10-01 19:00:09 [세종특별자치시] 병상 2기관, 수용가능 2기관, 메시지 14건
2026-10-01 19:00:10 [전남광주통합특별시] 병상 59기관, 수용가능 63기관, 메시지 36건
2026-10-01 19:00:11 [강원특별자치도] 병상 21기관, 수용가능 22기관, 메시지 5건
2026-10-01 19:00:12 [충청북도] 병상 15기관, 수용가능 17기관, 메시지 0건
2026-10-01 19:00:13 [충청남도] 병상 18기관, 수용가능 18기관, 메시지 13건
2026-10-01 19:00:14 [전북특별자치도] 병상 20기관, 수용가능 21기관, 메시지 29건
2026-10-01 19:00:14 [경상북도] 병상 31기관, 수용가능 32기관, 메시지 48건
2026-10-01 19:00:16 [경상남도] 병상 35기관, 수용가능 36기관, 메시지 93건
2026-10-01 19:00:16 [제주특별자치도] 병상 6기관, 수용가능 6기관, 메시지 12건
2026-10-01 19:30:02 [서울특별시] 병상 50기관, 수용가능 54기관, 메시지 113건
2026-10-01 19:30:03 [경기도] 병상 73기관, 수용가능 76기관, 메시지 149건
2026-10-01 19:30:04 [인천광역시] 병상 21기관, 수용가능 22기관, 메시지 12건
2026-10-01 19:30:05 [부산광역시] 병상 29기관, 수용가능 31기관, 메시지 128건
2026-10-01 19:30:07 [대구광역시] 병상 19기관, 수용가능 19기관, 메시지 75건
2026-10-01 19:30:08 [대전광역시] 병상 9기관, 수용가능 10기관, 메시지 63건
2026-10-01 19:30:10 [울산광역시] 병상 7기관, 수용가능 9기관, 메시지 11건
2026-10-01 19:30:10 [세종특별자치시] 병상 2기관, 수용가능 2기관, 메시지 14건
2026-10-01 19:30:11 [전남광주통합특별시] 병상 59기관, 수용가능 63기관, 메시지 36건
2026-10-01 19:30:12 [강원특별자치도] 병상 21기관, 수용가능 22기관, 메시지 5건
2026-10-01 19:30:13 [충청북도] 병상 15기관, 수용가능 17기관, 메시지 0건
2026-10-01 19:30:15 [충청남도] 병상 18기관, 수용가능 18기관, 메시지 13건
2026-10-01 19:30:16 [전북특별자치도] 병상 20기관, 수용가능 21기관, 메시지 29건
2026-10-01 19:30:17 [경상북도] 병상 31기관, 수용가능 32기관, 메시지 48건
2026-10-01 19:30:18 [경상남도] 병상 35기관, 수용가능 36기관, 메시지 93건
2026-10-01 19:30:20 [제주특별자치도] 병상 6기관, 수용가능 6기관, 메시지 12건
2026-10-01 20:00:00 [서울특별시] 병상 50기관, 수용가능 54기관, 메시지 113건
2026-10-01 20:00:01 [경기도] 병상 73기관, 수용가능 76기관, 메시지 148건
2026-10-01 20:00:04 [인천광역시] 병상 21기관, 수용가능 22기관, 메시지 12건
2026-10-01 20:00:05 [부산광역시] 병상 29기관, 수용가능 31기관, 메시지 128건
2026-10-01 20:00:06 [대구광역시] 병상 19기관, 수용가능 19기관, 메시지 75건
2026-10-01 20:00:07 [대전광역시] 병상 9기관, 수용가능 10기관, 메시지 63건
2026-10-01 20:00:08 [울산광역시] 병상 7기관, 수용가능 9기관, 메시지 11건
2026-10-01 20:00:08 [세종특별자치시] 병상 2기관, 수용가능 2기관, 메시지 15건
2026-10-01 20:00:10 [전남광주통합특별시] 병상 59기관, 수용가능 63기관, 메시지 36건
2026-10-01 20:00:10 [강원특별자치도] 병상 21기관, 수용가능 22기관, 메시지 3건
2026-10-01 20:00:11 [충청북도] 병상 15기관, 수용가능 17기관, 메시지 0건
2026-10-01 20:00:12 [충청남도] 병상 18기관, 수용가능 18기관, 메시지 13건
2026-10-01 20:00:13 [전북특별자치도] 병상 20기관, 수용가능 21기관, 메시지 29건
2026-10-01 20:00:14 [경상북도] 병상 31기관, 수용가능 32기관, 메시지 48건
2026-10-01 20:00:15 [경상남도] 병상 35기관, 수용가능 36기관, 메시지 93건
2026-10-01 20:00:16 [제주특별자치도] 병상 6기관, 수용가능 6기관, 메시지 12건
2026-10-01 20:30:02 [서울특별시] 병상 50기관, 수용가능 54기관, 메시지 112건
2026-10-01 20:30:04 [경기도] 병상 73기관, 수용가능 76기관, 메시지 148건
2026-10-01 20:30:06 [인천광역시] 병상 21기관, 수용가능 22기관, 메시지 12건
2026-10-01 20:30:07 [부산광역시] 병상 29기관, 수용가능 31기관, 메시지 128건
2026-10-01 20:30:08 [대구광역시] 병상 19기관, 수용가능 19기관, 메시지 75건
2026-10-01 20:30:09 [대전광역시] 병상 9기관, 수용가능 10기관, 메시지 63건
2026-10-01 20:30:10 [울산광역시] 병상 7기관, 수용가능 9기관, 메시지 11건
2026-10-01 20:30:11 [세종특별자치시] 병상 2기관, 수용가능 2기관, 메시지 15건
2026-10-01 20:30:12 [전남광주통합특별시] 병상 59기관, 수용가능 63기관, 메시지 36건
2026-10-01 20:30:13 [강원특별자치도] 병상 21기관, 수용가능 22기관, 메시지 4건
2026-10-01 20:30:14 [충청북도] 병상 15기관, 수용가능 17기관, 메시지 0건
2026-10-01 20:30:15 [충청남도] 병상 18기관, 수용가능 18기관, 메시지 13건
2026-10-01 20:30:16 [전북특별자치도] 병상 20기관, 수용가능 21기관, 메시지 29건
2026-10-01 20:30:17 [경상북도] 병상 31기관, 수용가능 32기관, 메시지 48건
2026-10-01 20:30:19 [경상남도] 병상 35기관, 수용가능 36기관, 메시지 94건
2026-10-01 20:30:21 [제주특별자치도] 병상 6기관, 수용가능 6기관, 메시지 12건
2026-10-01 21:00:02 [서울특별시] 병상 50기관, 수용가능 54기관, 메시지 111건
2026-10-01 21:00:02 [경기도] 병상 73기관, 수용가능 76기관, 메시지 148건
2026-10-01 21:00:04 [인천광역시] 병상 21기관, 수용가능 22기관, 메시지 12건
2026-10-01 21:00:05 [부산광역시] 병상 29기관, 수용가능 31기관, 메시지 129건
2026-10-01 21:00:06 [대구광역시] 병상 19기관, 수용가능 19기관, 메시지 75건
2026-10-01 21:00:06 [대전광역시] 병상 9기관, 수용가능 10기관, 메시지 63건
2026-10-01 21:00:08 [울산광역시] 병상 7기관, 수용가능 9기관, 메시지 11건
2026-10-01 21:00:10 [세종특별자치시] 병상 2기관, 수용가능 2기관, 메시지 15건
2026-10-01 21:00:11 [전남광주통합특별시] 병상 59기관, 수용가능 63기관, 메시지 36건
2026-10-01 21:00:12 [강원특별자치도] 병상 21기관, 수용가능 22기관, 메시지 4건
2026-10-01 21:00:14 [충청북도] 병상 15기관, 수용가능 17기관, 메시지 0건
2026-10-01 21:00:15 [충청남도] 병상 18기관, 수용가능 18기관, 메시지 13건
2026-10-01 21:00:15 [전북특별자치도] 병상 20기관, 수용가능 21기관, 메시지 29건
2026-10-01 21:00:16 [경상북도] 병상 31기관, 수용가능 32기관, 메시지 48건
2026-10-01 21:00:18 [경상남도] 병상 35기관, 수용가능 36기관, 메시지 94건
2026-10-01 21:00:19 [제주특별자치도] 병상 6기관, 수용가능 6기관, 메시지 12건
2026-10-01 21:30:01 [서울특별시] 병상 50기관, 수용가능 54기관, 메시지 111건
2026-10-01 21:30:02 [경기도] 병상 73기관, 수용가능 76기관, 메시지 148건
2026-10-01 21:30:04 [인천광역시] 병상 21기관, 수용가능 22기관, 메시지 12건
2026-10-01 21:30:04 [부산광역시] 병상 29기관, 수용가능 31기관, 메시지 129건
2026-10-01 21:30:05 [대구광역시] 병상 19기관, 수용가능 19기관, 메시지 75건
2026-10-01 21:30:07 [대전광역시] 병상 9기관, 수용가능 10기관, 메시지 63건
2026-10-01 21:30:08 [울산광역시] 병상 7기관, 수용가능 9기관, 메시지 11건
2026-10-01 21:30:09 [세종특별자치시] 병상 2기관, 수용가능 2기관, 메시지 15건
2026-10-01 21:30:09 [전남광주통합특별시] 병상 59기관, 수용가능 63기관, 메시지 36건
2026-10-01 21:30:10 [강원특별자치도] 병상 21기관, 수용가능 22기관, 메시지 4건
2026-10-01 21:30:11 [충청북도] 병상 15기관, 수용가능 17기관, 메시지 0건
2026-10-01 21:30:12 [충청남도] 병상 18기관, 수용가능 18기관, 메시지 13건
2026-10-01 21:30:13 [전북특별자치도] 병상 20기관, 수용가능 21기관, 메시지 29건
2026-10-01 21:30:14 [경상북도] 병상 31기관, 수용가능 32기관, 메시지 48건
2026-10-01 21:30:14 [경상남도] 병상 35기관, 수용가능 36기관, 메시지 94건
2026-10-01 21:30:16 [제주특별자치도] 병상 6기관, 수용가능 6기관, 메시지 12건
2026-10-01 22:00:01 [서울특별시] 병상 50기관, 수용가능 54기관, 메시지 111건
2026-10-01 22:00:03 [경기도] 병상 73기관, 수용가능 76기관, 메시지 148건
2026-10-01 22:00:05 [인천광역시] 병상 21기관, 수용가능 22기관, 메시지 12건
2026-10-01 22:00:06 [부산광역시] 병상 29기관, 수용가능 31기관, 메시지 129건
2026-10-01 22:00:08 [대구광역시] 병상 19기관, 수용가능 19기관, 메시지 75건
2026-10-01 22:00:09 [대전광역시] 병상 9기관, 수용가능 10기관, 메시지 63건
2026-10-01 22:00:11 [울산광역시] 병상 7기관, 수용가능 9기관, 메시지 11건
2026-10-01 22:00:12 [세종특별자치시] 병상 2기관, 수용가능 2기관, 메시지 14건
2026-10-01 22:00:17 [전남광주통합특별시] 병상 59기관, 수용가능 63기관, 메시지 36건
2026-10-01 22:00:21 [강원특별자치도] 병상 21기관, 수용가능 22기관, 메시지 4건
2026-10-01 22:00:22 [충청북도] 병상 15기관, 수용가능 17기관, 메시지 0건
2026-10-01 22:00:23 [충청남도] 병상 18기관, 수용가능 18기관, 메시지 13건
2026-10-01 22:00:24 [전북특별자치도] 병상 20기관, 수용가능 21기관, 메시지 29건
2026-10-01 22:00:25 [경상북도] 병상 31기관, 수용가능 32기관, 메시지 48건
2026-10-01 22:00:25 [경상남도] 병상 35기관, 수용가능 36기관, 메시지 94건
2026-10-01 22:00:27 [제주특별자치도] 병상 6기관, 수용가능 6기관, 메시지 12건
2026-10-01 22:29:58 [서울특별시] 병상 50기관, 수용가능 54기관, 메시지 116건
2026-10-01 22:30:00 [경기도] 병상 73기관, 수용가능 76기관, 메시지 148건
2026-10-01 22:30:01 [인천광역시] 병상 21기관, 수용가능 22기관, 메시지 12건
2026-10-01 22:30:01 [부산광역시] 병상 29기관, 수용가능 31기관, 메시지 129건
2026-10-01 22:30:02 [대구광역시] 병상 19기관, 수용가능 19기관, 메시지 75건
2026-10-01 22:30:04 [대전광역시] 병상 9기관, 수용가능 10기관, 메시지 63건
2026-10-01 22:30:05 [울산광역시] 병상 7기관, 수용가능 9기관, 메시지 11건
2026-10-01 22:30:06 [세종특별자치시] 병상 2기관, 수용가능 2기관, 메시지 14건
2026-10-01 22:30:07 [전남광주통합특별시] 병상 59기관, 수용가능 63기관, 메시지 36건
2026-10-01 22:30:08 [강원특별자치도] 병상 21기관, 수용가능 22기관, 메시지 4건
2026-10-01 22:30:09 [충청북도] 병상 15기관, 수용가능 17기관, 메시지 0건
2026-10-01 22:30:10 [충청남도] 병상 18기관, 수용가능 18기관, 메시지 13건
2026-10-01 22:30:10 [전북특별자치도] 병상 20기관, 수용가능 21기관, 메시지 29건
2026-10-01 22:30:11 [경상북도] 병상 31기관, 수용가능 32기관, 메시지 48건
2026-10-01 22:30:13 [경상남도] 병상 35기관, 수용가능 36기관, 메시지 94건
2026-10-01 22:30:15 [제주특별자치도] 병상 6기관, 수용가능 6기관, 메시지 12건
2026-10-01 23:00:00 [서울특별시] 병상 50기관, 수용가능 54기관, 메시지 116건
2026-10-01 23:00:01 [경기도] 병상 73기관, 수용가능 76기관, 메시지 148건
2026-10-01 23:00:02 [인천광역시] 병상 21기관, 수용가능 22기관, 메시지 12건
2026-10-01 23:00:03 [부산광역시] 병상 29기관, 수용가능 31기관, 메시지 128건
2026-10-01 23:00:04 [대구광역시] 병상 19기관, 수용가능 19기관, 메시지 75건
2026-10-01 23:00:05 [대전광역시] 병상 9기관, 수용가능 10기관, 메시지 63건
2026-10-01 23:00:07 [울산광역시] 병상 7기관, 수용가능 9기관, 메시지 11건
2026-10-01 23:00:08 [세종특별자치시] 병상 2기관, 수용가능 2기관, 메시지 14건
2026-10-01 23:00:09 [전남광주통합특별시] 병상 59기관, 수용가능 63기관, 메시지 36건
2026-10-01 23:00:10 [강원특별자치도] 병상 21기관, 수용가능 22기관, 메시지 4건
2026-10-01 23:00:11 [충청북도] 병상 15기관, 수용가능 17기관, 메시지 0건
2026-10-01 23:00:11 [충청남도] 병상 18기관, 수용가능 18기관, 메시지 12건
2026-10-01 23:00:13 [전북특별자치도] 병상 20기관, 수용가능 21기관, 메시지 29건
2026-10-01 23:00:13 [경상북도] 병상 31기관, 수용가능 32기관, 메시지 48건
2026-10-01 23:00:14 [경상남도] 병상 35기관, 수용가능 36기관, 메시지 94건
2026-10-01 23:00:14 [제주특별자치도] 병상 6기관, 수용가능 6기관, 메시지 13건
2026-10-01 23:30:02 [서울특별시] 병상 50기관, 수용가능 54기관, 메시지 116건
2026-10-01 23:30:03 [경기도] 병상 73기관, 수용가능 76기관, 메시지 148건
2026-10-01 23:30:04 [인천광역시] 병상 21기관, 수용가능 22기관, 메시지 12건
2026-10-01 23:30:05 [부산광역시] 병상 29기관, 수용가능 31기관, 메시지 129건
2026-10-01 23:30:06 [대구광역시] 병상 19기관, 수용가능 19기관, 메시지 75건
2026-10-01 23:30:07 [대전광역시] 병상 9기관, 수용가능 10기관, 메시지 63건
2026-10-01 23:30:09 [울산광역시] 병상 7기관, 수용가능 9기관, 메시지 11건
2026-10-01 23:30:11 [세종특별자치시] 병상 2기관, 수용가능 2기관, 메시지 14건
2026-10-01 23:30:12 [전남광주통합특별시] 병상 59기관, 수용가능 63기관, 메시지 36건
2026-10-01 23:30:13 [강원특별자치도] 병상 21기관, 수용가능 22기관, 메시지 4건
2026-10-01 23:30:14 [충청북도] 병상 15기관, 수용가능 17기관, 메시지 0건
2026-10-01 23:30:16 [충청남도] 병상 18기관, 수용가능 18기관, 메시지 13건
2026-10-01 23:30:19 [전북특별자치도] 병상 20기관, 수용가능 21기관, 메시지 29건
2026-10-01 23:30:19 [경상북도] 병상 31기관, 수용가능 32기관, 메시지 48건
2026-10-01 23:30:21 [경상남도] 병상 35기관, 수용가능 36기관, 메시지 93건
2026-10-01 23:30:23 [제주특별자치도] 병상 6기관, 수용가능 6기관, 메시지 13건
2026-10-02 00:00:02 [서울특별시] 병상 50기관, 수용가능 54기관, 메시지 110건
2026-10-02 00:00:03 [경기도] 병상 73기관, 수용가능 76기관, 메시지 144건
2026-10-02 00:00:04 [인천광역시] 병상 21기관, 수용가능 22기관, 메시지 12건
2026-10-02 00:00:05 [부산광역시] 병상 29기관, 수용가능 31기관, 메시지 133건
2026-10-02 00:00:06 [대구광역시] 병상 19기관, 수용가능 19기관, 메시지 75건
2026-10-02 00:00:07 [대전광역시] 병상 9기관, 수용가능 10기관, 메시지 64건
2026-10-02 00:00:07 [울산광역시] 병상 7기관, 수용가능 9기관, 메시지 11건
2026-10-02 00:00:09 [세종특별자치시] 병상 2기관, 수용가능 2기관, 메시지 14건
2026-10-02 00:00:10 [전남광주통합특별시] 병상 59기관, 수용가능 63기관, 메시지 36건
2026-10-02 00:00:11 [강원특별자치도] 병상 21기관, 수용가능 22기관, 메시지 4건
2026-10-02 00:00:11 [충청북도] 병상 15기관, 수용가능 17기관, 메시지 0건
2026-10-02 00:00:12 [충청남도] 병상 18기관, 수용가능 18기관, 메시지 11건
2026-10-02 00:00:13 [전북특별자치도] 병상 20기관, 수용가능 21기관, 메시지 30건
2026-10-02 00:00:14 [경상북도] 병상 31기관, 수용가능 32기관, 메시지 48건
2026-10-02 00:00:16 [경상남도] 병상 35기관, 수용가능 36기관, 메시지 87건
2026-10-02 00:00:16 [제주특별자치도] 병상 6기관, 수용가능 6기관, 메시지 11건
2026-10-02 00:30:02 [서울특별시] 병상 50기관, 수용가능 54기관, 메시지 116건
2026-10-02 00:30:04 [경기도] 병상 73기관, 수용가능 76기관, 메시지 144건
2026-10-02 00:30:05 [인천광역시] 병상 21기관, 수용가능 22기관, 메시지 12건
2026-10-02 00:30:06 [부산광역시] 병상 29기관, 수용가능 31기관, 메시지 134건
2026-10-02 00:30:07 [대구광역시] 병상 19기관, 수용가능 19기관, 메시지 75건
2026-10-02 00:30:08 [대전광역시] 병상 9기관, 수용가능 10기관, 메시지 64건
2026-10-02 00:30:10 [울산광역시] 병상 7기관, 수용가능 9기관, 메시지 11건
2026-10-02 00:30:11 [세종특별자치시] 병상 2기관, 수용가능 2기관, 메시지 14건
2026-10-02 00:30:12 [전남광주통합특별시] 병상 59기관, 수용가능 63기관, 메시지 51건
2026-10-02 00:30:13 [강원특별자치도] 병상 21기관, 수용가능 22기관, 메시지 4건
2026-10-02 00:30:15 [충청북도] 병상 15기관, 수용가능 17기관, 메시지 0건
2026-10-02 00:30:16 [충청남도] 병상 18기관, 수용가능 18기관, 메시지 13건
2026-10-02 00:30:18 [전북특별자치도] 병상 20기관, 수용가능 21기관, 메시지 30건
2026-10-02 00:30:19 [경상북도] 병상 31기관, 수용가능 32기관, 메시지 48건
2026-10-02 00:30:22 [경상남도] 병상 35기관, 수용가능 36기관, 메시지 91건
2026-10-02 00:30:22 [제주특별자치도] 병상 6기관, 수용가능 6기관, 메시지 14건
2026-10-02 01:00:00 [서울특별시] 병상 50기관, 수용가능 54기관, 메시지 116건
2026-10-02 01:00:02 [경기도] 병상 73기관, 수용가능 76기관, 메시지 144건
2026-10-02 01:00:04 [인천광역시] 병상 21기관, 수용가능 22기관, 메시지 12건
2026-10-02 01:00:05 [부산광역시] 병상 29기관, 수용가능 31기관, 메시지 134건
2026-10-02 01:00:05 [대구광역시] 병상 19기관, 수용가능 19기관, 메시지 75건
2026-10-02 01:00:06 [대전광역시] 병상 9기관, 수용가능 10기관, 메시지 64건
2026-10-02 01:00:07 [울산광역시] 병상 7기관, 수용가능 9기관, 메시지 11건
2026-10-02 01:00:08 [세종특별자치시] 병상 2기관, 수용가능 2기관, 메시지 14건
2026-10-02 01:00:09 [전남광주통합특별시] 병상 59기관, 수용가능 63기관, 메시지 52건
2026-10-02 01:00:11 [강원특별자치도] 병상 21기관, 수용가능 22기관, 메시지 4건
2026-10-02 01:00:12 [충청북도] 병상 15기관, 수용가능 17기관, 메시지 0건
2026-10-02 01:00:13 [충청남도] 병상 18기관, 수용가능 18기관, 메시지 15건
2026-10-02 01:00:15 [전북특별자치도] 병상 20기관, 수용가능 21기관, 메시지 30건
2026-10-02 01:00:15 [경상북도] 병상 31기관, 수용가능 32기관, 메시지 48건
2026-10-02 01:00:16 [경상남도] 병상 35기관, 수용가능 36기관, 메시지 91건
2026-10-02 01:00:18 [제주특별자치도] 병상 6기관, 수용가능 6기관, 메시지 14건
2026-10-02 01:30:02 [서울특별시] 병상 50기관, 수용가능 54기관, 메시지 116건
2026-10-02 01:30:03 [경기도] 병상 73기관, 수용가능 76기관, 메시지 148건
2026-10-02 01:30:04 [인천광역시] 병상 21기관, 수용가능 22기관, 메시지 12건
2026-10-02 01:30:06 [부산광역시] 병상 29기관, 수용가능 31기관, 메시지 138건
2026-10-02 01:30:08 [대구광역시] 병상 19기관, 수용가능 19기관, 메시지 75건
2026-10-02 01:30:09 [대전광역시] 병상 9기관, 수용가능 10기관, 메시지 64건
2026-10-02 01:30:10 [울산광역시] 병상 7기관, 수용가능 9기관, 메시지 11건
2026-10-02 01:30:11 [세종특별자치시] 병상 2기관, 수용가능 2기관, 메시지 14건
2026-10-02 01:30:12 [전남광주통합특별시] 병상 59기관, 수용가능 63기관, 메시지 52건
2026-10-02 01:30:13 [강원특별자치도] 병상 21기관, 수용가능 22기관, 메시지 4건
2026-10-02 01:30:14 [충청북도] 병상 15기관, 수용가능 17기관, 메시지 0건
2026-10-02 01:30:15 [충청남도] 병상 18기관, 수용가능 18기관, 메시지 15건
2026-10-02 01:30:16 [전북특별자치도] 병상 20기관, 수용가능 21기관, 메시지 30건
2026-10-02 01:30:17 [경상북도] 병상 31기관, 수용가능 32기관, 메시지 48건
2026-10-02 01:30:18 [경상남도] 병상 35기관, 수용가능 36기관, 메시지 91건
2026-10-02 01:30:19 [제주특별자치도] 병상 6기관, 수용가능 6기관, 메시지 14건
2026-10-02 02:00:10 [서울특별시] 병상 50기관, 수용가능 54기관, 메시지 116건
2026-10-02 02:00:22 [경기도] 병상 73기관, 수용가능 76기관, 메시지 148건
2026-10-02 02:00:27 [인천광역시] 병상 21기관, 수용가능 22기관, 메시지 12건
2026-10-02 02:00:34 [부산광역시] 병상 29기관, 수용가능 31기관, 메시지 138건
2026-10-02 02:00:38 [대구광역시] 병상 19기관, 수용가능 19기관, 메시지 75건
2026-10-02 02:00:43 [대전광역시] 병상 9기관, 수용가능 10기관, 메시지 64건
2026-10-02 02:00:50 [울산광역시] 병상 7기관, 수용가능 9기관, 메시지 11건
2026-10-02 02:00:55 [세종특별자치시] 병상 2기관, 수용가능 2기관, 메시지 14건
2026-10-02 02:01:03 [전남광주통합특별시] 병상 59기관, 수용가능 63기관, 메시지 52건
2026-10-02 02:01:07 [강원특별자치도] 병상 21기관, 수용가능 22기관, 메시지 4건
2026-10-02 02:01:12 [충청북도] 병상 15기관, 수용가능 17기관, 메시지 0건
2026-10-02 02:01:17 [충청남도] 병상 18기관, 수용가능 18기관, 메시지 15건
2026-10-02 02:01:22 [전북특별자치도] 병상 20기관, 수용가능 21기관, 메시지 30건
2026-10-02 02:01:27 [경상북도] 병상 31기관, 수용가능 32기관, 메시지 48건
2026-10-02 02:01:31 [경상남도] 병상 35기관, 수용가능 36기관, 메시지 91건
2026-10-02 02:01:37 [제주특별자치도] 병상 6기관, 수용가능 6기관, 메시지 14건
2026-10-02 02:30:01 [서울특별시] 병상 50기관, 수용가능 54기관, 메시지 117건
2026-10-02 02:30:02 [경기도] 병상 73기관, 수용가능 76기관, 메시지 150건
2026-10-02 02:30:04 [인천광역시] 병상 21기관, 수용가능 22기관, 메시지 12건
2026-10-02 02:30:05 [부산광역시] 병상 29기관, 수용가능 31기관, 메시지 138건
2026-10-02 02:30:06 [대구광역시] 병상 19기관, 수용가능 19기관, 메시지 75건
2026-10-02 02:30:07 [대전광역시] 병상 9기관, 수용가능 10기관, 메시지 64건
2026-10-02 02:30:09 [울산광역시] 병상 7기관, 수용가능 9기관, 메시지 13건
2026-10-02 02:30:10 [세종특별자치시] 병상 2기관, 수용가능 2기관, 메시지 14건
2026-10-02 02:30:11 [전남광주통합특별시] 병상 59기관, 수용가능 63기관, 메시지 52건
2026-10-02 02:30:12 [강원특별자치도] 병상 21기관, 수용가능 22기관, 메시지 4건
2026-10-02 02:30:12 [충청북도] 병상 15기관, 수용가능 17기관, 메시지 0건
2026-10-02 02:30:14 [충청남도] 병상 18기관, 수용가능 18기관, 메시지 15건
2026-10-02 02:30:15 [전북특별자치도] 병상 20기관, 수용가능 21기관, 메시지 30건
2026-10-02 02:30:16 [경상북도] 병상 31기관, 수용가능 32기관, 메시지 48건
2026-10-02 02:30:17 [경상남도] 병상 35기관, 수용가능 36기관, 메시지 91건
2026-10-02 02:30:18 [제주특별자치도] 병상 6기관, 수용가능 6기관, 메시지 14건
2026-10-02 03:00:16 [서울특별시] 병상 50기관, 수용가능 54기관, 메시지 117건
2026-10-02 03:00:17 [경기도] 병상 73기관, 수용가능 76기관, 메시지 150건
2026-10-02 03:00:18 [인천광역시] 병상 21기관, 수용가능 22기관, 메시지 12건
2026-10-02 03:00:20 [부산광역시] 병상 29기관, 수용가능 31기관, 메시지 138건
2026-10-02 03:00:21 [대구광역시] 병상 19기관, 수용가능 19기관, 메시지 75건
2026-10-02 03:00:22 [대전광역시] 병상 9기관, 수용가능 10기관, 메시지 64건
2026-10-02 03:00:23 [울산광역시] 병상 7기관, 수용가능 9기관, 메시지 13건
2026-10-02 03:00:24 [세종특별자치시] 병상 2기관, 수용가능 2기관, 메시지 14건
2026-10-02 03:00:25 [전남광주통합특별시] 병상 59기관, 수용가능 63기관, 메시지 52건
2026-10-02 03:00:26 [강원특별자치도] 병상 21기관, 수용가능 22기관, 메시지 4건
2026-10-02 03:00:26 [충청북도] 병상 15기관, 수용가능 17기관, 메시지 0건
2026-10-02 03:00:28 [충청남도] 병상 18기관, 수용가능 18기관, 메시지 15건
2026-10-02 03:00:28 [전북특별자치도] 병상 20기관, 수용가능 21기관, 메시지 30건
2026-10-02 03:00:29 [경상북도] 병상 31기관, 수용가능 32기관, 메시지 48건
2026-10-02 03:00:31 [경상남도] 병상 35기관, 수용가능 36기관, 메시지 91건
2026-10-02 03:00:32 [제주특별자치도] 병상 6기관, 수용가능 6기관, 메시지 14건
2026-10-02 03:30:01 [서울특별시] 병상 50기관, 수용가능 54기관, 메시지 117건
2026-10-02 03:30:03 [경기도] 병상 73기관, 수용가능 76기관, 메시지 150건
2026-10-02 03:30:04 [인천광역시] 병상 21기관, 수용가능 22기관, 메시지 12건
2026-10-02 03:30:05 [부산광역시] 병상 29기관, 수용가능 31기관, 메시지 137건
2026-10-02 03:30:07 [대구광역시] 병상 19기관, 수용가능 19기관, 메시지 75건
2026-10-02 03:30:08 [대전광역시] 병상 9기관, 수용가능 10기관, 메시지 64건
2026-10-02 03:30:10 [울산광역시] 병상 7기관, 수용가능 9기관, 메시지 13건
2026-10-02 03:30:11 [세종특별자치시] 병상 2기관, 수용가능 2기관, 메시지 14건
2026-10-02 03:30:12 [전남광주통합특별시] 병상 59기관, 수용가능 63기관, 메시지 52건
2026-10-02 03:30:12 [강원특별자치도] 병상 21기관, 수용가능 22기관, 메시지 4건
2026-10-02 03:30:13 [충청북도] 병상 15기관, 수용가능 17기관, 메시지 0건
2026-10-02 03:30:14 [충청남도] 병상 18기관, 수용가능 18기관, 메시지 15건
2026-10-02 03:30:15 [전북특별자치도] 병상 20기관, 수용가능 21기관, 메시지 30건
2026-10-02 03:30:16 [경상북도] 병상 31기관, 수용가능 32기관, 메시지 48건
2026-10-02 03:30:17 [경상남도] 병상 35기관, 수용가능 36기관, 메시지 91건
2026-10-02 03:30:18 [제주특별자치도] 병상 6기관, 수용가능 6기관, 메시지 14건
2026-10-02 04:00:01 [서울특별시] 병상 50기관, 수용가능 54기관, 메시지 116건
2026-10-02 04:00:03 [경기도] 병상 73기관, 수용가능 76기관, 메시지 150건
2026-10-02 04:00:04 [인천광역시] 병상 21기관, 수용가능 22기관, 메시지 12건
2026-10-02 04:00:05 [부산광역시] 병상 29기관, 수용가능 31기관, 메시지 137건
2026-10-02 04:00:06 [대구광역시] 병상 19기관, 수용가능 19기관, 메시지 75건
2026-10-02 04:00:06 [대전광역시] 병상 9기관, 수용가능 10기관, 메시지 64건
2026-10-02 04:00:07 [울산광역시] 병상 7기관, 수용가능 9기관, 메시지 13건
2026-10-02 04:00:08 [세종특별자치시] 병상 2기관, 수용가능 2기관, 메시지 14건
2026-10-02 04:00:09 [전남광주통합특별시] 병상 59기관, 수용가능 63기관, 메시지 52건
2026-10-02 04:00:10 [강원특별자치도] 병상 21기관, 수용가능 22기관, 메시지 4건
2026-10-02 04:00:11 [충청북도] 병상 15기관, 수용가능 17기관, 메시지 0건
2026-10-02 04:00:12 [충청남도] 병상 18기관, 수용가능 18기관, 메시지 15건
2026-10-02 04:00:13 [전북특별자치도] 병상 20기관, 수용가능 21기관, 메시지 30건
2026-10-02 04:00:14 [경상북도] 병상 31기관, 수용가능 32기관, 메시지 48건
2026-10-02 04:00:15 [경상남도] 병상 35기관, 수용가능 36기관, 메시지 91건
2026-10-02 04:00:16 [제주특별자치도] 병상 6기관, 수용가능 6기관, 메시지 14건
2026-10-02 04:30:01 [서울특별시] 병상 50기관, 수용가능 54기관, 메시지 116건
2026-10-02 04:30:03 [경기도] 병상 73기관, 수용가능 76기관, 메시지 150건
2026-10-02 04:30:05 [인천광역시] 병상 21기관, 수용가능 22기관, 메시지 12건
2026-10-02 04:30:05 [부산광역시] 병상 29기관, 수용가능 31기관, 메시지 137건
2026-10-02 04:30:06 [대구광역시] 병상 19기관, 수용가능 19기관, 메시지 75건
2026-10-02 04:30:07 [대전광역시] 병상 9기관, 수용가능 10기관, 메시지 64건
2026-10-02 04:30:09 [울산광역시] 병상 7기관, 수용가능 9기관, 메시지 13건
2026-10-02 04:30:10 [세종특별자치시] 병상 2기관, 수용가능 2기관, 메시지 14건
2026-10-02 04:30:11 [전남광주통합특별시] 병상 59기관, 수용가능 63기관, 메시지 52건
2026-10-02 04:30:12 [강원특별자치도] 병상 21기관, 수용가능 22기관, 메시지 4건
2026-10-02 04:30:13 [충청북도] 병상 15기관, 수용가능 17기관, 메시지 0건
2026-10-02 04:30:15 [충청남도] 병상 18기관, 수용가능 18기관, 메시지 15건
2026-10-02 04:30:16 [전북특별자치도] 병상 20기관, 수용가능 21기관, 메시지 30건
2026-10-02 04:30:18 [경상북도] 병상 31기관, 수용가능 32기관, 메시지 48건
2026-10-02 04:30:21 [경상남도] 병상 35기관, 수용가능 36기관, 메시지 91건
2026-10-02 04:30:22 [제주특별자치도] 병상 6기관, 수용가능 6기관, 메시지 14건
2026-10-02 05:00:00 [서울특별시] 병상 50기관, 수용가능 54기관, 메시지 116건
2026-10-02 05:00:01 [경기도] 병상 73기관, 수용가능 76기관, 메시지 150건
2026-10-02 05:00:04 [인천광역시] 병상 21기관, 수용가능 22기관, 메시지 12건
2026-10-02 05:00:05 [부산광역시] 병상 29기관, 수용가능 31기관, 메시지 137건
2026-10-02 05:00:06 [대구광역시] 병상 19기관, 수용가능 19기관, 메시지 75건
2026-10-02 05:00:07 [대전광역시] 병상 9기관, 수용가능 10기관, 메시지 64건
2026-10-02 05:00:09 [울산광역시] 병상 7기관, 수용가능 9기관, 메시지 13건
2026-10-02 05:00:10 [세종특별자치시] 병상 2기관, 수용가능 2기관, 메시지 14건
2026-10-02 05:00:12 [전남광주통합특별시] 병상 59기관, 수용가능 63기관, 메시지 52건
2026-10-02 05:00:13 [강원특별자치도] 병상 21기관, 수용가능 22기관, 메시지 4건
2026-10-02 05:00:14 [충청북도] 병상 15기관, 수용가능 17기관, 메시지 0건
2026-10-02 05:00:16 [충청남도] 병상 18기관, 수용가능 18기관, 메시지 15건
2026-10-02 05:00:16 [전북특별자치도] 병상 20기관, 수용가능 21기관, 메시지 30건
2026-10-02 05:00:17 [경상북도] 병상 31기관, 수용가능 32기관, 메시지 48건
2026-10-02 05:00:19 [경상남도] 병상 35기관, 수용가능 36기관, 메시지 91건
2026-10-02 05:00:20 [제주특별자치도] 병상 6기관, 수용가능 6기관, 메시지 14건
2026-10-02 05:30:00 [서울특별시] 병상 50기관, 수용가능 54기관, 메시지 116건
2026-10-02 05:30:01 [경기도] 병상 73기관, 수용가능 76기관, 메시지 150건
2026-10-02 05:30:03 [인천광역시] 병상 21기관, 수용가능 22기관, 메시지 12건
2026-10-02 05:30:04 [부산광역시] 병상 29기관, 수용가능 31기관, 메시지 137건
2026-10-02 05:30:06 [대구광역시] 병상 19기관, 수용가능 19기관, 메시지 75건
2026-10-02 05:30:07 [대전광역시] 병상 9기관, 수용가능 10기관, 메시지 64건
2026-10-02 05:30:08 [울산광역시] 병상 7기관, 수용가능 9기관, 메시지 13건
2026-10-02 05:30:09 [세종특별자치시] 병상 2기관, 수용가능 2기관, 메시지 14건
2026-10-02 05:30:10 [전남광주통합특별시] 병상 59기관, 수용가능 63기관, 메시지 52건
2026-10-02 05:30:12 [강원특별자치도] 병상 21기관, 수용가능 22기관, 메시지 4건
2026-10-02 05:30:12 [충청북도] 병상 15기관, 수용가능 17기관, 메시지 0건
2026-10-02 05:30:13 [충청남도] 병상 18기관, 수용가능 18기관, 메시지 15건
2026-10-02 05:30:15 [전북특별자치도] 병상 20기관, 수용가능 21기관, 메시지 30건
2026-10-02 05:30:16 [경상북도] 병상 31기관, 수용가능 32기관, 메시지 48건
2026-10-02 05:30:17 [경상남도] 병상 35기관, 수용가능 36기관, 메시지 91건
2026-10-02 05:30:19 [제주특별자치도] 병상 6기관, 수용가능 6기관, 메시지 14건
2026-10-02 06:00:02 [서울특별시] 병상 50기관, 수용가능 54기관, 메시지 115건
2026-10-02 06:00:04 [경기도] 병상 73기관, 수용가능 76기관, 메시지 150건
2026-10-02 06:00:06 [인천광역시] 병상 21기관, 수용가능 22기관, 메시지 12건
2026-10-02 06:00:07 [부산광역시] 병상 29기관, 수용가능 31기관, 메시지 135건
2026-10-02 06:00:15 [대구광역시] 병상 19기관, 수용가능 19기관, 메시지 75건
2026-10-02 06:00:18 [대전광역시] 병상 9기관, 수용가능 10기관, 메시지 64건
2026-10-02 06:00:19 [울산광역시] 병상 7기관, 수용가능 9기관, 메시지 13건
2026-10-02 06:00:19 [세종특별자치시] 병상 2기관, 수용가능 2기관, 메시지 14건
2026-10-02 06:00:21 [전남광주통합특별시] 병상 59기관, 수용가능 63기관, 메시지 52건
2026-10-02 06:00:23 [강원특별자치도] 병상 21기관, 수용가능 22기관, 메시지 4건
2026-10-02 06:00:25 [충청북도] 병상 15기관, 수용가능 17기관, 메시지 0건
2026-10-02 06:00:26 [충청남도] 병상 18기관, 수용가능 18기관, 메시지 15건
2026-10-02 06:00:28 [전북특별자치도] 병상 20기관, 수용가능 21기관, 메시지 27건
2026-10-02 06:00:29 [경상북도] 병상 31기관, 수용가능 32기관, 메시지 48건
2026-10-02 06:00:30 [경상남도] 병상 35기관, 수용가능 36기관, 메시지 91건
2026-10-02 06:00:31 [제주특별자치도] 병상 6기관, 수용가능 6기관, 메시지 14건
2026-10-02 06:30:01 [서울특별시] 병상 50기관, 수용가능 54기관, 메시지 115건
2026-10-02 06:30:01 [경기도] 병상 73기관, 수용가능 76기관, 메시지 151건
2026-10-02 06:30:02 [인천광역시] 병상 21기관, 수용가능 22기관, 메시지 12건
2026-10-02 06:30:03 [부산광역시] 병상 29기관, 수용가능 31기관, 메시지 135건
2026-10-02 06:30:05 [대구광역시] 병상 19기관, 수용가능 19기관, 메시지 76건
2026-10-02 06:30:06 [대전광역시] 병상 9기관, 수용가능 10기관, 메시지 65건
2026-10-02 06:30:07 [울산광역시] 병상 7기관, 수용가능 9기관, 메시지 13건
2026-10-02 06:30:08 [세종특별자치시] 병상 2기관, 수용가능 2기관, 메시지 14건
2026-10-02 06:30:09 [전남광주통합특별시] 병상 59기관, 수용가능 63기관, 메시지 52건
2026-10-02 06:30:09 [강원특별자치도] 병상 21기관, 수용가능 22기관, 메시지 4건
2026-10-02 06:30:10 [충청북도] 병상 15기관, 수용가능 17기관, 메시지 0건
2026-10-02 06:30:11 [충청남도] 병상 18기관, 수용가능 18기관, 메시지 15건
2026-10-02 06:30:12 [전북특별자치도] 병상 20기관, 수용가능 21기관, 메시지 27건
2026-10-02 06:30:13 [경상북도] 병상 31기관, 수용가능 32기관, 메시지 48건
2026-10-02 06:30:15 [경상남도] 병상 35기관, 수용가능 36기관, 메시지 91건
2026-10-02 06:30:16 [제주특별자치도] 병상 6기관, 수용가능 6기관, 메시지 14건
2026-10-02 07:00:01 [서울특별시] 병상 50기관, 수용가능 54기관, 메시지 115건
2026-10-02 07:00:02 [경기도] 병상 73기관, 수용가능 76기관, 메시지 151건
2026-10-02 07:00:04 [인천광역시] 병상 21기관, 수용가능 22기관, 메시지 12건
2026-10-02 07:00:05 [부산광역시] 병상 29기관, 수용가능 31기관, 메시지 131건
2026-10-02 07:00:06 [대구광역시] 병상 19기관, 수용가능 19기관, 메시지 75건
2026-10-02 07:00:07 [대전광역시] 병상 9기관, 수용가능 10기관, 메시지 65건
2026-10-02 07:00:08 [울산광역시] 병상 7기관, 수용가능 9기관, 메시지 11건
2026-10-02 07:00:09 [세종특별자치시] 병상 2기관, 수용가능 2기관, 메시지 14건
2026-10-02 07:00:10 [전남광주통합특별시] 병상 59기관, 수용가능 63기관, 메시지 37건
2026-10-02 07:00:11 [강원특별자치도] 병상 21기관, 수용가능 22기관, 메시지 4건
2026-10-02 07:00:12 [충청북도] 병상 15기관, 수용가능 17기관, 메시지 0건
2026-10-02 07:00:13 [충청남도] 병상 18기관, 수용가능 18기관, 메시지 13건
2026-10-02 07:00:14 [전북특별자치도] 병상 20기관, 수용가능 21기관, 메시지 27건
2026-10-02 07:00:15 [경상북도] 병상 31기관, 수용가능 32기관, 메시지 48건
2026-10-02 07:00:17 [경상남도] 병상 35기관, 수용가능 36기관, 메시지 91건
2026-10-02 07:00:17 [제주특별자치도] 병상 6기관, 수용가능 6기관, 메시지 14건
2026-10-02 07:30:02 [서울특별시] 병상 50기관, 수용가능 54기관, 메시지 114건
2026-10-02 07:30:04 [경기도] 병상 73기관, 수용가능 76기관, 메시지 151건
2026-10-02 07:30:05 [인천광역시] 병상 21기관, 수용가능 22기관, 메시지 12건
2026-10-02 07:30:06 [부산광역시] 병상 29기관, 수용가능 31기관, 메시지 130건
2026-10-02 07:30:07 [대구광역시] 병상 19기관, 수용가능 19기관, 메시지 75건
2026-10-02 07:30:08 [대전광역시] 병상 9기관, 수용가능 10기관, 메시지 65건
2026-10-02 07:30:09 [울산광역시] 병상 7기관, 수용가능 9기관, 메시지 12건
2026-10-02 07:30:10 [세종특별자치시] 병상 2기관, 수용가능 2기관, 메시지 14건
2026-10-02 07:30:11 [전남광주통합특별시] 병상 59기관, 수용가능 63기관, 메시지 41건
2026-10-02 07:30:12 [강원특별자치도] 병상 21기관, 수용가능 22기관, 메시지 4건
2026-10-02 07:30:13 [충청북도] 병상 15기관, 수용가능 17기관, 메시지 0건
2026-10-02 07:30:14 [충청남도] 병상 18기관, 수용가능 18기관, 메시지 12건
2026-10-02 07:30:14 [전북특별자치도] 병상 20기관, 수용가능 21기관, 메시지 27건
2026-10-02 07:30:16 [경상북도] 병상 31기관, 수용가능 32기관, 메시지 48건
2026-10-02 07:30:16 [경상남도] 병상 35기관, 수용가능 36기관, 메시지 91건
2026-10-02 07:30:17 [제주특별자치도] 병상 6기관, 수용가능 6기관, 메시지 14건
2026-10-02 08:00:01 [서울특별시] 병상 50기관, 수용가능 54기관, 메시지 109건
2026-10-02 08:00:03 [경기도] 병상 73기관, 수용가능 76기관, 메시지 149건
2026-10-02 08:00:05 [인천광역시] 병상 21기관, 수용가능 22기관, 메시지 12건
2026-10-02 08:00:06 [부산광역시] 병상 29기관, 수용가능 31기관, 메시지 120건
2026-10-02 08:00:07 [대구광역시] 병상 19기관, 수용가능 19기관, 메시지 71건
2026-10-02 08:00:08 [대전광역시] 병상 9기관, 수용가능 10기관, 메시지 62건
2026-10-02 08:00:10 [울산광역시] 병상 7기관, 수용가능 9기관, 메시지 12건
2026-10-02 08:00:11 [세종특별자치시] 병상 2기관, 수용가능 2기관, 메시지 14건
2026-10-02 08:00:12 [전남광주통합특별시] 병상 59기관, 수용가능 63기관, 메시지 41건
2026-10-02 08:00:13 [강원특별자치도] 병상 21기관, 수용가능 22기관, 메시지 3건
2026-10-02 08:00:15 [충청북도] 병상 15기관, 수용가능 17기관, 메시지 0건
2026-10-02 08:00:17 [충청남도] 병상 18기관, 수용가능 18기관, 메시지 8건
2026-10-02 08:00:17 [전북특별자치도] 병상 20기관, 수용가능 21기관, 메시지 26건
2026-10-02 08:00:19 [경상북도] 병상 31기관, 수용가능 32기관, 메시지 48건
2026-10-02 08:00:20 [경상남도] 병상 35기관, 수용가능 36기관, 메시지 87건
2026-10-02 08:00:21 [제주특별자치도] 병상 6기관, 수용가능 6기관, 메시지 10건
2026-10-02 08:30:01 [서울특별시] 병상 50기관, 수용가능 54기관, 메시지 109건
2026-10-02 08:30:02 [경기도] 병상 73기관, 수용가능 76기관, 메시지 171건
2026-10-02 08:30:03 [인천광역시] 병상 21기관, 수용가능 22기관, 메시지 12건
2026-10-02 08:30:04 [부산광역시] 병상 29기관, 수용가능 31기관, 메시지 121건
2026-10-02 08:30:05 [대구광역시] 병상 19기관, 수용가능 19기관, 메시지 70건
2026-10-02 08:30:06 [대전광역시] 병상 9기관, 수용가능 10기관, 메시지 60건
2026-10-02 08:30:06 [울산광역시] 병상 7기관, 수용가능 9기관, 메시지 12건
2026-10-02 08:30:07 [세종특별자치시] 병상 2기관, 수용가능 2기관, 메시지 14건
2026-10-02 08:30:08 [전남광주통합특별시] 병상 59기관, 수용가능 63기관, 메시지 41건
2026-10-02 08:30:08 [강원특별자치도] 병상 21기관, 수용가능 22기관, 메시지 3건
2026-10-02 08:30:10 [충청북도] 병상 15기관, 수용가능 17기관, 메시지 1건
2026-10-02 08:30:11 [충청남도] 병상 18기관, 수용가능 18기관, 메시지 11건
2026-10-02 08:30:12 [전북특별자치도] 병상 20기관, 수용가능 21기관, 메시지 22건
2026-10-02 08:30:13 [경상북도] 병상 31기관, 수용가능 32기관, 메시지 44건
2026-10-02 08:30:14 [경상남도] 병상 35기관, 수용가능 36기관, 메시지 87건
2026-10-02 08:30:15 [제주특별자치도] 병상 6기관, 수용가능 6기관, 메시지 11건
2026-10-02 09:00:02 [서울특별시] 병상 50기관, 수용가능 54기관, 메시지 105건
2026-10-02 09:00:04 [경기도] 병상 73기관, 수용가능 76기관, 메시지 169건
2026-10-02 09:00:06 [인천광역시] 병상 21기관, 수용가능 22기관, 메시지 12건
2026-10-02 09:00:06 [부산광역시] 병상 29기관, 수용가능 31기관, 메시지 129건
2026-10-02 09:00:07 [대구광역시] 병상 19기관, 수용가능 19기관, 메시지 71건
2026-10-02 09:00:08 [대전광역시] 병상 9기관, 수용가능 10기관, 메시지 59건
2026-10-02 09:00:10 [울산광역시] 병상 7기관, 수용가능 9기관, 메시지 12건
2026-10-02 09:00:10 [세종특별자치시] 병상 2기관, 수용가능 2기관, 메시지 14건
2026-10-02 09:00:11 [전남광주통합특별시] 병상 59기관, 수용가능 63기관, 메시지 40건
2026-10-02 09:00:12 [강원특별자치도] 병상 21기관, 수용가능 22기관, 메시지 5건
2026-10-02 09:00:12 [충청북도] 병상 15기관, 수용가능 17기관, 메시지 1건
2026-10-02 09:00:13 [충청남도] 병상 18기관, 수용가능 18기관, 메시지 12건
2026-10-02 09:00:15 [전북특별자치도] 병상 20기관, 수용가능 21기관, 메시지 22건
2026-10-02 09:00:15 [경상북도] 병상 31기관, 수용가능 32기관, 메시지 44건
2026-10-02 09:00:16 [경상남도] 병상 35기관, 수용가능 36기관, 메시지 78건
2026-10-02 09:00:17 [제주특별자치도] 병상 6기관, 수용가능 6기관, 메시지 11건
2026-10-02 09:30:02 [서울특별시] 병상 50기관, 수용가능 54기관, 메시지 105건
2026-10-02 09:30:02 [경기도] 병상 73기관, 수용가능 76기관, 메시지 169건
2026-10-02 09:30:03 [인천광역시] 병상 21기관, 수용가능 22기관, 메시지 12건
2026-10-02 09:30:04 [부산광역시] 병상 29기관, 수용가능 31기관, 메시지 129건
2026-10-02 09:30:05 [대구광역시] 병상 19기관, 수용가능 19기관, 메시지 71건
2026-10-02 09:30:06 [대전광역시] 병상 9기관, 수용가능 10기관, 메시지 59건
2026-10-02 09:30:07 [울산광역시] 병상 7기관, 수용가능 9기관, 메시지 12건
2026-10-02 09:30:09 [세종특별자치시] 병상 2기관, 수용가능 2기관, 메시지 14건
2026-10-02 09:30:09 [전남광주통합특별시] 병상 59기관, 수용가능 63기관, 메시지 40건
2026-10-02 09:30:10 [강원특별자치도] 병상 21기관, 수용가능 22기관, 메시지 5건
2026-10-02 09:30:12 [충청북도] 병상 15기관, 수용가능 17기관, 메시지 1건
2026-10-02 09:30:13 [충청남도] 병상 18기관, 수용가능 18기관, 메시지 17건
2026-10-02 09:30:14 [전북특별자치도] 병상 20기관, 수용가능 21기관, 메시지 23건
2026-10-02 09:30:14 [경상북도] 병상 31기관, 수용가능 32기관, 메시지 44건
2026-10-02 09:30:16 [경상남도] 병상 35기관, 수용가능 36기관, 메시지 78건
2026-10-02 09:30:17 [제주특별자치도] 병상 6기관, 수용가능 6기관, 메시지 11건
2026-10-02 10:00:03 [서울특별시] 병상 50기관, 수용가능 54기관, 메시지 105건
2026-10-02 10:00:06 [경기도] 병상 73기관, 수용가능 76기관, 메시지 169건
2026-10-02 10:00:08 [인천광역시] 병상 21기관, 수용가능 22기관, 메시지 12건
2026-10-02 10:00:10 [부산광역시] 병상 29기관, 수용가능 31기관, 메시지 129건
2026-10-02 10:00:11 [대구광역시] 병상 19기관, 수용가능 19기관, 메시지 71건
2026-10-02 10:00:14 [대전광역시] 병상 9기관, 수용가능 10기관, 메시지 59건
2026-10-02 10:00:16 [울산광역시] 병상 7기관, 수용가능 9기관, 메시지 12건
2026-10-02 10:00:17 [세종특별자치시] 병상 2기관, 수용가능 2기관, 메시지 14건
2026-10-02 10:00:18 [전남광주통합특별시] 병상 59기관, 수용가능 63기관, 메시지 43건
2026-10-02 10:00:19 [강원특별자치도] 병상 21기관, 수용가능 22기관, 메시지 5건
2026-10-02 10:00:20 [충청북도] 병상 15기관, 수용가능 17기관, 메시지 1건
2026-10-02 10:00:20 [충청남도] 병상 18기관, 수용가능 18기관, 메시지 17건
2026-10-02 10:00:21 [전북특별자치도] 병상 20기관, 수용가능 21기관, 메시지 23건
2026-10-02 10:00:23 [경상북도] 병상 31기관, 수용가능 32기관, 메시지 44건
2026-10-02 10:00:24 [경상남도] 병상 35기관, 수용가능 36기관, 메시지 78건
2026-10-02 10:00:25 [제주특별자치도] 병상 6기관, 수용가능 6기관, 메시지 11건
2026-10-02 10:30:01 [서울특별시] 병상 50기관, 수용가능 54기관, 메시지 105건
2026-10-02 10:30:03 [경기도] 병상 73기관, 수용가능 76기관, 메시지 167건
2026-10-02 10:30:04 [인천광역시] 병상 21기관, 수용가능 22기관, 메시지 12건
2026-10-02 10:30:05 [부산광역시] 병상 29기관, 수용가능 31기관, 메시지 129건
2026-10-02 10:30:05 [대구광역시] 병상 19기관, 수용가능 19기관, 메시지 71건
2026-10-02 10:30:06 [대전광역시] 병상 9기관, 수용가능 10기관, 메시지 59건
2026-10-02 10:30:07 [울산광역시] 병상 7기관, 수용가능 9기관, 메시지 12건
2026-10-02 10:30:07 [세종특별자치시] 병상 2기관, 수용가능 2기관, 메시지 14건
2026-10-02 10:30:09 [전남광주통합특별시] 병상 59기관, 수용가능 63기관, 메시지 43건
2026-10-02 10:30:10 [강원특별자치도] 병상 21기관, 수용가능 22기관, 메시지 5건
2026-10-02 10:30:12 [충청북도] 병상 15기관, 수용가능 17기관, 메시지 1건
2026-10-02 10:30:12 [충청남도] 병상 18기관, 수용가능 18기관, 메시지 17건
2026-10-02 10:30:13 [전북특별자치도] 병상 20기관, 수용가능 21기관, 메시지 23건
2026-10-02 10:30:14 [경상북도] 병상 31기관, 수용가능 32기관, 메시지 44건
2026-10-02 10:30:15 [경상남도] 병상 35기관, 수용가능 36기관, 메시지 78건
2026-10-02 10:30:16 [제주특별자치도] 병상 6기관, 수용가능 6기관, 메시지 11건
2026-10-02 11:00:01 [서울특별시] 병상 50기관, 수용가능 54기관, 메시지 105건
2026-10-02 11:00:02 [경기도] 병상 73기관, 수용가능 76기관, 메시지 176건
2026-10-02 11:00:03 [인천광역시] 병상 21기관, 수용가능 22기관, 메시지 12건
2026-10-02 11:00:04 [부산광역시] 병상 29기관, 수용가능 31기관, 메시지 129건
2026-10-02 11:00:05 [대구광역시] 병상 19기관, 수용가능 19기관, 메시지 71건
2026-10-02 11:00:06 [대전광역시] 병상 9기관, 수용가능 10기관, 메시지 59건
2026-10-02 11:00:08 [울산광역시] 병상 7기관, 수용가능 9기관, 메시지 12건
2026-10-02 11:00:08 [세종특별자치시] 병상 2기관, 수용가능 2기관, 메시지 14건
2026-10-02 11:00:10 [전남광주통합특별시] 병상 59기관, 수용가능 63기관, 메시지 43건
2026-10-02 11:00:11 [강원특별자치도] 병상 21기관, 수용가능 22기관, 메시지 5건
2026-10-02 11:00:13 [충청북도] 병상 15기관, 수용가능 17기관, 메시지 1건
2026-10-02 11:00:14 [충청남도] 병상 18기관, 수용가능 18기관, 메시지 17건
2026-10-02 11:00:14 [전북특별자치도] 병상 20기관, 수용가능 21기관, 메시지 23건
2026-10-02 11:00:15 [경상북도] 병상 31기관, 수용가능 32기관, 메시지 44건
2026-10-02 11:00:16 [경상남도] 병상 35기관, 수용가능 36기관, 메시지 78건
2026-10-02 11:00:17 [제주특별자치도] 병상 6기관, 수용가능 6기관, 메시지 11건
2026-10-02 11:30:01 [서울특별시] 병상 50기관, 수용가능 54기관, 메시지 105건
2026-10-02 11:30:03 [경기도] 병상 73기관, 수용가능 76기관, 메시지 176건
2026-10-02 11:30:04 [인천광역시] 병상 21기관, 수용가능 22기관, 메시지 12건
2026-10-02 11:30:05 [부산광역시] 병상 29기관, 수용가능 31기관, 메시지 129건
2026-10-02 11:30:07 [대구광역시] 병상 19기관, 수용가능 19기관, 메시지 71건
2026-10-02 11:30:08 [대전광역시] 병상 9기관, 수용가능 10기관, 메시지 59건
2026-10-02 11:30:09 [울산광역시] 병상 7기관, 수용가능 9기관, 메시지 12건
2026-10-02 11:30:09 [세종특별자치시] 병상 2기관, 수용가능 2기관, 메시지 14건
2026-10-02 11:30:11 [전남광주통합특별시] 병상 59기관, 수용가능 63기관, 메시지 43건
2026-10-02 11:30:11 [강원특별자치도] 병상 21기관, 수용가능 22기관, 메시지 5건
2026-10-02 11:30:13 [충청북도] 병상 15기관, 수용가능 17기관, 메시지 1건
2026-10-02 11:30:14 [충청남도] 병상 18기관, 수용가능 18기관, 메시지 17건
2026-10-02 11:30:15 [전북특별자치도] 병상 20기관, 수용가능 21기관, 메시지 23건
2026-10-02 11:30:16 [경상북도] 병상 31기관, 수용가능 32기관, 메시지 44건
2026-10-02 11:30:17 [경상남도] 병상 35기관, 수용가능 36기관, 메시지 77건
2026-10-02 11:30:17 [제주특별자치도] 병상 6기관, 수용가능 6기관, 메시지 11건
2026-10-02 12:00:02 [서울특별시] 병상 50기관, 수용가능 54기관, 메시지 105건
2026-10-02 12:00:02 [경기도] 병상 73기관, 수용가능 76기관, 메시지 176건
2026-10-02 12:00:03 [인천광역시] 병상 21기관, 수용가능 22기관, 메시지 12건
2026-10-02 12:00:04 [부산광역시] 병상 29기관, 수용가능 31기관, 메시지 129건
2026-10-02 12:00:05 [대구광역시] 병상 19기관, 수용가능 19기관, 메시지 71건
2026-10-02 12:00:06 [대전광역시] 병상 9기관, 수용가능 10기관, 메시지 60건
2026-10-02 12:00:07 [울산광역시] 병상 7기관, 수용가능 9기관, 메시지 12건
2026-10-02 12:00:08 [세종특별자치시] 병상 2기관, 수용가능 2기관, 메시지 14건
2026-10-02 12:00:09 [전남광주통합특별시] 병상 59기관, 수용가능 63기관, 메시지 43건
2026-10-02 12:00:10 [강원특별자치도] 병상 21기관, 수용가능 22기관, 메시지 5건
2026-10-02 12:00:11 [충청북도] 병상 15기관, 수용가능 17기관, 메시지 1건
2026-10-02 12:00:12 [충청남도] 병상 18기관, 수용가능 18기관, 메시지 17건
2026-10-02 12:00:13 [전북특별자치도] 병상 20기관, 수용가능 21기관, 메시지 23건
2026-10-02 12:00:15 [경상북도] 병상 31기관, 수용가능 32기관, 메시지 44건
2026-10-02 12:00:16 [경상남도] 병상 35기관, 수용가능 36기관, 메시지 77건
2026-10-02 12:00:17 [제주특별자치도] 병상 6기관, 수용가능 6기관, 메시지 11건
2026-10-02 12:30:01 [서울특별시] 병상 50기관, 수용가능 54기관, 메시지 105건
2026-10-02 12:30:02 [경기도] 병상 73기관, 수용가능 76기관, 메시지 176건
2026-10-02 12:30:03 [인천광역시] 병상 21기관, 수용가능 22기관, 메시지 12건
2026-10-02 12:30:04 [부산광역시] 병상 29기관, 수용가능 31기관, 메시지 129건
2026-10-02 12:30:05 [대구광역시] 병상 19기관, 수용가능 19기관, 메시지 72건
2026-10-02 12:30:06 [대전광역시] 병상 9기관, 수용가능 10기관, 메시지 60건
2026-10-02 12:30:07 [울산광역시] 병상 7기관, 수용가능 9기관, 메시지 12건
2026-10-02 12:30:08 [세종특별자치시] 병상 2기관, 수용가능 2기관, 메시지 14건
2026-10-02 12:30:09 [전남광주통합특별시] 병상 59기관, 수용가능 63기관, 메시지 43건
2026-10-02 12:30:10 [강원특별자치도] 병상 21기관, 수용가능 22기관, 메시지 5건
2026-10-02 12:30:11 [충청북도] 병상 15기관, 수용가능 17기관, 메시지 1건
2026-10-02 12:30:12 [충청남도] 병상 18기관, 수용가능 18기관, 메시지 17건
2026-10-02 12:30:13 [전북특별자치도] 병상 20기관, 수용가능 21기관, 메시지 23건
2026-10-02 12:30:14 [경상북도] 병상 31기관, 수용가능 32기관, 메시지 44건
2026-10-02 12:30:16 [경상남도] 병상 35기관, 수용가능 36기관, 메시지 77건
2026-10-02 12:30:16 [제주특별자치도] 병상 6기관, 수용가능 6기관, 메시지 11건
2026-10-02 13:00:01 [서울특별시] 병상 50기관, 수용가능 54기관, 메시지 105건
2026-10-02 13:00:03 [경기도] 병상 73기관, 수용가능 76기관, 메시지 174건
2026-10-02 13:00:04 [인천광역시] 병상 21기관, 수용가능 22기관, 메시지 12건
2026-10-02 13:00:05 [부산광역시] 병상 29기관, 수용가능 31기관, 메시지 129건
2026-10-02 13:00:06 [대구광역시] 병상 19기관, 수용가능 19기관, 메시지 73건
2026-10-02 13:00:07 [대전광역시] 병상 9기관, 수용가능 10기관, 메시지 60건
2026-10-02 13:00:07 [울산광역시] 병상 7기관, 수용가능 9기관, 메시지 12건
2026-10-02 13:00:10 [세종특별자치시] 병상 2기관, 수용가능 2기관, 메시지 14건
2026-10-02 13:00:11 [전남광주통합특별시] 병상 59기관, 수용가능 63기관, 메시지 43건
2026-10-02 13:00:12 [강원특별자치도] 병상 21기관, 수용가능 22기관, 메시지 5건
2026-10-02 13:00:13 [충청북도] 병상 15기관, 수용가능 17기관, 메시지 1건
2026-10-02 13:00:14 [충청남도] 병상 18기관, 수용가능 18기관, 메시지 17건
2026-10-02 13:00:14 [전북특별자치도] 병상 20기관, 수용가능 21기관, 메시지 23건
2026-10-02 13:00:15 [경상북도] 병상 31기관, 수용가능 32기관, 메시지 44건
2026-10-02 13:00:17 [경상남도] 병상 35기관, 수용가능 36기관, 메시지 77건
2026-10-02 13:00:19 [제주특별자치도] 병상 6기관, 수용가능 6기관, 메시지 11건
2026-10-02 13:30:00 [서울특별시] 병상 50기관, 수용가능 54기관, 메시지 105건
2026-10-02 13:30:01 [경기도] 병상 73기관, 수용가능 76기관, 메시지 174건
2026-10-02 13:30:03 [인천광역시] 병상 21기관, 수용가능 22기관, 메시지 12건
2026-10-02 13:30:04 [부산광역시] 병상 29기관, 수용가능 31기관, 메시지 129건
2026-10-02 13:30:05 [대구광역시] 병상 19기관, 수용가능 19기관, 메시지 73건
2026-10-02 13:30:06 [대전광역시] 병상 9기관, 수용가능 10기관, 메시지 60건
2026-10-02 13:30:08 [울산광역시] 병상 7기관, 수용가능 9기관, 메시지 12건
2026-10-02 13:30:09 [세종특별자치시] 병상 2기관, 수용가능 2기관, 메시지 14건
2026-10-02 13:30:09 [전남광주통합특별시] 병상 59기관, 수용가능 63기관, 메시지 43건
2026-10-02 13:30:11 [강원특별자치도] 병상 21기관, 수용가능 22기관, 메시지 5건
2026-10-02 13:30:12 [충청북도] 병상 15기관, 수용가능 17기관, 메시지 1건
2026-10-02 13:30:12 [충청남도] 병상 18기관, 수용가능 18기관, 메시지 13건
2026-10-02 13:30:14 [전북특별자치도] 병상 20기관, 수용가능 21기관, 메시지 23건
2026-10-02 13:30:15 [경상북도] 병상 31기관, 수용가능 32기관, 메시지 44건
2026-10-02 13:30:16 [경상남도] 병상 35기관, 수용가능 36기관, 메시지 77건
2026-10-02 13:30:17 [제주특별자치도] 병상 6기관, 수용가능 6기관, 메시지 11건
2026-10-02 14:00:01 [서울특별시] 병상 50기관, 수용가능 54기관, 메시지 105건
2026-10-02 14:00:04 [경기도] 병상 73기관, 수용가능 76기관, 메시지 174건
2026-10-02 14:00:05 [인천광역시] 병상 21기관, 수용가능 22기관, 메시지 12건
2026-10-02 14:00:06 [부산광역시] 병상 29기관, 수용가능 31기관, 메시지 131건
2026-10-02 14:00:07 [대구광역시] 병상 19기관, 수용가능 19기관, 메시지 73건
2026-10-02 14:00:10 [대전광역시] 병상 9기관, 수용가능 10기관, 메시지 60건
2026-10-02 14:00:11 [울산광역시] 병상 7기관, 수용가능 9기관, 메시지 12건
2026-10-02 14:00:13 [세종특별자치시] 병상 2기관, 수용가능 2기관, 메시지 14건
2026-10-02 14:00:14 [전남광주통합특별시] 병상 59기관, 수용가능 63기관, 메시지 43건
2026-10-02 14:00:15 [강원특별자치도] 병상 21기관, 수용가능 22기관, 메시지 5건
2026-10-02 14:00:16 [충청북도] 병상 15기관, 수용가능 17기관, 메시지 1건
2026-10-02 14:00:17 [충청남도] 병상 18기관, 수용가능 18기관, 메시지 13건
2026-10-02 14:00:18 [전북특별자치도] 병상 20기관, 수용가능 21기관, 메시지 23건
2026-10-02 14:00:20 [경상북도] 병상 31기관, 수용가능 32기관, 메시지 44건
2026-10-02 14:00:21 [경상남도] 병상 35기관, 수용가능 36기관, 메시지 77건
2026-10-02 14:00:22 [제주특별자치도] 병상 6기관, 수용가능 6기관, 메시지 11건
2026-10-02 14:30:01 [서울특별시] 병상 50기관, 수용가능 54기관, 메시지 105건
2026-10-02 14:30:02 [경기도] 병상 73기관, 수용가능 76기관, 메시지 174건
2026-10-02 14:30:03 [인천광역시] 병상 21기관, 수용가능 22기관, 메시지 12건
2026-10-02 14:30:03 [부산광역시] 병상 29기관, 수용가능 31기관, 메시지 130건
2026-10-02 14:30:05 [대구광역시] 병상 19기관, 수용가능 19기관, 메시지 73건
2026-10-02 14:30:05 [대전광역시] 병상 9기관, 수용가능 10기관, 메시지 60건
2026-10-02 14:30:06 [울산광역시] 병상 7기관, 수용가능 9기관, 메시지 12건
2026-10-02 14:30:07 [세종특별자치시] 병상 2기관, 수용가능 2기관, 메시지 14건
2026-10-02 14:30:07 [전남광주통합특별시] 병상 59기관, 수용가능 63기관, 메시지 43건
2026-10-02 14:30:08 [강원특별자치도] 병상 21기관, 수용가능 22기관, 메시지 5건
2026-10-02 14:30:09 [충청북도] 병상 15기관, 수용가능 17기관, 메시지 1건
2026-10-02 14:30:10 [충청남도] 병상 18기관, 수용가능 18기관, 메시지 13건
2026-10-02 14:30:11 [전북특별자치도] 병상 20기관, 수용가능 21기관, 메시지 23건
2026-10-02 14:30:12 [경상북도] 병상 31기관, 수용가능 32기관, 메시지 44건
2026-10-02 14:30:13 [경상남도] 병상 35기관, 수용가능 36기관, 메시지 77건
2026-10-02 14:30:14 [제주특별자치도] 병상 6기관, 수용가능 6기관, 메시지 11건
2026-10-02 15:00:02 [서울특별시] 병상 50기관, 수용가능 54기관, 메시지 105건
2026-10-02 15:00:05 [경기도] 병상 73기관, 수용가능 76기관, 메시지 174건
2026-10-02 15:00:05 [인천광역시] 병상 21기관, 수용가능 22기관, 메시지 12건
2026-10-02 15:00:06 [부산광역시] 병상 29기관, 수용가능 31기관, 메시지 130건
2026-10-02 15:00:07 [대구광역시] 병상 19기관, 수용가능 19기관, 메시지 73건
2026-10-02 15:00:09 [대전광역시] 병상 9기관, 수용가능 10기관, 메시지 60건
2026-10-02 15:00:09 [울산광역시] 병상 7기관, 수용가능 9기관, 메시지 12건
2026-10-02 15:00:10 [세종특별자치시] 병상 2기관, 수용가능 2기관, 메시지 14건
2026-10-02 15:00:11 [전남광주통합특별시] 병상 59기관, 수용가능 63기관, 메시지 43건
2026-10-02 15:00:12 [강원특별자치도] 병상 21기관, 수용가능 22기관, 메시지 5건
2026-10-02 15:00:13 [충청북도] 병상 15기관, 수용가능 17기관, 메시지 1건
2026-10-02 15:00:14 [충청남도] 병상 18기관, 수용가능 18기관, 메시지 13건
2026-10-02 15:00:15 [전북특별자치도] 병상 20기관, 수용가능 21기관, 메시지 23건
2026-10-02 15:00:17 [경상북도] 병상 31기관, 수용가능 32기관, 메시지 44건
2026-10-02 15:00:19 [경상남도] 병상 35기관, 수용가능 36기관, 메시지 77건
2026-10-02 15:00:21 [제주특별자치도] 병상 6기관, 수용가능 6기관, 메시지 11건
2026-10-02 15:30:01 [서울특별시] 병상 50기관, 수용가능 54기관, 메시지 108건
2026-10-02 15:30:02 [경기도] 병상 73기관, 수용가능 76기관, 메시지 174건
2026-10-02 15:30:02 [인천광역시] 병상 21기관, 수용가능 22기관, 메시지 12건
2026-10-02 15:30:03 [부산광역시] 병상 29기관, 수용가능 31기관, 메시지 130건
2026-10-02 15:30:04 [대구광역시] 병상 19기관, 수용가능 19기관, 메시지 73건
2026-10-02 15:30:05 [대전광역시] 병상 9기관, 수용가능 10기관, 메시지 60건
2026-10-02 15:30:06 [울산광역시] 병상 7기관, 수용가능 9기관, 메시지 12건
2026-10-02 15:30:07 [세종특별자치시] 병상 2기관, 수용가능 2기관, 메시지 14건
2026-10-02 15:30:08 [전남광주통합특별시] 병상 59기관, 수용가능 63기관, 메시지 43건
2026-10-02 15:30:08 [강원특별자치도] 병상 21기관, 수용가능 22기관, 메시지 5건
2026-10-02 15:30:09 [충청북도] 병상 15기관, 수용가능 17기관, 메시지 1건
2026-10-02 15:30:11 [충청남도] 병상 18기관, 수용가능 18기관, 메시지 13건
2026-10-02 15:30:11 [전북특별자치도] 병상 20기관, 수용가능 21기관, 메시지 23건
2026-10-02 15:30:12 [경상북도] 병상 31기관, 수용가능 32기관, 메시지 44건
2026-10-02 15:30:15 [경상남도] 병상 35기관, 수용가능 36기관, 메시지 77건
2026-10-02 15:30:16 [제주특별자치도] 병상 6기관, 수용가능 6기관, 메시지 11건
2026-10-02 16:00:00 [서울특별시] 병상 50기관, 수용가능 54기관, 메시지 108건
2026-10-02 16:00:02 [경기도] 병상 73기관, 수용가능 76기관, 메시지 174건
2026-10-02 16:00:03 [인천광역시] 병상 21기관, 수용가능 22기관, 메시지 12건
2026-10-02 16:00:03 [부산광역시] 병상 29기관, 수용가능 31기관, 메시지 130건
2026-10-02 16:00:04 [대구광역시] 병상 19기관, 수용가능 19기관, 메시지 73건
2026-10-02 16:00:06 [대전광역시] 병상 9기관, 수용가능 10기관, 메시지 60건
2026-10-02 16:00:06 [울산광역시] 병상 7기관, 수용가능 9기관, 메시지 12건
2026-10-02 16:00:07 [세종특별자치시] 병상 2기관, 수용가능 2기관, 메시지 14건
2026-10-02 16:00:08 [전남광주통합특별시] 병상 59기관, 수용가능 63기관, 메시지 43건
2026-10-02 16:00:10 [강원특별자치도] 병상 21기관, 수용가능 22기관, 메시지 5건
2026-10-02 16:00:10 [충청북도] 병상 15기관, 수용가능 17기관, 메시지 1건
2026-10-02 16:00:12 [충청남도] 병상 18기관, 수용가능 18기관, 메시지 13건
2026-10-02 16:00:12 [전북특별자치도] 병상 20기관, 수용가능 21기관, 메시지 23건
2026-10-02 16:00:26 [경상북도] 병상 31기관, 수용가능 32기관, 메시지 44건
2026-10-02 16:00:28 [경상남도] 병상 35기관, 수용가능 36기관, 메시지 77건
2026-10-02 16:00:28 [제주특별자치도] 병상 6기관, 수용가능 6기관, 메시지 11건
2026-10-02 16:30:02 [서울특별시] 병상 50기관, 수용가능 54기관, 메시지 108건
2026-10-02 16:30:04 [경기도] 병상 73기관, 수용가능 76기관, 메시지 174건
2026-10-02 16:30:04 [인천광역시] 병상 21기관, 수용가능 22기관, 메시지 12건
2026-10-02 16:30:05 [부산광역시] 병상 29기관, 수용가능 31기관, 메시지 130건
2026-10-02 16:30:06 [대구광역시] 병상 19기관, 수용가능 19기관, 메시지 73건
2026-10-02 16:30:07 [대전광역시] 병상 9기관, 수용가능 10기관, 메시지 60건
2026-10-02 16:30:07 [울산광역시] 병상 7기관, 수용가능 9기관, 메시지 12건
2026-10-02 16:30:08 [세종특별자치시] 병상 2기관, 수용가능 2기관, 메시지 14건
2026-10-02 16:30:10 [전남광주통합특별시] 병상 59기관, 수용가능 63기관, 메시지 43건
2026-10-02 16:30:12 [강원특별자치도] 병상 21기관, 수용가능 22기관, 메시지 5건
2026-10-02 16:30:13 [충청북도] 병상 15기관, 수용가능 17기관, 메시지 1건
2026-10-02 16:30:14 [충청남도] 병상 18기관, 수용가능 18기관, 메시지 13건
2026-10-02 16:30:16 [전북특별자치도] 병상 20기관, 수용가능 21기관, 메시지 23건
2026-10-02 16:30:17 [경상북도] 병상 31기관, 수용가능 32기관, 메시지 44건
2026-10-02 16:30:18 [경상남도] 병상 35기관, 수용가능 36기관, 메시지 77건
2026-10-02 16:30:18 [제주특별자치도] 병상 6기관, 수용가능 6기관, 메시지 11건
2026-10-02 17:00:01 [서울특별시] 병상 50기관, 수용가능 54기관, 메시지 108건
2026-10-02 17:00:02 [경기도] 병상 73기관, 수용가능 76기관, 메시지 175건
2026-10-02 17:00:03 [인천광역시] 병상 21기관, 수용가능 22기관, 메시지 12건
2026-10-02 17:00:06 [부산광역시] 병상 29기관, 수용가능 31기관, 메시지 130건
2026-10-02 17:00:06 [대구광역시] 병상 19기관, 수용가능 19기관, 메시지 75건
2026-10-02 17:00:07 [대전광역시] 병상 9기관, 수용가능 10기관, 메시지 68건
2026-10-02 17:00:07 [울산광역시] 병상 7기관, 수용가능 9기관, 메시지 15건
2026-10-02 17:00:09 [세종특별자치시] 병상 2기관, 수용가능 2기관, 메시지 14건
2026-10-02 17:00:10 [전남광주통합특별시] 병상 59기관, 수용가능 63기관, 메시지 43건
2026-10-02 17:00:11 [강원특별자치도] 병상 21기관, 수용가능 22기관, 메시지 5건
2026-10-02 17:00:12 [충청북도] 병상 15기관, 수용가능 17기관, 메시지 1건
2026-10-02 17:00:13 [충청남도] 병상 18기관, 수용가능 18기관, 메시지 13건
2026-10-02 17:00:14 [전북특별자치도] 병상 20기관, 수용가능 21기관, 메시지 24건
2026-10-02 17:00:16 [경상북도] 병상 31기관, 수용가능 32기관, 메시지 44건
2026-10-02 17:00:18 [경상남도] 병상 35기관, 수용가능 36기관, 메시지 77건
2026-10-02 17:00:19 [제주특별자치도] 병상 6기관, 수용가능 6기관, 메시지 11건
2026-10-02 17:30:02 [서울특별시] 병상 50기관, 수용가능 54기관, 메시지 112건
2026-10-02 17:30:04 [경기도] 병상 73기관, 수용가능 76기관, 메시지 175건
2026-10-02 17:30:05 [인천광역시] 병상 21기관, 수용가능 22기관, 메시지 12건
2026-10-02 17:30:05 [부산광역시] 병상 29기관, 수용가능 31기관, 메시지 131건
2026-10-02 17:30:06 [대구광역시] 병상 19기관, 수용가능 19기관, 메시지 78건
2026-10-02 17:30:07 [대전광역시] 병상 9기관, 수용가능 10기관, 메시지 70건
2026-10-02 17:30:08 [울산광역시] 병상 7기관, 수용가능 9기관, 메시지 16건
2026-10-02 17:30:09 [세종특별자치시] 병상 2기관, 수용가능 2기관, 메시지 14건
2026-10-02 17:30:10 [전남광주통합특별시] 병상 59기관, 수용가능 63기관, 메시지 43건
2026-10-02 17:30:10 [강원특별자치도] 병상 21기관, 수용가능 22기관, 메시지 2건
2026-10-02 17:30:11 [충청북도] 병상 15기관, 수용가능 17기관, 메시지 1건
2026-10-02 17:30:13 [충청남도] 병상 18기관, 수용가능 18기관, 메시지 13건
2026-10-02 17:30:14 [전북특별자치도] 병상 20기관, 수용가능 21기관, 메시지 24건
2026-10-02 17:30:15 [경상북도] 병상 31기관, 수용가능 32기관, 메시지 47건
2026-10-02 17:30:17 [경상남도] 병상 35기관, 수용가능 36기관, 메시지 77건
2026-10-02 17:30:18 [제주특별자치도] 병상 6기관, 수용가능 6기관, 메시지 13건
2026-10-02 18:00:02 [서울특별시] 병상 50기관, 수용가능 54기관, 메시지 116건
2026-10-02 18:00:05 [경기도] 병상 73기관, 수용가능 76기관, 메시지 175건
2026-10-02 18:00:06 [인천광역시] 병상 21기관, 수용가능 22기관, 메시지 12건
2026-10-02 18:00:08 [부산광역시] 병상 29기관, 수용가능 31기관, 메시지 131건
2026-10-02 18:00:10 [대구광역시] 병상 19기관, 수용가능 19기관, 메시지 82건
2026-10-02 18:00:11 [대전광역시] 병상 9기관, 수용가능 10기관, 메시지 75건
2026-10-02 18:00:12 [울산광역시] 병상 7기관, 수용가능 9기관, 메시지 16건
2026-10-02 18:00:14 [세종특별자치시] 병상 2기관, 수용가능 2기관, 메시지 14건
2026-10-02 18:00:15 [전남광주통합특별시] 병상 59기관, 수용가능 63기관, 메시지 43건
2026-10-02 18:00:16 [강원특별자치도] 병상 21기관, 수용가능 22기관, 메시지 7건
2026-10-02 18:00:18 [충청북도] 병상 15기관, 수용가능 17기관, 메시지 1건
2026-10-02 18:00:19 [충청남도] 병상 18기관, 수용가능 18기관, 메시지 13건
2026-10-02 18:00:20 [전북특별자치도] 병상 20기관, 수용가능 21기관, 메시지 29건
2026-10-02 18:00:21 [경상북도] 병상 31기관, 수용가능 32기관, 메시지 47건
2026-10-02 18:00:22 [경상남도] 병상 35기관, 수용가능 36기관, 메시지 77건
2026-10-02 18:00:23 [제주특별자치도] 병상 6기관, 수용가능 6기관, 메시지 13건
2026-10-02 18:29:59 [서울특별시] 병상 50기관, 수용가능 54기관, 메시지 116건
2026-10-02 18:29:59 [경기도] 병상 73기관, 수용가능 76기관, 메시지 178건
2026-10-02 18:30:01 [인천광역시] 병상 21기관, 수용가능 22기관, 메시지 12건
2026-10-02 18:30:01 [부산광역시] 병상 29기관, 수용가능 31기관, 메시지 130건
2026-10-02 18:30:03 [대구광역시] 병상 19기관, 수용가능 19기관, 메시지 82건
2026-10-02 18:30:04 [대전광역시] 병상 9기관, 수용가능 10기관, 메시지 75건
2026-10-02 18:30:04 [울산광역시] 병상 7기관, 수용가능 9기관, 메시지 16건
2026-10-02 18:30:05 [세종특별자치시] 병상 2기관, 수용가능 2기관, 메시지 14건
2026-10-02 18:30:06 [전남광주통합특별시] 병상 59기관, 수용가능 63기관, 메시지 43건
2026-10-02 18:30:07 [강원특별자치도] 병상 21기관, 수용가능 22기관, 메시지 7건
2026-10-02 18:30:08 [충청북도] 병상 15기관, 수용가능 17기관, 메시지 1건
2026-10-02 18:30:10 [충청남도] 병상 18기관, 수용가능 18기관, 메시지 13건
2026-10-02 18:30:11 [전북특별자치도] 병상 20기관, 수용가능 21기관, 메시지 29건
2026-10-02 18:30:12 [경상북도] 병상 31기관, 수용가능 32기관, 메시지 47건
2026-10-02 18:30:13 [경상남도] 병상 35기관, 수용가능 36기관, 메시지 85건
2026-10-02 18:30:14 [제주특별자치도] 병상 6기관, 수용가능 6기관, 메시지 13건
2026-10-02 19:00:00 [서울특별시] 병상 50기관, 수용가능 54기관, 메시지 116건
2026-10-02 19:00:02 [경기도] 병상 73기관, 수용가능 76기관, 메시지 177건
2026-10-02 19:00:03 [인천광역시] 병상 21기관, 수용가능 22기관, 메시지 12건
2026-10-02 19:00:04 [부산광역시] 병상 29기관, 수용가능 31기관, 메시지 129건
2026-10-02 19:00:05 [대구광역시] 병상 19기관, 수용가능 19기관, 메시지 81건
2026-10-02 19:00:06 [대전광역시] 병상 9기관, 수용가능 10기관, 메시지 75건
2026-10-02 19:00:06 [울산광역시] 병상 7기관, 수용가능 9기관, 메시지 16건
2026-10-02 19:00:07 [세종특별자치시] 병상 2기관, 수용가능 2기관, 메시지 14건
2026-10-02 19:00:08 [전남광주통합특별시] 병상 59기관, 수용가능 63기관, 메시지 43건
2026-10-02 19:00:09 [강원특별자치도] 병상 21기관, 수용가능 22기관, 메시지 10건
2026-10-02 19:00:10 [충청북도] 병상 15기관, 수용가능 17기관, 메시지 1건
2026-10-02 19:00:11 [충청남도] 병상 18기관, 수용가능 18기관, 메시지 14건
2026-10-02 19:00:12 [전북특별자치도] 병상 20기관, 수용가능 21기관, 메시지 29건
2026-10-02 19:00:13 [경상북도] 병상 31기관, 수용가능 32기관, 메시지 47건
2026-10-02 19:00:13 [경상남도] 병상 35기관, 수용가능 36기관, 메시지 85건
2026-10-02 19:00:15 [제주특별자치도] 병상 6기관, 수용가능 6기관, 메시지 13건
2026-10-02 19:30:04 [서울특별시] 병상 50기관, 수용가능 54기관, 메시지 116건
2026-10-02 19:30:05 [경기도] 병상 73기관, 수용가능 76기관, 메시지 180건
2026-10-02 19:30:06 [인천광역시] 병상 21기관, 수용가능 22기관, 메시지 12건
2026-10-02 19:30:07 [부산광역시] 병상 29기관, 수용가능 31기관, 메시지 129건
2026-10-02 19:30:08 [대구광역시] 병상 19기관, 수용가능 19기관, 메시지 81건
2026-10-02 19:30:09 [대전광역시] 병상 9기관, 수용가능 10기관, 메시지 75건
2026-10-02 19:30:10 [울산광역시] 병상 7기관, 수용가능 9기관, 메시지 16건
2026-10-02 19:30:12 [세종특별자치시] 병상 2기관, 수용가능 2기관, 메시지 14건
2026-10-02 19:30:13 [전남광주통합특별시] 병상 59기관, 수용가능 63기관, 메시지 43건
2026-10-02 19:30:14 [강원특별자치도] 병상 21기관, 수용가능 22기관, 메시지 10건
2026-10-02 19:30:16 [충청북도] 병상 15기관, 수용가능 17기관, 메시지 1건
2026-10-02 19:30:17 [충청남도] 병상 18기관, 수용가능 18기관, 메시지 14건
2026-10-02 19:30:19 [전북특별자치도] 병상 20기관, 수용가능 21기관, 메시지 29건
2026-10-02 19:30:20 [경상북도] 병상 31기관, 수용가능 32기관, 메시지 47건
2026-10-02 19:30:21 [경상남도] 병상 35기관, 수용가능 36기관, 메시지 85건
2026-10-02 19:30:22 [제주특별자치도] 병상 6기관, 수용가능 6기관, 메시지 13건
2026-10-02 20:00:01 [서울특별시] 병상 50기관, 수용가능 54기관, 메시지 116건
2026-10-02 20:00:02 [경기도] 병상 73기관, 수용가능 76기관, 메시지 179건
2026-10-02 20:00:03 [인천광역시] 병상 21기관, 수용가능 22기관, 메시지 12건
2026-10-02 20:00:04 [부산광역시] 병상 29기관, 수용가능 31기관, 메시지 130건
2026-10-02 20:00:06 [대구광역시] 병상 19기관, 수용가능 19기관, 메시지 81건
2026-10-02 20:00:07 [대전광역시] 병상 9기관, 수용가능 10기관, 메시지 75건
2026-10-02 20:00:08 [울산광역시] 병상 7기관, 수용가능 9기관, 메시지 16건
2026-10-02 20:00:09 [세종특별자치시] 병상 2기관, 수용가능 2기관, 메시지 14건
2026-10-02 20:00:11 [전남광주통합특별시] 병상 59기관, 수용가능 63기관, 메시지 43건
2026-10-02 20:00:12 [강원특별자치도] 병상 21기관, 수용가능 22기관, 메시지 10건
2026-10-02 20:00:13 [충청북도] 병상 15기관, 수용가능 17기관, 메시지 1건
2026-10-02 20:00:14 [충청남도] 병상 18기관, 수용가능 18기관, 메시지 14건
2026-10-02 20:00:15 [전북특별자치도] 병상 20기관, 수용가능 21기관, 메시지 30건
2026-10-02 20:00:16 [경상북도] 병상 31기관, 수용가능 32기관, 메시지 47건
2026-10-02 20:00:17 [경상남도] 병상 35기관, 수용가능 36기관, 메시지 85건
2026-10-02 20:00:19 [제주특별자치도] 병상 6기관, 수용가능 6기관, 메시지 13건
2026-10-02 20:30:01 [서울특별시] 병상 50기관, 수용가능 54기관, 메시지 116건
2026-10-02 20:30:02 [경기도] 병상 73기관, 수용가능 76기관, 메시지 177건
2026-10-02 20:30:04 [인천광역시] 병상 21기관, 수용가능 22기관, 메시지 12건
2026-10-02 20:30:05 [부산광역시] 병상 29기관, 수용가능 31기관, 메시지 131건
2026-10-02 20:30:06 [대구광역시] 병상 19기관, 수용가능 19기관, 메시지 81건
2026-10-02 20:30:07 [대전광역시] 병상 9기관, 수용가능 10기관, 메시지 75건
2026-10-02 20:30:09 [울산광역시] 병상 7기관, 수용가능 9기관, 메시지 16건
2026-10-02 20:30:10 [세종특별자치시] 병상 2기관, 수용가능 2기관, 메시지 14건
2026-10-02 20:30:11 [전남광주통합특별시] 병상 59기관, 수용가능 63기관, 메시지 43건
2026-10-02 20:30:12 [강원특별자치도] 병상 21기관, 수용가능 22기관, 메시지 10건
2026-10-02 20:30:13 [충청북도] 병상 15기관, 수용가능 17기관, 메시지 1건
2026-10-02 20:30:14 [충청남도] 병상 18기관, 수용가능 18기관, 메시지 14건
2026-10-02 20:30:14 [전북특별자치도] 병상 20기관, 수용가능 21기관, 메시지 30건
2026-10-02 20:30:16 [경상북도] 병상 31기관, 수용가능 32기관, 메시지 47건
2026-10-02 20:30:17 [경상남도] 병상 35기관, 수용가능 36기관, 메시지 86건
2026-10-02 20:30:17 [제주특별자치도] 병상 6기관, 수용가능 6기관, 메시지 14건
2026-10-02 21:00:02 [서울특별시] 병상 50기관, 수용가능 54기관, 메시지 116건
2026-10-02 21:00:02 [경기도] 병상 73기관, 수용가능 76기관, 메시지 177건
2026-10-02 21:00:03 [인천광역시] 병상 21기관, 수용가능 22기관, 메시지 12건
2026-10-02 21:00:04 [부산광역시] 병상 29기관, 수용가능 31기관, 메시지 132건
2026-10-02 21:00:06 [대구광역시] 병상 19기관, 수용가능 19기관, 메시지 81건
2026-10-02 21:00:07 [대전광역시] 병상 9기관, 수용가능 10기관, 메시지 74건
2026-10-02 21:00:08 [울산광역시] 병상 7기관, 수용가능 9기관, 메시지 16건
2026-10-02 21:00:09 [세종특별자치시] 병상 2기관, 수용가능 2기관, 메시지 14건
2026-10-02 21:00:10 [전남광주통합특별시] 병상 59기관, 수용가능 63기관, 메시지 43건
2026-10-02 21:00:11 [강원특별자치도] 병상 21기관, 수용가능 22기관, 메시지 10건
2026-10-02 21:00:12 [충청북도] 병상 15기관, 수용가능 17기관, 메시지 1건
2026-10-02 21:00:13 [충청남도] 병상 18기관, 수용가능 18기관, 메시지 13건
2026-10-02 21:00:14 [전북특별자치도] 병상 20기관, 수용가능 21기관, 메시지 30건
2026-10-02 21:00:15 [경상북도] 병상 31기관, 수용가능 32기관, 메시지 47건
2026-10-02 21:00:16 [경상남도] 병상 35기관, 수용가능 36기관, 메시지 86건
2026-10-02 21:00:17 [제주특별자치도] 병상 6기관, 수용가능 6기관, 메시지 14건
2026-10-02 21:30:01 [서울특별시] 병상 50기관, 수용가능 54기관, 메시지 116건
2026-10-02 21:30:02 [경기도] 병상 73기관, 수용가능 76기관, 메시지 177건
2026-10-02 21:30:04 [인천광역시] 병상 21기관, 수용가능 22기관, 메시지 12건
2026-10-02 21:30:05 [부산광역시] 병상 29기관, 수용가능 31기관, 메시지 132건
2026-10-02 21:30:06 [대구광역시] 병상 19기관, 수용가능 19기관, 메시지 81건
2026-10-02 21:30:07 [대전광역시] 병상 9기관, 수용가능 10기관, 메시지 74건
2026-10-02 21:30:08 [울산광역시] 병상 7기관, 수용가능 9기관, 메시지 16건
2026-10-02 21:30:10 [세종특별자치시] 병상 2기관, 수용가능 2기관, 메시지 14건
2026-10-02 21:30:11 [전남광주통합특별시] 병상 59기관, 수용가능 63기관, 메시지 43건
2026-10-02 21:30:12 [강원특별자치도] 병상 21기관, 수용가능 22기관, 메시지 10건
2026-10-02 21:30:14 [충청북도] 병상 15기관, 수용가능 17기관, 메시지 1건
2026-10-02 21:30:16 [충청남도] 병상 18기관, 수용가능 18기관, 메시지 13건
2026-10-02 21:30:18 [전북특별자치도] 병상 20기관, 수용가능 21기관, 메시지 30건
2026-10-02 21:30:19 [경상북도] 병상 31기관, 수용가능 32기관, 메시지 47건
2026-10-02 21:30:20 [경상남도] 병상 35기관, 수용가능 36기관, 메시지 86건
2026-10-02 21:30:21 [제주특별자치도] 병상 6기관, 수용가능 6기관, 메시지 14건
2026-10-02 22:00:02 [서울특별시] 병상 50기관, 수용가능 54기관, 메시지 116건
2026-10-02 22:00:04 [경기도] 병상 73기관, 수용가능 76기관, 메시지 177건
2026-10-02 22:00:06 [인천광역시] 병상 21기관, 수용가능 22기관, 메시지 12건
2026-10-02 22:00:07 [부산광역시] 병상 29기관, 수용가능 31기관, 메시지 132건
2026-10-02 22:00:08 [대구광역시] 병상 19기관, 수용가능 19기관, 메시지 82건
2026-10-02 22:00:10 [대전광역시] 병상 9기관, 수용가능 10기관, 메시지 74건
2026-10-02 22:00:12 [울산광역시] 병상 7기관, 수용가능 9기관, 메시지 16건
2026-10-02 22:00:15 [세종특별자치시] 병상 2기관, 수용가능 2기관, 메시지 14건
2026-10-02 22:00:23 [전남광주통합특별시] 병상 59기관, 수용가능 63기관, 메시지 43건
2026-10-02 22:00:24 [강원특별자치도] 병상 21기관, 수용가능 22기관, 메시지 10건
2026-10-02 22:00:25 [충청북도] 병상 15기관, 수용가능 17기관, 메시지 1건
2026-10-02 22:00:26 [충청남도] 병상 18기관, 수용가능 18기관, 메시지 13건
2026-10-02 22:00:27 [전북특별자치도] 병상 20기관, 수용가능 21기관, 메시지 30건
2026-10-02 22:00:28 [경상북도] 병상 31기관, 수용가능 32기관, 메시지 47건
2026-10-02 22:00:30 [경상남도] 병상 35기관, 수용가능 36기관, 메시지 86건
2026-10-02 22:00:31 [제주특별자치도] 병상 6기관, 수용가능 6기관, 메시지 14건
2026-10-02 22:30:01 [서울특별시] 병상 50기관, 수용가능 54기관, 메시지 120건
2026-10-02 22:30:02 [경기도] 병상 73기관, 수용가능 76기관, 메시지 177건
2026-10-02 22:30:04 [인천광역시] 병상 21기관, 수용가능 22기관, 메시지 12건
2026-10-02 22:30:05 [부산광역시] 병상 29기관, 수용가능 31기관, 메시지 135건
2026-10-02 22:30:06 [대구광역시] 병상 19기관, 수용가능 19기관, 메시지 82건
2026-10-02 22:30:07 [대전광역시] 병상 9기관, 수용가능 10기관, 메시지 74건
2026-10-02 22:30:07 [울산광역시] 병상 7기관, 수용가능 9기관, 메시지 16건
2026-10-02 22:30:08 [세종특별자치시] 병상 2기관, 수용가능 2기관, 메시지 14건
2026-10-02 22:30:08 [전남광주통합특별시] 병상 59기관, 수용가능 63기관, 메시지 43건
2026-10-02 22:30:09 [강원특별자치도] 병상 21기관, 수용가능 22기관, 메시지 10건
2026-10-02 22:30:11 [충청북도] 병상 15기관, 수용가능 17기관, 메시지 1건
2026-10-02 22:30:12 [충청남도] 병상 18기관, 수용가능 18기관, 메시지 13건
2026-10-02 22:30:13 [전북특별자치도] 병상 20기관, 수용가능 21기관, 메시지 30건
2026-10-02 22:30:15 [경상북도] 병상 31기관, 수용가능 32기관, 메시지 47건
2026-10-02 22:30:17 [경상남도] 병상 35기관, 수용가능 36기관, 메시지 86건
2026-10-02 22:30:17 [제주특별자치도] 병상 6기관, 수용가능 6기관, 메시지 14건
2026-10-02 23:00:02 [서울특별시] 병상 50기관, 수용가능 54기관, 메시지 120건
2026-10-02 23:00:03 [경기도] 병상 73기관, 수용가능 76기관, 메시지 177건
2026-10-02 23:00:04 [인천광역시] 병상 21기관, 수용가능 22기관, 메시지 12건
2026-10-02 23:00:05 [부산광역시] 병상 29기관, 수용가능 31기관, 메시지 135건
2026-10-02 23:00:05 [대구광역시] 병상 19기관, 수용가능 19기관, 메시지 82건
2026-10-02 23:00:06 [대전광역시] 병상 9기관, 수용가능 10기관, 메시지 74건
2026-10-02 23:00:07 [울산광역시] 병상 7기관, 수용가능 9기관, 메시지 16건
2026-10-02 23:00:08 [세종특별자치시] 병상 2기관, 수용가능 2기관, 메시지 14건
2026-10-02 23:00:09 [전남광주통합특별시] 병상 59기관, 수용가능 63기관, 메시지 39건
2026-10-02 23:00:10 [강원특별자치도] 병상 21기관, 수용가능 22기관, 메시지 10건
2026-10-02 23:00:12 [충청북도] 병상 15기관, 수용가능 17기관, 메시지 1건
2026-10-02 23:00:12 [충청남도] 병상 18기관, 수용가능 18기관, 메시지 12건
2026-10-02 23:00:14 [전북특별자치도] 병상 20기관, 수용가능 21기관, 메시지 30건
2026-10-02 23:00:14 [경상북도] 병상 31기관, 수용가능 32기관, 메시지 47건
2026-10-02 23:00:15 [경상남도] 병상 35기관, 수용가능 36기관, 메시지 86건
2026-10-02 23:00:16 [제주특별자치도] 병상 6기관, 수용가능 6기관, 메시지 14건
2026-10-02 23:30:02 [서울특별시] 병상 50기관, 수용가능 54기관, 메시지 121건
2026-10-02 23:30:03 [경기도] 병상 73기관, 수용가능 76기관, 메시지 177건
2026-10-02 23:30:04 [인천광역시] 병상 21기관, 수용가능 22기관, 메시지 12건
2026-10-02 23:30:04 [부산광역시] 병상 29기관, 수용가능 31기관, 메시지 136건
2026-10-02 23:30:05 [대구광역시] 병상 19기관, 수용가능 19기관, 메시지 82건
2026-10-02 23:30:06 [대전광역시] 병상 9기관, 수용가능 10기관, 메시지 74건
2026-10-02 23:30:08 [울산광역시] 병상 7기관, 수용가능 9기관, 메시지 16건
2026-10-02 23:30:09 [세종특별자치시] 병상 2기관, 수용가능 2기관, 메시지 14건
2026-10-02 23:30:10 [전남광주통합특별시] 병상 59기관, 수용가능 63기관, 메시지 39건
2026-10-02 23:30:11 [강원특별자치도] 병상 21기관, 수용가능 22기관, 메시지 10건
2026-10-02 23:30:11 [충청북도] 병상 15기관, 수용가능 17기관, 메시지 1건
2026-10-02 23:30:12 [충청남도] 병상 18기관, 수용가능 18기관, 메시지 13건
2026-10-02 23:30:12 [전북특별자치도] 병상 20기관, 수용가능 21기관, 메시지 30건
2026-10-02 23:30:14 [경상북도] 병상 31기관, 수용가능 32기관, 메시지 47건
2026-10-02 23:30:15 [경상남도] 병상 35기관, 수용가능 36기관, 메시지 87건
2026-10-02 23:30:16 [제주특별자치도] 병상 6기관, 수용가능 6기관, 메시지 14건
2026-10-02 23:59:59 [서울특별시] 병상 50기관, 수용가능 54기관, 메시지 121건
2026-10-02 23:59:59 [경기도] 병상 73기관, 수용가능 76기관, 메시지 173건
2026-10-03 00:00:00 [인천광역시] 병상 21기관, 수용가능 22기관, 메시지 12건
2026-10-03 00:00:02 [부산광역시] 병상 29기관, 수용가능 31기관, 메시지 133건
2026-10-03 00:00:03 [대구광역시] 병상 19기관, 수용가능 19기관, 메시지 82건
2026-10-03 00:00:05 [대전광역시] 병상 9기관, 수용가능 10기관, 메시지 74건
2026-10-03 00:00:05 [울산광역시] 병상 7기관, 수용가능 9기관, 메시지 16건
2026-10-03 00:00:07 [세종특별자치시] 병상 2기관, 수용가능 2기관, 메시지 14건
2026-10-03 00:00:08 [전남광주통합특별시] 병상 59기관, 수용가능 63기관, 메시지 39건
2026-10-03 00:00:10 [강원특별자치도] 병상 21기관, 수용가능 22기관, 메시지 10건
2026-10-03 00:00:11 [충청북도] 병상 15기관, 수용가능 17기관, 메시지 1건
2026-10-03 00:00:12 [충청남도] 병상 18기관, 수용가능 18기관, 메시지 11건
2026-10-03 00:00:14 [전북특별자치도] 병상 20기관, 수용가능 21기관, 메시지 30건
2026-10-03 00:00:15 [경상북도] 병상 31기관, 수용가능 32기관, 메시지 47건
2026-10-03 00:00:16 [경상남도] 병상 35기관, 수용가능 36기관, 메시지 78건
2026-10-03 00:00:17 [제주특별자치도] 병상 6기관, 수용가능 6기관, 메시지 14건
2026-10-03 00:30:04 [서울특별시] 병상 50기관, 수용가능 54기관, 메시지 123건
2026-10-03 00:30:05 [경기도] 병상 73기관, 수용가능 76기관, 메시지 173건
2026-10-03 00:30:06 [인천광역시] 병상 21기관, 수용가능 22기관, 메시지 12건
2026-10-03 00:30:06 [부산광역시] 병상 29기관, 수용가능 31기관, 메시지 133건
2026-10-03 00:30:08 [대구광역시] 병상 19기관, 수용가능 19기관, 메시지 82건
2026-10-03 00:30:09 [대전광역시] 병상 9기관, 수용가능 10기관, 메시지 74건
2026-10-03 00:30:11 [울산광역시] 병상 7기관, 수용가능 9기관, 메시지 16건
2026-10-03 00:30:12 [세종특별자치시] 병상 2기관, 수용가능 2기관, 메시지 14건
2026-10-03 00:30:13 [전남광주통합특별시] 병상 59기관, 수용가능 63기관, 메시지 44건
2026-10-03 00:30:15 [강원특별자치도] 병상 21기관, 수용가능 22기관, 메시지 10건
2026-10-03 00:30:16 [충청북도] 병상 15기관, 수용가능 17기관, 메시지 2건
2026-10-03 00:30:17 [충청남도] 병상 18기관, 수용가능 18기관, 메시지 13건
2026-10-03 00:30:19 [전북특별자치도] 병상 20기관, 수용가능 21기관, 메시지 30건
2026-10-03 00:30:20 [경상북도] 병상 31기관, 수용가능 32기관, 메시지 47건
2026-10-03 00:30:21 [경상남도] 병상 35기관, 수용가능 36기관, 메시지 81건
2026-10-03 00:30:22 [제주특별자치도] 병상 6기관, 수용가능 6기관, 메시지 14건
2026-10-03 01:00:01 [서울특별시] 병상 50기관, 수용가능 54기관, 메시지 123건
2026-10-03 01:00:02 [경기도] 병상 73기관, 수용가능 76기관, 메시지 177건
2026-10-03 01:00:04 [인천광역시] 병상 21기관, 수용가능 22기관, 메시지 12건
2026-10-03 01:00:05 [부산광역시] 병상 29기관, 수용가능 31기관, 메시지 133건
2026-10-03 01:00:08 [대구광역시] 병상 19기관, 수용가능 19기관, 메시지 82건
2026-10-03 01:00:10 [대전광역시] 병상 9기관, 수용가능 10기관, 메시지 74건
2026-10-03 01:00:11 [울산광역시] 병상 7기관, 수용가능 9기관, 메시지 16건
2026-10-03 01:00:12 [세종특별자치시] 병상 2기관, 수용가능 2기관, 메시지 14건
2026-10-03 01:00:14 [전남광주통합특별시] 병상 59기관, 수용가능 63기관, 메시지 44건
2026-10-03 01:00:15 [강원특별자치도] 병상 21기관, 수용가능 22기관, 메시지 10건
2026-10-03 01:00:17 [충청북도] 병상 15기관, 수용가능 17기관, 메시지 2건
2026-10-03 01:00:18 [충청남도] 병상 18기관, 수용가능 18기관, 메시지 13건
2026-10-03 01:00:19 [전북특별자치도] 병상 20기관, 수용가능 21기관, 메시지 30건
2026-10-03 01:00:20 [경상북도] 병상 31기관, 수용가능 32기관, 메시지 47건
2026-10-03 01:00:21 [경상남도] 병상 35기관, 수용가능 36기관, 메시지 81건
2026-10-03 01:00:21 [제주특별자치도] 병상 6기관, 수용가능 6기관, 메시지 14건
2026-10-03 01:30:02 [서울특별시] 병상 50기관, 수용가능 54기관, 메시지 123건
2026-10-03 01:30:03 [경기도] 병상 73기관, 수용가능 76기관, 메시지 177건
2026-10-03 01:30:04 [인천광역시] 병상 21기관, 수용가능 22기관, 메시지 12건
2026-10-03 01:30:05 [부산광역시] 병상 29기관, 수용가능 31기관, 메시지 133건
2026-10-03 01:30:06 [대구광역시] 병상 19기관, 수용가능 19기관, 메시지 82건
2026-10-03 01:30:06 [대전광역시] 병상 9기관, 수용가능 10기관, 메시지 74건
2026-10-03 01:30:07 [울산광역시] 병상 7기관, 수용가능 9기관, 메시지 16건
2026-10-03 01:30:08 [세종특별자치시] 병상 2기관, 수용가능 2기관, 메시지 14건
2026-10-03 01:30:09 [전남광주통합특별시] 병상 59기관, 수용가능 63기관, 메시지 44건
2026-10-03 01:30:11 [강원특별자치도] 병상 21기관, 수용가능 22기관, 메시지 10건
2026-10-03 01:30:12 [충청북도] 병상 15기관, 수용가능 17기관, 메시지 2건
2026-10-03 01:30:14 [충청남도] 병상 18기관, 수용가능 18기관, 메시지 13건
2026-10-03 01:30:15 [전북특별자치도] 병상 20기관, 수용가능 21기관, 메시지 30건
2026-10-03 01:30:16 [경상북도] 병상 31기관, 수용가능 32기관, 메시지 47건
2026-10-03 01:30:19 [경상남도] 병상 35기관, 수용가능 36기관, 메시지 81건
2026-10-03 01:30:20 [제주특별자치도] 병상 6기관, 수용가능 6기관, 메시지 14건
2026-10-03 02:00:04 [서울특별시] 병상 50기관, 수용가능 54기관, 메시지 123건
2026-10-03 02:00:09 [경기도] 병상 73기관, 수용가능 76기관, 메시지 177건
2026-10-03 02:00:20 [인천광역시] 병상 21기관, 수용가능 22기관, 메시지 12건
2026-10-03 02:00:25 [부산광역시] 병상 29기관, 수용가능 31기관, 메시지 133건
2026-10-03 02:00:29 [대구광역시] 병상 19기관, 수용가능 19기관, 메시지 82건
2026-10-03 02:00:31 [대전광역시] 병상 9기관, 수용가능 10기관, 메시지 74건
2026-10-03 02:00:33 [울산광역시] 병상 7기관, 수용가능 9기관, 메시지 16건
2026-10-03 02:00:36 [세종특별자치시] 병상 2기관, 수용가능 2기관, 메시지 14건
2026-10-03 02:00:39 [전남광주통합특별시] 병상 59기관, 수용가능 63기관, 메시지 44건
2026-10-03 02:00:42 [강원특별자치도] 병상 21기관, 수용가능 22기관, 메시지 10건
2026-10-03 02:00:45 [충청북도] 병상 15기관, 수용가능 17기관, 메시지 2건
2026-10-03 02:00:46 [충청남도] 병상 18기관, 수용가능 18기관, 메시지 13건
2026-10-03 02:00:50 [전북특별자치도] 병상 20기관, 수용가능 21기관, 메시지 30건
2026-10-03 02:00:53 [경상북도] 병상 31기관, 수용가능 32기관, 메시지 47건
2026-10-03 02:00:58 [경상남도] 병상 35기관, 수용가능 36기관, 메시지 81건
2026-10-03 02:01:01 [제주특별자치도] 병상 6기관, 수용가능 6기관, 메시지 14건
2026-10-03 02:30:02 [서울특별시] 병상 50기관, 수용가능 54기관, 메시지 124건
2026-10-03 02:30:05 [경기도] 병상 73기관, 수용가능 76기관, 메시지 177건
2026-10-03 02:30:06 [인천광역시] 병상 21기관, 수용가능 22기관, 메시지 12건
2026-10-03 02:30:07 [부산광역시] 병상 29기관, 수용가능 31기관, 메시지 133건
2026-10-03 02:30:07 [대구광역시] 병상 19기관, 수용가능 19기관, 메시지 82건
2026-10-03 02:30:08 [대전광역시] 병상 9기관, 수용가능 10기관, 메시지 74건
2026-10-03 02:30:09 [울산광역시] 병상 7기관, 수용가능 9기관, 메시지 16건
2026-10-03 02:30:11 [세종특별자치시] 병상 2기관, 수용가능 2기관, 메시지 14건
2026-10-03 02:30:11 [전남광주통합특별시] 병상 59기관, 수용가능 63기관, 메시지 44건
2026-10-03 02:30:12 [강원특별자치도] 병상 21기관, 수용가능 22기관, 메시지 10건
2026-10-03 02:30:13 [충청북도] 병상 15기관, 수용가능 17기관, 메시지 2건
2026-10-03 02:30:15 [충청남도] 병상 18기관, 수용가능 18기관, 메시지 13건
2026-10-03 02:30:16 [전북특별자치도] 병상 20기관, 수용가능 21기관, 메시지 30건
2026-10-03 02:30:18 [경상북도] 병상 31기관, 수용가능 32기관, 메시지 47건
2026-10-03 02:30:19 [경상남도] 병상 35기관, 수용가능 36기관, 메시지 81건
2026-10-03 02:30:19 [제주특별자치도] 병상 6기관, 수용가능 6기관, 메시지 14건
2026-10-03 03:00:02 [서울특별시] 병상 50기관, 수용가능 54기관, 메시지 124건
2026-10-03 03:00:03 [경기도] 병상 73기관, 수용가능 76기관, 메시지 177건
2026-10-03 03:00:05 [인천광역시] 병상 21기관, 수용가능 22기관, 메시지 12건
2026-10-03 03:00:07 [부산광역시] 병상 29기관, 수용가능 31기관, 메시지 133건
2026-10-03 03:00:08 [대구광역시] 병상 19기관, 수용가능 19기관, 메시지 82건
2026-10-03 03:00:09 [대전광역시] 병상 9기관, 수용가능 10기관, 메시지 74건
2026-10-03 03:00:10 [울산광역시] 병상 7기관, 수용가능 9기관, 메시지 16건
2026-10-03 03:00:12 [세종특별자치시] 병상 2기관, 수용가능 2기관, 메시지 14건
2026-10-03 03:00:14 [전남광주통합특별시] 병상 59기관, 수용가능 63기관, 메시지 44건
2026-10-03 03:00:15 [강원특별자치도] 병상 21기관, 수용가능 22기관, 메시지 10건
2026-10-03 03:00:15 [충청북도] 병상 15기관, 수용가능 17기관, 메시지 2건
2026-10-03 03:00:16 [충청남도] 병상 18기관, 수용가능 18기관, 메시지 13건
2026-10-03 03:00:16 [전북특별자치도] 병상 20기관, 수용가능 21기관, 메시지 30건
2026-10-03 03:00:17 [경상북도] 병상 31기관, 수용가능 32기관, 메시지 47건
2026-10-03 03:00:17 [경상남도] 병상 35기관, 수용가능 36기관, 메시지 81건
2026-10-03 03:00:18 [제주특별자치도] 병상 6기관, 수용가능 6기관, 메시지 14건
2026-10-03 03:30:01 [서울특별시] 병상 50기관, 수용가능 54기관, 메시지 124건
2026-10-03 03:30:02 [경기도] 병상 73기관, 수용가능 76기관, 메시지 177건
2026-10-03 03:30:03 [인천광역시] 병상 21기관, 수용가능 22기관, 메시지 12건
2026-10-03 03:30:04 [부산광역시] 병상 29기관, 수용가능 31기관, 메시지 133건
2026-10-03 03:30:05 [대구광역시] 병상 19기관, 수용가능 19기관, 메시지 82건
2026-10-03 03:30:07 [대전광역시] 병상 9기관, 수용가능 10기관, 메시지 74건
2026-10-03 03:30:07 [울산광역시] 병상 7기관, 수용가능 9기관, 메시지 16건
2026-10-03 03:30:08 [세종특별자치시] 병상 2기관, 수용가능 2기관, 메시지 14건
2026-10-03 03:30:10 [전남광주통합특별시] 병상 59기관, 수용가능 63기관, 메시지 44건
2026-10-03 03:30:10 [강원특별자치도] 병상 21기관, 수용가능 22기관, 메시지 10건
2026-10-03 03:30:12 [충청북도] 병상 15기관, 수용가능 17기관, 메시지 2건
2026-10-03 03:30:13 [충청남도] 병상 18기관, 수용가능 18기관, 메시지 13건
2026-10-03 03:30:13 [전북특별자치도] 병상 20기관, 수용가능 21기관, 메시지 30건
2026-10-03 03:30:14 [경상북도] 병상 31기관, 수용가능 32기관, 메시지 47건
2026-10-03 03:30:15 [경상남도] 병상 35기관, 수용가능 36기관, 메시지 81건
2026-10-03 03:30:15 [제주특별자치도] 병상 6기관, 수용가능 6기관, 메시지 14건
2026-10-03 04:00:02 [서울특별시] 병상 50기관, 수용가능 54기관, 메시지 123건
2026-10-03 04:00:03 [경기도] 병상 73기관, 수용가능 76기관, 메시지 177건
2026-10-03 04:00:04 [인천광역시] 병상 21기관, 수용가능 22기관, 메시지 12건
2026-10-03 04:00:04 [부산광역시] 병상 29기관, 수용가능 31기관, 메시지 132건
2026-10-03 04:00:06 [대구광역시] 병상 19기관, 수용가능 19기관, 메시지 82건
2026-10-03 04:00:08 [대전광역시] 병상 9기관, 수용가능 10기관, 메시지 74건
2026-10-03 04:00:08 [울산광역시] 병상 7기관, 수용가능 9기관, 메시지 16건
2026-10-03 04:00:09 [세종특별자치시] 병상 2기관, 수용가능 2기관, 메시지 14건
2026-10-03 04:00:10 [전남광주통합특별시] 병상 59기관, 수용가능 63기관, 메시지 44건
2026-10-03 04:00:11 [강원특별자치도] 병상 21기관, 수용가능 22기관, 메시지 10건
2026-10-03 04:00:12 [충청북도] 병상 15기관, 수용가능 17기관, 메시지 2건
2026-10-03 04:00:13 [충청남도] 병상 18기관, 수용가능 18기관, 메시지 13건
2026-10-03 04:00:14 [전북특별자치도] 병상 20기관, 수용가능 21기관, 메시지 30건
2026-10-03 04:00:15 [경상북도] 병상 31기관, 수용가능 32기관, 메시지 47건
2026-10-03 04:00:16 [경상남도] 병상 35기관, 수용가능 36기관, 메시지 81건
2026-10-03 04:00:17 [제주특별자치도] 병상 6기관, 수용가능 6기관, 메시지 14건
2026-10-03 04:30:01 [서울특별시] 병상 50기관, 수용가능 54기관, 메시지 123건
2026-10-03 04:30:02 [경기도] 병상 73기관, 수용가능 76기관, 메시지 177건
2026-10-03 04:30:03 [인천광역시] 병상 21기관, 수용가능 22기관, 메시지 12건
2026-10-03 04:30:06 [부산광역시] 병상 29기관, 수용가능 31기관, 메시지 133건
2026-10-03 04:30:06 [대구광역시] 병상 19기관, 수용가능 19기관, 메시지 82건
2026-10-03 04:30:07 [대전광역시] 병상 9기관, 수용가능 10기관, 메시지 74건
2026-10-03 04:30:08 [울산광역시] 병상 7기관, 수용가능 9기관, 메시지 16건
2026-10-03 04:30:09 [세종특별자치시] 병상 2기관, 수용가능 2기관, 메시지 14건
2026-10-03 04:30:11 [전남광주통합특별시] 병상 59기관, 수용가능 63기관, 메시지 44건
2026-10-03 04:30:12 [강원특별자치도] 병상 21기관, 수용가능 22기관, 메시지 10건
2026-10-03 04:30:13 [충청북도] 병상 15기관, 수용가능 17기관, 메시지 2건
2026-10-03 04:30:15 [충청남도] 병상 18기관, 수용가능 18기관, 메시지 13건
2026-10-03 04:30:16 [전북특별자치도] 병상 20기관, 수용가능 21기관, 메시지 30건
2026-10-03 04:30:16 [경상북도] 병상 31기관, 수용가능 32기관, 메시지 47건
2026-10-03 04:30:17 [경상남도] 병상 35기관, 수용가능 36기관, 메시지 81건
2026-10-03 04:30:19 [제주특별자치도] 병상 6기관, 수용가능 6기관, 메시지 14건
2026-10-03 05:00:02 [서울특별시] 병상 50기관, 수용가능 54기관, 메시지 123건
2026-10-03 05:00:03 [경기도] 병상 73기관, 수용가능 76기관, 메시지 177건
2026-10-03 05:00:05 [인천광역시] 병상 21기관, 수용가능 22기관, 메시지 12건
2026-10-03 05:00:07 [부산광역시] 병상 29기관, 수용가능 31기관, 메시지 133건
2026-10-03 05:00:08 [대구광역시] 병상 19기관, 수용가능 19기관, 메시지 82건
2026-10-03 05:00:08 [대전광역시] 병상 9기관, 수용가능 10기관, 메시지 74건
2026-10-03 05:00:09 [울산광역시] 병상 7기관, 수용가능 9기관, 메시지 16건
2026-10-03 05:00:11 [세종특별자치시] 병상 2기관, 수용가능 2기관, 메시지 14건
2026-10-03 05:00:12 [전남광주통합특별시] 병상 59기관, 수용가능 63기관, 메시지 44건
2026-10-03 05:00:12 [강원특별자치도] 병상 21기관, 수용가능 22기관, 메시지 10건
2026-10-03 05:00:13 [충청북도] 병상 15기관, 수용가능 17기관, 메시지 3건
2026-10-03 05:00:14 [충청남도] 병상 18기관, 수용가능 18기관, 메시지 13건
2026-10-03 05:00:15 [전북특별자치도] 병상 20기관, 수용가능 21기관, 메시지 30건
2026-10-03 05:00:16 [경상북도] 병상 31기관, 수용가능 32기관, 메시지 47건
2026-10-03 05:00:18 [경상남도] 병상 35기관, 수용가능 36기관, 메시지 81건
2026-10-03 05:00:19 [제주특별자치도] 병상 6기관, 수용가능 6기관, 메시지 14건
2026-10-03 05:30:01 [서울특별시] 병상 50기관, 수용가능 54기관, 메시지 123건
2026-10-03 05:30:02 [경기도] 병상 73기관, 수용가능 76기관, 메시지 177건
2026-10-03 05:30:03 [인천광역시] 병상 21기관, 수용가능 22기관, 메시지 12건
2026-10-03 05:30:05 [부산광역시] 병상 29기관, 수용가능 31기관, 메시지 133건
2026-10-03 05:30:07 [대구광역시] 병상 19기관, 수용가능 19기관, 메시지 82건
2026-10-03 05:30:08 [대전광역시] 병상 9기관, 수용가능 10기관, 메시지 74건
2026-10-03 05:30:09 [울산광역시] 병상 7기관, 수용가능 9기관, 메시지 16건
2026-10-03 05:30:11 [세종특별자치시] 병상 2기관, 수용가능 2기관, 메시지 14건
2026-10-03 05:30:12 [전남광주통합특별시] 병상 59기관, 수용가능 63기관, 메시지 44건
2026-10-03 05:30:13 [강원특별자치도] 병상 21기관, 수용가능 22기관, 메시지 10건
2026-10-03 05:30:14 [충청북도] 병상 15기관, 수용가능 17기관, 메시지 3건
2026-10-03 05:30:14 [충청남도] 병상 18기관, 수용가능 18기관, 메시지 13건
2026-10-03 05:30:17 [전북특별자치도] 병상 20기관, 수용가능 21기관, 메시지 30건
2026-10-03 05:30:18 [경상북도] 병상 31기관, 수용가능 32기관, 메시지 47건
2026-10-03 05:30:19 [경상남도] 병상 35기관, 수용가능 36기관, 메시지 81건
2026-10-03 05:30:20 [제주특별자치도] 병상 6기관, 수용가능 6기관, 메시지 14건
2026-10-03 06:00:01 [서울특별시] 병상 50기관, 수용가능 54기관, 메시지 123건
2026-10-03 06:00:03 [경기도] 병상 73기관, 수용가능 76기관, 메시지 177건
2026-10-03 06:00:05 [인천광역시] 병상 21기관, 수용가능 22기관, 메시지 12건
2026-10-03 06:00:07 [부산광역시] 병상 29기관, 수용가능 31기관, 메시지 133건
2026-10-03 06:00:09 [대구광역시] 병상 19기관, 수용가능 19기관, 메시지 82건
2026-10-03 06:00:10 [대전광역시] 병상 9기관, 수용가능 10기관, 메시지 74건
2026-10-03 06:00:16 [울산광역시] 병상 7기관, 수용가능 9기관, 메시지 16건
2026-10-03 06:00:20 [세종특별자치시] 병상 2기관, 수용가능 2기관, 메시지 14건
2026-10-03 06:00:20 [전남광주통합특별시] 병상 59기관, 수용가능 63기관, 메시지 44건
2026-10-03 06:00:21 [강원특별자치도] 병상 21기관, 수용가능 22기관, 메시지 10건
2026-10-03 06:00:23 [충청북도] 병상 15기관, 수용가능 17기관, 메시지 3건
2026-10-03 06:00:24 [충청남도] 병상 18기관, 수용가능 18기관, 메시지 13건
2026-10-03 06:00:26 [전북특별자치도] 병상 20기관, 수용가능 21기관, 메시지 28건
2026-10-03 06:00:27 [경상북도] 병상 31기관, 수용가능 32기관, 메시지 47건
2026-10-03 06:00:28 [경상남도] 병상 35기관, 수용가능 36기관, 메시지 81건
2026-10-03 06:00:29 [제주특별자치도] 병상 6기관, 수용가능 6기관, 메시지 14건
2026-10-03 06:30:01 [서울특별시] 병상 50기관, 수용가능 54기관, 메시지 122건
2026-10-03 06:30:02 [경기도] 병상 73기관, 수용가능 76기관, 메시지 177건
2026-10-03 06:30:03 [인천광역시] 병상 21기관, 수용가능 22기관, 메시지 12건
2026-10-03 06:30:04 [부산광역시] 병상 29기관, 수용가능 31기관, 메시지 133건
2026-10-03 06:30:05 [대구광역시] 병상 19기관, 수용가능 19기관, 메시지 82건
2026-10-03 06:30:06 [대전광역시] 병상 9기관, 수용가능 10기관, 메시지 74건
2026-10-03 06:30:06 [울산광역시] 병상 7기관, 수용가능 9기관, 메시지 16건
2026-10-03 06:30:07 [세종특별자치시] 병상 2기관, 수용가능 2기관, 메시지 14건
2026-10-03 06:30:07 [전남광주통합특별시] 병상 59기관, 수용가능 63기관, 메시지 44건
2026-10-03 06:30:08 [강원특별자치도] 병상 21기관, 수용가능 22기관, 메시지 10건
2026-10-03 06:30:09 [충청북도] 병상 15기관, 수용가능 17기관, 메시지 3건
2026-10-03 06:30:10 [충청남도] 병상 18기관, 수용가능 18기관, 메시지 13건
2026-10-03 06:30:11 [전북특별자치도] 병상 20기관, 수용가능 21기관, 메시지 28건
2026-10-03 06:30:13 [경상북도] 병상 31기관, 수용가능 32기관, 메시지 47건
2026-10-03 06:30:14 [경상남도] 병상 35기관, 수용가능 36기관, 메시지 81건
2026-10-03 06:30:15 [제주특별자치도] 병상 6기관, 수용가능 6기관, 메시지 14건
2026-10-03 07:00:01 [서울특별시] 병상 50기관, 수용가능 54기관, 메시지 122건
2026-10-03 07:00:03 [경기도] 병상 73기관, 수용가능 76기관, 메시지 177건
2026-10-03 07:00:05 [인천광역시] 병상 21기관, 수용가능 22기관, 메시지 12건
2026-10-03 07:00:05 [부산광역시] 병상 29기관, 수용가능 31기관, 메시지 133건
2026-10-03 07:00:06 [대구광역시] 병상 19기관, 수용가능 19기관, 메시지 83건
2026-10-03 07:00:08 [대전광역시] 병상 9기관, 수용가능 10기관, 메시지 74건
2026-10-03 07:00:08 [울산광역시] 병상 7기관, 수용가능 9기관, 메시지 16건
2026-10-03 07:00:09 [세종특별자치시] 병상 2기관, 수용가능 2기관, 메시지 14건
2026-10-03 07:00:10 [전남광주통합특별시] 병상 59기관, 수용가능 63기관, 메시지 39건
2026-10-03 07:00:12 [강원특별자치도] 병상 21기관, 수용가능 22기관, 메시지 10건
2026-10-03 07:00:13 [충청북도] 병상 15기관, 수용가능 17기관, 메시지 3건
2026-10-03 07:00:13 [충청남도] 병상 18기관, 수용가능 18기관, 메시지 13건
2026-10-03 07:00:14 [전북특별자치도] 병상 20기관, 수용가능 21기관, 메시지 27건
2026-10-03 07:00:15 [경상북도] 병상 31기관, 수용가능 32기관, 메시지 47건
2026-10-03 07:00:16 [경상남도] 병상 35기관, 수용가능 36기관, 메시지 81건
2026-10-03 07:00:17 [제주특별자치도] 병상 6기관, 수용가능 6기관, 메시지 14건
2026-10-03 07:30:02 [서울특별시] 병상 50기관, 수용가능 54기관, 메시지 125건
2026-10-03 07:30:03 [경기도] 병상 73기관, 수용가능 76기관, 메시지 177건
2026-10-03 07:30:04 [인천광역시] 병상 21기관, 수용가능 22기관, 메시지 12건
2026-10-03 07:30:04 [부산광역시] 병상 29기관, 수용가능 31기관, 메시지 133건
2026-10-03 07:30:05 [대구광역시] 병상 19기관, 수용가능 19기관, 메시지 83건
2026-10-03 07:30:07 [대전광역시] 병상 9기관, 수용가능 10기관, 메시지 78건
2026-10-03 07:30:08 [울산광역시] 병상 7기관, 수용가능 9기관, 메시지 16건
2026-10-03 07:30:09 [세종특별자치시] 병상 2기관, 수용가능 2기관, 메시지 14건
2026-10-03 07:30:12 [전남광주통합특별시] 병상 59기관, 수용가능 63기관, 메시지 39건
2026-10-03 07:30:13 [강원특별자치도] 병상 21기관, 수용가능 22기관, 메시지 10건
2026-10-03 07:30:14 [충청북도] 병상 15기관, 수용가능 17기관, 메시지 3건
2026-10-03 07:30:15 [충청남도] 병상 18기관, 수용가능 18기관, 메시지 13건
2026-10-03 07:30:16 [전북특별자치도] 병상 20기관, 수용가능 21기관, 메시지 28건
2026-10-03 07:30:17 [경상북도] 병상 31기관, 수용가능 32기관, 메시지 47건
2026-10-03 07:30:18 [경상남도] 병상 35기관, 수용가능 36기관, 메시지 81건
2026-10-03 07:30:19 [제주특별자치도] 병상 6기관, 수용가능 6기관, 메시지 14건
2026-10-03 08:00:03 [서울특별시] 병상 50기관, 수용가능 54기관, 메시지 124건
2026-10-03 08:00:04 [경기도] 병상 73기관, 수용가능 76기관, 메시지 177건
2026-10-03 08:00:06 [인천광역시] 병상 21기관, 수용가능 22기관, 메시지 12건
2026-10-03 08:00:07 [부산광역시] 병상 29기관, 수용가능 31기관, 메시지 131건
2026-10-03 08:00:08 [대구광역시] 병상 19기관, 수용가능 19기관, 메시지 83건
2026-10-03 08:00:08 [대전광역시] 병상 9기관, 수용가능 10기관, 메시지 73건
2026-10-03 08:00:09 [울산광역시] 병상 7기관, 수용가능 9기관, 메시지 16건
2026-10-03 08:00:10 [세종특별자치시] 병상 2기관, 수용가능 2기관, 메시지 14건
2026-10-03 08:00:12 [전남광주통합특별시] 병상 59기관, 수용가능 63기관, 메시지 39건
2026-10-03 08:00:13 [강원특별자치도] 병상 21기관, 수용가능 22기관, 메시지 10건
2026-10-03 08:00:16 [충청북도] 병상 15기관, 수용가능 17기관, 메시지 3건
2026-10-03 08:00:18 [충청남도] 병상 18기관, 수용가능 18기관, 메시지 11건
2026-10-03 08:00:19 [전북특별자치도] 병상 20기관, 수용가능 21기관, 메시지 28건
2026-10-03 08:00:20 [경상북도] 병상 31기관, 수용가능 32기관, 메시지 47건
2026-10-03 08:00:20 [경상남도] 병상 35기관, 수용가능 36기관, 메시지 80건
2026-10-03 08:00:22 [제주특별자치도] 병상 6기관, 수용가능 6기관, 메시지 14건
2026-10-03 08:30:03 [서울특별시] 병상 50기관, 수용가능 54기관, 메시지 125건
2026-10-03 08:30:05 [경기도] 병상 73기관, 수용가능 76기관, 메시지 182건
2026-10-03 08:30:07 [인천광역시] 병상 21기관, 수용가능 22기관, 메시지 12건
2026-10-03 08:30:08 [부산광역시] 병상 29기관, 수용가능 31기관, 메시지 131건
2026-10-03 08:30:09 [대구광역시] 병상 19기관, 수용가능 19기관, 메시지 85건
2026-10-03 08:30:10 [대전광역시] 병상 9기관, 수용가능 10기관, 메시지 73건
2026-10-03 08:30:12 [울산광역시] 병상 7기관, 수용가능 9기관, 메시지 16건
2026-10-03 08:30:13 [세종특별자치시] 병상 2기관, 수용가능 2기관, 메시지 14건
2026-10-03 08:30:15 [전남광주통합특별시] 병상 59기관, 수용가능 63기관, 메시지 39건
2026-10-03 08:30:17 [강원특별자치도] 병상 21기관, 수용가능 22기관, 메시지 10건
2026-10-03 08:30:18 [충청북도] 병상 15기관, 수용가능 17기관, 메시지 3건
2026-10-03 08:30:19 [충청남도] 병상 18기관, 수용가능 18기관, 메시지 12건
2026-10-03 08:30:19 [전북특별자치도] 병상 20기관, 수용가능 21기관, 메시지 27건
2026-10-03 08:30:20 [경상북도] 병상 31기관, 수용가능 32기관, 메시지 47건
2026-10-03 08:30:21 [경상남도] 병상 35기관, 수용가능 36기관, 메시지 81건
2026-10-03 08:30:22 [제주특별자치도] 병상 6기관, 수용가능 6기관, 메시지 15건
2026-10-03 09:00:02 [서울특별시] 병상 50기관, 수용가능 54기관, 메시지 128건
2026-10-03 09:00:04 [경기도] 병상 73기관, 수용가능 76기관, 메시지 182건
2026-10-03 09:00:05 [인천광역시] 병상 21기관, 수용가능 22기관, 메시지 12건
2026-10-03 09:00:06 [부산광역시] 병상 29기관, 수용가능 31기관, 메시지 130건
2026-10-03 09:00:08 [대구광역시] 병상 19기관, 수용가능 19기관, 메시지 86건
2026-10-03 09:00:09 [대전광역시] 병상 9기관, 수용가능 10기관, 메시지 74건
2026-10-03 09:00:10 [울산광역시] 병상 7기관, 수용가능 9기관, 메시지 13건
2026-10-03 09:00:12 [세종특별자치시] 병상 2기관, 수용가능 2기관, 메시지 14건
2026-10-03 09:00:14 [전남광주통합특별시] 병상 59기관, 수용가능 63기관, 메시지 40건
2026-10-03 09:00:15 [강원특별자치도] 병상 21기관, 수용가능 22기관, 메시지 12건
2026-10-03 09:00:16 [충청북도] 병상 15기관, 수용가능 17기관, 메시지 2건
2026-10-03 09:00:18 [충청남도] 병상 18기관, 수용가능 18기관, 메시지 12건
2026-10-03 09:00:20 [전북특별자치도] 병상 20기관, 수용가능 21기관, 메시지 27건
2026-10-03 09:00:22 [경상북도] 병상 31기관, 수용가능 32기관, 메시지 47건
2026-10-03 09:00:24 [경상남도] 병상 35기관, 수용가능 36기관, 메시지 79건
2026-10-03 09:00:25 [제주특별자치도] 병상 6기관, 수용가능 6기관, 메시지 14건
2026-10-03 09:30:03 [서울특별시] 병상 50기관, 수용가능 54기관, 메시지 128건
2026-10-03 09:30:04 [경기도] 병상 73기관, 수용가능 76기관, 메시지 183건
2026-10-03 09:30:07 [인천광역시] 병상 21기관, 수용가능 22기관, 메시지 12건
2026-10-03 09:30:08 [부산광역시] 병상 29기관, 수용가능 31기관, 메시지 130건
2026-10-03 09:30:10 [대구광역시] 병상 19기관, 수용가능 19기관, 메시지 86건
2026-10-03 09:30:12 [대전광역시] 병상 9기관, 수용가능 10기관, 메시지 74건
2026-10-03 09:30:13 [울산광역시] 병상 7기관, 수용가능 9기관, 메시지 13건
2026-10-03 09:30:14 [세종특별자치시] 병상 2기관, 수용가능 2기관, 메시지 14건
2026-10-03 09:30:14 [전남광주통합특별시] 병상 59기관, 수용가능 63기관, 메시지 40건
2026-10-03 09:30:15 [강원특별자치도] 병상 21기관, 수용가능 22기관, 메시지 12건
2026-10-03 09:30:17 [충청북도] 병상 15기관, 수용가능 17기관, 메시지 2건
2026-10-03 09:30:18 [충청남도] 병상 18기관, 수용가능 18기관, 메시지 12건
2026-10-03 09:30:20 [전북특별자치도] 병상 20기관, 수용가능 21기관, 메시지 27건
2026-10-03 09:30:21 [경상북도] 병상 31기관, 수용가능 32기관, 메시지 49건
2026-10-03 09:30:22 [경상남도] 병상 35기관, 수용가능 36기관, 메시지 83건
2026-10-03 09:30:25 [제주특별자치도] 병상 6기관, 수용가능 6기관, 메시지 14건
2026-10-03 10:00:02 [서울특별시] 병상 50기관, 수용가능 54기관, 메시지 128건
2026-10-03 10:00:04 [경기도] 병상 73기관, 수용가능 76기관, 메시지 183건
2026-10-03 10:00:06 [인천광역시] 병상 21기관, 수용가능 22기관, 메시지 12건
2026-10-03 10:00:08 [부산광역시] 병상 29기관, 수용가능 31기관, 메시지 130건
2026-10-03 10:00:09 [대구광역시] 병상 19기관, 수용가능 19기관, 메시지 86건
2026-10-03 10:00:11 [대전광역시] 병상 9기관, 수용가능 10기관, 메시지 78건
2026-10-03 10:00:15 [울산광역시] 병상 7기관, 수용가능 9기관, 메시지 13건
2026-10-03 10:00:16 [세종특별자치시] 병상 2기관, 수용가능 2기관, 메시지 14건
2026-10-03 10:00:17 [전남광주통합특별시] 병상 59기관, 수용가능 63기관, 메시지 40건
2026-10-03 10:00:18 [강원특별자치도] 병상 21기관, 수용가능 22기관, 메시지 12건
2026-10-03 10:00:19 [충청북도] 병상 15기관, 수용가능 17기관, 메시지 2건
2026-10-03 10:00:19 [충청남도] 병상 18기관, 수용가능 18기관, 메시지 12건
2026-10-03 10:00:21 [전북특별자치도] 병상 20기관, 수용가능 21기관, 메시지 27건
2026-10-03 10:00:22 [경상북도] 병상 31기관, 수용가능 32기관, 메시지 49건
2026-10-03 10:00:23 [경상남도] 병상 35기관, 수용가능 36기관, 메시지 83건
2026-10-03 10:00:24 [제주특별자치도] 병상 6기관, 수용가능 6기관, 메시지 14건
2026-10-03 10:30:00 [서울특별시] 병상 50기관, 수용가능 54기관, 메시지 128건
2026-10-03 10:30:01 [경기도] 병상 73기관, 수용가능 76기관, 메시지 183건
2026-10-03 10:30:03 [인천광역시] 병상 21기관, 수용가능 22기관, 메시지 12건
2026-10-03 10:30:04 [부산광역시] 병상 29기관, 수용가능 31기관, 메시지 130건
2026-10-03 10:30:05 [대구광역시] 병상 19기관, 수용가능 19기관, 메시지 87건
2026-10-03 10:30:06 [대전광역시] 병상 9기관, 수용가능 10기관, 메시지 78건
2026-10-03 10:30:07 [울산광역시] 병상 7기관, 수용가능 9기관, 메시지 13건
2026-10-03 10:30:08 [세종특별자치시] 병상 2기관, 수용가능 2기관, 메시지 14건
2026-10-03 10:30:09 [전남광주통합특별시] 병상 59기관, 수용가능 63기관, 메시지 40건
2026-10-03 10:30:11 [강원특별자치도] 병상 21기관, 수용가능 22기관, 메시지 12건
2026-10-03 10:30:12 [충청북도] 병상 15기관, 수용가능 17기관, 메시지 2건
2026-10-03 10:30:12 [충청남도] 병상 18기관, 수용가능 18기관, 메시지 12건
2026-10-03 10:30:13 [전북특별자치도] 병상 20기관, 수용가능 21기관, 메시지 27건
2026-10-03 10:30:14 [경상북도] 병상 31기관, 수용가능 32기관, 메시지 49건
2026-10-03 10:30:15 [경상남도] 병상 35기관, 수용가능 36기관, 메시지 83건
2026-10-03 10:30:17 [제주특별자치도] 병상 6기관, 수용가능 6기관, 메시지 14건
2026-10-03 11:00:01 [서울특별시] 병상 50기관, 수용가능 54기관, 메시지 128건
2026-10-03 11:00:02 [경기도] 병상 73기관, 수용가능 76기관, 메시지 183건
2026-10-03 11:00:04 [인천광역시] 병상 21기관, 수용가능 22기관, 메시지 12건
2026-10-03 11:00:05 [부산광역시] 병상 29기관, 수용가능 31기관, 메시지 131건
2026-10-03 11:00:07 [대구광역시] 병상 19기관, 수용가능 19기관, 메시지 86건
2026-10-03 11:00:07 [대전광역시] 병상 9기관, 수용가능 10기관, 메시지 78건
2026-10-03 11:00:08 [울산광역시] 병상 7기관, 수용가능 9기관, 메시지 13건
2026-10-03 11:00:10 [세종특별자치시] 병상 2기관, 수용가능 2기관, 메시지 14건
2026-10-03 11:00:12 [전남광주통합특별시] 병상 59기관, 수용가능 63기관, 메시지 40건
2026-10-03 11:00:13 [강원특별자치도] 병상 21기관, 수용가능 22기관, 메시지 12건
2026-10-03 11:00:14 [충청북도] 병상 15기관, 수용가능 17기관, 메시지 2건
2026-10-03 11:00:16 [충청남도] 병상 18기관, 수용가능 18기관, 메시지 12건
2026-10-03 11:00:18 [전북특별자치도] 병상 20기관, 수용가능 21기관, 메시지 27건
2026-10-03 11:00:19 [경상북도] 병상 31기관, 수용가능 32기관, 메시지 49건
2026-10-03 11:00:20 [경상남도] 병상 35기관, 수용가능 36기관, 메시지 83건
2026-10-03 11:00:21 [제주특별자치도] 병상 6기관, 수용가능 6기관, 메시지 14건
2026-10-03 11:30:01 [서울특별시] 병상 50기관, 수용가능 54기관, 메시지 128건
2026-10-03 11:30:03 [경기도] 병상 73기관, 수용가능 76기관, 메시지 184건
2026-10-03 11:30:04 [인천광역시] 병상 21기관, 수용가능 22기관, 메시지 12건
2026-10-03 11:30:05 [부산광역시] 병상 29기관, 수용가능 31기관, 메시지 131건
2026-10-03 11:30:06 [대구광역시] 병상 19기관, 수용가능 19기관, 메시지 86건
2026-10-03 11:30:08 [대전광역시] 병상 9기관, 수용가능 10기관, 메시지 78건
2026-10-03 11:30:10 [울산광역시] 병상 7기관, 수용가능 9기관, 메시지 13건
2026-10-03 11:30:10 [세종특별자치시] 병상 2기관, 수용가능 2기관, 메시지 14건
2026-10-03 11:30:11 [전남광주통합특별시] 병상 59기관, 수용가능 63기관, 메시지 40건
2026-10-03 11:30:11 [강원특별자치도] 병상 21기관, 수용가능 22기관, 메시지 12건
2026-10-03 11:30:12 [충청북도] 병상 15기관, 수용가능 17기관, 메시지 2건
2026-10-03 11:30:14 [충청남도] 병상 18기관, 수용가능 18기관, 메시지 12건
2026-10-03 11:30:15 [전북특별자치도] 병상 20기관, 수용가능 21기관, 메시지 27건
2026-10-03 11:30:16 [경상북도] 병상 31기관, 수용가능 32기관, 메시지 49건
2026-10-03 11:30:17 [경상남도] 병상 35기관, 수용가능 36기관, 메시지 83건
2026-10-03 11:30:18 [제주특별자치도] 병상 6기관, 수용가능 6기관, 메시지 14건
2026-10-03 12:00:03 [서울특별시] 병상 50기관, 수용가능 54기관, 메시지 129건
2026-10-03 12:00:04 [경기도] 병상 73기관, 수용가능 76기관, 메시지 182건
2026-10-03 12:00:05 [인천광역시] 병상 21기관, 수용가능 22기관, 메시지 12건
2026-10-03 12:00:06 [부산광역시] 병상 29기관, 수용가능 31기관, 메시지 131건
2026-10-03 12:00:08 [대구광역시] 병상 19기관, 수용가능 19기관, 메시지 86건
2026-10-03 12:00:09 [대전광역시] 병상 9기관, 수용가능 10기관, 메시지 78건
2026-10-03 12:00:09 [울산광역시] 병상 7기관, 수용가능 9기관, 메시지 13건
2026-10-03 12:00:10 [세종특별자치시] 병상 2기관, 수용가능 2기관, 메시지 14건
2026-10-03 12:00:11 [전남광주통합특별시] 병상 59기관, 수용가능 63기관, 메시지 40건
2026-10-03 12:00:11 [강원특별자치도] 병상 21기관, 수용가능 22기관, 메시지 12건
2026-10-03 12:00:13 [충청북도] 병상 15기관, 수용가능 17기관, 메시지 2건
2026-10-03 12:00:14 [충청남도] 병상 18기관, 수용가능 18기관, 메시지 12건
2026-10-03 12:00:15 [전북특별자치도] 병상 20기관, 수용가능 21기관, 메시지 27건
2026-10-03 12:00:16 [경상북도] 병상 31기관, 수용가능 32기관, 메시지 49건
2026-10-03 12:00:18 [경상남도] 병상 35기관, 수용가능 36기관, 메시지 83건
2026-10-03 12:00:18 [제주특별자치도] 병상 6기관, 수용가능 6기관, 메시지 14건
2026-10-03 12:30:02 [서울특별시] 병상 50기관, 수용가능 54기관, 메시지 129건
2026-10-03 12:30:03 [경기도] 병상 73기관, 수용가능 76기관, 메시지 183건
2026-10-03 12:30:04 [인천광역시] 병상 21기관, 수용가능 22기관, 메시지 12건
2026-10-03 12:30:05 [부산광역시] 병상 29기관, 수용가능 31기관, 메시지 131건
2026-10-03 12:30:06 [대구광역시] 병상 19기관, 수용가능 19기관, 메시지 86건
2026-10-03 12:30:07 [대전광역시] 병상 9기관, 수용가능 10기관, 메시지 78건
2026-10-03 12:30:07 [울산광역시] 병상 7기관, 수용가능 9기관, 메시지 13건
2026-10-03 12:30:08 [세종특별자치시] 병상 2기관, 수용가능 2기관, 메시지 14건
2026-10-03 12:30:08 [전남광주통합특별시] 병상 59기관, 수용가능 63기관, 메시지 40건
2026-10-03 12:30:09 [강원특별자치도] 병상 21기관, 수용가능 22기관, 메시지 12건
2026-10-03 12:30:10 [충청북도] 병상 15기관, 수용가능 17기관, 메시지 2건
2026-10-03 12:30:11 [충청남도] 병상 18기관, 수용가능 18기관, 메시지 12건
2026-10-03 12:30:12 [전북특별자치도] 병상 20기관, 수용가능 21기관, 메시지 27건
2026-10-03 12:30:13 [경상북도] 병상 31기관, 수용가능 32기관, 메시지 49건
2026-10-03 12:30:14 [경상남도] 병상 35기관, 수용가능 36기관, 메시지 83건
2026-10-03 12:30:15 [제주특별자치도] 병상 6기관, 수용가능 6기관, 메시지 14건
2026-10-03 13:00:00 [서울특별시] 병상 50기관, 수용가능 54기관, 메시지 129건
2026-10-03 13:00:01 [경기도] 병상 73기관, 수용가능 76기관, 메시지 184건
2026-10-03 13:00:02 [인천광역시] 병상 21기관, 수용가능 22기관, 메시지 12건
2026-10-03 13:00:03 [부산광역시] 병상 29기관, 수용가능 31기관, 메시지 131건
2026-10-03 13:00:04 [대구광역시] 병상 19기관, 수용가능 19기관, 메시지 86건
2026-10-03 13:00:04 [대전광역시] 병상 9기관, 수용가능 10기관, 메시지 67건
2026-10-03 13:00:06 [울산광역시] 병상 7기관, 수용가능 9기관, 메시지 13건
2026-10-03 13:00:07 [세종특별자치시] 병상 2기관, 수용가능 2기관, 메시지 14건
2026-10-03 13:00:09 [전남광주통합특별시] 병상 59기관, 수용가능 63기관, 메시지 40건
2026-10-03 13:00:10 [강원특별자치도] 병상 21기관, 수용가능 22기관, 메시지 12건
2026-10-03 13:00:12 [충청북도] 병상 15기관, 수용가능 17기관, 메시지 2건
2026-10-03 13:00:14 [충청남도] 병상 18기관, 수용가능 18기관, 메시지 12건
2026-10-03 13:00:15 [전북특별자치도] 병상 20기관, 수용가능 21기관, 메시지 27건
2026-10-03 13:00:16 [경상북도] 병상 31기관, 수용가능 32기관, 메시지 49건
2026-10-03 13:00:17 [경상남도] 병상 35기관, 수용가능 36기관, 메시지 83건
2026-10-03 13:00:17 [제주특별자치도] 병상 6기관, 수용가능 6기관, 메시지 14건
2026-10-03 13:30:01 [서울특별시] 병상 50기관, 수용가능 54기관, 메시지 129건
2026-10-03 13:30:02 [경기도] 병상 73기관, 수용가능 76기관, 메시지 184건
2026-10-03 13:30:04 [인천광역시] 병상 21기관, 수용가능 22기관, 메시지 12건
2026-10-03 13:30:05 [부산광역시] 병상 29기관, 수용가능 31기관, 메시지 131건
2026-10-03 13:30:07 [대구광역시] 병상 19기관, 수용가능 19기관, 메시지 86건
2026-10-03 13:30:08 [대전광역시] 병상 9기관, 수용가능 10기관, 메시지 67건
2026-10-03 13:30:09 [울산광역시] 병상 7기관, 수용가능 9기관, 메시지 13건
2026-10-03 13:30:10 [세종특별자치시] 병상 2기관, 수용가능 2기관, 메시지 14건
2026-10-03 13:30:11 [전남광주통합특별시] 병상 59기관, 수용가능 63기관, 메시지 40건
2026-10-03 13:30:12 [강원특별자치도] 병상 21기관, 수용가능 22기관, 메시지 12건
2026-10-03 13:30:13 [충청북도] 병상 15기관, 수용가능 17기관, 메시지 2건
2026-10-03 13:30:14 [충청남도] 병상 18기관, 수용가능 18기관, 메시지 12건
2026-10-03 13:30:15 [전북특별자치도] 병상 20기관, 수용가능 21기관, 메시지 27건
2026-10-03 13:30:16 [경상북도] 병상 31기관, 수용가능 32기관, 메시지 49건
2026-10-03 13:30:17 [경상남도] 병상 35기관, 수용가능 36기관, 메시지 83건
2026-10-03 13:30:18 [제주특별자치도] 병상 6기관, 수용가능 6기관, 메시지 14건
2026-10-03 14:00:05 [서울특별시] 병상 50기관, 수용가능 54기관, 메시지 129건
2026-10-03 14:00:07 [경기도] 병상 73기관, 수용가능 76기관, 메시지 182건
2026-10-03 14:00:10 [인천광역시] 병상 21기관, 수용가능 22기관, 메시지 12건
2026-10-03 14:00:12 [부산광역시] 병상 29기관, 수용가능 31기관, 메시지 131건
2026-10-03 14:00:17 [대구광역시] 병상 19기관, 수용가능 19기관, 메시지 86건
2026-10-03 14:00:21 [대전광역시] 병상 9기관, 수용가능 10기관, 메시지 67건
2026-10-03 14:00:22 [울산광역시] 병상 7기관, 수용가능 9기관, 메시지 13건
2026-10-03 14:00:22 [세종특별자치시] 병상 2기관, 수용가능 2기관, 메시지 14건
2026-10-03 14:00:24 [전남광주통합특별시] 병상 59기관, 수용가능 63기관, 메시지 40건
2026-10-03 14:00:25 [강원특별자치도] 병상 21기관, 수용가능 22기관, 메시지 12건
2026-10-03 14:00:27 [충청북도] 병상 15기관, 수용가능 17기관, 메시지 2건
2026-10-03 14:00:28 [충청남도] 병상 18기관, 수용가능 18기관, 메시지 12건
2026-10-03 14:00:29 [전북특별자치도] 병상 20기관, 수용가능 21기관, 메시지 27건
2026-10-03 14:00:31 [경상북도] 병상 31기관, 수용가능 32기관, 메시지 49건
2026-10-03 14:00:32 [경상남도] 병상 35기관, 수용가능 36기관, 메시지 83건
2026-10-03 14:00:33 [제주특별자치도] 병상 6기관, 수용가능 6기관, 메시지 14건
2026-10-03 14:30:02 [서울특별시] 병상 50기관, 수용가능 54기관, 메시지 129건
2026-10-03 14:30:02 [경기도] 병상 73기관, 수용가능 76기관, 메시지 182건
2026-10-03 14:30:03 [인천광역시] 병상 21기관, 수용가능 22기관, 메시지 12건
2026-10-03 14:30:04 [부산광역시] 병상 29기관, 수용가능 31기관, 메시지 131건
2026-10-03 14:30:06 [대구광역시] 병상 19기관, 수용가능 19기관, 메시지 86건
2026-10-03 14:30:06 [대전광역시] 병상 9기관, 수용가능 10기관, 메시지 67건
2026-10-03 14:30:07 [울산광역시] 병상 7기관, 수용가능 9기관, 메시지 13건
2026-10-03 14:30:08 [세종특별자치시] 병상 2기관, 수용가능 2기관, 메시지 14건
2026-10-03 14:30:08 [전남광주통합특별시] 병상 59기관, 수용가능 63기관, 메시지 40건
2026-10-03 14:30:09 [강원특별자치도] 병상 21기관, 수용가능 22기관, 메시지 12건
2026-10-03 14:30:10 [충청북도] 병상 15기관, 수용가능 17기관, 메시지 2건
2026-10-03 14:30:11 [충청남도] 병상 18기관, 수용가능 18기관, 메시지 12건
2026-10-03 14:30:12 [전북특별자치도] 병상 20기관, 수용가능 21기관, 메시지 27건
2026-10-03 14:30:14 [경상북도] 병상 31기관, 수용가능 32기관, 메시지 49건
2026-10-03 14:30:15 [경상남도] 병상 35기관, 수용가능 36기관, 메시지 82건
2026-10-03 14:30:16 [제주특별자치도] 병상 6기관, 수용가능 6기관, 메시지 14건
2026-10-03 15:00:02 [서울특별시] 병상 50기관, 수용가능 54기관, 메시지 129건
2026-10-03 15:00:04 [경기도] 병상 73기관, 수용가능 76기관, 메시지 183건
2026-10-03 15:00:05 [인천광역시] 병상 21기관, 수용가능 22기관, 메시지 12건
2026-10-03 15:00:07 [부산광역시] 병상 29기관, 수용가능 31기관, 메시지 130건
2026-10-03 15:00:08 [대구광역시] 병상 19기관, 수용가능 19기관, 메시지 86건
2026-10-03 15:00:09 [대전광역시] 병상 9기관, 수용가능 10기관, 메시지 67건
2026-10-03 15:00:10 [울산광역시] 병상 7기관, 수용가능 9기관, 메시지 13건
2026-10-03 15:00:12 [세종특별자치시] 병상 2기관, 수용가능 2기관, 메시지 14건
2026-10-03 15:00:13 [전남광주통합특별시] 병상 59기관, 수용가능 63기관, 메시지 40건
2026-10-03 15:00:15 [강원특별자치도] 병상 21기관, 수용가능 22기관, 메시지 12건
2026-10-03 15:00:15 [충청북도] 병상 15기관, 수용가능 17기관, 메시지 2건
2026-10-03 15:00:17 [충청남도] 병상 18기관, 수용가능 18기관, 메시지 12건
2026-10-03 15:00:19 [전북특별자치도] 병상 20기관, 수용가능 21기관, 메시지 27건
2026-10-03 15:00:20 [경상북도] 병상 31기관, 수용가능 32기관, 메시지 49건
2026-10-03 15:00:20 [경상남도] 병상 35기관, 수용가능 36기관, 메시지 83건
2026-10-03 15:00:22 [제주특별자치도] 병상 6기관, 수용가능 6기관, 메시지 14건
2026-10-03 15:30:02 [서울특별시] 병상 50기관, 수용가능 54기관, 메시지 129건
2026-10-03 15:30:03 [경기도] 병상 73기관, 수용가능 76기관, 메시지 186건
2026-10-03 15:30:04 [인천광역시] 병상 21기관, 수용가능 22기관, 메시지 12건
2026-10-03 15:30:05 [부산광역시] 병상 29기관, 수용가능 31기관, 메시지 130건
2026-10-03 15:30:06 [대구광역시] 병상 19기관, 수용가능 19기관, 메시지 86건
2026-10-03 15:30:07 [대전광역시] 병상 9기관, 수용가능 10기관, 메시지 67건
2026-10-03 15:30:07 [울산광역시] 병상 7기관, 수용가능 9기관, 메시지 13건
2026-10-03 15:30:08 [세종특별자치시] 병상 2기관, 수용가능 2기관, 메시지 14건
2026-10-03 15:30:09 [전남광주통합특별시] 병상 59기관, 수용가능 63기관, 메시지 44건
2026-10-03 15:30:10 [강원특별자치도] 병상 21기관, 수용가능 22기관, 메시지 12건
2026-10-03 15:30:11 [충청북도] 병상 15기관, 수용가능 17기관, 메시지 2건
2026-10-03 15:30:11 [충청남도] 병상 18기관, 수용가능 18기관, 메시지 12건
2026-10-03 15:30:13 [전북특별자치도] 병상 20기관, 수용가능 21기관, 메시지 27건
2026-10-03 15:30:14 [경상북도] 병상 31기관, 수용가능 32기관, 메시지 49건
2026-10-03 15:30:16 [경상남도] 병상 35기관, 수용가능 36기관, 메시지 82건
2026-10-03 15:30:18 [제주특별자치도] 병상 6기관, 수용가능 6기관, 메시지 14건
2026-10-03 16:00:02 [서울특별시] 병상 50기관, 수용가능 54기관, 메시지 128건
2026-10-03 16:00:03 [경기도] 병상 73기관, 수용가능 76기관, 메시지 186건
2026-10-03 16:00:03 [인천광역시] 병상 21기관, 수용가능 22기관, 메시지 12건
2026-10-03 16:00:05 [부산광역시] 병상 29기관, 수용가능 31기관, 메시지 131건
2026-10-03 16:00:07 [대구광역시] 병상 19기관, 수용가능 19기관, 메시지 86건
2026-10-03 16:00:07 [대전광역시] 병상 9기관, 수용가능 10기관, 메시지 68건
2026-10-03 16:00:08 [울산광역시] 병상 7기관, 수용가능 9기관, 메시지 14건
2026-10-03 16:00:08 [세종특별자치시] 병상 2기관, 수용가능 2기관, 메시지 14건
2026-10-03 16:00:10 [전남광주통합특별시] 병상 59기관, 수용가능 63기관, 메시지 44건
2026-10-03 16:00:11 [강원특별자치도] 병상 21기관, 수용가능 22기관, 메시지 12건
2026-10-03 16:00:12 [충청북도] 병상 15기관, 수용가능 17기관, 메시지 2건
2026-10-03 16:00:13 [충청남도] 병상 18기관, 수용가능 18기관, 메시지 12건
2026-10-03 16:00:14 [전북특별자치도] 병상 20기관, 수용가능 21기관, 메시지 28건
2026-10-03 16:00:15 [경상북도] 병상 31기관, 수용가능 32기관, 메시지 49건
2026-10-03 16:00:17 [경상남도] 병상 35기관, 수용가능 36기관, 메시지 82건
2026-10-03 16:00:17 [제주특별자치도] 병상 6기관, 수용가능 6기관, 메시지 14건
2026-10-03 16:30:01 [서울특별시] 병상 50기관, 수용가능 54기관, 메시지 128건
2026-10-03 16:30:02 [경기도] 병상 73기관, 수용가능 76기관, 메시지 186건
2026-10-03 16:30:03 [인천광역시] 병상 21기관, 수용가능 22기관, 메시지 12건
2026-10-03 16:30:04 [부산광역시] 병상 29기관, 수용가능 31기관, 메시지 133건
2026-10-03 16:30:06 [대구광역시] 병상 19기관, 수용가능 19기관, 메시지 86건
2026-10-03 16:30:08 [대전광역시] 병상 9기관, 수용가능 10기관, 메시지 79건
2026-10-03 16:30:09 [울산광역시] 병상 7기관, 수용가능 9기관, 메시지 14건
2026-10-03 16:30:12 [세종특별자치시] 병상 2기관, 수용가능 2기관, 메시지 14건
2026-10-03 16:30:13 [전남광주통합특별시] 병상 59기관, 수용가능 63기관, 메시지 44건
2026-10-03 16:30:14 [강원특별자치도] 병상 21기관, 수용가능 22기관, 메시지 12건
2026-10-03 16:30:16 [충청북도] 병상 15기관, 수용가능 17기관, 메시지 2건
2026-10-03 16:30:16 [충청남도] 병상 18기관, 수용가능 18기관, 메시지 12건
2026-10-03 16:30:17 [전북특별자치도] 병상 20기관, 수용가능 21기관, 메시지 28건
2026-10-03 16:30:19 [경상북도] 병상 31기관, 수용가능 32기관, 메시지 49건
2026-10-03 16:30:19 [경상남도] 병상 35기관, 수용가능 36기관, 메시지 84건
2026-10-03 16:30:20 [제주특별자치도] 병상 6기관, 수용가능 6기관, 메시지 14건
2026-10-03 17:00:02 [서울특별시] 병상 50기관, 수용가능 54기관, 메시지 125건
2026-10-03 17:00:02 [경기도] 병상 73기관, 수용가능 76기관, 메시지 186건
2026-10-03 17:00:03 [인천광역시] 병상 21기관, 수용가능 22기관, 메시지 12건
2026-10-03 17:00:04 [부산광역시] 병상 29기관, 수용가능 31기관, 메시지 133건
2026-10-03 17:00:05 [대구광역시] 병상 19기관, 수용가능 19기관, 메시지 86건
2026-10-03 17:00:05 [대전광역시] 병상 9기관, 수용가능 10기관, 메시지 79건
2026-10-03 17:00:06 [울산광역시] 병상 7기관, 수용가능 9기관, 메시지 14건
2026-10-03 17:00:08 [세종특별자치시] 병상 2기관, 수용가능 2기관, 메시지 14건
2026-10-03 17:00:09 [전남광주통합특별시] 병상 59기관, 수용가능 63기관, 메시지 44건
2026-10-03 17:00:11 [강원특별자치도] 병상 21기관, 수용가능 22기관, 메시지 12건
2026-10-03 17:00:11 [충청북도] 병상 15기관, 수용가능 17기관, 메시지 2건
2026-10-03 17:00:13 [충청남도] 병상 18기관, 수용가능 18기관, 메시지 11건
2026-10-03 17:00:14 [전북특별자치도] 병상 20기관, 수용가능 21기관, 메시지 28건
2026-10-03 17:00:15 [경상북도] 병상 31기관, 수용가능 32기관, 메시지 49건
2026-10-03 17:00:16 [경상남도] 병상 35기관, 수용가능 36기관, 메시지 84건
2026-10-03 17:00:17 [제주특별자치도] 병상 6기관, 수용가능 6기관, 메시지 14건
2026-10-03 17:30:00 [서울특별시] 병상 50기관, 수용가능 54기관, 메시지 125건
2026-10-03 17:30:03 [경기도] 병상 73기관, 수용가능 76기관, 메시지 186건
2026-10-03 17:30:04 [인천광역시] 병상 21기관, 수용가능 22기관, 메시지 12건
2026-10-03 17:30:06 [부산광역시] 병상 29기관, 수용가능 31기관, 메시지 133건
2026-10-03 17:30:07 [대구광역시] 병상 19기관, 수용가능 19기관, 메시지 86건
2026-10-03 17:30:08 [대전광역시] 병상 9기관, 수용가능 10기관, 메시지 79건
2026-10-03 17:30:09 [울산광역시] 병상 7기관, 수용가능 9기관, 메시지 14건
2026-10-03 17:30:10 [세종특별자치시] 병상 2기관, 수용가능 2기관, 메시지 14건
2026-10-03 17:30:12 [전남광주통합특별시] 병상 59기관, 수용가능 63기관, 메시지 44건
2026-10-03 17:30:13 [강원특별자치도] 병상 21기관, 수용가능 22기관, 메시지 12건
2026-10-03 17:30:14 [충청북도] 병상 15기관, 수용가능 17기관, 메시지 2건
2026-10-03 17:30:16 [충청남도] 병상 18기관, 수용가능 18기관, 메시지 11건
2026-10-03 17:30:17 [전북특별자치도] 병상 20기관, 수용가능 21기관, 메시지 28건
2026-10-03 17:30:18 [경상북도] 병상 31기관, 수용가능 32기관, 메시지 49건
2026-10-03 17:30:20 [경상남도] 병상 35기관, 수용가능 36기관, 메시지 84건
2026-10-03 17:30:21 [제주특별자치도] 병상 6기관, 수용가능 6기관, 메시지 14건
2026-10-03 18:00:09 [서울특별시] 병상 50기관, 수용가능 54기관, 메시지 126건
2026-10-03 18:00:12 [경기도] 병상 73기관, 수용가능 76기관, 메시지 185건
2026-10-03 18:00:14 [인천광역시] 병상 21기관, 수용가능 22기관, 메시지 12건
2026-10-03 18:00:19 [부산광역시] 병상 29기관, 수용가능 31기관, 메시지 132건
2026-10-03 18:00:26 [대구광역시] 병상 19기관, 수용가능 19기관, 메시지 91건
2026-10-03 18:00:28 [대전광역시] 병상 9기관, 수용가능 10기관, 메시지 78건
2026-10-03 18:00:28 [울산광역시] 병상 7기관, 수용가능 9기관, 메시지 14건
2026-10-03 18:00:29 [세종특별자치시] 병상 2기관, 수용가능 2기관, 메시지 14건
2026-10-03 18:00:30 [전남광주통합특별시] 병상 59기관, 수용가능 63기관, 메시지 44건
2026-10-03 18:00:31 [강원특별자치도] 병상 21기관, 수용가능 22기관, 메시지 12건
2026-10-03 18:00:32 [충청북도] 병상 15기관, 수용가능 17기관, 메시지 2건
2026-10-03 18:00:33 [충청남도] 병상 18기관, 수용가능 18기관, 메시지 11건
2026-10-03 18:00:33 [전북특별자치도] 병상 20기관, 수용가능 21기관, 메시지 30건
2026-10-03 18:00:34 [경상북도] 병상 31기관, 수용가능 32기관, 메시지 49건
2026-10-03 18:00:35 [경상남도] 병상 35기관, 수용가능 36기관, 메시지 85건
2026-10-03 18:00:36 [제주특별자치도] 병상 6기관, 수용가능 6기관, 메시지 14건
2026-10-03 18:30:02 [서울특별시] 병상 50기관, 수용가능 54기관, 메시지 126건
2026-10-03 18:30:03 [경기도] 병상 73기관, 수용가능 76기관, 메시지 185건
2026-10-03 18:30:05 [인천광역시] 병상 21기관, 수용가능 22기관, 메시지 12건
2026-10-03 18:30:06 [부산광역시] 병상 29기관, 수용가능 31기관, 메시지 132건
2026-10-03 18:30:07 [대구광역시] 병상 19기관, 수용가능 19기관, 메시지 91건
2026-10-03 18:30:07 [대전광역시] 병상 9기관, 수용가능 10기관, 메시지 78건
2026-10-03 18:30:09 [울산광역시] 병상 7기관, 수용가능 9기관, 메시지 14건
2026-10-03 18:30:10 [세종특별자치시] 병상 2기관, 수용가능 2기관, 메시지 14건
2026-10-03 18:30:11 [전남광주통합특별시] 병상 59기관, 수용가능 63기관, 메시지 44건
2026-10-03 18:30:12 [강원특별자치도] 병상 21기관, 수용가능 22기관, 메시지 12건
2026-10-03 18:30:13 [충청북도] 병상 15기관, 수용가능 17기관, 메시지 2건
2026-10-03 18:30:15 [충청남도] 병상 18기관, 수용가능 18기관, 메시지 11건
2026-10-03 18:30:16 [전북특별자치도] 병상 20기관, 수용가능 21기관, 메시지 30건
2026-10-03 18:30:17 [경상북도] 병상 31기관, 수용가능 32기관, 메시지 49건
2026-10-03 18:30:18 [경상남도] 병상 35기관, 수용가능 36기관, 메시지 87건
2026-10-03 18:30:19 [제주특별자치도] 병상 6기관, 수용가능 6기관, 메시지 14건
2026-10-03 19:00:03 [서울특별시] 병상 50기관, 수용가능 54기관, 메시지 126건
2026-10-03 19:00:03 [경기도] 병상 73기관, 수용가능 76기관, 메시지 185건
2026-10-03 19:00:04 [인천광역시] 병상 21기관, 수용가능 22기관, 메시지 12건
2026-10-03 19:00:06 [부산광역시] 병상 29기관, 수용가능 31기관, 메시지 132건
2026-10-03 19:00:07 [대구광역시] 병상 19기관, 수용가능 19기관, 메시지 91건
2026-10-03 19:00:09 [대전광역시] 병상 9기관, 수용가능 10기관, 메시지 78건
2026-10-03 19:00:10 [울산광역시] 병상 7기관, 수용가능 9기관, 메시지 14건
2026-10-03 19:00:10 [세종특별자치시] 병상 2기관, 수용가능 2기관, 메시지 14건
2026-10-03 19:00:11 [전남광주통합특별시] 병상 59기관, 수용가능 63기관, 메시지 44건
2026-10-03 19:00:11 [강원특별자치도] 병상 21기관, 수용가능 22기관, 메시지 12건
2026-10-03 19:00:12 [충청북도] 병상 15기관, 수용가능 17기관, 메시지 2건
2026-10-03 19:00:12 [충청남도] 병상 18기관, 수용가능 18기관, 메시지 11건
2026-10-03 19:00:13 [전북특별자치도] 병상 20기관, 수용가능 21기관, 메시지 30건
2026-10-03 19:00:14 [경상북도] 병상 31기관, 수용가능 32기관, 메시지 49건
2026-10-03 19:00:16 [경상남도] 병상 35기관, 수용가능 36기관, 메시지 87건
2026-10-03 19:00:17 [제주특별자치도] 병상 6기관, 수용가능 6기관, 메시지 14건
2026-10-03 19:30:03 [서울특별시] 병상 50기관, 수용가능 54기관, 메시지 126건
2026-10-03 19:30:04 [경기도] 병상 73기관, 수용가능 76기관, 메시지 185건
2026-10-03 19:30:06 [인천광역시] 병상 21기관, 수용가능 22기관, 메시지 12건
2026-10-03 19:30:06 [부산광역시] 병상 29기관, 수용가능 31기관, 메시지 131건
2026-10-03 19:30:07 [대구광역시] 병상 19기관, 수용가능 19기관, 메시지 93건
2026-10-03 19:30:08 [대전광역시] 병상 9기관, 수용가능 10기관, 메시지 74건
2026-10-03 19:30:09 [울산광역시] 병상 7기관, 수용가능 9기관, 메시지 14건
2026-10-03 19:30:10 [세종특별자치시] 병상 2기관, 수용가능 2기관, 메시지 14건
2026-10-03 19:30:11 [전남광주통합특별시] 병상 59기관, 수용가능 63기관, 메시지 44건
2026-10-03 19:30:12 [강원특별자치도] 병상 21기관, 수용가능 22기관, 메시지 12건
2026-10-03 19:30:13 [충청북도] 병상 15기관, 수용가능 17기관, 메시지 2건
2026-10-03 19:30:15 [충청남도] 병상 18기관, 수용가능 18기관, 메시지 11건
2026-10-03 19:30:16 [전북특별자치도] 병상 20기관, 수용가능 21기관, 메시지 30건
2026-10-03 19:30:17 [경상북도] 병상 31기관, 수용가능 32기관, 메시지 49건
2026-10-03 19:30:18 [경상남도] 병상 35기관, 수용가능 36기관, 메시지 87건
2026-10-03 19:30:18 [제주특별자치도] 병상 6기관, 수용가능 6기관, 메시지 14건
2026-10-03 20:00:00 [서울특별시] 병상 50기관, 수용가능 54기관, 메시지 126건
2026-10-03 20:00:01 [경기도] 병상 73기관, 수용가능 76기관, 메시지 185건
2026-10-03 20:00:02 [인천광역시] 병상 21기관, 수용가능 22기관, 메시지 12건
2026-10-03 20:00:03 [부산광역시] 병상 29기관, 수용가능 31기관, 메시지 131건
2026-10-03 20:00:04 [대구광역시] 병상 19기관, 수용가능 19기관, 메시지 93건
2026-10-03 20:00:05 [대전광역시] 병상 9기관, 수용가능 10기관, 메시지 74건
2026-10-03 20:00:05 [울산광역시] 병상 7기관, 수용가능 9기관, 메시지 14건
2026-10-03 20:00:07 [세종특별자치시] 병상 2기관, 수용가능 2기관, 메시지 14건
2026-10-03 20:00:08 [전남광주통합특별시] 병상 59기관, 수용가능 63기관, 메시지 44건
2026-10-03 20:00:09 [강원특별자치도] 병상 21기관, 수용가능 22기관, 메시지 12건
2026-10-03 20:00:09 [충청북도] 병상 15기관, 수용가능 17기관, 메시지 2건
2026-10-03 20:00:10 [충청남도] 병상 18기관, 수용가능 18기관, 메시지 11건
2026-10-03 20:00:11 [전북특별자치도] 병상 20기관, 수용가능 21기관, 메시지 30건
2026-10-03 20:00:12 [경상북도] 병상 31기관, 수용가능 32기관, 메시지 49건
2026-10-03 20:00:13 [경상남도] 병상 35기관, 수용가능 36기관, 메시지 87건
2026-10-03 20:00:14 [제주특별자치도] 병상 6기관, 수용가능 6기관, 메시지 14건
2026-10-03 20:30:03 [서울특별시] 병상 50기관, 수용가능 54기관, 메시지 127건
2026-10-03 20:30:05 [경기도] 병상 73기관, 수용가능 76기관, 메시지 186건
2026-10-03 20:30:06 [인천광역시] 병상 21기관, 수용가능 22기관, 메시지 12건
2026-10-03 20:30:07 [부산광역시] 병상 29기관, 수용가능 31기관, 메시지 131건
2026-10-03 20:30:08 [대구광역시] 병상 19기관, 수용가능 19기관, 메시지 93건
2026-10-03 20:30:09 [대전광역시] 병상 9기관, 수용가능 10기관, 메시지 74건
2026-10-03 20:30:10 [울산광역시] 병상 7기관, 수용가능 9기관, 메시지 14건
2026-10-03 20:30:11 [세종특별자치시] 병상 2기관, 수용가능 2기관, 메시지 14건
2026-10-03 20:30:13 [전남광주통합특별시] 병상 59기관, 수용가능 63기관, 메시지 44건
2026-10-03 20:30:13 [강원특별자치도] 병상 21기관, 수용가능 22기관, 메시지 12건
2026-10-03 20:30:14 [충청북도] 병상 15기관, 수용가능 17기관, 메시지 2건
2026-10-03 20:30:15 [충청남도] 병상 18기관, 수용가능 18기관, 메시지 11건
2026-10-03 20:30:16 [전북특별자치도] 병상 20기관, 수용가능 21기관, 메시지 30건
2026-10-03 20:30:16 [경상북도] 병상 31기관, 수용가능 32기관, 메시지 49건
2026-10-03 20:30:18 [경상남도] 병상 35기관, 수용가능 36기관, 메시지 85건
2026-10-03 20:30:18 [제주특별자치도] 병상 6기관, 수용가능 6기관, 메시지 14건
2026-10-03 21:00:01 [서울특별시] 병상 50기관, 수용가능 54기관, 메시지 127건
2026-10-03 21:00:02 [경기도] 병상 73기관, 수용가능 76기관, 메시지 186건
2026-10-03 21:00:03 [인천광역시] 병상 21기관, 수용가능 22기관, 메시지 12건
2026-10-03 21:00:03 [부산광역시] 병상 29기관, 수용가능 31기관, 메시지 131건
2026-10-03 21:00:06 [대구광역시] 병상 19기관, 수용가능 19기관, 메시지 93건
2026-10-03 21:00:07 [대전광역시] 병상 9기관, 수용가능 10기관, 메시지 74건
2026-10-03 21:00:09 [울산광역시] 병상 7기관, 수용가능 9기관, 메시지 14건
2026-10-03 21:00:10 [세종특별자치시] 병상 2기관, 수용가능 2기관, 메시지 14건
2026-10-03 21:00:11 [전남광주통합특별시] 병상 59기관, 수용가능 63기관, 메시지 44건
2026-10-03 21:00:12 [강원특별자치도] 병상 21기관, 수용가능 22기관, 메시지 12건
2026-10-03 21:00:15 [충청북도] 병상 15기관, 수용가능 17기관, 메시지 2건
2026-10-03 21:00:16 [충청남도] 병상 18기관, 수용가능 18기관, 메시지 11건
2026-10-03 21:00:17 [전북특별자치도] 병상 20기관, 수용가능 21기관, 메시지 30건
2026-10-03 21:00:18 [경상북도] 병상 31기관, 수용가능 32기관, 메시지 49건
2026-10-03 21:00:19 [경상남도] 병상 35기관, 수용가능 36기관, 메시지 85건
2026-10-03 21:00:20 [제주특별자치도] 병상 6기관, 수용가능 6기관, 메시지 14건
2026-10-03 21:30:02 [서울특별시] 병상 50기관, 수용가능 54기관, 메시지 127건
2026-10-03 21:30:03 [경기도] 병상 73기관, 수용가능 76기관, 메시지 186건
2026-10-03 21:30:04 [인천광역시] 병상 21기관, 수용가능 22기관, 메시지 12건
2026-10-03 21:30:05 [부산광역시] 병상 29기관, 수용가능 31기관, 메시지 131건
2026-10-03 21:30:06 [대구광역시] 병상 19기관, 수용가능 19기관, 메시지 93건
2026-10-03 21:30:07 [대전광역시] 병상 9기관, 수용가능 10기관, 메시지 74건
2026-10-03 21:30:09 [울산광역시] 병상 7기관, 수용가능 9기관, 메시지 14건
2026-10-03 21:30:10 [세종특별자치시] 병상 2기관, 수용가능 2기관, 메시지 14건
2026-10-03 21:30:11 [전남광주통합특별시] 병상 59기관, 수용가능 63기관, 메시지 44건
2026-10-03 21:30:12 [강원특별자치도] 병상 21기관, 수용가능 22기관, 메시지 12건
2026-10-03 21:30:13 [충청북도] 병상 15기관, 수용가능 17기관, 메시지 2건
2026-10-03 21:30:16 [충청남도] 병상 18기관, 수용가능 18기관, 메시지 11건
2026-10-03 21:30:18 [전북특별자치도] 병상 20기관, 수용가능 21기관, 메시지 30건
2026-10-03 21:30:19 [경상북도] 병상 31기관, 수용가능 32기관, 메시지 49건
2026-10-03 21:30:20 [경상남도] 병상 35기관, 수용가능 36기관, 메시지 85건
2026-10-03 21:30:22 [제주특별자치도] 병상 6기관, 수용가능 6기관, 메시지 14건
2026-10-03 22:00:01 [서울특별시] 병상 50기관, 수용가능 54기관, 메시지 127건
2026-10-03 22:00:04 [경기도] 병상 73기관, 수용가능 76기관, 메시지 185건
2026-10-03 22:00:06 [인천광역시] 병상 21기관, 수용가능 22기관, 메시지 12건
2026-10-03 22:00:08 [부산광역시] 병상 29기관, 수용가능 31기관, 메시지 131건
2026-10-03 22:00:09 [대구광역시] 병상 19기관, 수용가능 19기관, 메시지 93건
2026-10-03 22:00:12 [대전광역시] 병상 9기관, 수용가능 10기관, 메시지 74건
2026-10-03 22:00:14 [울산광역시] 병상 7기관, 수용가능 9기관, 메시지 13건
2026-10-03 22:00:16 [세종특별자치시] 병상 2기관, 수용가능 2기관, 메시지 14건
2026-10-03 22:00:16 [전남광주통합특별시] 병상 59기관, 수용가능 63기관, 메시지 44건
2026-10-03 22:00:18 [강원특별자치도] 병상 21기관, 수용가능 22기관, 메시지 12건
2026-10-03 22:00:19 [충청북도] 병상 15기관, 수용가능 17기관, 메시지 2건
2026-10-03 22:00:20 [충청남도] 병상 18기관, 수용가능 18기관, 메시지 11건
2026-10-03 22:00:20 [전북특별자치도] 병상 20기관, 수용가능 21기관, 메시지 29건
2026-10-03 22:00:21 [경상북도] 병상 31기관, 수용가능 32기관, 메시지 49건
2026-10-03 22:00:23 [경상남도] 병상 35기관, 수용가능 36기관, 메시지 85건
2026-10-03 22:00:25 [제주특별자치도] 병상 6기관, 수용가능 6기관, 메시지 14건
2026-10-03 22:30:01 [서울특별시] 병상 50기관, 수용가능 54기관, 메시지 130건
2026-10-03 22:30:02 [경기도] 병상 73기관, 수용가능 76기관, 메시지 185건
2026-10-03 22:30:03 [인천광역시] 병상 21기관, 수용가능 22기관, 메시지 12건
2026-10-03 22:30:04 [부산광역시] 병상 29기관, 수용가능 31기관, 메시지 131건
2026-10-03 22:30:05 [대구광역시] 병상 19기관, 수용가능 19기관, 메시지 93건
2026-10-03 22:30:06 [대전광역시] 병상 9기관, 수용가능 10기관, 메시지 75건
2026-10-03 22:30:07 [울산광역시] 병상 7기관, 수용가능 9기관, 메시지 14건
2026-10-03 22:30:09 [세종특별자치시] 병상 2기관, 수용가능 2기관, 메시지 14건
2026-10-03 22:30:11 [전남광주통합특별시] 병상 59기관, 수용가능 63기관, 메시지 44건
2026-10-03 22:30:12 [강원특별자치도] 병상 21기관, 수용가능 22기관, 메시지 12건
2026-10-03 22:30:13 [충청북도] 병상 15기관, 수용가능 17기관, 메시지 2건
2026-10-03 22:30:14 [충청남도] 병상 18기관, 수용가능 18기관, 메시지 11건
2026-10-03 22:30:14 [전북특별자치도] 병상 20기관, 수용가능 21기관, 메시지 29건
2026-10-03 22:30:15 [경상북도] 병상 31기관, 수용가능 32기관, 메시지 49건
2026-10-03 22:30:16 [경상남도] 병상 35기관, 수용가능 36기관, 메시지 85건
2026-10-03 22:30:17 [제주특별자치도] 병상 6기관, 수용가능 6기관, 메시지 14건
2026-10-03 23:00:01 [서울특별시] 병상 50기관, 수용가능 54기관, 메시지 130건
2026-10-03 23:00:02 [경기도] 병상 73기관, 수용가능 76기관, 메시지 185건
2026-10-03 23:00:03 [인천광역시] 병상 21기관, 수용가능 22기관, 메시지 12건
2026-10-03 23:00:04 [부산광역시] 병상 29기관, 수용가능 31기관, 메시지 132건
2026-10-03 23:00:06 [대구광역시] 병상 19기관, 수용가능 19기관, 메시지 93건
2026-10-03 23:00:08 [대전광역시] 병상 9기관, 수용가능 10기관, 메시지 75건
2026-10-03 23:00:09 [울산광역시] 병상 7기관, 수용가능 9기관, 메시지 14건
2026-10-03 23:00:10 [세종특별자치시] 병상 2기관, 수용가능 2기관, 메시지 14건
2026-10-03 23:00:12 [전남광주통합특별시] 병상 59기관, 수용가능 63기관, 메시지 40건
2026-10-03 23:00:13 [강원특별자치도] 병상 21기관, 수용가능 22기관, 메시지 12건
2026-10-03 23:00:14 [충청북도] 병상 15기관, 수용가능 17기관, 메시지 2건
2026-10-03 23:00:15 [충청남도] 병상 18기관, 수용가능 18기관, 메시지 11건
2026-10-03 23:00:17 [전북특별자치도] 병상 20기관, 수용가능 21기관, 메시지 29건
2026-10-03 23:00:18 [경상북도] 병상 31기관, 수용가능 32기관, 메시지 49건
2026-10-03 23:00:19 [경상남도] 병상 35기관, 수용가능 36기관, 메시지 85건
2026-10-03 23:00:21 [제주특별자치도] 병상 6기관, 수용가능 6기관, 메시지 14건
2026-10-03 23:30:01 [서울특별시] 병상 50기관, 수용가능 54기관, 메시지 130건
2026-10-03 23:30:02 [경기도] 병상 73기관, 수용가능 76기관, 메시지 185건
2026-10-03 23:30:03 [인천광역시] 병상 21기관, 수용가능 22기관, 메시지 12건
2026-10-03 23:30:04 [부산광역시] 병상 29기관, 수용가능 31기관, 메시지 131건
2026-10-03 23:30:05 [대구광역시] 병상 19기관, 수용가능 19기관, 메시지 93건
2026-10-03 23:30:05 [대전광역시] 병상 9기관, 수용가능 10기관, 메시지 75건
2026-10-03 23:30:06 [울산광역시] 병상 7기관, 수용가능 9기관, 메시지 14건
2026-10-03 23:30:07 [세종특별자치시] 병상 2기관, 수용가능 2기관, 메시지 14건
2026-10-03 23:30:08 [전남광주통합특별시] 병상 59기관, 수용가능 63기관, 메시지 44건
2026-10-03 23:30:09 [강원특별자치도] 병상 21기관, 수용가능 22기관, 메시지 12건
2026-10-03 23:30:09 [충청북도] 병상 15기관, 수용가능 17기관, 메시지 2건
2026-10-03 23:30:11 [충청남도] 병상 18기관, 수용가능 18기관, 메시지 11건
2026-10-03 23:30:12 [전북특별자치도] 병상 20기관, 수용가능 21기관, 메시지 29건
2026-10-03 23:30:13 [경상북도] 병상 31기관, 수용가능 32기관, 메시지 49건
2026-10-03 23:30:13 [경상남도] 병상 35기관, 수용가능 36기관, 메시지 85건
2026-10-03 23:30:14 [제주특별자치도] 병상 6기관, 수용가능 6기관, 메시지 14건
2026-10-04 00:00:01 [서울특별시] 병상 50기관, 수용가능 54기관, 메시지 121건
2026-10-04 00:00:02 [경기도] 병상 73기관, 수용가능 76기관, 메시지 179건
2026-10-04 00:00:03 [인천광역시] 병상 21기관, 수용가능 22기관, 메시지 12건
2026-10-04 00:00:04 [부산광역시] 병상 29기관, 수용가능 31기관, 메시지 125건
2026-10-04 00:00:05 [대구광역시] 병상 19기관, 수용가능 19기관, 메시지 92건
2026-10-04 00:00:06 [대전광역시] 병상 9기관, 수용가능 10기관, 메시지 75건
2026-10-04 00:00:07 [울산광역시] 병상 7기관, 수용가능 9기관, 메시지 14건
2026-10-04 00:00:08 [세종특별자치시] 병상 2기관, 수용가능 2기관, 메시지 0건
2026-10-04 00:00:08 [전남광주통합특별시] 병상 59기관, 수용가능 63기관, 메시지 40건
2026-10-04 00:00:10 [강원특별자치도] 병상 21기관, 수용가능 22기관, 메시지 12건
2026-10-04 00:00:11 [충청북도] 병상 15기관, 수용가능 17기관, 메시지 2건
2026-10-04 00:00:13 [충청남도] 병상 18기관, 수용가능 18기관, 메시지 9건
2026-10-04 00:00:14 [전북특별자치도] 병상 20기관, 수용가능 21기관, 메시지 15건
2026-10-04 00:00:16 [경상북도] 병상 31기관, 수용가능 32기관, 메시지 49건
2026-10-04 00:00:17 [경상남도] 병상 35기관, 수용가능 36기관, 메시지 85건
2026-10-04 00:00:18 [제주특별자치도] 병상 6기관, 수용가능 6기관, 메시지 14건
2026-10-04 00:30:00 [서울특별시] 병상 50기관, 수용가능 54기관, 메시지 129건
2026-10-04 00:30:02 [경기도] 병상 73기관, 수용가능 76기관, 메시지 182건
2026-10-04 00:30:03 [인천광역시] 병상 21기관, 수용가능 22기관, 메시지 12건
2026-10-04 00:30:05 [부산광역시] 병상 29기관, 수용가능 31기관, 메시지 133건
2026-10-04 00:30:06 [대구광역시] 병상 19기관, 수용가능 19기관, 메시지 92건
2026-10-04 00:30:08 [대전광역시] 병상 9기관, 수용가능 10기관, 메시지 75건
2026-10-04 00:30:09 [울산광역시] 병상 7기관, 수용가능 9기관, 메시지 14건
2026-10-04 00:30:10 [세종특별자치시] 병상 2기관, 수용가능 2기관, 메시지 14건
2026-10-04 00:30:12 [전남광주통합특별시] 병상 59기관, 수용가능 63기관, 메시지 44건
2026-10-04 00:30:12 [강원특별자치도] 병상 21기관, 수용가능 22기관, 메시지 12건
2026-10-04 00:30:13 [충청북도] 병상 15기관, 수용가능 17기관, 메시지 2건
2026-10-04 00:30:15 [충청남도] 병상 18기관, 수용가능 18기관, 메시지 11건
2026-10-04 00:30:16 [전북특별자치도] 병상 20기관, 수용가능 21기관, 메시지 28건
2026-10-04 00:30:17 [경상북도] 병상 31기관, 수용가능 32기관, 메시지 49건
2026-10-04 00:30:18 [경상남도] 병상 35기관, 수용가능 36기관, 메시지 86건
2026-10-04 00:30:19 [제주특별자치도] 병상 6기관, 수용가능 6기관, 메시지 15건
2026-10-04 01:00:02 [서울특별시] 병상 50기관, 수용가능 54기관, 메시지 128건
2026-10-04 01:00:03 [경기도] 병상 73기관, 수용가능 76기관, 메시지 182건
2026-10-04 01:00:04 [인천광역시] 병상 21기관, 수용가능 22기관, 메시지 12건
2026-10-04 01:00:05 [부산광역시] 병상 29기관, 수용가능 31기관, 메시지 133건
2026-10-04 01:00:06 [대구광역시] 병상 19기관, 수용가능 19기관, 메시지 92건
2026-10-04 01:00:08 [대전광역시] 병상 9기관, 수용가능 10기관, 메시지 75건
2026-10-04 01:00:09 [울산광역시] 병상 7기관, 수용가능 9기관, 메시지 14건
2026-10-04 01:00:10 [세종특별자치시] 병상 2기관, 수용가능 2기관, 메시지 14건
2026-10-04 01:00:11 [전남광주통합특별시] 병상 59기관, 수용가능 63기관, 메시지 44건
2026-10-04 01:00:12 [강원특별자치도] 병상 21기관, 수용가능 22기관, 메시지 12건
2026-10-04 01:00:13 [충청북도] 병상 15기관, 수용가능 17기관, 메시지 2건
2026-10-04 01:00:14 [충청남도] 병상 18기관, 수용가능 18기관, 메시지 11건
2026-10-04 01:00:15 [전북특별자치도] 병상 20기관, 수용가능 21기관, 메시지 28건
2026-10-04 01:00:16 [경상북도] 병상 31기관, 수용가능 32기관, 메시지 49건
2026-10-04 01:00:17 [경상남도] 병상 35기관, 수용가능 36기관, 메시지 86건
2026-10-04 01:00:17 [제주특별자치도] 병상 6기관, 수용가능 6기관, 메시지 15건
2026-10-04 01:30:01 [서울특별시] 병상 50기관, 수용가능 54기관, 메시지 128건
2026-10-04 01:30:03 [경기도] 병상 73기관, 수용가능 76기관, 메시지 182건
2026-10-04 01:30:04 [인천광역시] 병상 21기관, 수용가능 22기관, 메시지 12건
2026-10-04 01:30:06 [부산광역시] 병상 29기관, 수용가능 31기관, 메시지 133건
2026-10-04 01:30:06 [대구광역시] 병상 19기관, 수용가능 19기관, 메시지 92건
2026-10-04 01:30:08 [대전광역시] 병상 9기관, 수용가능 10기관, 메시지 75건
2026-10-04 01:30:09 [울산광역시] 병상 7기관, 수용가능 9기관, 메시지 14건
2026-10-04 01:30:10 [세종특별자치시] 병상 2기관, 수용가능 2기관, 메시지 14건
2026-10-04 01:30:11 [전남광주통합특별시] 병상 59기관, 수용가능 63기관, 메시지 44건
2026-10-04 01:30:12 [강원특별자치도] 병상 21기관, 수용가능 22기관, 메시지 12건
2026-10-04 01:30:13 [충청북도] 병상 15기관, 수용가능 17기관, 메시지 2건
2026-10-04 01:30:15 [충청남도] 병상 18기관, 수용가능 18기관, 메시지 11건
2026-10-04 01:30:16 [전북특별자치도] 병상 20기관, 수용가능 21기관, 메시지 28건
2026-10-04 01:30:18 [경상북도] 병상 31기관, 수용가능 32기관, 메시지 49건
2026-10-04 01:30:19 [경상남도] 병상 35기관, 수용가능 36기관, 메시지 86건
2026-10-04 01:30:20 [제주특별자치도] 병상 6기관, 수용가능 6기관, 메시지 15건
2026-10-04 02:00:01 [서울특별시] 병상 50기관, 수용가능 54기관, 메시지 128건
2026-10-04 02:00:02 [경기도] 병상 73기관, 수용가능 76기관, 메시지 182건
2026-10-04 02:00:09 [인천광역시] 병상 21기관, 수용가능 22기관, 메시지 12건
2026-10-04 02:00:20 [부산광역시] 병상 29기관, 수용가능 31기관, 메시지 133건
2026-10-04 02:00:26 [대구광역시] 병상 19기관, 수용가능 19기관, 메시지 92건
2026-10-04 02:00:31 [대전광역시] 병상 9기관, 수용가능 10기관, 메시지 75건
2026-10-04 02:00:36 [울산광역시] 병상 7기관, 수용가능 9기관, 메시지 14건
2026-10-04 02:00:40 [세종특별자치시] 병상 2기관, 수용가능 2기관, 메시지 14건
2026-10-04 02:00:44 [전남광주통합특별시] 병상 59기관, 수용가능 63기관, 메시지 44건
2026-10-04 02:00:49 [강원특별자치도] 병상 21기관, 수용가능 22기관, 메시지 12건
2026-10-04 02:00:52 [충청북도] 병상 15기관, 수용가능 17기관, 메시지 2건
2026-10-04 02:00:54 [충청남도] 병상 18기관, 수용가능 18기관, 메시지 11건
2026-10-04 02:00:59 [전북특별자치도] 병상 20기관, 수용가능 21기관, 메시지 28건
2026-10-04 02:01:02 [경상북도] 병상 31기관, 수용가능 32기관, 메시지 49건
2026-10-04 02:01:06 [경상남도] 병상 35기관, 수용가능 36기관, 메시지 86건
2026-10-04 02:01:13 [제주특별자치도] 병상 6기관, 수용가능 6기관, 메시지 15건
2026-10-04 02:30:00 [서울특별시] 병상 50기관, 수용가능 54기관, 메시지 128건
2026-10-04 02:30:01 [경기도] 병상 73기관, 수용가능 76기관, 메시지 186건
2026-10-04 02:30:02 [인천광역시] 병상 21기관, 수용가능 22기관, 메시지 12건
2026-10-04 02:30:03 [부산광역시] 병상 29기관, 수용가능 31기관, 메시지 133건
2026-10-04 02:30:04 [대구광역시] 병상 19기관, 수용가능 19기관, 메시지 92건
2026-10-04 02:30:05 [대전광역시] 병상 9기관, 수용가능 10기관, 메시지 75건
2026-10-04 02:30:06 [울산광역시] 병상 7기관, 수용가능 9기관, 메시지 14건
2026-10-04 02:30:07 [세종특별자치시] 병상 2기관, 수용가능 2기관, 메시지 14건
2026-10-04 02:30:08 [전남광주통합특별시] 병상 59기관, 수용가능 63기관, 메시지 44건
2026-10-04 02:30:08 [강원특별자치도] 병상 21기관, 수용가능 22기관, 메시지 12건
2026-10-04 02:30:10 [충청북도] 병상 15기관, 수용가능 17기관, 메시지 2건
2026-10-04 02:30:12 [충청남도] 병상 18기관, 수용가능 18기관, 메시지 11건
2026-10-04 02:30:12 [전북특별자치도] 병상 20기관, 수용가능 21기관, 메시지 28건
2026-10-04 02:30:13 [경상북도] 병상 31기관, 수용가능 32기관, 메시지 49건
2026-10-04 02:30:14 [경상남도] 병상 35기관, 수용가능 36기관, 메시지 86건
2026-10-04 02:30:15 [제주특별자치도] 병상 6기관, 수용가능 6기관, 메시지 15건
2026-10-04 03:00:01 [서울특별시] 병상 50기관, 수용가능 54기관, 메시지 128건
2026-10-04 03:00:02 [경기도] 병상 73기관, 수용가능 76기관, 메시지 186건
2026-10-04 03:00:03 [인천광역시] 병상 21기관, 수용가능 22기관, 메시지 12건
2026-10-04 03:00:06 [부산광역시] 병상 29기관, 수용가능 31기관, 메시지 133건
2026-10-04 03:00:07 [대구광역시] 병상 19기관, 수용가능 19기관, 메시지 92건
2026-10-04 03:00:08 [대전광역시] 병상 9기관, 수용가능 10기관, 메시지 75건
2026-10-04 03:00:08 [울산광역시] 병상 7기관, 수용가능 9기관, 메시지 14건
2026-10-04 03:00:09 [세종특별자치시] 병상 2기관, 수용가능 2기관, 메시지 14건
2026-10-04 03:00:12 [전남광주통합특별시] 병상 59기관, 수용가능 63기관, 메시지 44건
2026-10-04 03:00:12 [강원특별자치도] 병상 21기관, 수용가능 22기관, 메시지 12건
2026-10-04 03:00:13 [충청북도] 병상 15기관, 수용가능 17기관, 메시지 2건
2026-10-04 03:00:14 [충청남도] 병상 18기관, 수용가능 18기관, 메시지 11건
2026-10-04 03:00:15 [전북특별자치도] 병상 20기관, 수용가능 21기관, 메시지 28건
2026-10-04 03:00:15 [경상북도] 병상 31기관, 수용가능 32기관, 메시지 49건
2026-10-04 03:00:16 [경상남도] 병상 35기관, 수용가능 36기관, 메시지 86건
2026-10-04 03:00:17 [제주특별자치도] 병상 6기관, 수용가능 6기관, 메시지 15건
