collected_at,sido,hpid,dutyName,symBlkMsgTyp,symTypCod,symTypCodMag,symBlkMsg,symBlkSttDtm,symBlkEndDtm,dutyAddr,emcOrgCod,rnum,symOutDspMth,symOutDspYon,trtPrtCodMag
2026-10-01 00:00:00,서울특별시,A1100001,경희대학교병원,응급,Y000,응급실,119 구급대원께서는 문의 후 이송 부탁드립니다.,20260925010000,20261002000000,서울특별시 동대문구 경희대로 23 (회기동),A1100001,1,자동,차단,응급실
2026-10-01 00:00:00,서울특별시,A1100001,경희대학교병원,응급,Y000,응급실,성형외과 :(월-목)오후 9시까지 가능 / (금-토)24시간 가능 / (일)오후 4시 ~ 익일 오전 7시 가능,20260925010000,20261002000000,서울특별시 동대문구 경희대로 23 (회기동),A1100001,2,자동,차단,성형외과
2026-10-01 00:00:00,서울특별시,A1100001,경희대학교병원,응급,Y000,응급실,"NICU 부재, 고위험산모실 부재 등으로 모든 산모 수용 불가",20260925010000,20261002000000,서울특별시 동대문구 경희대로 23 (회기동),A1100001,3,자동,차단,산부인과
2026-10-01 00:00:00,서울특별시,A1100001,경희대학교병원,중증,Y0042,대동맥응급(복부),의료진 부족,20260925000000,20261002000000,서울특별시 동대문구 경희대로 23 (회기동),A1100001,4,자동,차단,
2026-10-01 00:00:00,서울특별시,A1100001,경희대학교병원,중증,Y0131,수족지접합,의료진 부족,20260925000000,20261002000000,서울특별시 동대문구 경희대로 23 (회기동),A1100001,5,자동,차단,
2026-10-01 00:00:00,서울특별시,A1100001,경희대학교병원,중증,Y0132,수족지접합 외,의료진 부족,20260925000000,20261002000000,서울특별시 동대문구 경희대로 23 (회기동),A1100001,6,자동,차단,
2026-10-01 00:00:00,서울특별시,A1100002,건국대학교병원,응급,Y000,응급실,"지속적인 간질 중첩증, 심근염을 비롯한 중증 심질환, 호흡기 기도 이물 및 중증객혈, 중증호흡부전(산소 2L/min이상필요한경우) 이송시 문의 바랍니다.",20260928090000,20261005090000,서울특별시 광진구 능동로 120-1 (화양동),A1100002,7,자동,차단,소아청소년과
2026-10-01 00:00:00,서울특별시,A1100002,건국대학교병원,응급,Y000,응급실,단순봉합 불가 (필요시 별도 문의 바랍니다),20260928090000,20261005090000,서울특별시 광진구 능동로 120-1 (화양동),A1100002,8,자동,차단,성형외과
2026-10-01 00:00:00,서울특별시,A1100002,건국대학교병원,응급,Y000,응급실,단순봉합 불가 (필요시 별도 문의 바랍니다),20260928090000,20261005090000,서울특별시 광진구 능동로 120-1 (화양동),A1100002,9,자동,차단,정형외과
2026-10-01 00:00:00,서울특별시,A1100002,건국대학교병원,응급,Y000,응급실,"소화기 이물 흡입시(저녁8시이후), 대량 토혈 및 혈변, 간이식 가능성이 있는 전격성 간염/간부전, 궤사성 췌장염이 진단된 경우) 이송시 문의 바랍니다.",20260928090000,20261005090000,서울특별시 광진구 능동로 120-1 (화양동),A1100002,10,자동,차단,소아청소년과
2026-10-01 00:00:00,서울특별시,A1100002,건국대학교병원,응급,Y000,응급실,환자 수용여부 확인 부탁드립니다.,20260928090000,20261005090000,서울특별시 광진구 능동로 120-1 (화양동),A1100002,11,자동,차단,신경과
2026-10-01 00:00:00,서울특별시,A1100002,건국대학교병원,응급,Y000,응급실,응급환자 이송시  반드시 병원수용 여부 가능확인 후 이송 부탁드립니다.,20260928090000,20261005090000,서울특별시 광진구 능동로 120-1 (화양동),A1100002,12,자동,차단,응급실
2026-10-01 00:00:00,서울특별시,A1100002,건국대학교병원,응급,Y000,응급실,"3개월이하 소아환자 발열 진료불가, 발열두통 시 뇌척수액검사 예상되는 소아 검사불가합니다. 이송시 참고바랍니다.",20260928090000,20261005090000,서울특별시 광진구 능동로 120-1 (화양동),A1100002,13,자동,차단,소아청소년과
2026-10-01 00:00:00,서울특별시,A1100003,중앙대학교병원,응급,Y000,응급실,이비인후과 진료 불가,20260930180000,20261001070000,서울특별시 동작구 흑석로 102 (흑석동),A1100003,14,자동,차단,이비인후과
2026-10-01 00:00:00,서울특별시,A1100003,중앙대학교병원,응급,Y000,응급실,2개월 미만 신생아 및 소아중환자 진료 불가,20260930100000,20261007100000,서울특별시 동작구 흑석로 102 (흑석동),A1100003,15,자동,차단,소아청소년과
2026-10-01 00:00:00,서울특별시,A1100003,중앙대학교병원,응급,Y000,응급실,피부과 진료 불가,20260930100000,20261007100000,서울특별시 동작구 흑석로 102 (흑석동),A1100003,16,자동,차단,피부과
2026-10-01 00:00:00,서울특별시,A1100004,순천향대학교부속서울병원,중증,Y0131,수족지접합,성형외과 인력 부족으로 수지접합 불가,20260930220000,20261001075900,서울특별시 용산구 대사관로 59 (한남동),A1100004,17,자동,차단,
2026-10-01 00:00:00,서울특별시,A1100004,순천향대학교부속서울병원,응급,Y000,응급실,(22:00~익일 08:00) 안면부 열상환자 및 단순 열상환자 응급실 내 진료 불가,20260928000000,20261004235900,서울특별시 용산구 대사관로 59 (한남동),A1100004,18,자동,차단,성형외과
2026-10-01 00:00:00,서울특별시,A1100005,이화여자대학교의과대학부속목동병원,응급,Y000,응급실,성형외과 인력 부족으로 매일 0AM~7AM 단순봉합 불가함,20260928100000,20261005100000,서울특별시 양천구 안양천로 1071 (목동),A1100005,19,자동,차단,성형외과
2026-10-01 00:00:00,서울특별시,A1100006,강북삼성병원,응급,Y000,응급실,[진료제한]-[요일별 상세 운영 다름. 수용여부 사전 확인] 요일별 상세 운영 시간이 달라 내원 전 문의부탁드립니다. (진료시간 1시간전 접수 마감),20260929154000,20261006150000,서울특별시 종로구 새문안로 29 (평동),A1100006,20,자동,차단,소아청소년과
2026-10-01 00:00:00,서울특별시,A1100006,강북삼성병원,응급,Y000,응급실,"★CS핫라인-ECMO/심장/대동맥수술/본원CS구환★ 010-8662-6890,  010-5031-0198",20260929154000,20261006150000,서울특별시 종로구 새문안로 29 (평동),A1100006,21,자동,차단,응급실
2026-10-01 00:00:00,서울특별시,A1100006,강북삼성병원,응급,Y000,응급실,"[진료제한]-[수용여부 사전 확인]  비뇨의학과(응급 수술케이스불가), 산부인과, 정형외과, 안과(외상 진료 및 수술불가)",20260929154000,20261006150000,서울특별시 종로구 새문안로 29 (평동),A1100006,22,자동,차단,기타 진료과
2026-10-01 00:00:00,서울특별시,A1100006,강북삼성병원,응급,Y000,응급실,"[야간불가]-[요일별 상세 운영 다름. 수용여부 사전 확인] 성형외과, 이비인후과, 피부과,  안과",20260929154000,20261006150000,서울특별시 종로구 새문안로 29 (평동),A1100006,23,자동,차단,기타 진료과
2026-10-01 00:00:00,서울특별시,A1100007,연세대학교의과대학세브란스병원,중증,Y0132,수족지접합 외,불가능메세지등록,20260930173000,20261001083000,서울특별시 서대문구 연세로 50-1 (신촌동),A1100007,24,자동,차단,
2026-10-01 00:00:00,서울특별시,A1100007,연세대학교의과대학세브란스병원,중증,Y0131,수족지접합,불가능메세지등록,20260930173000,20261001083000,서울특별시 서대문구 연세로 50-1 (신촌동),A1100007,25,자동,차단,
2026-10-01 00:00:00,서울특별시,A1100007,연세대학교의과대학세브란스병원,중증,Y0160,안과적 응급 수술,[안과적 응급 수술] 정규시간 외 응급수술 불가능(마취지원 불가),20260930150000,20261001080000,서울특별시 서대문구 연세로 50-1 (신촌동),A1100007,26,자동,차단,
2026-10-01 00:00:00,서울특별시,A1100007,연세대학교의과대학세브란스병원,응급,Y000,응급실,[복부응급수술(비외상)]Appendicitis 신환 수용 불가,20260926000000,20261002235900,서울특별시 서대문구 연세로 50-1 (신촌동),A1100007,27,자동,차단,외과
2026-10-01 00:00:00,서울특별시,A1100007,연세대학교의과대학세브란스병원,응급,Y000,응급실,[응급 기관지 내시경(성인)] 평일 7am-5pm 시행 가능 / 이 외 시간 및 휴일(공휴일 포함)은 상의 후 결정(필요 시 문의바랍니다.),20260926000000,20261002235900,서울특별시 서대문구 연세로 50-1 (신촌동),A1100007,28,자동,차단,호흡기내과
2026-10-01 00:00:00,서울특별시,A1100007,연세대학교의과대학세브란스병원,응급,Y000,응급실,[뇌출혈수술] 중환자실 및 응급 수술/마취 지원 여부에 따라 부분 수용 가능 (필요 시 문의 바랍니다.),20260926000000,20261002235900,서울특별시 서대문구 연세로 50-1 (신촌동),A1100007,29,자동,차단,응급실
2026-10-01 00:00:00,서울특별시,A1100007,연세대학교의과대학세브란스병원,응급,Y000,응급실,(성형외과) 단순 봉합 진료 불가,20260926000000,20261002235900,서울특별시 서대문구 연세로 50-1 (신촌동),A1100007,30,자동,차단,성형외과
2026-10-01 00:00:00,서울특별시,A1100007,연세대학교의과대학세브란스병원,응급,Y000,응급실,(치과) 치과(일반)진료 21:30 이후 진료 불가능(f/u 포함),20260926000000,20261002235900,서울특별시 서대문구 연세로 50-1 (신촌동),A1100007,31,자동,차단,치과
2026-10-01 00:00:00,서울특별시,A1100007,연세대학교의과대학세브란스병원,응급,Y000,응급실,(산과) 신환수용 불가(f/u 환자는 필요 시 문의바랍니다.),20260926000000,20261002235900,서울특별시 서대문구 연세로 50-1 (신촌동),A1100007,32,자동,차단,응급실
2026-10-01 00:00:00,서울특별시,A1100007,연세대학교의과대학세브란스병원,응급,Y000,응급실,(소아신경외과) f/u 환자가 아닌 신환의 협진 및 전원 수용 불가 (도보 내원 포함),20260926000000,20261002235900,서울특별시 서대문구 연세로 50-1 (신촌동),A1100007,33,자동,차단,신경외과
2026-10-01 00:00:00,서울특별시,A1100007,연세대학교의과대학세브란스병원,응급,Y000,응급실,(소아신경외과) f/u 환자가 아닌 신환의 협진 및 전원 수용 불가 (도보 내원 포함),20260926000000,20261002235900,서울특별시 서대문구 연세로 50-1 (신촌동),A1100007,34,자동,차단,응급실
2026-10-01 00:00:00,서울특별시,A1100007,연세대학교의과대학세브란스병원,응급,Y000,응급실,"[신생아(미숙아)] 생후 4주 이내, 교정연령 44주이내,  NICU 입원이 연속적인 경우에 가능,야간 및 공휴일은 사전 상의 된 환아 외 진료 불가능 (필요 시 문의 바랍니다)",20260926000000,20261002235900,서울특별시 서대문구 연세로 50-1 (신촌동),A1100007,35,자동,차단,응급실
2026-10-01 00:00:00,서울특별시,A1100008,학교법인 고려중앙학원 고려대학교의과대학부속병원(안암병원),중증,Y0060,복부응급수술(비외상),"본원 LT, KT 중으로 수술 필요한 CASE 진료 불가능",20260930070000,20261001070000,"서울특별시 성북구 고려대로 73, 고려대병원 (안암동5가)",A1100008,36,자동,차단,
2026-10-01 00:00:00,서울특별시,A1100008,학교법인 고려중앙학원 고려대학교의과대학부속병원(안암병원),중증,Y0051,담낭담관질환(담낭질환),"본원 LT, KT 중으로 수술 필요한 CASE 진료 불가능",20260930070000,20261001070000,"서울특별시 성북구 고려대로 73, 고려대병원 (안암동5가)",A1100008,37,자동,차단,
2026-10-01 00:00:00,서울특별시,A1100008,학교법인 고려중앙학원 고려대학교의과대학부속병원(안암병원),중증,Y0042,대동맥응급(복부),"본원 LT, KT 중으로 수술 필요한 CASE 진료 불가능",20260930070000,20261001070000,"서울특별시 성북구 고려대로 73, 고려대병원 (안암동5가)",A1100008,38,자동,차단,
2026-10-01 00:00:00,서울특별시,A1100008,학교법인 고려중앙학원 고려대학교의과대학부속병원(안암병원),응급,Y000,응급실,"[이비인후과]Deep neck infection 환자 평일 주간(8jAM~5PM), 화요일 야간(5PM~익일 8AM) 외 시간은 수용 불가",20260928094100,20261005140000,"서울특별시 성북구 고려대로 73, 고려대병원 (안암동5가)",A1100008,39,자동,차단,이비인후과
2026-10-01 00:00:00,서울특별시,A1100008,학교법인 고려중앙학원 고려대학교의과대학부속병원(안암병원),응급,Y000,응급실,"인력 부재로 성형안과적 진료(안검수술, 안와질환, 눈물길 질환 등) 제한",20260928094000,20261005140000,"서울특별시 성북구 고려대로 73, 고려대병원 (안암동5가)",A1100008,40,자동,차단,안과
2026-10-01 00:00:00,서울특별시,A1100009,재단법인아산사회복지재단 서울아산병원,응급,Y000,응급실,야간 시간 소아 소화기 이물 제거 불가(해당과 의사인력 부족)/ GI bleeding control은 수용 가능,20260930220000,20261001060000,"서울특별시 송파구 올림픽로43길 88, 서울아산병원 (풍납동)",A1100009,41,자동,차단,소아청소년과
2026-10-01 00:00:00,서울특별시,A1100009,재단법인아산사회복지재단 서울아산병원,응급,Y000,응급실,[부인과]본원 재진 외 수용불가,20260930000000,20261007235900,"서울특별시 송파구 올림픽로43길 88, 서울아산병원 (풍납동)",A1100009,42,자동,차단,산부인과
2026-10-01 00:00:00,서울특별시,A1100009,재단법인아산사회복지재단 서울아산병원,응급,Y000,응급실,[혈액내과] 타원에서 치료중인 신환 수용불가,20260930000000,20261007235900,"서울특별시 송파구 올림픽로43길 88, 서울아산병원 (풍납동)",A1100009,43,자동,차단,혈액·종양내과
2026-10-01 00:00:00,서울특별시,A1100009,재단법인아산사회복지재단 서울아산병원,응급,Y000,응급실,"단순 중심정맥관(PICC, Q-cath 등) 관련 시술불가",20260930000000,20261007235900,"서울특별시 송파구 올림픽로43길 88, 서울아산병원 (풍납동)",A1100009,44,자동,차단,영상의학과
2026-10-01 00:00:00,서울특별시,A1100009,재단법인아산사회복지재단 서울아산병원,응급,Y000,응급실,본원 재진 외 수용불가,20260930000000,20261007235900,"서울특별시 송파구 올림픽로43길 88, 서울아산병원 (풍납동)",A1100009,45,자동,차단,호흡기내과
2026-10-01 00:00:00,서울특별시,A1100009,재단법인아산사회복지재단 서울아산병원,응급,Y000,응급실,[종양내과] 본원 재진 외 수용불가,20260930000000,20261007235900,"서울특별시 송파구 올림픽로43길 88, 서울아산병원 (풍납동)",A1100009,46,자동,차단,혈액·종양내과
2026-10-01 00:00:00,서울특별시,A1100009,재단법인아산사회복지재단 서울아산병원,응급,Y000,응급실,[산과] 임신 1삼분기GA14+6wks)는 재진 외 수용불가,20260930000000,20261007235900,"서울특별시 송파구 올림픽로43길 88, 서울아산병원 (풍납동)",A1100009,47,자동,차단,산부인과
2026-10-01 00:00:00,서울특별시,A1100009,재단법인아산사회복지재단 서울아산병원,응급,Y000,응급실,[성인] 안면부 단순 봉합 수용불가,20260930000000,20261007235900,"서울특별시 송파구 올림픽로43길 88, 서울아산병원 (풍납동)",A1100009,48,자동,차단,성형외과
2026-10-01 00:00:00,서울특별시,A1100010,삼성서울병원,응급,Y000,응급실,[담낭담관질환] 담낭 수술 및 시술은 반드시 수용 여부 사전 확인,20260928000000,20261004235900,"서울특별시 강남구 일원로 81 (일원동, 삼성의료원)",A1100010,49,자동,차단,응급실
2026-10-01 00:00:00,서울특별시,A1100010,삼성서울병원,응급,Y000,응급실,[위장관 응급내시경(성인)] 반드시 수용 여부 사전 확인,20260928000000,20261004235900,"서울특별시 강남구 일원로 81 (일원동, 삼성의료원)",A1100010,50,자동,차단,응급실
2026-10-01 00:00:00,서울특별시,A1100010,삼성서울병원,응급,Y000,응급실,"[안과] 응급 안과 적출에 준하는 상황의 경우, 안과 당직 문의 후 수용 여부 확인",20260928000000,20261004235900,"서울특별시 강남구 일원로 81 (일원동, 삼성의료원)",A1100010,51,자동,차단,응급실
2026-10-01 00:00:00,서울특별시,A1100010,삼성서울병원,응급,Y000,응급실,[소아청소년과] 소아 중환자 및 뇌전증 지속상태 환자는 전원 수용 여부 사전 확인,20260928000000,20261004235900,"서울특별시 강남구 일원로 81 (일원동, 삼성의료원)",A1100010,52,자동,차단,응급실
2026-10-01 00:00:00,서울특별시,A1100010,삼성서울병원,응급,Y000,응급실,"[AMI, 급성뇌졸중 의심 환자] 우선 진료 조정을 위해 노력하고 있으니, 수용 문의 부탁드립니다.",20260928000000,20261004235900,"서울특별시 강남구 일원로 81 (일원동, 삼성의료원)",A1100010,53,자동,차단,응급실
2026-10-01 00:00:00,서울특별시,A1100012,학교법인가톨릭학원가톨릭대학교서울성모병원,응급,Y000,응급실,야간 수용 불가,20260928130100,20261005130000,서울특별시 서초구 반포대로 222 (반포동),A1100012,54,자동,차단,피부과
2026-10-01 00:00:00,서울특별시,A1100012,학교법인가톨릭학원가톨릭대학교서울성모병원,응급,Y000,응급실,"경증 환자 수용 불가, 신환 환자 사전 협의 필요",20260928130100,20261005130000,서울특별시 서초구 반포대로 222 (반포동),A1100012,55,자동,차단,혈액·종양내과
2026-10-01 00:00:00,서울특별시,A1100013,한양대학교병원,응급,Y000,응급실,피부과 의료진 인력부족으로 피부과 관련 환자 진료불가,20260930220000,20261001080000,서울특별시 성동구 왕십리로 222-1 (사근동),A1100013,56,자동,차단,피부과
2026-10-01 00:00:00,서울특별시,A1100013,한양대학교병원,응급,Y000,응급실,안과 의료진 인력부족으로 안과 관련 환자 진료불가,20260930220000,20261001070000,서울특별시 성동구 왕십리로 222-1 (사근동),A1100013,57,자동,차단,안과
2026-10-01 00:00:00,서울특별시,A1100013,한양대학교병원,응급,Y000,응급실,성형외과 의료진 인력부족으로 단순 열상 환자 수용불가(심한 안면부 골절 불가능),20260930220000,20261001080000,서울특별시 성동구 왕십리로 222-1 (사근동),A1100013,58,자동,차단,성형외과
2026-10-01 00:00:00,서울특별시,A1100013,한양대학교병원,응급,Y000,응급실,응급실 인력부족으로 중증외상환자 수용자제,20260928090000,20261005090000,서울특별시 성동구 왕십리로 222-1 (사근동),A1100013,59,자동,차단,응급실
2026-10-01 00:00:00,서울특별시,A1100013,한양대학교병원,응급,Y000,응급실,소아신경분과 의료진 인력부족으로 관련 환자 진료불가,20260928090000,20261005090000,서울특별시 성동구 왕십리로 222-1 (사근동),A1100013,60,자동,차단,소아청소년과
2026-10-01 00:00:00,서울특별시,A1100013,한양대학교병원,응급,Y000,응급실,이비인후과 인력 부족으로 경부심재감염은 전원환자 수용불가,20260928090000,20261005090000,서울특별시 성동구 왕십리로 222-1 (사근동),A1100013,61,자동,차단,이비인후과
2026-10-01 00:00:00,서울특별시,A1100013,한양대학교병원,응급,Y000,응급실,응급실 인력부족으로 중증외상환자 수용자제,20260928090000,20261005090000,서울특별시 성동구 왕십리로 222-1 (사근동),A1100013,62,자동,차단,응급실
2026-10-01 00:00:00,서울특별시,A1100013,한양대학교병원,응급,Y000,응급실,소아혈액종양내과 의료진 인력부족으로 관련 환자 진료불가,20260928090000,20261005090000,서울특별시 성동구 왕십리로 222-1 (사근동),A1100013,63,자동,차단,소아청소년과
2026-10-01 00:00:00,서울특별시,A1100013,한양대학교병원,응급,Y000,응급실,"응급실 인력부족으로 비응급, 경증환자 수용자제",20260928090000,20261005090000,서울특별시 성동구 왕십리로 222-1 (사근동),A1100013,64,자동,차단,응급실
2026-10-01 00:00:00,서울특별시,A1100014,고려대학교의과대학부속구로병원,응급,Y000,응급실,"이비인후과 - 평일 야간, 주말, 공휴일- 응급수술 및 진료, 전원 수용 불가",20260928100000,20261005095900,"서울특별시 구로구 구로동로 148, 고려대부속구로병원 (구로동)",A1100014,65,자동,차단,이비인후과
2026-10-01 00:00:00,서울특별시,A1100015,연세대학교의과대학강남세브란스병원,중증,Y0120,중증화상,불가능메세지등록,20260929000000,20261006000000,"서울특별시 강남구 언주로 211, 강남세브란스병원 (도곡동)",A1100015,66,자동,차단,
2026-10-01 00:00:00,서울특별시,A1100015,연세대학교의과대학강남세브란스병원,중증,Y0160,안과적 응급 수술,불가능메세지등록,20260929000000,20261006000000,"서울특별시 강남구 언주로 211, 강남세브란스병원 (도곡동)",A1100015,67,자동,차단,
2026-10-01 00:00:00,서울특별시,A1100016,인제대학교상계백병원,중증,Y0111,산부인과 응급(분만),의료진 부족으로 수용 어려움,20260929000000,20261005235900,"서울특별시 노원구 동일로 1342, 상계백병원 (상계동)",A1100016,68,자동,차단,
2026-10-01 00:00:00,서울특별시,A1100016,인제대학교상계백병원,응급,Y000,응급실,[진료제한] 인력 부족으로 사전 문의 요망,20260929000000,20261005235900,"서울특별시 노원구 동일로 1342, 상계백병원 (상계동)",A1100016,69,자동,차단,산부인과
2026-10-01 00:00:00,서울특별시,A1100016,인제대학교상계백병원,응급,Y000,응급실,"환자 수용 가능 (주말 10:00 ~ 22:00), 그 외 시간은 진료 제한",20260929000000,20261005235900,"서울특별시 노원구 동일로 1342, 상계백병원 (상계동)",A1100016,70,자동,차단,성형외과
2026-10-01 00:00:00,서울특별시,A1100016,인제대학교상계백병원,응급,Y000,응급실,"환자 수용 가능(평일 08:00 ~ 20:00), 그 외 시간은 진료 제한",20260929000000,20261005235900,"서울특별시 노원구 동일로 1342, 상계백병원 (상계동)",A1100016,71,자동,차단,안과
2026-10-01 00:00:00,서울특별시,A1100016,인제대학교상계백병원,응급,Y000,응급실,[진료제한] 인력 부족으로 사전 문의 요망,20260929000000,20261005235900,"서울특별시 노원구 동일로 1342, 상계백병원 (상계동)",A1100016,72,자동,차단,소아청소년과
2026-10-01 00:00:00,서울특별시,A1100016,인제대학교상계백병원,응급,Y000,응급실,"환자 수용 가능(평일 09:00~20:00), 두경부 전문 인력 부족으로 진료 제한",20260929000000,20261005235900,"서울특별시 노원구 동일로 1342, 상계백병원 (상계동)",A1100016,73,자동,차단,이비인후과
2026-10-01 00:00:00,서울특별시,A1100016,인제대학교상계백병원,중증,Y0112,산부인과 응급(산과수술),의료진 부족으로 수용 어려움,20260929000000,20261005235900,"서울특별시 노원구 동일로 1342, 상계백병원 (상계동)",A1100016,74,자동,차단,
2026-10-01 00:00:00,서울특별시,A1100016,인제대학교상계백병원,응급,Y000,응급실,"환자 수용 가능(월~목 24시간, 금 08:00 ~ 17:00), 그 외 시간은 진료 제한",20260929000000,20261005235900,"서울특별시 노원구 동일로 1342, 상계백병원 (상계동)",A1100016,75,자동,차단,치과
2026-10-01 00:00:00,서울특별시,A1100017,서울대학교병원,응급,Y000,응급실,비뇨의학과 : 신환 진료 불가,20260929000000,20261005235900,서울특별시 종로구 대학로 101 (연건동),A1100017,76,자동,차단,비뇨의학과
2026-10-01 00:00:00,서울특별시,A1100021,삼육서울병원,응급,Y000,응급실,일-금 9-22시 까지 진료 가능. 토요일 진료 불가. 본원 안과 수술 환자는 진료 가능,20260930090000,20261007235900,서울특별시 동대문구 망우로 82 (휘경동),A1100021,77,자동,차단,안과
2026-10-01 00:00:00,서울특별시,A1100021,삼육서울병원,응급,Y000,응급실,"일과시간(일-목 9~17, 금9~12)이후 본원 치료중인 환자 이외 소아청소년과 입원불가, 응급의학과 의사에 의한 부분 진료 가능",20260928000000,20261005235900,서울특별시 동대문구 망우로 82 (휘경동),A1100021,78,자동,차단,소아청소년과
2026-10-01 00:00:00,서울특별시,A1100028,성심의료재단강동성심병원,중증,Y0010,심근경색의 재관류중재술,시술 불가,20260930180000,20261001080000,서울특별시 강동구 성안로 150 (길동),A1100028,79,자동,차단,
2026-10-01 00:00:00,서울특별시,A1100028,성심의료재단강동성심병원,응급,Y000,응급실,[순환기내과] 매주 수요일(평일) 6pm-익일 8am 시술불가,20260930180000,20261001080000,서울특별시 강동구 성안로 150 (길동),A1100028,80,자동,차단,순환기내과
2026-10-01 00:00:00,서울특별시,A1100028,성심의료재단강동성심병원,응급,Y000,응급실,[소아청소년과] 진료불가,20260928120000,20261005120000,서울특별시 강동구 성안로 150 (길동),A1100028,81,자동,차단,소아청소년과
2026-10-01 00:00:00,서울특별시,A1100028,성심의료재단강동성심병원,응급,Y000,응급실,*인력부족으로 자살 사고 및 중독 진료불가,20260928120000,20261005120000,서울특별시 강동구 성안로 150 (길동),A1100028,82,자동,차단,기타 진료과
2026-10-01 00:00:00,서울특별시,A1100028,성심의료재단강동성심병원,응급,Y000,응급실,[안과] 08:00~22:00 진료가능,20260928120000,20261005120000,서울특별시 강동구 성안로 150 (길동),A1100028,83,자동,차단,안과
2026-10-01 00:00:00,서울특별시,A1100028,성심의료재단강동성심병원,응급,Y000,응급실,"[피부과] 평일 07:00-22:00에만 진료(단,토요일은 24시간 진료)",20260928120000,20261005120000,서울특별시 강동구 성안로 150 (길동),A1100028,84,자동,차단,피부과
2026-10-01 00:00:00,서울특별시,A1100028,성심의료재단강동성심병원,응급,Y000,응급실,"[이비인후과] 일요일 8am이후, 월요일 8am~5pm이후 진료불가",20260928120000,20261005120000,서울특별시 강동구 성안로 150 (길동),A1100028,85,자동,차단,이비인후과
2026-10-01 00:00:00,서울특별시,A1100028,성심의료재단강동성심병원,응급,Y000,응급실,[성형외과] 평일 주간(08:00-17:00)에만 진료가능,20260928120000,20261005120000,서울특별시 강동구 성안로 150 (길동),A1100028,86,자동,차단,성형외과
2026-10-01 00:00:00,서울특별시,A1100028,성심의료재단강동성심병원,응급,Y000,응급실,*의료진 부족으로 119 내원시 모든 환자 사전 수용여부 확인 후 내원,20260928120000,20261005120000,서울특별시 강동구 성안로 150 (길동),A1100028,87,자동,차단,응급실
2026-10-01 00:00:00,서울특별시,A1100028,성심의료재단강동성심병원,응급,Y000,응급실,"[산부인과] 분만 관련 산모진료는 불가, 산과/부인과 수술은 평일 주간(08:00-17:00)만 진료가능",20260928120000,20261005120000,서울특별시 강동구 성안로 150 (길동),A1100028,88,자동,차단,산부인과
2026-10-01 00:00:00,서울특별시,A1100028,성심의료재단강동성심병원,응급,Y000,응급실,[정신건강의학과] 평일 주간(08:00-17:00)에만 진료가능,20260928120000,20261005120000,서울특별시 강동구 성안로 150 (길동),A1100028,89,자동,차단,정신건강의학과
2026-10-01 00:00:00,서울특별시,A1100043,강동경희대학교병원,응급,Y000,응급실,의료진 부재로 인한 응급실 진료 불가,20260928000000,20261005235900,서울특별시 강동구 동남로 892 (상일동),A1100043,90,자동,차단,정신건강의학과
2026-10-01 00:00:00,서울특별시,A1100043,강동경희대학교병원,응급,Y000,응급실,의료진 부재로 인한 응급실 진료 불가,20260928000000,20261005235900,서울특별시 강동구 동남로 892 (상일동),A1100043,91,자동,차단,성형외과
2026-10-01 00:00:00,서울특별시,A1100043,강동경희대학교병원,응급,Y000,응급실,의료진 부재로 인한 응급실 진료 불가,20260928000000,20261005235900,서울특별시 강동구 동남로 892 (상일동),A1100043,92,자동,차단,치과
2026-10-01 00:00:00,서울특별시,A1100051,혜민병원,중증,Y0051,담낭담관질환(담낭질환),불가능메세지등록,20260928000000,20261005000000,서울특별시 광진구 자양로 85 (자양동),A1100051,93,자동,차단,
2026-10-01 00:00:00,서울특별시,A1100051,혜민병원,중증,Y0032,뇌출혈수술(거미막하 출혈 외),불가능메세지등록,20260928000000,20261005000000,서울특별시 광진구 자양로 85 (자양동),A1100051,94,자동,차단,
2026-10-01 00:00:00,서울특별시,A1100053,한국보훈복지의료공단 중앙보훈병원,응급,Y000,응급실,내과계중환지실 부족으로 인해 내과계중환자 수용불가,20260928090000,20261005090000,서울특별시 강동구 진황도로61길 53 (둔촌동),A1100053,95,자동,차단,병상 또는 장비
2026-10-01 00:00:00,서울특별시,A1100054,성애의료재단성애병원,중증,Y0032,뇌출혈수술(거미막하 출혈 외),불가능메세지등록,20260930173000,20261001083000,"서울특별시 영등포구 여의대방로53길 22 (신길동, 성애병원)",A1100054,96,자동,차단,
2026-10-01 00:00:00,서울특별시,A1100223,서울특별시서남병원,중증,Y0113,산부인과 응급(부인과수술),외래진료만 가능,20260930000000,20261007235900,서울특별시 양천구 신정이펜1로 20 (신정동),A1100223,97,자동,차단,
2026-10-01 00:00:00,서울특별시,A1100223,서울특별시서남병원,중증,Y0051,담낭담관질환(담낭질환),ERCP 불가,20260930000000,20261007235900,서울특별시 양천구 신정이펜1로 20 (신정동),A1100223,98,자동,차단,
2026-10-01 00:00:00,서울특별시,A1120796,이화여자대학교의과대학부속서울병원,응급,Y000,응급실,"비뇨의학과 인력부재로 응급시술, 수술 불가",20260928230000,20261005230000,"서울특별시 강서구 공항대로 260, 이화의대부속서울병원 (마곡동)",A1120796,99,자동,차단,비뇨의학과
2026-10-01 00:00:00,서울특별시,A1120796,이화여자대학교의과대학부속서울병원,응급,Y000,응급실,"치과 인력부재로 주말, 공휴일, 소아 치과 진료 불가",20260928230000,20261005230000,"서울특별시 강서구 공항대로 260, 이화의대부속서울병원 (마곡동)",A1120796,100,자동,차단,치과
2026-10-01 00:00:00,서울특별시,A1120796,이화여자대학교의과대학부속서울병원,응급,Y000,응급실,피부과 인력부재로 진료 불가,20260928230000,20261005230000,"서울특별시 강서구 공항대로 260, 이화의대부속서울병원 (마곡동)",A1120796,101,자동,차단,피부과
2026-10-01 00:00:00,서울특별시,A1120796,이화여자대학교의과대학부속서울병원,응급,Y000,응급실,안과 인력부재로 진료 불가,20260928230000,20261005230000,"서울특별시 강서구 공항대로 260, 이화의대부속서울병원 (마곡동)",A1120796,102,자동,차단,안과
2026-10-01 00:00:00,서울특별시,A1120796,이화여자대학교의과대학부속서울병원,응급,Y000,응급실,이비인후과 인력부재로 진료 불가,20260928230000,20261005230000,"서울특별시 강서구 공항대로 260, 이화의대부속서울병원 (마곡동)",A1120796,103,자동,차단,이비인후과
2026-10-01 00:00:00,서울특별시,A1120796,이화여자대학교의과대학부속서울병원,응급,Y000,응급실,성형외과 인력부재로 응급실에서 성형외과 단순 봉합 불가,20260928230000,20261005230000,"서울특별시 강서구 공항대로 260, 이화의대부속서울병원 (마곡동)",A1120796,104,자동,차단,정형외과
2026-10-01 00:00:00,서울특별시,A1120796,이화여자대학교의과대학부속서울병원,응급,Y000,응급실,응급실에서 DI 환자 진료 불가,20260928230000,20261005230000,"서울특별시 강서구 공항대로 260, 이화의대부속서울병원 (마곡동)",A1120796,105,자동,차단,기타 진료과
2026-10-01 00:00:00,서울특별시,A1120796,이화여자대학교의과대학부속서울병원,응급,Y000,응급실,정신건강의학과 인력부재로 진료 불가,20260928230000,20261005230000,"서울특별시 강서구 공항대로 260, 이화의대부속서울병원 (마곡동)",A1120796,106,자동,차단,정신건강의학과
2026-10-01 00:00:00,서울특별시,A1121013,가톨릭대학교은평성모병원,응급,Y000,응급실,"심혈관질환 전용 핫라인: 010-7317-2540  (심장/대동맥수술, 급성심근경색, 심부전등)",20260928080000,20261005075900,서울특별시 은평구 통일로 1021 (진관동),A1121013,107,자동,차단,순환기내과
2026-10-01 00:00:00,서울특별시,A1121013,가톨릭대학교은평성모병원,응급,Y000,응급실,"금요일 18 시~일요일 18 시소아신경과 진료불가(소아신경 의사 부재/ 단 본원 소아신경 f/u환아는 소아응급실 진료있는 날 응급실에서 진료가능 ), 소아청소년과 중증환자 수용불가",20260928080000,20261005075900,서울특별시 은평구 통일로 1021 (진관동),A1121013,108,자동,차단,소아청소년과
2026-10-01 00:00:00,서울특별시,A1121013,가톨릭대학교은평성모병원,응급,Y000,응급실,치과  (응급실 진료불가 ),20260928080000,20261005075900,서울특별시 은평구 통일로 1021 (진관동),A1121013,109,자동,차단,치과
2026-10-01 00:00:00,서울특별시,A1121013,가톨릭대학교은평성모병원,응급,Y000,응급실,정신건강의학과(응급실 진료불가),20260928080000,20261005075900,서울특별시 은평구 통일로 1021 (진관동),A1121013,110,자동,차단,정신건강의학과
2026-10-01 00:00:00,경기도,A2100001,분당서울대학교병원,응급,Y000,응급실,[신경외과] 경증 두부외상 수용 불가능,20260930000000,20261007235900,"경기도 성남시 분당구 구미로173번길 82 (구미동, 분당서울대학교병원)",A2100001,1,자동,차단,신경외과
2026-10-01 00:00:00,경기도,A2100001,분당서울대학교병원,응급,Y000,응급실,[정형외과] 사지접합술 제외한 응급수술 가능,20260930000000,20261007235900,"경기도 성남시 분당구 구미로173번길 82 (구미동, 분당서울대학교병원)",A2100001,2,자동,차단,정형외과
2026-10-01 00:00:00,경기도,A2100001,분당서울대학교병원,응급,Y000,응급실,"[혈액종양내과] 타원 진료 중인 암 환자, 호스피스/연고지 목적으로 내원하는 환자 수용불가능",20260930000000,20261007235900,"경기도 성남시 분당구 구미로173번길 82 (구미동, 분당서울대학교병원)",A2100001,3,자동,차단,혈액·종양내과
2026-10-01 00:00:00,경기도,A2100001,분당서울대학교병원,응급,Y000,응급실,"[신장내과] 단순 요로감염, 합병증 없는 신우신염 수용 불가능",20260930000000,20261007235900,"경기도 성남시 분당구 구미로173번길 82 (구미동, 분당서울대학교병원)",A2100001,4,자동,차단,신장내과
2026-10-01 00:00:00,경기도,A2100001,분당서울대학교병원,응급,Y000,응급실,[소아청소년과] 생후 28일 이내 신생아 평일 8A~5P 진료가능 이외 주말 및 공휴일 수용불가능,20260930000000,20261007235900,"경기도 성남시 분당구 구미로173번길 82 (구미동, 분당서울대학교병원)",A2100001,5,자동,차단,소아청소년과
2026-10-01 00:00:00,경기도,A2100001,분당서울대학교병원,응급,Y000,응급실,[정신건강의학과] 정신과적 응급입원 평일 9A~6P만 가능 이외 주말 및 공휴일 수용불가능,20260930000000,20261007235900,"경기도 성남시 분당구 구미로173번길 82 (구미동, 분당서울대학교병원)",A2100001,6,자동,차단,정신건강의학과
2026-10-01 00:00:00,경기도,A2100001,분당서울대학교병원,응급,Y000,응급실,"[안과] 주중 8A~10P, 주말 및 공휴일 8A~8P 진료가능",20260930000000,20261007235900,"경기도 성남시 분당구 구미로173번길 82 (구미동, 분당서울대학교병원)",A2100001,7,자동,차단,안과
2026-10-01 00:00:00,경기도,A2100001,분당서울대학교병원,응급,Y000,응급실,"[비뇨의학과] 응급수술 불가능(고환염전, 골반내 비뇨기외상,신장외상,지속발기증 등)",20260930000000,20261007235900,"경기도 성남시 분당구 구미로173번길 82 (구미동, 분당서울대학교병원)",A2100001,8,자동,차단,비뇨의학과
2026-10-01 00:00:00,경기도,A2100001,분당서울대학교병원,응급,Y000,응급실,"[성형외과] 성형외과적 봉합은 안면부 깊은 열상 또는 혈관,신경,힘줄 손상이 의심되는 수부 열상만 가능(이외 불가)",20260930000000,20261007235900,"경기도 성남시 분당구 구미로173번길 82 (구미동, 분당서울대학교병원)",A2100001,9,자동,차단,성형외과
2026-10-01 00:00:00,경기도,A2100001,분당서울대학교병원,응급,Y000,응급실,"[감염내과] 경증코로나, 단순 봉와직염 수용 불가능",20260930000000,20261007235900,"경기도 성남시 분당구 구미로173번길 82 (구미동, 분당서울대학교병원)",A2100001,10,자동,차단,감염내과
2026-10-01 00:00:00,경기도,A2100001,분당서울대학교병원,응급,Y000,응급실,"[산부인과/산과] 임신 14주 이내 복통, 출혈, 유산의심, 단순 태아 심박동 확인 수용 불가능(원내 직원 포함)",20260930000000,20261007235900,"경기도 성남시 분당구 구미로173번길 82 (구미동, 분당서울대학교병원)",A2100001,11,자동,차단,산부인과
2026-10-01 00:00:00,경기도,A2100001,분당서울대학교병원,응급,Y000,응급실,"[류마티스내과] 통풍 신초진환자 수용불가, 단 본과 기 진료환자 수용가능",20260930000000,20261007235900,"경기도 성남시 분당구 구미로173번길 82 (구미동, 분당서울대학교병원)",A2100001,12,자동,차단,류마티스내과
2026-10-01 00:00:00,경기도,A2100001,분당서울대학교병원,응급,Y000,응급실,"[호흡기내과] 활력징후 안정적인 단순 폐렴, 본원 호흡기 f/u한 적 없는 요양병원 장기입원 환자의 폐렴환자 수용불가",20260930000000,20261007235900,"경기도 성남시 분당구 구미로173번길 82 (구미동, 분당서울대학교병원)",A2100001,13,자동,차단,호흡기내과
2026-10-01 00:00:00,경기도,A2100001,분당서울대학교병원,응급,Y000,응급실,"[소아청소년과] 소아위장관 정규 내시경 화 오전만 가능, 단순 위장관염 수용 불가능",20260930000000,20261007235900,"경기도 성남시 분당구 구미로173번길 82 (구미동, 분당서울대학교병원)",A2100001,14,자동,차단,소아청소년과
2026-10-01 00:00:00,경기도,A2100002,아주대학교병원,응급,Y000,응급실,이비인후과 두경부파트 진료 제한(정규 시간 외 17시~08시),20260930000000,20261007235900,경기도 수원시 영통구 월드컵로 164 (원천동),A2100002,15,자동,차단,이비인후과
2026-10-01 00:00:00,경기도,A2100002,아주대학교병원,응급,Y000,응급실,소아 비뇨의학과/소화기내과 관련 내원 시 사전 문의 필수,20260930000000,20261007235900,경기도 수원시 영통구 월드컵로 164 (원천동),A2100002,16,자동,차단,소아청소년과
2026-10-01 00:00:00,경기도,A2100003,고려대학교의과대학부속안산병원,응급,Y000,응급실,[안과] 과 내 사정으로 토요일 협진 제한,20260928120000,20261002120000,경기도 안산시 단원구 적금로 123 (고잔동),A2100003,17,자동,차단,안과
2026-10-01 00:00:00,경기도,A2100003,고려대학교의과대학부속안산병원,응급,Y000,응급실,"[소아과] 호흡기분과 제한적 입원, 혈액종양분과 입원 불가, 중환자실 입실 불가",20260928120000,20261002120000,경기도 안산시 단원구 적금로 123 (고잔동),A2100003,18,자동,차단,소아청소년과
2026-10-01 00:00:00,경기도,A2100005,순천향대학교부속부천병원,중증,Y0100,저출생체중아,시설공사로 19병상으로 축소운영.  신환수용 불가.,20260928150000,20261005180000,"경기도 부천시 원미구 조마루로 170, 부흥로 173(1층일부) (중동)",A2100005,19,자동,차단,
2026-10-01 00:00:00,경기도,A2100012,가톨릭대학교성빈센트병원,응급,Y000,응급실,불가능메세지등록,20260930170000,20261001080000,경기도 수원시 팔달구 중부대로 93 (지동),A2100012,20,자동,차단,신경과
2026-10-01 00:00:00,경기도,A2100012,가톨릭대학교성빈센트병원,응급,Y000,응급실,"간,담,췌장 파트 신환진료 불가",20260924080100,20261001080000,경기도 수원시 팔달구 중부대로 93 (지동),A2100012,21,자동,차단,소화기내과
2026-10-01 00:00:00,경기도,A2100015,효산의료재단안양샘병원,응급,Y000,응급실,"평일 08시~18시, 토요일 08~13시 이외 진료 불가(24개월 미만 진료불가)",20260924080000,20261001080000,"경기도 안양시 만안구 삼덕로 9 (안양동, 안양샘병원)",A2100015,22,자동,차단,소아청소년과
2026-10-01 00:00:00,경기도,A2100018,의료법인은혜와감사의료재단화성중앙종합병원,중증,Y0010,심근경색의 재관류중재술,불가능메세지등록,20260930000000,20261005000000,경기도 화성시 만세구 향남읍 발안로 5,A2100018,23,자동,차단,
2026-10-01 00:00:00,경기도,A2100018,의료법인은혜와감사의료재단화성중앙종합병원,중증,Y0020,뇌경색의 재관류중재술,불가능메세지등록,20260930000000,20261005000000,경기도 화성시 만세구 향남읍 발안로 5,A2100018,24,자동,차단,
2026-10-01 00:00:00,경기도,A2100018,의료법인은혜와감사의료재단화성중앙종합병원,중증,Y0031,뇌출혈수술(거미막하 출혈),불가능메세지등록,20260930000000,20261005000000,경기도 화성시 만세구 향남읍 발안로 5,A2100018,25,자동,차단,
2026-10-01 00:00:00,경기도,A2100018,의료법인은혜와감사의료재단화성중앙종합병원,중증,Y0032,뇌출혈수술(거미막하 출혈 외),불가능메세지등록,20260930000000,20261005000000,경기도 화성시 만세구 향남읍 발안로 5,A2100018,26,자동,차단,
2026-10-01 00:00:00,경기도,A2100018,의료법인은혜와감사의료재단화성중앙종합병원,중증,Y0041,대동맥응급(흉부),불가능메세지등록,20260930000000,20261005000000,경기도 화성시 만세구 향남읍 발안로 5,A2100018,27,자동,차단,
2026-10-01 00:00:00,경기도,A2100018,의료법인은혜와감사의료재단화성중앙종합병원,중증,Y0042,대동맥응급(복부),불가능메세지등록,20260930000000,20261005000000,경기도 화성시 만세구 향남읍 발안로 5,A2100018,28,자동,차단,
2026-10-01 00:00:00,경기도,A2100018,의료법인은혜와감사의료재단화성중앙종합병원,중증,Y0051,담낭담관질환(담낭질환),불가능메세지등록,20260930000000,20261005000000,경기도 화성시 만세구 향남읍 발안로 5,A2100018,29,자동,차단,
2026-10-01 00:00:00,경기도,A2100018,의료법인은혜와감사의료재단화성중앙종합병원,중증,Y0052,담낭담관질환(담도포함질환),불가능메세지등록,20260930000000,20261005000000,경기도 화성시 만세구 향남읍 발안로 5,A2100018,30,자동,차단,
2026-10-01 00:00:00,경기도,A2100018,의료법인은혜와감사의료재단화성중앙종합병원,중증,Y0060,복부응급수술(비외상),불가능메세지등록,20260930000000,20261005000000,경기도 화성시 만세구 향남읍 발안로 5,A2100018,31,자동,차단,
2026-10-01 00:00:00,경기도,A2100018,의료법인은혜와감사의료재단화성중앙종합병원,중증,Y0070,장중첩/폐색(유아),불가능메세지등록,20260930000000,20261005000000,경기도 화성시 만세구 향남읍 발안로 5,A2100018,32,자동,차단,
2026-10-01 00:00:00,경기도,A2100018,의료법인은혜와감사의료재단화성중앙종합병원,중증,Y0081,위장관 응급내시경(성인),불가능메세지등록,20260930000000,20261005000000,경기도 화성시 만세구 향남읍 발안로 5,A2100018,33,자동,차단,
2026-10-01 00:00:00,경기도,A2100018,의료법인은혜와감사의료재단화성중앙종합병원,중증,Y0082,위장관 응급내시경(영유아),불가능메세지등록,20260930000000,20261005000000,경기도 화성시 만세구 향남읍 발안로 5,A2100018,34,자동,차단,
2026-10-01 00:00:00,경기도,A2100018,의료법인은혜와감사의료재단화성중앙종합병원,중증,Y0091,기관지 응급내시경(성인),불가능메세지등록,20260930000000,20261005000000,경기도 화성시 만세구 향남읍 발안로 5,A2100018,35,자동,차단,
2026-10-01 00:00:00,경기도,A2100018,의료법인은혜와감사의료재단화성중앙종합병원,중증,Y0092,기관지 응급내시경(영유아),불가능메세지등록,20260930000000,20261005000000,경기도 화성시 만세구 향남읍 발안로 5,A2100018,36,자동,차단,
2026-10-01 00:00:00,경기도,A2100018,의료법인은혜와감사의료재단화성중앙종합병원,중증,Y0100,저출생체중아,불가능메세지등록,20260930000000,20261005000000,경기도 화성시 만세구 향남읍 발안로 5,A2100018,37,자동,차단,
2026-10-01 00:00:00,경기도,A2100018,의료법인은혜와감사의료재단화성중앙종합병원,중증,Y0111,산부인과 응급(분만),불가능메세지등록,20260930000000,20261005000000,경기도 화성시 만세구 향남읍 발안로 5,A2100018,38,자동,차단,
2026-10-01 00:00:00,경기도,A2100018,의료법인은혜와감사의료재단화성중앙종합병원,중증,Y0112,산부인과 응급(산과수술),불가능메세지등록,20260930000000,20261005000000,경기도 화성시 만세구 향남읍 발안로 5,A2100018,39,자동,차단,
2026-10-01 00:00:00,경기도,A2100018,의료법인은혜와감사의료재단화성중앙종합병원,중증,Y0113,산부인과 응급(부인과수술),불가능메세지등록,20260930000000,20261005000000,경기도 화성시 만세구 향남읍 발안로 5,A2100018,40,자동,차단,
2026-10-01 00:00:00,경기도,A2100018,의료법인은혜와감사의료재단화성중앙종합병원,중증,Y0120,중증화상,불가능메세지등록,20260930000000,20261005000000,경기도 화성시 만세구 향남읍 발안로 5,A2100018,41,자동,차단,
2026-10-01 00:00:00,경기도,A2100018,의료법인은혜와감사의료재단화성중앙종합병원,중증,Y0131,수족지접합,불가능메세지등록,20260930000000,20261005000000,경기도 화성시 만세구 향남읍 발안로 5,A2100018,42,자동,차단,
2026-10-01 00:00:00,경기도,A2100018,의료법인은혜와감사의료재단화성중앙종합병원,중증,Y0132,수족지접합 외,불가능메세지등록,20260930000000,20261005000000,경기도 화성시 만세구 향남읍 발안로 5,A2100018,43,자동,차단,
2026-10-01 00:00:00,경기도,A2100018,의료법인은혜와감사의료재단화성중앙종합병원,중증,Y0141,응급투석(HD),불가능메세지등록,20260930000000,20261005000000,경기도 화성시 만세구 향남읍 발안로 5,A2100018,44,자동,차단,
2026-10-01 00:00:00,경기도,A2100018,의료법인은혜와감사의료재단화성중앙종합병원,중증,Y0142,응급투석(CRRT),불가능메세지등록,20260930000000,20261005000000,경기도 화성시 만세구 향남읍 발안로 5,A2100018,45,자동,차단,
2026-10-01 00:00:00,경기도,A2100018,의료법인은혜와감사의료재단화성중앙종합병원,중증,Y0150,정신과적 응급입원,불가능메세지등록,20260930000000,20261005000000,경기도 화성시 만세구 향남읍 발안로 5,A2100018,46,자동,차단,
2026-10-01 00:00:00,경기도,A2100018,의료법인은혜와감사의료재단화성중앙종합병원,중증,Y0160,안과적 응급 수술,불가능메세지등록,20260930000000,20261005000000,경기도 화성시 만세구 향남읍 발안로 5,A2100018,47,자동,차단,
2026-10-01 00:00:00,경기도,A2100018,의료법인은혜와감사의료재단화성중앙종합병원,중증,Y0171,영상의학혈관중재(성인),불가능메세지등록,20260930000000,20261005000000,경기도 화성시 만세구 향남읍 발안로 5,A2100018,48,자동,차단,
2026-10-01 00:00:00,경기도,A2100018,의료법인은혜와감사의료재단화성중앙종합병원,중증,Y0172,영상의학혈관중재(영유아),불가능메세지등록,20260930000000,20261005000000,경기도 화성시 만세구 향남읍 발안로 5,A2100018,49,자동,차단,
2026-10-01 00:00:00,경기도,A2100018,의료법인은혜와감사의료재단화성중앙종합병원,중증,Y0010,심근경색의 재관류중재술,불가능메세지등록,20260930000000,20261005000000,경기도 화성시 만세구 향남읍 발안로 5,A2100018,50,자동,차단,
2026-10-01 00:00:00,경기도,A2100018,의료법인은혜와감사의료재단화성중앙종합병원,중증,Y0020,뇌경색의 재관류중재술,불가능메세지등록,20260930000000,20261005000000,경기도 화성시 만세구 향남읍 발안로 5,A2100018,51,자동,차단,
2026-10-01 00:00:00,경기도,A2100018,의료법인은혜와감사의료재단화성중앙종합병원,중증,Y0031,뇌출혈수술(거미막하 출혈),불가능메세지등록,20260930000000,20261005000000,경기도 화성시 만세구 향남읍 발안로 5,A2100018,52,자동,차단,
2026-10-01 00:00:00,경기도,A2100018,의료법인은혜와감사의료재단화성중앙종합병원,중증,Y0032,뇌출혈수술(거미막하 출혈 외),불가능메세지등록,20260930000000,20261005000000,경기도 화성시 만세구 향남읍 발안로 5,A2100018,53,자동,차단,
2026-10-01 00:00:00,경기도,A2100018,의료법인은혜와감사의료재단화성중앙종합병원,중증,Y0041,대동맥응급(흉부),불가능메세지등록,20260930000000,20261005000000,경기도 화성시 만세구 향남읍 발안로 5,A2100018,54,자동,차단,
2026-10-01 00:00:00,경기도,A2100018,의료법인은혜와감사의료재단화성중앙종합병원,중증,Y0042,대동맥응급(복부),불가능메세지등록,20260930000000,20261005000000,경기도 화성시 만세구 향남읍 발안로 5,A2100018,55,자동,차단,
2026-10-01 00:00:00,경기도,A2100018,의료법인은혜와감사의료재단화성중앙종합병원,중증,Y0051,담낭담관질환(담낭질환),불가능메세지등록,20260930000000,20261005000000,경기도 화성시 만세구 향남읍 발안로 5,A2100018,56,자동,차단,
2026-10-01 00:00:00,경기도,A2100018,의료법인은혜와감사의료재단화성중앙종합병원,중증,Y0052,담낭담관질환(담도포함질환),불가능메세지등록,20260930000000,20261005000000,경기도 화성시 만세구 향남읍 발안로 5,A2100018,57,자동,차단,
2026-10-01 00:00:00,경기도,A2100018,의료법인은혜와감사의료재단화성중앙종합병원,중증,Y0060,복부응급수술(비외상),불가능메세지등록,20260930000000,20261005000000,경기도 화성시 만세구 향남읍 발안로 5,A2100018,58,자동,차단,
2026-10-01 00:00:00,경기도,A2100018,의료법인은혜와감사의료재단화성중앙종합병원,중증,Y0070,장중첩/폐색(유아),불가능메세지등록,20260930000000,20261005000000,경기도 화성시 만세구 향남읍 발안로 5,A2100018,59,자동,차단,
2026-10-01 00:00:00,경기도,A2100018,의료법인은혜와감사의료재단화성중앙종합병원,중증,Y0081,위장관 응급내시경(성인),불가능메세지등록,20260930000000,20261005000000,경기도 화성시 만세구 향남읍 발안로 5,A2100018,60,자동,차단,
2026-10-01 00:00:00,경기도,A2100018,의료법인은혜와감사의료재단화성중앙종합병원,중증,Y0082,위장관 응급내시경(영유아),불가능메세지등록,20260930000000,20261005000000,경기도 화성시 만세구 향남읍 발안로 5,A2100018,61,자동,차단,
2026-10-01 00:00:00,경기도,A2100018,의료법인은혜와감사의료재단화성중앙종합병원,중증,Y0091,기관지 응급내시경(성인),불가능메세지등록,20260930000000,20261005000000,경기도 화성시 만세구 향남읍 발안로 5,A2100018,62,자동,차단,
2026-10-01 00:00:00,경기도,A2100018,의료법인은혜와감사의료재단화성중앙종합병원,중증,Y0092,기관지 응급내시경(영유아),불가능메세지등록,20260930000000,20261005000000,경기도 화성시 만세구 향남읍 발안로 5,A2100018,63,자동,차단,
2026-10-01 00:00:00,경기도,A2100018,의료법인은혜와감사의료재단화성중앙종합병원,중증,Y0100,저출생체중아,불가능메세지등록,20260930000000,20261005000000,경기도 화성시 만세구 향남읍 발안로 5,A2100018,64,자동,차단,
2026-10-01 00:00:00,경기도,A2100018,의료법인은혜와감사의료재단화성중앙종합병원,중증,Y0111,산부인과 응급(분만),불가능메세지등록,20260930000000,20261005000000,경기도 화성시 만세구 향남읍 발안로 5,A2100018,65,자동,차단,
2026-10-01 00:00:00,경기도,A2100018,의료법인은혜와감사의료재단화성중앙종합병원,중증,Y0112,산부인과 응급(산과수술),불가능메세지등록,20260930000000,20261005000000,경기도 화성시 만세구 향남읍 발안로 5,A2100018,66,자동,차단,
2026-10-01 00:00:00,경기도,A2100018,의료법인은혜와감사의료재단화성중앙종합병원,중증,Y0113,산부인과 응급(부인과수술),불가능메세지등록,20260930000000,20261005000000,경기도 화성시 만세구 향남읍 발안로 5,A2100018,67,자동,차단,
2026-10-01 00:00:00,경기도,A2100018,의료법인은혜와감사의료재단화성중앙종합병원,중증,Y0120,중증화상,불가능메세지등록,20260930000000,20261005000000,경기도 화성시 만세구 향남읍 발안로 5,A2100018,68,자동,차단,
2026-10-01 00:00:00,경기도,A2100018,의료법인은혜와감사의료재단화성중앙종합병원,중증,Y0131,수족지접합,불가능메세지등록,20260930000000,20261005000000,경기도 화성시 만세구 향남읍 발안로 5,A2100018,69,자동,차단,
2026-10-01 00:00:00,경기도,A2100018,의료법인은혜와감사의료재단화성중앙종합병원,중증,Y0132,수족지접합 외,불가능메세지등록,20260930000000,20261005000000,경기도 화성시 만세구 향남읍 발안로 5,A2100018,70,자동,차단,
2026-10-01 00:00:00,경기도,A2100018,의료법인은혜와감사의료재단화성중앙종합병원,중증,Y0141,응급투석(HD),불가능메세지등록,20260930000000,20261005000000,경기도 화성시 만세구 향남읍 발안로 5,A2100018,71,자동,차단,
2026-10-01 00:00:00,경기도,A2100018,의료법인은혜와감사의료재단화성중앙종합병원,중증,Y0142,응급투석(CRRT),불가능메세지등록,20260930000000,20261005000000,경기도 화성시 만세구 향남읍 발안로 5,A2100018,72,자동,차단,
2026-10-01 00:00:00,경기도,A2100018,의료법인은혜와감사의료재단화성중앙종합병원,중증,Y0150,정신과적 응급입원,불가능메세지등록,20260930000000,20261005000000,경기도 화성시 만세구 향남읍 발안로 5,A2100018,73,자동,차단,
2026-10-01 00:00:00,경기도,A2100018,의료법인은혜와감사의료재단화성중앙종합병원,중증,Y0160,안과적 응급 수술,불가능메세지등록,20260930000000,20261005000000,경기도 화성시 만세구 향남읍 발안로 5,A2100018,74,자동,차단,
2026-10-01 00:00:00,경기도,A2100018,의료법인은혜와감사의료재단화성중앙종합병원,중증,Y0171,영상의학혈관중재(성인),불가능메세지등록,20260930000000,20261005000000,경기도 화성시 만세구 향남읍 발안로 5,A2100018,75,자동,차단,
2026-10-01 00:00:00,경기도,A2100018,의료법인은혜와감사의료재단화성중앙종합병원,중증,Y0172,영상의학혈관중재(영유아),불가능메세지등록,20260930000000,20261005000000,경기도 화성시 만세구 향남읍 발안로 5,A2100018,76,자동,차단,
2026-10-01 00:00:00,경기도,A2100018,의료법인은혜와감사의료재단화성중앙종합병원,중증,Y0010,심근경색의 재관류중재술,불가능메세지등록,20260930000000,20261005055900,경기도 화성시 만세구 향남읍 발안로 5,A2100018,77,자동,차단,
2026-10-01 00:00:00,경기도,A2100018,의료법인은혜와감사의료재단화성중앙종합병원,중증,Y0020,뇌경색의 재관류중재술,불가능메세지등록,20260930000000,20261005235900,경기도 화성시 만세구 향남읍 발안로 5,A2100018,78,자동,차단,
2026-10-01 00:00:00,경기도,A2100018,의료법인은혜와감사의료재단화성중앙종합병원,중증,Y0031,뇌출혈수술(거미막하 출혈),불가능메세지등록,20260930000000,20261005235900,경기도 화성시 만세구 향남읍 발안로 5,A2100018,79,자동,차단,
2026-10-01 00:00:00,경기도,A2100018,의료법인은혜와감사의료재단화성중앙종합병원,중증,Y0032,뇌출혈수술(거미막하 출혈 외),불가능메세지등록,20260930000000,20261005235900,경기도 화성시 만세구 향남읍 발안로 5,A2100018,80,자동,차단,
2026-10-01 00:00:00,경기도,A2100018,의료법인은혜와감사의료재단화성중앙종합병원,중증,Y0041,대동맥응급(흉부),불가능메세지등록,20260930000000,20261005235900,경기도 화성시 만세구 향남읍 발안로 5,A2100018,81,자동,차단,
2026-10-01 00:00:00,경기도,A2100018,의료법인은혜와감사의료재단화성중앙종합병원,중증,Y0042,대동맥응급(복부),불가능메세지등록,20260930000000,20261005235900,경기도 화성시 만세구 향남읍 발안로 5,A2100018,82,자동,차단,
2026-10-01 00:00:00,경기도,A2100018,의료법인은혜와감사의료재단화성중앙종합병원,중증,Y0051,담낭담관질환(담낭질환),불가능메세지등록,20260930000000,20261005235900,경기도 화성시 만세구 향남읍 발안로 5,A2100018,83,자동,차단,
2026-10-01 00:00:00,경기도,A2100018,의료법인은혜와감사의료재단화성중앙종합병원,중증,Y0052,담낭담관질환(담도포함질환),불가능메세지등록,20260930000000,20261005235900,경기도 화성시 만세구 향남읍 발안로 5,A2100018,84,자동,차단,
2026-10-01 00:00:00,경기도,A2100018,의료법인은혜와감사의료재단화성중앙종합병원,중증,Y0060,복부응급수술(비외상),불가능메세지등록,20260930000000,20261005235900,경기도 화성시 만세구 향남읍 발안로 5,A2100018,85,자동,차단,
2026-10-01 00:00:00,경기도,A2100018,의료법인은혜와감사의료재단화성중앙종합병원,중증,Y0081,위장관 응급내시경(성인),불가능메세지등록,20260930000000,20261005215900,경기도 화성시 만세구 향남읍 발안로 5,A2100018,86,자동,차단,
2026-10-01 00:00:00,경기도,A2100018,의료법인은혜와감사의료재단화성중앙종합병원,중증,Y0082,위장관 응급내시경(영유아),불가능메세지등록,20260930000000,20261005235900,경기도 화성시 만세구 향남읍 발안로 5,A2100018,87,자동,차단,
2026-10-01 00:00:00,경기도,A2100018,의료법인은혜와감사의료재단화성중앙종합병원,중증,Y0091,기관지 응급내시경(성인),불가능메세지등록,20260930000000,20261005235900,경기도 화성시 만세구 향남읍 발안로 5,A2100018,88,자동,차단,
2026-10-01 00:00:00,경기도,A2100018,의료법인은혜와감사의료재단화성중앙종합병원,중증,Y0092,기관지 응급내시경(영유아),불가능메세지등록,20260930000000,20261005235900,경기도 화성시 만세구 향남읍 발안로 5,A2100018,89,자동,차단,
2026-10-01 00:00:00,경기도,A2100018,의료법인은혜와감사의료재단화성중앙종합병원,중증,Y0100,저출생체중아,불가능메세지등록,20260930000000,20261005235900,경기도 화성시 만세구 향남읍 발안로 5,A2100018,90,자동,차단,
2026-10-01 00:00:00,경기도,A2100018,의료법인은혜와감사의료재단화성중앙종합병원,중증,Y0111,산부인과 응급(분만),불가능메세지등록,20260930000000,20261005235900,경기도 화성시 만세구 향남읍 발안로 5,A2100018,91,자동,차단,
2026-10-01 00:00:00,경기도,A2100018,의료법인은혜와감사의료재단화성중앙종합병원,중증,Y0112,산부인과 응급(산과수술),불가능메세지등록,20260930000000,20261005235900,경기도 화성시 만세구 향남읍 발안로 5,A2100018,92,자동,차단,
2026-10-01 00:00:00,경기도,A2100018,의료법인은혜와감사의료재단화성중앙종합병원,중증,Y0113,산부인과 응급(부인과수술),불가능메세지등록,20260930000000,20261005235900,경기도 화성시 만세구 향남읍 발안로 5,A2100018,93,자동,차단,
2026-10-01 00:00:00,경기도,A2100018,의료법인은혜와감사의료재단화성중앙종합병원,중증,Y0120,중증화상,불가능메세지등록,20260930000000,20261005235900,경기도 화성시 만세구 향남읍 발안로 5,A2100018,94,자동,차단,
2026-10-01 00:00:00,경기도,A2100018,의료법인은혜와감사의료재단화성중앙종합병원,중증,Y0131,수족지접합,불가능메세지등록,20260930000000,20261005235900,경기도 화성시 만세구 향남읍 발안로 5,A2100018,95,자동,차단,
2026-10-01 00:00:00,경기도,A2100018,의료법인은혜와감사의료재단화성중앙종합병원,중증,Y0132,수족지접합 외,불가능메세지등록,20260930000000,20261005235900,경기도 화성시 만세구 향남읍 발안로 5,A2100018,96,자동,차단,
2026-10-01 00:00:00,경기도,A2100018,의료법인은혜와감사의료재단화성중앙종합병원,중증,Y0141,응급투석(HD),불가능메세지등록,20260930000000,20261005235900,경기도 화성시 만세구 향남읍 발안로 5,A2100018,97,자동,차단,
2026-10-01 00:00:00,경기도,A2100018,의료법인은혜와감사의료재단화성중앙종합병원,중증,Y0142,응급투석(CRRT),불가능메세지등록,20260930000000,20261005235900,경기도 화성시 만세구 향남읍 발안로 5,A2100018,98,자동,차단,
2026-10-01 00:00:00,경기도,A2100018,의료법인은혜와감사의료재단화성중앙종합병원,중증,Y0150,정신과적 응급입원,불가능메세지등록,20260930000000,20261005235900,경기도 화성시 만세구 향남읍 발안로 5,A2100018,99,자동,차단,
2026-10-01 00:00:00,경기도,A2100018,의료법인은혜와감사의료재단화성중앙종합병원,중증,Y0160,안과적 응급 수술,불가능메세지등록,20260930000000,20261005235900,경기도 화성시 만세구 향남읍 발안로 5,A2100018,100,자동,차단,
2026-10-01 00:00:00,경기도,A2100018,의료법인은혜와감사의료재단화성중앙종합병원,중증,Y0171,영상의학혈관중재(성인),불가능메세지등록,20260930000000,20261005235900,경기도 화성시 만세구 향남읍 발안로 5,A2100018,101,자동,차단,
2026-10-01 00:00:00,경기도,A2100018,의료법인은혜와감사의료재단화성중앙종합병원,중증,Y0172,영상의학혈관중재(영유아),불가능메세지등록,20260930000000,20261005235900,경기도 화성시 만세구 향남읍 발안로 5,A2100018,102,자동,차단,
2026-10-01 00:00:00,경기도,A2100018,의료법인은혜와감사의료재단화성중앙종합병원,중증,Y0070,장중첩/폐색(유아),불가능메세지등록,20260929000000,20261005235900,경기도 화성시 만세구 향남읍 발안로 5,A2100018,103,자동,차단,
2026-10-01 00:00:00,경기도,A2100020,연세대학교의과대학용인세브란스병원,응급,Y000,응급실,소아외상환자 수용 가능,20260930170000,20261001090000,경기도 용인시 기흥구 동백죽전대로 363 (중동),A2100020,104,자동,차단,소아청소년과
2026-10-01 00:00:00,경기도,A2100025,대진의료재단분당제생병원,응급,Y000,응급실,내분비내과환자 입원불가,20260930000000,20261007000000,경기도 성남시 분당구 서현로180번길 20 (서현동),A2100025,105,자동,차단,내분비내과
2026-10-01 00:00:00,경기도,A2100025,대진의료재단분당제생병원,응급,Y000,응급실,12개월 이상 경증 소아부터 수용 가능(소아 중증 외상 불가),20260930000000,20261007000000,경기도 성남시 분당구 서현로180번길 20 (서현동),A2100025,106,자동,차단,소아청소년과
2026-10-01 00:00:00,경기도,A2100025,대진의료재단분당제생병원,응급,Y000,응급실,"전화문의(주말 및 휴일 24시간, 평일 저녁6시~오전8시까지 진료가 일부 제한됨)",20260930000000,20261007000000,경기도 성남시 분당구 서현로180번길 20 (서현동),A2100025,107,자동,차단,신경과
2026-10-01 00:00:00,경기도,A2100030,차의과학대학교분당차병원,응급,Y000,응급실,<소아전문응급의료센터> 소아 비뇨기과 응급수술 불가,20260928080400,20261005130000,경기도 성남시 분당구 야탑로 59 (야탑동),A2100030,108,자동,차단,비뇨의학과
2026-10-01 00:00:00,경기도,A2100033,국민건강보험공단일산병원,응급,Y000,응급실,[ENT] * 평일 09:00~ 17:00 // 두경부 파트 진료 불가,20260927235800,20261004235900,"경기도 고양시 일산동구 일산로 100 (백석동,백석1동 1241외1필지 4층)",A2100033,109,자동,차단,이비인후과
2026-10-01 00:00:00,경기도,A2100033,국민건강보험공단일산병원,응급,Y000,응급실,[URO] * 평일 08:00~ 18:00,20260927235800,20261004235900,"경기도 고양시 일산동구 일산로 100 (백석동,백석1동 1241외1필지 4층)",A2100033,110,자동,차단,비뇨의학과
2026-10-01 00:00:00,경기도,A2100033,국민건강보험공단일산병원,응급,Y000,응급실,"[EYE] * 평일,주말 (07:00~ 22:00) 가능",20260927235700,20261004235900,"경기도 고양시 일산동구 일산로 100 (백석동,백석1동 1241외1필지 4층)",A2100033,111,자동,차단,안과
2026-10-01 00:00:00,경기도,A2100040,가톨릭대학교의정부성모병원,중증,Y0100,저출생체중아,중환자실 부족,20260930222500,20261001080000,"경기도 의정부시 천보로 271, 의정부성모병원 (금오동)",A2100040,112,자동,차단,
2026-10-01 00:00:00,경기도,A2100040,가톨릭대학교의정부성모병원,응급,Y000,응급실,복부 대동맥 사전 협의 필요,20260928000000,20261005000000,"경기도 의정부시 천보로 271, 의정부성모병원 (금오동)",A2100040,113,자동,차단,응급실
2026-10-01 00:00:00,경기도,A2100040,가톨릭대학교의정부성모병원,응급,Y000,응급실,성형외과 동반 진료 필요시 불가(야간),20260928000000,20261005000000,"경기도 의정부시 천보로 271, 의정부성모병원 (금오동)",A2100040,114,자동,차단,안과
2026-10-01 00:00:00,경기도,A2100040,가톨릭대학교의정부성모병원,응급,Y000,응급실,산부인과 사전 연락 후 수용여부 결정,20260928000000,20261005000000,"경기도 의정부시 천보로 271, 의정부성모병원 (금오동)",A2100040,115,자동,차단,응급실
2026-10-01 00:00:00,경기도,A2100040,가톨릭대학교의정부성모병원,응급,Y000,응급실,"권역 내 환자만 가능, 식도 이물질만 평일 08:00~17:00만 가능",20260928000000,20261005000000,"경기도 의정부시 천보로 271, 의정부성모병원 (금오동)",A2100040,116,자동,차단,소화기내과
2026-10-01 00:00:00,경기도,A2100040,가톨릭대학교의정부성모병원,응급,Y000,응급실,의료진 부족,20260928000000,20261005000000,"경기도 의정부시 천보로 271, 의정부성모병원 (금오동)",A2100040,117,자동,차단,감염내과
2026-10-01 00:00:00,경기도,A2100041,남양주한양병원,중증,Y0031,뇌출혈수술(거미막하 출혈),불가능메세지등록,20260927000000,20261004000000,경기도 남양주시 오남읍 양지로 47-55,A2100041,118,자동,차단,
2026-10-01 00:00:00,경기도,A2100042,의료법인명지의료재단명지병원,응급,Y000,응급실,"소아 경련 응급처치만 가능, 신생아 진료 불가",20260929084300,20261006235900,경기도 고양시 덕양구 화수로14번길 55 (화정동),A2100042,119,자동,차단,소아청소년과
2026-10-01 00:00:00,경기도,A2100046,한림대학교동탄성심병원,응급,Y000,응급실,** 산부인과 진료관련은 전원문의 바랍니다.,20260930080000,20261001080000,경기도 화성시 동탄구 큰재봉길 7 (석우동),A2100046,120,자동,차단,산부인과
2026-10-01 00:00:00,경기도,A2100046,한림대학교동탄성심병원,응급,Y000,응급실,입원치료가 필요한 가스 중독 환자는 일시적으로 수용이 불가능합니다.,20260928080000,20261005000000,경기도 화성시 동탄구 큰재봉길 7 (석우동),A2100046,121,자동,차단,응급실
2026-10-01 00:00:00,경기도,A2100047,동국대학교일산불교병원,응급,Y000,응급실,"[소아청소년과, 피부과, 성형외과, 객혈] 응급실 진료 불가",20260924000000,20261001235900,"경기도 고양시 일산동구 동국로 27 (식사동, 동국대학교일산병원)",A2100047,122,자동,차단,소아청소년과
2026-10-01 00:00:00,경기도,A2100047,동국대학교일산불교병원,응급,Y000,응급실,[산부인과-분만] NICU 미숙아 수용불가,20260924000000,20261001235900,"경기도 고양시 일산동구 동국로 27 (식사동, 동국대학교일산병원)",A2100047,123,자동,차단,산부인과
2026-10-01 00:00:00,경기도,A2100047,동국대학교일산불교병원,응급,Y000,응급실,[정신건강의학과] 정규시간 외 수용불가,20260924000000,20261001235900,"경기도 고양시 일산동구 동국로 27 (식사동, 동국대학교일산병원)",A2100047,124,자동,차단,정신건강의학과
2026-10-01 00:00:00,경기도,A2100047,동국대학교일산불교병원,응급,Y000,응급실,"[안과] 평일 8:30~20:30 가능, 주말 및 공휴일 8:30~17:00가능/ 안와골절등은 진료 불가",20260924000000,20261001235900,"경기도 고양시 일산동구 동국로 27 (식사동, 동국대학교일산병원)",A2100047,125,자동,차단,안과
2026-10-01 00:00:00,경기도,A2100047,동국대학교일산불교병원,응급,Y000,응급실,[소화기내과] 정규시간 외 이물제거 불가,20260924000000,20261001235900,"경기도 고양시 일산동구 동국로 27 (식사동, 동국대학교일산병원)",A2100047,126,자동,차단,소화기내과
2026-10-01 00:00:00,경기도,A2100048,원광대학교산본병원,중증,Y0051,담낭담관질환(담낭질환),담당 전문의 부재로 응급ERCP 불가,20260930123000,20261005080000,경기도 군포시 산본로 321 (산본동),A2100048,127,자동,차단,
2026-10-01 00:00:00,경기도,A2100052,가톨릭대학교부천성모병원,응급,Y000,응급실,소아 평일 주간 진료가능-8세이상의 기저 질환 없는 소아 24시간 응급의학과 진료 가능,20260928000000,20261005000000,"경기도 부천시 원미구 소사로 327, 가톨릭대학교 부천성모병원 (소사동)",A2100052,128,자동,차단,소아청소년과
2026-10-01 00:00:00,경기도,A2100052,가톨릭대학교부천성모병원,응급,Y000,응급실,불가능메세지등록,20260928000000,20261005000000,"경기도 부천시 원미구 소사로 327, 가톨릭대학교 부천성모병원 (소사동)",A2100052,129,자동,차단,정신건강의학과
2026-10-01 00:00:00,경기도,A2100052,가톨릭대학교부천성모병원,응급,Y000,응급실,평일 주간만 가능,20260928000000,20261005000000,"경기도 부천시 원미구 소사로 327, 가톨릭대학교 부천성모병원 (소사동)",A2100052,130,자동,차단,치과
2026-10-01 00:00:00,경기도,A2100052,가톨릭대학교부천성모병원,응급,Y000,응급실,평일 주간만 가능,20260928000000,20261005000000,"경기도 부천시 원미구 소사로 327, 가톨릭대학교 부천성모병원 (소사동)",A2100052,131,자동,차단,피부과
2026-10-01 00:00:00,경기도,A2118788,중앙대학교광명병원,응급,Y000,응급실,"소아청소년과 진료안내 : 월~목요일 17:00~21:30, 토요일,공휴일 : 09:00~17:30, 금요일,일요일 : 진료불가",20260928100000,20261005100000,경기도 광명시 덕안로 110(일직동),A2118788,132,자동,차단,소아청소년과
2026-10-01 00:00:00,경기도,A2118788,중앙대학교광명병원,응급,Y000,응급실,신경외과 - 주말/공휴일 진료불가,20260928100000,20261005100000,경기도 광명시 덕안로 110(일직동),A2118788,133,자동,차단,신경외과
2026-10-01 00:00:00,경기도,A2118788,중앙대학교광명병원,응급,Y000,응급실,난임시술합병증 진료불가,20260928100000,20261005100000,경기도 광명시 덕안로 110(일직동),A2118788,134,자동,차단,산부인과
2026-10-01 00:00:00,경기도,A2118788,중앙대학교광명병원,응급,Y000,응급실,위장관출혈 Part 전문의 부재로 수용 불가,20260928100000,20261005100000,경기도 광명시 덕안로 110(일직동),A2118788,135,자동,차단,소화기내과
2026-10-01 00:00:00,경기도,A2118788,중앙대학교광명병원,응급,Y000,응급실,감염내과 - 신환 수용 불가,20260928100000,20261005100000,경기도 광명시 덕안로 110(일직동),A2118788,136,자동,차단,감염내과
2026-10-01 00:00:00,인천광역시,A1400001,의료법인 길의료재단 길병원,응급,Y000,응급실,정신과 폐쇄병동 안정실 상황에 따라 응급입원 제한 전원문의 요망,20260929000000,20261006000000,"인천광역시 남동구 남동대로774번길 21 (구월동, 가천대학교길병원)",A1400001,1,자동,차단,응급실
2026-10-01 00:00:00,인천광역시,A1400001,의료법인 길의료재단 길병원,응급,Y000,응급실,내과 분과별 사정에 따른 중환자실 입실 제한(사전 문의 요망),20260929000000,20261006000000,"인천광역시 남동구 남동대로774번길 21 (구월동, 가천대학교길병원)",A1400001,2,자동,차단,응급실
2026-10-01 00:00:00,인천광역시,A1400001,의료법인 길의료재단 길병원,응급,Y000,응급실,성형외과 안면 단순열상 봉합불가,20260929000000,20261006000000,"인천광역시 남동구 남동대로774번길 21 (구월동, 가천대학교길병원)",A1400001,3,자동,차단,성형외과
2026-10-01 00:00:00,인천광역시,A1400001,의료법인 길의료재단 길병원,응급,Y000,응급실,OS 학회로 인한 인력 부족으로 hip part 수용불가,20260928111900,20261001080000,"인천광역시 남동구 남동대로774번길 21 (구월동, 가천대학교길병원)",A1400001,4,자동,차단,정형외과
2026-10-01 00:00:00,인천광역시,A1400002,인하대학교의과대학부속병원,응급,Y000,응급실,치과 응급진료 불가하오니 환자 이송 업무에 참고부탁드립니다.,20260928000000,20261004235900,"인천광역시 제물포구 인항로 27-0 (신흥동3가,인하대학병원)",A1400002,5,자동,차단,치과
2026-10-01 00:00:00,인천광역시,A1400010,검단탑병원,중증,Y0010,심근경색의 재관류중재술,심장내과 전문의 부재,20260929222900,20261006222900,인천광역시 검단구 청마로19번길 5 (당하동),A1400010,6,자동,차단,
2026-10-01 00:00:00,인천광역시,A1400012,가톨릭대학교 인천성모병원,응급,Y000,응급실,119 : Pre KTAS 1~2 환자 통보(고지) 후 내원,20260930200100,20261007200000,인천광역시 부평구 동수로 56 (부평동),A1400012,7,자동,차단,응급실
2026-10-01 00:00:00,인천광역시,A1400012,가톨릭대학교 인천성모병원,응급,Y000,응급실,얼굴외상 : 24시간 진료 가능,20260930200100,20261007200000,인천광역시 부평구 동수로 56 (부평동),A1400012,8,자동,차단,응급실
2026-10-01 00:00:00,인천광역시,A1400012,가톨릭대학교 인천성모병원,응급,Y000,응급실,소아청소년과 : 24시간 진료 가능,20260930200100,20261007200000,인천광역시 부평구 동수로 56 (부평동),A1400012,9,자동,차단,응급실
2026-10-01 00:00:00,인천광역시,A1400012,가톨릭대학교 인천성모병원,응급,Y000,응급실,"자해, 자살, 약물중독 환자 : 적극 수용",20260930200100,20261007200000,인천광역시 부평구 동수로 56 (부평동),A1400012,10,자동,차단,응급실
2026-10-01 00:00:00,인천광역시,A1400017,인천광역시의료원,중증,Y0051,담낭담관질환(담낭질환),불가능메세지등록,20260928000000,20261005000000,"인천광역시 제물포구 방축로 217 (송림동, 인천광역시 의료원)",A1400017,11,자동,차단,
2026-10-01 00:00:00,인천광역시,A1400017,인천광역시의료원,중증,Y0052,담낭담관질환(담도포함질환),불가능메세지등록,20260928000000,20261005000000,"인천광역시 제물포구 방축로 217 (송림동, 인천광역시 의료원)",A1400017,12,자동,차단,
2026-10-01 00:00:00,인천광역시,A1400017,인천광역시의료원,중증,Y0060,복부응급수술(비외상),불가능메세지등록,20260928000000,20261005000000,"인천광역시 제물포구 방축로 217 (송림동, 인천광역시 의료원)",A1400017,13,자동,차단,
2026-10-01 00:00:00,부산광역시,A1200001,인제대학교부산백병원,응급,Y000,응급실,위장관 응급내시경 (영유아) - 문의 후 수용 여부 결정,20260930200000,20261001080000,"부산광역시 부산진구 복지로 75, 진사로83번길 81, 1층(일부), 3층 (개금동)",A1200001,1,자동,차단,응급실
2026-10-01 00:00:00,부산광역시,A1200001,인제대학교부산백병원,응급,Y000,응급실,"이비인후과: 24시간 수용 가능 (epiglottitis, laryngeal edema, deep neck infection, OP case는 문의 후 수용 여부 결정)",20260928180000,20261005235900,"부산광역시 부산진구 복지로 75, 진사로83번길 81, 1층(일부), 3층 (개금동)",A1200001,2,자동,차단,응급실
2026-10-01 00:00:00,부산광역시,A1200001,인제대학교부산백병원,응급,Y000,응급실,8AM ~ 8PM 환자 수용 가능,20260928180000,20261005235900,"부산광역시 부산진구 복지로 75, 진사로83번길 81, 1층(일부), 3층 (개금동)",A1200001,3,자동,차단,성형외과
2026-10-01 00:00:00,부산광역시,A1200001,인제대학교부산백병원,응급,Y000,응급실,저체중 출생아 - 문의 후 수용 여부 결정,20260928180000,20261005235900,"부산광역시 부산진구 복지로 75, 진사로83번길 81, 1층(일부), 3층 (개금동)",A1200001,4,자동,차단,소아청소년과
2026-10-01 00:00:00,부산광역시,A1200001,인제대학교부산백병원,응급,Y000,응급실,f/u 환자 수용 가능 (응급 수술은 이송 전 문의),20260928180000,20261005235900,"부산광역시 부산진구 복지로 75, 진사로83번길 81, 1층(일부), 3층 (개금동)",A1200001,5,자동,차단,외과
2026-10-01 00:00:00,부산광역시,A1200001,인제대학교부산백병원,응급,Y000,응급실,"월~목, 주말: f/u 환자 수용 가능, 금요일: 24시간 수용 가능",20260928180000,20261005235900,"부산광역시 부산진구 복지로 75, 진사로83번길 81, 1층(일부), 3층 (개금동)",A1200001,6,자동,차단,비뇨의학과
2026-10-01 00:00:00,부산광역시,A1200001,인제대학교부산백병원,응급,Y000,응급실,입원치료가 필요한 중증 소아환자 진료 제한,20260928180000,20261005235900,"부산광역시 부산진구 복지로 75, 진사로83번길 81, 1층(일부), 3층 (개금동)",A1200001,7,자동,차단,소아청소년과
2026-10-01 00:00:00,부산광역시,A1200002,부산대학교병원,응급,Y000,응급실,[정형외과] 응급수술로 진료 불가,20260930201400,20261001020000,부산광역시 서구 구덕로 179 (아미동1가),A1200002,8,자동,차단,정형외과
2026-10-01 00:00:00,부산광역시,A1200002,부산대학교병원,응급,Y000,응급실,[이비인후과]두경부 전문의 당직 부재로 수술 케이스 진료 불가,20260930180000,20261001070000,부산광역시 서구 구덕로 179 (아미동1가),A1200002,9,자동,차단,이비인후과
2026-10-01 00:00:00,부산광역시,A1200002,부산대학교병원,응급,Y000,응급실,"[정형외과] 외상으로 인한 상지 혈관 손상, 미세수술이 필요한 수술을 월,수,금(08시~익일08시) 사전 문의 후 진료, 의외의 요일에는 수용 불가",20260930000000,20261006235900,부산광역시 서구 구덕로 179 (아미동1가),A1200002,10,자동,차단,정형외과
2026-10-01 00:00:00,부산광역시,A1200002,부산대학교병원,응급,Y000,응급실,"[정신건강의학과]소아청소년과 세부 전문의 부재로 인해 소아, 청소년 진료 불가",20260930000000,20261007000000,부산광역시 서구 구덕로 179 (아미동1가),A1200002,11,자동,차단,정신건강의학과
2026-10-01 00:00:00,부산광역시,A1200002,부산대학교병원,응급,Y000,응급실,[정형외과]소아파트 전문의 인력부재 진료불가,20260929182600,20261005070000,부산광역시 서구 구덕로 179 (아미동1가),A1200002,12,자동,차단,정형외과
2026-10-01 00:00:00,부산광역시,A1200002,부산대학교병원,응급,Y000,응급실,"[성형외과] 소아 진정시, 필수적인 모니터링 및 응급대응 지원이 불가하여, 진정이 필요한 소아 열상봉합진료가 제한됩니다.",20260929000000,20261006000000,부산광역시 서구 구덕로 179 (아미동1가),A1200002,13,자동,차단,성형외과
2026-10-01 00:00:00,부산광역시,A1200002,부산대학교병원,응급,Y000,응급실,"[외과] 진료 인력 부족으로 상의되지 않은 신환 진료는 문의 필요, 혈관파트 전원 문의 필요, f/u 환자 진료 가능",20260929000000,20261005235900,부산광역시 서구 구덕로 179 (아미동1가),A1200002,14,자동,차단,외과
2026-10-01 00:00:00,부산광역시,A1200002,부산대학교병원,응급,Y000,응급실,"[소아청소년과] 월-목 주간 (8am-4pm) 신환, F/U 문의 후 결정. 월-목 야간 (4pm-익일 8am) F/U 환자만 진료 가능하며 문의 후 결정. (금 am8-월 am8) F/U 포함 모든 환자 진료 불가.",20260929000000,20261006000000,부산광역시 서구 구덕로 179 (아미동1가),A1200002,15,자동,차단,소아청소년과
2026-10-01 00:00:00,부산광역시,A1200002,부산대학교병원,응급,Y000,응급실,"[소화기내과] 진료인력 부족으로 신환은 의료진 상의 후 가능 (단, 야간 21:00-익일 7:00 불가), f/u 환자 진료 가능",20260928073000,20261005073000,부산광역시 서구 구덕로 179 (아미동1가),A1200002,16,자동,차단,소화기내과
2026-10-01 00:00:00,부산광역시,A1200002,부산대학교병원,응급,Y000,응급실,[산부인과]신생아 중환자실 부족으로 임산부 문의 후 수용여부결정,20260928000000,20261005000000,부산광역시 서구 구덕로 179 (아미동1가),A1200002,17,자동,차단,병상 또는 장비
2026-10-01 00:00:00,부산광역시,A1200002,부산대학교병원,응급,Y000,응급실,[소아청소년과]의료진 인력 부족으로 소아신경파트 신환 진료 불가,20260928000000,20261004235900,부산광역시 서구 구덕로 179 (아미동1가),A1200002,18,자동,차단,소아청소년과
2026-10-01 00:00:00,부산광역시,A1200002,부산대학교병원,응급,Y000,응급실,"[신경과] 평일 주간(08:00~21:00)은 신환 진료 가능, 평일 야간(21:00~익일08:00), 주말, 공휴일은 f/u 환자만 진료가능합니다",20260928000000,20261004235900,부산광역시 서구 구덕로 179 (아미동1가),A1200002,19,자동,차단,신경과
2026-10-01 00:00:00,부산광역시,A1200002,부산대학교병원,응급,Y000,응급실,[재활의학과] f/u 환자만 진료 가능합니다,20260928000000,20261004235900,부산광역시 서구 구덕로 179 (아미동1가),A1200002,20,자동,차단,재활의학과
2026-10-01 00:00:00,부산광역시,A1200002,부산대학교병원,응급,Y000,응급실,"[소아청소년과]소아 소화기, 신장, 혈액종양, 류마티스 전문의 부재로 진료 불가",20260928000000,20261004235900,부산광역시 서구 구덕로 179 (아미동1가),A1200002,21,자동,차단,소아청소년과
2026-10-01 00:00:00,부산광역시,A1200002,부산대학교병원,응급,Y000,응급실,"[혈액종양내과] 의료진 인력 부족으로 신환 수용 불가, FU 환자 가능",20260928000000,20261004235900,부산광역시 서구 구덕로 179 (아미동1가),A1200002,22,자동,차단,혈액·종양내과
2026-10-01 00:00:00,부산광역시,A1200002,부산대학교병원,중증,Y0070,장중첩/폐색(유아),소아 소화기 전문의 부재로 소아 장중첩 및 장폐색 진료 불가,20260927000000,20261004000000,부산광역시 서구 구덕로 179 (아미동1가),A1200002,23,자동,차단,
2026-10-01 00:00:00,부산광역시,A1200002,부산대학교병원,응급,Y000,응급실,[성형외과] 수부 전문의 당직 인력 부족으로 수부 외상 응급진료가 제한됩니다.,20260927000000,20261004000000,부산광역시 서구 구덕로 179 (아미동1가),A1200002,24,자동,차단,성형외과
2026-10-01 00:00:00,부산광역시,A1200002,부산대학교병원,응급,Y000,응급실,[피부과] 평일 및 주말 피부과 진료시간 08:00~22:00로 조정,20260925000000,20261002000000,부산광역시 서구 구덕로 179 (아미동1가),A1200002,25,자동,차단,피부과
2026-10-01 00:00:00,부산광역시,A1200002,부산대학교병원,응급,Y000,응급실,[정형외과]정형외과 혈관파트 의료진과 사전 협의 후 내원,20260925000000,20261001235900,부산광역시 서구 구덕로 179 (아미동1가),A1200002,26,자동,차단,정형외과
2026-10-01 00:00:00,부산광역시,A1200003,동아대학교병원,응급,Y000,응급실,OL 두경부 파트 진료불가합니다.,20260928170300,20261004090000,부산광역시 서구 대신공원로 26 (동대신동3가),A1200003,27,자동,차단,이비인후과
2026-10-01 00:00:00,부산광역시,A1200003,동아대학교병원,응급,Y000,응급실,의료진 부족으로 상지파트 진료 및 수술 불가합니다.,20260928000000,20261003060000,부산광역시 서구 대신공원로 26 (동대신동3가),A1200003,28,자동,차단,정형외과
2026-10-01 00:00:00,부산광역시,A1200003,동아대학교병원,응급,Y000,응급실,TTM 사용중으로 적응증 환자 수용 불가합니다.,20260926080700,20261003000000,부산광역시 서구 대신공원로 26 (동대신동3가),A1200003,29,자동,차단,병상 또는 장비
2026-10-01 00:00:00,부산광역시,A1200003,동아대학교병원,응급,Y000,응급실,"[소아청소년과] 평일 17시~익일 08시, 휴일 종일 f/u 포함 진료 불가 합니다. (이송 전 문의 바랍니다.)",20260926002400,20261002235900,부산광역시 서구 대신공원로 26 (동대신동3가),A1200003,30,자동,차단,소아청소년과
2026-10-01 00:00:00,부산광역시,A1200003,동아대학교병원,중증,Y0070,장중첩/폐색(유아),소아 위장관 응급내시경 불가합니다.,20260925000000,20261002000000,부산광역시 서구 대신공원로 26 (동대신동3가),A1200003,31,자동,차단,
2026-10-01 00:00:00,부산광역시,A1200003,동아대학교병원,중증,Y0172,영상의학혈관중재(영유아),"두경부, 뇌혈관제외 모든 응급 시술 불가 합니다.",20260925000000,20261002000000,부산광역시 서구 대신공원로 26 (동대신동3가),A1200003,32,자동,차단,
2026-10-01 00:00:00,부산광역시,A1200003,동아대학교병원,중증,Y0171,영상의학혈관중재(성인),"두경부, 뇌혈관제외 모든 응급 시술 불가 합니다.",20260925000000,20261002000000,부산광역시 서구 대신공원로 26 (동대신동3가),A1200003,33,자동,차단,
2026-10-01 00:00:00,부산광역시,A1200003,동아대학교병원,중증,Y0052,담낭담관질환(담도포함질환),biliary part 신환 수용 불가합니다.,20260925000000,20261002000000,부산광역시 서구 대신공원로 26 (동대신동3가),A1200003,34,자동,차단,
2026-10-01 00:00:00,부산광역시,A1200003,동아대학교병원,중증,Y0051,담낭담관질환(담낭질환),biliary part 신환 수용 불가합니다.,20260925000000,20261002000000,부산광역시 서구 대신공원로 26 (동대신동3가),A1200003,35,자동,차단,
2026-10-01 00:00:00,부산광역시,A1200003,동아대학교병원,중증,Y0042,대동맥응급(복부),대동맥 파트 진료 및 수술 불가합니다.,20260925000000,20261002000000,부산광역시 서구 대신공원로 26 (동대신동3가),A1200003,36,자동,차단,
2026-10-01 00:00:00,부산광역시,A1200003,동아대학교병원,중증,Y0041,대동맥응급(흉부),대동맥 파트 진료 및 수술 불가합니다.,20260925000000,20261002000000,부산광역시 서구 대신공원로 26 (동대신동3가),A1200003,37,자동,차단,
2026-10-01 00:00:00,부산광역시,A1200003,동아대학교병원,중증,Y0091,기관지 응급내시경(성인),"의료진 부재로 성인,소아 응급 내시경 불가 합니다.",20260925000000,20261002000000,부산광역시 서구 대신공원로 26 (동대신동3가),A1200003,38,자동,차단,
2026-10-01 00:00:00,부산광역시,A1200004,고신대학교복음병원,응급,Y000,응급실,[소아청소년과] 월~목 응급실 소아과 전문의 상주(월/수는 야간진료 가능하나 요일 별 근무시간 상이하여 사전 문의 필요),20260928100000,20261005095900,부산광역시 서구 감천로 262 (암남동),A1200004,39,자동,차단,응급실
2026-10-01 00:00:00,부산광역시,A1200005,의료법인 은성의료재단 좋은삼선병원,응급,Y000,응급실,평일 야간 및 주말 진료 불가합니다.,20260928090000,20261005090000,"부산광역시 사상구 가야대로 326, 좋은삼선병원 (주례동)",A1200005,40,자동,차단,치과
2026-10-01 00:00:00,부산광역시,A1200005,의료법인 은성의료재단 좋은삼선병원,응급,Y000,응급실,불가능메세지등록,20260928090000,20261005090000,"부산광역시 사상구 가야대로 326, 좋은삼선병원 (주례동)",A1200005,41,자동,차단,외상외과
2026-10-01 00:00:00,부산광역시,A1200005,의료법인 은성의료재단 좋은삼선병원,응급,Y000,응급실,불가능메세지등록,20260928090000,20261005090000,"부산광역시 사상구 가야대로 326, 좋은삼선병원 (주례동)",A1200005,42,자동,차단,성형외과
2026-10-01 00:00:00,부산광역시,A1200005,의료법인 은성의료재단 좋은삼선병원,응급,Y000,응급실,[산과]불가합니다.,20260928090000,20261005090000,"부산광역시 사상구 가야대로 326, 좋은삼선병원 (주례동)",A1200005,43,자동,차단,산부인과
2026-10-01 00:00:00,부산광역시,A1200005,의료법인 은성의료재단 좋은삼선병원,응급,Y000,응급실,평일 야간 및 주말 진료 불가합니다.,20260928090000,20261005090000,"부산광역시 사상구 가야대로 326, 좋은삼선병원 (주례동)",A1200005,44,자동,차단,비뇨의학과
2026-10-01 00:00:00,부산광역시,A1200005,의료법인 은성의료재단 좋은삼선병원,응급,Y000,응급실,불가능메세지등록,20260928090000,20261005090000,"부산광역시 사상구 가야대로 326, 좋은삼선병원 (주례동)",A1200005,45,자동,차단,흉부외과
2026-10-01 00:00:00,부산광역시,A1200005,의료법인 은성의료재단 좋은삼선병원,응급,Y000,응급실,치아외상 불가합니다.,20260928090000,20261005090000,"부산광역시 사상구 가야대로 326, 좋은삼선병원 (주례동)",A1200005,46,자동,차단,치과
2026-10-01 00:00:00,부산광역시,A1200005,의료법인 은성의료재단 좋은삼선병원,응급,Y000,응급실,불가능메세지등록,20260928090000,20261005090000,"부산광역시 사상구 가야대로 326, 좋은삼선병원 (주례동)",A1200005,47,자동,차단,안과
2026-10-01 00:00:00,부산광역시,A1200005,의료법인 은성의료재단 좋은삼선병원,응급,Y000,응급실,불가능메세지등록,20260928090000,20261005090000,"부산광역시 사상구 가야대로 326, 좋은삼선병원 (주례동)",A1200005,48,자동,차단,정신건강의학과
2026-10-01 00:00:00,부산광역시,A1200005,의료법인 은성의료재단 좋은삼선병원,응급,Y000,응급실,평일 야간 및 주말 진료 불가합니다.,20260928090000,20261005090000,"부산광역시 사상구 가야대로 326, 좋은삼선병원 (주례동)",A1200005,49,자동,차단,정신건강의학과
2026-10-01 00:00:00,부산광역시,A1200005,의료법인 은성의료재단 좋은삼선병원,응급,Y000,응급실,평일 야간 및 주말 진료 불가합니다.,20260928090000,20261005090000,"부산광역시 사상구 가야대로 326, 좋은삼선병원 (주례동)",A1200005,50,자동,차단,이비인후과
2026-10-01 00:00:00,부산광역시,A1200005,의료법인 은성의료재단 좋은삼선병원,응급,Y000,응급실,"36개월 미만 진료 불가, 소아경련(발열경련 포함), 소아외상, 화상, 심장, 신경 진료 불가합니다.",20260928090000,20261005090000,"부산광역시 사상구 가야대로 326, 좋은삼선병원 (주례동)",A1200005,51,자동,차단,소아청소년과
2026-10-01 00:00:00,부산광역시,A1200013,부산성모병원(재단법인 천주교부산교구유지재단),응급,Y000,응급실,ENT 진료 불가능합니다.,20260929010000,20261002080000,부산광역시 남구 용호로232번길 25-14 (용호동),A1200013,52,자동,차단,이비인후과
2026-10-01 00:00:00,부산광역시,A1200015,동남권원자력의학원,응급,Y000,응급실,환자 이송 전 문의 바랍니다.,20260928083100,20261005083000,부산광역시 기장군 장안읍 좌동길 40,A1200015,53,자동,차단,응급실
2026-10-01 00:00:00,부산광역시,A1200017,의료법인정화의료재단 봉생기념병원,중증,Y0051,담낭담관질환(담낭질환),불가능메세지등록,20260927054000,20261004000000,"부산광역시 동구 중앙대로 401 (좌천동, 봉생병원)",A1200017,54,자동,차단,
2026-10-01 00:00:00,부산광역시,A1200017,의료법인정화의료재단 봉생기념병원,응급,Y000,응급실,"평일 5pm~9AM, 주말 응급내시경 불가합니다.",20260927054000,20261004235900,"부산광역시 동구 중앙대로 401 (좌천동, 봉생병원)",A1200017,55,자동,차단,소화기내과
2026-10-01 00:00:00,부산광역시,A1200017,의료법인정화의료재단 봉생기념병원,중증,Y0052,담낭담관질환(담도포함질환),불가능메세지등록,20260927054000,20261004000000,"부산광역시 동구 중앙대로 401 (좌천동, 봉생병원)",A1200017,56,자동,차단,
2026-10-01 00:00:00,부산광역시,A1200017,의료법인정화의료재단 봉생기념병원,응급,Y000,응급실,"주말, 야간 OBGY 진료 및 수술 어렵습니다",20260927054000,20261004235900,"부산광역시 동구 중앙대로 401 (좌천동, 봉생병원)",A1200017,57,자동,차단,산부인과
2026-10-01 00:00:00,부산광역시,A1200017,의료법인정화의료재단 봉생기념병원,응급,Y000,응급실,"소아 경련 환자 진료 불가, 소아 내/외과 환자 진료 불가",20260927054000,20261004235900,"부산광역시 동구 중앙대로 401 (좌천동, 봉생병원)",A1200017,58,자동,차단,소아청소년과
2026-10-01 00:00:00,부산광역시,A1200017,의료법인정화의료재단 봉생기념병원,응급,Y000,응급실,모든 환자 이송 전 반드시 문의 바랍니다.,20260927054000,20261004235900,"부산광역시 동구 중앙대로 401 (좌천동, 봉생병원)",A1200017,59,자동,차단,응급실
2026-10-01 00:00:00,부산광역시,A1200017,의료법인정화의료재단 봉생기념병원,응급,Y000,응급실,DI 환자 수용어렵습니다. 본원 NP DI 환자 문의 후 수용,20260927054000,20261004235900,"부산광역시 동구 중앙대로 401 (좌천동, 봉생병원)",A1200017,60,자동,차단,소화기내과
2026-10-01 00:00:00,부산광역시,A1200018,대동병원,응급,Y000,응급실,,20260930230000,20261001080000,부산광역시 동래구 충렬대로 187 (명륜동),A1200018,61,자동,차단,산부인과
2026-10-01 00:00:00,부산광역시,A1200018,대동병원,응급,Y000,응급실,환자과다로 f/u 환자 외 적응증 및 시술 환자 수용불가,20260925000000,20261002235900,부산광역시 동래구 충렬대로 187 (명륜동),A1200018,62,자동,차단,호흡기내과
2026-10-01 00:00:00,부산광역시,A1200018,대동병원,응급,Y000,응급실,18시- 09시 이송전 사전문의,20260925000000,20261002235900,부산광역시 동래구 충렬대로 187 (명륜동),A1200018,63,자동,차단,소아청소년과
2026-10-01 00:00:00,부산광역시,A1200018,대동병원,응급,Y000,응급실,119 환자 이송 전 연락 바랍니다.,20260925000000,20261002235900,부산광역시 동래구 충렬대로 187 (명륜동),A1200018,64,자동,차단,응급실
2026-10-01 00:00:00,부산광역시,A1200021,삼육부산병원,중증,Y0041,대동맥응급(흉부),angio 시술팀 부재로 외래시간(09:00~18:00)외 수용불가,20260930180000,20261001090000,부산광역시 서구 대티로 170 (서대신동2가),A1200021,65,자동,차단,
2026-10-01 00:00:00,부산광역시,A1200021,삼육부산병원,중증,Y0010,심근경색의 재관류중재술,angio 시술팀 부재로 외래시간(09:00~18:00)외 수용불가,20260930180000,20261001090000,부산광역시 서구 대티로 170 (서대신동2가),A1200021,66,자동,차단,
2026-10-01 00:00:00,부산광역시,A1200021,삼육부산병원,중증,Y0042,대동맥응급(복부),angio 시술팀 부재로 외래시간(09:00~18:00)외 수용불가,20260930180000,20261001090000,부산광역시 서구 대티로 170 (서대신동2가),A1200021,67,자동,차단,
2026-10-01 00:00:00,부산광역시,A1200021,삼육부산병원,중증,Y0020,뇌경색의 재관류중재술,angio 시술팀 부재로 외래시간(09:00~18:00)외 수용불가,20260930180000,20261001090000,부산광역시 서구 대티로 170 (서대신동2가),A1200021,68,자동,차단,
2026-10-01 00:00:00,부산광역시,A1200022,인제대학교 해운대백병원,응급,Y000,응급실,응급실 진료불가,20260926000000,20261003235900,부산광역시 해운대구 해운대로 875 (좌동),A1200022,69,자동,차단,성형외과
2026-10-01 00:00:00,부산광역시,A1200022,인제대학교 해운대백병원,응급,Y000,응급실,대동맥 박리 case 진료 불가,20260926000000,20261003235900,부산광역시 해운대구 해운대로 875 (좌동),A1200022,70,자동,차단,흉부외과
2026-10-01 00:00:00,부산광역시,A1200022,인제대학교 해운대백병원,응급,Y000,응급실,"소아내시경 만 12세 (40kg) 이상 , 뇌염, 복합경련은 응급실진료 가능, 입원 어려움, 100일 미만 발열 소아 응급실 진료 가능, 중환아 일 경우 입원 불가능",20260926000000,20261003235900,부산광역시 해운대구 해운대로 875 (좌동),A1200022,71,자동,차단,소아청소년과
2026-10-01 00:00:00,부산광역시,A1200022,인제대학교 해운대백병원,응급,Y000,응급실,이송전 사전연락,20260926000000,20261003235900,부산광역시 해운대구 해운대로 875 (좌동),A1200022,72,자동,차단,정형외과
2026-10-01 00:00:00,부산광역시,A1200024,부산광역시의료원,중증,Y0131,수족지접합,불가능메세지등록,20260928080000,20261005075900,"부산광역시 연제구 월드컵대로 359 (거제동, 1동, 5동일부)",A1200024,73,자동,차단,
2026-10-01 00:00:00,부산광역시,A1200024,부산광역시의료원,중증,Y0112,산부인과 응급(산과수술),불가능메세지등록,20260928080000,20261005075900,"부산광역시 연제구 월드컵대로 359 (거제동, 1동, 5동일부)",A1200024,74,자동,차단,
2026-10-01 00:00:00,부산광역시,A1200024,부산광역시의료원,중증,Y0150,정신과적 응급입원,불가능메세지등록,20260928080000,20261005075900,"부산광역시 연제구 월드컵대로 359 (거제동, 1동, 5동일부)",A1200024,75,자동,차단,
2026-10-01 00:00:00,부산광역시,A1200024,부산광역시의료원,중증,Y0120,중증화상,불가능메세지등록,20260928080000,20261005075900,"부산광역시 연제구 월드컵대로 359 (거제동, 1동, 5동일부)",A1200024,76,자동,차단,
2026-10-01 00:00:00,부산광역시,A1200024,부산광역시의료원,중증,Y0032,뇌출혈수술(거미막하 출혈 외),불가능메세지등록,20260928080000,20261005075900,"부산광역시 연제구 월드컵대로 359 (거제동, 1동, 5동일부)",A1200024,77,자동,차단,
2026-10-01 00:00:00,부산광역시,A1200024,부산광역시의료원,중증,Y0042,대동맥응급(복부),불가능메세지등록,20260928080000,20261005075900,"부산광역시 연제구 월드컵대로 359 (거제동, 1동, 5동일부)",A1200024,78,자동,차단,
2026-10-01 00:00:00,부산광역시,A1200024,부산광역시의료원,중증,Y0041,대동맥응급(흉부),불가능메세지등록,20260928080000,20261005075900,"부산광역시 연제구 월드컵대로 359 (거제동, 1동, 5동일부)",A1200024,79,자동,차단,
2026-10-01 00:00:00,부산광역시,A1200024,부산광역시의료원,중증,Y0113,산부인과 응급(부인과수술),불가능메세지등록,20260928080000,20261005075900,"부산광역시 연제구 월드컵대로 359 (거제동, 1동, 5동일부)",A1200024,80,자동,차단,
2026-10-01 00:00:00,부산광역시,A1200024,부산광역시의료원,중증,Y0171,영상의학혈관중재(성인),평일 주간시간 가능,20260928080000,20261005075900,"부산광역시 연제구 월드컵대로 359 (거제동, 1동, 5동일부)",A1200024,81,자동,차단,
2026-10-01 00:00:00,부산광역시,A1200024,부산광역시의료원,중증,Y0141,응급투석(HD),불가능메세지등록,20260928080000,20261005075900,"부산광역시 연제구 월드컵대로 359 (거제동, 1동, 5동일부)",A1200024,82,자동,차단,
2026-10-01 00:00:00,부산광역시,A1200024,부산광역시의료원,중증,Y0091,기관지 응급내시경(성인),불가능메세지등록,20260928080000,20261005075900,"부산광역시 연제구 월드컵대로 359 (거제동, 1동, 5동일부)",A1200024,83,자동,차단,
2026-10-01 00:00:00,부산광역시,A1200024,부산광역시의료원,중증,Y0031,뇌출혈수술(거미막하 출혈),불가능메세지등록,20260928080000,20261005075900,"부산광역시 연제구 월드컵대로 359 (거제동, 1동, 5동일부)",A1200024,84,자동,차단,
2026-10-01 00:00:00,부산광역시,A1200024,부산광역시의료원,중증,Y0111,산부인과 응급(분만),불가능메세지등록,20260928080000,20261005075900,"부산광역시 연제구 월드컵대로 359 (거제동, 1동, 5동일부)",A1200024,85,자동,차단,
2026-10-01 00:00:00,부산광역시,A1200024,부산광역시의료원,중증,Y0132,수족지접합 외,불가능메세지등록,20260928080000,20261005075900,"부산광역시 연제구 월드컵대로 359 (거제동, 1동, 5동일부)",A1200024,86,자동,차단,
2026-10-01 00:00:00,부산광역시,A1200024,부산광역시의료원,중증,Y0020,뇌경색의 재관류중재술,불가능메세지등록,20260928080000,20261005075900,"부산광역시 연제구 월드컵대로 359 (거제동, 1동, 5동일부)",A1200024,87,자동,차단,
2026-10-01 00:00:00,부산광역시,A1200045,구포성심병원,중증,Y0010,심근경색의 재관류중재술,CV 부재로 불가능합니다.,20260930170000,20261001083000,부산광역시 북구 낙동대로 1786 (구포동),A1200045,88,자동,차단,
2026-10-01 00:00:00,부산광역시,A1200045,구포성심병원,응급,Y000,응급실,"집중치료실 full bed, 이송 전 문의 부탁드립니다.",20260930111600,20261001090000,부산광역시 북구 낙동대로 1786 (구포동),A1200045,89,자동,차단,병상 또는 장비
2026-10-01 00:00:00,대구광역시,A1300001,영남대학교병원,응급,Y000,응급실,"[내분비대사내과] 해당 시간대에는 진료 불가 (pf.윤지성) : 평일18~8시,주말,공휴일",20260930180000,20261001080000,대구광역시 남구 현충로 170 (대명동),A1300001,1,자동,차단,내분비내과
2026-10-01 00:00:00,대구광역시,A1300001,영남대학교병원,응급,Y000,응급실,"[혈액종양내과] 해당 시간대에는 f/u 환자만 수용 가능 (pf.고성애) : 평일18~8시,주말,공휴일",20260930180000,20261001080000,대구광역시 남구 현충로 170 (대명동),A1300001,2,자동,차단,혈액·종양내과
2026-10-01 00:00:00,대구광역시,A1300001,영남대학교병원,응급,Y000,응급실,"[소아청소년과] 야간·주말·공휴일 소아신경과 f/u만 수용 가능, [영유아 기관지 응급내시경] 수용 불가능",20260930180000,20261001083000,대구광역시 남구 현충로 170 (대명동),A1300001,3,자동,차단,소아청소년과
2026-10-01 00:00:00,대구광역시,A1300001,영남대학교병원,응급,Y000,응급실,[신경과] 경련 환자 진료 제한 (pf.권두혁),20260930170000,20261001080000,대구광역시 남구 현충로 170 (대명동),A1300001,4,자동,차단,신경과
2026-10-01 00:00:00,대구광역시,A1300001,영남대학교병원,응급,Y000,응급실,"[신경외과] brain tumor 환자 f/u 외 진료 제한, 외상 및 뇌혈관질환 진료 가능 (pf.박소희)",20260930153700,20261001060000,대구광역시 남구 현충로 170 (대명동),A1300001,5,자동,차단,신경외과
2026-10-01 00:00:00,대구광역시,A1300001,영남대학교병원,응급,Y000,응급실,[소아외과] 의료진 부재로 수용 불가능 (pf.이남혁),20260930130000,20261001080000,대구광역시 남구 현충로 170 (대명동),A1300001,6,자동,차단,외과
2026-10-01 00:00:00,대구광역시,A1300001,영남대학교병원,응급,Y000,응급실,[외과] f/u 수용 가능 및 중증화상 수용 불가능 (pf.김소현),20260930080000,20261001080000,대구광역시 남구 현충로 170 (대명동),A1300001,7,자동,차단,외과
2026-10-01 00:00:00,대구광역시,A1300001,영남대학교병원,응급,Y000,응급실,[비뇨의학과] 의료진 부재로 복부 관련 환자 외 수용 가능 (pf.송필현),20260930080000,20261001080000,대구광역시 남구 현충로 170 (대명동),A1300001,8,자동,차단,비뇨의학과
2026-10-01 00:00:00,대구광역시,A1300001,영남대학교병원,응급,Y000,응급실,[호흡기내과] f/u 수용 가능 (pf.진현정),20260930080000,20261001080000,대구광역시 남구 현충로 170 (대명동),A1300001,9,자동,차단,호흡기내과
2026-10-01 00:00:00,대구광역시,A1300001,영남대학교병원,응급,Y000,응급실,[이비인후과] f/u 수용 가능 (pf.김용대),20260930080000,20261001080000,대구광역시 남구 현충로 170 (대명동),A1300001,10,자동,차단,이비인후과
2026-10-01 00:00:00,대구광역시,A1300001,영남대학교병원,응급,Y000,응급실,[소화기내과] 간 파트는 f/u 수용 가능 (pf.박정길),20260930080000,20261001080000,대구광역시 남구 현충로 170 (대명동),A1300001,11,자동,차단,소화기내과
2026-10-01 00:00:00,대구광역시,A1300001,영남대학교병원,응급,Y000,응급실,[치과] 의료진 부재로 수용 불가능,20260930080000,20261001080000,대구광역시 남구 현충로 170 (대명동),A1300001,12,자동,차단,치과
2026-10-01 00:00:00,대구광역시,A1300002,경북대학교병원,중증,Y0041,대동맥응급(흉부),"[마취통증의학과] 매주 수요일(18:00~08:00), 심장, 대동맥 관련수술 불가",20260930180000,20261001080000,"대구광역시 중구 동덕로 130 (삼덕동2가, 경북대학교병원)",A1300002,13,자동,차단,
2026-10-01 00:00:00,대구광역시,A1300002,경북대학교병원,응급,Y000,응급실,[신경과] 의료진 부재로 말초신경 및 근육질환 관련 응급진료 불가,20260930114200,20261006080000,"대구광역시 중구 동덕로 130 (삼덕동2가, 경북대학교병원)",A1300002,14,자동,차단,신경과
2026-10-01 00:00:00,대구광역시,A1300002,경북대학교병원,응급,Y000,응급실,[부인과] 의료진 부재로 관련 환자 응급진료 불가,20260930070100,20261001070000,"대구광역시 중구 동덕로 130 (삼덕동2가, 경북대학교병원)",A1300002,15,자동,차단,산부인과
2026-10-01 00:00:00,대구광역시,A1300002,경북대학교병원,중증,Y0060,복부응급수술(비외상),[외과] 의료진 부재로 관련환자 응급진료 불가,20260930070000,20261001080000,"대구광역시 중구 동덕로 130 (삼덕동2가, 경북대학교병원)",A1300002,16,자동,차단,
2026-10-01 00:00:00,대구광역시,A1300002,경북대학교병원,응급,Y000,응급실,[소아청소년과] 의료진 부재로 장중첩증 정복술 불가,20260928070000,20261005070000,"대구광역시 중구 동덕로 130 (삼덕동2가, 경북대학교병원)",A1300002,17,자동,차단,소아청소년과
2026-10-01 00:00:00,대구광역시,A1300002,경북대학교병원,응급,Y000,응급실,"[외과] (수,목) 의료진 부재로 관련환자 응급진료 불가",20260928070000,20261005070000,"대구광역시 중구 동덕로 130 (삼덕동2가, 경북대학교병원)",A1300002,18,자동,차단,외과
2026-10-01 00:00:00,대구광역시,A1300002,경북대학교병원,응급,Y000,응급실,"[안과] 세부 전문의 부족으로 성인 및 소아 안와골절, 눈물소관 열상 진료 불가",20260928070000,20261005070000,"대구광역시 중구 동덕로 130 (삼덕동2가, 경북대학교병원)",A1300002,19,자동,차단,안과
2026-10-01 00:00:00,대구광역시,A1300002,경북대학교병원,응급,Y000,응급실,[흉부외과] 심혈관중환자실 공사로 응급심장수술 및 심혈관(흉부외과)관련 환자 이송 전 반드시 사전 문의 (~2026년 12월),20260928070000,20261005070000,"대구광역시 중구 동덕로 130 (삼덕동2가, 경북대학교병원)",A1300002,20,자동,차단,병상 또는 장비
2026-10-01 00:00:00,대구광역시,A1300002,경북대학교병원,응급,Y000,응급실,[산부인과] 전원/이송 전 사전 수용여부 반드시 확인,20260928070000,20261005070000,"대구광역시 중구 동덕로 130 (삼덕동2가, 경북대학교병원)",A1300002,21,자동,차단,산부인과
2026-10-01 00:00:00,대구광역시,A1300002,경북대학교병원,응급,Y000,응급실,"[구강악안면외과] 단순(치통, 치관파절, 보철물 탈락 등 비응급 질환) 치아 질환 응급실 진료 불가",20260928070000,20261005070000,"대구광역시 중구 동덕로 130 (삼덕동2가, 경북대학교병원)",A1300002,22,자동,차단,치과
2026-10-01 00:00:00,대구광역시,A1300002,경북대학교병원,응급,Y000,응급실,"[이비인후과] 만 10세, 35kg 이하 소아 이비인후과 진료 불가",20260928070000,20261005070000,"대구광역시 중구 동덕로 130 (삼덕동2가, 경북대학교병원)",A1300002,23,자동,차단,이비인후과
2026-10-01 00:00:00,대구광역시,A1300002,경북대학교병원,응급,Y000,응급실,"[마취통증의학과] 매주 수요일(18:00~08:00), 심장, 대동맥 관련 수술 불가",20260928070000,20261005070000,"대구광역시 중구 동덕로 130 (삼덕동2가, 경북대학교병원)",A1300002,24,자동,차단,마취통증의학과
2026-10-01 00:00:00,대구광역시,A1300002,경북대학교병원,중증,Y0070,장중첩/폐색(유아),[소아청소년과] 의료진 부재로 장충첩증 정복술 불가,20260928070000,20261005070000,"대구광역시 중구 동덕로 130 (삼덕동2가, 경북대학교병원)",A1300002,25,자동,차단,
2026-10-01 00:00:00,대구광역시,A1300002,경북대학교병원,응급,Y000,응급실,"[안과] 신경안과질환(마비사시, 시신경염, 혀혈성 시신경병증 등) 관련 전문의 부재로 응급진료 불가",20260924070100,20261001070000,"대구광역시 중구 동덕로 130 (삼덕동2가, 경북대학교병원)",A1300002,26,자동,차단,안과
2026-10-01 00:00:00,대구광역시,A1300003,계명대학교동산병원,응급,Y000,응급실,[부인과] f/u 외 이송 전 확인,20260926071000,20261003120000,대구광역시 달서구 달구벌대로 1035 (신당동),A1300003,27,자동,차단,산부인과
2026-10-01 00:00:00,대구광역시,A1300003,계명대학교동산병원,응급,Y000,응급실,[치과] 정규시간 외 불가,20260926071000,20261003120000,대구광역시 달서구 달구벌대로 1035 (신당동),A1300003,28,자동,차단,치과
2026-10-01 00:00:00,대구광역시,A1300003,계명대학교동산병원,응급,Y000,응급실,[외과] 외과계 중환자실 부족으로 통보 시까지 외상 환자 수용불가 pf 박찬희,20260926071000,20261003120000,대구광역시 달서구 달구벌대로 1035 (신당동),A1300003,29,자동,차단,외과
2026-10-01 00:00:00,대구광역시,A1300003,계명대학교동산병원,응급,Y000,응급실,[소아청소년과] 정규시간 외 수용제한 (이송 전 확인),20260926071000,20261003120000,대구광역시 달서구 달구벌대로 1035 (신당동),A1300003,30,자동,차단,소아청소년과
2026-10-01 00:00:00,대구광역시,A1300004,대구가톨릭대학교병원,응급,Y000,응급실,수혈 필요한 출혈 환자 수용불가,20260930195200,20261001080000,대구광역시 남구 두류공원로17길 33 (대명동),A1300004,31,자동,차단,응급실
2026-10-01 00:00:00,대구광역시,A1300004,대구가톨릭대학교병원,응급,Y000,응급실,"응급실 이사 및 이전 작업으로 인한 정상진료/수용 어려움, 환자 이송 및 전원 시 사전 문의",20260929180000,20261001083000,대구광역시 남구 두류공원로17길 33 (대명동),A1300004,32,자동,차단,응급실
2026-10-01 00:00:00,대구광역시,A1300004,대구가톨릭대학교병원,응급,Y000,응급실,산부인과_ 의료진부족_ 사전문의,20260929000000,20261005235900,대구광역시 남구 두류공원로17길 33 (대명동),A1300004,33,자동,차단,산부인과
2026-10-01 00:00:00,대구광역시,A1300004,대구가톨릭대학교병원,응급,Y000,응급실,"신경과_seizure f/u 외 수용불가, 뇌경색의심환자 사전문의",20260929000000,20261005235900,대구광역시 남구 두류공원로17길 33 (대명동),A1300004,34,자동,차단,신경과
2026-10-01 00:00:00,대구광역시,A1300004,대구가톨릭대학교병원,응급,Y000,응급실,피부과_평일 진료가능,20260929000000,20261005235900,대구광역시 남구 두류공원로17길 33 (대명동),A1300004,35,자동,차단,피부과
2026-10-01 00:00:00,대구광역시,A1300004,대구가톨릭대학교병원,응급,Y000,응급실,치과_외래시간 진료가능(악안면봉합포함),20260929000000,20261005235900,대구광역시 남구 두류공원로17길 33 (대명동),A1300004,36,자동,차단,치과
2026-10-01 00:00:00,대구광역시,A1300004,대구가톨릭대학교병원,응급,Y000,응급실,"소아청소년과_수요일 야간/일요일 진료가능,소아신경과 불가",20260929000000,20261005235900,대구광역시 남구 두류공원로17길 33 (대명동),A1300004,37,자동,차단,소아청소년과
2026-10-01 00:00:00,대구광역시,A1300004,대구가톨릭대학교병원,응급,Y000,응급실,외과_의료진부족_사전문의,20260929000000,20261005235900,대구광역시 남구 두류공원로17길 33 (대명동),A1300004,38,자동,차단,외과
2026-10-01 00:00:00,대구광역시,A1300004,대구가톨릭대학교병원,응급,Y000,응급실,비뇨의학과_의료진부족_사전문의,20260929000000,20261005235900,대구광역시 남구 두류공원로17길 33 (대명동),A1300004,39,자동,차단,비뇨의학과
2026-10-01 00:00:00,대구광역시,A1300004,대구가톨릭대학교병원,응급,Y000,응급실,신경과_신경과_의료진부족_길랭바레증후군+근무력증_진료불가,20260929000000,20261005235900,대구광역시 남구 두류공원로17길 33 (대명동),A1300004,40,자동,차단,신경과
2026-10-01 00:00:00,대구광역시,A1300008,곽병원,응급,Y000,응급실,"장중첩증, 경련,정신건강학적 환자 수용불가",20260928000000,20261004235900,대구광역시 중구 국채보상로 531 (수동),A1300008,41,자동,차단,소아청소년과
2026-10-01 00:00:00,대구광역시,A1300009,대구파티마병원,중증,Y0020,뇌경색의 재관류중재술,[신경외과]의료진 부재로 진료 불가능,20260930160000,20261001080000,대구광역시 동구 아양로 99 (신암동),A1300009,42,자동,차단,
2026-10-01 00:00:00,대구광역시,A1300009,대구파티마병원,중증,Y0031,뇌출혈수술(거미막하 출혈),[신경외과]의료진 부재로 진료 불가능,20260930160000,20261001080000,대구광역시 동구 아양로 99 (신암동),A1300009,43,자동,차단,
2026-10-01 00:00:00,대구광역시,A1300009,대구파티마병원,중증,Y0032,뇌출혈수술(거미막하 출혈 외),[신경외과]의료진 부재로 진료 불가능,20260930160000,20261001080000,대구광역시 동구 아양로 99 (신암동),A1300009,44,자동,차단,
2026-10-01 00:00:00,대구광역시,A1300009,대구파티마병원,응급,Y000,응급실,[안과]망막 등 응급수술 필요한 환자 이송전문의,20260928100100,20261005100000,대구광역시 동구 아양로 99 (신암동),A1300009,45,자동,차단,안과
2026-10-01 00:00:00,대구광역시,A1300009,대구파티마병원,응급,Y000,응급실,[응급실]타 대학병원 F/U환자 이송전 문의,20260928100100,20261005100000,대구광역시 동구 아양로 99 (신암동),A1300009,46,자동,차단,응급실
2026-10-01 00:00:00,대구광역시,A1300009,대구파티마병원,응급,Y000,응급실,[피부과]외래진료시간외 진료불가,20260928100100,20261005100000,대구광역시 동구 아양로 99 (신암동),A1300009,47,자동,차단,피부과
2026-10-01 00:00:00,대구광역시,A1300009,대구파티마병원,응급,Y000,응급실,[소아외과]의료진부족으로 소아외과 이송전 문의,20260928100100,20261005100000,대구광역시 동구 아양로 99 (신암동),A1300009,48,자동,차단,외과
2026-10-01 00:00:00,대구광역시,A1300009,대구파티마병원,응급,Y000,응급실,"[소아청소년과]공휴일(토.일제외), 평일야간(17:30~08:00)진료불가, 이송전 문의",20260928100100,20261005100000,대구광역시 동구 아양로 99 (신암동),A1300009,49,자동,차단,소아청소년과
2026-10-01 00:00:00,대구광역시,A1300009,대구파티마병원,응급,Y000,응급실,[산부인과] 본원 f/u 이외 산부인과 진료불가,20260928100100,20261005100000,대구광역시 동구 아양로 99 (신암동),A1300009,50,자동,차단,산부인과
2026-10-01 00:00:00,대구광역시,A1300009,대구파티마병원,응급,Y000,응급실,"[치과]목요일,공휴일,일요일,야간진료 불가",20260928100100,20261005100000,대구광역시 동구 아양로 99 (신암동),A1300009,51,자동,차단,치과
2026-10-01 00:00:00,대구광역시,A1300009,대구파티마병원,응급,Y000,응급실,"[소화기내과]평일17:00~09:00, 토.일.공휴일12:00~09:00 신환응급내시경 및 소화기내과 시술불가",20260928100100,20261005100000,대구광역시 동구 아양로 99 (신암동),A1300009,52,자동,차단,소화기내과
2026-10-01 00:00:00,대구광역시,A1300009,대구파티마병원,응급,Y000,응급실,"[정신건강의학과]병력,자해,약물중독환자 수용불가",20260928100100,20261005100000,대구광역시 동구 아양로 99 (신암동),A1300009,53,자동,차단,정신건강의학과
2026-10-01 00:00:00,대구광역시,A1300009,대구파티마병원,응급,Y000,응급실,[이비인후과]외래 진료시간외 진료불가. 이송전문의,20260928100100,20261005100000,대구광역시 동구 아양로 99 (신암동),A1300009,54,자동,차단,이비인후과
2026-10-01 00:00:00,대구광역시,A1300009,대구파티마병원,응급,Y000,응급실,[비뇨의학과] 본원 f/u 포함 이송전 문의,20260928100100,20261005100000,대구광역시 동구 아양로 99 (신암동),A1300009,55,자동,차단,비뇨의학과
2026-10-01 00:00:00,대구광역시,A1300010,칠곡경북대학교병원,중증,Y0010,심근경색의 재관류중재술,"평일 야간, 주말 불가(사정에 따라 지연 또는 제한)",20260930173000,20261001075900,"대구광역시 북구 호국로 807, 칠곡경북대학교병원(임상실습동 1~11층 포함) (학정동)",A1300010,56,자동,차단,
2026-10-01 00:00:00,대구광역시,A1300010,칠곡경북대학교병원,응급,Y000,응급실,[부인과] 신환 진료 불가,20260930170000,20261001075900,"대구광역시 북구 호국로 807, 칠곡경북대학교병원(임상실습동 1~11층 포함) (학정동)",A1300010,57,자동,차단,산부인과
2026-10-01 00:00:00,대구광역시,A1300010,칠곡경북대학교병원,응급,Y000,응급실,[혈관외과] 응급진료 불가,20260930080000,20261001075900,"대구광역시 북구 호국로 807, 칠곡경북대학교병원(임상실습동 1~11층 포함) (학정동)",A1300010,58,자동,차단,외과
2026-10-01 00:00:00,대구광역시,A1300010,칠곡경북대학교병원,응급,Y000,응급실,"[이비인후과] 두경부 질환 (얼굴, 목 질환) 진료불가",20260930070000,20261005065900,"대구광역시 북구 호국로 807, 칠곡경북대학교병원(임상실습동 1~11층 포함) (학정동)",A1300010,59,자동,차단,이비인후과
2026-10-01 00:00:00,대구광역시,A1300010,칠곡경북대학교병원,응급,Y000,응급실,[비뇨의학과] 소아 진료 불가,20260928161900,20261004235900,"대구광역시 북구 호국로 807, 칠곡경북대학교병원(임상실습동 1~11층 포함) (학정동)",A1300010,60,자동,차단,비뇨의학과
2026-10-01 00:00:00,대구광역시,A1300010,칠곡경북대학교병원,응급,Y000,응급실,[산과] 14주 이상 - 30주 미만 고위험 또는 응급 제왕절개 필요한 산모 위주 진료 (산후 출혈 사전 연락 필요),20260928000000,20261004235900,"대구광역시 북구 호국로 807, 칠곡경북대학교병원(임상실습동 1~11층 포함) (학정동)",A1300010,61,자동,차단,산부인과
2026-10-01 00:00:00,대구광역시,A1300010,칠곡경북대학교병원,응급,Y000,응급실,[피부과] 응급진료 불가,20260928000000,20261004235900,"대구광역시 북구 호국로 807, 칠곡경북대학교병원(임상실습동 1~11층 포함) (학정동)",A1300010,62,자동,차단,피부과
2026-10-01 00:00:00,대구광역시,A1300010,칠곡경북대학교병원,중증,Y0070,장중첩/폐색(유아),소아 외과 진료 제한,20260928000000,20261004235900,"대구광역시 북구 호국로 807, 칠곡경북대학교병원(임상실습동 1~11층 포함) (학정동)",A1300010,63,자동,차단,
2026-10-01 00:00:00,대구광역시,A1300010,칠곡경북대학교병원,응급,Y000,응급실,외상 진료 불가 · 약물중독 진료 제한,20260928000000,20261004235900,"대구광역시 북구 호국로 807, 칠곡경북대학교병원(임상실습동 1~11층 포함) (학정동)",A1300010,64,자동,차단,기타 진료과
2026-10-01 00:00:00,대구광역시,A1300010,칠곡경북대학교병원,응급,Y000,응급실,** 원내 사정으로 이송 및 전원 환자 필히 사전 연락 후 이송,20260928000000,20261004235900,"대구광역시 북구 호국로 807, 칠곡경북대학교병원(임상실습동 1~11층 포함) (학정동)",A1300010,65,자동,차단,응급실
2026-10-01 00:00:00,대구광역시,A1300010,칠곡경북대학교병원,응급,Y000,응급실,[소화기내과] 간질환 진료 불가,20260928000000,20261004235900,"대구광역시 북구 호국로 807, 칠곡경북대학교병원(임상실습동 1~11층 포함) (학정동)",A1300010,66,자동,차단,소화기내과
2026-10-01 00:00:00,대구광역시,A1300010,칠곡경북대학교병원,응급,Y000,응급실,"[흉부외과] 대동맥박리, 식도 응급질환 등 진료 제한",20260928000000,20261004235900,"대구광역시 북구 호국로 807, 칠곡경북대학교병원(임상실습동 1~11층 포함) (학정동)",A1300010,67,자동,차단,흉부외과
2026-10-01 00:00:00,대구광역시,A1300010,칠곡경북대학교병원,응급,Y000,응급실,[치과] 응급진료 불가,20260928000000,20261004235900,"대구광역시 북구 호국로 807, 칠곡경북대학교병원(임상실습동 1~11층 포함) (학정동)",A1300010,68,자동,차단,치과
2026-10-01 00:00:00,대구광역시,A1300010,칠곡경북대학교병원,응급,Y000,응급실,[안과] 응급진료 불가,20260928000000,20261004235900,"대구광역시 북구 호국로 807, 칠곡경북대학교병원(임상실습동 1~11층 포함) (학정동)",A1300010,69,자동,차단,안과
2026-10-01 00:00:00,대구광역시,A1300010,칠곡경북대학교병원,응급,Y000,응급실,[정형외과] 응급진료 불가(척추포함),20260928000000,20261004235900,"대구광역시 북구 호국로 807, 칠곡경북대학교병원(임상실습동 1~11층 포함) (학정동)",A1300010,70,자동,차단,정형외과
2026-10-01 00:00:00,대전광역시,A1600001,충남대학교병원,응급,Y000,응급실,"[신경과] 의료진 부족으로 23시 ~익일 8시까지 신경과 진료 불가( 단,  3일이내 급성뇌경색/뇌전증 지속상태에 대해서는 야간 진료 가능)",20260928090300,20261005140000,"대전광역시 중구 문화로 282, 충남대학교병원 (대사동)",A1600001,1,자동,차단,신경과
2026-10-01 00:00:00,대전광역시,A1600001,충남대학교병원,응급,Y000,응급실,[호흡기 내과 ]타병원  항암 환자 초진 불가,20260928090300,20261005140000,"대전광역시 중구 문화로 282, 충남대학교병원 (대사동)",A1600001,2,자동,차단,호흡기내과
2026-10-01 00:00:00,대전광역시,A1600001,충남대학교병원,응급,Y000,응급실,[소아 청소년과]  소아내시경 불가능함,20260928090300,20261005140000,"대전광역시 중구 문화로 282, 충남대학교병원 (대사동)",A1600001,3,자동,차단,소아청소년과
2026-10-01 00:00:00,대전광역시,A1600001,충남대학교병원,응급,Y000,응급실,"[성형외과] 봉합 지정시간 => 11A, 3P, 8P",20260928090300,20261005140000,"대전광역시 중구 문화로 282, 충남대학교병원 (대사동)",A1600001,4,자동,차단,성형외과
2026-10-01 00:00:00,대전광역시,A1600001,충남대학교병원,응급,Y000,응급실,"[영상의학과] 해당 파트  투시검사/시 술(소아 장중첩증 정복), 소아 초음파 검사/시술 불가능 함",20260928090300,20261005140000,"대전광역시 중구 문화로 282, 충남대학교병원 (대사동)",A1600001,5,자동,차단,영상의학과
2026-10-01 00:00:00,대전광역시,A1600002,학교법인을지학원대전을지대학교병원,응급,Y000,응급실,★[신장내과] 중증 신장내과 환자 f/u 포함 진료불가(경증 가능),20260928122900,20261005090000,대전광역시 서구 둔산서로 95 (둔산동),A1600002,6,자동,차단,신장내과
2026-10-01 00:00:00,대전광역시,A1600002,학교법인을지학원대전을지대학교병원,응급,Y000,응급실,[산부인과] 통화 후 이송바랍니다,20260928090100,20261005090000,대전광역시 서구 둔산서로 95 (둔산동),A1600002,7,자동,차단,산부인과
2026-10-01 00:00:00,대전광역시,A1600002,학교법인을지학원대전을지대학교병원,응급,Y000,응급실,"[신경외과] 24시간 가능(만8세 이상, 몸무게 40kg 이상 진료가능/소아 경증은 외래진료 가능성 있습니다)",20260928090100,20261005090000,대전광역시 서구 둔산서로 95 (둔산동),A1600002,8,자동,차단,신경외과
2026-10-01 00:00:00,대전광역시,A1600002,학교법인을지학원대전을지대학교병원,응급,Y000,응급실,"[정형외과] 24시간 가능(주말,공휴일도 가능/소아 가능)",20260928090100,20261005090000,대전광역시 서구 둔산서로 95 (둔산동),A1600002,9,자동,차단,정형외과
2026-10-01 00:00:00,대전광역시,A1600002,학교법인을지학원대전을지대학교병원,응급,Y000,응급실,"[신경과] 매일 07:00 ~ 18:00 가능(seizure, stroke 환자는 ~21:00 가능/stroke 환자 뇌혈관순환 당직날은 자정 이후도 가능)",20260928090100,20261005090000,대전광역시 서구 둔산서로 95 (둔산동),A1600002,10,자동,차단,신경과
2026-10-01 00:00:00,대전광역시,A1600002,학교법인을지학원대전을지대학교병원,응급,Y000,응급실,[이비인후과] 24시간 가능(두경부 감염 관련은 불가),20260928090100,20261005090000,대전광역시 서구 둔산서로 95 (둔산동),A1600002,11,자동,차단,이비인후과
2026-10-01 00:00:00,대전광역시,A1600002,학교법인을지학원대전을지대학교병원,응급,Y000,응급실,[비뇨기과] 평일 08:00 ~ 16:30 가능,20260928090100,20261005090000,대전광역시 서구 둔산서로 95 (둔산동),A1600002,12,자동,차단,비뇨의학과
2026-10-01 00:00:00,대전광역시,A1600002,학교법인을지학원대전을지대학교병원,응급,Y000,응급실,"[안과], [치과], [응급 기관지 내시경] 불가",20260928090100,20261005090000,대전광역시 서구 둔산서로 95 (둔산동),A1600002,13,자동,차단,기타 진료과
2026-10-01 00:00:00,대전광역시,A1600002,학교법인을지학원대전을지대학교병원,응급,Y000,응급실,[외과] 매일 08:00 ~ 21:00 가능,20260928090100,20261005090000,대전광역시 서구 둔산서로 95 (둔산동),A1600002,14,자동,차단,외과
2026-10-01 00:00:00,대전광역시,A1600002,학교법인을지학원대전을지대학교병원,응급,Y000,응급실,[성형외과] 평일 09:00 ~ 20:00(화요일 ~19시까지) / 주말 09:00 ~ 16:00 가능,20260928090100,20261005090000,대전광역시 서구 둔산서로 95 (둔산동),A1600002,15,자동,차단,성형외과
2026-10-01 00:00:00,대전광역시,A1600002,학교법인을지학원대전을지대학교병원,응급,Y000,응급실,[피부과] 매일 ~21:00 가능,20260928090100,20261005090000,대전광역시 서구 둔산서로 95 (둔산동),A1600002,16,자동,차단,피부과
2026-10-01 00:00:00,대전광역시,A1600002,학교법인을지학원대전을지대학교병원,응급,Y000,응급실,"[소아과] 월,화,목 08:00 ~ 22:00 / 수 08:00 ~ 17:00 / 금 08:00 ~ 13:00 가능(장중첩, 소아신경 및 심장 진료불가)",20260928090100,20261005090000,대전광역시 서구 둔산서로 95 (둔산동),A1600002,17,자동,차단,소아청소년과
2026-10-01 00:00:00,대전광역시,A1600002,학교법인을지학원대전을지대학교병원,응급,Y000,응급실,[정신과] 24시 가능(입원 필요시 전화),20260928090100,20261005090000,대전광역시 서구 둔산서로 95 (둔산동),A1600002,18,자동,차단,정신건강의학과
2026-10-01 00:00:00,대전광역시,A1600002,학교법인을지학원대전을지대학교병원,중증,Y0070,장중첩/폐색(유아),진료 불가합니다,20260928083000,20261005090000,대전광역시 서구 둔산서로 95 (둔산동),A1600002,19,자동,차단,
2026-10-01 00:00:00,대전광역시,A1600002,학교법인을지학원대전을지대학교병원,중증,Y0082,위장관 응급내시경(영유아),진료 불가합니다,20260928083000,20261005090000,대전광역시 서구 둔산서로 95 (둔산동),A1600002,20,자동,차단,
2026-10-01 00:00:00,대전광역시,A1600005,학교법인가톨릭학원가톨릭대학교대전성모병원,응급,Y000,응급실,본원 사정에 의하여 안과 평일 08시부터 18시까지만 진료 가능합니다. 이송 시 참고 바랍니다.,20260929182000,20261006235900,"대전광역시 중구 대흥로 64, 성모병원 (대흥동)",A1600005,21,자동,차단,안과
2026-10-01 00:00:00,대전광역시,A1600005,학교법인가톨릭학원가톨릭대학교대전성모병원,응급,Y000,응급실,본원 응급실 성형외과 진료 불가합니다. 이송 시 참고 바랍니다.,20260929182000,20261006235900,"대전광역시 중구 대흥로 64, 성모병원 (대흥동)",A1600005,22,자동,차단,성형외과
2026-10-01 00:00:00,대전광역시,A1600005,학교법인가톨릭학원가톨릭대학교대전성모병원,응급,Y000,응급실,응급실 상황에 따라 (중증응급)환자 수용 불가능할 수 있으니 이송 시 확인 바랍니다.,20260929182000,20261006235900,"대전광역시 중구 대흥로 64, 성모병원 (대흥동)",A1600005,23,자동,차단,응급실
2026-10-01 00:00:00,대전광역시,A1600005,학교법인가톨릭학원가톨릭대학교대전성모병원,응급,Y000,응급실,산부인과 분만 본원 사정으로 인하여 본원 F/U(37주이상) 환자만 수용 가능합니다.,20260929182000,20261006235900,"대전광역시 중구 대흥로 64, 성모병원 (대흥동)",A1600005,24,자동,차단,산부인과
2026-10-01 00:00:00,대전광역시,A1600005,학교법인가톨릭학원가톨릭대학교대전성모병원,응급,Y000,응급실,본원 사정에 의하여 이비인후과 08시부터 21시까지만 진료가 가능합니다. 이송 시 참고 바랍니다.,20260929182000,20261006235900,"대전광역시 중구 대흥로 64, 성모병원 (대흥동)",A1600005,25,자동,차단,이비인후과
2026-10-01 00:00:00,대전광역시,A1600005,학교법인가톨릭학원가톨릭대학교대전성모병원,응급,Y000,응급실,본원 사정에 의하여 비뇨기과 야간/주말/공휴일 응급실 진료 불가합니다. 이송 시 참고 바랍니다.,20260929182000,20261006235900,"대전광역시 중구 대흥로 64, 성모병원 (대흥동)",A1600005,26,자동,차단,비뇨의학과
2026-10-01 00:00:00,대전광역시,A1600005,학교법인가톨릭학원가톨릭대학교대전성모병원,응급,Y000,응급실,본원 사정으로 소아과 진료 불가합니다. 이송 시 참고 바랍니다.,20260929182000,20261006235900,"대전광역시 중구 대흥로 64, 성모병원 (대흥동)",A1600005,27,자동,차단,소아청소년과
2026-10-01 00:00:00,대전광역시,A1600006,학교법인건양교육재단건양대학교병원,응급,Y000,응급실,"월-금 08:30~21:00 / 토 24시간 / 일요일 09:00~18:00 진료 가능합니다. 단, 중증 환자의 경우 의뢰 후 결정되니 이송 전 수용 가능여부 확인바랍니다.",20260928080000,20261003130000,"대전광역시 서구 관저동로 158, 건양대학교병원 (관저동)",A1600006,28,자동,차단,안과
2026-10-01 00:00:00,대전광역시,A1600006,학교법인건양교육재단건양대학교병원,응급,Y000,응급실,월~목 08:30-22:00 (공휴일인 경우 불가능)/ 금~일 08:30-익일 08:00 (공휴일에도 가능),20260928080000,20261003130000,"대전광역시 서구 관저동로 158, 건양대학교병원 (관저동)",A1600006,29,자동,차단,소아청소년과
2026-10-01 00:00:00,대전광역시,A1600006,학교법인건양교육재단건양대학교병원,응급,Y000,응급실,"일~목요일(07시~21시), 금,토(07시~익일 07시) 이비인후과 진료 가능합니다. / 단, 본원 이비인후과 수술 후 출혈환자 상시 가능합니다.",20260927210000,20261003130000,"대전광역시 서구 관저동로 158, 건양대학교병원 (관저동)",A1600006,30,자동,차단,이비인후과
2026-10-01 00:00:00,대전광역시,A1600006,학교법인건양교육재단건양대학교병원,응급,Y000,응급실,본원 정형외과 의료진 부재로 femur shaft fracture 관련 진료 및 처치 불가능 합니다,20260927083000,20261004083000,"대전광역시 서구 관저동로 158, 건양대학교병원 (관저동)",A1600006,31,자동,차단,정형외과
2026-10-01 00:00:00,대전광역시,A1600006,학교법인건양교육재단건양대학교병원,응급,Y000,응급실,응급실에서 이비인후과 두경부파트 진료 불가능합니다.,20260926133600,20261003130000,"대전광역시 서구 관저동로 158, 건양대학교병원 (관저동)",A1600006,32,자동,차단,이비인후과
2026-10-01 00:00:00,대전광역시,A1600006,학교법인건양교육재단건양대학교병원,응급,Y000,응급실,[고압산소치료] 본원 monoplace chamber로 환자 모니터링이 불가능하여 자가기도유지 불가능한 환자는 고압산소치료가 불가능합니다.,20260926130000,20261003130000,"대전광역시 서구 관저동로 158, 건양대학교병원 (관저동)",A1600006,33,자동,차단,병상 또는 장비
2026-10-01 00:00:00,대전광역시,A1600006,학교법인건양교육재단건양대학교병원,응급,Y000,응급실,당직의 사정에 따라 진료 가능여부 다를 수 있으니 이송 전 확인바랍니다.,20260926130000,20261003130000,"대전광역시 서구 관저동로 158, 건양대학교병원 (관저동)",A1600006,34,자동,차단,산부인과
2026-10-01 00:00:00,대전광역시,A1600006,학교법인건양교육재단건양대학교병원,응급,Y000,응급실,응급실에서 피부과 진료 불가능합니다.,20260926130000,20261003130000,"대전광역시 서구 관저동로 158, 건양대학교병원 (관저동)",A1600006,35,자동,차단,피부과
2026-10-01 00:00:00,대전광역시,A1600006,학교법인건양교육재단건양대학교병원,응급,Y000,응급실,"평일(18시~익일 06시), 주말 및 공휴일(06시~익일06시) 본원 URO f/u 환자만 수용 가능합니다. 이송 전 수용 여부 꼭 확인바랍니다.",20260926130000,20261003130000,"대전광역시 서구 관저동로 158, 건양대학교병원 (관저동)",A1600006,36,자동,차단,비뇨의학과
2026-10-01 00:00:00,대전광역시,A1600006,학교법인건양교육재단건양대학교병원,응급,Y000,응급실,본원 영상의학중재술이 필요한 환자 시술 및 수술 수용가능 여부는 이송전 꼭 문의 연락부탁드립니다.,20260926130000,20261003130000,"대전광역시 서구 관저동로 158, 건양대학교병원 (관저동)",A1600006,37,자동,차단,응급실
2026-10-01 00:00:00,대전광역시,A1600006,학교법인건양교육재단건양대학교병원,응급,Y000,응급실,응급실에서 치과 진료 불가능합니다.,20260926130000,20261003130000,"대전광역시 서구 관저동로 158, 건양대학교병원 (관저동)",A1600006,38,자동,차단,치과
2026-10-01 00:00:00,대전광역시,A1600006,학교법인건양교육재단건양대학교병원,응급,Y000,응급실,응급실에서 성형외과 진료 불가능 합니다.,20260926130000,20261003130000,"대전광역시 서구 관저동로 158, 건양대학교병원 (관저동)",A1600006,39,자동,차단,성형외과
2026-10-01 00:00:00,대전광역시,A1600006,학교법인건양교육재단건양대학교병원,응급,Y000,응급실,본원 소아외과 의료진 부재로 응급실에서 소아외과적 환자 진료 및 수술 불가능합니다.,20260924114900,20261001130000,"대전광역시 서구 관저동로 158, 건양대학교병원 (관저동)",A1600006,40,자동,차단,외과
2026-10-01 00:00:00,대전광역시,A1600007,의료법인영훈의료재단유성선병원,응급,Y000,응급실,외래 진료만 가능,20260928090000,20261005100000,대전광역시 유성구 북유성대로 93 (지족동),A1600007,41,자동,차단,소아청소년과
2026-10-01 00:00:00,대전광역시,A1600007,의료법인영훈의료재단유성선병원,응급,Y000,응급실,"DI 환자, ROSC 환자는 관련 질환과  부재로  수용 불가",20260928090000,20261005100000,대전광역시 유성구 북유성대로 93 (지족동),A1600007,42,자동,차단,응급실
2026-10-01 00:00:00,대전광역시,A1600007,의료법인영훈의료재단유성선병원,응급,Y000,응급실,진료 불가 전문의 부재,20260928090000,20261005100000,대전광역시 유성구 북유성대로 93 (지족동),A1600007,43,자동,차단,안과
2026-10-01 00:00:00,대전광역시,A1600007,의료법인영훈의료재단유성선병원,응급,Y000,응급실,외래 진료만 가능,20260928090000,20261005100000,대전광역시 유성구 북유성대로 93 (지족동),A1600007,44,자동,차단,치과
2026-10-01 00:00:00,대전광역시,A1600007,의료법인영훈의료재단유성선병원,응급,Y000,응급실,진료 불가 전문의 부재,20260928090000,20261005100000,대전광역시 유성구 북유성대로 93 (지족동),A1600007,45,자동,차단,피부과
2026-10-01 00:00:00,대전광역시,A1600007,의료법인영훈의료재단유성선병원,응급,Y000,응급실,09시부터 22시까지만 가능,20260928090000,20261005100000,대전광역시 유성구 북유성대로 93 (지족동),A1600007,46,자동,차단,성형외과
2026-10-01 00:00:00,대전광역시,A1600007,의료법인영훈의료재단유성선병원,응급,Y000,응급실,전문의 부재 진료 불가,20260928090000,20261005100000,대전광역시 유성구 북유성대로 93 (지족동),A1600007,47,자동,차단,흉부외과
2026-10-01 00:00:00,대전광역시,A1600007,의료법인영훈의료재단유성선병원,응급,Y000,응급실,외래 진료만 가능,20260928090000,20261005100000,대전광역시 유성구 북유성대로 93 (지족동),A1600007,48,자동,차단,혈액·종양내과
2026-10-01 00:00:00,대전광역시,A1600007,의료법인영훈의료재단유성선병원,응급,Y000,응급실,산과 진료 불가 전문의 부재,20260928090000,20261005100000,대전광역시 유성구 북유성대로 93 (지족동),A1600007,49,자동,차단,산부인과
2026-10-01 00:00:00,대전광역시,A1600007,의료법인영훈의료재단유성선병원,응급,Y000,응급실,외래 진료만 가능,20260928090000,20261005100000,대전광역시 유성구 북유성대로 93 (지족동),A1600007,50,자동,차단,정신건강의학과
2026-10-01 00:00:00,대전광역시,A1600008,의료법인영훈의료재단대전선병원,응급,Y000,응급실,본원 심정지 후치료(목표체온치료/ECMO등..) 불가합니다.,20260928090000,20261005090000,"대전광역시 중구 목중로 29 (목동,(목동))",A1600008,51,자동,차단,응급실
2026-10-01 00:00:00,대전광역시,A1600008,의료법인영훈의료재단대전선병원,응급,Y000,응급실,소아청소년과 외래진료시간 (08:30~17:30) 이외에 소아전문의 진료 불가능합니다.,20260928090000,20261005090000,"대전광역시 중구 목중로 29 (목동,(목동))",A1600008,52,자동,차단,소아청소년과
2026-10-01 00:00:00,대전광역시,A1600008,의료법인영훈의료재단대전선병원,응급,Y000,응급실,내분비내과 진료과 사정으로 응급실 진료 및 입원 불가합니다.,20260928090000,20261005090000,"대전광역시 중구 목중로 29 (목동,(목동))",A1600008,53,자동,차단,내분비내과
2026-10-01 00:00:00,대전광역시,A1600008,의료법인영훈의료재단대전선병원,응급,Y000,응급실,구강외과 외래 진료시간(08:30~17:30)외에 응급진료 어려우며 외래진료 시간에도 구강외과 사정에 따라 진료가 제한될 수 있으므로 이송 전 연락바랍니다.,20260928090000,20261005090000,"대전광역시 중구 목중로 29 (목동,(목동))",A1600008,54,자동,차단,치과
2026-10-01 00:00:00,대전광역시,A1600008,의료법인영훈의료재단대전선병원,응급,Y000,응급실,"이비인후과 출혈(코피포함), ENT적 호흡곤란 동반환자, 타병원 수술후 합병증,목에 이물감,목의 부종과 통증이 동반된 deep neck 감염환자들은 외래 진료시간 (평일 8:30~17:30/토요일 8:30~12:30) 외 진료 불가",20260928090000,20261005090000,"대전광역시 중구 목중로 29 (목동,(목동))",A1600008,55,자동,차단,이비인후과
2026-10-01 00:00:00,울산광역시,A1700002,의료법인동강의료재단동강병원,응급,Y000,응급실,"(소아 전 연령) 활력징후 비정상, 산소포화도 저하, CPR 상태, 인공호흡기 치료필요, 뇌전증중첩증, 당뇨병성 케톤산증, 의식저하,",20260929000000,20261005235900,울산광역시 중구 태화로 239 (태화동),A1700002,1,자동,차단,응급실
2026-10-01 00:00:00,울산광역시,A1700002,의료법인동강의료재단동강병원,응급,Y000,응급실,종양내과 부재로 암 관련 진료불가,20260929000000,20261005235900,울산광역시 중구 태화로 239 (태화동),A1700002,2,자동,차단,응급실
2026-10-01 00:00:00,울산광역시,A1700002,의료법인동강의료재단동강병원,응급,Y000,응급실,12개월 미만 소아청소년과 진료불가,20260929000000,20261005235900,울산광역시 중구 태화로 239 (태화동),A1700002,3,자동,차단,응급실
2026-10-01 00:00:00,울산광역시,A1700002,의료법인동강의료재단동강병원,응급,Y000,응급실,"비뇨의학과 외래시간만 운영, 요로결석 통증치료, Testis torsion 만 가능, 전화문의후 진료결정",20260929000000,20261005235900,울산광역시 중구 태화로 239 (태화동),A1700002,4,자동,차단,응급실
2026-10-01 00:00:00,울산광역시,A1700002,의료법인동강의료재단동강병원,응급,Y000,응급실,신경학적 이상을 동반한 척추손상은 SC 외래 진료시간만 가능,20260929000000,20261005235900,울산광역시 중구 태화로 239 (태화동),A1700002,5,자동,차단,응급실
2026-10-01 00:00:00,울산광역시,A1700002,의료법인동강의료재단동강병원,응급,Y000,응급실,급성대동맥 질환 상황판 병상수와 관계없이 응급실로 문의바랍니다.,20260929000000,20261006235900,울산광역시 중구 태화로 239 (태화동),A1700002,6,자동,차단,응급실
2026-10-01 00:00:00,울산광역시,A1700002,의료법인동강의료재단동강병원,응급,Y000,응급실,"안과, 이비인후과, 피부과 전문의 부재로 진료불가",20260929000000,20261005235900,울산광역시 중구 태화로 239 (태화동),A1700002,7,자동,차단,응급실
2026-10-01 00:00:00,울산광역시,A1700002,의료법인동강의료재단동강병원,응급,Y000,응급실,성형외과 봉합은 예약제로 운영하며 응급실 문의후 결정,20260929000000,20261005235900,울산광역시 중구 태화로 239 (태화동),A1700002,8,자동,차단,응급실
2026-10-01 00:00:00,울산광역시,A1700002,의료법인동강의료재단동강병원,응급,Y000,응급실,중독 관련과 부재로 진료불가,20260929000000,20261005235900,울산광역시 중구 태화로 239 (태화동),A1700002,9,자동,차단,응급실
2026-10-01 00:00:00,울산광역시,A1700002,의료법인동강의료재단동강병원,응급,Y000,응급실,"(소아 전 연령) 기도 및 식도 이물, 선천심질환자, 소아암, 소아혈액질환 치료중인 환자, 소아중증 외상 환자, 소아신경과, 소아신장 진료불가",20260929000000,20261005235900,울산광역시 중구 태화로 239 (태화동),A1700002,10,자동,차단,응급실
2026-10-01 00:00:00,울산광역시,A1700002,의료법인동강의료재단동강병원,응급,Y000,응급실,"치아 골절 및 탈구 평일 주간, 토요일 오전 외래 진료시간만 가능 안면부 골절 검사만 가능하고 평일 야간, 주말동안 응급수술 불가",20260929000000,20261005235900,울산광역시 중구 태화로 239 (태화동),A1700002,11,자동,차단,응급실
2026-10-01 00:00:00,세종특별자치시,A1800441,세종충남대학교병원,응급,Y000,응급실,"피부과) 응급실 내 진료어려움, 이송자제",20260927000000,20261003235900,"세종특별자치시 보듬7로 20, 세종충남대학교병원 (도담동)",A1800441,1,자동,차단,피부과
2026-10-01 00:00:00,세종특별자치시,A1800441,세종충남대학교병원,응급,Y000,응급실,[안과] 응급실 진료 어려울수 있으니 사전연락 바람,20260927000000,20261003235900,"세종특별자치시 보듬7로 20, 세종충남대학교병원 (도담동)",A1800441,2,자동,차단,안과
2026-10-01 00:00:00,세종특별자치시,A1800441,세종충남대학교병원,응급,Y000,응급실,"[치과] 응급실 내 진료 어려움, 이송자제",20260927000000,20261003235900,"세종특별자치시 보듬7로 20, 세종충남대학교병원 (도담동)",A1800441,3,자동,차단,치과
2026-10-01 00:00:00,세종특별자치시,A1800441,세종충남대학교병원,응급,Y000,응급실,[소아정형외과] 응급실 진료어려울수 있으니 사전연락 바람,20260927000000,20261003235900,"세종특별자치시 보듬7로 20, 세종충남대학교병원 (도담동)",A1800441,4,자동,차단,정형외과
2026-10-01 00:00:00,세종특별자치시,A1800441,세종충남대학교병원,응급,Y000,응급실,"중환자실) 가동병상수 유동적, 중환 사전연락필수",20260927000000,20261003235900,"세종특별자치시 보듬7로 20, 세종충남대학교병원 (도담동)",A1800441,5,자동,차단,병상 또는 장비
2026-10-01 00:00:00,세종특별자치시,A1800441,세종충남대학교병원,응급,Y000,응급실,[신경외과] 의료진 부족으로 사전 연락 필요,20260927000000,20261003235900,"세종특별자치시 보듬7로 20, 세종충남대학교병원 (도담동)",A1800441,6,자동,차단,신경외과
2026-10-01 00:00:00,세종특별자치시,A1800441,세종충남대학교병원,응급,Y000,응급실,"[심장내과] 의료진 공백으로 응급실 내 평일 야간 및 주말, 공휴일 진료 어려움",20260927000000,20261003235900,"세종특별자치시 보듬7로 20, 세종충남대학교병원 (도담동)",A1800441,7,자동,차단,순환기내과
2026-10-01 00:00:00,세종특별자치시,A1800441,세종충남대학교병원,응급,Y000,응급실,[복부대동맥박리] 수용가능여부 사전연락 바람,20260927000000,20261003235900,"세종특별자치시 보듬7로 20, 세종충남대학교병원 (도담동)",A1800441,8,자동,차단,흉부외과
2026-10-01 00:00:00,세종특별자치시,A1800441,세종충남대학교병원,응급,Y000,응급실,[소아비뇨의학과] 진료가능여부 사전문의 필요(야간 진료 어려움),20260927000000,20261003235900,"세종특별자치시 보듬7로 20, 세종충남대학교병원 (도담동)",A1800441,9,자동,차단,비뇨의학과
2026-10-01 00:00:00,세종특별자치시,A1800441,세종충남대학교병원,응급,Y000,응급실,[신경과] 응급실 진료 어려울 수 있으니 사전연락 바람,20260927000000,20261003235900,"세종특별자치시 보듬7로 20, 세종충남대학교병원 (도담동)",A1800441,10,자동,차단,신경과
2026-10-01 00:00:00,세종특별자치시,A1800441,세종충남대학교병원,응급,Y000,응급실,[정신건강의학과] 폐쇄병동 부재 입원 불가,20260927000000,20261003235900,"세종특별자치시 보듬7로 20, 세종충남대학교병원 (도담동)",A1800441,11,자동,차단,정신건강의학과
2026-10-01 00:00:00,세종특별자치시,A1800441,세종충남대학교병원,응급,Y000,응급실,[성형외과] 응급실 진료 어려울수 있으니 사전연락 바람,20260927000000,20261003235900,"세종특별자치시 보듬7로 20, 세종충남대학교병원 (도담동)",A1800441,12,자동,차단,성형외과
2026-10-01 00:00:00,세종특별자치시,A1800441,세종충남대학교병원,응급,Y000,응급실,"[이비인후과] 응급실 내 진료어려움, 이송자제",20260927000000,20261003235900,"세종특별자치시 보듬7로 20, 세종충남대학교병원 (도담동)",A1800441,13,자동,차단,이비인후과
2026-10-01 00:00:00,전남광주통합특별시,A1500001,조선대학교병원,응급,Y000,응급실,"진료 가능 시간: 8시 ~ 22시  (단, 고환염전 및 intervention 처치가 필요한 경우 : 평일 8시 ~ 17시까지만 가능)",20260930004400,20261007235900,전남광주통합특별시 동구 필문대로 365 (서석동),A1500001,1,자동,차단,비뇨의학과
2026-10-01 00:00:00,전남광주통합특별시,A1500001,조선대학교병원,응급,Y000,응급실,소아신경 담당 교수님 부재로 신환 불가합니다.,20260930003900,20261004235900,전남광주통합특별시 동구 필문대로 365 (서석동),A1500001,2,자동,차단,소아청소년과
2026-10-01 00:00:00,전남광주통합특별시,A1500001,조선대학교병원,응급,Y000,응급실,"소아 intussusception, testis torsion 관련 진료가능시간: 평일 9시~ 21시",20260930003800,20261007235900,전남광주통합특별시 동구 필문대로 365 (서석동),A1500001,3,자동,차단,소아청소년과
2026-10-01 00:00:00,전남광주통합특별시,A1500001,조선대학교병원,응급,Y000,응급실,모든 환자 이송 및 전원 시 반드시 사전 문의 바랍니다.,20260930003800,20261007235900,전남광주통합특별시 동구 필문대로 365 (서석동),A1500001,4,자동,차단,응급실
2026-10-01 00:00:00,전남광주통합특별시,A1500001,조선대학교병원,응급,Y000,응급실,두경부 담당 교수님 부재로 f/u환자 포함 수용 불가합니다.,20260930003800,20261007235900,전남광주통합특별시 동구 필문대로 365 (서석동),A1500001,5,자동,차단,이비인후과
2026-10-01 00:00:00,전남광주통합특별시,A1500001,조선대학교병원,응급,Y000,응급실,"17시 ~ 익일 8시까지 진료 제한 (당직교수의 진료전문분야에 따라 진료가능여부 결정), 환자 이송 및 전원 시 반드시 사전 문의 바랍니다.",20260930003700,20261007235900,전남광주통합특별시 동구 필문대로 365 (서석동),A1500001,6,자동,차단,이비인후과
2026-10-01 00:00:00,전남광주통합특별시,A1500001,조선대학교병원,응급,Y000,응급실,진료 가능 시간: 6시 ~ 21시,20260930003700,20261007235900,전남광주통합특별시 동구 필문대로 365 (서석동),A1500001,7,자동,차단,안과
2026-10-01 00:00:00,전남광주통합특별시,A1500001,조선대학교병원,응급,Y000,응급실,"소아외과환자 불가, 환자 이송 및 전원 시 반드시 사전 문의 바랍니다.",20260930003700,20261007235900,전남광주통합특별시 동구 필문대로 365 (서석동),A1500001,8,자동,차단,소아청소년과
2026-10-01 00:00:00,전남광주통합특별시,A1500001,조선대학교병원,응급,Y000,응급실,"진료 가능 시간: 평일 8시 ~ 23시 (단, 단순 봉합은 주말에는 17시 30분까지만 가능)",20260930003600,20261007235900,전남광주통합특별시 동구 필문대로 365 (서석동),A1500001,9,자동,차단,성형외과
2026-10-01 00:00:00,전남광주통합특별시,A1500001,조선대학교병원,응급,Y000,응급실,영유아 위장관 내시경 필요 시 반드시 사전 문의 바랍니다.,20260930003600,20261007235900,전남광주통합특별시 동구 필문대로 365 (서석동),A1500001,10,자동,차단,응급실
2026-10-01 00:00:00,전남광주통합특별시,A1500001,조선대학교병원,응급,Y000,응급실,"진료 가능 시간: 평일 8시 ~ 21시 (단, 토·일·공휴일 불가)",20260930003600,20261007235900,전남광주통합특별시 동구 필문대로 365 (서석동),A1500001,11,자동,차단,소아청소년과
2026-10-01 00:00:00,전남광주통합특별시,A1500001,조선대학교병원,응급,Y000,응급실,PTBD 가능 시간: 평일 8시 ~ 17시,20260930003500,20261007235900,전남광주통합특별시 동구 필문대로 365 (서석동),A1500001,12,자동,차단,영상의학과
2026-10-01 00:00:00,전남광주통합특별시,A1500001,조선대학교병원,응급,Y000,응급실,"진료는 24시간 가능하나, 정신과적 입원은 21시 ~ 익일 5시까지 불가",20260930003500,20261007235900,전남광주통합특별시 동구 필문대로 365 (서석동),A1500001,13,자동,차단,정신건강의학과
2026-10-01 00:00:00,전남광주통합특별시,A1500001,조선대학교병원,응급,Y000,응급실,"진료 가능 시간: 8시 ~ 17시 (당직교수에 따라 진료가능여부 결정), 환자 이송 및 전원 시 반드시 사전 문의 바랍니다.",20260930003400,20261007235900,전남광주통합특별시 동구 필문대로 365 (서석동),A1500001,14,자동,차단,산부인과
2026-10-01 00:00:00,전남광주통합특별시,A1500001,조선대학교병원,응급,Y000,응급실,"쇄석술 불가, 환자 이송 및 전원 시 반드시 사전 문의 바랍니다.",20260930003300,20261007235900,전남광주통합특별시 동구 필문대로 365 (서석동),A1500001,15,자동,차단,비뇨의학과
2026-10-01 00:00:00,전남광주통합특별시,A1500001,조선대학교병원,응급,Y000,응급실,외상환자 이송 및 전원 시 반드시 사전 문의 바랍니다.,20260930003300,20261007235900,전남광주통합특별시 동구 필문대로 365 (서석동),A1500001,16,자동,차단,외과
2026-10-01 00:00:00,전남광주통합특별시,A1500001,조선대학교병원,응급,Y000,응급실,"[응급기관지내시경], [기관지동맥색전술] 환자 이송 및 전원 시 반드시 사전 문의 바랍니다.",20260930003200,20261007235900,전남광주통합특별시 동구 필문대로 365 (서석동),A1500001,17,자동,차단,호흡기내과
2026-10-01 00:00:00,전남광주통합특별시,A1500001,조선대학교병원,응급,Y000,응급실,병원별 순환당직일 확인 후 이송 및 전원 바랍니다.,20260930003200,20261007235900,전남광주통합특별시 동구 필문대로 365 (서석동),A1500001,18,자동,차단,소화기내과
2026-10-01 00:00:00,전남광주통합특별시,A1500001,조선대학교병원,응급,Y000,응급실,PTBD 가능 시간: 평일 8시 ~ 17시,20260930003200,20261007235900,전남광주통합특별시 동구 필문대로 365 (서석동),A1500001,19,자동,차단,외과
2026-10-01 00:00:00,전남광주통합특별시,A1500001,조선대학교병원,응급,Y000,응급실,"혈액질환 수용 불가, 항암환자는 본원 f/u만 수용 가능, 환자 이송 및 전원 시 반드시 사전 문의 바랍니다.",20260930003200,20261007235900,전남광주통합특별시 동구 필문대로 365 (서석동),A1500001,20,자동,차단,혈액·종양내과
2026-10-01 00:00:00,전남광주통합특별시,A1500001,조선대학교병원,응급,Y000,응급실,"[내과] 23시 이후 진료 불가, 환자 이송 및 전원 시 반드시 사전 문의 바랍니다.",20260930002900,20261007235900,전남광주통합특별시 동구 필문대로 365 (서석동),A1500001,21,자동,차단,기타 진료과
2026-10-01 00:00:00,전남광주통합특별시,A1500002,전남대학교병원,응급,Y000,응급실,"(22:00-08:00) 비출혈. 이물, 어지럼증 등 단순 처치가 필요한 응급환자에 대해 즉각적인 진료 제공이 어려울 수 있으며, 진료 지연이 발생할 수 있음.",20260927000000,20261003235900,전남광주통합특별시 동구 제봉로 42 (학동),A1500002,22,자동,차단,이비인후과
2026-10-01 00:00:00,전남광주통합특별시,A1500002,전남대학교병원,응급,Y000,응급실,"월,수,금 야간진료(18:00~08:00) 의료진 부재로 진료불가",20260927000000,20261003235900,전남광주통합특별시 동구 제봉로 42 (학동),A1500002,23,자동,차단,비뇨의학과
2026-10-01 00:00:00,전남광주통합특별시,A1500002,전남대학교병원,응급,Y000,응급실,"월,수,금 야간진료(18:00~08:00) 의료진 부재로 진료 및 인터벤션 불가",20260927000000,20261003235900,전남광주통합특별시 동구 제봉로 42 (학동),A1500002,24,자동,차단,영상의학과
2026-10-01 00:00:00,전남광주통합특별시,A1500002,전남대학교병원,응급,Y000,응급실,"(19:00-07:00) 해당과 사정으로 다음 환자의 진료제공이 제한됨. (안면부 열상, 수부 상지의 tendon, nerve 등의 구조물 손상이 있는 환자)",20260927000000,20261003235900,전남광주통합특별시 동구 제봉로 42 (학동),A1500002,25,자동,차단,성형외과
2026-10-01 00:00:00,전남광주통합특별시,A1500006,신가병원,응급,Y000,응급실,9월 28일부터 10월5일까지 일반외과 휴진,20260928072100,20261005235900,전남광주통합특별시 광산구 목련로 316 (신가동),A1500006,26,자동,차단,외과
2026-10-01 00:00:00,전남광주통합특별시,A1500021,광주기독병원,중증,Y0032,뇌출혈수술(거미막하 출혈 외),중환자실 자리없음.,20260930225000,20261001080000,전남광주통합특별시 남구 양림로 37 (양림동),A1500021,27,자동,차단,
2026-10-01 00:00:00,전남광주통합특별시,A1500021,광주기독병원,중증,Y0020,뇌경색의 재관류중재술,중환자실 자리없음.,20260930225000,20261001080000,전남광주통합특별시 남구 양림로 37 (양림동),A1500021,28,자동,차단,
2026-10-01 00:00:00,전남광주통합특별시,A1500021,광주기독병원,중증,Y0010,심근경색의 재관류중재술,중환자실 자리없음.,20260930225000,20261001080000,전남광주통합특별시 남구 양림로 37 (양림동),A1500021,29,자동,차단,
2026-10-01 00:00:00,전남광주통합특별시,A1500021,광주기독병원,중증,Y0031,뇌출혈수술(거미막하 출혈),중환자실 자리없음.,20260930225000,20261001080000,전남광주통합특별시 남구 양림로 37 (양림동),A1500021,30,자동,차단,
2026-10-01 00:00:00,전남광주통합특별시,A2600019,성가롤로병원,응급,Y000,응급실,응급실 전산장애(17:30) 발생 후 복구 길어져 수용 어려움,20260930230500,20261001070000,전남광주통합특별시 순천시 순광로 221 (조례동),A2600019,31,자동,차단,응급실
2026-10-01 00:00:00,전남광주통합특별시,A2600020,목포기독병원,중증,Y0142,응급투석(CRRT),"야간, 주말, 공휴일",20260929120000,20261006160000,전남광주통합특별시 목포시 백년대로 303 (상동),A2600020,32,자동,차단,
2026-10-01 00:00:00,전남광주통합특별시,A2600020,목포기독병원,중증,Y0141,응급투석(HD),"야간, 주말, 공휴일",20260929120000,20261006160000,전남광주통합특별시 목포시 백년대로 303 (상동),A2600020,33,자동,차단,
2026-10-01 00:00:00,전남광주통합특별시,A2600020,목포기독병원,중증,Y0082,위장관 응급내시경(영유아),"만12세이상, 40KG이상",20260929120000,20261006160000,전남광주통합특별시 목포시 백년대로 303 (상동),A2600020,34,자동,차단,
2026-10-01 00:00:00,전남광주통합특별시,A2600020,목포기독병원,중증,Y0081,위장관 응급내시경(성인),"야간, 주말, 공휴일",20260929120000,20261006160000,전남광주통합특별시 목포시 백년대로 303 (상동),A2600020,35,자동,차단,
2026-10-01 00:00:00,전남광주통합특별시,A2600020,목포기독병원,중증,Y0081,위장관 응급내시경(성인),야간 휴일 공휴일,20260929000000,20261006000000,전남광주통합특별시 목포시 백년대로 303 (상동),A2600020,36,자동,차단,
2026-10-01 00:00:00,전남광주통합특별시,A2600020,목포기독병원,중증,Y0142,응급투석(CRRT),야간 휴일 공휴일,20260929000000,20261006000000,전남광주통합특별시 목포시 백년대로 303 (상동),A2600020,37,자동,차단,
2026-10-01 00:00:00,전남광주통합특별시,A2600020,목포기독병원,중증,Y0141,응급투석(HD),신환불가,20260929000000,20261006000000,전남광주통합특별시 목포시 백년대로 303 (상동),A2600020,38,자동,차단,
2026-10-01 00:00:00,전남광주통합특별시,A2600056,전라남도순천의료원,중증,Y0060,복부응급수술(비외상),불가능메세지등록,20260930000000,20261007235900,전남광주통합특별시 순천시 서문성터길 2   (매곡동),A2600056,39,자동,차단,
2026-10-01 00:00:00,전남광주통합특별시,A2600056,전라남도순천의료원,중증,Y0051,담낭담관질환(담낭질환),불가능메세지등록,20260930000000,20261007235900,전남광주통합특별시 순천시 서문성터길 2   (매곡동),A2600056,40,자동,차단,
2026-10-01 00:00:00,강원특별자치도,A2200008,강릉아산병원,응급,Y000,응급실,"금요일, 일요일 산부인과 진료 불가",20260928201200,20261001200000,강원특별자치도 강릉시 사천면 방동길 38,A2200008,1,자동,차단,산부인과
2026-10-01 00:00:00,강원특별자치도,A2200008,강릉아산병원,응급,Y000,응급실,"소아 야간진료 불가(화요일, 수요일 제외)",20260924200000,20261001200000,강원특별자치도 강릉시 사천면 방동길 38,A2200008,2,자동,차단,소아청소년과
2026-10-01 00:00:00,강원특별자치도,A2200012,강원특별자치도속초의료원,중증,Y0111,산부인과 응급(분만),불가능메세지등록,20260930173000,20261001083000,강원특별자치도 속초시 영랑호반길 3 (영랑동),A2200012,3,자동,차단,
2026-10-01 00:00:00,강원특별자치도,A2200012,강원특별자치도속초의료원,중증,Y0113,산부인과 응급(부인과수술),불가능메세지등록,20260930173000,20261001083000,강원특별자치도 속초시 영랑호반길 3 (영랑동),A2200012,4,자동,차단,
2026-10-01 00:00:00,강원특별자치도,A2200012,강원특별자치도속초의료원,중증,Y0112,산부인과 응급(산과수술),불가능메세지등록,20260930173000,20261001083000,강원특별자치도 속초시 영랑호반길 3 (영랑동),A2200012,5,자동,차단,
2026-10-01 00:00:00,충청북도,A2300001,충북대학교병원,응급,Y000,응급실,불가능메세지등록,20260930090000,20261001085900,"충청북도 청주시 서원구 1순환로 776-0 (개신동,충북대학교병원)",A2300001,1,자동,차단,외상외과
2026-10-01 00:00:00,충청남도,A2400002,단국대학교의과대학부속병원,중증,Y0082,위장관 응급내시경(영유아),소아과 인력부족으로 환자 수용 불가능,20260930230100,20261001080000,"충청남도 천안시 동남구 망향로 201 (안서동, 단국대학교의과대학부속병원)",A2400002,1,자동,차단,
2026-10-01 00:00:00,충청남도,A2400002,단국대학교의과대학부속병원,응급,Y000,응급실,호흡기 분과 교수의 부재로 급성 호흡곤란 증후군의 환자 입원 치료는 불가합니다.,20260928230100,20261005230000,"충청남도 천안시 동남구 망향로 201 (안서동, 단국대학교의과대학부속병원)",A2400002,2,자동,차단,소아청소년과
2026-10-01 00:00:00,충청남도,A2400002,단국대학교의과대학부속병원,응급,Y000,응급실,소아신경 의료진 부재로 경련 질환 환아의 입원치료 불가합니다.,20260928230100,20261005230000,"충청남도 천안시 동남구 망향로 201 (안서동, 단국대학교의과대학부속병원)",A2400002,3,자동,차단,소아청소년과
2026-10-01 00:00:00,충청남도,A2400002,단국대학교의과대학부속병원,응급,Y000,응급실,중환자실 입원이 필요한 소아 및 post CPR 케어 환아 입원 치료는 불가합니다,20260928230100,20261005230000,"충청남도 천안시 동남구 망향로 201 (안서동, 단국대학교의과대학부속병원)",A2400002,4,자동,차단,소아청소년과
2026-10-01 00:00:00,충청남도,A2400002,단국대학교의과대학부속병원,응급,Y000,응급실,응급실 인력 부족으로 탄력적 병상 운영합니다. 진료 지연 있습니다,20260928230100,20261005230000,"충청남도 천안시 동남구 망향로 201 (안서동, 단국대학교의과대학부속병원)",A2400002,5,자동,차단,응급실
2026-10-01 00:00:00,충청남도,A2400002,단국대학교의과대학부속병원,응급,Y000,응급실,비뇨기과 의료진 부족으로 환자 수용 불가능,20260928230100,20261005230000,"충청남도 천안시 동남구 망향로 201 (안서동, 단국대학교의과대학부속병원)",A2400002,6,자동,차단,비뇨의학과
2026-10-01 00:00:00,충청남도,A2400002,단국대학교의과대학부속병원,응급,Y000,응급실,경증환자 및 봉합 필요한 환자 수용 어렵습니다. 환자 이송시 수용여부 확인 바랍니다.,20260928230100,20261005230000,"충청남도 천안시 동남구 망향로 201 (안서동, 단국대학교의과대학부속병원)",A2400002,7,자동,차단,응급실
2026-10-01 00:00:00,전북특별자치도,A2500001,원광대학교병원,응급,Y000,응급실,정형외과 진료 원활하지 않습니다. 반드시 연락주세요.,20260927000000,20261004000000,"전북특별자치도 익산시 무왕로 895 (신동,(신동))",A2500001,1,자동,차단,정형외과
2026-10-01 00:00:00,전북특별자치도,A2500001,원광대학교병원,응급,Y000,응급실,병원 사정상 전원 시 반드시 연락 바랍니다.,20260927000000,20261004000000,"전북특별자치도 익산시 무왕로 895 (신동,(신동))",A2500001,2,자동,차단,응급실
2026-10-01 00:00:00,전북특별자치도,A2500001,원광대학교병원,응급,Y000,응급실,소화기내과 매주 금요일 12:00부터 월요일 08:59까지 소화기내과 응급내시경 불가합니다.,20260927000000,20261004000000,"전북특별자치도 익산시 무왕로 895 (신동,(신동))",A2500001,3,자동,차단,소화기내과
2026-10-01 00:00:00,전북특별자치도,A2500001,원광대학교병원,응급,Y000,응급실,비뇨기과 야간 진료 원활하지 않습니다. 반드시 연락주세요.,20260927000000,20261004000000,"전북특별자치도 익산시 무왕로 895 (신동,(신동))",A2500001,4,자동,차단,비뇨의학과
2026-10-01 00:00:00,전북특별자치도,A2500001,원광대학교병원,응급,Y000,응급실,야간 소아 진료 원활하지 않습니다. 반드시 연락주세요,20260927000000,20261004000000,"전북특별자치도 익산시 무왕로 895 (신동,(신동))",A2500001,5,자동,차단,소아청소년과
2026-10-01 00:00:00,전북특별자치도,A2500001,원광대학교병원,응급,Y000,응급실,성형외과 진료 원활하지 않습니다. 반드시 연락주세요.,20260927000000,20261004000000,"전북특별자치도 익산시 무왕로 895 (신동,(신동))",A2500001,6,자동,차단,성형외과
2026-10-01 00:00:00,전북특별자치도,A2500001,원광대학교병원,응급,Y000,응급실,호흡기내과 진료 원활하지 않습니다. 반드시 연락주세요.,20260927000000,20261004000000,"전북특별자치도 익산시 무왕로 895 (신동,(신동))",A2500001,7,자동,차단,호흡기내과
2026-10-01 00:00:00,전북특별자치도,A2500001,원광대학교병원,중증,Y0131,수족지접합,수족지접합  진료 불가능합니다.,20260927000000,20261004000000,"전북특별자치도 익산시 무왕로 895 (신동,(신동))",A2500001,8,자동,차단,
2026-10-01 00:00:00,전북특별자치도,A2500001,원광대학교병원,중증,Y0132,수족지접합 외,수족지접합 외 진료 불가능합니다.,20260927000000,20261004000000,"전북특별자치도 익산시 무왕로 895 (신동,(신동))",A2500001,9,자동,차단,
2026-10-01 00:00:00,전북특별자치도,A2500001,원광대학교병원,응급,Y000,응급실,이비인후과 야간 진료 원활하지 않습니다. 반드시 연락주세요.,20260927000000,20261004000000,"전북특별자치도 익산시 무왕로 895 (신동,(신동))",A2500001,10,자동,차단,이비인후과
2026-10-01 00:00:00,전북특별자치도,A2500001,원광대학교병원,응급,Y000,응급실,마취통증의학과 인력부족으로 인해 18시 이후로 응급수술 불가능 합니다.,20260927000000,20261004000000,"전북특별자치도 익산시 무왕로 895 (신동,(신동))",A2500001,11,자동,차단,마취통증의학과
2026-10-01 00:00:00,전북특별자치도,A2500001,원광대학교병원,응급,Y000,응급실,매주 토요일 소화기내과 진료 원활하지 않습니다. 반드시 연락주세요.,20260927000000,20261004000000,"전북특별자치도 익산시 무왕로 895 (신동,(신동))",A2500001,12,자동,차단,소화기내과
2026-10-01 00:00:00,전북특별자치도,A2500001,원광대학교병원,응급,Y000,응급실,본원 소화기내과 인력부족으로 22:00~08:00에는 응급내시경 불가합니다.,20260927000000,20261004000000,"전북특별자치도 익산시 무왕로 895 (신동,(신동))",A2500001,13,자동,차단,소화기내과
2026-10-01 00:00:00,전북특별자치도,A2500002,전북대학교병원,응급,Y000,응급실,"혈관외과 진료인력 부재로 혈관외과 진료, 전원, 협진 불가",20260930235800,20261006070000,전북특별자치도 전주시 덕진구 건지로 20 (금암동),A2500002,14,자동,차단,외과
2026-10-01 00:00:00,전북특별자치도,A2500002,전북대학교병원,응급,Y000,응급실,매주 수요일 19:00-익일 7:00 전공의 부재로 외부 전원 수용 불가 및 응급실 진료 지연,20260930190000,20261001070000,전북특별자치도 전주시 덕진구 건지로 20 (금암동),A2500002,15,자동,차단,신경외과
2026-10-01 00:00:00,전북특별자치도,A2500002,전북대학교병원,응급,Y000,응급실,전라북도외 전원문의및 타병원 항암환자 진료제한,20260928063000,20261005000000,전북특별자치도 전주시 덕진구 건지로 20 (금암동),A2500002,16,자동,차단,소화기내과
2026-10-01 00:00:00,전북특별자치도,A2500002,전북대학교병원,응급,Y000,응급실,소아 신경 전문의 부재로 인해 소아 신경 응급 환자 진료 불가,20260928015000,20261005000000,전북특별자치도 전주시 덕진구 건지로 20 (금암동),A2500002,17,자동,차단,소아청소년과
2026-10-01 00:00:00,전북특별자치도,A2500002,전북대학교병원,응급,Y000,응급실,전라북도 외 두경부 응급수술 및 전원불가,20260928015000,20261005000000,전북특별자치도 전주시 덕진구 건지로 20 (금암동),A2500002,18,자동,차단,이비인후과
2026-10-01 00:00:00,전북특별자치도,A2500002,전북대학교병원,응급,Y000,응급실,"주말 및 공휴일 응급환자 진료 불가,평일 (9:00 - 17:30) 진료 가능",20260927231200,20261004000000,전북특별자치도 전주시 덕진구 건지로 20 (금암동),A2500002,19,자동,차단,비뇨의학과
2026-10-01 00:00:00,전북특별자치도,A2500004,전북특별자치도남원의료원,응급,Y000,응급실,당직콜 불가능합니다. 내원 전 유선확인 부탁드립니다.,20260930173100,20261001082900,전북특별자치도 남원시 충정로 365 (고죽동),A2500004,20,자동,차단,신경외과
2026-10-01 00:00:00,전북특별자치도,A2500004,전북특별자치도남원의료원,응급,Y000,응급실,당직콜 불가능합니다. 내원 전 유선확인 부탁드립니다.,20260930173100,20261001082900,전북특별자치도 남원시 충정로 365 (고죽동),A2500004,21,자동,차단,흉부외과
2026-10-01 00:00:00,전북특별자치도,A2500006,재단법인예수병원유지재단예수병원,응급,Y000,응급실,소화기내과 일부질환 진료 원활하지 않습니다. 전원시 반드시 연락바랍니다.,20260930220000,20261001060000,"전북특별자치도 전주시 완산구 서원로 365 (중화산동1가, 예수병원)",A2500006,22,자동,차단,소화기내과
2026-10-01 00:00:00,전북특별자치도,A2500006,재단법인예수병원유지재단예수병원,응급,Y000,응급실,"신경과,이비인후과,안과,피부과 주말 및 야간 진료 원활하지 않습니다. 전원시 반드시 연락바랍니다.",20260930180000,20261001060000,"전북특별자치도 전주시 완산구 서원로 365 (중화산동1가, 예수병원)",A2500006,23,자동,차단,기타 진료과
2026-10-01 00:00:00,전북특별자치도,A2500006,재단법인예수병원유지재단예수병원,응급,Y000,응급실,호흡기내과 일부질환 진료 원활하지 않습니다. 전원시 반드시 연락바랍니다.,20260930180000,20261001060000,"전북특별자치도 전주시 완산구 서원로 365 (중화산동1가, 예수병원)",A2500006,24,자동,차단,호흡기내과
2026-10-01 00:00:00,전북특별자치도,A2500006,재단법인예수병원유지재단예수병원,응급,Y000,응급실,신경외과 일부질환 진료 원활하지 않습니다. 전원시 반드시 연락바랍니다.,20260930080000,20261001080000,"전북특별자치도 전주시 완산구 서원로 365 (중화산동1가, 예수병원)",A2500006,25,자동,차단,신경외과
2026-10-01 00:00:00,전북특별자치도,A2500007,전북특별자치도군산의료원,중증,Y0100,저출생체중아,2.5kg이하 저체중 출생아 수용 불가능,20260928000000,20261004235900,"전북특별자치도 군산시 의료원로 27 (지곡동,(지곡동, 군산의료원))",A2500007,26,자동,차단,
2026-10-01 00:00:00,전북특별자치도,A2500012,의료법인오성의료재단동군산병원,중증,Y0171,영상의학혈관중재(성인),담당의 부재,20260928083000,20261001083000,전북특별자치도 군산시 조촌로 149 (조촌동),A2500012,27,자동,차단,
2026-10-01 00:00:00,경상북도,A2700002,포항세명기독병원,응급,Y000,응급실,"PS진료 화요일, 목요일, 금요일(오전) 진료만 가능합니다.",20260929000000,20261006235900,경상북도 포항시 남구 포스코대로 351 (대도동),A2700002,1,자동,차단,성형외과
2026-10-01 00:00:00,경상북도,A2700002,포항세명기독병원,응급,Y000,응급실,ERCP 평일 일과시간(09:00~17:30) 가능합니다. 전원 의뢰시 사전문의 부탁드립니다.,20260929000000,20261006235900,경상북도 포항시 남구 포스코대로 351 (대도동),A2700002,2,자동,차단,외과
2026-10-01 00:00:00,경상북도,A2700002,포항세명기독병원,응급,Y000,응급실,"대동맥 응급질환 (TEVAR, EVAR) 가능합니다. 전원 의뢰시 사전문의 부탁드립니다.",20260929000000,20261006235900,경상북도 포항시 남구 포스코대로 351 (대도동),A2700002,3,자동,차단,흉부외과
2026-10-01 00:00:00,경상북도,A2700002,포항세명기독병원,응급,Y000,응급실,안과 전문의 부재로 안과 진료 불가합니다,20260929000000,20261006235900,경상북도 포항시 남구 포스코대로 351 (대도동),A2700002,4,자동,차단,안과
2026-10-01 00:00:00,경상북도,A2700002,포항세명기독병원,응급,Y000,응급실,중증화상환자 전원의뢰시 사전문의 부탁드립니다. (20~30% 가능),20260929000000,20261006235900,경상북도 포항시 남구 포스코대로 351 (대도동),A2700002,5,자동,차단,성형외과
2026-10-01 00:00:00,경상북도,A2700002,포항세명기독병원,응급,Y000,응급실,영유아 장중첩/장폐색 12개월 이상만 수술 가능합니다. 전원 의뢰시 사전문의 부탁드립니다.,20260929000000,20261006235900,경상북도 포항시 남구 포스코대로 351 (대도동),A2700002,6,자동,차단,외과
2026-10-01 00:00:00,경상북도,A2700006,의료법인동춘의료재단문경제일병원,응급,Y000,응급실,정신과 응급 입원시 사전에 전화 문의 부탁 드립니다.,20260930163700,20261007210000,경상북도 문경시 당교3길 25 (모전동),A2700006,7,자동,차단,정신건강의학과
2026-10-01 00:00:00,경상북도,A2700007,차의과학대학교부속구미차병원,응급,Y000,응급실,"⑥중독환자 내원 시 반드시 사전 연락 후 결정!,",20260930150000,20261007150000,경상북도 구미시 신시로10길 12 (형곡동),A2700007,8,자동,차단,정신건강의학과
2026-10-01 00:00:00,경상북도,A2700007,차의과학대학교부속구미차병원,응급,Y000,응급실,"④응급내시경 연락 후 수용 결정,",20260930150000,20261007150000,경상북도 구미시 신시로10길 12 (형곡동),A2700007,9,자동,차단,소화기내과
2026-10-01 00:00:00,경상북도,A2700007,차의과학대학교부속구미차병원,응급,Y000,응급실,"⑦안과 외래있는날만 가능 (월, 토-오전 가능, 화,수,금-오전&오후 가능, )",20260930150000,20261007150000,경상북도 구미시 신시로10길 12 (형곡동),A2700007,10,자동,차단,안과
2026-10-01 00:00:00,경상북도,A2700007,차의과학대학교부속구미차병원,응급,Y000,응급실,⑤영상의학 혈관중재(성인) 연락 후 수용결정,20260930150000,20261007150000,경상북도 구미시 신시로10길 12 (형곡동),A2700007,11,자동,차단,영상의학과
2026-10-01 00:00:00,경상북도,A2700007,차의과학대학교부속구미차병원,응급,Y000,응급실,⑧CAG 필요시 사전 연락!,20260930150000,20261007150000,경상북도 구미시 신시로10길 12 (형곡동),A2700007,12,자동,차단,순환기내과
2026-10-01 00:00:00,경상북도,A2700007,차의과학대학교부속구미차병원,응급,Y000,응급실,②ICU내 격리실에서 CRRT가용은 불가능함.,20260930150000,20261007150000,경상북도 구미시 신시로10길 12 (형곡동),A2700007,13,자동,차단,신장내과
2026-10-01 00:00:00,경상북도,A2700007,차의과학대학교부속구미차병원,응급,Y000,응급실,③기관지내시경 연락 후 수용결정,20260930150000,20261007150000,경상북도 구미시 신시로10길 12 (형곡동),A2700007,14,자동,차단,호흡기내과
2026-10-01 00:00:00,경상북도,A2700007,차의과학대학교부속구미차병원,응급,Y000,응급실,"①본원 F/U 산모 중 34주 이상, 34주 이상 twin만 가능",20260930150000,20261007150000,경상북도 구미시 신시로10길 12 (형곡동),A2700007,15,자동,차단,산부인과
2026-10-01 00:00:00,경상북도,A2700011,상주적십자병원,중증,Y0051,담낭담관질환(담낭질환),불가능메세지등록,20260930030000,20261005000000,경상북도 상주시 상서문로 53 (남성동),A2700011,16,자동,차단,
2026-10-01 00:00:00,경상북도,A2700011,상주적십자병원,중증,Y0060,복부응급수술(비외상),불가능메세지등록,20260930030000,20261005000000,경상북도 상주시 상서문로 53 (남성동),A2700011,17,자동,차단,
2026-10-01 00:00:00,경상북도,A2700013,순천향대학교부속구미병원,응급,Y000,응급실,불가능메세지등록,20260928090000,20261005090000,"경상북도 구미시 1공단로 179 (공단동, (공단동))",A2700013,18,자동,차단,정형외과
2026-10-01 00:00:00,경상북도,A2700013,순천향대학교부속구미병원,응급,Y000,응급실,불가능메세지등록,20260928090000,20261005090000,"경상북도 구미시 1공단로 179 (공단동, (공단동))",A2700013,19,자동,차단,산부인과
2026-10-01 00:00:00,경상북도,A2700013,순천향대학교부속구미병원,응급,Y000,응급실,불가능메세지등록,20260928090000,20261005090000,"경상북도 구미시 1공단로 179 (공단동, (공단동))",A2700013,20,자동,차단,호흡기내과
2026-10-01 00:00:00,경상북도,A2700014,의료법인안동병원,중증,Y0160,안과적 응급 수술,주간(외래시간) 가능합니다.,20260930170000,20261001083000,경상북도 안동시 앙실로 11 (수상동),A2700014,21,자동,차단,
2026-10-01 00:00:00,경상북도,A2700014,의료법인안동병원,중증,Y0091,기관지 응급내시경(성인),주간(외래시간) 가능합니다.,20260930170000,20261001083000,경상북도 안동시 앙실로 11 (수상동),A2700014,22,자동,차단,
2026-10-01 00:00:00,경상북도,A2700014,의료법인안동병원,중증,Y0081,위장관 응급내시경(성인),주간(외래시간) 가능합니다.,20260930170000,20261001083000,경상북도 안동시 앙실로 11 (수상동),A2700014,23,자동,차단,
2026-10-01 00:00:00,경상북도,A2700014,의료법인안동병원,중증,Y0042,대동맥응급(복부),담당의 부재로 수용 불가합니다.,20260929090000,20261001090000,경상북도 안동시 앙실로 11 (수상동),A2700014,24,자동,차단,
2026-10-01 00:00:00,경상북도,A2700014,의료법인안동병원,중증,Y0041,대동맥응급(흉부),담당의 부재로 수용 불가합니다.,20260929090000,20261001090000,경상북도 안동시 앙실로 11 (수상동),A2700014,25,자동,차단,
2026-10-01 00:00:00,경상북도,A2700014,의료법인안동병원,응급,Y000,응급실,"안과적 응급수술 각막열상봉합술,결막열상봉합술,공막열상봉합술,각결막이물제거술만 가능합니다.",20260929083000,20261006130000,경상북도 안동시 앙실로 11 (수상동),A2700014,26,자동,차단,안과
2026-10-01 00:00:00,경상북도,A2700014,의료법인안동병원,응급,Y000,응급실,산부인과 응급(분만) 35주 미만 불가합니다.,20260929083000,20261006130000,경상북도 안동시 앙실로 11 (수상동),A2700014,27,자동,차단,산부인과
2026-10-01 00:00:00,경상북도,A2700014,의료법인안동병원,응급,Y000,응급실,"★★응급실 내 격리병상 부족으로 폐렴,FEVER,호흡기 증상 환자는 이송 전 문의 바랍니다.★★",20260929083000,20261006130000,경상북도 안동시 앙실로 11 (수상동),A2700014,28,자동,차단,응급실
2026-10-01 00:00:00,경상북도,A2700014,의료법인안동병원,응급,Y000,응급실,영상의학 혈관중재(영유아) 만4세 20kg 이상가능합니다.,20260929083000,20261006130000,경상북도 안동시 앙실로 11 (수상동),A2700014,29,자동,차단,영상의학과
2026-10-01 00:00:00,경상북도,A2700014,의료법인안동병원,응급,Y000,응급실,영유아 장중첩/장폐색 정복술(만3개월 6세이하)만 가능합니다.,20260929083000,20261006130000,경상북도 안동시 앙실로 11 (수상동),A2700014,30,자동,차단,영상의학과
2026-10-01 00:00:00,경상북도,A2700014,의료법인안동병원,응급,Y000,응급실,"대동맥응급(흉부, 복부) 수술 사전 꼭 연락바랍니다.",20260929083000,20261006130000,경상북도 안동시 앙실로 11 (수상동),A2700014,31,자동,차단,흉부외과
2026-10-01 00:00:00,경상북도,A2700014,의료법인안동병원,응급,Y000,응급실,"저출생체중아 35주, 2000g 이상 가능합니다.",20260929083000,20261006130000,경상북도 안동시 앙실로 11 (수상동),A2700014,32,자동,차단,소아청소년과
2026-10-01 00:00:00,경상북도,A2700014,의료법인안동병원,응급,Y000,응급실,고압산소치료 환자 전원 의뢰시 사전 연락바랍니다.(의식상태 확인 필요),20260929083000,20261006130000,경상북도 안동시 앙실로 11 (수상동),A2700014,33,자동,차단,호흡기내과
2026-10-01 00:00:00,경상북도,A2700014,의료법인안동병원,응급,Y000,응급실,정신과 응급입원 여환만 입원 가능합니다. 사전 연락바랍니다.,20260929083000,20261006130000,경상북도 안동시 앙실로 11 (수상동),A2700014,34,자동,차단,정신건강의학과
2026-10-01 00:00:00,경상북도,A2700014,의료법인안동병원,응급,Y000,응급실,★★앤지오시술 필요 시 응급실 사전 연락바랍니다.★★,20260929083000,20261006130000,경상북도 안동시 앙실로 11 (수상동),A2700014,35,자동,차단,영상의학과
2026-10-01 00:00:00,경상북도,A2700016,포항성모병원,응급,Y000,응급실,산부인과 응급(분만) 35주이상 또는 2.5kg 이상이면 가능합니다. 본원 f/u 환자 아니면 수용문의부탁드립니다.,20260928110200,20261005180000,경상북도 포항시 남구 대잠동길 17 (대잠동),A2700016,36,자동,차단,산부인과
2026-10-01 00:00:00,경상북도,A2700016,포항성모병원,응급,Y000,응급실,토요일 오후13시 ~ 월요일 오전8시( 공휴일 포함) 영상의학과 당직 부재로 소아장충첩증 수용불가능 합니다.(공기정복술 시술 불가),20260928110200,20261005180000,경상북도 포항시 남구 대잠동길 17 (대잠동),A2700016,37,자동,차단,영상의학과
2026-10-01 00:00:00,경상북도,A2700016,포항성모병원,응급,Y000,응급실,영유아 위장관 응급내시경 만7세부터 가능 합니다.,20260928110200,20261005180000,경상북도 포항시 남구 대잠동길 17 (대잠동),A2700016,38,자동,차단,소아청소년과
2026-10-01 00:00:00,경상북도,A2700016,포항성모병원,응급,Y000,응급실,성인 기관지 응급 내시경 평일 (09:00-17:00) 진료 가능합니다. (휴일불가능),20260928110200,20261005180000,경상북도 포항시 남구 대잠동길 17 (대잠동),A2700016,39,자동,차단,호흡기내과
2026-10-01 00:00:00,경상북도,A2700016,포항성모병원,응급,Y000,응급실,고압산소 중증환자(기관삽관) 수용불가합니다.,20260928110200,20261005180000,경상북도 포항시 남구 대잠동길 17 (대잠동),A2700016,40,자동,차단,기타 진료과
2026-10-01 00:00:00,경상북도,A2700016,포항성모병원,응급,Y000,응급실,금요일 12시~토요일 12시까지 진료 및 입원 불가합니다.,20260928110200,20261005180000,경상북도 포항시 남구 대잠동길 17 (대잠동),A2700016,41,자동,차단,감염내과
2026-10-01 00:00:00,경상북도,A2700016,포항성모병원,응급,Y000,응급실,안과적 질환 평일 (09:00-17:00) 진료 가능합니다. (휴일불가능),20260928110200,20261005180000,경상북도 포항시 남구 대잠동길 17 (대잠동),A2700016,42,자동,차단,안과
2026-10-01 00:00:00,경상북도,A2700016,포항성모병원,응급,Y000,응급실,"흉부외과 매주 수,토요일 진료 불가합니다.",20260928110200,20261005180000,경상북도 포항시 남구 대잠동길 17 (대잠동),A2700016,43,자동,차단,흉부외과
2026-10-01 00:00:00,경상북도,A2700016,포항성모병원,응급,Y000,응급실,"해당날짜< 9/29, 10/2-4> 뇌경색 외 신경과 진료 불가능 합니다.",20260928110200,20261005180000,경상북도 포항시 남구 대잠동길 17 (대잠동),A2700016,44,자동,차단,신경과
2026-10-01 00:00:00,경상남도,A2800001,경상국립대학교병원,응급,Y000,응급실,32주미만 산모수용불가,20260927090000,20261004090000,경상남도 진주시 강남로 79 (칠암동),A2800001,1,자동,차단,산부인과
2026-10-01 00:00:00,경상남도,A2800001,경상국립대학교병원,응급,Y000,응급실,소아 urticaria 수용불가,20260927090000,20261004090000,경상남도 진주시 강남로 79 (칠암동),A2800001,2,자동,차단,소아청소년과
2026-10-01 00:00:00,경상남도,A2800001,경상국립대학교병원,응급,Y000,응급실,의료진 부족으로 수용불가,20260927090000,20261004090000,경상남도 진주시 강남로 79 (칠암동),A2800001,3,자동,차단,피부과
2026-10-01 00:00:00,경상남도,A2800001,경상국립대학교병원,응급,Y000,응급실,8세 미만 DI 환자 수용불가,20260927090000,20261004090000,경상남도 진주시 강남로 79 (칠암동),A2800001,4,자동,차단,소아청소년과
2026-10-01 00:00:00,경상남도,A2800001,경상국립대학교병원,응급,Y000,응급실,shoulder part 진료불가,20260927090000,20261004090000,경상남도 진주시 강남로 79 (칠암동),A2800001,5,자동,차단,정형외과
2026-10-01 00:00:00,경상남도,A2800001,경상국립대학교병원,응급,Y000,응급실,"수부 질환, 소아정형환자 수용불가",20260927090000,20261004090000,경상남도 진주시 강남로 79 (칠암동),A2800001,6,자동,차단,정형외과
2026-10-01 00:00:00,경상남도,A2800001,경상국립대학교병원,중증,Y0131,수족지접합,수술불가,20260927090000,20261004090000,경상남도 진주시 강남로 79 (칠암동),A2800001,7,자동,차단,
2026-10-01 00:00:00,경상남도,A2800001,경상국립대학교병원,응급,Y000,응급실,중증외상(사지 절단) 수지 접합 불가능,20260927090000,20261004090000,경상남도 진주시 강남로 79 (칠암동),A2800001,8,자동,차단,정형외과
2026-10-01 00:00:00,경상남도,A2800001,경상국립대학교병원,중증,Y0132,수족지접합 외,수술불가,20260927090000,20261004090000,경상남도 진주시 강남로 79 (칠암동),A2800001,9,자동,차단,
2026-10-01 00:00:00,경상남도,A2800001,경상국립대학교병원,중증,Y0041,대동맥응급(흉부),수술 필요 시 수용불가,20260927090000,20261004090000,경상남도 진주시 강남로 79 (칠암동),A2800001,10,자동,차단,
2026-10-01 00:00:00,경상남도,A2800001,경상국립대학교병원,중증,Y0042,대동맥응급(복부),수술 필요 시 수용불가,20260927090000,20261004090000,경상남도 진주시 강남로 79 (칠암동),A2800001,11,자동,차단,
2026-10-01 00:00:00,경상남도,A2800001,경상국립대학교병원,중증,Y0070,장중첩/폐색(유아),수용불가,20260927090000,20261004090000,경상남도 진주시 강남로 79 (칠암동),A2800001,12,자동,차단,
2026-10-01 00:00:00,경상남도,A2800001,경상국립대학교병원,응급,Y000,응급실,"고관절 질환, 고관절인공관절 질환 환자 수용 불가",20260927090000,20261004090000,경상남도 진주시 강남로 79 (칠암동),A2800001,13,자동,차단,정형외과
2026-10-01 00:00:00,경상남도,A2800004,창원파티마병원,응급,Y000,응급실,"19세 미만 소아분과 진료 불가 (의식변화, 발열 없는 경련, 실신 등)",20260928000000,20261005235900,경상남도 창원시 의창구 창이대로 45 (명서동),A2800004,14,자동,차단,소아청소년과
2026-10-01 00:00:00,경상남도,A2800004,창원파티마병원,응급,Y000,응급실,성인 위내시경 가능 시간 ▶ 평일 09:00~17:00,20260928000000,20261005235900,경상남도 창원시 의창구 창이대로 45 (명서동),A2800004,15,자동,차단,소화기내과
2026-10-01 00:00:00,경상남도,A2800004,창원파티마병원,응급,Y000,응급실,"소아과 전문 진료 가능(평일 17:00-22:00, 토요일 13:00-17:00, 일요일 10:00-17:00)",20260928000000,20261005235900,경상남도 창원시 의창구 창이대로 45 (명서동),A2800004,16,자동,차단,소아청소년과
2026-10-01 00:00:00,경상남도,A2800004,창원파티마병원,응급,Y000,응급실,"[야간, 주말] 성형외과 전문의 진료 및 봉합 불가",20260928000000,20261005235900,경상남도 창원시 의창구 창이대로 45 (명서동),A2800004,17,자동,차단,성형외과
2026-10-01 00:00:00,경상남도,A2800004,창원파티마병원,응급,Y000,응급실,사전에 수용여부 확인 바랍니다.,20260928000000,20261005235900,경상남도 창원시 의창구 창이대로 45 (명서동),A2800004,18,자동,차단,비뇨의학과
2026-10-01 00:00:00,경상남도,A2800004,창원파티마병원,응급,Y000,응급실,일산화탄소 중독 환자 진료 불가,20260928000000,20261005235900,경상남도 창원시 의창구 창이대로 45 (명서동),A2800004,19,자동,차단,병상 또는 장비
2026-10-01 00:00:00,경상남도,A2800004,창원파티마병원,응급,Y000,응급실,사전에 수용여부 확인바랍니다.,20260928000000,20261005235900,경상남도 창원시 의창구 창이대로 45 (명서동),A2800004,20,자동,차단,이비인후과
2026-10-01 00:00:00,경상남도,A2800004,창원파티마병원,응급,Y000,응급실,"[야간, 주말] 정형외과 전문의 진료 및 봉합 불가",20260928000000,20261005235900,경상남도 창원시 의창구 창이대로 45 (명서동),A2800004,21,자동,차단,정형외과
2026-10-01 00:00:00,경상남도,A2800004,창원파티마병원,응급,Y000,응급실,혈액종양내과 진료 불가,20260928000000,20261005235900,경상남도 창원시 의창구 창이대로 45 (명서동),A2800004,22,자동,차단,혈액·종양내과
2026-10-01 00:00:00,경상남도,A2800004,창원파티마병원,응급,Y000,응급실,사전에 수용여부 확인 바랍니다.,20260928000000,20261005235900,경상남도 창원시 의창구 창이대로 45 (명서동),A2800004,23,자동,차단,치과
2026-10-01 00:00:00,경상남도,A2800004,창원파티마병원,응급,Y000,응급실,"정신과 응급진료 불가 (약물중독, 자해, 입원이 필요한 경우)",20260928000000,20261005235900,경상남도 창원시 의창구 창이대로 45 (명서동),A2800004,24,자동,차단,정신건강의학과
2026-10-01 00:00:00,경상남도,A2800004,창원파티마병원,응급,Y000,응급실,"심부열상, 개방성 골절 진료 불가",20260928000000,20261005235900,경상남도 창원시 의창구 창이대로 45 (명서동),A2800004,25,자동,차단,정형외과
2026-10-01 00:00:00,경상남도,A2800004,창원파티마병원,응급,Y000,응급실,사전에 수용여부 확인 바랍니다.,20260928000000,20261005235900,경상남도 창원시 의창구 창이대로 45 (명서동),A2800004,26,자동,차단,피부과
2026-10-01 00:00:00,경상남도,A2800004,창원파티마병원,응급,Y000,응급실,대동맥박리 진료 불가,20260928000000,20261005235900,경상남도 창원시 의창구 창이대로 45 (명서동),A2800004,27,자동,차단,흉부외과
2026-10-01 00:00:00,경상남도,A2800004,창원파티마병원,응급,Y000,응급실,"~ 12/31까지 감염내과 진료 불가 (원인불명 열, 피부감염 등)",20260928000000,20261005235900,경상남도 창원시 의창구 창이대로 45 (명서동),A2800004,28,자동,차단,감염내과
2026-10-01 00:00:00,경상남도,A2800007,창원한마음병원,응급,Y000,응급실,[정형외과] 사지접합의 수술이 필요한 환자 내원 시 응급의료센터 확인 요망,20260928110000,20261005120000,경상남도 창원시 의창구 용동로57번길 8 (사림동),A2800007,29,자동,차단,응급실
2026-10-01 00:00:00,경상남도,A2800007,창원한마음병원,응급,Y000,응급실,[소아청소년과] seizure 포함 소아신경학적증상 있는 소아의 경우 소아신경과 부재로 진료불가,20260928110000,20261005120000,경상남도 창원시 의창구 용동로57번길 8 (사림동),A2800007,30,자동,차단,소아청소년과
2026-10-01 00:00:00,경상남도,A2800007,창원한마음병원,응급,Y000,응급실,[소아청소년과] 소아 이물질환자 진료불가,20260928110000,20261005120000,경상남도 창원시 의창구 용동로57번길 8 (사림동),A2800007,31,자동,차단,소아청소년과
2026-10-01 00:00:00,경상남도,A2800007,창원한마음병원,응급,Y000,응급실,[안과] 안과 질환 응급 환자 이송 시 응급의료센터 확인 요망,20260928110000,20261005120000,경상남도 창원시 의창구 용동로57번길 8 (사림동),A2800007,32,자동,차단,응급실
2026-10-01 00:00:00,경상남도,A2800007,창원한마음병원,응급,Y000,응급실,[소아청소년과] 3개월 미만 환아 소아전문의 부재로 진료불가,20260928110000,20261005120000,경상남도 창원시 의창구 용동로57번길 8 (사림동),A2800007,33,자동,차단,소아청소년과
2026-10-01 00:00:00,경상남도,A2800007,창원한마음병원,응급,Y000,응급실,"[소아청소년과] 소아 중증호흡기질환, 특히 소아 intubation이 필요한 중증환아의 경우 본원 소아 인공호흡기장비 부재로 진료불가",20260928110000,20261005120000,경상남도 창원시 의창구 용동로57번길 8 (사림동),A2800007,34,자동,차단,병상 또는 장비
2026-10-01 00:00:00,경상남도,A2800011,양산부산대학교병원,중증,Y0020,뇌경색의 재관류중재술,시술중. acute 수용 불가능.,20260930220400,20261001030000,경상남도 양산시 물금읍 금오로 20,A2800011,35,자동,차단,
2026-10-01 00:00:00,경상남도,A2800011,양산부산대학교병원,중증,Y0160,안과적 응급 수술,망막 part 의료진 부재로 진료 및 수술 불가능.,20260930174500,20261007230000,경상남도 양산시 물금읍 금오로 20,A2800011,36,자동,차단,
2026-10-01 00:00:00,경상남도,A2800011,양산부산대학교병원,응급,Y000,응급실,소아응급실) 수 3PM~ 목 8AM까지 sono 불가,20260930150000,20261001080000,경상남도 양산시 물금읍 금오로 20,A2800011,37,자동,차단,소아청소년과
2026-10-01 00:00:00,경상남도,A2800011,양산부산대학교병원,응급,Y000,응급실,소아 정형외과) 진료 및 수술 불가능,20260928135500,20261004070000,경상남도 양산시 물금읍 금오로 20,A2800011,38,자동,차단,정형외과
2026-10-01 00:00:00,경상남도,A2800011,양산부산대학교병원,응급,Y000,응급실,족부 part 진료 불가.,20260925113900,20261002235800,경상남도 양산시 물금읍 금오로 20,A2800011,39,자동,차단,정형외과
2026-10-01 00:00:00,경상남도,A2800011,양산부산대학교병원,응급,Y000,응급실,"정규시간만 가능. (야간, 주말 및 공휴일 진료 불가)",20260925113900,20261002235800,경상남도 양산시 물금읍 금오로 20,A2800011,40,자동,차단,성형외과
2026-10-01 00:00:00,경상남도,A2800011,양산부산대학교병원,응급,Y000,응급실,응급실 진료 불가능. (외래만),20260925113800,20261002235800,경상남도 양산시 물금읍 금오로 20,A2800011,41,자동,차단,피부과
2026-10-01 00:00:00,경상남도,A2800011,양산부산대학교병원,응급,Y000,응급실,진료 및 수술 불가능.,20260925113700,20261002235800,경상남도 양산시 물금읍 금오로 20,A2800011,42,자동,차단,외과
2026-10-01 00:00:00,경상남도,A2800011,양산부산대학교병원,응급,Y000,응급실,응급실 진료 및 입원 불가능.,20260925113700,20261002235800,경상남도 양산시 물금읍 금오로 20,A2800011,43,자동,차단,감염내과
2026-10-01 00:00:00,경상남도,A2800011,양산부산대학교병원,중증,Y0100,저출생체중아,미숙아 망막검사 의사 부재로 30주 미만 미숙아 및 산모 전원 불가.,20260925095000,20261002235900,경상남도 양산시 물금읍 금오로 20,A2800011,44,자동,차단,
2026-10-01 00:00:00,경상남도,A2800011,양산부산대학교병원,중증,Y0051,담낭담관질환(담낭질환),의료진 부재로 진료 불가능.,20260925095000,20261002235900,경상남도 양산시 물금읍 금오로 20,A2800011,45,자동,차단,
2026-10-01 00:00:00,경상남도,A2800011,양산부산대학교병원,중증,Y0052,담낭담관질환(담도포함질환),의료진 부재로 진료 불가능.,20260925095000,20261002235900,경상남도 양산시 물금읍 금오로 20,A2800011,46,자동,차단,
2026-10-01 00:00:00,경상남도,A2800011,양산부산대학교병원,중증,Y0060,복부응급수술(비외상),의료진 부재로 진료 및 수술 불가능.,20260925095000,20261002235900,경상남도 양산시 물금읍 금오로 20,A2800011,47,자동,차단,
2026-10-01 00:00:00,경상남도,A2800014,의료법인갑을의료재단 갑을장유병원,응급,Y000,응급실,불가능메세지등록,20260930160000,20261001090000,경상남도 김해시 장유로 167-13 (부곡동),A2800014,48,자동,차단,병상 또는 장비
2026-10-01 00:00:00,경상남도,A2800017,의료법인합포의료재단에스엠지연세병원,중증,Y0141,응급투석(HD),전문의 해외 일정으로 인한 진료 불가,20260930000000,20261001235900,"경상남도 창원시 마산합포구 3·15대로 76 (월남동2가, 합포의료재단)",A2800017,49,자동,차단,
2026-10-01 00:00:00,경상남도,A2800017,의료법인합포의료재단에스엠지연세병원,중증,Y0142,응급투석(CRRT),전문의 해외 일정으로 인한 진료 불가,20260930000000,20261001235900,"경상남도 창원시 마산합포구 3·15대로 76 (월남동2가, 합포의료재단)",A2800017,50,자동,차단,
2026-10-01 00:00:00,경상남도,A2800020,학교법인성균관대학삼성창원병원,응급,Y000,응급실,"PD IN 의료진 부재로 소아신장 전문의 진료가 필요한 환자 수용어려움(혈뇨, 단백뇨 등 소아 신장질환)",20260930201000,20261007235900,"경상남도 창원시 마산회원구 팔용로 158 (합성동, 삼성창원병원)",A2800020,51,자동,차단,소아청소년과
2026-10-01 00:00:00,경상남도,A2800020,학교법인성균관대학삼성창원병원,중증,Y0142,응급투석(CRRT),CRRT기기부족으로 적응증환자 수용어려움,20260928130700,20261005235900,"경상남도 창원시 마산회원구 팔용로 158 (합성동, 삼성창원병원)",A2800020,52,자동,차단,
2026-10-01 00:00:00,경상남도,A2800020,학교법인성균관대학삼성창원병원,중증,Y0111,산부인과 응급(분만),[산부인과] 응급 분만 인력부족으로 Follow up외 수용어려움 사전문의바람,20260924000300,20261001235900,"경상남도 창원시 마산회원구 팔용로 158 (합성동, 삼성창원병원)",A2800020,53,자동,차단,
2026-10-01 00:00:00,경상남도,A2800020,학교법인성균관대학삼성창원병원,중증,Y0112,산부인과 응급(산과수술),[산부인과] 응급 산과수술 인력부족으로 Follow up외 수용어려움 사전문의바람,20260924000300,20261001235900,"경상남도 창원시 마산회원구 팔용로 158 (합성동, 삼성창원병원)",A2800020,54,자동,차단,
2026-10-01 00:00:00,경상남도,A2800020,학교법인성균관대학삼성창원병원,중증,Y0113,산부인과 응급(부인과수술),[산부인과] 응급 부인과수술 인력부족으로 Follow up외 수용어려움 사전문의바람,20260924000300,20261001235900,"경상남도 창원시 마산회원구 팔용로 158 (합성동, 삼성창원병원)",A2800020,55,자동,차단,
2026-10-01 00:00:00,경상남도,A2800020,학교법인성균관대학삼성창원병원,응급,Y000,응급실,"[신장내과] 인력부족으로 수용 제한적, 사전문의바람",20260924000000,20261001235900,"경상남도 창원시 마산회원구 팔용로 158 (합성동, 삼성창원병원)",A2800020,56,자동,차단,신장내과
2026-10-01 00:00:00,경상남도,A2800020,학교법인성균관대학삼성창원병원,응급,Y000,응급실,[호흡기 내과] 인력부족으로 신환수용 불가,20260924000000,20261001235900,"경상남도 창원시 마산회원구 팔용로 158 (합성동, 삼성창원병원)",A2800020,57,자동,차단,호흡기내과
2026-10-01 00:00:00,경상남도,A2800020,학교법인성균관대학삼성창원병원,응급,Y000,응급실,[응급의학과] - 인력부족으로 post CPR 환자 본원에 수용여부 확인,20260924000000,20261001235900,"경상남도 창원시 마산회원구 팔용로 158 (합성동, 삼성창원병원)",A2800020,58,자동,차단,응급실
2026-10-01 00:00:00,경상남도,A2800020,학교법인성균관대학삼성창원병원,응급,Y000,응급실,[소아청소년과] 소아외상 진료불가,20260924000000,20261001235900,"경상남도 창원시 마산회원구 팔용로 158 (합성동, 삼성창원병원)",A2800020,59,자동,차단,소아청소년과
2026-10-01 00:00:00,경상남도,A2800020,학교법인성균관대학삼성창원병원,응급,Y000,응급실,[정신건강의학과] 당직 의료진 부재로 진료불가,20260924000000,20261001235900,"경상남도 창원시 마산회원구 팔용로 158 (합성동, 삼성창원병원)",A2800020,60,자동,차단,정신건강의학과
2026-10-01 00:00:00,경상남도,A2800020,학교법인성균관대학삼성창원병원,응급,Y000,응급실,"[외과] 인력부족으로 특정과목 응급수술 불가, 사전문의바람",20260924000000,20261001235900,"경상남도 창원시 마산회원구 팔용로 158 (합성동, 삼성창원병원)",A2800020,61,자동,차단,외과
2026-10-01 00:00:00,경상남도,A2800020,학교법인성균관대학삼성창원병원,응급,Y000,응급실,[영상의학과] 해당과 사정으로 고환 염전 초음파 진료 불가,20260924000000,20261001235900,"경상남도 창원시 마산회원구 팔용로 158 (합성동, 삼성창원병원)",A2800020,62,자동,차단,영상의학과
2026-10-01 00:00:00,경상남도,A2800020,학교법인성균관대학삼성창원병원,응급,Y000,응급실,[안과] 인력부족으로 진료 및 수술 제한적,20260924000000,20261001235900,"경상남도 창원시 마산회원구 팔용로 158 (합성동, 삼성창원병원)",A2800020,63,자동,차단,안과
2026-10-01 00:00:00,경상남도,A2800020,학교법인성균관대학삼성창원병원,응급,Y000,응급실,[피부과] 당직 의료진 부재로 진료불가,20260924000000,20261001235900,"경상남도 창원시 마산회원구 팔용로 158 (합성동, 삼성창원병원)",A2800020,64,자동,차단,피부과
2026-10-01 00:00:00,경상남도,A2800020,학교법인성균관대학삼성창원병원,중증,Y0131,수족지접합,[정형외과] 사지접합의 수술(수족지접합) 인력문제로 수부파트 진료불가 사전문의바람,20260924000000,20261001235900,"경상남도 창원시 마산회원구 팔용로 158 (합성동, 삼성창원병원)",A2800020,65,자동,차단,
2026-10-01 00:00:00,경상남도,A2800020,학교법인성균관대학삼성창원병원,응급,Y000,응급실,[응급의학과] - 인력 부족으로 중증환자 119 통한 수용 및 외부 전원 제한적,20260924000000,20261001235900,"경상남도 창원시 마산회원구 팔용로 158 (합성동, 삼성창원병원)",A2800020,66,자동,차단,응급실
2026-10-01 00:00:00,경상남도,A2800020,학교법인성균관대학삼성창원병원,응급,Y000,응급실,[응급의학과] - 인력부족으로 DI환자 사전에 수용여부 확인바람,20260924000000,20261001235900,"경상남도 창원시 마산회원구 팔용로 158 (합성동, 삼성창원병원)",A2800020,67,자동,차단,응급실
2026-10-01 00:00:00,경상남도,A2800020,학교법인성균관대학삼성창원병원,응급,Y000,응급실,"[혈액종양내과] 해당과 사정으로 신환, 타병원 ca 환자 수용 제한적, 사전문의 바람",20260924000000,20261001235900,"경상남도 창원시 마산회원구 팔용로 158 (합성동, 삼성창원병원)",A2800020,68,자동,차단,혈액·종양내과
2026-10-01 00:00:00,경상남도,A2800020,학교법인성균관대학삼성창원병원,응급,Y000,응급실,"[신경과] 외상없는 양쪽다리 마비,양쪽팔다리 마비환자 진료불가, 신경과 말초 및 신경근육질환 전문의 장기간 공석으로 해당질환 진료불가",20260924000000,20261001235900,"경상남도 창원시 마산회원구 팔용로 158 (합성동, 삼성창원병원)",A2800020,69,자동,차단,신경과
2026-10-01 00:00:00,경상남도,A2800020,학교법인성균관대학삼성창원병원,응급,Y000,응급실,[성형외과] 당직 의료진 부재로 진료불가,20260924000000,20261001235900,"경상남도 창원시 마산회원구 팔용로 158 (합성동, 삼성창원병원)",A2800020,70,자동,차단,성형외과
2026-10-01 00:00:00,경상남도,A2800020,학교법인성균관대학삼성창원병원,응급,Y000,응급실,[심장혈관흉부외과] 당직별 수술가능여부 달라 사전문의 바람,20260924000000,20261001235900,"경상남도 창원시 마산회원구 팔용로 158 (합성동, 삼성창원병원)",A2800020,71,자동,차단,흉부외과
2026-10-01 00:00:00,경상남도,A2800021,연세에스병원,중증,Y0032,뇌출혈수술(거미막하 출혈 외),불가능메세지등록,20260930180000,20261001090000,경상남도 창원시 진해구 해원로32번길 13 (이동),A2800021,72,자동,차단,
2026-10-01 00:00:00,경상남도,A2800021,연세에스병원,중증,Y0020,뇌경색의 재관류중재술,불가능메세지등록,20260930180000,20261001090000,경상남도 창원시 진해구 해원로32번길 13 (이동),A2800021,73,자동,차단,
2026-10-01 00:00:00,경상남도,A2800021,연세에스병원,중증,Y0031,뇌출혈수술(거미막하 출혈),불가능메세지등록,20260930180000,20261001090000,경상남도 창원시 진해구 해원로32번길 13 (이동),A2800021,74,자동,차단,
2026-10-01 00:00:00,경상남도,A2803505,창원경상국립대학교병원,중증,Y0160,안과적 응급 수술,불가능메세지등록,20260930200000,20261001090000,"경상남도 창원시 성산구 삼정자로 11 (성주동, 창원경상대학교병원)",A2803505,75,자동,차단,
2026-10-01 00:00:00,경상남도,A2803505,창원경상국립대학교병원,응급,Y000,응급실,[신경과] 의료진 부재로 acute stroke 수용 불가,20260930180900,20261001080000,"경상남도 창원시 성산구 삼정자로 11 (성주동, 창원경상대학교병원)",A2803505,76,자동,차단,신경과
2026-10-01 00:00:00,경상남도,A2803505,창원경상국립대학교병원,중증,Y0010,심근경색의 재관류중재술,의료진부재,20260930180900,20261001080000,"경상남도 창원시 성산구 삼정자로 11 (성주동, 창원경상대학교병원)",A2803505,77,자동,차단,
2026-10-01 00:00:00,경상남도,A2803505,창원경상국립대학교병원,응급,Y000,응급실,"[순환기내과] 의료진 부재로 CAG 등 불가, 해당질환 수용 불가",20260930180900,20261001080000,"경상남도 창원시 성산구 삼정자로 11 (성주동, 창원경상대학교병원)",A2803505,78,자동,차단,순환기내과
2026-10-01 00:00:00,경상남도,A2803505,창원경상국립대학교병원,중증,Y0020,뇌경색의 재관류중재술,의료진부재,20260930180900,20261001080000,"경상남도 창원시 성산구 삼정자로 11 (성주동, 창원경상대학교병원)",A2803505,79,자동,차단,
2026-10-01 00:00:00,경상남도,A2803505,창원경상국립대학교병원,응급,Y000,응급실,[성형외과] 평일 09:00~20:00 (화요일09:00~17:00).진료가능,20260930180000,20261007180000,"경상남도 창원시 성산구 삼정자로 11 (성주동, 창원경상대학교병원)",A2803505,80,자동,차단,성형외과
2026-10-01 00:00:00,경상남도,A2803505,창원경상국립대학교병원,응급,Y000,응급실,[안과] 의료진부재로 안과외상 수용불가,20260930180000,20261007180000,"경상남도 창원시 성산구 삼정자로 11 (성주동, 창원경상대학교병원)",A2803505,81,자동,차단,안과
2026-10-01 00:00:00,경상남도,A2803505,창원경상국립대학교병원,응급,Y000,응급실,중증화상환자 기도 및 정맥로 확보 후 화상센터 전원.,20260930180000,20261007180000,"경상남도 창원시 성산구 삼정자로 11 (성주동, 창원경상대학교병원)",A2803505,82,자동,차단,응급실
2026-10-01 00:00:00,경상남도,A2803505,창원경상국립대학교병원,응급,Y000,응급실,"[소아청소년과] 소아초음파 평일 08:00 ~ 17:00까지 가능, 의료진부재로 인해 주말/야간 불가.",20260930180000,20261007180000,"경상남도 창원시 성산구 삼정자로 11 (성주동, 창원경상대학교병원)",A2803505,83,자동,차단,소아청소년과
2026-10-01 00:00:00,경상남도,A2803505,창원경상국립대학교병원,중증,Y0091,기관지 응급내시경(성인),불가능메세지등록,20260930180000,20261001080000,"경상남도 창원시 성산구 삼정자로 11 (성주동, 창원경상대학교병원)",A2803505,84,자동,차단,
2026-10-01 00:00:00,경상남도,A2803505,창원경상국립대학교병원,응급,Y000,응급실,[정형외과] 개방성골절 및 미세접합수술 필요한 경우 수용불가,20260930180000,20261007180000,"경상남도 창원시 성산구 삼정자로 11 (성주동, 창원경상대학교병원)",A2803505,85,자동,차단,정형외과
2026-10-01 00:00:00,경상남도,A2803505,창원경상국립대학교병원,응급,Y000,응급실,[정형외과] 주말 의료진 부재로 해당과 진료불가.,20260930180000,20261007180000,"경상남도 창원시 성산구 삼정자로 11 (성주동, 창원경상대학교병원)",A2803505,86,자동,차단,정형외과
2026-10-01 00:00:00,경상남도,A2803505,창원경상국립대학교병원,응급,Y000,응급실,"[이비인후과] 평일 09:00~17:00 까지 진료가능, 심경부감염, 경부 외상, airway 환자는 의료진부재로 수용불가",20260930180000,20261007180000,"경상남도 창원시 성산구 삼정자로 11 (성주동, 창원경상대학교병원)",A2803505,87,자동,차단,이비인후과
2026-10-01 00:00:00,경상남도,A2803505,창원경상국립대학교병원,중증,Y0081,위장관 응급내시경(성인),불가능메세지등록,20260930180000,20261001080000,"경상남도 창원시 성산구 삼정자로 11 (성주동, 창원경상대학교병원)",A2803505,88,자동,차단,
2026-10-01 00:00:00,경상남도,A2803505,창원경상국립대학교병원,응급,Y000,응급실,[소아청소년과]  seizure 의료진 부재로 수용 불가 (단순열성경련의 경우 문의바람).,20260930180000,20261007180000,"경상남도 창원시 성산구 삼정자로 11 (성주동, 창원경상대학교병원)",A2803505,89,자동,차단,소아청소년과
2026-10-01 00:00:00,제주특별자치도,A2900001,제주한라병원,중증,Y0010,심근경색의 재관류중재술,심장내과 진료과 사정으로 진료 불가(17:00~06:00),20260930170000,20261001060000,"제주특별자치도 제주시 도령로 65 (연동, (연동))",A2900001,1,자동,차단,
2026-10-01 00:00:00,제주특별자치도,A2900001,제주한라병원,응급,Y000,응급실,심장내과 진료과 사정으로 진료 불가(17:00~06:00),20260930170000,20261001060000,"제주특별자치도 제주시 도령로 65 (연동, (연동))",A2900001,2,자동,차단,순환기내과
2026-10-01 00:00:00,제주특별자치도,A2900001,제주한라병원,응급,Y000,응급실,췌담도 part 전문의 부재,20260930170000,20261007080000,"제주특별자치도 제주시 도령로 65 (연동, (연동))",A2900001,3,자동,차단,소화기내과
2026-10-01 00:00:00,제주특별자치도,A2900001,제주한라병원,중증,Y0171,영상의학혈관중재(성인),영상의학 혈관중재 전문의 부재,20260930080000,20261001080000,"제주특별자치도 제주시 도령로 65 (연동, (연동))",A2900001,4,자동,차단,
2026-10-01 00:00:00,제주특별자치도,A2900001,제주한라병원,중증,Y0052,담낭담관질환(담도포함질환),ERCP 전문의 부재,20260928080000,20261005080000,"제주특별자치도 제주시 도령로 65 (연동, (연동))",A2900001,5,자동,차단,
2026-10-01 00:00:00,제주특별자치도,A2900002,제주특별자치도서귀포의료원,중증,Y0081,위장관 응급내시경(성인),불가능메세지등록,20260930080000,20261001080000,제주특별자치도 서귀포시 장수로 47 (동홍동),A2900002,6,자동,차단,
2026-10-01 00:00:00,제주특별자치도,A2900005,한마음병원,응급,Y000,응급실,"[신경과] 전화문의(주말 및 휴일-24시간, 평일-17시~익일 9시까지 진료 일부 제한)",20260930000000,20261007235900,제주특별자치도 제주시 연신로 52   (이도이동),A2900005,7,자동,차단,신경과
2026-10-01 00:00:00,제주특별자치도,A2900005,한마음병원,응급,Y000,응급실,[비뇨의학과] 외래 휴진,20260929000000,20261006235900,제주특별자치도 제주시 연신로 52   (이도이동),A2900005,8,자동,차단,비뇨의학과
2026-10-01 00:00:00,제주특별자치도,A2900006,의료법인중앙의료재단중앙병원,응급,Y000,응급실,사전협의-수술지연 및 입원불가 동의 필요,20260928090000,20261005090000,"제주특별자치도 제주시 월랑로 91-0 (이호이동,중앙병원)",A2900006,9,자동,차단,정형외과
2026-10-01 00:00:00,제주특별자치도,A2900007,제주대학교병원,응급,Y000,응급실,"소화기 내시경 수용 가능 일시 (평일 08:00~20:00, 주말휴일 08:00~12:00)",20260930080000,20261007080000,"제주특별자치도 제주시 아란13길 15-0 (아라일동, 0동 0층 0호 (아라일동,제주대학교병원))",A2900007,10,자동,차단,소화기내과
2026-10-01 00:00:00,제주특별자치도,A2900007,제주대학교병원,응급,Y000,응급실,"안과진료 가능 일시 (주간, 화,목,22시까지, 토 20시까지)",20260924080000,20261001080000,"제주특별자치도 제주시 아란13길 15-0 (아라일동, 0동 0층 0호 (아라일동,제주대학교병원))",A2900007,11,자동,차단,안과
2026-10-01 00:30:00,서울특별시,A1100001,경희대학교병원,응급,Y000,응급실,"NICU 부재, 고위험산모실 부재 등으로 모든 산모 수용 불가",20260925010000,20261002000000,서울특별시 동대문구 경희대로 23 (회기동),A1100001,1,자동,차단,산부인과
2026-10-01 00:30:00,서울특별시,A1100001,경희대학교병원,응급,Y000,응급실,119 구급대원께서는 문의 후 이송 부탁드립니다.,20260925010000,20261002000000,서울특별시 동대문구 경희대로 23 (회기동),A1100001,2,자동,차단,응급실
2026-10-01 00:30:00,서울특별시,A1100001,경희대학교병원,응급,Y000,응급실,성형외과 :(월-목)오후 9시까지 가능 / (금-토)24시간 가능 / (일)오후 4시 ~ 익일 오전 7시 가능,20260925010000,20261002000000,서울특별시 동대문구 경희대로 23 (회기동),A1100001,3,자동,차단,성형외과
2026-10-01 00:30:00,서울특별시,A1100001,경희대학교병원,중증,Y0131,수족지접합,의료진 부족,20260925000000,20261002000000,서울특별시 동대문구 경희대로 23 (회기동),A1100001,4,자동,차단,정형외과
2026-10-01 00:30:00,서울특별시,A1100001,경희대학교병원,중증,Y0132,수족지접합 외,의료진 부족,20260925000000,20261002000000,서울특별시 동대문구 경희대로 23 (회기동),A1100001,5,자동,차단,정형외과
2026-10-01 00:30:00,서울특별시,A1100001,경희대학교병원,중증,Y0042,대동맥응급(복부),의료진 부족,20260925000000,20261002000000,서울특별시 동대문구 경희대로 23 (회기동),A1100001,6,자동,차단,외과
2026-10-01 00:30:00,서울특별시,A1100002,건국대학교병원,응급,Y000,응급실,"3개월이하 소아환자 발열 진료불가, 발열두통 시 뇌척수액검사 예상되는 소아 검사불가합니다. 이송시 참고바랍니다.",20260928090000,20261005090000,서울특별시 광진구 능동로 120-1 (화양동),A1100002,7,자동,차단,소아청소년과
2026-10-01 00:30:00,서울특별시,A1100002,건국대학교병원,응급,Y000,응급실,"소화기 이물 흡입시(저녁8시이후), 대량 토혈 및 혈변, 간이식 가능성이 있는 전격성 간염/간부전, 궤사성 췌장염이 진단된 경우) 이송시 문의 바랍니다.",20260928090000,20261005090000,서울특별시 광진구 능동로 120-1 (화양동),A1100002,8,자동,차단,소아청소년과
2026-10-01 00:30:00,서울특별시,A1100002,건국대학교병원,응급,Y000,응급실,"지속적인 간질 중첩증, 심근염을 비롯한 중증 심질환, 호흡기 기도 이물 및 중증객혈, 중증호흡부전(산소 2L/min이상필요한경우) 이송시 문의 바랍니다.",20260928090000,20261005090000,서울특별시 광진구 능동로 120-1 (화양동),A1100002,9,자동,차단,소아청소년과
2026-10-01 00:30:00,서울특별시,A1100002,건국대학교병원,응급,Y000,응급실,환자 수용여부 확인 부탁드립니다.,20260928090000,20261005090000,서울특별시 광진구 능동로 120-1 (화양동),A1100002,10,자동,차단,신경과
2026-10-01 00:30:00,서울특별시,A1100002,건국대학교병원,응급,Y000,응급실,응급환자 이송시  반드시 병원수용 여부 가능확인 후 이송 부탁드립니다.,20260928090000,20261005090000,서울특별시 광진구 능동로 120-1 (화양동),A1100002,11,자동,차단,응급실
2026-10-01 00:30:00,서울특별시,A1100002,건국대학교병원,응급,Y000,응급실,단순봉합 불가 (필요시 별도 문의 바랍니다),20260928090000,20261005090000,서울특별시 광진구 능동로 120-1 (화양동),A1100002,12,자동,차단,성형외과
2026-10-01 00:30:00,서울특별시,A1100002,건국대학교병원,응급,Y000,응급실,단순봉합 불가 (필요시 별도 문의 바랍니다),20260928090000,20261005090000,서울특별시 광진구 능동로 120-1 (화양동),A1100002,13,자동,차단,정형외과
2026-10-01 00:30:00,서울특별시,A1100003,중앙대학교병원,응급,Y000,응급실,이비인후과 진료 불가,20260930180000,20261001070000,서울특별시 동작구 흑석로 102 (흑석동),A1100003,14,자동,차단,이비인후과
2026-10-01 00:30:00,서울특별시,A1100003,중앙대학교병원,응급,Y000,응급실,피부과 진료 불가,20260930100000,20261007100000,서울특별시 동작구 흑석로 102 (흑석동),A1100003,15,자동,차단,피부과
2026-10-01 00:30:00,서울특별시,A1100003,중앙대학교병원,응급,Y000,응급실,2개월 미만 신생아 및 소아중환자 진료 불가,20260930100000,20261007100000,서울특별시 동작구 흑석로 102 (흑석동),A1100003,16,자동,차단,소아청소년과
2026-10-01 00:30:00,서울특별시,A1100004,순천향대학교부속서울병원,중증,Y0131,수족지접합,성형외과 인력 부족으로 수지접합 불가,20260930220000,20261001075900,서울특별시 용산구 대사관로 59 (한남동),A1100004,17,자동,차단,성형외과
2026-10-01 00:30:00,서울특별시,A1100004,순천향대학교부속서울병원,응급,Y000,응급실,(22:00~익일 08:00) 안면부 열상환자 및 단순 열상환자 응급실 내 진료 불가,20260928000000,20261004235900,서울특별시 용산구 대사관로 59 (한남동),A1100004,18,자동,차단,성형외과
2026-10-01 00:30:00,서울특별시,A1100005,이화여자대학교의과대학부속목동병원,응급,Y000,응급실,성형외과 인력 부족으로 매일 0AM~7AM 단순봉합 불가함,20260928100000,20261005100000,서울특별시 양천구 안양천로 1071 (목동),A1100005,19,자동,차단,성형외과
2026-10-01 00:30:00,서울특별시,A1100006,강북삼성병원,응급,Y000,응급실,"[진료제한]-[수용여부 사전 확인]  비뇨의학과(응급 수술케이스불가), 산부인과, 정형외과, 안과(외상 진료 및 수술불가)",20260929154000,20261006150000,서울특별시 종로구 새문안로 29 (평동),A1100006,20,자동,차단,기타 진료과
2026-10-01 00:30:00,서울특별시,A1100006,강북삼성병원,응급,Y000,응급실,"★CS핫라인-ECMO/심장/대동맥수술/본원CS구환★ 010-8662-6890,  010-5031-0198",20260929154000,20261006150000,서울특별시 종로구 새문안로 29 (평동),A1100006,21,자동,차단,응급실
2026-10-01 00:30:00,서울특별시,A1100006,강북삼성병원,응급,Y000,응급실,[진료제한]-[요일별 상세 운영 다름. 수용여부 사전 확인] 요일별 상세 운영 시간이 달라 내원 전 문의부탁드립니다. (진료시간 1시간전 접수 마감),20260929154000,20261006150000,서울특별시 종로구 새문안로 29 (평동),A1100006,22,자동,차단,소아청소년과
2026-10-01 00:30:00,서울특별시,A1100006,강북삼성병원,응급,Y000,응급실,"[야간불가]-[요일별 상세 운영 다름. 수용여부 사전 확인] 성형외과, 이비인후과, 피부과,  안과",20260929154000,20261006150000,서울특별시 종로구 새문안로 29 (평동),A1100006,23,자동,차단,기타 진료과
2026-10-01 00:30:00,서울특별시,A1100007,연세대학교의과대학세브란스병원,중증,Y0132,수족지접합 외,불가능메세지등록,20260930173000,20261001083000,서울특별시 서대문구 연세로 50-1 (신촌동),A1100007,24,자동,차단,
2026-10-01 00:30:00,서울특별시,A1100007,연세대학교의과대학세브란스병원,중증,Y0131,수족지접합,불가능메세지등록,20260930173000,20261001083000,서울특별시 서대문구 연세로 50-1 (신촌동),A1100007,25,자동,차단,
2026-10-01 00:30:00,서울특별시,A1100007,연세대학교의과대학세브란스병원,중증,Y0160,안과적 응급 수술,[안과적 응급 수술] 정규시간 외 응급수술 불가능(마취지원 불가),20260930150000,20261001080000,서울특별시 서대문구 연세로 50-1 (신촌동),A1100007,26,자동,차단,
2026-10-01 00:30:00,서울특별시,A1100007,연세대학교의과대학세브란스병원,응급,Y000,응급실,[응급 기관지 내시경(성인)] 평일 7am-5pm 시행 가능 / 이 외 시간 및 휴일(공휴일 포함)은 상의 후 결정(필요 시 문의바랍니다.),20260926000000,20261002235900,서울특별시 서대문구 연세로 50-1 (신촌동),A1100007,27,자동,차단,호흡기내과
2026-10-01 00:30:00,서울특별시,A1100007,연세대학교의과대학세브란스병원,응급,Y000,응급실,(성형외과) 단순 봉합 진료 불가,20260926000000,20261002235900,서울특별시 서대문구 연세로 50-1 (신촌동),A1100007,28,자동,차단,성형외과
2026-10-01 00:30:00,서울특별시,A1100007,연세대학교의과대학세브란스병원,응급,Y000,응급실,(소아신경외과) f/u 환자가 아닌 신환의 협진 및 전원 수용 불가 (도보 내원 포함),20260926000000,20261002235900,서울특별시 서대문구 연세로 50-1 (신촌동),A1100007,29,자동,차단,신경외과
2026-10-01 00:30:00,서울특별시,A1100007,연세대학교의과대학세브란스병원,응급,Y000,응급실,(소아신경외과) f/u 환자가 아닌 신환의 협진 및 전원 수용 불가 (도보 내원 포함),20260926000000,20261002235900,서울특별시 서대문구 연세로 50-1 (신촌동),A1100007,30,자동,차단,응급실
2026-10-01 00:30:00,서울특별시,A1100007,연세대학교의과대학세브란스병원,응급,Y000,응급실,"[신생아(미숙아)] 생후 4주 이내, 교정연령 44주이내,  NICU 입원이 연속적인 경우에 가능,야간 및 공휴일은 사전 상의 된 환아 외 진료 불가능 (필요 시 문의 바랍니다)",20260926000000,20261002235900,서울특별시 서대문구 연세로 50-1 (신촌동),A1100007,31,자동,차단,응급실
2026-10-01 00:30:00,서울특별시,A1100007,연세대학교의과대학세브란스병원,응급,Y000,응급실,[복부응급수술(비외상)]Appendicitis 신환 수용 불가,20260926000000,20261002235900,서울특별시 서대문구 연세로 50-1 (신촌동),A1100007,32,자동,차단,외과
2026-10-01 00:30:00,서울특별시,A1100007,연세대학교의과대학세브란스병원,응급,Y000,응급실,[뇌출혈수술] 중환자실 및 응급 수술/마취 지원 여부에 따라 부분 수용 가능 (필요 시 문의 바랍니다.),20260926000000,20261002235900,서울특별시 서대문구 연세로 50-1 (신촌동),A1100007,33,자동,차단,응급실
2026-10-01 00:30:00,서울특별시,A1100007,연세대학교의과대학세브란스병원,응급,Y000,응급실,(산과) 신환수용 불가(f/u 환자는 필요 시 문의바랍니다.),20260926000000,20261002235900,서울특별시 서대문구 연세로 50-1 (신촌동),A1100007,34,자동,차단,응급실
2026-10-01 00:30:00,서울특별시,A1100007,연세대학교의과대학세브란스병원,응급,Y000,응급실,(치과) 치과(일반)진료 21:30 이후 진료 불가능(f/u 포함),20260926000000,20261002235900,서울특별시 서대문구 연세로 50-1 (신촌동),A1100007,35,자동,차단,치과
2026-10-01 00:30:00,서울특별시,A1100008,학교법인 고려중앙학원 고려대학교의과대학부속병원(안암병원),중증,Y0042,대동맥응급(복부),"본원 LT, KT 중으로 수술 필요한 CASE 진료 불가능",20260930070000,20261001070000,"서울특별시 성북구 고려대로 73, 고려대병원 (안암동5가)",A1100008,36,자동,차단,외과
2026-10-01 00:30:00,서울특별시,A1100008,학교법인 고려중앙학원 고려대학교의과대학부속병원(안암병원),중증,Y0051,담낭담관질환(담낭질환),"본원 LT, KT 중으로 수술 필요한 CASE 진료 불가능",20260930070000,20261001070000,"서울특별시 성북구 고려대로 73, 고려대병원 (안암동5가)",A1100008,37,자동,차단,내과
2026-10-01 00:30:00,서울특별시,A1100008,학교법인 고려중앙학원 고려대학교의과대학부속병원(안암병원),중증,Y0060,복부응급수술(비외상),"본원 LT, KT 중으로 수술 필요한 CASE 진료 불가능",20260930070000,20261001070000,"서울특별시 성북구 고려대로 73, 고려대병원 (안암동5가)",A1100008,38,자동,차단,외과
2026-10-01 00:30:00,서울특별시,A1100008,학교법인 고려중앙학원 고려대학교의과대학부속병원(안암병원),응급,Y000,응급실,"[이비인후과]Deep neck infection 환자 평일 주간(8jAM~5PM), 화요일 야간(5PM~익일 8AM) 외 시간은 수용 불가",20260928094100,20261005140000,"서울특별시 성북구 고려대로 73, 고려대병원 (안암동5가)",A1100008,39,자동,차단,이비인후과
2026-10-01 00:30:00,서울특별시,A1100008,학교법인 고려중앙학원 고려대학교의과대학부속병원(안암병원),응급,Y000,응급실,"인력 부재로 성형안과적 진료(안검수술, 안와질환, 눈물길 질환 등) 제한",20260928094000,20261005140000,"서울특별시 성북구 고려대로 73, 고려대병원 (안암동5가)",A1100008,40,자동,차단,안과
2026-10-01 00:30:00,서울특별시,A1100009,재단법인아산사회복지재단 서울아산병원,응급,Y000,응급실,"응급실 포화, CPR만 가능",20261001000100,20261001020000,"서울특별시 송파구 올림픽로43길 88, 서울아산병원 (풍납동)",A1100009,41,자동,차단,응급실
2026-10-01 00:30:00,서울특별시,A1100009,재단법인아산사회복지재단 서울아산병원,응급,Y000,응급실,야간 시간 소아 소화기 이물 제거 불가(해당과 의사인력 부족)/ GI bleeding control은 수용 가능,20260930220000,20261001060000,"서울특별시 송파구 올림픽로43길 88, 서울아산병원 (풍납동)",A1100009,42,자동,차단,소아청소년과
2026-10-01 00:30:00,서울특별시,A1100009,재단법인아산사회복지재단 서울아산병원,응급,Y000,응급실,"단순 중심정맥관(PICC, Q-cath 등) 관련 시술불가",20260930000000,20261007235900,"서울특별시 송파구 올림픽로43길 88, 서울아산병원 (풍납동)",A1100009,43,자동,차단,영상의학과
2026-10-01 00:30:00,서울특별시,A1100009,재단법인아산사회복지재단 서울아산병원,응급,Y000,응급실,[종양내과] 본원 재진 외 수용불가,20260930000000,20261007235900,"서울특별시 송파구 올림픽로43길 88, 서울아산병원 (풍납동)",A1100009,44,자동,차단,혈액·종양내과
2026-10-01 00:30:00,서울특별시,A1100009,재단법인아산사회복지재단 서울아산병원,응급,Y000,응급실,[부인과]본원 재진 외 수용불가,20260930000000,20261007235900,"서울특별시 송파구 올림픽로43길 88, 서울아산병원 (풍납동)",A1100009,45,자동,차단,산부인과
2026-10-01 00:30:00,서울특별시,A1100009,재단법인아산사회복지재단 서울아산병원,응급,Y000,응급실,[성인] 안면부 단순 봉합 수용불가,20260930000000,20261007235900,"서울특별시 송파구 올림픽로43길 88, 서울아산병원 (풍납동)",A1100009,46,자동,차단,성형외과
2026-10-01 00:30:00,서울특별시,A1100009,재단법인아산사회복지재단 서울아산병원,응급,Y000,응급실,[혈액내과] 타원에서 치료중인 신환 수용불가,20260930000000,20261007235900,"서울특별시 송파구 올림픽로43길 88, 서울아산병원 (풍납동)",A1100009,47,자동,차단,혈액·종양내과
2026-10-01 00:30:00,서울특별시,A1100009,재단법인아산사회복지재단 서울아산병원,응급,Y000,응급실,본원 재진 외 수용불가,20260930000000,20261007235900,"서울특별시 송파구 올림픽로43길 88, 서울아산병원 (풍납동)",A1100009,48,자동,차단,호흡기내과
2026-10-01 00:30:00,서울특별시,A1100009,재단법인아산사회복지재단 서울아산병원,응급,Y000,응급실,[산과] 임신 1삼분기GA14+6wks)는 재진 외 수용불가,20260930000000,20261007235900,"서울특별시 송파구 올림픽로43길 88, 서울아산병원 (풍납동)",A1100009,49,자동,차단,산부인과
2026-10-01 00:30:00,서울특별시,A1100010,삼성서울병원,응급,Y000,응급실,"[안과] 응급 안과 적출에 준하는 상황의 경우, 안과 당직 문의 후 수용 여부 확인",20260928000000,20261004235900,"서울특별시 강남구 일원로 81 (일원동, 삼성의료원)",A1100010,50,자동,차단,응급실
2026-10-01 00:30:00,서울특별시,A1100010,삼성서울병원,응급,Y000,응급실,"[AMI, 급성뇌졸중 의심 환자] 우선 진료 조정을 위해 노력하고 있으니, 수용 문의 부탁드립니다.",20260928000000,20261004235900,"서울특별시 강남구 일원로 81 (일원동, 삼성의료원)",A1100010,51,자동,차단,응급실
2026-10-01 00:30:00,서울특별시,A1100010,삼성서울병원,응급,Y000,응급실,[소아청소년과] 소아 중환자 및 뇌전증 지속상태 환자는 전원 수용 여부 사전 확인,20260928000000,20261004235900,"서울특별시 강남구 일원로 81 (일원동, 삼성의료원)",A1100010,52,자동,차단,응급실
2026-10-01 00:30:00,서울특별시,A1100010,삼성서울병원,응급,Y000,응급실,[담낭담관질환] 담낭 수술 및 시술은 반드시 수용 여부 사전 확인,20260928000000,20261004235900,"서울특별시 강남구 일원로 81 (일원동, 삼성의료원)",A1100010,53,자동,차단,응급실
2026-10-01 00:30:00,서울특별시,A1100010,삼성서울병원,응급,Y000,응급실,[위장관 응급내시경(성인)] 반드시 수용 여부 사전 확인,20260928000000,20261004235900,"서울특별시 강남구 일원로 81 (일원동, 삼성의료원)",A1100010,54,자동,차단,응급실
2026-10-01 00:30:00,서울특별시,A1100012,학교법인가톨릭학원가톨릭대학교서울성모병원,응급,Y000,응급실,야간 수용 불가,20260928130100,20261005130000,서울특별시 서초구 반포대로 222 (반포동),A1100012,55,자동,차단,피부과
2026-10-01 00:30:00,서울특별시,A1100012,학교법인가톨릭학원가톨릭대학교서울성모병원,응급,Y000,응급실,"경증 환자 수용 불가, 신환 환자 사전 협의 필요",20260928130100,20261005130000,서울특별시 서초구 반포대로 222 (반포동),A1100012,56,자동,차단,혈액·종양내과
2026-10-01 00:30:00,서울특별시,A1100013,한양대학교병원,응급,Y000,응급실,피부과 의료진 인력부족으로 피부과 관련 환자 진료불가,20260930220000,20261001080000,서울특별시 성동구 왕십리로 222-1 (사근동),A1100013,57,자동,차단,피부과
2026-10-01 00:30:00,서울특별시,A1100013,한양대학교병원,응급,Y000,응급실,성형외과 의료진 인력부족으로 단순 열상 환자 수용불가(심한 안면부 골절 불가능),20260930220000,20261001080000,서울특별시 성동구 왕십리로 222-1 (사근동),A1100013,58,자동,차단,성형외과
2026-10-01 00:30:00,서울특별시,A1100013,한양대학교병원,응급,Y000,응급실,안과 의료진 인력부족으로 안과 관련 환자 진료불가,20260930220000,20261001070000,서울특별시 성동구 왕십리로 222-1 (사근동),A1100013,59,자동,차단,안과
2026-10-01 00:30:00,서울특별시,A1100013,한양대학교병원,응급,Y000,응급실,소아혈액종양내과 의료진 인력부족으로 관련 환자 진료불가,20260928090000,20261005090000,서울특별시 성동구 왕십리로 222-1 (사근동),A1100013,60,자동,차단,소아청소년과
2026-10-01 00:30:00,서울특별시,A1100013,한양대학교병원,응급,Y000,응급실,"응급실 인력부족으로 비응급, 경증환자 수용자제",20260928090000,20261005090000,서울특별시 성동구 왕십리로 222-1 (사근동),A1100013,61,자동,차단,응급실
2026-10-01 00:30:00,서울특별시,A1100013,한양대학교병원,응급,Y000,응급실,응급실 인력부족으로 중증외상환자 수용자제,20260928090000,20261005090000,서울특별시 성동구 왕십리로 222-1 (사근동),A1100013,62,자동,차단,응급실
2026-10-01 00:30:00,서울특별시,A1100013,한양대학교병원,응급,Y000,응급실,이비인후과 인력 부족으로 경부심재감염은 전원환자 수용불가,20260928090000,20261005090000,서울특별시 성동구 왕십리로 222-1 (사근동),A1100013,63,자동,차단,이비인후과
2026-10-01 00:30:00,서울특별시,A1100013,한양대학교병원,응급,Y000,응급실,응급실 인력부족으로 중증외상환자 수용자제,20260928090000,20261005090000,서울특별시 성동구 왕십리로 222-1 (사근동),A1100013,64,자동,차단,응급실
2026-10-01 00:30:00,서울특별시,A1100013,한양대학교병원,응급,Y000,응급실,소아신경분과 의료진 인력부족으로 관련 환자 진료불가,20260928090000,20261005090000,서울특별시 성동구 왕십리로 222-1 (사근동),A1100013,65,자동,차단,소아청소년과
2026-10-01 00:30:00,서울특별시,A1100014,고려대학교의과대학부속구로병원,응급,Y000,응급실,"이비인후과 - 평일 야간, 주말, 공휴일- 응급수술 및 진료, 전원 수용 불가",20260928100000,20261005095900,"서울특별시 구로구 구로동로 148, 고려대부속구로병원 (구로동)",A1100014,66,자동,차단,이비인후과
2026-10-01 00:30:00,서울특별시,A1100015,연세대학교의과대학강남세브란스병원,중증,Y0120,중증화상,불가능메세지등록,20260929000000,20261006000000,"서울특별시 강남구 언주로 211, 강남세브란스병원 (도곡동)",A1100015,67,자동,차단,
2026-10-01 00:30:00,서울특별시,A1100015,연세대학교의과대학강남세브란스병원,중증,Y0160,안과적 응급 수술,불가능메세지등록,20260929000000,20261006000000,"서울특별시 강남구 언주로 211, 강남세브란스병원 (도곡동)",A1100015,68,자동,차단,
2026-10-01 00:30:00,서울특별시,A1100016,인제대학교상계백병원,응급,Y000,응급실,[진료제한] 인력 부족으로 사전 문의 요망,20260929000000,20261005235900,"서울특별시 노원구 동일로 1342, 상계백병원 (상계동)",A1100016,69,자동,차단,소아청소년과
2026-10-01 00:30:00,서울특별시,A1100016,인제대학교상계백병원,응급,Y000,응급실,[진료제한] 인력 부족으로 사전 문의 요망,20260929000000,20261005235900,"서울특별시 노원구 동일로 1342, 상계백병원 (상계동)",A1100016,70,자동,차단,산부인과
2026-10-01 00:30:00,서울특별시,A1100016,인제대학교상계백병원,응급,Y000,응급실,"환자 수용 가능(월~목 24시간, 금 08:00 ~ 17:00), 그 외 시간은 진료 제한",20260929000000,20261005235900,"서울특별시 노원구 동일로 1342, 상계백병원 (상계동)",A1100016,71,자동,차단,치과
2026-10-01 00:30:00,서울특별시,A1100016,인제대학교상계백병원,중증,Y0111,산부인과 응급(분만),의료진 부족으로 수용 어려움,20260929000000,20261005235900,"서울특별시 노원구 동일로 1342, 상계백병원 (상계동)",A1100016,72,자동,차단,
2026-10-01 00:30:00,서울특별시,A1100016,인제대학교상계백병원,중증,Y0112,산부인과 응급(산과수술),의료진 부족으로 수용 어려움,20260929000000,20261005235900,"서울특별시 노원구 동일로 1342, 상계백병원 (상계동)",A1100016,73,자동,차단,
2026-10-01 00:30:00,서울특별시,A1100016,인제대학교상계백병원,응급,Y000,응급실,"환자 수용 가능(평일 09:00~20:00), 두경부 전문 인력 부족으로 진료 제한",20260929000000,20261005235900,"서울특별시 노원구 동일로 1342, 상계백병원 (상계동)",A1100016,74,자동,차단,이비인후과
2026-10-01 00:30:00,서울특별시,A1100016,인제대학교상계백병원,응급,Y000,응급실,"환자 수용 가능(평일 08:00 ~ 20:00), 그 외 시간은 진료 제한",20260929000000,20261005235900,"서울특별시 노원구 동일로 1342, 상계백병원 (상계동)",A1100016,75,자동,차단,안과
2026-10-01 00:30:00,서울특별시,A1100016,인제대학교상계백병원,응급,Y000,응급실,"환자 수용 가능 (주말 10:00 ~ 22:00), 그 외 시간은 진료 제한",20260929000000,20261005235900,"서울특별시 노원구 동일로 1342, 상계백병원 (상계동)",A1100016,76,자동,차단,성형외과
2026-10-01 00:30:00,서울특별시,A1100017,서울대학교병원,응급,Y000,응급실,비뇨의학과 : 신환 진료 불가,20260929000000,20261005235900,서울특별시 종로구 대학로 101 (연건동),A1100017,77,자동,차단,비뇨의학과
2026-10-01 00:30:00,서울특별시,A1100020,의료법인한전의료재단 한일병원,응급,Y000,응급실,18세 미만 단순 외상 제외한 환자 수용 불가,20261001000000,20261008235900,"서울특별시 도봉구 우이천로 308, 한일병원 (쌍문동)",A1100020,78,자동,차단,소아청소년과
2026-10-01 00:30:00,서울특별시,A1100021,삼육서울병원,응급,Y000,응급실,일-금 9-22시 까지 진료 가능. 토요일 진료 불가. 본원 안과 수술 환자는 진료 가능,20260930090000,20261007235900,서울특별시 동대문구 망우로 82 (휘경동),A1100021,79,자동,차단,안과
2026-10-01 00:30:00,서울특별시,A1100021,삼육서울병원,응급,Y000,응급실,"일과시간(일-목 9~17, 금9~12)이후 본원 치료중인 환자 이외 소아청소년과 입원불가, 응급의학과 의사에 의한 부분 진료 가능",20260928000000,20261005235900,서울특별시 동대문구 망우로 82 (휘경동),A1100021,80,자동,차단,소아청소년과
2026-10-01 00:30:00,서울특별시,A1100028,성심의료재단강동성심병원,중증,Y0010,심근경색의 재관류중재술,시술 불가,20260930180000,20261001080000,서울특별시 강동구 성안로 150 (길동),A1100028,81,자동,차단,내과
2026-10-01 00:30:00,서울특별시,A1100028,성심의료재단강동성심병원,응급,Y000,응급실,[순환기내과] 매주 수요일(평일) 6pm-익일 8am 시술불가,20260930180000,20261001080000,서울특별시 강동구 성안로 150 (길동),A1100028,82,자동,차단,순환기내과
2026-10-01 00:30:00,서울특별시,A1100028,성심의료재단강동성심병원,응급,Y000,응급실,*의료진 부족으로 119 내원시 모든 환자 사전 수용여부 확인 후 내원,20260928120000,20261005120000,서울특별시 강동구 성안로 150 (길동),A1100028,83,자동,차단,응급실
2026-10-01 00:30:00,서울특별시,A1100028,성심의료재단강동성심병원,응급,Y000,응급실,[성형외과] 평일 주간(08:00-17:00)에만 진료가능,20260928120000,20261005120000,서울특별시 강동구 성안로 150 (길동),A1100028,84,자동,차단,성형외과
2026-10-01 00:30:00,서울특별시,A1100028,성심의료재단강동성심병원,응급,Y000,응급실,"[이비인후과] 일요일 8am이후, 월요일 8am~5pm이후 진료불가",20260928120000,20261005120000,서울특별시 강동구 성안로 150 (길동),A1100028,85,자동,차단,이비인후과
2026-10-01 00:30:00,서울특별시,A1100028,성심의료재단강동성심병원,응급,Y000,응급실,"[피부과] 평일 07:00-22:00에만 진료(단,토요일은 24시간 진료)",20260928120000,20261005120000,서울특별시 강동구 성안로 150 (길동),A1100028,86,자동,차단,피부과
2026-10-01 00:30:00,서울특별시,A1100028,성심의료재단강동성심병원,응급,Y000,응급실,[안과] 08:00~22:00 진료가능,20260928120000,20261005120000,서울특별시 강동구 성안로 150 (길동),A1100028,87,자동,차단,안과
2026-10-01 00:30:00,서울특별시,A1100028,성심의료재단강동성심병원,응급,Y000,응급실,*인력부족으로 자살 사고 및 중독 진료불가,20260928120000,20261005120000,서울특별시 강동구 성안로 150 (길동),A1100028,88,자동,차단,기타 진료과
2026-10-01 00:30:00,서울특별시,A1100028,성심의료재단강동성심병원,응급,Y000,응급실,[소아청소년과] 진료불가,20260928120000,20261005120000,서울특별시 강동구 성안로 150 (길동),A1100028,89,자동,차단,소아청소년과
2026-10-01 00:30:00,서울특별시,A1100028,성심의료재단강동성심병원,응급,Y000,응급실,"[산부인과] 분만 관련 산모진료는 불가, 산과/부인과 수술은 평일 주간(08:00-17:00)만 진료가능",20260928120000,20261005120000,서울특별시 강동구 성안로 150 (길동),A1100028,90,자동,차단,산부인과
2026-10-01 00:30:00,서울특별시,A1100028,성심의료재단강동성심병원,응급,Y000,응급실,[정신건강의학과] 평일 주간(08:00-17:00)에만 진료가능,20260928120000,20261005120000,서울특별시 강동구 성안로 150 (길동),A1100028,91,자동,차단,정신건강의학과
2026-10-01 00:30:00,서울특별시,A1100041,의료법인서울효천의료재단 에이치플러스양지병원,응급,Y000,응급실,"흉부외과, 피부과, 안과, 치과 진료과 미개설로 인해 진료 불가합니다.",20261001000000,20261008235900,"서울특별시 관악구 남부순환로 1636, 양지병원 (신림동)",A1100041,92,자동,차단,기타 진료과
2026-10-01 00:30:00,서울특별시,A1100043,강동경희대학교병원,응급,Y000,응급실,의료진 부재로 인한 응급실 진료 불가,20260928000000,20261005235900,서울특별시 강동구 동남로 892 (상일동),A1100043,93,자동,차단,정신건강의학과
2026-10-01 00:30:00,서울특별시,A1100043,강동경희대학교병원,응급,Y000,응급실,의료진 부재로 인한 응급실 진료 불가,20260928000000,20261005235900,서울특별시 강동구 동남로 892 (상일동),A1100043,94,자동,차단,치과
2026-10-01 00:30:00,서울특별시,A1100043,강동경희대학교병원,응급,Y000,응급실,의료진 부재로 인한 응급실 진료 불가,20260928000000,20261005235900,서울특별시 강동구 동남로 892 (상일동),A1100043,95,자동,차단,성형외과
2026-10-01 00:30:00,서울특별시,A1100048,노원을지대학교병원,응급,Y000,응급실,응급실 119구급대원께서는 문의 후 이송 부탁드립니다,20261001000000,20261004000000,"서울특별시 노원구 한글비석로 68, 을지병원 (하계동)",A1100048,96,자동,차단,응급실
2026-10-01 00:30:00,서울특별시,A1100048,노원을지대학교병원,응급,Y000,응급실,소아청소년과 24개월미만 진료불가,20261001000000,20261004000000,"서울특별시 노원구 한글비석로 68, 을지병원 (하계동)",A1100048,97,자동,차단,소아청소년과
2026-10-01 00:30:00,서울특별시,A1100048,노원을지대학교병원,응급,Y000,응급실,안과 토요일 낮12시ㅡ월요일 08시까지 불가,20261001000000,20261004000000,"서울특별시 노원구 한글비석로 68, 을지병원 (하계동)",A1100048,98,자동,차단,안과
2026-10-01 00:30:00,서울특별시,A1100048,노원을지대학교병원,중증,Y0082,위장관 응급내시경(영유아),"위장관 응급내시경(영유아) 야간(17:00 ~ 09:00), 주말, 공휴일 불가",20261001000000,20261004000000,"서울특별시 노원구 한글비석로 68, 을지병원 (하계동)",A1100048,99,자동,차단,
2026-10-01 00:30:00,서울특별시,A1100048,노원을지대학교병원,중증,Y0010,심근경색의 재관류중재술,"심근경색의 재관류중재술 야간(18:00 ~ 08:00),주말, 공휴일 불가",20261001000000,20261004000000,"서울특별시 노원구 한글비석로 68, 을지병원 (하계동)",A1100048,100,자동,차단,
2026-10-01 00:30:00,서울특별시,A1100048,노원을지대학교병원,응급,Y000,응급실,"순환기내과 인력부족 CAG불가 야간(18:00 ~ 08:00까지 불가능), 주말, 공휴일 불가",20261001000000,20261004000000,"서울특별시 노원구 한글비석로 68, 을지병원 (하계동)",A1100048,101,자동,차단,순환기내과
2026-10-01 00:30:00,서울특별시,A1100048,노원을지대학교병원,응급,Y000,응급실,소아청소년과 진료가능 시간 (월~금 08:00 ~ 18:00) 이외 시간은 진료 불가,20261001000000,20261004000000,"서울특별시 노원구 한글비석로 68, 을지병원 (하계동)",A1100048,102,자동,차단,소아청소년과
2026-10-01 00:30:00,서울특별시,A1100048,노원을지대학교병원,중증,Y0091,기관지 응급내시경(성인),"기관지 응급내시경(성인) 야간(18:00 ~ 08:00) ,주말, 공휴일 불가",20261001000000,20261004000000,"서울특별시 노원구 한글비석로 68, 을지병원 (하계동)",A1100048,103,자동,차단,
2026-10-01 00:30:00,서울특별시,A1100051,혜민병원,중증,Y0032,뇌출혈수술(거미막하 출혈 외),불가능메세지등록,20260928000000,20261005000000,서울특별시 광진구 자양로 85 (자양동),A1100051,104,자동,차단,
2026-10-01 00:30:00,서울특별시,A1100051,혜민병원,중증,Y0051,담낭담관질환(담낭질환),불가능메세지등록,20260928000000,20261005000000,서울특별시 광진구 자양로 85 (자양동),A1100051,105,자동,차단,
2026-10-01 00:30:00,서울특별시,A1100053,한국보훈복지의료공단 중앙보훈병원,응급,Y000,응급실,내과계중환지실 부족으로 인해 내과계중환자 수용불가,20260928090000,20261005090000,서울특별시 강동구 진황도로61길 53 (둔촌동),A1100053,106,자동,차단,병상 또는 장비
2026-10-01 00:30:00,서울특별시,A1100054,성애의료재단성애병원,중증,Y0032,뇌출혈수술(거미막하 출혈 외),불가능메세지등록,20260930173000,20261001083000,"서울특별시 영등포구 여의대방로53길 22 (신길동, 성애병원)",A1100054,107,자동,차단,
2026-10-01 00:30:00,서울특별시,A1100223,서울특별시서남병원,중증,Y0113,산부인과 응급(부인과수술),외래진료만 가능,20260930000000,20261007235900,서울특별시 양천구 신정이펜1로 20 (신정동),A1100223,108,자동,차단,
2026-10-01 00:30:00,서울특별시,A1100223,서울특별시서남병원,중증,Y0051,담낭담관질환(담낭질환),ERCP 불가,20260930000000,20261007235900,서울특별시 양천구 신정이펜1로 20 (신정동),A1100223,109,자동,차단,
2026-10-01 00:30:00,서울특별시,A1120796,이화여자대학교의과대학부속서울병원,응급,Y000,응급실,성형외과 인력부재로 응급실에서 성형외과 단순 봉합 불가,20260928230000,20261005230000,"서울특별시 강서구 공항대로 260, 이화의대부속서울병원 (마곡동)",A1120796,110,자동,차단,정형외과
2026-10-01 00:30:00,서울특별시,A1120796,이화여자대학교의과대학부속서울병원,응급,Y000,응급실,"치과 인력부재로 주말, 공휴일, 소아 치과 진료 불가",20260928230000,20261005230000,"서울특별시 강서구 공항대로 260, 이화의대부속서울병원 (마곡동)",A1120796,111,자동,차단,치과
2026-10-01 00:30:00,서울특별시,A1120796,이화여자대학교의과대학부속서울병원,응급,Y000,응급실,응급실에서 DI 환자 진료 불가,20260928230000,20261005230000,"서울특별시 강서구 공항대로 260, 이화의대부속서울병원 (마곡동)",A1120796,112,자동,차단,기타 진료과
2026-10-01 00:30:00,서울특별시,A1120796,이화여자대학교의과대학부속서울병원,응급,Y000,응급실,피부과 인력부재로 진료 불가,20260928230000,20261005230000,"서울특별시 강서구 공항대로 260, 이화의대부속서울병원 (마곡동)",A1120796,113,자동,차단,피부과
2026-10-01 00:30:00,서울특별시,A1120796,이화여자대학교의과대학부속서울병원,응급,Y000,응급실,안과 인력부재로 진료 불가,20260928230000,20261005230000,"서울특별시 강서구 공항대로 260, 이화의대부속서울병원 (마곡동)",A1120796,114,자동,차단,안과
2026-10-01 00:30:00,서울특별시,A1120796,이화여자대학교의과대학부속서울병원,응급,Y000,응급실,정신건강의학과 인력부재로 진료 불가,20260928230000,20261005230000,"서울특별시 강서구 공항대로 260, 이화의대부속서울병원 (마곡동)",A1120796,115,자동,차단,정신건강의학과
2026-10-01 00:30:00,서울특별시,A1120796,이화여자대학교의과대학부속서울병원,응급,Y000,응급실,이비인후과 인력부재로 진료 불가,20260928230000,20261005230000,"서울특별시 강서구 공항대로 260, 이화의대부속서울병원 (마곡동)",A1120796,116,자동,차단,이비인후과
2026-10-01 00:30:00,서울특별시,A1120796,이화여자대학교의과대학부속서울병원,응급,Y000,응급실,"비뇨의학과 인력부재로 응급시술, 수술 불가",20260928230000,20261005230000,"서울특별시 강서구 공항대로 260, 이화의대부속서울병원 (마곡동)",A1120796,117,자동,차단,비뇨의학과
2026-10-01 00:30:00,서울특별시,A1121013,가톨릭대학교은평성모병원,응급,Y000,응급실,"심혈관질환 전용 핫라인: 010-7317-2540  (심장/대동맥수술, 급성심근경색, 심부전등)",20260928080000,20261005075900,서울특별시 은평구 통일로 1021 (진관동),A1121013,118,자동,차단,순환기내과
2026-10-01 00:30:00,서울특별시,A1121013,가톨릭대학교은평성모병원,응급,Y000,응급실,"금요일 18 시~일요일 18 시소아신경과 진료불가(소아신경 의사 부재/ 단 본원 소아신경 f/u환아는 소아응급실 진료있는 날 응급실에서 진료가능 ), 소아청소년과 중증환자 수용불가",20260928080000,20261005075900,서울특별시 은평구 통일로 1021 (진관동),A1121013,119,자동,차단,소아청소년과
2026-10-01 00:30:00,서울특별시,A1121013,가톨릭대학교은평성모병원,응급,Y000,응급실,정신건강의학과(응급실 진료불가),20260928080000,20261005075900,서울특별시 은평구 통일로 1021 (진관동),A1121013,120,자동,차단,정신건강의학과
2026-10-01 00:30:00,서울특별시,A1121013,가톨릭대학교은평성모병원,응급,Y000,응급실,치과  (응급실 진료불가 ),20260928080000,20261005075900,서울특별시 은평구 통일로 1021 (진관동),A1121013,121,자동,차단,치과
2026-10-01 00:30:00,경기도,A2100001,분당서울대학교병원,응급,Y000,응급실,"[감염내과] 경증코로나, 단순 봉와직염 수용 불가능",20260930000000,20261007235900,"경기도 성남시 분당구 구미로173번길 82 (구미동, 분당서울대학교병원)",A2100001,1,자동,차단,감염내과
2026-10-01 00:30:00,경기도,A2100001,분당서울대학교병원,응급,Y000,응급실,[정형외과] 사지접합술 제외한 응급수술 가능,20260930000000,20261007235900,"경기도 성남시 분당구 구미로173번길 82 (구미동, 분당서울대학교병원)",A2100001,2,자동,차단,정형외과
2026-10-01 00:30:00,경기도,A2100001,분당서울대학교병원,응급,Y000,응급실,"[산부인과/산과] 임신 14주 이내 복통, 출혈, 유산의심, 단순 태아 심박동 확인 수용 불가능(원내 직원 포함)",20260930000000,20261007235900,"경기도 성남시 분당구 구미로173번길 82 (구미동, 분당서울대학교병원)",A2100001,3,자동,차단,산부인과
2026-10-01 00:30:00,경기도,A2100001,분당서울대학교병원,응급,Y000,응급실,"[류마티스내과] 통풍 신초진환자 수용불가, 단 본과 기 진료환자 수용가능",20260930000000,20261007235900,"경기도 성남시 분당구 구미로173번길 82 (구미동, 분당서울대학교병원)",A2100001,4,자동,차단,류마티스내과
2026-10-01 00:30:00,경기도,A2100001,분당서울대학교병원,응급,Y000,응급실,[신경외과] 경증 두부외상 수용 불가능,20260930000000,20261007235900,"경기도 성남시 분당구 구미로173번길 82 (구미동, 분당서울대학교병원)",A2100001,5,자동,차단,신경외과
2026-10-01 00:30:00,경기도,A2100001,분당서울대학교병원,응급,Y000,응급실,"[비뇨의학과] 응급수술 불가능(고환염전, 골반내 비뇨기외상,신장외상,지속발기증 등)",20260930000000,20261007235900,"경기도 성남시 분당구 구미로173번길 82 (구미동, 분당서울대학교병원)",A2100001,6,자동,차단,비뇨의학과
2026-10-01 00:30:00,경기도,A2100001,분당서울대학교병원,응급,Y000,응급실,"[소아청소년과] 소아위장관 정규 내시경 화 오전만 가능, 단순 위장관염 수용 불가능",20260930000000,20261007235900,"경기도 성남시 분당구 구미로173번길 82 (구미동, 분당서울대학교병원)",A2100001,7,자동,차단,소아청소년과
2026-10-01 00:30:00,경기도,A2100001,분당서울대학교병원,응급,Y000,응급실,"[호흡기내과] 활력징후 안정적인 단순 폐렴, 본원 호흡기 f/u한 적 없는 요양병원 장기입원 환자의 폐렴환자 수용불가",20260930000000,20261007235900,"경기도 성남시 분당구 구미로173번길 82 (구미동, 분당서울대학교병원)",A2100001,8,자동,차단,호흡기내과
2026-10-01 00:30:00,경기도,A2100001,분당서울대학교병원,응급,Y000,응급실,"[혈액종양내과] 타원 진료 중인 암 환자, 호스피스/연고지 목적으로 내원하는 환자 수용불가능",20260930000000,20261007235900,"경기도 성남시 분당구 구미로173번길 82 (구미동, 분당서울대학교병원)",A2100001,9,자동,차단,혈액·종양내과
2026-10-01 00:30:00,경기도,A2100001,분당서울대학교병원,응급,Y000,응급실,"[신장내과] 단순 요로감염, 합병증 없는 신우신염 수용 불가능",20260930000000,20261007235900,"경기도 성남시 분당구 구미로173번길 82 (구미동, 분당서울대학교병원)",A2100001,10,자동,차단,신장내과
2026-10-01 00:30:00,경기도,A2100001,분당서울대학교병원,응급,Y000,응급실,[소아청소년과] 생후 28일 이내 신생아 평일 8A~5P 진료가능 이외 주말 및 공휴일 수용불가능,20260930000000,20261007235900,"경기도 성남시 분당구 구미로173번길 82 (구미동, 분당서울대학교병원)",A2100001,11,자동,차단,소아청소년과
2026-10-01 00:30:00,경기도,A2100001,분당서울대학교병원,응급,Y000,응급실,[정신건강의학과] 정신과적 응급입원 평일 9A~6P만 가능 이외 주말 및 공휴일 수용불가능,20260930000000,20261007235900,"경기도 성남시 분당구 구미로173번길 82 (구미동, 분당서울대학교병원)",A2100001,12,자동,차단,정신건강의학과
2026-10-01 00:30:00,경기도,A2100001,분당서울대학교병원,응급,Y000,응급실,"[성형외과] 성형외과적 봉합은 안면부 깊은 열상 또는 혈관,신경,힘줄 손상이 의심되는 수부 열상만 가능(이외 불가)",20260930000000,20261007235900,"경기도 성남시 분당구 구미로173번길 82 (구미동, 분당서울대학교병원)",A2100001,13,자동,차단,성형외과
2026-10-01 00:30:00,경기도,A2100001,분당서울대학교병원,응급,Y000,응급실,"[안과] 주중 8A~10P, 주말 및 공휴일 8A~8P 진료가능",20260930000000,20261007235900,"경기도 성남시 분당구 구미로173번길 82 (구미동, 분당서울대학교병원)",A2100001,14,자동,차단,안과
2026-10-01 00:30:00,경기도,A2100002,아주대학교병원,응급,Y000,응급실,소아 비뇨의학과/소화기내과 관련 내원 시 사전 문의 필수,20260930000000,20261007235900,경기도 수원시 영통구 월드컵로 164 (원천동),A2100002,15,자동,차단,소아청소년과
2026-10-01 00:30:00,경기도,A2100002,아주대학교병원,응급,Y000,응급실,이비인후과 두경부파트 진료 제한(정규 시간 외 17시~08시),20260930000000,20261007235900,경기도 수원시 영통구 월드컵로 164 (원천동),A2100002,16,자동,차단,이비인후과
2026-10-01 00:30:00,경기도,A2100003,고려대학교의과대학부속안산병원,응급,Y000,응급실,[안과] 과 내 사정으로 토요일 협진 제한,20260928120000,20261002120000,경기도 안산시 단원구 적금로 123 (고잔동),A2100003,17,자동,차단,안과
2026-10-01 00:30:00,경기도,A2100003,고려대학교의과대학부속안산병원,응급,Y000,응급실,"[소아과] 호흡기분과 제한적 입원, 혈액종양분과 입원 불가, 중환자실 입실 불가",20260928120000,20261002120000,경기도 안산시 단원구 적금로 123 (고잔동),A2100003,18,자동,차단,소아청소년과
2026-10-01 00:30:00,경기도,A2100005,순천향대학교부속부천병원,중증,Y0100,저출생체중아,시설공사로 19병상으로 축소운영.  신환수용 불가.,20260928150000,20261005180000,"경기도 부천시 원미구 조마루로 170, 부흥로 173(1층일부) (중동)",A2100005,19,자동,차단,소아청소년과
2026-10-01 00:30:00,경기도,A2100012,가톨릭대학교성빈센트병원,응급,Y000,응급실,불가능메세지등록,20260930170000,20261001080000,경기도 수원시 팔달구 중부대로 93 (지동),A2100012,20,자동,차단,신경과
2026-10-01 00:30:00,경기도,A2100012,가톨릭대학교성빈센트병원,응급,Y000,응급실,"간,담,췌장 파트 신환진료 불가",20260924080100,20261001080000,경기도 수원시 팔달구 중부대로 93 (지동),A2100012,21,자동,차단,소화기내과
2026-10-01 00:30:00,경기도,A2100015,효산의료재단안양샘병원,응급,Y000,응급실,"평일 08시~18시, 토요일 08~13시 이외 진료 불가(24개월 미만 진료불가)",20260924080000,20261001080000,"경기도 안양시 만안구 삼덕로 9 (안양동, 안양샘병원)",A2100015,22,자동,차단,소아청소년과
2026-10-01 00:30:00,경기도,A2100018,의료법인은혜와감사의료재단화성중앙종합병원,중증,Y0010,심근경색의 재관류중재술,불가능메세지등록,20260930000000,20261005000000,경기도 화성시 만세구 향남읍 발안로 5,A2100018,23,자동,차단,
2026-10-01 00:30:00,경기도,A2100018,의료법인은혜와감사의료재단화성중앙종합병원,중증,Y0020,뇌경색의 재관류중재술,불가능메세지등록,20260930000000,20261005000000,경기도 화성시 만세구 향남읍 발안로 5,A2100018,24,자동,차단,
2026-10-01 00:30:00,경기도,A2100018,의료법인은혜와감사의료재단화성중앙종합병원,중증,Y0031,뇌출혈수술(거미막하 출혈),불가능메세지등록,20260930000000,20261005000000,경기도 화성시 만세구 향남읍 발안로 5,A2100018,25,자동,차단,
2026-10-01 00:30:00,경기도,A2100018,의료법인은혜와감사의료재단화성중앙종합병원,중증,Y0032,뇌출혈수술(거미막하 출혈 외),불가능메세지등록,20260930000000,20261005000000,경기도 화성시 만세구 향남읍 발안로 5,A2100018,26,자동,차단,신경외과
2026-10-01 00:30:00,경기도,A2100018,의료법인은혜와감사의료재단화성중앙종합병원,중증,Y0041,대동맥응급(흉부),불가능메세지등록,20260930000000,20261005000000,경기도 화성시 만세구 향남읍 발안로 5,A2100018,27,자동,차단,
2026-10-01 00:30:00,경기도,A2100018,의료법인은혜와감사의료재단화성중앙종합병원,중증,Y0042,대동맥응급(복부),불가능메세지등록,20260930000000,20261005000000,경기도 화성시 만세구 향남읍 발안로 5,A2100018,28,자동,차단,
2026-10-01 00:30:00,경기도,A2100018,의료법인은혜와감사의료재단화성중앙종합병원,중증,Y0051,담낭담관질환(담낭질환),불가능메세지등록,20260930000000,20261005000000,경기도 화성시 만세구 향남읍 발안로 5,A2100018,29,자동,차단,
2026-10-01 00:30:00,경기도,A2100018,의료법인은혜와감사의료재단화성중앙종합병원,중증,Y0052,담낭담관질환(담도포함질환),불가능메세지등록,20260930000000,20261005000000,경기도 화성시 만세구 향남읍 발안로 5,A2100018,30,자동,차단,
2026-10-01 00:30:00,경기도,A2100018,의료법인은혜와감사의료재단화성중앙종합병원,중증,Y0060,복부응급수술(비외상),불가능메세지등록,20260930000000,20261005000000,경기도 화성시 만세구 향남읍 발안로 5,A2100018,31,자동,차단,
2026-10-01 00:30:00,경기도,A2100018,의료법인은혜와감사의료재단화성중앙종합병원,중증,Y0070,장중첩/폐색(유아),불가능메세지등록,20260930000000,20261005000000,경기도 화성시 만세구 향남읍 발안로 5,A2100018,32,자동,차단,
2026-10-01 00:30:00,경기도,A2100018,의료법인은혜와감사의료재단화성중앙종합병원,중증,Y0081,위장관 응급내시경(성인),불가능메세지등록,20260930000000,20261005000000,경기도 화성시 만세구 향남읍 발안로 5,A2100018,33,자동,차단,내과
2026-10-01 00:30:00,경기도,A2100018,의료법인은혜와감사의료재단화성중앙종합병원,중증,Y0082,위장관 응급내시경(영유아),불가능메세지등록,20260930000000,20261005000000,경기도 화성시 만세구 향남읍 발안로 5,A2100018,34,자동,차단,
2026-10-01 00:30:00,경기도,A2100018,의료법인은혜와감사의료재단화성중앙종합병원,중증,Y0091,기관지 응급내시경(성인),불가능메세지등록,20260930000000,20261005000000,경기도 화성시 만세구 향남읍 발안로 5,A2100018,35,자동,차단,
2026-10-01 00:30:00,경기도,A2100018,의료법인은혜와감사의료재단화성중앙종합병원,중증,Y0092,기관지 응급내시경(영유아),불가능메세지등록,20260930000000,20261005000000,경기도 화성시 만세구 향남읍 발안로 5,A2100018,36,자동,차단,
2026-10-01 00:30:00,경기도,A2100018,의료법인은혜와감사의료재단화성중앙종합병원,중증,Y0100,저출생체중아,불가능메세지등록,20260930000000,20261005000000,경기도 화성시 만세구 향남읍 발안로 5,A2100018,37,자동,차단,
2026-10-01 00:30:00,경기도,A2100018,의료법인은혜와감사의료재단화성중앙종합병원,중증,Y0111,산부인과 응급(분만),불가능메세지등록,20260930000000,20261005000000,경기도 화성시 만세구 향남읍 발안로 5,A2100018,38,자동,차단,
2026-10-01 00:30:00,경기도,A2100018,의료법인은혜와감사의료재단화성중앙종합병원,중증,Y0112,산부인과 응급(산과수술),불가능메세지등록,20260930000000,20261005000000,경기도 화성시 만세구 향남읍 발안로 5,A2100018,39,자동,차단,
2026-10-01 00:30:00,경기도,A2100018,의료법인은혜와감사의료재단화성중앙종합병원,중증,Y0113,산부인과 응급(부인과수술),불가능메세지등록,20260930000000,20261005000000,경기도 화성시 만세구 향남읍 발안로 5,A2100018,40,자동,차단,
2026-10-01 00:30:00,경기도,A2100018,의료법인은혜와감사의료재단화성중앙종합병원,중증,Y0120,중증화상,불가능메세지등록,20260930000000,20261005000000,경기도 화성시 만세구 향남읍 발안로 5,A2100018,41,자동,차단,
2026-10-01 00:30:00,경기도,A2100018,의료법인은혜와감사의료재단화성중앙종합병원,중증,Y0131,수족지접합,불가능메세지등록,20260930000000,20261005000000,경기도 화성시 만세구 향남읍 발안로 5,A2100018,42,자동,차단,
2026-10-01 00:30:00,경기도,A2100018,의료법인은혜와감사의료재단화성중앙종합병원,중증,Y0132,수족지접합 외,불가능메세지등록,20260930000000,20261005000000,경기도 화성시 만세구 향남읍 발안로 5,A2100018,43,자동,차단,
2026-10-01 00:30:00,경기도,A2100018,의료법인은혜와감사의료재단화성중앙종합병원,중증,Y0141,응급투석(HD),불가능메세지등록,20260930000000,20261005000000,경기도 화성시 만세구 향남읍 발안로 5,A2100018,44,자동,차단,
2026-10-01 00:30:00,경기도,A2100018,의료법인은혜와감사의료재단화성중앙종합병원,중증,Y0142,응급투석(CRRT),불가능메세지등록,20260930000000,20261005000000,경기도 화성시 만세구 향남읍 발안로 5,A2100018,45,자동,차단,
2026-10-01 00:30:00,경기도,A2100018,의료법인은혜와감사의료재단화성중앙종합병원,중증,Y0150,정신과적 응급입원,불가능메세지등록,20260930000000,20261005000000,경기도 화성시 만세구 향남읍 발안로 5,A2100018,46,자동,차단,
2026-10-01 00:30:00,경기도,A2100018,의료법인은혜와감사의료재단화성중앙종합병원,중증,Y0160,안과적 응급 수술,불가능메세지등록,20260930000000,20261005000000,경기도 화성시 만세구 향남읍 발안로 5,A2100018,47,자동,차단,
2026-10-01 00:30:00,경기도,A2100018,의료법인은혜와감사의료재단화성중앙종합병원,중증,Y0171,영상의학혈관중재(성인),불가능메세지등록,20260930000000,20261005000000,경기도 화성시 만세구 향남읍 발안로 5,A2100018,48,자동,차단,
2026-10-01 00:30:00,경기도,A2100018,의료법인은혜와감사의료재단화성중앙종합병원,중증,Y0172,영상의학혈관중재(영유아),불가능메세지등록,20260930000000,20261005000000,경기도 화성시 만세구 향남읍 발안로 5,A2100018,49,자동,차단,
2026-10-01 00:30:00,경기도,A2100018,의료법인은혜와감사의료재단화성중앙종합병원,중증,Y0010,심근경색의 재관류중재술,불가능메세지등록,20260930000000,20261005000000,경기도 화성시 만세구 향남읍 발안로 5,A2100018,50,자동,차단,
2026-10-01 00:30:00,경기도,A2100018,의료법인은혜와감사의료재단화성중앙종합병원,중증,Y0020,뇌경색의 재관류중재술,불가능메세지등록,20260930000000,20261005000000,경기도 화성시 만세구 향남읍 발안로 5,A2100018,51,자동,차단,
2026-10-01 00:30:00,경기도,A2100018,의료법인은혜와감사의료재단화성중앙종합병원,중증,Y0031,뇌출혈수술(거미막하 출혈),불가능메세지등록,20260930000000,20261005000000,경기도 화성시 만세구 향남읍 발안로 5,A2100018,52,자동,차단,
2026-10-01 00:30:00,경기도,A2100018,의료법인은혜와감사의료재단화성중앙종합병원,중증,Y0032,뇌출혈수술(거미막하 출혈 외),불가능메세지등록,20260930000000,20261005000000,경기도 화성시 만세구 향남읍 발안로 5,A2100018,53,자동,차단,신경외과
2026-10-01 00:30:00,경기도,A2100018,의료법인은혜와감사의료재단화성중앙종합병원,중증,Y0041,대동맥응급(흉부),불가능메세지등록,20260930000000,20261005000000,경기도 화성시 만세구 향남읍 발안로 5,A2100018,54,자동,차단,
2026-10-01 00:30:00,경기도,A2100018,의료법인은혜와감사의료재단화성중앙종합병원,중증,Y0042,대동맥응급(복부),불가능메세지등록,20260930000000,20261005000000,경기도 화성시 만세구 향남읍 발안로 5,A2100018,55,자동,차단,
2026-10-01 00:30:00,경기도,A2100018,의료법인은혜와감사의료재단화성중앙종합병원,중증,Y0051,담낭담관질환(담낭질환),불가능메세지등록,20260930000000,20261005000000,경기도 화성시 만세구 향남읍 발안로 5,A2100018,56,자동,차단,
2026-10-01 00:30:00,경기도,A2100018,의료법인은혜와감사의료재단화성중앙종합병원,중증,Y0052,담낭담관질환(담도포함질환),불가능메세지등록,20260930000000,20261005000000,경기도 화성시 만세구 향남읍 발안로 5,A2100018,57,자동,차단,
2026-10-01 00:30:00,경기도,A2100018,의료법인은혜와감사의료재단화성중앙종합병원,중증,Y0060,복부응급수술(비외상),불가능메세지등록,20260930000000,20261005000000,경기도 화성시 만세구 향남읍 발안로 5,A2100018,58,자동,차단,
2026-10-01 00:30:00,경기도,A2100018,의료법인은혜와감사의료재단화성중앙종합병원,중증,Y0070,장중첩/폐색(유아),불가능메세지등록,20260930000000,20261005000000,경기도 화성시 만세구 향남읍 발안로 5,A2100018,59,자동,차단,
2026-10-01 00:30:00,경기도,A2100018,의료법인은혜와감사의료재단화성중앙종합병원,중증,Y0081,위장관 응급내시경(성인),불가능메세지등록,20260930000000,20261005000000,경기도 화성시 만세구 향남읍 발안로 5,A2100018,60,자동,차단,내과
2026-10-01 00:30:00,경기도,A2100018,의료법인은혜와감사의료재단화성중앙종합병원,중증,Y0082,위장관 응급내시경(영유아),불가능메세지등록,20260930000000,20261005000000,경기도 화성시 만세구 향남읍 발안로 5,A2100018,61,자동,차단,
2026-10-01 00:30:00,경기도,A2100018,의료법인은혜와감사의료재단화성중앙종합병원,중증,Y0091,기관지 응급내시경(성인),불가능메세지등록,20260930000000,20261005000000,경기도 화성시 만세구 향남읍 발안로 5,A2100018,62,자동,차단,
2026-10-01 00:30:00,경기도,A2100018,의료법인은혜와감사의료재단화성중앙종합병원,중증,Y0092,기관지 응급내시경(영유아),불가능메세지등록,20260930000000,20261005000000,경기도 화성시 만세구 향남읍 발안로 5,A2100018,63,자동,차단,
2026-10-01 00:30:00,경기도,A2100018,의료법인은혜와감사의료재단화성중앙종합병원,중증,Y0100,저출생체중아,불가능메세지등록,20260930000000,20261005000000,경기도 화성시 만세구 향남읍 발안로 5,A2100018,64,자동,차단,
2026-10-01 00:30:00,경기도,A2100018,의료법인은혜와감사의료재단화성중앙종합병원,중증,Y0111,산부인과 응급(분만),불가능메세지등록,20260930000000,20261005000000,경기도 화성시 만세구 향남읍 발안로 5,A2100018,65,자동,차단,
2026-10-01 00:30:00,경기도,A2100018,의료법인은혜와감사의료재단화성중앙종합병원,중증,Y0112,산부인과 응급(산과수술),불가능메세지등록,20260930000000,20261005000000,경기도 화성시 만세구 향남읍 발안로 5,A2100018,66,자동,차단,
2026-10-01 00:30:00,경기도,A2100018,의료법인은혜와감사의료재단화성중앙종합병원,중증,Y0113,산부인과 응급(부인과수술),불가능메세지등록,20260930000000,20261005000000,경기도 화성시 만세구 향남읍 발안로 5,A2100018,67,자동,차단,
2026-10-01 00:30:00,경기도,A2100018,의료법인은혜와감사의료재단화성중앙종합병원,중증,Y0120,중증화상,불가능메세지등록,20260930000000,20261005000000,경기도 화성시 만세구 향남읍 발안로 5,A2100018,68,자동,차단,
2026-10-01 00:30:00,경기도,A2100018,의료법인은혜와감사의료재단화성중앙종합병원,중증,Y0131,수족지접합,불가능메세지등록,20260930000000,20261005000000,경기도 화성시 만세구 향남읍 발안로 5,A2100018,69,자동,차단,
2026-10-01 00:30:00,경기도,A2100018,의료법인은혜와감사의료재단화성중앙종합병원,중증,Y0132,수족지접합 외,불가능메세지등록,20260930000000,20261005000000,경기도 화성시 만세구 향남읍 발안로 5,A2100018,70,자동,차단,
2026-10-01 00:30:00,경기도,A2100018,의료법인은혜와감사의료재단화성중앙종합병원,중증,Y0141,응급투석(HD),불가능메세지등록,20260930000000,20261005000000,경기도 화성시 만세구 향남읍 발안로 5,A2100018,71,자동,차단,
2026-10-01 00:30:00,경기도,A2100018,의료법인은혜와감사의료재단화성중앙종합병원,중증,Y0142,응급투석(CRRT),불가능메세지등록,20260930000000,20261005000000,경기도 화성시 만세구 향남읍 발안로 5,A2100018,72,자동,차단,
2026-10-01 00:30:00,경기도,A2100018,의료법인은혜와감사의료재단화성중앙종합병원,중증,Y0150,정신과적 응급입원,불가능메세지등록,20260930000000,20261005000000,경기도 화성시 만세구 향남읍 발안로 5,A2100018,73,자동,차단,
2026-10-01 00:30:00,경기도,A2100018,의료법인은혜와감사의료재단화성중앙종합병원,중증,Y0160,안과적 응급 수술,불가능메세지등록,20260930000000,20261005000000,경기도 화성시 만세구 향남읍 발안로 5,A2100018,74,자동,차단,
2026-10-01 00:30:00,경기도,A2100018,의료법인은혜와감사의료재단화성중앙종합병원,중증,Y0171,영상의학혈관중재(성인),불가능메세지등록,20260930000000,20261005000000,경기도 화성시 만세구 향남읍 발안로 5,A2100018,75,자동,차단,
2026-10-01 00:30:00,경기도,A2100018,의료법인은혜와감사의료재단화성중앙종합병원,중증,Y0172,영상의학혈관중재(영유아),불가능메세지등록,20260930000000,20261005000000,경기도 화성시 만세구 향남읍 발안로 5,A2100018,76,자동,차단,
2026-10-01 00:30:00,경기도,A2100018,의료법인은혜와감사의료재단화성중앙종합병원,중증,Y0010,심근경색의 재관류중재술,불가능메세지등록,20260930000000,20261005055900,경기도 화성시 만세구 향남읍 발안로 5,A2100018,77,자동,차단,
2026-10-01 00:30:00,경기도,A2100018,의료법인은혜와감사의료재단화성중앙종합병원,중증,Y0020,뇌경색의 재관류중재술,불가능메세지등록,20260930000000,20261005235900,경기도 화성시 만세구 향남읍 발안로 5,A2100018,78,자동,차단,
2026-10-01 00:30:00,경기도,A2100018,의료법인은혜와감사의료재단화성중앙종합병원,중증,Y0031,뇌출혈수술(거미막하 출혈),불가능메세지등록,20260930000000,20261005235900,경기도 화성시 만세구 향남읍 발안로 5,A2100018,79,자동,차단,
2026-10-01 00:30:00,경기도,A2100018,의료법인은혜와감사의료재단화성중앙종합병원,중증,Y0032,뇌출혈수술(거미막하 출혈 외),불가능메세지등록,20260930000000,20261005235900,경기도 화성시 만세구 향남읍 발안로 5,A2100018,80,자동,차단,신경외과
2026-10-01 00:30:00,경기도,A2100018,의료법인은혜와감사의료재단화성중앙종합병원,중증,Y0041,대동맥응급(흉부),불가능메세지등록,20260930000000,20261005235900,경기도 화성시 만세구 향남읍 발안로 5,A2100018,81,자동,차단,
2026-10-01 00:30:00,경기도,A2100018,의료법인은혜와감사의료재단화성중앙종합병원,중증,Y0042,대동맥응급(복부),불가능메세지등록,20260930000000,20261005235900,경기도 화성시 만세구 향남읍 발안로 5,A2100018,82,자동,차단,
2026-10-01 00:30:00,경기도,A2100018,의료법인은혜와감사의료재단화성중앙종합병원,중증,Y0051,담낭담관질환(담낭질환),불가능메세지등록,20260930000000,20261005235900,경기도 화성시 만세구 향남읍 발안로 5,A2100018,83,자동,차단,
2026-10-01 00:30:00,경기도,A2100018,의료법인은혜와감사의료재단화성중앙종합병원,중증,Y0052,담낭담관질환(담도포함질환),불가능메세지등록,20260930000000,20261005235900,경기도 화성시 만세구 향남읍 발안로 5,A2100018,84,자동,차단,
2026-10-01 00:30:00,경기도,A2100018,의료법인은혜와감사의료재단화성중앙종합병원,중증,Y0060,복부응급수술(비외상),불가능메세지등록,20260930000000,20261005235900,경기도 화성시 만세구 향남읍 발안로 5,A2100018,85,자동,차단,
2026-10-01 00:30:00,경기도,A2100018,의료법인은혜와감사의료재단화성중앙종합병원,중증,Y0081,위장관 응급내시경(성인),불가능메세지등록,20260930000000,20261005215900,경기도 화성시 만세구 향남읍 발안로 5,A2100018,86,자동,차단,내과
2026-10-01 00:30:00,경기도,A2100018,의료법인은혜와감사의료재단화성중앙종합병원,중증,Y0082,위장관 응급내시경(영유아),불가능메세지등록,20260930000000,20261005235900,경기도 화성시 만세구 향남읍 발안로 5,A2100018,87,자동,차단,
2026-10-01 00:30:00,경기도,A2100018,의료법인은혜와감사의료재단화성중앙종합병원,중증,Y0091,기관지 응급내시경(성인),불가능메세지등록,20260930000000,20261005235900,경기도 화성시 만세구 향남읍 발안로 5,A2100018,88,자동,차단,
2026-10-01 00:30:00,경기도,A2100018,의료법인은혜와감사의료재단화성중앙종합병원,중증,Y0092,기관지 응급내시경(영유아),불가능메세지등록,20260930000000,20261005235900,경기도 화성시 만세구 향남읍 발안로 5,A2100018,89,자동,차단,
2026-10-01 00:30:00,경기도,A2100018,의료법인은혜와감사의료재단화성중앙종합병원,중증,Y0100,저출생체중아,불가능메세지등록,20260930000000,20261005235900,경기도 화성시 만세구 향남읍 발안로 5,A2100018,90,자동,차단,
2026-10-01 00:30:00,경기도,A2100018,의료법인은혜와감사의료재단화성중앙종합병원,중증,Y0111,산부인과 응급(분만),불가능메세지등록,20260930000000,20261005235900,경기도 화성시 만세구 향남읍 발안로 5,A2100018,91,자동,차단,
2026-10-01 00:30:00,경기도,A2100018,의료법인은혜와감사의료재단화성중앙종합병원,중증,Y0112,산부인과 응급(산과수술),불가능메세지등록,20260930000000,20261005235900,경기도 화성시 만세구 향남읍 발안로 5,A2100018,92,자동,차단,
2026-10-01 00:30:00,경기도,A2100018,의료법인은혜와감사의료재단화성중앙종합병원,중증,Y0113,산부인과 응급(부인과수술),불가능메세지등록,20260930000000,20261005235900,경기도 화성시 만세구 향남읍 발안로 5,A2100018,93,자동,차단,
2026-10-01 00:30:00,경기도,A2100018,의료법인은혜와감사의료재단화성중앙종합병원,중증,Y0120,중증화상,불가능메세지등록,20260930000000,20261005235900,경기도 화성시 만세구 향남읍 발안로 5,A2100018,94,자동,차단,
2026-10-01 00:30:00,경기도,A2100018,의료법인은혜와감사의료재단화성중앙종합병원,중증,Y0131,수족지접합,불가능메세지등록,20260930000000,20261005235900,경기도 화성시 만세구 향남읍 발안로 5,A2100018,95,자동,차단,
2026-10-01 00:30:00,경기도,A2100018,의료법인은혜와감사의료재단화성중앙종합병원,중증,Y0132,수족지접합 외,불가능메세지등록,20260930000000,20261005235900,경기도 화성시 만세구 향남읍 발안로 5,A2100018,96,자동,차단,
2026-10-01 00:30:00,경기도,A2100018,의료법인은혜와감사의료재단화성중앙종합병원,중증,Y0141,응급투석(HD),불가능메세지등록,20260930000000,20261005235900,경기도 화성시 만세구 향남읍 발안로 5,A2100018,97,자동,차단,
2026-10-01 00:30:00,경기도,A2100018,의료법인은혜와감사의료재단화성중앙종합병원,중증,Y0142,응급투석(CRRT),불가능메세지등록,20260930000000,20261005235900,경기도 화성시 만세구 향남읍 발안로 5,A2100018,98,자동,차단,
2026-10-01 00:30:00,경기도,A2100018,의료법인은혜와감사의료재단화성중앙종합병원,중증,Y0150,정신과적 응급입원,불가능메세지등록,20260930000000,20261005235900,경기도 화성시 만세구 향남읍 발안로 5,A2100018,99,자동,차단,
2026-10-01 00:30:00,경기도,A2100018,의료법인은혜와감사의료재단화성중앙종합병원,중증,Y0160,안과적 응급 수술,불가능메세지등록,20260930000000,20261005235900,경기도 화성시 만세구 향남읍 발안로 5,A2100018,100,자동,차단,
2026-10-01 00:30:00,경기도,A2100018,의료법인은혜와감사의료재단화성중앙종합병원,중증,Y0171,영상의학혈관중재(성인),불가능메세지등록,20260930000000,20261005235900,경기도 화성시 만세구 향남읍 발안로 5,A2100018,101,자동,차단,
2026-10-01 00:30:00,경기도,A2100018,의료법인은혜와감사의료재단화성중앙종합병원,중증,Y0172,영상의학혈관중재(영유아),불가능메세지등록,20260930000000,20261005235900,경기도 화성시 만세구 향남읍 발안로 5,A2100018,102,자동,차단,
2026-10-01 00:30:00,경기도,A2100018,의료법인은혜와감사의료재단화성중앙종합병원,중증,Y0070,장중첩/폐색(유아),불가능메세지등록,20260929000000,20261005235900,경기도 화성시 만세구 향남읍 발안로 5,A2100018,103,자동,차단,
2026-10-01 00:30:00,경기도,A2100020,연세대학교의과대학용인세브란스병원,응급,Y000,응급실,소아외상환자 수용 가능,20260930170000,20261001090000,경기도 용인시 기흥구 동백죽전대로 363 (중동),A2100020,104,자동,차단,소아청소년과
2026-10-01 00:30:00,경기도,A2100025,대진의료재단분당제생병원,응급,Y000,응급실,내분비내과환자 입원불가,20260930000000,20261007000000,경기도 성남시 분당구 서현로180번길 20 (서현동),A2100025,105,자동,차단,내분비내과
2026-10-01 00:30:00,경기도,A2100025,대진의료재단분당제생병원,응급,Y000,응급실,"전화문의(주말 및 휴일 24시간, 평일 저녁6시~오전8시까지 진료가 일부 제한됨)",20260930000000,20261007000000,경기도 성남시 분당구 서현로180번길 20 (서현동),A2100025,106,자동,차단,신경과
2026-10-01 00:30:00,경기도,A2100025,대진의료재단분당제생병원,응급,Y000,응급실,12개월 이상 경증 소아부터 수용 가능(소아 중증 외상 불가),20260930000000,20261007000000,경기도 성남시 분당구 서현로180번길 20 (서현동),A2100025,107,자동,차단,소아청소년과
2026-10-01 00:30:00,경기도,A2100030,차의과학대학교분당차병원,응급,Y000,응급실,<소아전문응급의료센터> 소아 비뇨기과 응급수술 불가,20260928080400,20261005130000,경기도 성남시 분당구 야탑로 59 (야탑동),A2100030,108,자동,차단,비뇨의학과
2026-10-01 00:30:00,경기도,A2100033,국민건강보험공단일산병원,응급,Y000,응급실,[URO] * 평일 08:00~ 18:00,20260927235800,20261004235900,"경기도 고양시 일산동구 일산로 100 (백석동,백석1동 1241외1필지 4층)",A2100033,109,자동,차단,비뇨의학과
2026-10-01 00:30:00,경기도,A2100033,국민건강보험공단일산병원,응급,Y000,응급실,[ENT] * 평일 09:00~ 17:00 // 두경부 파트 진료 불가,20260927235800,20261004235900,"경기도 고양시 일산동구 일산로 100 (백석동,백석1동 1241외1필지 4층)",A2100033,110,자동,차단,이비인후과
2026-10-01 00:30:00,경기도,A2100033,국민건강보험공단일산병원,응급,Y000,응급실,"[EYE] * 평일,주말 (07:00~ 22:00) 가능",20260927235700,20261004235900,"경기도 고양시 일산동구 일산로 100 (백석동,백석1동 1241외1필지 4층)",A2100033,111,자동,차단,안과
2026-10-01 00:30:00,경기도,A2100040,가톨릭대학교의정부성모병원,중증,Y0100,저출생체중아,중환자실 부족,20260930222500,20261001080000,"경기도 의정부시 천보로 271, 의정부성모병원 (금오동)",A2100040,112,자동,차단,소아청소년과
2026-10-01 00:30:00,경기도,A2100040,가톨릭대학교의정부성모병원,응급,Y000,응급실,산부인과 사전 연락 후 수용여부 결정,20260928000000,20261005000000,"경기도 의정부시 천보로 271, 의정부성모병원 (금오동)",A2100040,113,자동,차단,응급실
2026-10-01 00:30:00,경기도,A2100040,가톨릭대학교의정부성모병원,응급,Y000,응급실,의료진 부족,20260928000000,20261005000000,"경기도 의정부시 천보로 271, 의정부성모병원 (금오동)",A2100040,114,자동,차단,감염내과
2026-10-01 00:30:00,경기도,A2100040,가톨릭대학교의정부성모병원,응급,Y000,응급실,성형외과 동반 진료 필요시 불가(야간),20260928000000,20261005000000,"경기도 의정부시 천보로 271, 의정부성모병원 (금오동)",A2100040,115,자동,차단,안과
2026-10-01 00:30:00,경기도,A2100040,가톨릭대학교의정부성모병원,응급,Y000,응급실,"권역 내 환자만 가능, 식도 이물질만 평일 08:00~17:00만 가능",20260928000000,20261005000000,"경기도 의정부시 천보로 271, 의정부성모병원 (금오동)",A2100040,116,자동,차단,소화기내과
2026-10-01 00:30:00,경기도,A2100040,가톨릭대학교의정부성모병원,응급,Y000,응급실,복부 대동맥 사전 협의 필요,20260928000000,20261005000000,"경기도 의정부시 천보로 271, 의정부성모병원 (금오동)",A2100040,117,자동,차단,응급실
2026-10-01 00:30:00,경기도,A2100041,남양주한양병원,중증,Y0031,뇌출혈수술(거미막하 출혈),불가능메세지등록,20260927000000,20261004000000,경기도 남양주시 오남읍 양지로 47-55,A2100041,118,자동,차단,신경외과
2026-10-01 00:30:00,경기도,A2100042,의료법인명지의료재단명지병원,응급,Y000,응급실,"소아 경련 응급처치만 가능, 신생아 진료 불가",20260929084300,20261006235900,경기도 고양시 덕양구 화수로14번길 55 (화정동),A2100042,119,자동,차단,소아청소년과
2026-10-01 00:30:00,경기도,A2100046,한림대학교동탄성심병원,응급,Y000,응급실,소아 전담전문의 응급 진료 일시 불가,20261001000100,20261003120000,경기도 화성시 동탄구 큰재봉길 7 (석우동),A2100046,120,자동,차단,소아청소년과
2026-10-01 00:30:00,경기도,A2100046,한림대학교동탄성심병원,응급,Y000,응급실,** 산부인과 진료관련은 전원문의 바랍니다.,20260930080000,20261001080000,경기도 화성시 동탄구 큰재봉길 7 (석우동),A2100046,121,자동,차단,산부인과
2026-10-01 00:30:00,경기도,A2100046,한림대학교동탄성심병원,응급,Y000,응급실,입원치료가 필요한 가스 중독 환자는 일시적으로 수용이 불가능합니다.,20260928080000,20261005000000,경기도 화성시 동탄구 큰재봉길 7 (석우동),A2100046,122,자동,차단,응급실
2026-10-01 00:30:00,경기도,A2100047,동국대학교일산불교병원,응급,Y000,응급실,[소화기내과] 정규시간 외 이물제거 불가,20260924000000,20261001235900,"경기도 고양시 일산동구 동국로 27 (식사동, 동국대학교일산병원)",A2100047,123,자동,차단,소화기내과
2026-10-01 00:30:00,경기도,A2100047,동국대학교일산불교병원,응급,Y000,응급실,[정신건강의학과] 정규시간 외 수용불가,20260924000000,20261001235900,"경기도 고양시 일산동구 동국로 27 (식사동, 동국대학교일산병원)",A2100047,124,자동,차단,정신건강의학과
2026-10-01 00:30:00,경기도,A2100047,동국대학교일산불교병원,응급,Y000,응급실,"[안과] 평일 8:30~20:30 가능, 주말 및 공휴일 8:30~17:00가능/ 안와골절등은 진료 불가",20260924000000,20261001235900,"경기도 고양시 일산동구 동국로 27 (식사동, 동국대학교일산병원)",A2100047,125,자동,차단,안과
2026-10-01 00:30:00,경기도,A2100047,동국대학교일산불교병원,응급,Y000,응급실,"[소아청소년과, 피부과, 성형외과, 객혈] 응급실 진료 불가",20260924000000,20261001235900,"경기도 고양시 일산동구 동국로 27 (식사동, 동국대학교일산병원)",A2100047,126,자동,차단,소아청소년과
2026-10-01 00:30:00,경기도,A2100047,동국대학교일산불교병원,응급,Y000,응급실,[산부인과-분만] NICU 미숙아 수용불가,20260924000000,20261001235900,"경기도 고양시 일산동구 동국로 27 (식사동, 동국대학교일산병원)",A2100047,127,자동,차단,산부인과
2026-10-01 00:30:00,경기도,A2100048,원광대학교산본병원,중증,Y0051,담낭담관질환(담낭질환),담당 전문의 부재로 응급ERCP 불가,20260930123000,20261005080000,경기도 군포시 산본로 321 (산본동),A2100048,128,자동,차단,외과
2026-10-01 00:30:00,경기도,A2100052,가톨릭대학교부천성모병원,응급,Y000,응급실,평일 주간만 가능,20260928000000,20261005000000,"경기도 부천시 원미구 소사로 327, 가톨릭대학교 부천성모병원 (소사동)",A2100052,129,자동,차단,치과
2026-10-01 00:30:00,경기도,A2100052,가톨릭대학교부천성모병원,응급,Y000,응급실,불가능메세지등록,20260928000000,20261005000000,"경기도 부천시 원미구 소사로 327, 가톨릭대학교 부천성모병원 (소사동)",A2100052,130,자동,차단,정신건강의학과
2026-10-01 00:30:00,경기도,A2100052,가톨릭대학교부천성모병원,응급,Y000,응급실,소아 평일 주간 진료가능-8세이상의 기저 질환 없는 소아 24시간 응급의학과 진료 가능,20260928000000,20261005000000,"경기도 부천시 원미구 소사로 327, 가톨릭대학교 부천성모병원 (소사동)",A2100052,131,자동,차단,소아청소년과
2026-10-01 00:30:00,경기도,A2100052,가톨릭대학교부천성모병원,응급,Y000,응급실,평일 주간만 가능,20260928000000,20261005000000,"경기도 부천시 원미구 소사로 327, 가톨릭대학교 부천성모병원 (소사동)",A2100052,132,자동,차단,피부과
2026-10-01 00:30:00,경기도,A2100055,부천세종병원,응급,Y000,응급실,"스텐트 불가 , 자궁동맥 색전술 불가 .식도색전술 불가",20261001000000,20261008235900,"경기도 부천시 소사구 호현로489번길 28 (소사본동, 세종병원)",A2100055,133,자동,차단,영상의학과
2026-10-01 00:30:00,경기도,A2100055,부천세종병원,응급,Y000,응급실,이비인후과 진료불가(의사부재),20261001000000,20261008235900,"경기도 부천시 소사구 호현로489번길 28 (소사본동, 세종병원)",A2100055,134,자동,차단,이비인후과
2026-10-01 00:30:00,경기도,A2100055,부천세종병원,응급,Y000,응급실,"ERCP 불가 ,대장 천공불가",20261001000000,20261007235900,"경기도 부천시 소사구 호현로489번길 28 (소사본동, 세종병원)",A2100055,135,자동,차단,외과
2026-10-01 00:30:00,경기도,A2100055,부천세종병원,응급,Y000,응급실,천공의심소견 동반시 진료 불가능,20261001000000,20261008235900,"경기도 부천시 소사구 호현로489번길 28 (소사본동, 세종병원)",A2100055,136,자동,차단,소화기내과
2026-10-01 00:30:00,경기도,A2100055,부천세종병원,응급,Y000,응급실,"열성경련 단순만가능 복합경련불가, 단순발열만가능 폐렴도 불가능할수 있음. 장중첩증 충수염 불가 24개월 미만 소아 진료불가( 소아경련,이물질흡인,소아내시경,외과 수술 불가)",20261001000000,20261008235900,"경기도 부천시 소사구 호현로489번길 28 (소사본동, 세종병원)",A2100055,137,자동,차단,소아청소년과
2026-10-01 00:30:00,경기도,A2100055,부천세종병원,응급,Y000,응급실,"경련 :난치성 뇌전증,뇌전증중첩증 불가",20261001000000,20261008235900,"경기도 부천시 소사구 호현로489번길 28 (소사본동, 세종병원)",A2100055,138,자동,차단,신경과
2026-10-01 00:30:00,경기도,A2100055,부천세종병원,응급,Y000,응급실,"절단불가,혈관 신경 손상 & 깊은열상 불가, 힘줄 인대 가능.",20261001000000,20261008235900,"경기도 부천시 소사구 호현로489번길 28 (소사본동, 세종병원)",A2100055,139,자동,차단,정형외과
2026-10-01 00:30:00,경기도,A2118788,중앙대학교광명병원,응급,Y000,응급실,위장관출혈 Part 전문의 부재로 수용 불가,20260928100000,20261005100000,경기도 광명시 덕안로 110(일직동),A2118788,140,자동,차단,소화기내과
2026-10-01 00:30:00,경기도,A2118788,중앙대학교광명병원,응급,Y000,응급실,감염내과 - 신환 수용 불가,20260928100000,20261005100000,경기도 광명시 덕안로 110(일직동),A2118788,141,자동,차단,감염내과
2026-10-01 00:30:00,경기도,A2118788,중앙대학교광명병원,응급,Y000,응급실,신경외과 - 주말/공휴일 진료불가,20260928100000,20261005100000,경기도 광명시 덕안로 110(일직동),A2118788,142,자동,차단,신경외과
2026-10-01 00:30:00,경기도,A2118788,중앙대학교광명병원,응급,Y000,응급실,난임시술합병증 진료불가,20260928100000,20261005100000,경기도 광명시 덕안로 110(일직동),A2118788,143,자동,차단,산부인과
2026-10-01 00:30:00,경기도,A2118788,중앙대학교광명병원,응급,Y000,응급실,"소아청소년과 진료안내 : 월~목요일 17:00~21:30, 토요일,공휴일 : 09:00~17:30, 금요일,일요일 : 진료불가",20260928100000,20261005100000,경기도 광명시 덕안로 110(일직동),A2118788,144,자동,차단,소아청소년과
2026-10-01 00:30:00,인천광역시,A1400001,의료법인 길의료재단 길병원,응급,Y000,응급실,내과 분과별 사정에 따른 중환자실 입실 제한(사전 문의 요망),20260929000000,20261006000000,"인천광역시 남동구 남동대로774번길 21 (구월동, 가천대학교길병원)",A1400001,1,자동,차단,응급실
2026-10-01 00:30:00,인천광역시,A1400001,의료법인 길의료재단 길병원,응급,Y000,응급실,성형외과 안면 단순열상 봉합불가,20260929000000,20261006000000,"인천광역시 남동구 남동대로774번길 21 (구월동, 가천대학교길병원)",A1400001,2,자동,차단,성형외과
2026-10-01 00:30:00,인천광역시,A1400001,의료법인 길의료재단 길병원,응급,Y000,응급실,정신과 폐쇄병동 안정실 상황에 따라 응급입원 제한 전원문의 요망,20260929000000,20261006000000,"인천광역시 남동구 남동대로774번길 21 (구월동, 가천대학교길병원)",A1400001,3,자동,차단,응급실
2026-10-01 00:30:00,인천광역시,A1400001,의료법인 길의료재단 길병원,응급,Y000,응급실,OS 학회로 인한 인력 부족으로 hip part 수용불가,20260928111900,20261001080000,"인천광역시 남동구 남동대로774번길 21 (구월동, 가천대학교길병원)",A1400001,4,자동,차단,정형외과
2026-10-01 00:30:00,인천광역시,A1400002,인하대학교의과대학부속병원,응급,Y000,응급실,치과 응급진료 불가하오니 환자 이송 업무에 참고부탁드립니다.,20260928000000,20261004235900,"인천광역시 제물포구 인항로 27-0 (신흥동3가,인하대학병원)",A1400002,5,자동,차단,치과
2026-10-01 00:30:00,인천광역시,A1400010,검단탑병원,중증,Y0010,심근경색의 재관류중재술,심장내과 전문의 부재,20260929222900,20261006222900,인천광역시 검단구 청마로19번길 5 (당하동),A1400010,6,자동,차단,신경외과
2026-10-01 00:30:00,인천광역시,A1400012,가톨릭대학교 인천성모병원,응급,Y000,응급실,119 : Pre KTAS 1~2 환자 통보(고지) 후 내원,20260930200100,20261007200000,인천광역시 부평구 동수로 56 (부평동),A1400012,7,자동,차단,응급실
2026-10-01 00:30:00,인천광역시,A1400012,가톨릭대학교 인천성모병원,응급,Y000,응급실,소아청소년과 : 24시간 진료 가능,20260930200100,20261007200000,인천광역시 부평구 동수로 56 (부평동),A1400012,8,자동,차단,응급실
2026-10-01 00:30:00,인천광역시,A1400012,가톨릭대학교 인천성모병원,응급,Y000,응급실,얼굴외상 : 24시간 진료 가능,20260930200100,20261007200000,인천광역시 부평구 동수로 56 (부평동),A1400012,9,자동,차단,응급실
2026-10-01 00:30:00,인천광역시,A1400012,가톨릭대학교 인천성모병원,응급,Y000,응급실,"자해, 자살, 약물중독 환자 : 적극 수용",20260930200100,20261007200000,인천광역시 부평구 동수로 56 (부평동),A1400012,10,자동,차단,응급실
2026-10-01 00:30:00,인천광역시,A1400017,인천광역시의료원,중증,Y0052,담낭담관질환(담도포함질환),불가능메세지등록,20260928000000,20261005000000,"인천광역시 제물포구 방축로 217 (송림동, 인천광역시 의료원)",A1400017,11,자동,차단,
2026-10-01 00:30:00,인천광역시,A1400017,인천광역시의료원,중증,Y0060,복부응급수술(비외상),불가능메세지등록,20260928000000,20261005000000,"인천광역시 제물포구 방축로 217 (송림동, 인천광역시 의료원)",A1400017,12,자동,차단,
2026-10-01 00:30:00,인천광역시,A1400017,인천광역시의료원,중증,Y0051,담낭담관질환(담낭질환),불가능메세지등록,20260928000000,20261005000000,"인천광역시 제물포구 방축로 217 (송림동, 인천광역시 의료원)",A1400017,13,자동,차단,
2026-10-01 00:30:00,부산광역시,A1200001,인제대학교부산백병원,응급,Y000,응급실,위장관 응급내시경 (영유아) - 문의 후 수용 여부 결정,20260930200000,20261001080000,"부산광역시 부산진구 복지로 75, 진사로83번길 81, 1층(일부), 3층 (개금동)",A1200001,1,자동,차단,응급실
2026-10-01 00:30:00,부산광역시,A1200001,인제대학교부산백병원,응급,Y000,응급실,"이비인후과: 24시간 수용 가능 (epiglottitis, laryngeal edema, deep neck infection, OP case는 문의 후 수용 여부 결정)",20260928180000,20261005235900,"부산광역시 부산진구 복지로 75, 진사로83번길 81, 1층(일부), 3층 (개금동)",A1200001,2,자동,차단,응급실
2026-10-01 00:30:00,부산광역시,A1200001,인제대학교부산백병원,응급,Y000,응급실,입원치료가 필요한 중증 소아환자 진료 제한,20260928180000,20261005235900,"부산광역시 부산진구 복지로 75, 진사로83번길 81, 1층(일부), 3층 (개금동)",A1200001,3,자동,차단,소아청소년과
2026-10-01 00:30:00,부산광역시,A1200001,인제대학교부산백병원,응급,Y000,응급실,"월~목, 주말: f/u 환자 수용 가능, 금요일: 24시간 수용 가능",20260928180000,20261005235900,"부산광역시 부산진구 복지로 75, 진사로83번길 81, 1층(일부), 3층 (개금동)",A1200001,4,자동,차단,비뇨의학과
2026-10-01 00:30:00,부산광역시,A1200001,인제대학교부산백병원,응급,Y000,응급실,f/u 환자 수용 가능 (응급 수술은 이송 전 문의),20260928180000,20261005235900,"부산광역시 부산진구 복지로 75, 진사로83번길 81, 1층(일부), 3층 (개금동)",A1200001,5,자동,차단,외과
2026-10-01 00:30:00,부산광역시,A1200001,인제대학교부산백병원,응급,Y000,응급실,8AM ~ 8PM 환자 수용 가능,20260928180000,20261005235900,"부산광역시 부산진구 복지로 75, 진사로83번길 81, 1층(일부), 3층 (개금동)",A1200001,6,자동,차단,성형외과
2026-10-01 00:30:00,부산광역시,A1200001,인제대학교부산백병원,응급,Y000,응급실,저체중 출생아 - 문의 후 수용 여부 결정,20260928180000,20261005235900,"부산광역시 부산진구 복지로 75, 진사로83번길 81, 1층(일부), 3층 (개금동)",A1200001,7,자동,차단,소아청소년과
2026-10-01 00:30:00,부산광역시,A1200002,부산대학교병원,응급,Y000,응급실,[류마티스내과] 진료인력이 1명인 관계로 F/U 환자만 진료/입원가능. 출장 등으로 류마티스내과 전문의가 부재한 경우 F/U환자 진료/입원도 제한될 수 있음,20261001000000,20261008000000,부산광역시 서구 구덕로 179 (아미동1가),A1200002,8,자동,차단,류마티스내과
2026-10-01 00:30:00,부산광역시,A1200002,부산대학교병원,응급,Y000,응급실,성형안과파트 담당전문의 부재로 진료와 수술이 불가합니다,20261001000000,20261008235900,부산광역시 서구 구덕로 179 (아미동1가),A1200002,9,자동,차단,안과
2026-10-01 00:30:00,부산광역시,A1200002,부산대학교병원,응급,Y000,응급실,[정형외과] 응급수술로 진료 불가,20260930201400,20261001020000,부산광역시 서구 구덕로 179 (아미동1가),A1200002,10,자동,차단,정형외과
2026-10-01 00:30:00,부산광역시,A1200002,부산대학교병원,응급,Y000,응급실,[이비인후과]두경부 전문의 당직 부재로 수술 케이스 진료 불가,20260930180000,20261001070000,부산광역시 서구 구덕로 179 (아미동1가),A1200002,11,자동,차단,이비인후과
2026-10-01 00:30:00,부산광역시,A1200002,부산대학교병원,응급,Y000,응급실,"[정신건강의학과]소아청소년과 세부 전문의 부재로 인해 소아, 청소년 진료 불가",20260930000000,20261007000000,부산광역시 서구 구덕로 179 (아미동1가),A1200002,12,자동,차단,정신건강의학과
2026-10-01 00:30:00,부산광역시,A1200002,부산대학교병원,응급,Y000,응급실,"[정형외과] 외상으로 인한 상지 혈관 손상, 미세수술이 필요한 수술을 월,수,금(08시~익일08시) 사전 문의 후 진료, 의외의 요일에는 수용 불가",20260930000000,20261006235900,부산광역시 서구 구덕로 179 (아미동1가),A1200002,13,자동,차단,정형외과
2026-10-01 00:30:00,부산광역시,A1200002,부산대학교병원,응급,Y000,응급실,[정형외과]소아파트 전문의 인력부재 진료불가,20260929182600,20261005070000,부산광역시 서구 구덕로 179 (아미동1가),A1200002,14,자동,차단,정형외과
2026-10-01 00:30:00,부산광역시,A1200002,부산대학교병원,응급,Y000,응급실,"[외과] 진료 인력 부족으로 상의되지 않은 신환 진료는 문의 필요, 혈관파트 전원 문의 필요, f/u 환자 진료 가능",20260929000000,20261005235900,부산광역시 서구 구덕로 179 (아미동1가),A1200002,15,자동,차단,외과
2026-10-01 00:30:00,부산광역시,A1200002,부산대학교병원,응급,Y000,응급실,"[성형외과] 소아 진정시, 필수적인 모니터링 및 응급대응 지원이 불가하여, 진정이 필요한 소아 열상봉합진료가 제한됩니다.",20260929000000,20261006000000,부산광역시 서구 구덕로 179 (아미동1가),A1200002,16,자동,차단,성형외과
2026-10-01 00:30:00,부산광역시,A1200002,부산대학교병원,응급,Y000,응급실,"[소아청소년과] 월-목 주간 (8am-4pm) 신환, F/U 문의 후 결정. 월-목 야간 (4pm-익일 8am) F/U 환자만 진료 가능하며 문의 후 결정. (금 am8-월 am8) F/U 포함 모든 환자 진료 불가.",20260929000000,20261006000000,부산광역시 서구 구덕로 179 (아미동1가),A1200002,17,자동,차단,소아청소년과
2026-10-01 00:30:00,부산광역시,A1200002,부산대학교병원,응급,Y000,응급실,"[소화기내과] 진료인력 부족으로 신환은 의료진 상의 후 가능 (단, 야간 21:00-익일 7:00 불가), f/u 환자 진료 가능",20260928073000,20261005073000,부산광역시 서구 구덕로 179 (아미동1가),A1200002,18,자동,차단,소화기내과
2026-10-01 00:30:00,부산광역시,A1200002,부산대학교병원,응급,Y000,응급실,"[신경과] 평일 주간(08:00~21:00)은 신환 진료 가능, 평일 야간(21:00~익일08:00), 주말, 공휴일은 f/u 환자만 진료가능합니다",20260928000000,20261004235900,부산광역시 서구 구덕로 179 (아미동1가),A1200002,19,자동,차단,신경과
2026-10-01 00:30:00,부산광역시,A1200002,부산대학교병원,응급,Y000,응급실,[재활의학과] f/u 환자만 진료 가능합니다,20260928000000,20261004235900,부산광역시 서구 구덕로 179 (아미동1가),A1200002,20,자동,차단,재활의학과
2026-10-01 00:30:00,부산광역시,A1200002,부산대학교병원,응급,Y000,응급실,[소아청소년과]의료진 인력 부족으로 소아신경파트 신환 진료 불가,20260928000000,20261004235900,부산광역시 서구 구덕로 179 (아미동1가),A1200002,21,자동,차단,소아청소년과
2026-10-01 00:30:00,부산광역시,A1200002,부산대학교병원,응급,Y000,응급실,"[혈액종양내과] 의료진 인력 부족으로 신환 수용 불가, FU 환자 가능",20260928000000,20261004235900,부산광역시 서구 구덕로 179 (아미동1가),A1200002,22,자동,차단,혈액·종양내과
2026-10-01 00:30:00,부산광역시,A1200002,부산대학교병원,응급,Y000,응급실,[산부인과]신생아 중환자실 부족으로 임산부 문의 후 수용여부결정,20260928000000,20261005000000,부산광역시 서구 구덕로 179 (아미동1가),A1200002,23,자동,차단,병상 또는 장비
2026-10-01 00:30:00,부산광역시,A1200002,부산대학교병원,응급,Y000,응급실,"[소아청소년과]소아 소화기, 신장, 혈액종양, 류마티스 전문의 부재로 진료 불가",20260928000000,20261004235900,부산광역시 서구 구덕로 179 (아미동1가),A1200002,24,자동,차단,소아청소년과
2026-10-01 00:30:00,부산광역시,A1200002,부산대학교병원,중증,Y0070,장중첩/폐색(유아),소아 소화기 전문의 부재로 소아 장중첩 및 장폐색 진료 불가,20260927000000,20261004000000,부산광역시 서구 구덕로 179 (아미동1가),A1200002,25,자동,차단,소아청소년과
2026-10-01 00:30:00,부산광역시,A1200002,부산대학교병원,응급,Y000,응급실,[성형외과] 수부 전문의 당직 인력 부족으로 수부 외상 응급진료가 제한됩니다.,20260927000000,20261004000000,부산광역시 서구 구덕로 179 (아미동1가),A1200002,26,자동,차단,성형외과
2026-10-01 00:30:00,부산광역시,A1200002,부산대학교병원,응급,Y000,응급실,[정형외과]정형외과 혈관파트 의료진과 사전 협의 후 내원,20260925000000,20261001235900,부산광역시 서구 구덕로 179 (아미동1가),A1200002,27,자동,차단,정형외과
2026-10-01 00:30:00,부산광역시,A1200002,부산대학교병원,응급,Y000,응급실,[피부과] 평일 및 주말 피부과 진료시간 08:00~22:00로 조정,20260925000000,20261002000000,부산광역시 서구 구덕로 179 (아미동1가),A1200002,28,자동,차단,피부과
2026-10-01 00:30:00,부산광역시,A1200003,동아대학교병원,응급,Y000,응급실,OL 두경부 파트 진료불가합니다.,20260928170300,20261004090000,부산광역시 서구 대신공원로 26 (동대신동3가),A1200003,29,자동,차단,이비인후과
2026-10-01 00:30:00,부산광역시,A1200003,동아대학교병원,응급,Y000,응급실,의료진 부족으로 상지파트 진료 및 수술 불가합니다.,20260928000000,20261003060000,부산광역시 서구 대신공원로 26 (동대신동3가),A1200003,30,자동,차단,정형외과
2026-10-01 00:30:00,부산광역시,A1200003,동아대학교병원,응급,Y000,응급실,TTM 사용중으로 적응증 환자 수용 불가합니다.,20260926080700,20261003000000,부산광역시 서구 대신공원로 26 (동대신동3가),A1200003,31,자동,차단,병상 또는 장비
2026-10-01 00:30:00,부산광역시,A1200003,동아대학교병원,응급,Y000,응급실,"[소아청소년과] 평일 17시~익일 08시, 휴일 종일 f/u 포함 진료 불가 합니다. (이송 전 문의 바랍니다.)",20260926002400,20261002235900,부산광역시 서구 대신공원로 26 (동대신동3가),A1200003,32,자동,차단,소아청소년과
2026-10-01 00:30:00,부산광역시,A1200003,동아대학교병원,중증,Y0041,대동맥응급(흉부),대동맥 파트 진료 및 수술 불가합니다.,20260925000000,20261002000000,부산광역시 서구 대신공원로 26 (동대신동3가),A1200003,33,자동,차단,
2026-10-01 00:30:00,부산광역시,A1200003,동아대학교병원,중증,Y0042,대동맥응급(복부),대동맥 파트 진료 및 수술 불가합니다.,20260925000000,20261002000000,부산광역시 서구 대신공원로 26 (동대신동3가),A1200003,34,자동,차단,
2026-10-01 00:30:00,부산광역시,A1200003,동아대학교병원,중증,Y0051,담낭담관질환(담낭질환),biliary part 신환 수용 불가합니다.,20260925000000,20261002000000,부산광역시 서구 대신공원로 26 (동대신동3가),A1200003,35,자동,차단,
2026-10-01 00:30:00,부산광역시,A1200003,동아대학교병원,중증,Y0052,담낭담관질환(담도포함질환),biliary part 신환 수용 불가합니다.,20260925000000,20261002000000,부산광역시 서구 대신공원로 26 (동대신동3가),A1200003,36,자동,차단,
2026-10-01 00:30:00,부산광역시,A1200003,동아대학교병원,중증,Y0070,장중첩/폐색(유아),소아 위장관 응급내시경 불가합니다.,20260925000000,20261002000000,부산광역시 서구 대신공원로 26 (동대신동3가),A1200003,37,자동,차단,
2026-10-01 00:30:00,부산광역시,A1200003,동아대학교병원,중증,Y0171,영상의학혈관중재(성인),"두경부, 뇌혈관제외 모든 응급 시술 불가 합니다.",20260925000000,20261002000000,부산광역시 서구 대신공원로 26 (동대신동3가),A1200003,38,자동,차단,
2026-10-01 00:30:00,부산광역시,A1200003,동아대학교병원,중증,Y0091,기관지 응급내시경(성인),"의료진 부재로 성인,소아 응급 내시경 불가 합니다.",20260925000000,20261002000000,부산광역시 서구 대신공원로 26 (동대신동3가),A1200003,39,자동,차단,
2026-10-01 00:30:00,부산광역시,A1200003,동아대학교병원,중증,Y0172,영상의학혈관중재(영유아),"두경부, 뇌혈관제외 모든 응급 시술 불가 합니다.",20260925000000,20261002000000,부산광역시 서구 대신공원로 26 (동대신동3가),A1200003,40,자동,차단,
2026-10-01 00:30:00,부산광역시,A1200004,고신대학교복음병원,응급,Y000,응급실,[소아청소년과] 월~목 응급실 소아과 전문의 상주(월/수는 야간진료 가능하나 요일 별 근무시간 상이하여 사전 문의 필요),20260928100000,20261005095900,부산광역시 서구 감천로 262 (암남동),A1200004,41,자동,차단,응급실
2026-10-01 00:30:00,부산광역시,A1200005,의료법인 은성의료재단 좋은삼선병원,응급,Y000,응급실,불가능메세지등록,20260928090000,20261005090000,"부산광역시 사상구 가야대로 326, 좋은삼선병원 (주례동)",A1200005,42,자동,차단,안과
2026-10-01 00:30:00,부산광역시,A1200005,의료법인 은성의료재단 좋은삼선병원,응급,Y000,응급실,치아외상 불가합니다.,20260928090000,20261005090000,"부산광역시 사상구 가야대로 326, 좋은삼선병원 (주례동)",A1200005,43,자동,차단,치과
2026-10-01 00:30:00,부산광역시,A1200005,의료법인 은성의료재단 좋은삼선병원,응급,Y000,응급실,평일 야간 및 주말 진료 불가합니다.,20260928090000,20261005090000,"부산광역시 사상구 가야대로 326, 좋은삼선병원 (주례동)",A1200005,44,자동,차단,정신건강의학과
2026-10-01 00:30:00,부산광역시,A1200005,의료법인 은성의료재단 좋은삼선병원,응급,Y000,응급실,불가능메세지등록,20260928090000,20261005090000,"부산광역시 사상구 가야대로 326, 좋은삼선병원 (주례동)",A1200005,45,자동,차단,흉부외과
2026-10-01 00:30:00,부산광역시,A1200005,의료법인 은성의료재단 좋은삼선병원,응급,Y000,응급실,평일 야간 및 주말 진료 불가합니다.,20260928090000,20261005090000,"부산광역시 사상구 가야대로 326, 좋은삼선병원 (주례동)",A1200005,46,자동,차단,비뇨의학과
2026-10-01 00:30:00,부산광역시,A1200005,의료법인 은성의료재단 좋은삼선병원,응급,Y000,응급실,불가능메세지등록,20260928090000,20261005090000,"부산광역시 사상구 가야대로 326, 좋은삼선병원 (주례동)",A1200005,47,자동,차단,정신건강의학과
2026-10-01 00:30:00,부산광역시,A1200005,의료법인 은성의료재단 좋은삼선병원,응급,Y000,응급실,불가능메세지등록,20260928090000,20261005090000,"부산광역시 사상구 가야대로 326, 좋은삼선병원 (주례동)",A1200005,48,자동,차단,성형외과
2026-10-01 00:30:00,부산광역시,A1200005,의료법인 은성의료재단 좋은삼선병원,응급,Y000,응급실,평일 야간 및 주말 진료 불가합니다.,20260928090000,20261005090000,"부산광역시 사상구 가야대로 326, 좋은삼선병원 (주례동)",A1200005,49,자동,차단,치과
2026-10-01 00:30:00,부산광역시,A1200005,의료법인 은성의료재단 좋은삼선병원,응급,Y000,응급실,불가능메세지등록,20260928090000,20261005090000,"부산광역시 사상구 가야대로 326, 좋은삼선병원 (주례동)",A1200005,50,자동,차단,외상외과
2026-10-01 00:30:00,부산광역시,A1200005,의료법인 은성의료재단 좋은삼선병원,응급,Y000,응급실,평일 야간 및 주말 진료 불가합니다.,20260928090000,20261005090000,"부산광역시 사상구 가야대로 326, 좋은삼선병원 (주례동)",A1200005,51,자동,차단,이비인후과
2026-10-01 00:30:00,부산광역시,A1200005,의료법인 은성의료재단 좋은삼선병원,응급,Y000,응급실,"36개월 미만 진료 불가, 소아경련(발열경련 포함), 소아외상, 화상, 심장, 신경 진료 불가합니다.",20260928090000,20261005090000,"부산광역시 사상구 가야대로 326, 좋은삼선병원 (주례동)",A1200005,52,자동,차단,소아청소년과
2026-10-01 00:30:00,부산광역시,A1200005,의료법인 은성의료재단 좋은삼선병원,응급,Y000,응급실,[산과]불가합니다.,20260928090000,20261005090000,"부산광역시 사상구 가야대로 326, 좋은삼선병원 (주례동)",A1200005,53,자동,차단,산부인과
2026-10-01 00:30:00,부산광역시,A1200013,부산성모병원(재단법인 천주교부산교구유지재단),응급,Y000,응급실,ENT 진료 불가능합니다.,20260929010000,20261002080000,부산광역시 남구 용호로232번길 25-14 (용호동),A1200013,54,자동,차단,이비인후과
2026-10-01 00:30:00,부산광역시,A1200015,동남권원자력의학원,응급,Y000,응급실,환자 이송 전 문의 바랍니다.,20260928083100,20261005083000,부산광역시 기장군 장안읍 좌동길 40,A1200015,55,자동,차단,응급실
2026-10-01 00:30:00,부산광역시,A1200016,한국보훈복지의료공단 부산보훈병원,응급,Y000,응급실,야간진료 제한 있음,20261001001500,20261008000000,부산광역시 사상구 백양대로 420 (주례동),A1200016,56,자동,차단,호흡기내과
2026-10-01 00:30:00,부산광역시,A1200016,한국보훈복지의료공단 부산보훈병원,응급,Y000,응급실,불가능메세지등록,20261001001500,20261008000000,부산광역시 사상구 백양대로 420 (주례동),A1200016,57,자동,차단,성형외과
2026-10-01 00:30:00,부산광역시,A1200016,한국보훈복지의료공단 부산보훈병원,응급,Y000,응급실,불가능메세지등록,20261001001500,20261008000000,부산광역시 사상구 백양대로 420 (주례동),A1200016,58,자동,차단,소아청소년과
2026-10-01 00:30:00,부산광역시,A1200016,한국보훈복지의료공단 부산보훈병원,응급,Y000,응급실,불가능메세지등록,20261001001500,20261008000000,부산광역시 사상구 백양대로 420 (주례동),A1200016,59,자동,차단,류마티스내과
2026-10-01 00:30:00,부산광역시,A1200016,한국보훈복지의료공단 부산보훈병원,응급,Y000,응급실,불가능메세지등록,20261001001500,20261008000000,부산광역시 사상구 백양대로 420 (주례동),A1200016,60,자동,차단,흉부외과
2026-10-01 00:30:00,부산광역시,A1200016,한국보훈복지의료공단 부산보훈병원,응급,Y000,응급실,불가능메세지등록,20261001001500,20261008000000,부산광역시 사상구 백양대로 420 (주례동),A1200016,61,자동,차단,감염내과
2026-10-01 00:30:00,부산광역시,A1200016,한국보훈복지의료공단 부산보훈병원,응급,Y000,응급실,야간불가,20261001001500,20261008000000,부산광역시 사상구 백양대로 420 (주례동),A1200016,62,자동,차단,신경과
2026-10-01 00:30:00,부산광역시,A1200016,한국보훈복지의료공단 부산보훈병원,응급,Y000,응급실,불가능메세지등록,20261001001500,20261008000000,부산광역시 사상구 백양대로 420 (주례동),A1200016,63,자동,차단,혈액·종양내과
2026-10-01 00:30:00,부산광역시,A1200016,한국보훈복지의료공단 부산보훈병원,응급,Y000,응급실,불가능메세지등록,20261001001500,20261008000000,부산광역시 사상구 백양대로 420 (주례동),A1200016,64,자동,차단,산부인과
2026-10-01 00:30:00,부산광역시,A1200017,의료법인정화의료재단 봉생기념병원,응급,Y000,응급실,"평일 5pm~9AM, 주말 응급내시경 불가합니다.",20260927054000,20261004235900,"부산광역시 동구 중앙대로 401 (좌천동, 봉생병원)",A1200017,65,자동,차단,소화기내과
2026-10-01 00:30:00,부산광역시,A1200017,의료법인정화의료재단 봉생기념병원,응급,Y000,응급실,"주말, 야간 OBGY 진료 및 수술 어렵습니다",20260927054000,20261004235900,"부산광역시 동구 중앙대로 401 (좌천동, 봉생병원)",A1200017,66,자동,차단,산부인과
2026-10-01 00:30:00,부산광역시,A1200017,의료법인정화의료재단 봉생기념병원,응급,Y000,응급실,"소아 경련 환자 진료 불가, 소아 내/외과 환자 진료 불가",20260927054000,20261004235900,"부산광역시 동구 중앙대로 401 (좌천동, 봉생병원)",A1200017,67,자동,차단,소아청소년과
2026-10-01 00:30:00,부산광역시,A1200017,의료법인정화의료재단 봉생기념병원,응급,Y000,응급실,DI 환자 수용어렵습니다. 본원 NP DI 환자 문의 후 수용,20260927054000,20261004235900,"부산광역시 동구 중앙대로 401 (좌천동, 봉생병원)",A1200017,68,자동,차단,소화기내과
2026-10-01 00:30:00,부산광역시,A1200017,의료법인정화의료재단 봉생기념병원,응급,Y000,응급실,모든 환자 이송 전 반드시 문의 바랍니다.,20260927054000,20261004235900,"부산광역시 동구 중앙대로 401 (좌천동, 봉생병원)",A1200017,69,자동,차단,응급실
2026-10-01 00:30:00,부산광역시,A1200017,의료법인정화의료재단 봉생기념병원,중증,Y0052,담낭담관질환(담도포함질환),불가능메세지등록,20260927054000,20261004000000,"부산광역시 동구 중앙대로 401 (좌천동, 봉생병원)",A1200017,70,자동,차단,내과
2026-10-01 00:30:00,부산광역시,A1200017,의료법인정화의료재단 봉생기념병원,중증,Y0051,담낭담관질환(담낭질환),불가능메세지등록,20260927054000,20261004000000,"부산광역시 동구 중앙대로 401 (좌천동, 봉생병원)",A1200017,71,자동,차단,내과
2026-10-01 00:30:00,부산광역시,A1200018,대동병원,응급,Y000,응급실,,20260930230000,20261001080000,부산광역시 동래구 충렬대로 187 (명륜동),A1200018,72,자동,차단,산부인과
2026-10-01 00:30:00,부산광역시,A1200018,대동병원,응급,Y000,응급실,환자과다로 f/u 환자 외 적응증 및 시술 환자 수용불가,20260925000000,20261002235900,부산광역시 동래구 충렬대로 187 (명륜동),A1200018,73,자동,차단,호흡기내과
2026-10-01 00:30:00,부산광역시,A1200018,대동병원,응급,Y000,응급실,18시- 09시 이송전 사전문의,20260925000000,20261002235900,부산광역시 동래구 충렬대로 187 (명륜동),A1200018,74,자동,차단,소아청소년과
2026-10-01 00:30:00,부산광역시,A1200018,대동병원,응급,Y000,응급실,119 환자 이송 전 연락 바랍니다.,20260925000000,20261002235900,부산광역시 동래구 충렬대로 187 (명륜동),A1200018,75,자동,차단,응급실
2026-10-01 00:30:00,부산광역시,A1200021,삼육부산병원,중증,Y0042,대동맥응급(복부),angio 시술팀 부재로 외래시간(09:00~18:00)외 수용불가,20260930180000,20261001090000,부산광역시 서구 대티로 170 (서대신동2가),A1200021,76,자동,차단,
2026-10-01 00:30:00,부산광역시,A1200021,삼육부산병원,중증,Y0041,대동맥응급(흉부),angio 시술팀 부재로 외래시간(09:00~18:00)외 수용불가,20260930180000,20261001090000,부산광역시 서구 대티로 170 (서대신동2가),A1200021,77,자동,차단,
2026-10-01 00:30:00,부산광역시,A1200021,삼육부산병원,중증,Y0020,뇌경색의 재관류중재술,angio 시술팀 부재로 외래시간(09:00~18:00)외 수용불가,20260930180000,20261001090000,부산광역시 서구 대티로 170 (서대신동2가),A1200021,78,자동,차단,
2026-10-01 00:30:00,부산광역시,A1200021,삼육부산병원,중증,Y0010,심근경색의 재관류중재술,angio 시술팀 부재로 외래시간(09:00~18:00)외 수용불가,20260930180000,20261001090000,부산광역시 서구 대티로 170 (서대신동2가),A1200021,79,자동,차단,
2026-10-01 00:30:00,부산광역시,A1200022,인제대학교 해운대백병원,응급,Y000,응급실,"소아내시경 만 12세 (40kg) 이상 , 뇌염, 복합경련은 응급실진료 가능, 입원 어려움, 100일 미만 발열 소아 응급실 진료 가능, 중환아 일 경우 입원 불가능",20260926000000,20261003235900,부산광역시 해운대구 해운대로 875 (좌동),A1200022,80,자동,차단,소아청소년과
2026-10-01 00:30:00,부산광역시,A1200022,인제대학교 해운대백병원,응급,Y000,응급실,이송전 사전연락,20260926000000,20261003235900,부산광역시 해운대구 해운대로 875 (좌동),A1200022,81,자동,차단,정형외과
2026-10-01 00:30:00,부산광역시,A1200022,인제대학교 해운대백병원,응급,Y000,응급실,응급실 진료불가,20260926000000,20261003235900,부산광역시 해운대구 해운대로 875 (좌동),A1200022,82,자동,차단,성형외과
2026-10-01 00:30:00,부산광역시,A1200022,인제대학교 해운대백병원,응급,Y000,응급실,대동맥 박리 case 진료 불가,20260926000000,20261003235900,부산광역시 해운대구 해운대로 875 (좌동),A1200022,83,자동,차단,흉부외과
2026-10-01 00:30:00,부산광역시,A1200024,부산광역시의료원,중증,Y0171,영상의학혈관중재(성인),평일 주간시간 가능,20260928080000,20261005075900,"부산광역시 연제구 월드컵대로 359 (거제동, 1동, 5동일부)",A1200024,84,자동,차단,
2026-10-01 00:30:00,부산광역시,A1200024,부산광역시의료원,중증,Y0141,응급투석(HD),불가능메세지등록,20260928080000,20261005075900,"부산광역시 연제구 월드컵대로 359 (거제동, 1동, 5동일부)",A1200024,85,자동,차단,
2026-10-01 00:30:00,부산광역시,A1200024,부산광역시의료원,중증,Y0091,기관지 응급내시경(성인),불가능메세지등록,20260928080000,20261005075900,"부산광역시 연제구 월드컵대로 359 (거제동, 1동, 5동일부)",A1200024,86,자동,차단,
2026-10-01 00:30:00,부산광역시,A1200024,부산광역시의료원,중증,Y0031,뇌출혈수술(거미막하 출혈),불가능메세지등록,20260928080000,20261005075900,"부산광역시 연제구 월드컵대로 359 (거제동, 1동, 5동일부)",A1200024,87,자동,차단,
2026-10-01 00:30:00,부산광역시,A1200024,부산광역시의료원,중증,Y0111,산부인과 응급(분만),불가능메세지등록,20260928080000,20261005075900,"부산광역시 연제구 월드컵대로 359 (거제동, 1동, 5동일부)",A1200024,88,자동,차단,
2026-10-01 00:30:00,부산광역시,A1200024,부산광역시의료원,중증,Y0132,수족지접합 외,불가능메세지등록,20260928080000,20261005075900,"부산광역시 연제구 월드컵대로 359 (거제동, 1동, 5동일부)",A1200024,89,자동,차단,
2026-10-01 00:30:00,부산광역시,A1200024,부산광역시의료원,중증,Y0113,산부인과 응급(부인과수술),불가능메세지등록,20260928080000,20261005075900,"부산광역시 연제구 월드컵대로 359 (거제동, 1동, 5동일부)",A1200024,90,자동,차단,
2026-10-01 00:30:00,부산광역시,A1200024,부산광역시의료원,중증,Y0041,대동맥응급(흉부),불가능메세지등록,20260928080000,20261005075900,"부산광역시 연제구 월드컵대로 359 (거제동, 1동, 5동일부)",A1200024,91,자동,차단,
2026-10-01 00:30:00,부산광역시,A1200024,부산광역시의료원,중증,Y0042,대동맥응급(복부),불가능메세지등록,20260928080000,20261005075900,"부산광역시 연제구 월드컵대로 359 (거제동, 1동, 5동일부)",A1200024,92,자동,차단,
2026-10-01 00:30:00,부산광역시,A1200024,부산광역시의료원,중증,Y0032,뇌출혈수술(거미막하 출혈 외),불가능메세지등록,20260928080000,20261005075900,"부산광역시 연제구 월드컵대로 359 (거제동, 1동, 5동일부)",A1200024,93,자동,차단,신경외과
2026-10-01 00:30:00,부산광역시,A1200024,부산광역시의료원,중증,Y0112,산부인과 응급(산과수술),불가능메세지등록,20260928080000,20261005075900,"부산광역시 연제구 월드컵대로 359 (거제동, 1동, 5동일부)",A1200024,94,자동,차단,
2026-10-01 00:30:00,부산광역시,A1200024,부산광역시의료원,중증,Y0150,정신과적 응급입원,불가능메세지등록,20260928080000,20261005075900,"부산광역시 연제구 월드컵대로 359 (거제동, 1동, 5동일부)",A1200024,95,자동,차단,
2026-10-01 00:30:00,부산광역시,A1200024,부산광역시의료원,중증,Y0131,수족지접합,불가능메세지등록,20260928080000,20261005075900,"부산광역시 연제구 월드컵대로 359 (거제동, 1동, 5동일부)",A1200024,96,자동,차단,
2026-10-01 00:30:00,부산광역시,A1200024,부산광역시의료원,중증,Y0120,중증화상,불가능메세지등록,20260928080000,20261005075900,"부산광역시 연제구 월드컵대로 359 (거제동, 1동, 5동일부)",A1200024,97,자동,차단,
2026-10-01 00:30:00,부산광역시,A1200024,부산광역시의료원,중증,Y0020,뇌경색의 재관류중재술,불가능메세지등록,20260928080000,20261005075900,"부산광역시 연제구 월드컵대로 359 (거제동, 1동, 5동일부)",A1200024,98,자동,차단,신경외과
2026-10-01 00:30:00,부산광역시,A1200045,구포성심병원,중증,Y0010,심근경색의 재관류중재술,CV 부재로 불가능합니다.,20260930170000,20261001083000,부산광역시 북구 낙동대로 1786 (구포동),A1200045,99,자동,차단,
2026-10-01 00:30:00,부산광역시,A1200045,구포성심병원,응급,Y000,응급실,"집중치료실 full bed, 이송 전 문의 부탁드립니다.",20260930111600,20261001090000,부산광역시 북구 낙동대로 1786 (구포동),A1200045,100,자동,차단,병상 또는 장비
2026-10-01 00:30:00,대구광역시,A1300001,영남대학교병원,응급,Y000,응급실,"[내분비대사내과] 해당 시간대에는 진료 불가 (pf.윤지성) : 평일18~8시,주말,공휴일",20260930180000,20261001080000,대구광역시 남구 현충로 170 (대명동),A1300001,1,자동,차단,내분비내과
2026-10-01 00:30:00,대구광역시,A1300001,영남대학교병원,응급,Y000,응급실,"[혈액종양내과] 해당 시간대에는 f/u 환자만 수용 가능 (pf.고성애) : 평일18~8시,주말,공휴일",20260930180000,20261001080000,대구광역시 남구 현충로 170 (대명동),A1300001,2,자동,차단,혈액·종양내과
2026-10-01 00:30:00,대구광역시,A1300001,영남대학교병원,응급,Y000,응급실,"[소아청소년과] 야간·주말·공휴일 소아신경과 f/u만 수용 가능, [영유아 기관지 응급내시경] 수용 불가능",20260930180000,20261001083000,대구광역시 남구 현충로 170 (대명동),A1300001,3,자동,차단,소아청소년과
2026-10-01 00:30:00,대구광역시,A1300001,영남대학교병원,응급,Y000,응급실,[신경과] 경련 환자 진료 제한 (pf.권두혁),20260930170000,20261001080000,대구광역시 남구 현충로 170 (대명동),A1300001,4,자동,차단,신경과
2026-10-01 00:30:00,대구광역시,A1300001,영남대학교병원,응급,Y000,응급실,"[신경외과] brain tumor 환자 f/u 외 진료 제한, 외상 및 뇌혈관질환 진료 가능 (pf.박소희)",20260930153700,20261001060000,대구광역시 남구 현충로 170 (대명동),A1300001,5,자동,차단,신경외과
2026-10-01 00:30:00,대구광역시,A1300001,영남대학교병원,응급,Y000,응급실,[소아외과] 의료진 부재로 수용 불가능 (pf.이남혁),20260930130000,20261001080000,대구광역시 남구 현충로 170 (대명동),A1300001,6,자동,차단,외과
2026-10-01 00:30:00,대구광역시,A1300001,영남대학교병원,응급,Y000,응급실,[소화기내과] 간 파트는 f/u 수용 가능 (pf.박정길),20260930080000,20261001080000,대구광역시 남구 현충로 170 (대명동),A1300001,7,자동,차단,소화기내과
2026-10-01 00:30:00,대구광역시,A1300001,영남대학교병원,응급,Y000,응급실,[호흡기내과] f/u 수용 가능 (pf.진현정),20260930080000,20261001080000,대구광역시 남구 현충로 170 (대명동),A1300001,8,자동,차단,호흡기내과
2026-10-01 00:30:00,대구광역시,A1300001,영남대학교병원,응급,Y000,응급실,[외과] f/u 수용 가능 및 중증화상 수용 불가능 (pf.김소현),20260930080000,20261001080000,대구광역시 남구 현충로 170 (대명동),A1300001,9,자동,차단,외과
2026-10-01 00:30:00,대구광역시,A1300001,영남대학교병원,응급,Y000,응급실,[비뇨의학과] 의료진 부재로 복부 관련 환자 외 수용 가능 (pf.송필현),20260930080000,20261001080000,대구광역시 남구 현충로 170 (대명동),A1300001,10,자동,차단,비뇨의학과
2026-10-01 00:30:00,대구광역시,A1300001,영남대학교병원,응급,Y000,응급실,[치과] 의료진 부재로 수용 불가능,20260930080000,20261001080000,대구광역시 남구 현충로 170 (대명동),A1300001,11,자동,차단,치과
2026-10-01 00:30:00,대구광역시,A1300001,영남대학교병원,응급,Y000,응급실,[이비인후과] f/u 수용 가능 (pf.김용대),20260930080000,20261001080000,대구광역시 남구 현충로 170 (대명동),A1300001,12,자동,차단,이비인후과
2026-10-01 00:30:00,대구광역시,A1300002,경북대학교병원,중증,Y0041,대동맥응급(흉부),"[마취통증의학과] 매주 수요일(18:00~08:00), 심장, 대동맥 관련수술 불가",20260930180000,20261001080000,"대구광역시 중구 동덕로 130 (삼덕동2가, 경북대학교병원)",A1300002,13,자동,차단,
2026-10-01 00:30:00,대구광역시,A1300002,경북대학교병원,응급,Y000,응급실,[신경과] 의료진 부재로 말초신경 및 근육질환 관련 응급진료 불가,20260930114200,20261006080000,"대구광역시 중구 동덕로 130 (삼덕동2가, 경북대학교병원)",A1300002,14,자동,차단,신경과
2026-10-01 00:30:00,대구광역시,A1300002,경북대학교병원,응급,Y000,응급실,[부인과] 의료진 부재로 관련 환자 응급진료 불가,20260930070100,20261001070000,"대구광역시 중구 동덕로 130 (삼덕동2가, 경북대학교병원)",A1300002,15,자동,차단,산부인과
2026-10-01 00:30:00,대구광역시,A1300002,경북대학교병원,중증,Y0060,복부응급수술(비외상),[외과] 의료진 부재로 관련환자 응급진료 불가,20260930070000,20261001080000,"대구광역시 중구 동덕로 130 (삼덕동2가, 경북대학교병원)",A1300002,16,자동,차단,
2026-10-01 00:30:00,대구광역시,A1300002,경북대학교병원,응급,Y000,응급실,[소아청소년과] 의료진 부재로 장중첩증 정복술 불가,20260928070000,20261005070000,"대구광역시 중구 동덕로 130 (삼덕동2가, 경북대학교병원)",A1300002,17,자동,차단,소아청소년과
2026-10-01 00:30:00,대구광역시,A1300002,경북대학교병원,응급,Y000,응급실,"[안과] 세부 전문의 부족으로 성인 및 소아 안와골절, 눈물소관 열상 진료 불가",20260928070000,20261005070000,"대구광역시 중구 동덕로 130 (삼덕동2가, 경북대학교병원)",A1300002,18,자동,차단,안과
2026-10-01 00:30:00,대구광역시,A1300002,경북대학교병원,응급,Y000,응급실,"[외과] (수,목) 의료진 부재로 관련환자 응급진료 불가",20260928070000,20261005070000,"대구광역시 중구 동덕로 130 (삼덕동2가, 경북대학교병원)",A1300002,19,자동,차단,외과
2026-10-01 00:30:00,대구광역시,A1300002,경북대학교병원,응급,Y000,응급실,[산부인과] 전원/이송 전 사전 수용여부 반드시 확인,20260928070000,20261005070000,"대구광역시 중구 동덕로 130 (삼덕동2가, 경북대학교병원)",A1300002,20,자동,차단,산부인과
2026-10-01 00:30:00,대구광역시,A1300002,경북대학교병원,응급,Y000,응급실,[흉부외과] 심혈관중환자실 공사로 응급심장수술 및 심혈관(흉부외과)관련 환자 이송 전 반드시 사전 문의 (~2026년 12월),20260928070000,20261005070000,"대구광역시 중구 동덕로 130 (삼덕동2가, 경북대학교병원)",A1300002,21,자동,차단,병상 또는 장비
2026-10-01 00:30:00,대구광역시,A1300002,경북대학교병원,응급,Y000,응급실,"[마취통증의학과] 매주 수요일(18:00~08:00), 심장, 대동맥 관련 수술 불가",20260928070000,20261005070000,"대구광역시 중구 동덕로 130 (삼덕동2가, 경북대학교병원)",A1300002,22,자동,차단,마취통증의학과
2026-10-01 00:30:00,대구광역시,A1300002,경북대학교병원,응급,Y000,응급실,"[구강악안면외과] 단순(치통, 치관파절, 보철물 탈락 등 비응급 질환) 치아 질환 응급실 진료 불가",20260928070000,20261005070000,"대구광역시 중구 동덕로 130 (삼덕동2가, 경북대학교병원)",A1300002,23,자동,차단,치과
2026-10-01 00:30:00,대구광역시,A1300002,경북대학교병원,응급,Y000,응급실,"[이비인후과] 만 10세, 35kg 이하 소아 이비인후과 진료 불가",20260928070000,20261005070000,"대구광역시 중구 동덕로 130 (삼덕동2가, 경북대학교병원)",A1300002,24,자동,차단,이비인후과
2026-10-01 00:30:00,대구광역시,A1300002,경북대학교병원,중증,Y0070,장중첩/폐색(유아),[소아청소년과] 의료진 부재로 장충첩증 정복술 불가,20260928070000,20261005070000,"대구광역시 중구 동덕로 130 (삼덕동2가, 경북대학교병원)",A1300002,25,자동,차단,
2026-10-01 00:30:00,대구광역시,A1300002,경북대학교병원,응급,Y000,응급실,"[안과] 신경안과질환(마비사시, 시신경염, 혀혈성 시신경병증 등) 관련 전문의 부재로 응급진료 불가",20260924070100,20261001070000,"대구광역시 중구 동덕로 130 (삼덕동2가, 경북대학교병원)",A1300002,26,자동,차단,안과
2026-10-01 00:30:00,대구광역시,A1300003,계명대학교동산병원,응급,Y000,응급실,[소아청소년과] 정규시간 외 수용제한 (이송 전 확인),20260926071000,20261003120000,대구광역시 달서구 달구벌대로 1035 (신당동),A1300003,27,자동,차단,소아청소년과
2026-10-01 00:30:00,대구광역시,A1300003,계명대학교동산병원,응급,Y000,응급실,[외과] 외과계 중환자실 부족으로 통보 시까지 외상 환자 수용불가 pf 박찬희,20260926071000,20261003120000,대구광역시 달서구 달구벌대로 1035 (신당동),A1300003,28,자동,차단,외과
2026-10-01 00:30:00,대구광역시,A1300003,계명대학교동산병원,응급,Y000,응급실,[부인과] f/u 외 이송 전 확인,20260926071000,20261003120000,대구광역시 달서구 달구벌대로 1035 (신당동),A1300003,29,자동,차단,산부인과
2026-10-01 00:30:00,대구광역시,A1300003,계명대학교동산병원,응급,Y000,응급실,[치과] 정규시간 외 불가,20260926071000,20261003120000,대구광역시 달서구 달구벌대로 1035 (신당동),A1300003,30,자동,차단,치과
2026-10-01 00:30:00,대구광역시,A1300004,대구가톨릭대학교병원,응급,Y000,응급실,수혈 필요한 출혈 환자 수용불가,20260930195200,20261001080000,대구광역시 남구 두류공원로17길 33 (대명동),A1300004,31,자동,차단,응급실
2026-10-01 00:30:00,대구광역시,A1300004,대구가톨릭대학교병원,응급,Y000,응급실,"응급실 이사 및 이전 작업으로 인한 정상진료/수용 어려움, 환자 이송 및 전원 시 사전 문의",20260929180000,20261001083000,대구광역시 남구 두류공원로17길 33 (대명동),A1300004,32,자동,차단,응급실
2026-10-01 00:30:00,대구광역시,A1300004,대구가톨릭대학교병원,응급,Y000,응급실,외과_의료진부족_사전문의,20260929000000,20261005235900,대구광역시 남구 두류공원로17길 33 (대명동),A1300004,33,자동,차단,외과
2026-10-01 00:30:00,대구광역시,A1300004,대구가톨릭대학교병원,응급,Y000,응급실,비뇨의학과_의료진부족_사전문의,20260929000000,20261005235900,대구광역시 남구 두류공원로17길 33 (대명동),A1300004,34,자동,차단,비뇨의학과
2026-10-01 00:30:00,대구광역시,A1300004,대구가톨릭대학교병원,응급,Y000,응급실,신경과_신경과_의료진부족_길랭바레증후군+근무력증_진료불가,20260929000000,20261005235900,대구광역시 남구 두류공원로17길 33 (대명동),A1300004,35,자동,차단,신경과
2026-10-01 00:30:00,대구광역시,A1300004,대구가톨릭대학교병원,응급,Y000,응급실,치과_외래시간 진료가능(악안면봉합포함),20260929000000,20261005235900,대구광역시 남구 두류공원로17길 33 (대명동),A1300004,36,자동,차단,치과
2026-10-01 00:30:00,대구광역시,A1300004,대구가톨릭대학교병원,응급,Y000,응급실,피부과_평일 진료가능,20260929000000,20261005235900,대구광역시 남구 두류공원로17길 33 (대명동),A1300004,37,자동,차단,피부과
2026-10-01 00:30:00,대구광역시,A1300004,대구가톨릭대학교병원,응급,Y000,응급실,"소아청소년과_수요일 야간/일요일 진료가능,소아신경과 불가",20260929000000,20261005235900,대구광역시 남구 두류공원로17길 33 (대명동),A1300004,38,자동,차단,소아청소년과
2026-10-01 00:30:00,대구광역시,A1300004,대구가톨릭대학교병원,응급,Y000,응급실,산부인과_ 의료진부족_ 사전문의,20260929000000,20261005235900,대구광역시 남구 두류공원로17길 33 (대명동),A1300004,39,자동,차단,산부인과
2026-10-01 00:30:00,대구광역시,A1300004,대구가톨릭대학교병원,응급,Y000,응급실,"신경과_seizure f/u 외 수용불가, 뇌경색의심환자 사전문의",20260929000000,20261005235900,대구광역시 남구 두류공원로17길 33 (대명동),A1300004,40,자동,차단,신경과
2026-10-01 00:30:00,대구광역시,A1300008,곽병원,응급,Y000,응급실,"장중첩증, 경련,정신건강학적 환자 수용불가",20260928000000,20261004235900,대구광역시 중구 국채보상로 531 (수동),A1300008,41,자동,차단,소아청소년과
2026-10-01 00:30:00,대구광역시,A1300009,대구파티마병원,중증,Y0020,뇌경색의 재관류중재술,[신경외과]의료진 부재로 진료 불가능,20260930160000,20261001080000,대구광역시 동구 아양로 99 (신암동),A1300009,42,자동,차단,신경외과
2026-10-01 00:30:00,대구광역시,A1300009,대구파티마병원,중증,Y0031,뇌출혈수술(거미막하 출혈),[신경외과]의료진 부재로 진료 불가능,20260930160000,20261001080000,대구광역시 동구 아양로 99 (신암동),A1300009,43,자동,차단,신경외과
2026-10-01 00:30:00,대구광역시,A1300009,대구파티마병원,중증,Y0032,뇌출혈수술(거미막하 출혈 외),[신경외과]의료진 부재로 진료 불가능,20260930160000,20261001080000,대구광역시 동구 아양로 99 (신암동),A1300009,44,자동,차단,신경외과
2026-10-01 00:30:00,대구광역시,A1300009,대구파티마병원,응급,Y000,응급실,[피부과]외래진료시간외 진료불가,20260928100100,20261005100000,대구광역시 동구 아양로 99 (신암동),A1300009,45,자동,차단,피부과
2026-10-01 00:30:00,대구광역시,A1300009,대구파티마병원,응급,Y000,응급실,"[소아청소년과]공휴일(토.일제외), 평일야간(17:30~08:00)진료불가, 이송전 문의",20260928100100,20261005100000,대구광역시 동구 아양로 99 (신암동),A1300009,46,자동,차단,소아청소년과
2026-10-01 00:30:00,대구광역시,A1300009,대구파티마병원,응급,Y000,응급실,[안과]망막 등 응급수술 필요한 환자 이송전문의,20260928100100,20261005100000,대구광역시 동구 아양로 99 (신암동),A1300009,47,자동,차단,안과
2026-10-01 00:30:00,대구광역시,A1300009,대구파티마병원,응급,Y000,응급실,[산부인과] 본원 f/u 이외 산부인과 진료불가,20260928100100,20261005100000,대구광역시 동구 아양로 99 (신암동),A1300009,48,자동,차단,산부인과
2026-10-01 00:30:00,대구광역시,A1300009,대구파티마병원,응급,Y000,응급실,"[정신건강의학과]병력,자해,약물중독환자 수용불가",20260928100100,20261005100000,대구광역시 동구 아양로 99 (신암동),A1300009,49,자동,차단,정신건강의학과
2026-10-01 00:30:00,대구광역시,A1300009,대구파티마병원,응급,Y000,응급실,[이비인후과]외래 진료시간외 진료불가. 이송전문의,20260928100100,20261005100000,대구광역시 동구 아양로 99 (신암동),A1300009,50,자동,차단,이비인후과
2026-10-01 00:30:00,대구광역시,A1300009,대구파티마병원,응급,Y000,응급실,[비뇨의학과] 본원 f/u 포함 이송전 문의,20260928100100,20261005100000,대구광역시 동구 아양로 99 (신암동),A1300009,51,자동,차단,비뇨의학과
2026-10-01 00:30:00,대구광역시,A1300009,대구파티마병원,응급,Y000,응급실,"[소화기내과]평일17:00~09:00, 토.일.공휴일12:00~09:00 신환응급내시경 및 소화기내과 시술불가",20260928100100,20261005100000,대구광역시 동구 아양로 99 (신암동),A1300009,52,자동,차단,소화기내과
2026-10-01 00:30:00,대구광역시,A1300009,대구파티마병원,응급,Y000,응급실,"[치과]목요일,공휴일,일요일,야간진료 불가",20260928100100,20261005100000,대구광역시 동구 아양로 99 (신암동),A1300009,53,자동,차단,치과
2026-10-01 00:30:00,대구광역시,A1300009,대구파티마병원,응급,Y000,응급실,[응급실]타 대학병원 F/U환자 이송전 문의,20260928100100,20261005100000,대구광역시 동구 아양로 99 (신암동),A1300009,54,자동,차단,응급실
2026-10-01 00:30:00,대구광역시,A1300009,대구파티마병원,응급,Y000,응급실,[소아외과]의료진부족으로 소아외과 이송전 문의,20260928100100,20261005100000,대구광역시 동구 아양로 99 (신암동),A1300009,55,자동,차단,외과
2026-10-01 00:30:00,대구광역시,A1300010,칠곡경북대학교병원,중증,Y0010,심근경색의 재관류중재술,"평일 야간, 주말 불가(사정에 따라 지연 또는 제한)",20260930173000,20261001075900,"대구광역시 북구 호국로 807, 칠곡경북대학교병원(임상실습동 1~11층 포함) (학정동)",A1300010,56,자동,차단,
2026-10-01 00:30:00,대구광역시,A1300010,칠곡경북대학교병원,응급,Y000,응급실,[부인과] 신환 진료 불가,20260930170000,20261001075900,"대구광역시 북구 호국로 807, 칠곡경북대학교병원(임상실습동 1~11층 포함) (학정동)",A1300010,57,자동,차단,산부인과
2026-10-01 00:30:00,대구광역시,A1300010,칠곡경북대학교병원,응급,Y000,응급실,[혈관외과] 응급진료 불가,20260930080000,20261001075900,"대구광역시 북구 호국로 807, 칠곡경북대학교병원(임상실습동 1~11층 포함) (학정동)",A1300010,58,자동,차단,외과
2026-10-01 00:30:00,대구광역시,A1300010,칠곡경북대학교병원,응급,Y000,응급실,"[이비인후과] 두경부 질환 (얼굴, 목 질환) 진료불가",20260930070000,20261005065900,"대구광역시 북구 호국로 807, 칠곡경북대학교병원(임상실습동 1~11층 포함) (학정동)",A1300010,59,자동,차단,이비인후과
2026-10-01 00:30:00,대구광역시,A1300010,칠곡경북대학교병원,응급,Y000,응급실,[비뇨의학과] 소아 진료 불가,20260928161900,20261004235900,"대구광역시 북구 호국로 807, 칠곡경북대학교병원(임상실습동 1~11층 포함) (학정동)",A1300010,60,자동,차단,비뇨의학과
2026-10-01 00:30:00,대구광역시,A1300010,칠곡경북대학교병원,응급,Y000,응급실,"[흉부외과] 대동맥박리, 식도 응급질환 등 진료 제한",20260928000000,20261004235900,"대구광역시 북구 호국로 807, 칠곡경북대학교병원(임상실습동 1~11층 포함) (학정동)",A1300010,61,자동,차단,흉부외과
2026-10-01 00:30:00,대구광역시,A1300010,칠곡경북대학교병원,응급,Y000,응급실,[치과] 응급진료 불가,20260928000000,20261004235900,"대구광역시 북구 호국로 807, 칠곡경북대학교병원(임상실습동 1~11층 포함) (학정동)",A1300010,62,자동,차단,치과
2026-10-01 00:30:00,대구광역시,A1300010,칠곡경북대학교병원,응급,Y000,응급실,[안과] 응급진료 불가,20260928000000,20261004235900,"대구광역시 북구 호국로 807, 칠곡경북대학교병원(임상실습동 1~11층 포함) (학정동)",A1300010,63,자동,차단,안과
2026-10-01 00:30:00,대구광역시,A1300010,칠곡경북대학교병원,응급,Y000,응급실,[소화기내과] 간질환 진료 불가,20260928000000,20261004235900,"대구광역시 북구 호국로 807, 칠곡경북대학교병원(임상실습동 1~11층 포함) (학정동)",A1300010,64,자동,차단,소화기내과
2026-10-01 00:30:00,대구광역시,A1300010,칠곡경북대학교병원,응급,Y000,응급실,[정형외과] 응급진료 불가(척추포함),20260928000000,20261004235900,"대구광역시 북구 호국로 807, 칠곡경북대학교병원(임상실습동 1~11층 포함) (학정동)",A1300010,65,자동,차단,정형외과
2026-10-01 00:30:00,대구광역시,A1300010,칠곡경북대학교병원,응급,Y000,응급실,외상 진료 불가 · 약물중독 진료 제한,20260928000000,20261004235900,"대구광역시 북구 호국로 807, 칠곡경북대학교병원(임상실습동 1~11층 포함) (학정동)",A1300010,66,자동,차단,기타 진료과
2026-10-01 00:30:00,대구광역시,A1300010,칠곡경북대학교병원,응급,Y000,응급실,[피부과] 응급진료 불가,20260928000000,20261004235900,"대구광역시 북구 호국로 807, 칠곡경북대학교병원(임상실습동 1~11층 포함) (학정동)",A1300010,67,자동,차단,피부과
2026-10-01 00:30:00,대구광역시,A1300010,칠곡경북대학교병원,응급,Y000,응급실,[산과] 14주 이상 - 30주 미만 고위험 또는 응급 제왕절개 필요한 산모 위주 진료 (산후 출혈 사전 연락 필요),20260928000000,20261004235900,"대구광역시 북구 호국로 807, 칠곡경북대학교병원(임상실습동 1~11층 포함) (학정동)",A1300010,68,자동,차단,산부인과
2026-10-01 00:30:00,대구광역시,A1300010,칠곡경북대학교병원,응급,Y000,응급실,** 원내 사정으로 이송 및 전원 환자 필히 사전 연락 후 이송,20260928000000,20261004235900,"대구광역시 북구 호국로 807, 칠곡경북대학교병원(임상실습동 1~11층 포함) (학정동)",A1300010,69,자동,차단,응급실
2026-10-01 00:30:00,대구광역시,A1300010,칠곡경북대학교병원,중증,Y0070,장중첩/폐색(유아),소아 외과 진료 제한,20260928000000,20261004235900,"대구광역시 북구 호국로 807, 칠곡경북대학교병원(임상실습동 1~11층 포함) (학정동)",A1300010,70,자동,차단,
2026-10-01 00:30:00,대구광역시,A1303386,계명대학교대구동산병원,응급,Y000,응급실,환자 이송 전 KTAS 보내고 연락 바랍니다. 서버 불안정으로 구급활동정보 알람이 때때로 오지 않습니다.,20261001000000,20261008235900,"대구광역시 중구 달성로 56, 계명대학교대구동산병원 (동산동)",A1303386,71,자동,차단,병상 또는 장비
2026-10-01 00:30:00,대구광역시,A1303386,계명대학교대구동산병원,응급,Y000,응급실,혈액제제 부족으로 관련 환자 수용 제한(사전 연락 바랍니다),20261001000000,20261008235900,"대구광역시 중구 달성로 56, 계명대학교대구동산병원 (동산동)",A1303386,72,자동,차단,병상 또는 장비
2026-10-01 00:30:00,대구광역시,A1303386,계명대학교대구동산병원,응급,Y000,응급실,"부인과, 소아청소년과, 이비인후과 외래시간 외 관련 환자 수용 불가(사전 연락 바랍니다)",20261001000000,20261008235900,"대구광역시 중구 달성로 56, 계명대학교대구동산병원 (동산동)",A1303386,73,자동,차단,기타 진료과
2026-10-01 00:30:00,대구광역시,A1303386,계명대학교대구동산병원,응급,Y000,응급실,오후 10시 이후 신경과 관련 환자 진료 제한(사전 연락 바랍니다),20261001000000,20261008235900,"대구광역시 중구 달성로 56, 계명대학교대구동산병원 (동산동)",A1303386,74,자동,차단,신경과
2026-10-01 00:30:00,대구광역시,A1303386,계명대학교대구동산병원,응급,Y000,응급실,"수술적 처치 필요한 척추 질환, 척추 감염환자 수용 불가",20261001000000,20261008235900,"대구광역시 중구 달성로 56, 계명대학교대구동산병원 (동산동)",A1303386,75,자동,차단,정형외과
2026-10-01 00:30:00,대구광역시,A1303386,계명대학교대구동산병원,응급,Y000,응급실,"산과, 신경외과, 심장내과, 심장혈관흉부외과, 성형외과, 피부과 의료진 부재로 관련 환자 수용 불가",20261001000000,20261008235900,"대구광역시 중구 달성로 56, 계명대학교대구동산병원 (동산동)",A1303386,76,자동,차단,기타 진료과
2026-10-01 00:30:00,대전광역시,A1600001,충남대학교병원,응급,Y000,응급실,[소아 청소년과]  소아내시경 불가능함,20260928090300,20261005140000,"대전광역시 중구 문화로 282, 충남대학교병원 (대사동)",A1600001,1,자동,차단,소아청소년과
2026-10-01 00:30:00,대전광역시,A1600001,충남대학교병원,응급,Y000,응급실,[호흡기 내과 ]타병원  항암 환자 초진 불가,20260928090300,20261005140000,"대전광역시 중구 문화로 282, 충남대학교병원 (대사동)",A1600001,2,자동,차단,호흡기내과
2026-10-01 00:30:00,대전광역시,A1600001,충남대학교병원,응급,Y000,응급실,"[영상의학과] 해당 파트  투시검사/시 술(소아 장중첩증 정복), 소아 초음파 검사/시술 불가능 함",20260928090300,20261005140000,"대전광역시 중구 문화로 282, 충남대학교병원 (대사동)",A1600001,3,자동,차단,영상의학과
2026-10-01 00:30:00,대전광역시,A1600001,충남대학교병원,응급,Y000,응급실,"[성형외과] 봉합 지정시간 => 11A, 3P, 8P",20260928090300,20261005140000,"대전광역시 중구 문화로 282, 충남대학교병원 (대사동)",A1600001,4,자동,차단,성형외과
2026-10-01 00:30:00,대전광역시,A1600001,충남대학교병원,응급,Y000,응급실,"[신경과] 의료진 부족으로 23시 ~익일 8시까지 신경과 진료 불가( 단,  3일이내 급성뇌경색/뇌전증 지속상태에 대해서는 야간 진료 가능)",20260928090300,20261005140000,"대전광역시 중구 문화로 282, 충남대학교병원 (대사동)",A1600001,5,자동,차단,신경과
2026-10-01 00:30:00,대전광역시,A1600002,학교법인을지학원대전을지대학교병원,응급,Y000,응급실,★[신장내과] 중증 신장내과 환자 f/u 포함 진료불가(경증 가능),20260928122900,20261005090000,대전광역시 서구 둔산서로 95 (둔산동),A1600002,6,자동,차단,신장내과
2026-10-01 00:30:00,대전광역시,A1600002,학교법인을지학원대전을지대학교병원,응급,Y000,응급실,"[소아과] 월,화,목 08:00 ~ 22:00 / 수 08:00 ~ 17:00 / 금 08:00 ~ 13:00 가능(장중첩, 소아신경 및 심장 진료불가)",20260928090100,20261005090000,대전광역시 서구 둔산서로 95 (둔산동),A1600002,7,자동,차단,소아청소년과
2026-10-01 00:30:00,대전광역시,A1600002,학교법인을지학원대전을지대학교병원,응급,Y000,응급실,[피부과] 매일 ~21:00 가능,20260928090100,20261005090000,대전광역시 서구 둔산서로 95 (둔산동),A1600002,8,자동,차단,피부과
2026-10-01 00:30:00,대전광역시,A1600002,학교법인을지학원대전을지대학교병원,응급,Y000,응급실,[외과] 매일 08:00 ~ 21:00 가능,20260928090100,20261005090000,대전광역시 서구 둔산서로 95 (둔산동),A1600002,9,자동,차단,외과
2026-10-01 00:30:00,대전광역시,A1600002,학교법인을지학원대전을지대학교병원,응급,Y000,응급실,[성형외과] 평일 09:00 ~ 20:00(화요일 ~19시까지) / 주말 09:00 ~ 16:00 가능,20260928090100,20261005090000,대전광역시 서구 둔산서로 95 (둔산동),A1600002,10,자동,차단,성형외과
2026-10-01 00:30:00,대전광역시,A1600002,학교법인을지학원대전을지대학교병원,응급,Y000,응급실,"[안과], [치과], [응급 기관지 내시경] 불가",20260928090100,20261005090000,대전광역시 서구 둔산서로 95 (둔산동),A1600002,11,자동,차단,기타 진료과
2026-10-01 00:30:00,대전광역시,A1600002,학교법인을지학원대전을지대학교병원,응급,Y000,응급실,[이비인후과] 24시간 가능(두경부 감염 관련은 불가),20260928090100,20261005090000,대전광역시 서구 둔산서로 95 (둔산동),A1600002,12,자동,차단,이비인후과
2026-10-01 00:30:00,대전광역시,A1600002,학교법인을지학원대전을지대학교병원,응급,Y000,응급실,[산부인과] 통화 후 이송바랍니다,20260928090100,20261005090000,대전광역시 서구 둔산서로 95 (둔산동),A1600002,13,자동,차단,산부인과
2026-10-01 00:30:00,대전광역시,A1600002,학교법인을지학원대전을지대학교병원,응급,Y000,응급실,"[신경외과] 24시간 가능(만8세 이상, 몸무게 40kg 이상 진료가능/소아 경증은 외래진료 가능성 있습니다)",20260928090100,20261005090000,대전광역시 서구 둔산서로 95 (둔산동),A1600002,14,자동,차단,신경외과
2026-10-01 00:30:00,대전광역시,A1600002,학교법인을지학원대전을지대학교병원,응급,Y000,응급실,[비뇨기과] 평일 08:00 ~ 16:30 가능,20260928090100,20261005090000,대전광역시 서구 둔산서로 95 (둔산동),A1600002,15,자동,차단,비뇨의학과
2026-10-01 00:30:00,대전광역시,A1600002,학교법인을지학원대전을지대학교병원,응급,Y000,응급실,"[정형외과] 24시간 가능(주말,공휴일도 가능/소아 가능)",20260928090100,20261005090000,대전광역시 서구 둔산서로 95 (둔산동),A1600002,16,자동,차단,정형외과
2026-10-01 00:30:00,대전광역시,A1600002,학교법인을지학원대전을지대학교병원,응급,Y000,응급실,[정신과] 24시 가능(입원 필요시 전화),20260928090100,20261005090000,대전광역시 서구 둔산서로 95 (둔산동),A1600002,17,자동,차단,정신건강의학과
2026-10-01 00:30:00,대전광역시,A1600002,학교법인을지학원대전을지대학교병원,응급,Y000,응급실,"[신경과] 매일 07:00 ~ 18:00 가능(seizure, stroke 환자는 ~21:00 가능/stroke 환자 뇌혈관순환 당직날은 자정 이후도 가능)",20260928090100,20261005090000,대전광역시 서구 둔산서로 95 (둔산동),A1600002,18,자동,차단,신경과
2026-10-01 00:30:00,대전광역시,A1600002,학교법인을지학원대전을지대학교병원,중증,Y0082,위장관 응급내시경(영유아),진료 불가합니다,20260928083000,20261005090000,대전광역시 서구 둔산서로 95 (둔산동),A1600002,19,자동,차단,
2026-10-01 00:30:00,대전광역시,A1600002,학교법인을지학원대전을지대학교병원,중증,Y0070,장중첩/폐색(유아),진료 불가합니다,20260928083000,20261005090000,대전광역시 서구 둔산서로 95 (둔산동),A1600002,20,자동,차단,
2026-10-01 00:30:00,대전광역시,A1600005,학교법인가톨릭학원가톨릭대학교대전성모병원,응급,Y000,응급실,본원 사정에 의하여 안과 평일 08시부터 18시까지만 진료 가능합니다. 이송 시 참고 바랍니다.,20260929182000,20261006235900,"대전광역시 중구 대흥로 64, 성모병원 (대흥동)",A1600005,21,자동,차단,안과
2026-10-01 00:30:00,대전광역시,A1600005,학교법인가톨릭학원가톨릭대학교대전성모병원,응급,Y000,응급실,본원 응급실 성형외과 진료 불가합니다. 이송 시 참고 바랍니다.,20260929182000,20261006235900,"대전광역시 중구 대흥로 64, 성모병원 (대흥동)",A1600005,22,자동,차단,성형외과
2026-10-01 00:30:00,대전광역시,A1600005,학교법인가톨릭학원가톨릭대학교대전성모병원,응급,Y000,응급실,응급실 상황에 따라 (중증응급)환자 수용 불가능할 수 있으니 이송 시 확인 바랍니다.,20260929182000,20261006235900,"대전광역시 중구 대흥로 64, 성모병원 (대흥동)",A1600005,23,자동,차단,응급실
2026-10-01 00:30:00,대전광역시,A1600005,학교법인가톨릭학원가톨릭대학교대전성모병원,응급,Y000,응급실,산부인과 분만 본원 사정으로 인하여 본원 F/U(37주이상) 환자만 수용 가능합니다.,20260929182000,20261006235900,"대전광역시 중구 대흥로 64, 성모병원 (대흥동)",A1600005,24,자동,차단,산부인과
2026-10-01 00:30:00,대전광역시,A1600005,학교법인가톨릭학원가톨릭대학교대전성모병원,응급,Y000,응급실,본원 사정에 의하여 이비인후과 08시부터 21시까지만 진료가 가능합니다. 이송 시 참고 바랍니다.,20260929182000,20261006235900,"대전광역시 중구 대흥로 64, 성모병원 (대흥동)",A1600005,25,자동,차단,이비인후과
2026-10-01 00:30:00,대전광역시,A1600005,학교법인가톨릭학원가톨릭대학교대전성모병원,응급,Y000,응급실,본원 사정에 의하여 비뇨기과 야간/주말/공휴일 응급실 진료 불가합니다. 이송 시 참고 바랍니다.,20260929182000,20261006235900,"대전광역시 중구 대흥로 64, 성모병원 (대흥동)",A1600005,26,자동,차단,비뇨의학과
2026-10-01 00:30:00,대전광역시,A1600005,학교법인가톨릭학원가톨릭대학교대전성모병원,응급,Y000,응급실,본원 사정으로 소아과 진료 불가합니다. 이송 시 참고 바랍니다.,20260929182000,20261006235900,"대전광역시 중구 대흥로 64, 성모병원 (대흥동)",A1600005,27,자동,차단,소아청소년과
2026-10-01 00:30:00,대전광역시,A1600006,학교법인건양교육재단건양대학교병원,응급,Y000,응급실,월~목 08:30-22:00 (공휴일인 경우 불가능)/ 금~일 08:30-익일 08:00 (공휴일에도 가능),20260928080000,20261003130000,"대전광역시 서구 관저동로 158, 건양대학교병원 (관저동)",A1600006,28,자동,차단,소아청소년과
2026-10-01 00:30:00,대전광역시,A1600006,학교법인건양교육재단건양대학교병원,응급,Y000,응급실,"월-금 08:30~21:00 / 토 24시간 / 일요일 09:00~18:00 진료 가능합니다. 단, 중증 환자의 경우 의뢰 후 결정되니 이송 전 수용 가능여부 확인바랍니다.",20260928080000,20261003130000,"대전광역시 서구 관저동로 158, 건양대학교병원 (관저동)",A1600006,29,자동,차단,안과
2026-10-01 00:30:00,대전광역시,A1600006,학교법인건양교육재단건양대학교병원,응급,Y000,응급실,"일~목요일(07시~21시), 금,토(07시~익일 07시) 이비인후과 진료 가능합니다. / 단, 본원 이비인후과 수술 후 출혈환자 상시 가능합니다.",20260927210000,20261003130000,"대전광역시 서구 관저동로 158, 건양대학교병원 (관저동)",A1600006,30,자동,차단,이비인후과
2026-10-01 00:30:00,대전광역시,A1600006,학교법인건양교육재단건양대학교병원,응급,Y000,응급실,본원 정형외과 의료진 부재로 femur shaft fracture 관련 진료 및 처치 불가능 합니다,20260927083000,20261004083000,"대전광역시 서구 관저동로 158, 건양대학교병원 (관저동)",A1600006,31,자동,차단,정형외과
2026-10-01 00:30:00,대전광역시,A1600006,학교법인건양교육재단건양대학교병원,응급,Y000,응급실,응급실에서 이비인후과 두경부파트 진료 불가능합니다.,20260926133600,20261003130000,"대전광역시 서구 관저동로 158, 건양대학교병원 (관저동)",A1600006,32,자동,차단,이비인후과
2026-10-01 00:30:00,대전광역시,A1600006,학교법인건양교육재단건양대학교병원,응급,Y000,응급실,응급실에서 피부과 진료 불가능합니다.,20260926130000,20261003130000,"대전광역시 서구 관저동로 158, 건양대학교병원 (관저동)",A1600006,33,자동,차단,피부과
2026-10-01 00:30:00,대전광역시,A1600006,학교법인건양교육재단건양대학교병원,응급,Y000,응급실,응급실에서 성형외과 진료 불가능 합니다.,20260926130000,20261003130000,"대전광역시 서구 관저동로 158, 건양대학교병원 (관저동)",A1600006,34,자동,차단,성형외과
2026-10-01 00:30:00,대전광역시,A1600006,학교법인건양교육재단건양대학교병원,응급,Y000,응급실,[고압산소치료] 본원 monoplace chamber로 환자 모니터링이 불가능하여 자가기도유지 불가능한 환자는 고압산소치료가 불가능합니다.,20260926130000,20261003130000,"대전광역시 서구 관저동로 158, 건양대학교병원 (관저동)",A1600006,35,자동,차단,병상 또는 장비
2026-10-01 00:30:00,대전광역시,A1600006,학교법인건양교육재단건양대학교병원,응급,Y000,응급실,당직의 사정에 따라 진료 가능여부 다를 수 있으니 이송 전 확인바랍니다.,20260926130000,20261003130000,"대전광역시 서구 관저동로 158, 건양대학교병원 (관저동)",A1600006,36,자동,차단,산부인과
2026-10-01 00:30:00,대전광역시,A1600006,학교법인건양교육재단건양대학교병원,응급,Y000,응급실,"평일(18시~익일 06시), 주말 및 공휴일(06시~익일06시) 본원 URO f/u 환자만 수용 가능합니다. 이송 전 수용 여부 꼭 확인바랍니다.",20260926130000,20261003130000,"대전광역시 서구 관저동로 158, 건양대학교병원 (관저동)",A1600006,37,자동,차단,비뇨의학과
2026-10-01 00:30:00,대전광역시,A1600006,학교법인건양교육재단건양대학교병원,응급,Y000,응급실,응급실에서 치과 진료 불가능합니다.,20260926130000,20261003130000,"대전광역시 서구 관저동로 158, 건양대학교병원 (관저동)",A1600006,38,자동,차단,치과
2026-10-01 00:30:00,대전광역시,A1600006,학교법인건양교육재단건양대학교병원,응급,Y000,응급실,본원 영상의학중재술이 필요한 환자 시술 및 수술 수용가능 여부는 이송전 꼭 문의 연락부탁드립니다.,20260926130000,20261003130000,"대전광역시 서구 관저동로 158, 건양대학교병원 (관저동)",A1600006,39,자동,차단,응급실
2026-10-01 00:30:00,대전광역시,A1600006,학교법인건양교육재단건양대학교병원,응급,Y000,응급실,본원 소아외과 의료진 부재로 응급실에서 소아외과적 환자 진료 및 수술 불가능합니다.,20260924114900,20261001130000,"대전광역시 서구 관저동로 158, 건양대학교병원 (관저동)",A1600006,40,자동,차단,외과
2026-10-01 00:30:00,대전광역시,A1600007,의료법인영훈의료재단유성선병원,응급,Y000,응급실,외래 진료만 가능,20260928090000,20261005100000,대전광역시 유성구 북유성대로 93 (지족동),A1600007,41,자동,차단,소아청소년과
2026-10-01 00:30:00,대전광역시,A1600007,의료법인영훈의료재단유성선병원,응급,Y000,응급실,"DI 환자, ROSC 환자는 관련 질환과  부재로  수용 불가",20260928090000,20261005100000,대전광역시 유성구 북유성대로 93 (지족동),A1600007,42,자동,차단,응급실
2026-10-01 00:30:00,대전광역시,A1600007,의료법인영훈의료재단유성선병원,응급,Y000,응급실,외래 진료만 가능,20260928090000,20261005100000,대전광역시 유성구 북유성대로 93 (지족동),A1600007,43,자동,차단,치과
2026-10-01 00:30:00,대전광역시,A1600007,의료법인영훈의료재단유성선병원,응급,Y000,응급실,진료 불가 전문의 부재,20260928090000,20261005100000,대전광역시 유성구 북유성대로 93 (지족동),A1600007,44,자동,차단,피부과
2026-10-01 00:30:00,대전광역시,A1600007,의료법인영훈의료재단유성선병원,응급,Y000,응급실,09시부터 22시까지만 가능,20260928090000,20261005100000,대전광역시 유성구 북유성대로 93 (지족동),A1600007,45,자동,차단,성형외과
2026-10-01 00:30:00,대전광역시,A1600007,의료법인영훈의료재단유성선병원,응급,Y000,응급실,전문의 부재 진료 불가,20260928090000,20261005100000,대전광역시 유성구 북유성대로 93 (지족동),A1600007,46,자동,차단,흉부외과
2026-10-01 00:30:00,대전광역시,A1600007,의료법인영훈의료재단유성선병원,응급,Y000,응급실,외래 진료만 가능,20260928090000,20261005100000,대전광역시 유성구 북유성대로 93 (지족동),A1600007,47,자동,차단,혈액·종양내과
2026-10-01 00:30:00,대전광역시,A1600007,의료법인영훈의료재단유성선병원,응급,Y000,응급실,산과 진료 불가 전문의 부재,20260928090000,20261005100000,대전광역시 유성구 북유성대로 93 (지족동),A1600007,48,자동,차단,산부인과
2026-10-01 00:30:00,대전광역시,A1600007,의료법인영훈의료재단유성선병원,응급,Y000,응급실,진료 불가 전문의 부재,20260928090000,20261005100000,대전광역시 유성구 북유성대로 93 (지족동),A1600007,49,자동,차단,안과
2026-10-01 00:30:00,대전광역시,A1600007,의료법인영훈의료재단유성선병원,응급,Y000,응급실,외래 진료만 가능,20260928090000,20261005100000,대전광역시 유성구 북유성대로 93 (지족동),A1600007,50,자동,차단,정신건강의학과
2026-10-01 00:30:00,대전광역시,A1600008,의료법인영훈의료재단대전선병원,응급,Y000,응급실,본원 심정지 후치료(목표체온치료/ECMO등..) 불가합니다.,20260928090000,20261005090000,"대전광역시 중구 목중로 29 (목동,(목동))",A1600008,51,자동,차단,응급실
2026-10-01 00:30:00,대전광역시,A1600008,의료법인영훈의료재단대전선병원,응급,Y000,응급실,소아청소년과 외래진료시간 (08:30~17:30) 이외에 소아전문의 진료 불가능합니다.,20260928090000,20261005090000,"대전광역시 중구 목중로 29 (목동,(목동))",A1600008,52,자동,차단,소아청소년과
2026-10-01 00:30:00,대전광역시,A1600008,의료법인영훈의료재단대전선병원,응급,Y000,응급실,내분비내과 진료과 사정으로 응급실 진료 및 입원 불가합니다.,20260928090000,20261005090000,"대전광역시 중구 목중로 29 (목동,(목동))",A1600008,53,자동,차단,내분비내과
2026-10-01 00:30:00,대전광역시,A1600008,의료법인영훈의료재단대전선병원,응급,Y000,응급실,구강외과 외래 진료시간(08:30~17:30)외에 응급진료 어려우며 외래진료 시간에도 구강외과 사정에 따라 진료가 제한될 수 있으므로 이송 전 연락바랍니다.,20260928090000,20261005090000,"대전광역시 중구 목중로 29 (목동,(목동))",A1600008,54,자동,차단,치과
2026-10-01 00:30:00,대전광역시,A1600008,의료법인영훈의료재단대전선병원,응급,Y000,응급실,"이비인후과 출혈(코피포함), ENT적 호흡곤란 동반환자, 타병원 수술후 합병증,목에 이물감,목의 부종과 통증이 동반된 deep neck 감염환자들은 외래 진료시간 (평일 8:30~17:30/토요일 8:30~12:30) 외 진료 불가",20260928090000,20261005090000,"대전광역시 중구 목중로 29 (목동,(목동))",A1600008,55,자동,차단,이비인후과
2026-10-01 00:30:00,울산광역시,A1700002,의료법인동강의료재단동강병원,응급,Y000,응급실,"(소아 전 연령) 활력징후 비정상, 산소포화도 저하, CPR 상태, 인공호흡기 치료필요, 뇌전증중첩증, 당뇨병성 케톤산증, 의식저하,",20260929000000,20261005235900,울산광역시 중구 태화로 239 (태화동),A1700002,1,자동,차단,응급실
2026-10-01 00:30:00,울산광역시,A1700002,의료법인동강의료재단동강병원,응급,Y000,응급실,종양내과 부재로 암 관련 진료불가,20260929000000,20261005235900,울산광역시 중구 태화로 239 (태화동),A1700002,2,자동,차단,응급실
2026-10-01 00:30:00,울산광역시,A1700002,의료법인동강의료재단동강병원,응급,Y000,응급실,12개월 미만 소아청소년과 진료불가,20260929000000,20261005235900,울산광역시 중구 태화로 239 (태화동),A1700002,3,자동,차단,응급실
2026-10-01 00:30:00,울산광역시,A1700002,의료법인동강의료재단동강병원,응급,Y000,응급실,"비뇨의학과 외래시간만 운영, 요로결석 통증치료, Testis torsion 만 가능, 전화문의후 진료결정",20260929000000,20261005235900,울산광역시 중구 태화로 239 (태화동),A1700002,4,자동,차단,응급실
2026-10-01 00:30:00,울산광역시,A1700002,의료법인동강의료재단동강병원,응급,Y000,응급실,신경학적 이상을 동반한 척추손상은 SC 외래 진료시간만 가능,20260929000000,20261005235900,울산광역시 중구 태화로 239 (태화동),A1700002,5,자동,차단,응급실
2026-10-01 00:30:00,울산광역시,A1700002,의료법인동강의료재단동강병원,응급,Y000,응급실,급성대동맥 질환 상황판 병상수와 관계없이 응급실로 문의바랍니다.,20260929000000,20261006235900,울산광역시 중구 태화로 239 (태화동),A1700002,6,자동,차단,응급실
2026-10-01 00:30:00,울산광역시,A1700002,의료법인동강의료재단동강병원,응급,Y000,응급실,"안과, 이비인후과, 피부과 전문의 부재로 진료불가",20260929000000,20261005235900,울산광역시 중구 태화로 239 (태화동),A1700002,7,자동,차단,응급실
2026-10-01 00:30:00,울산광역시,A1700002,의료법인동강의료재단동강병원,응급,Y000,응급실,성형외과 봉합은 예약제로 운영하며 응급실 문의후 결정,20260929000000,20261005235900,울산광역시 중구 태화로 239 (태화동),A1700002,8,자동,차단,응급실
2026-10-01 00:30:00,울산광역시,A1700002,의료법인동강의료재단동강병원,응급,Y000,응급실,중독 관련과 부재로 진료불가,20260929000000,20261005235900,울산광역시 중구 태화로 239 (태화동),A1700002,9,자동,차단,응급실
2026-10-01 00:30:00,울산광역시,A1700002,의료법인동강의료재단동강병원,응급,Y000,응급실,"(소아 전 연령) 기도 및 식도 이물, 선천심질환자, 소아암, 소아혈액질환 치료중인 환자, 소아중증 외상 환자, 소아신경과, 소아신장 진료불가",20260929000000,20261005235900,울산광역시 중구 태화로 239 (태화동),A1700002,10,자동,차단,응급실
2026-10-01 00:30:00,울산광역시,A1700002,의료법인동강의료재단동강병원,응급,Y000,응급실,"치아 골절 및 탈구 평일 주간, 토요일 오전 외래 진료시간만 가능 안면부 골절 검사만 가능하고 평일 야간, 주말동안 응급수술 불가",20260929000000,20261005235900,울산광역시 중구 태화로 239 (태화동),A1700002,11,자동,차단,응급실
2026-10-01 00:30:00,세종특별자치시,A1800441,세종충남대학교병원,응급,Y000,응급실,"[소아전문응급의료센터] 10월 매주 목요일 제외한 22시~익일 10시는 응급분만·가정분만 신생아 및 심폐소생술 필요 환자, 뇌전증 지속상태 환자만 수용 가능",20261001000000,20261003235900,"세종특별자치시 보듬7로 20, 세종충남대학교병원 (도담동)",A1800441,1,자동,차단,소아청소년과
2026-10-01 00:30:00,세종특별자치시,A1800441,세종충남대학교병원,응급,Y000,응급실,[안과] 응급실 진료 어려울수 있으니 사전연락 바람,20260927000000,20261003235900,"세종특별자치시 보듬7로 20, 세종충남대학교병원 (도담동)",A1800441,2,자동,차단,안과
2026-10-01 00:30:00,세종특별자치시,A1800441,세종충남대학교병원,응급,Y000,응급실,"[치과] 응급실 내 진료 어려움, 이송자제",20260927000000,20261003235900,"세종특별자치시 보듬7로 20, 세종충남대학교병원 (도담동)",A1800441,3,자동,차단,치과
2026-10-01 00:30:00,세종특별자치시,A1800441,세종충남대학교병원,응급,Y000,응급실,[소아정형외과] 응급실 진료어려울수 있으니 사전연락 바람,20260927000000,20261003235900,"세종특별자치시 보듬7로 20, 세종충남대학교병원 (도담동)",A1800441,4,자동,차단,정형외과
2026-10-01 00:30:00,세종특별자치시,A1800441,세종충남대학교병원,응급,Y000,응급실,"중환자실) 가동병상수 유동적, 중환 사전연락필수",20260927000000,20261003235900,"세종특별자치시 보듬7로 20, 세종충남대학교병원 (도담동)",A1800441,5,자동,차단,병상 또는 장비
2026-10-01 00:30:00,세종특별자치시,A1800441,세종충남대학교병원,응급,Y000,응급실,[신경외과] 의료진 부족으로 사전 연락 필요,20260927000000,20261003235900,"세종특별자치시 보듬7로 20, 세종충남대학교병원 (도담동)",A1800441,6,자동,차단,신경외과
2026-10-01 00:30:00,세종특별자치시,A1800441,세종충남대학교병원,응급,Y000,응급실,"[심장내과] 의료진 공백으로 응급실 내 평일 야간 및 주말, 공휴일 진료 어려움",20260927000000,20261003235900,"세종특별자치시 보듬7로 20, 세종충남대학교병원 (도담동)",A1800441,7,자동,차단,순환기내과
2026-10-01 00:30:00,세종특별자치시,A1800441,세종충남대학교병원,응급,Y000,응급실,[복부대동맥박리] 수용가능여부 사전연락 바람,20260927000000,20261003235900,"세종특별자치시 보듬7로 20, 세종충남대학교병원 (도담동)",A1800441,8,자동,차단,흉부외과
2026-10-01 00:30:00,세종특별자치시,A1800441,세종충남대학교병원,응급,Y000,응급실,[소아비뇨의학과] 진료가능여부 사전문의 필요(야간 진료 어려움),20260927000000,20261003235900,"세종특별자치시 보듬7로 20, 세종충남대학교병원 (도담동)",A1800441,9,자동,차단,비뇨의학과
2026-10-01 00:30:00,세종특별자치시,A1800441,세종충남대학교병원,응급,Y000,응급실,[신경과] 응급실 진료 어려울 수 있으니 사전연락 바람,20260927000000,20261003235900,"세종특별자치시 보듬7로 20, 세종충남대학교병원 (도담동)",A1800441,10,자동,차단,신경과
2026-10-01 00:30:00,세종특별자치시,A1800441,세종충남대학교병원,응급,Y000,응급실,[정신건강의학과] 폐쇄병동 부재 입원 불가,20260927000000,20261003235900,"세종특별자치시 보듬7로 20, 세종충남대학교병원 (도담동)",A1800441,11,자동,차단,정신건강의학과
2026-10-01 00:30:00,세종특별자치시,A1800441,세종충남대학교병원,응급,Y000,응급실,[성형외과] 응급실 진료 어려울수 있으니 사전연락 바람,20260927000000,20261003235900,"세종특별자치시 보듬7로 20, 세종충남대학교병원 (도담동)",A1800441,12,자동,차단,성형외과
2026-10-01 00:30:00,세종특별자치시,A1800441,세종충남대학교병원,응급,Y000,응급실,"피부과) 응급실 내 진료어려움, 이송자제",20260927000000,20261003235900,"세종특별자치시 보듬7로 20, 세종충남대학교병원 (도담동)",A1800441,13,자동,차단,피부과
2026-10-01 00:30:00,세종특별자치시,A1800441,세종충남대학교병원,응급,Y000,응급실,"[이비인후과] 응급실 내 진료어려움, 이송자제",20260927000000,20261003235900,"세종특별자치시 보듬7로 20, 세종충남대학교병원 (도담동)",A1800441,14,자동,차단,이비인후과
2026-10-01 00:30:00,전남광주통합특별시,A1500001,조선대학교병원,응급,Y000,응급실,"진료 가능 시간: 8시 ~ 22시  (단, 고환염전 및 intervention 처치가 필요한 경우 : 평일 8시 ~ 17시까지만 가능)",20260930004400,20261007235900,전남광주통합특별시 동구 필문대로 365 (서석동),A1500001,1,자동,차단,비뇨의학과
2026-10-01 00:30:00,전남광주통합특별시,A1500001,조선대학교병원,응급,Y000,응급실,소아신경 담당 교수님 부재로 신환 불가합니다.,20260930003900,20261004235900,전남광주통합특별시 동구 필문대로 365 (서석동),A1500001,2,자동,차단,소아청소년과
2026-10-01 00:30:00,전남광주통합특별시,A1500001,조선대학교병원,응급,Y000,응급실,"소아 intussusception, testis torsion 관련 진료가능시간: 평일 9시~ 21시",20260930003800,20261007235900,전남광주통합특별시 동구 필문대로 365 (서석동),A1500001,3,자동,차단,소아청소년과
2026-10-01 00:30:00,전남광주통합특별시,A1500001,조선대학교병원,응급,Y000,응급실,모든 환자 이송 및 전원 시 반드시 사전 문의 바랍니다.,20260930003800,20261007235900,전남광주통합특별시 동구 필문대로 365 (서석동),A1500001,4,자동,차단,응급실
2026-10-01 00:30:00,전남광주통합특별시,A1500001,조선대학교병원,응급,Y000,응급실,두경부 담당 교수님 부재로 f/u환자 포함 수용 불가합니다.,20260930003800,20261007235900,전남광주통합특별시 동구 필문대로 365 (서석동),A1500001,5,자동,차단,이비인후과
2026-10-01 00:30:00,전남광주통합특별시,A1500001,조선대학교병원,응급,Y000,응급실,"17시 ~ 익일 8시까지 진료 제한 (당직교수의 진료전문분야에 따라 진료가능여부 결정), 환자 이송 및 전원 시 반드시 사전 문의 바랍니다.",20260930003700,20261007235900,전남광주통합특별시 동구 필문대로 365 (서석동),A1500001,6,자동,차단,이비인후과
2026-10-01 00:30:00,전남광주통합특별시,A1500001,조선대학교병원,응급,Y000,응급실,"소아외과환자 불가, 환자 이송 및 전원 시 반드시 사전 문의 바랍니다.",20260930003700,20261007235900,전남광주통합특별시 동구 필문대로 365 (서석동),A1500001,7,자동,차단,소아청소년과
2026-10-01 00:30:00,전남광주통합특별시,A1500001,조선대학교병원,응급,Y000,응급실,진료 가능 시간: 6시 ~ 21시,20260930003700,20261007235900,전남광주통합특별시 동구 필문대로 365 (서석동),A1500001,8,자동,차단,안과
2026-10-01 00:30:00,전남광주통합특별시,A1500001,조선대학교병원,응급,Y000,응급실,"진료 가능 시간: 평일 8시 ~ 23시 (단, 단순 봉합은 주말에는 17시 30분까지만 가능)",20260930003600,20261007235900,전남광주통합특별시 동구 필문대로 365 (서석동),A1500001,9,자동,차단,성형외과
2026-10-01 00:30:00,전남광주통합특별시,A1500001,조선대학교병원,응급,Y000,응급실,영유아 위장관 내시경 필요 시 반드시 사전 문의 바랍니다.,20260930003600,20261007235900,전남광주통합특별시 동구 필문대로 365 (서석동),A1500001,10,자동,차단,응급실
2026-10-01 00:30:00,전남광주통합특별시,A1500001,조선대학교병원,응급,Y000,응급실,"진료 가능 시간: 평일 8시 ~ 21시 (단, 토·일·공휴일 불가)",20260930003600,20261007235900,전남광주통합특별시 동구 필문대로 365 (서석동),A1500001,11,자동,차단,소아청소년과
2026-10-01 00:30:00,전남광주통합특별시,A1500001,조선대학교병원,응급,Y000,응급실,PTBD 가능 시간: 평일 8시 ~ 17시,20260930003500,20261007235900,전남광주통합특별시 동구 필문대로 365 (서석동),A1500001,12,자동,차단,영상의학과
2026-10-01 00:30:00,전남광주통합특별시,A1500001,조선대학교병원,응급,Y000,응급실,"진료는 24시간 가능하나, 정신과적 입원은 21시 ~ 익일 5시까지 불가",20260930003500,20261007235900,전남광주통합특별시 동구 필문대로 365 (서석동),A1500001,13,자동,차단,정신건강의학과
2026-10-01 00:30:00,전남광주통합특별시,A1500001,조선대학교병원,응급,Y000,응급실,"진료 가능 시간: 8시 ~ 17시 (당직교수에 따라 진료가능여부 결정), 환자 이송 및 전원 시 반드시 사전 문의 바랍니다.",20260930003400,20261007235900,전남광주통합특별시 동구 필문대로 365 (서석동),A1500001,14,자동,차단,산부인과
2026-10-01 00:30:00,전남광주통합특별시,A1500001,조선대학교병원,응급,Y000,응급실,외상환자 이송 및 전원 시 반드시 사전 문의 바랍니다.,20260930003300,20261007235900,전남광주통합특별시 동구 필문대로 365 (서석동),A1500001,15,자동,차단,외과
2026-10-01 00:30:00,전남광주통합특별시,A1500001,조선대학교병원,응급,Y000,응급실,"쇄석술 불가, 환자 이송 및 전원 시 반드시 사전 문의 바랍니다.",20260930003300,20261007235900,전남광주통합특별시 동구 필문대로 365 (서석동),A1500001,16,자동,차단,비뇨의학과
2026-10-01 00:30:00,전남광주통합특별시,A1500001,조선대학교병원,응급,Y000,응급실,병원별 순환당직일 확인 후 이송 및 전원 바랍니다.,20260930003200,20261007235900,전남광주통합특별시 동구 필문대로 365 (서석동),A1500001,17,자동,차단,소화기내과
2026-10-01 00:30:00,전남광주통합특별시,A1500001,조선대학교병원,응급,Y000,응급실,PTBD 가능 시간: 평일 8시 ~ 17시,20260930003200,20261007235900,전남광주통합특별시 동구 필문대로 365 (서석동),A1500001,18,자동,차단,외과
2026-10-01 00:30:00,전남광주통합특별시,A1500001,조선대학교병원,응급,Y000,응급실,"혈액질환 수용 불가, 항암환자는 본원 f/u만 수용 가능, 환자 이송 및 전원 시 반드시 사전 문의 바랍니다.",20260930003200,20261007235900,전남광주통합특별시 동구 필문대로 365 (서석동),A1500001,19,자동,차단,혈액·종양내과
2026-10-01 00:30:00,전남광주통합특별시,A1500001,조선대학교병원,응급,Y000,응급실,"[응급기관지내시경], [기관지동맥색전술] 환자 이송 및 전원 시 반드시 사전 문의 바랍니다.",20260930003200,20261007235900,전남광주통합특별시 동구 필문대로 365 (서석동),A1500001,20,자동,차단,호흡기내과
2026-10-01 00:30:00,전남광주통합특별시,A1500001,조선대학교병원,응급,Y000,응급실,"[내과] 23시 이후 진료 불가, 환자 이송 및 전원 시 반드시 사전 문의 바랍니다.",20260930002900,20261007235900,전남광주통합특별시 동구 필문대로 365 (서석동),A1500001,21,자동,차단,기타 진료과
2026-10-01 00:30:00,전남광주통합특별시,A1500002,전남대학교병원,응급,Y000,응급실,"(19:00-07:00) 해당과 사정으로 다음 환자의 진료제공이 제한됨. (안면부 열상, 수부 상지의 tendon, nerve 등의 구조물 손상이 있는 환자)",20260927000000,20261003235900,전남광주통합특별시 동구 제봉로 42 (학동),A1500002,22,자동,차단,성형외과
2026-10-01 00:30:00,전남광주통합특별시,A1500002,전남대학교병원,응급,Y000,응급실,"월,수,금 야간진료(18:00~08:00) 의료진 부재로 진료 및 인터벤션 불가",20260927000000,20261003235900,전남광주통합특별시 동구 제봉로 42 (학동),A1500002,23,자동,차단,영상의학과
2026-10-01 00:30:00,전남광주통합특별시,A1500002,전남대학교병원,응급,Y000,응급실,"(22:00-08:00) 비출혈. 이물, 어지럼증 등 단순 처치가 필요한 응급환자에 대해 즉각적인 진료 제공이 어려울 수 있으며, 진료 지연이 발생할 수 있음.",20260927000000,20261003235900,전남광주통합특별시 동구 제봉로 42 (학동),A1500002,24,자동,차단,이비인후과
2026-10-01 00:30:00,전남광주통합특별시,A1500002,전남대학교병원,응급,Y000,응급실,"월,수,금 야간진료(18:00~08:00) 의료진 부재로 진료불가",20260927000000,20261003235900,전남광주통합특별시 동구 제봉로 42 (학동),A1500002,25,자동,차단,비뇨의학과
2026-10-01 00:30:00,전남광주통합특별시,A1500006,신가병원,응급,Y000,응급실,9월 28일부터 10월5일까지 일반외과 휴진,20260928072100,20261005235900,전남광주통합특별시 광산구 목련로 316 (신가동),A1500006,26,자동,차단,외과
2026-10-01 00:30:00,전남광주통합특별시,A1500021,광주기독병원,중증,Y0010,심근경색의 재관류중재술,중환자실 자리없음.,20260930225000,20261001080000,전남광주통합특별시 남구 양림로 37 (양림동),A1500021,27,자동,차단,
2026-10-01 00:30:00,전남광주통합특별시,A1500021,광주기독병원,중증,Y0032,뇌출혈수술(거미막하 출혈 외),중환자실 자리없음.,20260930225000,20261001080000,전남광주통합특별시 남구 양림로 37 (양림동),A1500021,28,자동,차단,
2026-10-01 00:30:00,전남광주통합특별시,A1500021,광주기독병원,중증,Y0031,뇌출혈수술(거미막하 출혈),중환자실 자리없음.,20260930225000,20261001080000,전남광주통합특별시 남구 양림로 37 (양림동),A1500021,29,자동,차단,
2026-10-01 00:30:00,전남광주통합특별시,A1500021,광주기독병원,중증,Y0020,뇌경색의 재관류중재술,중환자실 자리없음.,20260930225000,20261001080000,전남광주통합특별시 남구 양림로 37 (양림동),A1500021,30,자동,차단,
2026-10-01 00:30:00,전남광주통합특별시,A2600019,성가롤로병원,응급,Y000,응급실,응급실 전산장애(17:30) 발생 후 복구 길어져 수용 어려움,20260930230500,20261001070000,전남광주통합특별시 순천시 순광로 221 (조례동),A2600019,31,자동,차단,응급실
2026-10-01 00:30:00,전남광주통합특별시,A2600020,목포기독병원,중증,Y0141,응급투석(HD),"야간, 주말, 공휴일",20260929120000,20261006160000,전남광주통합특별시 목포시 백년대로 303 (상동),A2600020,32,자동,차단,내과
2026-10-01 00:30:00,전남광주통합특별시,A2600020,목포기독병원,중증,Y0081,위장관 응급내시경(성인),"야간, 주말, 공휴일",20260929120000,20261006160000,전남광주통합특별시 목포시 백년대로 303 (상동),A2600020,33,자동,차단,내과
2026-10-01 00:30:00,전남광주통합특별시,A2600020,목포기독병원,중증,Y0142,응급투석(CRRT),"야간, 주말, 공휴일",20260929120000,20261006160000,전남광주통합특별시 목포시 백년대로 303 (상동),A2600020,34,자동,차단,내과
2026-10-01 00:30:00,전남광주통합특별시,A2600020,목포기독병원,중증,Y0082,위장관 응급내시경(영유아),"만12세이상, 40KG이상",20260929120000,20261006160000,전남광주통합특별시 목포시 백년대로 303 (상동),A2600020,35,자동,차단,내과
2026-10-01 00:30:00,전남광주통합특별시,A2600020,목포기독병원,중증,Y0141,응급투석(HD),신환불가,20260929000000,20261006000000,전남광주통합특별시 목포시 백년대로 303 (상동),A2600020,36,자동,차단,내과
2026-10-01 00:30:00,전남광주통합특별시,A2600020,목포기독병원,중증,Y0142,응급투석(CRRT),야간 휴일 공휴일,20260929000000,20261006000000,전남광주통합특별시 목포시 백년대로 303 (상동),A2600020,37,자동,차단,내과
2026-10-01 00:30:00,전남광주통합특별시,A2600020,목포기독병원,중증,Y0081,위장관 응급내시경(성인),야간 휴일 공휴일,20260929000000,20261006000000,전남광주통합특별시 목포시 백년대로 303 (상동),A2600020,38,자동,차단,내과
2026-10-01 00:30:00,전남광주통합특별시,A2600056,전라남도순천의료원,중증,Y0051,담낭담관질환(담낭질환),불가능메세지등록,20260930000000,20261007235900,전남광주통합특별시 순천시 서문성터길 2   (매곡동),A2600056,39,자동,차단,외과
2026-10-01 00:30:00,전남광주통합특별시,A2600056,전라남도순천의료원,중증,Y0060,복부응급수술(비외상),불가능메세지등록,20260930000000,20261007235900,전남광주통합특별시 순천시 서문성터길 2   (매곡동),A2600056,40,자동,차단,외과
2026-10-01 00:30:00,강원특별자치도,A2200008,강릉아산병원,응급,Y000,응급실,"금요일, 일요일 산부인과 진료 불가",20260928201200,20261001200000,강원특별자치도 강릉시 사천면 방동길 38,A2200008,1,자동,차단,산부인과
2026-10-01 00:30:00,강원특별자치도,A2200008,강릉아산병원,응급,Y000,응급실,"소아 야간진료 불가(화요일, 수요일 제외)",20260924200000,20261001200000,강원특별자치도 강릉시 사천면 방동길 38,A2200008,2,자동,차단,소아청소년과
2026-10-01 00:30:00,강원특별자치도,A2200012,강원특별자치도속초의료원,중증,Y0111,산부인과 응급(분만),불가능메세지등록,20260930173000,20261001083000,강원특별자치도 속초시 영랑호반길 3 (영랑동),A2200012,3,자동,차단,
2026-10-01 00:30:00,강원특별자치도,A2200012,강원특별자치도속초의료원,중증,Y0113,산부인과 응급(부인과수술),불가능메세지등록,20260930173000,20261001083000,강원특별자치도 속초시 영랑호반길 3 (영랑동),A2200012,4,자동,차단,
2026-10-01 00:30:00,강원특별자치도,A2200012,강원특별자치도속초의료원,중증,Y0112,산부인과 응급(산과수술),불가능메세지등록,20260930173000,20261001083000,강원특별자치도 속초시 영랑호반길 3 (영랑동),A2200012,5,자동,차단,
2026-10-01 00:30:00,충청북도,A2300001,충북대학교병원,응급,Y000,응급실,불가능메세지등록,20260930090000,20261001085900,"충청북도 청주시 서원구 1순환로 776-0 (개신동,충북대학교병원)",A2300001,1,자동,차단,외상외과
2026-10-01 00:30:00,충청남도,A2400002,단국대학교의과대학부속병원,중증,Y0100,저출생체중아,소아과 인력부족으로 환자 수용 불가능,20261001000000,20261001080000,"충청남도 천안시 동남구 망향로 201 (안서동, 단국대학교의과대학부속병원)",A2400002,1,자동,차단,
2026-10-01 00:30:00,충청남도,A2400002,단국대학교의과대학부속병원,중증,Y0070,장중첩/폐색(유아),소아과 인력부족으로 환자 수용 불가능,20261001000000,20261001080000,"충청남도 천안시 동남구 망향로 201 (안서동, 단국대학교의과대학부속병원)",A2400002,2,자동,차단,
2026-10-01 00:30:00,충청남도,A2400002,단국대학교의과대학부속병원,중증,Y0082,위장관 응급내시경(영유아),소아과 인력부족으로 환자 수용 불가능,20260930230100,20261001080000,"충청남도 천안시 동남구 망향로 201 (안서동, 단국대학교의과대학부속병원)",A2400002,3,자동,차단,
2026-10-01 00:30:00,충청남도,A2400002,단국대학교의과대학부속병원,응급,Y000,응급실,비뇨기과 의료진 부족으로 환자 수용 불가능,20260928230100,20261005230000,"충청남도 천안시 동남구 망향로 201 (안서동, 단국대학교의과대학부속병원)",A2400002,4,자동,차단,비뇨의학과
2026-10-01 00:30:00,충청남도,A2400002,단국대학교의과대학부속병원,응급,Y000,응급실,소아신경 의료진 부재로 경련 질환 환아의 입원치료 불가합니다.,20260928230100,20261005230000,"충청남도 천안시 동남구 망향로 201 (안서동, 단국대학교의과대학부속병원)",A2400002,5,자동,차단,소아청소년과
2026-10-01 00:30:00,충청남도,A2400002,단국대학교의과대학부속병원,응급,Y000,응급실,경증환자 및 봉합 필요한 환자 수용 어렵습니다. 환자 이송시 수용여부 확인 바랍니다.,20260928230100,20261005230000,"충청남도 천안시 동남구 망향로 201 (안서동, 단국대학교의과대학부속병원)",A2400002,6,자동,차단,응급실
2026-10-01 00:30:00,충청남도,A2400002,단국대학교의과대학부속병원,응급,Y000,응급실,중환자실 입원이 필요한 소아 및 post CPR 케어 환아 입원 치료는 불가합니다,20260928230100,20261005230000,"충청남도 천안시 동남구 망향로 201 (안서동, 단국대학교의과대학부속병원)",A2400002,7,자동,차단,소아청소년과
2026-10-01 00:30:00,충청남도,A2400002,단국대학교의과대학부속병원,응급,Y000,응급실,응급실 인력 부족으로 탄력적 병상 운영합니다. 진료 지연 있습니다,20260928230100,20261005230000,"충청남도 천안시 동남구 망향로 201 (안서동, 단국대학교의과대학부속병원)",A2400002,8,자동,차단,응급실
2026-10-01 00:30:00,충청남도,A2400002,단국대학교의과대학부속병원,응급,Y000,응급실,호흡기 분과 교수의 부재로 급성 호흡곤란 증후군의 환자 입원 치료는 불가합니다.,20260928230100,20261005230000,"충청남도 천안시 동남구 망향로 201 (안서동, 단국대학교의과대학부속병원)",A2400002,9,자동,차단,소아청소년과
2026-10-01 00:30:00,전북특별자치도,A2500001,원광대학교병원,응급,Y000,응급실,정형외과 진료 원활하지 않습니다. 반드시 연락주세요.,20260927000000,20261004000000,"전북특별자치도 익산시 무왕로 895 (신동,(신동))",A2500001,1,자동,차단,정형외과
2026-10-01 00:30:00,전북특별자치도,A2500001,원광대학교병원,응급,Y000,응급실,병원 사정상 전원 시 반드시 연락 바랍니다.,20260927000000,20261004000000,"전북특별자치도 익산시 무왕로 895 (신동,(신동))",A2500001,2,자동,차단,응급실
2026-10-01 00:30:00,전북특별자치도,A2500001,원광대학교병원,응급,Y000,응급실,소화기내과 매주 금요일 12:00부터 월요일 08:59까지 소화기내과 응급내시경 불가합니다.,20260927000000,20261004000000,"전북특별자치도 익산시 무왕로 895 (신동,(신동))",A2500001,3,자동,차단,소화기내과
2026-10-01 00:30:00,전북특별자치도,A2500001,원광대학교병원,응급,Y000,응급실,비뇨기과 야간 진료 원활하지 않습니다. 반드시 연락주세요.,20260927000000,20261004000000,"전북특별자치도 익산시 무왕로 895 (신동,(신동))",A2500001,4,자동,차단,비뇨의학과
2026-10-01 00:30:00,전북특별자치도,A2500001,원광대학교병원,응급,Y000,응급실,야간 소아 진료 원활하지 않습니다. 반드시 연락주세요,20260927000000,20261004000000,"전북특별자치도 익산시 무왕로 895 (신동,(신동))",A2500001,5,자동,차단,소아청소년과
2026-10-01 00:30:00,전북특별자치도,A2500001,원광대학교병원,응급,Y000,응급실,성형외과 진료 원활하지 않습니다. 반드시 연락주세요.,20260927000000,20261004000000,"전북특별자치도 익산시 무왕로 895 (신동,(신동))",A2500001,6,자동,차단,성형외과
2026-10-01 00:30:00,전북특별자치도,A2500001,원광대학교병원,응급,Y000,응급실,호흡기내과 진료 원활하지 않습니다. 반드시 연락주세요.,20260927000000,20261004000000,"전북특별자치도 익산시 무왕로 895 (신동,(신동))",A2500001,7,자동,차단,호흡기내과
2026-10-01 00:30:00,전북특별자치도,A2500001,원광대학교병원,중증,Y0131,수족지접합,수족지접합  진료 불가능합니다.,20260927000000,20261004000000,"전북특별자치도 익산시 무왕로 895 (신동,(신동))",A2500001,8,자동,차단,
2026-10-01 00:30:00,전북특별자치도,A2500001,원광대학교병원,중증,Y0132,수족지접합 외,수족지접합 외 진료 불가능합니다.,20260927000000,20261004000000,"전북특별자치도 익산시 무왕로 895 (신동,(신동))",A2500001,9,자동,차단,
2026-10-01 00:30:00,전북특별자치도,A2500001,원광대학교병원,응급,Y000,응급실,이비인후과 야간 진료 원활하지 않습니다. 반드시 연락주세요.,20260927000000,20261004000000,"전북특별자치도 익산시 무왕로 895 (신동,(신동))",A2500001,10,자동,차단,이비인후과
2026-10-01 00:30:00,전북특별자치도,A2500001,원광대학교병원,응급,Y000,응급실,마취통증의학과 인력부족으로 인해 18시 이후로 응급수술 불가능 합니다.,20260927000000,20261004000000,"전북특별자치도 익산시 무왕로 895 (신동,(신동))",A2500001,11,자동,차단,마취통증의학과
2026-10-01 00:30:00,전북특별자치도,A2500001,원광대학교병원,응급,Y000,응급실,매주 토요일 소화기내과 진료 원활하지 않습니다. 반드시 연락주세요.,20260927000000,20261004000000,"전북특별자치도 익산시 무왕로 895 (신동,(신동))",A2500001,12,자동,차단,소화기내과
2026-10-01 00:30:00,전북특별자치도,A2500001,원광대학교병원,응급,Y000,응급실,본원 소화기내과 인력부족으로 22:00~08:00에는 응급내시경 불가합니다.,20260927000000,20261004000000,"전북특별자치도 익산시 무왕로 895 (신동,(신동))",A2500001,13,자동,차단,소화기내과
2026-10-01 00:30:00,전북특별자치도,A2500002,전북대학교병원,응급,Y000,응급실,"혈관외과 진료인력 부재로 혈관외과 진료, 전원, 협진 불가",20260930235800,20261006070000,전북특별자치도 전주시 덕진구 건지로 20 (금암동),A2500002,14,자동,차단,외과
2026-10-01 00:30:00,전북특별자치도,A2500002,전북대학교병원,응급,Y000,응급실,매주 수요일 19:00-익일 7:00 전공의 부재로 외부 전원 수용 불가 및 응급실 진료 지연,20260930190000,20261001070000,전북특별자치도 전주시 덕진구 건지로 20 (금암동),A2500002,15,자동,차단,신경외과
2026-10-01 00:30:00,전북특별자치도,A2500002,전북대학교병원,응급,Y000,응급실,전라북도외 전원문의및 타병원 항암환자 진료제한,20260928063000,20261005000000,전북특별자치도 전주시 덕진구 건지로 20 (금암동),A2500002,16,자동,차단,소화기내과
2026-10-01 00:30:00,전북특별자치도,A2500002,전북대학교병원,응급,Y000,응급실,전라북도 외 두경부 응급수술 및 전원불가,20260928015000,20261005000000,전북특별자치도 전주시 덕진구 건지로 20 (금암동),A2500002,17,자동,차단,이비인후과
2026-10-01 00:30:00,전북특별자치도,A2500002,전북대학교병원,응급,Y000,응급실,소아 신경 전문의 부재로 인해 소아 신경 응급 환자 진료 불가,20260928015000,20261005000000,전북특별자치도 전주시 덕진구 건지로 20 (금암동),A2500002,18,자동,차단,소아청소년과
2026-10-01 00:30:00,전북특별자치도,A2500002,전북대학교병원,응급,Y000,응급실,"주말 및 공휴일 응급환자 진료 불가,평일 (9:00 - 17:30) 진료 가능",20260927231200,20261004000000,전북특별자치도 전주시 덕진구 건지로 20 (금암동),A2500002,19,자동,차단,비뇨의학과
2026-10-01 00:30:00,전북특별자치도,A2500004,전북특별자치도남원의료원,응급,Y000,응급실,당직콜 불가능합니다. 내원 전 유선확인 부탁드립니다.,20260930173100,20261001082900,전북특별자치도 남원시 충정로 365 (고죽동),A2500004,20,자동,차단,신경외과
2026-10-01 00:30:00,전북특별자치도,A2500004,전북특별자치도남원의료원,응급,Y000,응급실,당직콜 불가능합니다. 내원 전 유선확인 부탁드립니다.,20260930173100,20261001082900,전북특별자치도 남원시 충정로 365 (고죽동),A2500004,21,자동,차단,흉부외과
2026-10-01 00:30:00,전북특별자치도,A2500006,재단법인예수병원유지재단예수병원,응급,Y000,응급실,소화기내과 일부질환 진료 원활하지 않습니다. 전원시 반드시 연락바랍니다.,20260930220000,20261001060000,"전북특별자치도 전주시 완산구 서원로 365 (중화산동1가, 예수병원)",A2500006,22,자동,차단,소화기내과
2026-10-01 00:30:00,전북특별자치도,A2500006,재단법인예수병원유지재단예수병원,응급,Y000,응급실,"신경과,이비인후과,안과,피부과 주말 및 야간 진료 원활하지 않습니다. 전원시 반드시 연락바랍니다.",20260930180000,20261001060000,"전북특별자치도 전주시 완산구 서원로 365 (중화산동1가, 예수병원)",A2500006,23,자동,차단,기타 진료과
2026-10-01 00:30:00,전북특별자치도,A2500006,재단법인예수병원유지재단예수병원,응급,Y000,응급실,호흡기내과 일부질환 진료 원활하지 않습니다. 전원시 반드시 연락바랍니다.,20260930180000,20261001060000,"전북특별자치도 전주시 완산구 서원로 365 (중화산동1가, 예수병원)",A2500006,24,자동,차단,호흡기내과
2026-10-01 00:30:00,전북특별자치도,A2500006,재단법인예수병원유지재단예수병원,응급,Y000,응급실,신경외과 일부질환 진료 원활하지 않습니다. 전원시 반드시 연락바랍니다.,20260930080000,20261001080000,"전북특별자치도 전주시 완산구 서원로 365 (중화산동1가, 예수병원)",A2500006,25,자동,차단,신경외과
2026-10-01 00:30:00,전북특별자치도,A2500007,전북특별자치도군산의료원,중증,Y0100,저출생체중아,2.5kg이하 저체중 출생아 수용 불가능,20260928000000,20261004235900,"전북특별자치도 군산시 의료원로 27 (지곡동,(지곡동, 군산의료원))",A2500007,26,자동,차단,
2026-10-01 00:30:00,전북특별자치도,A2500012,의료법인오성의료재단동군산병원,중증,Y0171,영상의학혈관중재(성인),담당의 부재,20260928083000,20261001083000,전북특별자치도 군산시 조촌로 149 (조촌동),A2500012,27,자동,차단,
2026-10-01 00:30:00,경상북도,A2700002,포항세명기독병원,응급,Y000,응급실,"PS진료 화요일, 목요일, 금요일(오전) 진료만 가능합니다.",20260929000000,20261006235900,경상북도 포항시 남구 포스코대로 351 (대도동),A2700002,1,자동,차단,성형외과
2026-10-01 00:30:00,경상북도,A2700002,포항세명기독병원,응급,Y000,응급실,ERCP 평일 일과시간(09:00~17:30) 가능합니다. 전원 의뢰시 사전문의 부탁드립니다.,20260929000000,20261006235900,경상북도 포항시 남구 포스코대로 351 (대도동),A2700002,2,자동,차단,외과
2026-10-01 00:30:00,경상북도,A2700002,포항세명기독병원,응급,Y000,응급실,"대동맥 응급질환 (TEVAR, EVAR) 가능합니다. 전원 의뢰시 사전문의 부탁드립니다.",20260929000000,20261006235900,경상북도 포항시 남구 포스코대로 351 (대도동),A2700002,3,자동,차단,흉부외과
2026-10-01 00:30:00,경상북도,A2700002,포항세명기독병원,응급,Y000,응급실,안과 전문의 부재로 안과 진료 불가합니다,20260929000000,20261006235900,경상북도 포항시 남구 포스코대로 351 (대도동),A2700002,4,자동,차단,안과
2026-10-01 00:30:00,경상북도,A2700002,포항세명기독병원,응급,Y000,응급실,중증화상환자 전원의뢰시 사전문의 부탁드립니다. (20~30% 가능),20260929000000,20261006235900,경상북도 포항시 남구 포스코대로 351 (대도동),A2700002,5,자동,차단,성형외과
2026-10-01 00:30:00,경상북도,A2700002,포항세명기독병원,응급,Y000,응급실,영유아 장중첩/장폐색 12개월 이상만 수술 가능합니다. 전원 의뢰시 사전문의 부탁드립니다.,20260929000000,20261006235900,경상북도 포항시 남구 포스코대로 351 (대도동),A2700002,6,자동,차단,외과
2026-10-01 00:30:00,경상북도,A2700006,의료법인동춘의료재단문경제일병원,응급,Y000,응급실,정신과 응급 입원시 사전에 전화 문의 부탁 드립니다.,20260930163700,20261007210000,경상북도 문경시 당교3길 25 (모전동),A2700006,7,자동,차단,정신건강의학과
2026-10-01 00:30:00,경상북도,A2700007,차의과학대학교부속구미차병원,응급,Y000,응급실,"④응급내시경 연락 후 수용 결정,",20260930150000,20261007150000,경상북도 구미시 신시로10길 12 (형곡동),A2700007,8,자동,차단,소화기내과
2026-10-01 00:30:00,경상북도,A2700007,차의과학대학교부속구미차병원,응급,Y000,응급실,⑧CAG 필요시 사전 연락!,20260930150000,20261007150000,경상북도 구미시 신시로10길 12 (형곡동),A2700007,9,자동,차단,순환기내과
2026-10-01 00:30:00,경상북도,A2700007,차의과학대학교부속구미차병원,응급,Y000,응급실,③기관지내시경 연락 후 수용결정,20260930150000,20261007150000,경상북도 구미시 신시로10길 12 (형곡동),A2700007,10,자동,차단,호흡기내과
2026-10-01 00:30:00,경상북도,A2700007,차의과학대학교부속구미차병원,응급,Y000,응급실,"⑥중독환자 내원 시 반드시 사전 연락 후 결정!,",20260930150000,20261007150000,경상북도 구미시 신시로10길 12 (형곡동),A2700007,11,자동,차단,정신건강의학과
2026-10-01 00:30:00,경상북도,A2700007,차의과학대학교부속구미차병원,응급,Y000,응급실,"①본원 F/U 산모 중 34주 이상, 34주 이상 twin만 가능",20260930150000,20261007150000,경상북도 구미시 신시로10길 12 (형곡동),A2700007,12,자동,차단,산부인과
2026-10-01 00:30:00,경상북도,A2700007,차의과학대학교부속구미차병원,응급,Y000,응급실,"⑦안과 외래있는날만 가능 (월, 토-오전 가능, 화,수,금-오전&오후 가능, )",20260930150000,20261007150000,경상북도 구미시 신시로10길 12 (형곡동),A2700007,13,자동,차단,안과
2026-10-01 00:30:00,경상북도,A2700007,차의과학대학교부속구미차병원,응급,Y000,응급실,②ICU내 격리실에서 CRRT가용은 불가능함.,20260930150000,20261007150000,경상북도 구미시 신시로10길 12 (형곡동),A2700007,14,자동,차단,신장내과
2026-10-01 00:30:00,경상북도,A2700007,차의과학대학교부속구미차병원,응급,Y000,응급실,⑤영상의학 혈관중재(성인) 연락 후 수용결정,20260930150000,20261007150000,경상북도 구미시 신시로10길 12 (형곡동),A2700007,15,자동,차단,영상의학과
2026-10-01 00:30:00,경상북도,A2700011,상주적십자병원,중증,Y0060,복부응급수술(비외상),불가능메세지등록,20260930030000,20261005000000,경상북도 상주시 상서문로 53 (남성동),A2700011,16,자동,차단,외과
2026-10-01 00:30:00,경상북도,A2700011,상주적십자병원,중증,Y0051,담낭담관질환(담낭질환),불가능메세지등록,20260930030000,20261005000000,경상북도 상주시 상서문로 53 (남성동),A2700011,17,자동,차단,외과
2026-10-01 00:30:00,경상북도,A2700013,순천향대학교부속구미병원,응급,Y000,응급실,불가능메세지등록,20260928090000,20261005090000,"경상북도 구미시 1공단로 179 (공단동, (공단동))",A2700013,18,자동,차단,호흡기내과
2026-10-01 00:30:00,경상북도,A2700013,순천향대학교부속구미병원,응급,Y000,응급실,불가능메세지등록,20260928090000,20261005090000,"경상북도 구미시 1공단로 179 (공단동, (공단동))",A2700013,19,자동,차단,정형외과
2026-10-01 00:30:00,경상북도,A2700013,순천향대학교부속구미병원,응급,Y000,응급실,불가능메세지등록,20260928090000,20261005090000,"경상북도 구미시 1공단로 179 (공단동, (공단동))",A2700013,20,자동,차단,산부인과
2026-10-01 00:30:00,경상북도,A2700014,의료법인안동병원,중증,Y0081,위장관 응급내시경(성인),주간(외래시간) 가능합니다.,20260930170000,20261001083000,경상북도 안동시 앙실로 11 (수상동),A2700014,21,자동,차단,내과
2026-10-01 00:30:00,경상북도,A2700014,의료법인안동병원,중증,Y0091,기관지 응급내시경(성인),주간(외래시간) 가능합니다.,20260930170000,20261001083000,경상북도 안동시 앙실로 11 (수상동),A2700014,22,자동,차단,
2026-10-01 00:30:00,경상북도,A2700014,의료법인안동병원,중증,Y0160,안과적 응급 수술,주간(외래시간) 가능합니다.,20260930170000,20261001083000,경상북도 안동시 앙실로 11 (수상동),A2700014,23,자동,차단,
2026-10-01 00:30:00,경상북도,A2700014,의료법인안동병원,중증,Y0041,대동맥응급(흉부),담당의 부재로 수용 불가합니다.,20260929090000,20261001090000,경상북도 안동시 앙실로 11 (수상동),A2700014,24,자동,차단,심장혈관흉부외과
2026-10-01 00:30:00,경상북도,A2700014,의료법인안동병원,중증,Y0042,대동맥응급(복부),담당의 부재로 수용 불가합니다.,20260929090000,20261001090000,경상북도 안동시 앙실로 11 (수상동),A2700014,25,자동,차단,심장혈관흉부외과
2026-10-01 00:30:00,경상북도,A2700014,의료법인안동병원,응급,Y000,응급실,"안과적 응급수술 각막열상봉합술,결막열상봉합술,공막열상봉합술,각결막이물제거술만 가능합니다.",20260929083000,20261006130000,경상북도 안동시 앙실로 11 (수상동),A2700014,26,자동,차단,안과
2026-10-01 00:30:00,경상북도,A2700014,의료법인안동병원,응급,Y000,응급실,산부인과 응급(분만) 35주 미만 불가합니다.,20260929083000,20261006130000,경상북도 안동시 앙실로 11 (수상동),A2700014,27,자동,차단,산부인과
2026-10-01 00:30:00,경상북도,A2700014,의료법인안동병원,응급,Y000,응급실,"★★응급실 내 격리병상 부족으로 폐렴,FEVER,호흡기 증상 환자는 이송 전 문의 바랍니다.★★",20260929083000,20261006130000,경상북도 안동시 앙실로 11 (수상동),A2700014,28,자동,차단,응급실
2026-10-01 00:30:00,경상북도,A2700014,의료법인안동병원,응급,Y000,응급실,영상의학 혈관중재(영유아) 만4세 20kg 이상가능합니다.,20260929083000,20261006130000,경상북도 안동시 앙실로 11 (수상동),A2700014,29,자동,차단,영상의학과
2026-10-01 00:30:00,경상북도,A2700014,의료법인안동병원,응급,Y000,응급실,영유아 장중첩/장폐색 정복술(만3개월 6세이하)만 가능합니다.,20260929083000,20261006130000,경상북도 안동시 앙실로 11 (수상동),A2700014,30,자동,차단,영상의학과
2026-10-01 00:30:00,경상북도,A2700014,의료법인안동병원,응급,Y000,응급실,"대동맥응급(흉부, 복부) 수술 사전 꼭 연락바랍니다.",20260929083000,20261006130000,경상북도 안동시 앙실로 11 (수상동),A2700014,31,자동,차단,흉부외과
2026-10-01 00:30:00,경상북도,A2700014,의료법인안동병원,응급,Y000,응급실,"저출생체중아 35주, 2000g 이상 가능합니다.",20260929083000,20261006130000,경상북도 안동시 앙실로 11 (수상동),A2700014,32,자동,차단,소아청소년과
2026-10-01 00:30:00,경상북도,A2700014,의료법인안동병원,응급,Y000,응급실,고압산소치료 환자 전원 의뢰시 사전 연락바랍니다.(의식상태 확인 필요),20260929083000,20261006130000,경상북도 안동시 앙실로 11 (수상동),A2700014,33,자동,차단,호흡기내과
2026-10-01 00:30:00,경상북도,A2700014,의료법인안동병원,응급,Y000,응급실,정신과 응급입원 여환만 입원 가능합니다. 사전 연락바랍니다.,20260929083000,20261006130000,경상북도 안동시 앙실로 11 (수상동),A2700014,34,자동,차단,정신건강의학과
2026-10-01 00:30:00,경상북도,A2700014,의료법인안동병원,응급,Y000,응급실,★★앤지오시술 필요 시 응급실 사전 연락바랍니다.★★,20260929083000,20261006130000,경상북도 안동시 앙실로 11 (수상동),A2700014,35,자동,차단,영상의학과
2026-10-01 00:30:00,경상북도,A2700016,포항성모병원,응급,Y000,응급실,산부인과 응급(분만) 35주이상 또는 2.5kg 이상이면 가능합니다. 본원 f/u 환자 아니면 수용문의부탁드립니다.,20260928110200,20261005180000,경상북도 포항시 남구 대잠동길 17 (대잠동),A2700016,36,자동,차단,산부인과
2026-10-01 00:30:00,경상북도,A2700016,포항성모병원,응급,Y000,응급실,토요일 오후13시 ~ 월요일 오전8시( 공휴일 포함) 영상의학과 당직 부재로 소아장충첩증 수용불가능 합니다.(공기정복술 시술 불가),20260928110200,20261005180000,경상북도 포항시 남구 대잠동길 17 (대잠동),A2700016,37,자동,차단,영상의학과
2026-10-01 00:30:00,경상북도,A2700016,포항성모병원,응급,Y000,응급실,영유아 위장관 응급내시경 만7세부터 가능 합니다.,20260928110200,20261005180000,경상북도 포항시 남구 대잠동길 17 (대잠동),A2700016,38,자동,차단,소아청소년과
2026-10-01 00:30:00,경상북도,A2700016,포항성모병원,응급,Y000,응급실,성인 기관지 응급 내시경 평일 (09:00-17:00) 진료 가능합니다. (휴일불가능),20260928110200,20261005180000,경상북도 포항시 남구 대잠동길 17 (대잠동),A2700016,39,자동,차단,호흡기내과
2026-10-01 00:30:00,경상북도,A2700016,포항성모병원,응급,Y000,응급실,고압산소 중증환자(기관삽관) 수용불가합니다.,20260928110200,20261005180000,경상북도 포항시 남구 대잠동길 17 (대잠동),A2700016,40,자동,차단,기타 진료과
2026-10-01 00:30:00,경상북도,A2700016,포항성모병원,응급,Y000,응급실,금요일 12시~토요일 12시까지 진료 및 입원 불가합니다.,20260928110200,20261005180000,경상북도 포항시 남구 대잠동길 17 (대잠동),A2700016,41,자동,차단,감염내과
2026-10-01 00:30:00,경상북도,A2700016,포항성모병원,응급,Y000,응급실,안과적 질환 평일 (09:00-17:00) 진료 가능합니다. (휴일불가능),20260928110200,20261005180000,경상북도 포항시 남구 대잠동길 17 (대잠동),A2700016,42,자동,차단,안과
2026-10-01 00:30:00,경상북도,A2700016,포항성모병원,응급,Y000,응급실,"흉부외과 매주 수,토요일 진료 불가합니다.",20260928110200,20261005180000,경상북도 포항시 남구 대잠동길 17 (대잠동),A2700016,43,자동,차단,흉부외과
2026-10-01 00:30:00,경상북도,A2700016,포항성모병원,응급,Y000,응급실,"해당날짜< 9/29, 10/2-4> 뇌경색 외 신경과 진료 불가능 합니다.",20260928110200,20261005180000,경상북도 포항시 남구 대잠동길 17 (대잠동),A2700016,44,자동,차단,신경과
2026-10-01 00:30:00,경상남도,A2800001,경상국립대학교병원,중증,Y0132,수족지접합 외,수술불가,20260927090000,20261004090000,경상남도 진주시 강남로 79 (칠암동),A2800001,1,자동,차단,
2026-10-01 00:30:00,경상남도,A2800001,경상국립대학교병원,응급,Y000,응급실,shoulder part 진료불가,20260927090000,20261004090000,경상남도 진주시 강남로 79 (칠암동),A2800001,2,자동,차단,정형외과
2026-10-01 00:30:00,경상남도,A2800001,경상국립대학교병원,응급,Y000,응급실,8세 미만 DI 환자 수용불가,20260927090000,20261004090000,경상남도 진주시 강남로 79 (칠암동),A2800001,3,자동,차단,소아청소년과
2026-10-01 00:30:00,경상남도,A2800001,경상국립대학교병원,응급,Y000,응급실,의료진 부족으로 수용불가,20260927090000,20261004090000,경상남도 진주시 강남로 79 (칠암동),A2800001,4,자동,차단,피부과
2026-10-01 00:30:00,경상남도,A2800001,경상국립대학교병원,응급,Y000,응급실,소아 urticaria 수용불가,20260927090000,20261004090000,경상남도 진주시 강남로 79 (칠암동),A2800001,5,자동,차단,소아청소년과
2026-10-01 00:30:00,경상남도,A2800001,경상국립대학교병원,응급,Y000,응급실,32주미만 산모수용불가,20260927090000,20261004090000,경상남도 진주시 강남로 79 (칠암동),A2800001,6,자동,차단,산부인과
2026-10-01 00:30:00,경상남도,A2800001,경상국립대학교병원,중증,Y0041,대동맥응급(흉부),수술 필요 시 수용불가,20260927090000,20261004090000,경상남도 진주시 강남로 79 (칠암동),A2800001,7,자동,차단,
2026-10-01 00:30:00,경상남도,A2800001,경상국립대학교병원,응급,Y000,응급실,"고관절 질환, 고관절인공관절 질환 환자 수용 불가",20260927090000,20261004090000,경상남도 진주시 강남로 79 (칠암동),A2800001,8,자동,차단,정형외과
2026-10-01 00:30:00,경상남도,A2800001,경상국립대학교병원,응급,Y000,응급실,"수부 질환, 소아정형환자 수용불가",20260927090000,20261004090000,경상남도 진주시 강남로 79 (칠암동),A2800001,9,자동,차단,정형외과
2026-10-01 00:30:00,경상남도,A2800001,경상국립대학교병원,중증,Y0131,수족지접합,수술불가,20260927090000,20261004090000,경상남도 진주시 강남로 79 (칠암동),A2800001,10,자동,차단,
2026-10-01 00:30:00,경상남도,A2800001,경상국립대학교병원,중증,Y0070,장중첩/폐색(유아),수용불가,20260927090000,20261004090000,경상남도 진주시 강남로 79 (칠암동),A2800001,11,자동,차단,
2026-10-01 00:30:00,경상남도,A2800001,경상국립대학교병원,중증,Y0042,대동맥응급(복부),수술 필요 시 수용불가,20260927090000,20261004090000,경상남도 진주시 강남로 79 (칠암동),A2800001,12,자동,차단,
2026-10-01 00:30:00,경상남도,A2800001,경상국립대학교병원,응급,Y000,응급실,중증외상(사지 절단) 수지 접합 불가능,20260927090000,20261004090000,경상남도 진주시 강남로 79 (칠암동),A2800001,13,자동,차단,정형외과
2026-10-01 00:30:00,경상남도,A2800004,창원파티마병원,응급,Y000,응급실,대동맥박리 진료 불가,20260928000000,20261005235900,경상남도 창원시 의창구 창이대로 45 (명서동),A2800004,14,자동,차단,흉부외과
2026-10-01 00:30:00,경상남도,A2800004,창원파티마병원,응급,Y000,응급실,사전에 수용여부 확인 바랍니다.,20260928000000,20261005235900,경상남도 창원시 의창구 창이대로 45 (명서동),A2800004,15,자동,차단,피부과
2026-10-01 00:30:00,경상남도,A2800004,창원파티마병원,응급,Y000,응급실,"심부열상, 개방성 골절 진료 불가",20260928000000,20261005235900,경상남도 창원시 의창구 창이대로 45 (명서동),A2800004,16,자동,차단,정형외과
2026-10-01 00:30:00,경상남도,A2800004,창원파티마병원,응급,Y000,응급실,"정신과 응급진료 불가 (약물중독, 자해, 입원이 필요한 경우)",20260928000000,20261005235900,경상남도 창원시 의창구 창이대로 45 (명서동),A2800004,17,자동,차단,정신건강의학과
2026-10-01 00:30:00,경상남도,A2800004,창원파티마병원,응급,Y000,응급실,사전에 수용여부 확인 바랍니다.,20260928000000,20261005235900,경상남도 창원시 의창구 창이대로 45 (명서동),A2800004,18,자동,차단,치과
2026-10-01 00:30:00,경상남도,A2800004,창원파티마병원,응급,Y000,응급실,사전에 수용여부 확인 바랍니다.,20260928000000,20261005235900,경상남도 창원시 의창구 창이대로 45 (명서동),A2800004,19,자동,차단,비뇨의학과
2026-10-01 00:30:00,경상남도,A2800004,창원파티마병원,응급,Y000,응급실,"[야간, 주말] 성형외과 전문의 진료 및 봉합 불가",20260928000000,20261005235900,경상남도 창원시 의창구 창이대로 45 (명서동),A2800004,20,자동,차단,성형외과
2026-10-01 00:30:00,경상남도,A2800004,창원파티마병원,응급,Y000,응급실,"소아과 전문 진료 가능(평일 17:00-22:00, 토요일 13:00-17:00, 일요일 10:00-17:00)",20260928000000,20261005235900,경상남도 창원시 의창구 창이대로 45 (명서동),A2800004,21,자동,차단,소아청소년과
2026-10-01 00:30:00,경상남도,A2800004,창원파티마병원,응급,Y000,응급실,성인 위내시경 가능 시간 ▶ 평일 09:00~17:00,20260928000000,20261005235900,경상남도 창원시 의창구 창이대로 45 (명서동),A2800004,22,자동,차단,소화기내과
2026-10-01 00:30:00,경상남도,A2800004,창원파티마병원,응급,Y000,응급실,"19세 미만 소아분과 진료 불가 (의식변화, 발열 없는 경련, 실신 등)",20260928000000,20261005235900,경상남도 창원시 의창구 창이대로 45 (명서동),A2800004,23,자동,차단,소아청소년과
2026-10-01 00:30:00,경상남도,A2800004,창원파티마병원,응급,Y000,응급실,혈액종양내과 진료 불가,20260928000000,20261005235900,경상남도 창원시 의창구 창이대로 45 (명서동),A2800004,24,자동,차단,혈액·종양내과
2026-10-01 00:30:00,경상남도,A2800004,창원파티마병원,응급,Y000,응급실,"[야간, 주말] 정형외과 전문의 진료 및 봉합 불가",20260928000000,20261005235900,경상남도 창원시 의창구 창이대로 45 (명서동),A2800004,25,자동,차단,정형외과
2026-10-01 00:30:00,경상남도,A2800004,창원파티마병원,응급,Y000,응급실,"~ 12/31까지 감염내과 진료 불가 (원인불명 열, 피부감염 등)",20260928000000,20261005235900,경상남도 창원시 의창구 창이대로 45 (명서동),A2800004,26,자동,차단,감염내과
2026-10-01 00:30:00,경상남도,A2800004,창원파티마병원,응급,Y000,응급실,일산화탄소 중독 환자 진료 불가,20260928000000,20261005235900,경상남도 창원시 의창구 창이대로 45 (명서동),A2800004,27,자동,차단,병상 또는 장비
2026-10-01 00:30:00,경상남도,A2800004,창원파티마병원,응급,Y000,응급실,사전에 수용여부 확인바랍니다.,20260928000000,20261005235900,경상남도 창원시 의창구 창이대로 45 (명서동),A2800004,28,자동,차단,이비인후과
2026-10-01 00:30:00,경상남도,A2800007,창원한마음병원,응급,Y000,응급실,[정형외과] 사지접합의 수술이 필요한 환자 내원 시 응급의료센터 확인 요망,20260928110000,20261005120000,경상남도 창원시 의창구 용동로57번길 8 (사림동),A2800007,29,자동,차단,응급실
2026-10-01 00:30:00,경상남도,A2800007,창원한마음병원,응급,Y000,응급실,[소아청소년과] 소아 이물질환자 진료불가,20260928110000,20261005120000,경상남도 창원시 의창구 용동로57번길 8 (사림동),A2800007,30,자동,차단,소아청소년과
2026-10-01 00:30:00,경상남도,A2800007,창원한마음병원,응급,Y000,응급실,[소아청소년과] seizure 포함 소아신경학적증상 있는 소아의 경우 소아신경과 부재로 진료불가,20260928110000,20261005120000,경상남도 창원시 의창구 용동로57번길 8 (사림동),A2800007,31,자동,차단,소아청소년과
2026-10-01 00:30:00,경상남도,A2800007,창원한마음병원,응급,Y000,응급실,[안과] 안과 질환 응급 환자 이송 시 응급의료센터 확인 요망,20260928110000,20261005120000,경상남도 창원시 의창구 용동로57번길 8 (사림동),A2800007,32,자동,차단,응급실
2026-10-01 00:30:00,경상남도,A2800007,창원한마음병원,응급,Y000,응급실,[소아청소년과] 3개월 미만 환아 소아전문의 부재로 진료불가,20260928110000,20261005120000,경상남도 창원시 의창구 용동로57번길 8 (사림동),A2800007,33,자동,차단,소아청소년과
2026-10-01 00:30:00,경상남도,A2800007,창원한마음병원,응급,Y000,응급실,"[소아청소년과] 소아 중증호흡기질환, 특히 소아 intubation이 필요한 중증환아의 경우 본원 소아 인공호흡기장비 부재로 진료불가",20260928110000,20261005120000,경상남도 창원시 의창구 용동로57번길 8 (사림동),A2800007,34,자동,차단,병상 또는 장비
2026-10-01 00:30:00,경상남도,A2800011,양산부산대학교병원,중증,Y0020,뇌경색의 재관류중재술,시술중. acute 수용 불가능.,20260930220400,20261001030000,경상남도 양산시 물금읍 금오로 20,A2800011,35,자동,차단,신경과
2026-10-01 00:30:00,경상남도,A2800011,양산부산대학교병원,중증,Y0160,안과적 응급 수술,망막 part 의료진 부재로 진료 및 수술 불가능.,20260930174500,20261007230000,경상남도 양산시 물금읍 금오로 20,A2800011,36,자동,차단,안과
2026-10-01 00:30:00,경상남도,A2800011,양산부산대학교병원,응급,Y000,응급실,소아응급실) 수 3PM~ 목 8AM까지 sono 불가,20260930150000,20261001080000,경상남도 양산시 물금읍 금오로 20,A2800011,37,자동,차단,소아청소년과
2026-10-01 00:30:00,경상남도,A2800011,양산부산대학교병원,응급,Y000,응급실,소아 정형외과) 진료 및 수술 불가능,20260928135500,20261004070000,경상남도 양산시 물금읍 금오로 20,A2800011,38,자동,차단,정형외과
2026-10-01 00:30:00,경상남도,A2800011,양산부산대학교병원,응급,Y000,응급실,"정규시간만 가능. (야간, 주말 및 공휴일 진료 불가)",20260925113900,20261002235800,경상남도 양산시 물금읍 금오로 20,A2800011,39,자동,차단,성형외과
2026-10-01 00:30:00,경상남도,A2800011,양산부산대학교병원,응급,Y000,응급실,족부 part 진료 불가.,20260925113900,20261002235800,경상남도 양산시 물금읍 금오로 20,A2800011,40,자동,차단,정형외과
2026-10-01 00:30:00,경상남도,A2800011,양산부산대학교병원,응급,Y000,응급실,응급실 진료 불가능. (외래만),20260925113800,20261002235800,경상남도 양산시 물금읍 금오로 20,A2800011,41,자동,차단,피부과
2026-10-01 00:30:00,경상남도,A2800011,양산부산대학교병원,응급,Y000,응급실,진료 및 수술 불가능.,20260925113700,20261002235800,경상남도 양산시 물금읍 금오로 20,A2800011,42,자동,차단,외과
2026-10-01 00:30:00,경상남도,A2800011,양산부산대학교병원,응급,Y000,응급실,응급실 진료 및 입원 불가능.,20260925113700,20261002235800,경상남도 양산시 물금읍 금오로 20,A2800011,43,자동,차단,감염내과
2026-10-01 00:30:00,경상남도,A2800011,양산부산대학교병원,중증,Y0100,저출생체중아,미숙아 망막검사 의사 부재로 30주 미만 미숙아 및 산모 전원 불가.,20260925095000,20261002235900,경상남도 양산시 물금읍 금오로 20,A2800011,44,자동,차단,소아청소년과
2026-10-01 00:30:00,경상남도,A2800011,양산부산대학교병원,중증,Y0052,담낭담관질환(담도포함질환),의료진 부재로 진료 불가능.,20260925095000,20261002235900,경상남도 양산시 물금읍 금오로 20,A2800011,45,자동,차단,내과
2026-10-01 00:30:00,경상남도,A2800011,양산부산대학교병원,중증,Y0051,담낭담관질환(담낭질환),의료진 부재로 진료 불가능.,20260925095000,20261002235900,경상남도 양산시 물금읍 금오로 20,A2800011,46,자동,차단,외과
2026-10-01 00:30:00,경상남도,A2800011,양산부산대학교병원,중증,Y0060,복부응급수술(비외상),의료진 부재로 진료 및 수술 불가능.,20260925095000,20261002235900,경상남도 양산시 물금읍 금오로 20,A2800011,47,자동,차단,외과
2026-10-01 00:30:00,경상남도,A2800014,의료법인갑을의료재단 갑을장유병원,응급,Y000,응급실,불가능메세지등록,20260930160000,20261001090000,경상남도 김해시 장유로 167-13 (부곡동),A2800014,48,자동,차단,병상 또는 장비
2026-10-01 00:30:00,경상남도,A2800017,의료법인합포의료재단에스엠지연세병원,중증,Y0142,응급투석(CRRT),전문의 해외 일정으로 인한 진료 불가,20260930000000,20261001235900,"경상남도 창원시 마산합포구 3·15대로 76 (월남동2가, 합포의료재단)",A2800017,49,자동,차단,내과
2026-10-01 00:30:00,경상남도,A2800017,의료법인합포의료재단에스엠지연세병원,중증,Y0141,응급투석(HD),전문의 해외 일정으로 인한 진료 불가,20260930000000,20261001235900,"경상남도 창원시 마산합포구 3·15대로 76 (월남동2가, 합포의료재단)",A2800017,50,자동,차단,내과
2026-10-01 00:30:00,경상남도,A2800020,학교법인성균관대학삼성창원병원,응급,Y000,응급실,"PD IN 의료진 부재로 소아신장 전문의 진료가 필요한 환자 수용어려움(혈뇨, 단백뇨 등 소아 신장질환)",20260930201000,20261007235900,"경상남도 창원시 마산회원구 팔용로 158 (합성동, 삼성창원병원)",A2800020,51,자동,차단,소아청소년과
2026-10-01 00:30:00,경상남도,A2800020,학교법인성균관대학삼성창원병원,중증,Y0142,응급투석(CRRT),CRRT기기부족으로 적응증환자 수용어려움,20260928130700,20261005235900,"경상남도 창원시 마산회원구 팔용로 158 (합성동, 삼성창원병원)",A2800020,52,자동,차단,
2026-10-01 00:30:00,경상남도,A2800020,학교법인성균관대학삼성창원병원,중증,Y0112,산부인과 응급(산과수술),[산부인과] 응급 산과수술 인력부족으로 Follow up외 수용어려움 사전문의바람,20260924000300,20261001235900,"경상남도 창원시 마산회원구 팔용로 158 (합성동, 삼성창원병원)",A2800020,53,자동,차단,
2026-10-01 00:30:00,경상남도,A2800020,학교법인성균관대학삼성창원병원,중증,Y0113,산부인과 응급(부인과수술),[산부인과] 응급 부인과수술 인력부족으로 Follow up외 수용어려움 사전문의바람,20260924000300,20261001235900,"경상남도 창원시 마산회원구 팔용로 158 (합성동, 삼성창원병원)",A2800020,54,자동,차단,
2026-10-01 00:30:00,경상남도,A2800020,학교법인성균관대학삼성창원병원,중증,Y0111,산부인과 응급(분만),[산부인과] 응급 분만 인력부족으로 Follow up외 수용어려움 사전문의바람,20260924000300,20261001235900,"경상남도 창원시 마산회원구 팔용로 158 (합성동, 삼성창원병원)",A2800020,55,자동,차단,
2026-10-01 00:30:00,경상남도,A2800020,학교법인성균관대학삼성창원병원,중증,Y0131,수족지접합,[정형외과] 사지접합의 수술(수족지접합) 인력문제로 수부파트 진료불가 사전문의바람,20260924000000,20261001235900,"경상남도 창원시 마산회원구 팔용로 158 (합성동, 삼성창원병원)",A2800020,56,자동,차단,
2026-10-01 00:30:00,경상남도,A2800020,학교법인성균관대학삼성창원병원,응급,Y000,응급실,"[신경과] 외상없는 양쪽다리 마비,양쪽팔다리 마비환자 진료불가, 신경과 말초 및 신경근육질환 전문의 장기간 공석으로 해당질환 진료불가",20260924000000,20261001235900,"경상남도 창원시 마산회원구 팔용로 158 (합성동, 삼성창원병원)",A2800020,57,자동,차단,신경과
2026-10-01 00:30:00,경상남도,A2800020,학교법인성균관대학삼성창원병원,응급,Y000,응급실,[성형외과] 당직 의료진 부재로 진료불가,20260924000000,20261001235900,"경상남도 창원시 마산회원구 팔용로 158 (합성동, 삼성창원병원)",A2800020,58,자동,차단,성형외과
2026-10-01 00:30:00,경상남도,A2800020,학교법인성균관대학삼성창원병원,응급,Y000,응급실,[심장혈관흉부외과] 당직별 수술가능여부 달라 사전문의 바람,20260924000000,20261001235900,"경상남도 창원시 마산회원구 팔용로 158 (합성동, 삼성창원병원)",A2800020,59,자동,차단,흉부외과
2026-10-01 00:30:00,경상남도,A2800020,학교법인성균관대학삼성창원병원,응급,Y000,응급실,"[혈액종양내과] 해당과 사정으로 신환, 타병원 ca 환자 수용 제한적, 사전문의 바람",20260924000000,20261001235900,"경상남도 창원시 마산회원구 팔용로 158 (합성동, 삼성창원병원)",A2800020,60,자동,차단,혈액·종양내과
2026-10-01 00:30:00,경상남도,A2800020,학교법인성균관대학삼성창원병원,응급,Y000,응급실,[응급의학과] - 인력부족으로 DI환자 사전에 수용여부 확인바람,20260924000000,20261001235900,"경상남도 창원시 마산회원구 팔용로 158 (합성동, 삼성창원병원)",A2800020,61,자동,차단,응급실
2026-10-01 00:30:00,경상남도,A2800020,학교법인성균관대학삼성창원병원,응급,Y000,응급실,[안과] 인력부족으로 진료 및 수술 제한적,20260924000000,20261001235900,"경상남도 창원시 마산회원구 팔용로 158 (합성동, 삼성창원병원)",A2800020,62,자동,차단,안과
2026-10-01 00:30:00,경상남도,A2800020,학교법인성균관대학삼성창원병원,응급,Y000,응급실,[영상의학과] 해당과 사정으로 고환 염전 초음파 진료 불가,20260924000000,20261001235900,"경상남도 창원시 마산회원구 팔용로 158 (합성동, 삼성창원병원)",A2800020,63,자동,차단,영상의학과
2026-10-01 00:30:00,경상남도,A2800020,학교법인성균관대학삼성창원병원,응급,Y000,응급실,[정신건강의학과] 당직 의료진 부재로 진료불가,20260924000000,20261001235900,"경상남도 창원시 마산회원구 팔용로 158 (합성동, 삼성창원병원)",A2800020,64,자동,차단,정신건강의학과
2026-10-01 00:30:00,경상남도,A2800020,학교법인성균관대학삼성창원병원,응급,Y000,응급실,[응급의학과] - 인력부족으로 post CPR 환자 본원에 수용여부 확인,20260924000000,20261001235900,"경상남도 창원시 마산회원구 팔용로 158 (합성동, 삼성창원병원)",A2800020,65,자동,차단,응급실
2026-10-01 00:30:00,경상남도,A2800020,학교법인성균관대학삼성창원병원,응급,Y000,응급실,[피부과] 당직 의료진 부재로 진료불가,20260924000000,20261001235900,"경상남도 창원시 마산회원구 팔용로 158 (합성동, 삼성창원병원)",A2800020,66,자동,차단,피부과
2026-10-01 00:30:00,경상남도,A2800020,학교법인성균관대학삼성창원병원,응급,Y000,응급실,"[외과] 인력부족으로 특정과목 응급수술 불가, 사전문의바람",20260924000000,20261001235900,"경상남도 창원시 마산회원구 팔용로 158 (합성동, 삼성창원병원)",A2800020,67,자동,차단,외과
2026-10-01 00:30:00,경상남도,A2800020,학교법인성균관대학삼성창원병원,응급,Y000,응급실,[호흡기 내과] 인력부족으로 신환수용 불가,20260924000000,20261001235900,"경상남도 창원시 마산회원구 팔용로 158 (합성동, 삼성창원병원)",A2800020,68,자동,차단,호흡기내과
2026-10-01 00:30:00,경상남도,A2800020,학교법인성균관대학삼성창원병원,응급,Y000,응급실,"[신장내과] 인력부족으로 수용 제한적, 사전문의바람",20260924000000,20261001235900,"경상남도 창원시 마산회원구 팔용로 158 (합성동, 삼성창원병원)",A2800020,69,자동,차단,신장내과
2026-10-01 00:30:00,경상남도,A2800020,학교법인성균관대학삼성창원병원,응급,Y000,응급실,[소아청소년과] 소아외상 진료불가,20260924000000,20261001235900,"경상남도 창원시 마산회원구 팔용로 158 (합성동, 삼성창원병원)",A2800020,70,자동,차단,소아청소년과
2026-10-01 00:30:00,경상남도,A2800020,학교법인성균관대학삼성창원병원,응급,Y000,응급실,[응급의학과] - 인력 부족으로 중증환자 119 통한 수용 및 외부 전원 제한적,20260924000000,20261001235900,"경상남도 창원시 마산회원구 팔용로 158 (합성동, 삼성창원병원)",A2800020,71,자동,차단,응급실
2026-10-01 00:30:00,경상남도,A2800021,연세에스병원,중증,Y0020,뇌경색의 재관류중재술,불가능메세지등록,20260930180000,20261001090000,경상남도 창원시 진해구 해원로32번길 13 (이동),A2800021,72,자동,차단,
2026-10-01 00:30:00,경상남도,A2800021,연세에스병원,중증,Y0031,뇌출혈수술(거미막하 출혈),불가능메세지등록,20260930180000,20261001090000,경상남도 창원시 진해구 해원로32번길 13 (이동),A2800021,73,자동,차단,
2026-10-01 00:30:00,경상남도,A2800021,연세에스병원,중증,Y0032,뇌출혈수술(거미막하 출혈 외),불가능메세지등록,20260930180000,20261001090000,경상남도 창원시 진해구 해원로32번길 13 (이동),A2800021,74,자동,차단,
2026-10-01 00:30:00,경상남도,A2803505,창원경상국립대학교병원,중증,Y0160,안과적 응급 수술,불가능메세지등록,20260930200000,20261001090000,"경상남도 창원시 성산구 삼정자로 11 (성주동, 창원경상대학교병원)",A2803505,75,자동,차단,
2026-10-01 00:30:00,경상남도,A2803505,창원경상국립대학교병원,중증,Y0010,심근경색의 재관류중재술,의료진부재,20260930180900,20261001080000,"경상남도 창원시 성산구 삼정자로 11 (성주동, 창원경상대학교병원)",A2803505,76,자동,차단,내과
2026-10-01 00:30:00,경상남도,A2803505,창원경상국립대학교병원,중증,Y0020,뇌경색의 재관류중재술,의료진부재,20260930180900,20261001080000,"경상남도 창원시 성산구 삼정자로 11 (성주동, 창원경상대학교병원)",A2803505,77,자동,차단,
2026-10-01 00:30:00,경상남도,A2803505,창원경상국립대학교병원,응급,Y000,응급실,"[순환기내과] 의료진 부재로 CAG 등 불가, 해당질환 수용 불가",20260930180900,20261001080000,"경상남도 창원시 성산구 삼정자로 11 (성주동, 창원경상대학교병원)",A2803505,78,자동,차단,순환기내과
2026-10-01 00:30:00,경상남도,A2803505,창원경상국립대학교병원,응급,Y000,응급실,[신경과] 의료진 부재로 acute stroke 수용 불가,20260930180900,20261001080000,"경상남도 창원시 성산구 삼정자로 11 (성주동, 창원경상대학교병원)",A2803505,79,자동,차단,신경과
2026-10-01 00:30:00,경상남도,A2803505,창원경상국립대학교병원,중증,Y0091,기관지 응급내시경(성인),불가능메세지등록,20260930180000,20261001080000,"경상남도 창원시 성산구 삼정자로 11 (성주동, 창원경상대학교병원)",A2803505,80,자동,차단,
2026-10-01 00:30:00,경상남도,A2803505,창원경상국립대학교병원,중증,Y0081,위장관 응급내시경(성인),불가능메세지등록,20260930180000,20261001080000,"경상남도 창원시 성산구 삼정자로 11 (성주동, 창원경상대학교병원)",A2803505,81,자동,차단,
2026-10-01 00:30:00,경상남도,A2803505,창원경상국립대학교병원,응급,Y000,응급실,[성형외과] 평일 09:00~20:00 (화요일09:00~17:00).진료가능,20260930180000,20261007180000,"경상남도 창원시 성산구 삼정자로 11 (성주동, 창원경상대학교병원)",A2803505,82,자동,차단,성형외과
2026-10-01 00:30:00,경상남도,A2803505,창원경상국립대학교병원,응급,Y000,응급실,[안과] 의료진부재로 안과외상 수용불가,20260930180000,20261007180000,"경상남도 창원시 성산구 삼정자로 11 (성주동, 창원경상대학교병원)",A2803505,83,자동,차단,안과
2026-10-01 00:30:00,경상남도,A2803505,창원경상국립대학교병원,응급,Y000,응급실,[정형외과] 주말 의료진 부재로 해당과 진료불가.,20260930180000,20261007180000,"경상남도 창원시 성산구 삼정자로 11 (성주동, 창원경상대학교병원)",A2803505,84,자동,차단,정형외과
2026-10-01 00:30:00,경상남도,A2803505,창원경상국립대학교병원,응급,Y000,응급실,"[소아청소년과] 소아초음파 평일 08:00 ~ 17:00까지 가능, 의료진부재로 인해 주말/야간 불가.",20260930180000,20261007180000,"경상남도 창원시 성산구 삼정자로 11 (성주동, 창원경상대학교병원)",A2803505,85,자동,차단,소아청소년과
2026-10-01 00:30:00,경상남도,A2803505,창원경상국립대학교병원,응급,Y000,응급실,[정형외과] 개방성골절 및 미세접합수술 필요한 경우 수용불가,20260930180000,20261007180000,"경상남도 창원시 성산구 삼정자로 11 (성주동, 창원경상대학교병원)",A2803505,86,자동,차단,정형외과
2026-10-01 00:30:00,경상남도,A2803505,창원경상국립대학교병원,응급,Y000,응급실,"[이비인후과] 평일 09:00~17:00 까지 진료가능, 심경부감염, 경부 외상, airway 환자는 의료진부재로 수용불가",20260930180000,20261007180000,"경상남도 창원시 성산구 삼정자로 11 (성주동, 창원경상대학교병원)",A2803505,87,자동,차단,이비인후과
2026-10-01 00:30:00,경상남도,A2803505,창원경상국립대학교병원,응급,Y000,응급실,[소아청소년과]  seizure 의료진 부재로 수용 불가 (단순열성경련의 경우 문의바람).,20260930180000,20261007180000,"경상남도 창원시 성산구 삼정자로 11 (성주동, 창원경상대학교병원)",A2803505,88,자동,차단,소아청소년과
2026-10-01 00:30:00,경상남도,A2803505,창원경상국립대학교병원,응급,Y000,응급실,중증화상환자 기도 및 정맥로 확보 후 화상센터 전원.,20260930180000,20261007180000,"경상남도 창원시 성산구 삼정자로 11 (성주동, 창원경상대학교병원)",A2803505,89,자동,차단,응급실
2026-10-01 00:30:00,제주특별자치도,A2900001,제주한라병원,중증,Y0010,심근경색의 재관류중재술,심장내과 진료과 사정으로 진료 불가(17:00~06:00),20260930170000,20261001060000,"제주특별자치도 제주시 도령로 65 (연동, (연동))",A2900001,1,자동,차단,내과
2026-10-01 00:30:00,제주특별자치도,A2900001,제주한라병원,응급,Y000,응급실,심장내과 진료과 사정으로 진료 불가(17:00~06:00),20260930170000,20261001060000,"제주특별자치도 제주시 도령로 65 (연동, (연동))",A2900001,2,자동,차단,순환기내과
2026-10-01 00:30:00,제주특별자치도,A2900001,제주한라병원,응급,Y000,응급실,췌담도 part 전문의 부재,20260930170000,20261007080000,"제주특별자치도 제주시 도령로 65 (연동, (연동))",A2900001,3,자동,차단,소화기내과
2026-10-01 00:30:00,제주특별자치도,A2900001,제주한라병원,중증,Y0171,영상의학혈관중재(성인),영상의학 혈관중재 전문의 부재,20260930080000,20261001080000,"제주특별자치도 제주시 도령로 65 (연동, (연동))",A2900001,4,자동,차단,핵의학과
2026-10-01 00:30:00,제주특별자치도,A2900001,제주한라병원,중증,Y0052,담낭담관질환(담도포함질환),ERCP 전문의 부재,20260928080000,20261005080000,"제주특별자치도 제주시 도령로 65 (연동, (연동))",A2900001,5,자동,차단,외과
2026-10-01 00:30:00,제주특별자치도,A2900002,제주특별자치도서귀포의료원,중증,Y0081,위장관 응급내시경(성인),불가능메세지등록,20260930080000,20261001080000,제주특별자치도 서귀포시 장수로 47 (동홍동),A2900002,6,자동,차단,내과
2026-10-01 00:30:00,제주특별자치도,A2900005,한마음병원,응급,Y000,응급실,"[신경과] 전화문의(주말 및 휴일-24시간, 평일-17시~익일 9시까지 진료 일부 제한)",20260930000000,20261007235900,제주특별자치도 제주시 연신로 52   (이도이동),A2900005,7,자동,차단,신경과
2026-10-01 00:30:00,제주특별자치도,A2900005,한마음병원,응급,Y000,응급실,[비뇨의학과] 외래 휴진,20260929000000,20261006235900,제주특별자치도 제주시 연신로 52   (이도이동),A2900005,8,자동,차단,비뇨의학과
2026-10-01 00:30:00,제주특별자치도,A2900006,의료법인중앙의료재단중앙병원,응급,Y000,응급실,사전협의-수술지연 및 입원불가 동의 필요,20260928090000,20261005090000,"제주특별자치도 제주시 월랑로 91-0 (이호이동,중앙병원)",A2900006,9,자동,차단,정형외과
2026-10-01 00:30:00,제주특별자치도,A2900007,제주대학교병원,응급,Y000,응급실,"소화기 내시경 수용 가능 일시 (평일 08:00~20:00, 주말휴일 08:00~12:00)",20260930080000,20261007080000,"제주특별자치도 제주시 아란13길 15-0 (아라일동, 0동 0층 0호 (아라일동,제주대학교병원))",A2900007,10,자동,차단,소화기내과
2026-10-01 00:30:00,제주특별자치도,A2900007,제주대학교병원,응급,Y000,응급실,"안과진료 가능 일시 (주간, 화,목,22시까지, 토 20시까지)",20260924080000,20261001080000,"제주특별자치도 제주시 아란13길 15-0 (아라일동, 0동 0층 0호 (아라일동,제주대학교병원))",A2900007,11,자동,차단,안과
2026-10-01 01:00:01,서울특별시,A1100001,경희대학교병원,응급,Y000,응급실,119 구급대원께서는 문의 후 이송 부탁드립니다.,20260925010000,20261002000000,서울특별시 동대문구 경희대로 23 (회기동),A1100001,1,자동,차단,응급실
2026-10-01 01:00:01,서울특별시,A1100001,경희대학교병원,응급,Y000,응급실,성형외과 :(월-목)오후 9시까지 가능 / (금-토)24시간 가능 / (일)오후 4시 ~ 익일 오전 7시 가능,20260925010000,20261002000000,서울특별시 동대문구 경희대로 23 (회기동),A1100001,2,자동,차단,성형외과
2026-10-01 01:00:01,서울특별시,A1100001,경희대학교병원,응급,Y000,응급실,"NICU 부재, 고위험산모실 부재 등으로 모든 산모 수용 불가",20260925010000,20261002000000,서울특별시 동대문구 경희대로 23 (회기동),A1100001,3,자동,차단,산부인과
2026-10-01 01:00:01,서울특별시,A1100001,경희대학교병원,중증,Y0042,대동맥응급(복부),의료진 부족,20260925000000,20261002000000,서울특별시 동대문구 경희대로 23 (회기동),A1100001,4,자동,차단,외과
2026-10-01 01:00:01,서울특별시,A1100001,경희대학교병원,중증,Y0131,수족지접합,의료진 부족,20260925000000,20261002000000,서울특별시 동대문구 경희대로 23 (회기동),A1100001,5,자동,차단,정형외과
2026-10-01 01:00:01,서울특별시,A1100001,경희대학교병원,중증,Y0132,수족지접합 외,의료진 부족,20260925000000,20261002000000,서울특별시 동대문구 경희대로 23 (회기동),A1100001,6,자동,차단,정형외과
2026-10-01 01:00:01,서울특별시,A1100002,건국대학교병원,응급,Y000,응급실,"지속적인 간질 중첩증, 심근염을 비롯한 중증 심질환, 호흡기 기도 이물 및 중증객혈, 중증호흡부전(산소 2L/min이상필요한경우) 이송시 문의 바랍니다.",20260928090000,20261005090000,서울특별시 광진구 능동로 120-1 (화양동),A1100002,7,자동,차단,소아청소년과
2026-10-01 01:00:01,서울특별시,A1100002,건국대학교병원,응급,Y000,응급실,단순봉합 불가 (필요시 별도 문의 바랍니다),20260928090000,20261005090000,서울특별시 광진구 능동로 120-1 (화양동),A1100002,8,자동,차단,성형외과
2026-10-01 01:00:01,서울특별시,A1100002,건국대학교병원,응급,Y000,응급실,단순봉합 불가 (필요시 별도 문의 바랍니다),20260928090000,20261005090000,서울특별시 광진구 능동로 120-1 (화양동),A1100002,9,자동,차단,정형외과
2026-10-01 01:00:01,서울특별시,A1100002,건국대학교병원,응급,Y000,응급실,"소화기 이물 흡입시(저녁8시이후), 대량 토혈 및 혈변, 간이식 가능성이 있는 전격성 간염/간부전, 궤사성 췌장염이 진단된 경우) 이송시 문의 바랍니다.",20260928090000,20261005090000,서울특별시 광진구 능동로 120-1 (화양동),A1100002,10,자동,차단,소아청소년과
2026-10-01 01:00:01,서울특별시,A1100002,건국대학교병원,응급,Y000,응급실,환자 수용여부 확인 부탁드립니다.,20260928090000,20261005090000,서울특별시 광진구 능동로 120-1 (화양동),A1100002,11,자동,차단,신경과
2026-10-01 01:00:01,서울특별시,A1100002,건국대학교병원,응급,Y000,응급실,응급환자 이송시  반드시 병원수용 여부 가능확인 후 이송 부탁드립니다.,20260928090000,20261005090000,서울특별시 광진구 능동로 120-1 (화양동),A1100002,12,자동,차단,응급실
2026-10-01 01:00:01,서울특별시,A1100002,건국대학교병원,응급,Y000,응급실,"3개월이하 소아환자 발열 진료불가, 발열두통 시 뇌척수액검사 예상되는 소아 검사불가합니다. 이송시 참고바랍니다.",20260928090000,20261005090000,서울특별시 광진구 능동로 120-1 (화양동),A1100002,13,자동,차단,소아청소년과
2026-10-01 01:00:01,서울특별시,A1100003,중앙대학교병원,응급,Y000,응급실,이비인후과 진료 불가,20260930180000,20261001070000,서울특별시 동작구 흑석로 102 (흑석동),A1100003,14,자동,차단,이비인후과
2026-10-01 01:00:01,서울특별시,A1100003,중앙대학교병원,응급,Y000,응급실,2개월 미만 신생아 및 소아중환자 진료 불가,20260930100000,20261007100000,서울특별시 동작구 흑석로 102 (흑석동),A1100003,15,자동,차단,소아청소년과
2026-10-01 01:00:01,서울특별시,A1100003,중앙대학교병원,응급,Y000,응급실,피부과 진료 불가,20260930100000,20261007100000,서울특별시 동작구 흑석로 102 (흑석동),A1100003,16,자동,차단,피부과
2026-10-01 01:00:01,서울특별시,A1100004,순천향대학교부속서울병원,중증,Y0131,수족지접합,성형외과 인력 부족으로 수지접합 불가,20260930220000,20261001075900,서울특별시 용산구 대사관로 59 (한남동),A1100004,17,자동,차단,성형외과
2026-10-01 01:00:01,서울특별시,A1100004,순천향대학교부속서울병원,응급,Y000,응급실,(22:00~익일 08:00) 안면부 열상환자 및 단순 열상환자 응급실 내 진료 불가,20260928000000,20261004235900,서울특별시 용산구 대사관로 59 (한남동),A1100004,18,자동,차단,성형외과
2026-10-01 01:00:01,서울특별시,A1100005,이화여자대학교의과대학부속목동병원,응급,Y000,응급실,성형외과 인력 부족으로 매일 0AM~7AM 단순봉합 불가함,20260928100000,20261005100000,서울특별시 양천구 안양천로 1071 (목동),A1100005,19,자동,차단,성형외과
2026-10-01 01:00:01,서울특별시,A1100006,강북삼성병원,응급,Y000,응급실,[진료제한]-[요일별 상세 운영 다름. 수용여부 사전 확인] 요일별 상세 운영 시간이 달라 내원 전 문의부탁드립니다. (진료시간 1시간전 접수 마감),20260929154000,20261006150000,서울특별시 종로구 새문안로 29 (평동),A1100006,20,자동,차단,소아청소년과
2026-10-01 01:00:01,서울특별시,A1100006,강북삼성병원,응급,Y000,응급실,"★CS핫라인-ECMO/심장/대동맥수술/본원CS구환★ 010-8662-6890,  010-5031-0198",20260929154000,20261006150000,서울특별시 종로구 새문안로 29 (평동),A1100006,21,자동,차단,응급실
2026-10-01 01:00:01,서울특별시,A1100006,강북삼성병원,응급,Y000,응급실,"[진료제한]-[수용여부 사전 확인]  비뇨의학과(응급 수술케이스불가), 산부인과, 정형외과, 안과(외상 진료 및 수술불가)",20260929154000,20261006150000,서울특별시 종로구 새문안로 29 (평동),A1100006,22,자동,차단,기타 진료과
2026-10-01 01:00:01,서울특별시,A1100006,강북삼성병원,응급,Y000,응급실,"[야간불가]-[요일별 상세 운영 다름. 수용여부 사전 확인] 성형외과, 이비인후과, 피부과,  안과",20260929154000,20261006150000,서울특별시 종로구 새문안로 29 (평동),A1100006,23,자동,차단,기타 진료과
2026-10-01 01:00:01,서울특별시,A1100007,연세대학교의과대학세브란스병원,중증,Y0132,수족지접합 외,불가능메세지등록,20260930173000,20261001083000,서울특별시 서대문구 연세로 50-1 (신촌동),A1100007,24,자동,차단,
2026-10-01 01:00:01,서울특별시,A1100007,연세대학교의과대학세브란스병원,중증,Y0131,수족지접합,불가능메세지등록,20260930173000,20261001083000,서울특별시 서대문구 연세로 50-1 (신촌동),A1100007,25,자동,차단,
2026-10-01 01:00:01,서울특별시,A1100007,연세대학교의과대학세브란스병원,중증,Y0160,안과적 응급 수술,[안과적 응급 수술] 정규시간 외 응급수술 불가능(마취지원 불가),20260930150000,20261001080000,서울특별시 서대문구 연세로 50-1 (신촌동),A1100007,26,자동,차단,
2026-10-01 01:00:01,서울특별시,A1100007,연세대학교의과대학세브란스병원,응급,Y000,응급실,[복부응급수술(비외상)]Appendicitis 신환 수용 불가,20260926000000,20261002235900,서울특별시 서대문구 연세로 50-1 (신촌동),A1100007,27,자동,차단,외과
2026-10-01 01:00:01,서울특별시,A1100007,연세대학교의과대학세브란스병원,응급,Y000,응급실,[응급 기관지 내시경(성인)] 평일 7am-5pm 시행 가능 / 이 외 시간 및 휴일(공휴일 포함)은 상의 후 결정(필요 시 문의바랍니다.),20260926000000,20261002235900,서울특별시 서대문구 연세로 50-1 (신촌동),A1100007,28,자동,차단,호흡기내과
2026-10-01 01:00:01,서울특별시,A1100007,연세대학교의과대학세브란스병원,응급,Y000,응급실,[뇌출혈수술] 중환자실 및 응급 수술/마취 지원 여부에 따라 부분 수용 가능 (필요 시 문의 바랍니다.),20260926000000,20261002235900,서울특별시 서대문구 연세로 50-1 (신촌동),A1100007,29,자동,차단,응급실
2026-10-01 01:00:01,서울특별시,A1100007,연세대학교의과대학세브란스병원,응급,Y000,응급실,(성형외과) 단순 봉합 진료 불가,20260926000000,20261002235900,서울특별시 서대문구 연세로 50-1 (신촌동),A1100007,30,자동,차단,성형외과
2026-10-01 01:00:01,서울특별시,A1100007,연세대학교의과대학세브란스병원,응급,Y000,응급실,(치과) 치과(일반)진료 21:30 이후 진료 불가능(f/u 포함),20260926000000,20261002235900,서울특별시 서대문구 연세로 50-1 (신촌동),A1100007,31,자동,차단,치과
2026-10-01 01:00:01,서울특별시,A1100007,연세대학교의과대학세브란스병원,응급,Y000,응급실,(산과) 신환수용 불가(f/u 환자는 필요 시 문의바랍니다.),20260926000000,20261002235900,서울특별시 서대문구 연세로 50-1 (신촌동),A1100007,32,자동,차단,응급실
2026-10-01 01:00:01,서울특별시,A1100007,연세대학교의과대학세브란스병원,응급,Y000,응급실,(소아신경외과) f/u 환자가 아닌 신환의 협진 및 전원 수용 불가 (도보 내원 포함),20260926000000,20261002235900,서울특별시 서대문구 연세로 50-1 (신촌동),A1100007,33,자동,차단,신경외과
2026-10-01 01:00:01,서울특별시,A1100007,연세대학교의과대학세브란스병원,응급,Y000,응급실,(소아신경외과) f/u 환자가 아닌 신환의 협진 및 전원 수용 불가 (도보 내원 포함),20260926000000,20261002235900,서울특별시 서대문구 연세로 50-1 (신촌동),A1100007,34,자동,차단,응급실
2026-10-01 01:00:01,서울특별시,A1100007,연세대학교의과대학세브란스병원,응급,Y000,응급실,"[신생아(미숙아)] 생후 4주 이내, 교정연령 44주이내,  NICU 입원이 연속적인 경우에 가능,야간 및 공휴일은 사전 상의 된 환아 외 진료 불가능 (필요 시 문의 바랍니다)",20260926000000,20261002235900,서울특별시 서대문구 연세로 50-1 (신촌동),A1100007,35,자동,차단,응급실
2026-10-01 01:00:01,서울특별시,A1100008,학교법인 고려중앙학원 고려대학교의과대학부속병원(안암병원),중증,Y0042,대동맥응급(복부),"본원 LT, KT 중으로 수술 필요한 CASE 진료 불가능",20260930070000,20261001070000,"서울특별시 성북구 고려대로 73, 고려대병원 (안암동5가)",A1100008,36,자동,차단,외과
2026-10-01 01:00:01,서울특별시,A1100008,학교법인 고려중앙학원 고려대학교의과대학부속병원(안암병원),중증,Y0060,복부응급수술(비외상),"본원 LT, KT 중으로 수술 필요한 CASE 진료 불가능",20260930070000,20261001070000,"서울특별시 성북구 고려대로 73, 고려대병원 (안암동5가)",A1100008,37,자동,차단,외과
2026-10-01 01:00:01,서울특별시,A1100008,학교법인 고려중앙학원 고려대학교의과대학부속병원(안암병원),중증,Y0051,담낭담관질환(담낭질환),"본원 LT, KT 중으로 수술 필요한 CASE 진료 불가능",20260930070000,20261001070000,"서울특별시 성북구 고려대로 73, 고려대병원 (안암동5가)",A1100008,38,자동,차단,내과
2026-10-01 01:00:01,서울특별시,A1100008,학교법인 고려중앙학원 고려대학교의과대학부속병원(안암병원),응급,Y000,응급실,"[이비인후과]Deep neck infection 환자 평일 주간(8jAM~5PM), 화요일 야간(5PM~익일 8AM) 외 시간은 수용 불가",20260928094100,20261005140000,"서울특별시 성북구 고려대로 73, 고려대병원 (안암동5가)",A1100008,39,자동,차단,이비인후과
2026-10-01 01:00:01,서울특별시,A1100008,학교법인 고려중앙학원 고려대학교의과대학부속병원(안암병원),응급,Y000,응급실,"인력 부재로 성형안과적 진료(안검수술, 안와질환, 눈물길 질환 등) 제한",20260928094000,20261005140000,"서울특별시 성북구 고려대로 73, 고려대병원 (안암동5가)",A1100008,40,자동,차단,안과
2026-10-01 01:00:01,서울특별시,A1100009,재단법인아산사회복지재단 서울아산병원,응급,Y000,응급실,"응급실 포화, CPR만 가능",20261001000100,20261001020000,"서울특별시 송파구 올림픽로43길 88, 서울아산병원 (풍납동)",A1100009,41,자동,차단,응급실
2026-10-01 01:00:01,서울특별시,A1100009,재단법인아산사회복지재단 서울아산병원,응급,Y000,응급실,야간 시간 소아 소화기 이물 제거 불가(해당과 의사인력 부족)/ GI bleeding control은 수용 가능,20260930220000,20261001060000,"서울특별시 송파구 올림픽로43길 88, 서울아산병원 (풍납동)",A1100009,42,자동,차단,소아청소년과
2026-10-01 01:00:01,서울특별시,A1100009,재단법인아산사회복지재단 서울아산병원,응급,Y000,응급실,"단순 중심정맥관(PICC, Q-cath 등) 관련 시술불가",20260930000000,20261007235900,"서울특별시 송파구 올림픽로43길 88, 서울아산병원 (풍납동)",A1100009,43,자동,차단,영상의학과
2026-10-01 01:00:01,서울특별시,A1100009,재단법인아산사회복지재단 서울아산병원,응급,Y000,응급실,[종양내과] 본원 재진 외 수용불가,20260930000000,20261007235900,"서울특별시 송파구 올림픽로43길 88, 서울아산병원 (풍납동)",A1100009,44,자동,차단,혈액·종양내과
2026-10-01 01:00:01,서울특별시,A1100009,재단법인아산사회복지재단 서울아산병원,응급,Y000,응급실,[부인과]본원 재진 외 수용불가,20260930000000,20261007235900,"서울특별시 송파구 올림픽로43길 88, 서울아산병원 (풍납동)",A1100009,45,자동,차단,산부인과
2026-10-01 01:00:01,서울특별시,A1100009,재단법인아산사회복지재단 서울아산병원,응급,Y000,응급실,[성인] 안면부 단순 봉합 수용불가,20260930000000,20261007235900,"서울특별시 송파구 올림픽로43길 88, 서울아산병원 (풍납동)",A1100009,46,자동,차단,성형외과
2026-10-01 01:00:01,서울특별시,A1100009,재단법인아산사회복지재단 서울아산병원,응급,Y000,응급실,[산과] 임신 1삼분기GA14+6wks)는 재진 외 수용불가,20260930000000,20261007235900,"서울특별시 송파구 올림픽로43길 88, 서울아산병원 (풍납동)",A1100009,47,자동,차단,산부인과
2026-10-01 01:00:01,서울특별시,A1100009,재단법인아산사회복지재단 서울아산병원,응급,Y000,응급실,본원 재진 외 수용불가,20260930000000,20261007235900,"서울특별시 송파구 올림픽로43길 88, 서울아산병원 (풍납동)",A1100009,48,자동,차단,호흡기내과
2026-10-01 01:00:01,서울특별시,A1100009,재단법인아산사회복지재단 서울아산병원,응급,Y000,응급실,[혈액내과] 타원에서 치료중인 신환 수용불가,20260930000000,20261007235900,"서울특별시 송파구 올림픽로43길 88, 서울아산병원 (풍납동)",A1100009,49,자동,차단,혈액·종양내과
2026-10-01 01:00:01,서울특별시,A1100010,삼성서울병원,응급,Y000,응급실,[담낭담관질환] 담낭 수술 및 시술은 반드시 수용 여부 사전 확인,20260928000000,20261004235900,"서울특별시 강남구 일원로 81 (일원동, 삼성의료원)",A1100010,50,자동,차단,응급실
2026-10-01 01:00:01,서울특별시,A1100010,삼성서울병원,응급,Y000,응급실,[소아청소년과] 소아 중환자 및 뇌전증 지속상태 환자는 전원 수용 여부 사전 확인,20260928000000,20261004235900,"서울특별시 강남구 일원로 81 (일원동, 삼성의료원)",A1100010,51,자동,차단,응급실
2026-10-01 01:00:01,서울특별시,A1100010,삼성서울병원,응급,Y000,응급실,"[AMI, 급성뇌졸중 의심 환자] 우선 진료 조정을 위해 노력하고 있으니, 수용 문의 부탁드립니다.",20260928000000,20261004235900,"서울특별시 강남구 일원로 81 (일원동, 삼성의료원)",A1100010,52,자동,차단,응급실
2026-10-01 01:00:01,서울특별시,A1100010,삼성서울병원,응급,Y000,응급실,[위장관 응급내시경(성인)] 반드시 수용 여부 사전 확인,20260928000000,20261004235900,"서울특별시 강남구 일원로 81 (일원동, 삼성의료원)",A1100010,53,자동,차단,응급실
2026-10-01 01:00:01,서울특별시,A1100010,삼성서울병원,응급,Y000,응급실,"[안과] 응급 안과 적출에 준하는 상황의 경우, 안과 당직 문의 후 수용 여부 확인",20260928000000,20261004235900,"서울특별시 강남구 일원로 81 (일원동, 삼성의료원)",A1100010,54,자동,차단,응급실
2026-10-01 01:00:01,서울특별시,A1100012,학교법인가톨릭학원가톨릭대학교서울성모병원,응급,Y000,응급실,야간 수용 불가,20260928130100,20261005130000,서울특별시 서초구 반포대로 222 (반포동),A1100012,55,자동,차단,피부과
2026-10-01 01:00:01,서울특별시,A1100012,학교법인가톨릭학원가톨릭대학교서울성모병원,응급,Y000,응급실,"경증 환자 수용 불가, 신환 환자 사전 협의 필요",20260928130100,20261005130000,서울특별시 서초구 반포대로 222 (반포동),A1100012,56,자동,차단,혈액·종양내과
2026-10-01 01:00:01,서울특별시,A1100013,한양대학교병원,응급,Y000,응급실,성형외과 의료진 인력부족으로 단순 열상 환자 수용불가(심한 안면부 골절 불가능),20260930220000,20261001080000,서울특별시 성동구 왕십리로 222-1 (사근동),A1100013,57,자동,차단,성형외과
2026-10-01 01:00:01,서울특별시,A1100013,한양대학교병원,응급,Y000,응급실,피부과 의료진 인력부족으로 피부과 관련 환자 진료불가,20260930220000,20261001080000,서울특별시 성동구 왕십리로 222-1 (사근동),A1100013,58,자동,차단,피부과
2026-10-01 01:00:01,서울특별시,A1100013,한양대학교병원,응급,Y000,응급실,안과 의료진 인력부족으로 안과 관련 환자 진료불가,20260930220000,20261001070000,서울특별시 성동구 왕십리로 222-1 (사근동),A1100013,59,자동,차단,안과
2026-10-01 01:00:01,서울특별시,A1100013,한양대학교병원,응급,Y000,응급실,소아혈액종양내과 의료진 인력부족으로 관련 환자 진료불가,20260928090000,20261005090000,서울특별시 성동구 왕십리로 222-1 (사근동),A1100013,60,자동,차단,소아청소년과
2026-10-01 01:00:01,서울특별시,A1100013,한양대학교병원,응급,Y000,응급실,이비인후과 인력 부족으로 경부심재감염은 전원환자 수용불가,20260928090000,20261005090000,서울특별시 성동구 왕십리로 222-1 (사근동),A1100013,61,자동,차단,이비인후과
2026-10-01 01:00:01,서울특별시,A1100013,한양대학교병원,응급,Y000,응급실,소아신경분과 의료진 인력부족으로 관련 환자 진료불가,20260928090000,20261005090000,서울특별시 성동구 왕십리로 222-1 (사근동),A1100013,62,자동,차단,소아청소년과
2026-10-01 01:00:01,서울특별시,A1100013,한양대학교병원,응급,Y000,응급실,응급실 인력부족으로 중증외상환자 수용자제,20260928090000,20261005090000,서울특별시 성동구 왕십리로 222-1 (사근동),A1100013,63,자동,차단,응급실
2026-10-01 01:00:01,서울특별시,A1100013,한양대학교병원,응급,Y000,응급실,응급실 인력부족으로 중증외상환자 수용자제,20260928090000,20261005090000,서울특별시 성동구 왕십리로 222-1 (사근동),A1100013,64,자동,차단,응급실
2026-10-01 01:00:01,서울특별시,A1100013,한양대학교병원,응급,Y000,응급실,"응급실 인력부족으로 비응급, 경증환자 수용자제",20260928090000,20261005090000,서울특별시 성동구 왕십리로 222-1 (사근동),A1100013,65,자동,차단,응급실
2026-10-01 01:00:01,서울특별시,A1100014,고려대학교의과대학부속구로병원,응급,Y000,응급실,"이비인후과 - 평일 야간, 주말, 공휴일- 응급수술 및 진료, 전원 수용 불가",20260928100000,20261005095900,"서울특별시 구로구 구로동로 148, 고려대부속구로병원 (구로동)",A1100014,66,자동,차단,이비인후과
2026-10-01 01:00:01,서울특별시,A1100015,연세대학교의과대학강남세브란스병원,중증,Y0120,중증화상,불가능메세지등록,20260929000000,20261006000000,"서울특별시 강남구 언주로 211, 강남세브란스병원 (도곡동)",A1100015,67,자동,차단,
2026-10-01 01:00:01,서울특별시,A1100015,연세대학교의과대학강남세브란스병원,중증,Y0160,안과적 응급 수술,불가능메세지등록,20260929000000,20261006000000,"서울특별시 강남구 언주로 211, 강남세브란스병원 (도곡동)",A1100015,68,자동,차단,
2026-10-01 01:00:01,서울특별시,A1100016,인제대학교상계백병원,응급,Y000,응급실,[진료제한] 인력 부족으로 사전 문의 요망,20260929000000,20261005235900,"서울특별시 노원구 동일로 1342, 상계백병원 (상계동)",A1100016,69,자동,차단,산부인과
2026-10-01 01:00:01,서울특별시,A1100016,인제대학교상계백병원,응급,Y000,응급실,[진료제한] 인력 부족으로 사전 문의 요망,20260929000000,20261005235900,"서울특별시 노원구 동일로 1342, 상계백병원 (상계동)",A1100016,70,자동,차단,소아청소년과
2026-10-01 01:00:01,서울특별시,A1100016,인제대학교상계백병원,응급,Y000,응급실,"환자 수용 가능 (주말 10:00 ~ 22:00), 그 외 시간은 진료 제한",20260929000000,20261005235900,"서울특별시 노원구 동일로 1342, 상계백병원 (상계동)",A1100016,71,자동,차단,성형외과
2026-10-01 01:00:01,서울특별시,A1100016,인제대학교상계백병원,응급,Y000,응급실,"환자 수용 가능(월~목 24시간, 금 08:00 ~ 17:00), 그 외 시간은 진료 제한",20260929000000,20261005235900,"서울특별시 노원구 동일로 1342, 상계백병원 (상계동)",A1100016,72,자동,차단,치과
2026-10-01 01:00:01,서울특별시,A1100016,인제대학교상계백병원,응급,Y000,응급실,"환자 수용 가능(평일 09:00~20:00), 두경부 전문 인력 부족으로 진료 제한",20260929000000,20261005235900,"서울특별시 노원구 동일로 1342, 상계백병원 (상계동)",A1100016,73,자동,차단,이비인후과
2026-10-01 01:00:01,서울특별시,A1100016,인제대학교상계백병원,중증,Y0112,산부인과 응급(산과수술),의료진 부족으로 수용 어려움,20260929000000,20261005235900,"서울특별시 노원구 동일로 1342, 상계백병원 (상계동)",A1100016,74,자동,차단,
2026-10-01 01:00:01,서울특별시,A1100016,인제대학교상계백병원,중증,Y0111,산부인과 응급(분만),의료진 부족으로 수용 어려움,20260929000000,20261005235900,"서울특별시 노원구 동일로 1342, 상계백병원 (상계동)",A1100016,75,자동,차단,
2026-10-01 01:00:01,서울특별시,A1100016,인제대학교상계백병원,응급,Y000,응급실,"환자 수용 가능(평일 08:00 ~ 20:00), 그 외 시간은 진료 제한",20260929000000,20261005235900,"서울특별시 노원구 동일로 1342, 상계백병원 (상계동)",A1100016,76,자동,차단,안과
2026-10-01 01:00:01,서울특별시,A1100017,서울대학교병원,응급,Y000,응급실,비뇨의학과 : 신환 진료 불가,20260929000000,20261005235900,서울특별시 종로구 대학로 101 (연건동),A1100017,77,자동,차단,비뇨의학과
2026-10-01 01:00:01,서울특별시,A1100020,의료법인한전의료재단 한일병원,응급,Y000,응급실,18세 미만 단순 외상 제외한 환자 수용 불가,20261001000000,20261008235900,"서울특별시 도봉구 우이천로 308, 한일병원 (쌍문동)",A1100020,78,자동,차단,소아청소년과
2026-10-01 01:00:01,서울특별시,A1100021,삼육서울병원,응급,Y000,응급실,일-금 9-22시 까지 진료 가능. 토요일 진료 불가. 본원 안과 수술 환자는 진료 가능,20260930090000,20261007235900,서울특별시 동대문구 망우로 82 (휘경동),A1100021,79,자동,차단,안과
2026-10-01 01:00:01,서울특별시,A1100021,삼육서울병원,응급,Y000,응급실,"일과시간(일-목 9~17, 금9~12)이후 본원 치료중인 환자 이외 소아청소년과 입원불가, 응급의학과 의사에 의한 부분 진료 가능",20260928000000,20261005235900,서울특별시 동대문구 망우로 82 (휘경동),A1100021,80,자동,차단,소아청소년과
2026-10-01 01:00:01,서울특별시,A1100028,성심의료재단강동성심병원,응급,Y000,응급실,[순환기내과] 매주 수요일(평일) 6pm-익일 8am 시술불가,20260930180000,20261001080000,서울특별시 강동구 성안로 150 (길동),A1100028,81,자동,차단,순환기내과
2026-10-01 01:00:01,서울특별시,A1100028,성심의료재단강동성심병원,중증,Y0010,심근경색의 재관류중재술,시술 불가,20260930180000,20261001080000,서울특별시 강동구 성안로 150 (길동),A1100028,82,자동,차단,내과
2026-10-01 01:00:01,서울특별시,A1100028,성심의료재단강동성심병원,응급,Y000,응급실,"[피부과] 평일 07:00-22:00에만 진료(단,토요일은 24시간 진료)",20260928120000,20261005120000,서울특별시 강동구 성안로 150 (길동),A1100028,83,자동,차단,피부과
2026-10-01 01:00:01,서울특별시,A1100028,성심의료재단강동성심병원,응급,Y000,응급실,[안과] 08:00~22:00 진료가능,20260928120000,20261005120000,서울특별시 강동구 성안로 150 (길동),A1100028,84,자동,차단,안과
2026-10-01 01:00:01,서울특별시,A1100028,성심의료재단강동성심병원,응급,Y000,응급실,"[이비인후과] 일요일 8am이후, 월요일 8am~5pm이후 진료불가",20260928120000,20261005120000,서울특별시 강동구 성안로 150 (길동),A1100028,85,자동,차단,이비인후과
2026-10-01 01:00:01,서울특별시,A1100028,성심의료재단강동성심병원,응급,Y000,응급실,[성형외과] 평일 주간(08:00-17:00)에만 진료가능,20260928120000,20261005120000,서울특별시 강동구 성안로 150 (길동),A1100028,86,자동,차단,성형외과
2026-10-01 01:00:01,서울특별시,A1100028,성심의료재단강동성심병원,응급,Y000,응급실,*의료진 부족으로 119 내원시 모든 환자 사전 수용여부 확인 후 내원,20260928120000,20261005120000,서울특별시 강동구 성안로 150 (길동),A1100028,87,자동,차단,응급실
2026-10-01 01:00:01,서울특별시,A1100028,성심의료재단강동성심병원,응급,Y000,응급실,"[산부인과] 분만 관련 산모진료는 불가, 산과/부인과 수술은 평일 주간(08:00-17:00)만 진료가능",20260928120000,20261005120000,서울특별시 강동구 성안로 150 (길동),A1100028,88,자동,차단,산부인과
2026-10-01 01:00:01,서울특별시,A1100028,성심의료재단강동성심병원,응급,Y000,응급실,*인력부족으로 자살 사고 및 중독 진료불가,20260928120000,20261005120000,서울특별시 강동구 성안로 150 (길동),A1100028,89,자동,차단,기타 진료과
2026-10-01 01:00:01,서울특별시,A1100028,성심의료재단강동성심병원,응급,Y000,응급실,[정신건강의학과] 평일 주간(08:00-17:00)에만 진료가능,20260928120000,20261005120000,서울특별시 강동구 성안로 150 (길동),A1100028,90,자동,차단,정신건강의학과
2026-10-01 01:00:01,서울특별시,A1100028,성심의료재단강동성심병원,응급,Y000,응급실,[소아청소년과] 진료불가,20260928120000,20261005120000,서울특별시 강동구 성안로 150 (길동),A1100028,91,자동,차단,소아청소년과
2026-10-01 01:00:01,서울특별시,A1100041,의료법인서울효천의료재단 에이치플러스양지병원,응급,Y000,응급실,"흉부외과, 피부과, 안과, 치과 진료과 미개설로 인해 진료 불가합니다.",20261001000000,20261008235900,"서울특별시 관악구 남부순환로 1636, 양지병원 (신림동)",A1100041,92,자동,차단,기타 진료과
2026-10-01 01:00:01,서울특별시,A1100043,강동경희대학교병원,응급,Y000,응급실,의료진 부재로 인한 응급실 진료 불가,20260928000000,20261005235900,서울특별시 강동구 동남로 892 (상일동),A1100043,93,자동,차단,성형외과
2026-10-01 01:00:01,서울특별시,A1100043,강동경희대학교병원,응급,Y000,응급실,의료진 부재로 인한 응급실 진료 불가,20260928000000,20261005235900,서울특별시 강동구 동남로 892 (상일동),A1100043,94,자동,차단,정신건강의학과
2026-10-01 01:00:01,서울특별시,A1100043,강동경희대학교병원,응급,Y000,응급실,의료진 부재로 인한 응급실 진료 불가,20260928000000,20261005235900,서울특별시 강동구 동남로 892 (상일동),A1100043,95,자동,차단,치과
2026-10-01 01:00:01,서울특별시,A1100048,노원을지대학교병원,응급,Y000,응급실,안과 토요일 낮12시ㅡ월요일 08시까지 불가,20261001000000,20261004000000,"서울특별시 노원구 한글비석로 68, 을지병원 (하계동)",A1100048,96,자동,차단,안과
2026-10-01 01:00:01,서울특별시,A1100048,노원을지대학교병원,응급,Y000,응급실,응급실 119구급대원께서는 문의 후 이송 부탁드립니다,20261001000000,20261004000000,"서울특별시 노원구 한글비석로 68, 을지병원 (하계동)",A1100048,97,자동,차단,응급실
2026-10-01 01:00:01,서울특별시,A1100048,노원을지대학교병원,중증,Y0010,심근경색의 재관류중재술,"심근경색의 재관류중재술 야간(18:00 ~ 08:00),주말, 공휴일 불가",20261001000000,20261004000000,"서울특별시 노원구 한글비석로 68, 을지병원 (하계동)",A1100048,98,자동,차단,
2026-10-01 01:00:01,서울특별시,A1100048,노원을지대학교병원,중증,Y0082,위장관 응급내시경(영유아),"위장관 응급내시경(영유아) 야간(17:00 ~ 09:00), 주말, 공휴일 불가",20261001000000,20261004000000,"서울특별시 노원구 한글비석로 68, 을지병원 (하계동)",A1100048,99,자동,차단,
2026-10-01 01:00:01,서울특별시,A1100048,노원을지대학교병원,응급,Y000,응급실,"순환기내과 인력부족 CAG불가 야간(18:00 ~ 08:00까지 불가능), 주말, 공휴일 불가",20261001000000,20261004000000,"서울특별시 노원구 한글비석로 68, 을지병원 (하계동)",A1100048,100,자동,차단,순환기내과
2026-10-01 01:00:01,서울특별시,A1100048,노원을지대학교병원,응급,Y000,응급실,소아청소년과 24개월미만 진료불가,20261001000000,20261004000000,"서울특별시 노원구 한글비석로 68, 을지병원 (하계동)",A1100048,101,자동,차단,소아청소년과
2026-10-01 01:00:01,서울특별시,A1100048,노원을지대학교병원,중증,Y0091,기관지 응급내시경(성인),"기관지 응급내시경(성인) 야간(18:00 ~ 08:00) ,주말, 공휴일 불가",20261001000000,20261004000000,"서울특별시 노원구 한글비석로 68, 을지병원 (하계동)",A1100048,102,자동,차단,
2026-10-01 01:00:01,서울특별시,A1100048,노원을지대학교병원,응급,Y000,응급실,소아청소년과 진료가능 시간 (월~금 08:00 ~ 18:00) 이외 시간은 진료 불가,20261001000000,20261004000000,"서울특별시 노원구 한글비석로 68, 을지병원 (하계동)",A1100048,103,자동,차단,소아청소년과
2026-10-01 01:00:01,서울특별시,A1100051,혜민병원,중증,Y0032,뇌출혈수술(거미막하 출혈 외),불가능메세지등록,20260928000000,20261005000000,서울특별시 광진구 자양로 85 (자양동),A1100051,104,자동,차단,
2026-10-01 01:00:01,서울특별시,A1100051,혜민병원,중증,Y0051,담낭담관질환(담낭질환),불가능메세지등록,20260928000000,20261005000000,서울특별시 광진구 자양로 85 (자양동),A1100051,105,자동,차단,
2026-10-01 01:00:01,서울특별시,A1100053,한국보훈복지의료공단 중앙보훈병원,응급,Y000,응급실,내과계중환지실 부족으로 인해 내과계중환자 수용불가,20260928090000,20261005090000,서울특별시 강동구 진황도로61길 53 (둔촌동),A1100053,106,자동,차단,병상 또는 장비
2026-10-01 01:00:01,서울특별시,A1100054,성애의료재단성애병원,중증,Y0032,뇌출혈수술(거미막하 출혈 외),불가능메세지등록,20260930173000,20261001083000,"서울특별시 영등포구 여의대방로53길 22 (신길동, 성애병원)",A1100054,107,자동,차단,
2026-10-01 01:00:01,서울특별시,A1100223,서울특별시서남병원,중증,Y0051,담낭담관질환(담낭질환),ERCP 불가,20260930000000,20261007235900,서울특별시 양천구 신정이펜1로 20 (신정동),A1100223,108,자동,차단,
2026-10-01 01:00:01,서울특별시,A1100223,서울특별시서남병원,중증,Y0113,산부인과 응급(부인과수술),외래진료만 가능,20260930000000,20261007235900,서울특별시 양천구 신정이펜1로 20 (신정동),A1100223,109,자동,차단,
2026-10-01 01:00:01,서울특별시,A1120796,이화여자대학교의과대학부속서울병원,응급,Y000,응급실,"비뇨의학과 인력부재로 응급시술, 수술 불가",20260928230000,20261005230000,"서울특별시 강서구 공항대로 260, 이화의대부속서울병원 (마곡동)",A1120796,110,자동,차단,비뇨의학과
2026-10-01 01:00:01,서울특별시,A1120796,이화여자대학교의과대학부속서울병원,응급,Y000,응급실,"치과 인력부재로 주말, 공휴일, 소아 치과 진료 불가",20260928230000,20261005230000,"서울특별시 강서구 공항대로 260, 이화의대부속서울병원 (마곡동)",A1120796,111,자동,차단,치과
2026-10-01 01:00:01,서울특별시,A1120796,이화여자대학교의과대학부속서울병원,응급,Y000,응급실,피부과 인력부재로 진료 불가,20260928230000,20261005230000,"서울특별시 강서구 공항대로 260, 이화의대부속서울병원 (마곡동)",A1120796,112,자동,차단,피부과
2026-10-01 01:00:01,서울특별시,A1120796,이화여자대학교의과대학부속서울병원,응급,Y000,응급실,안과 인력부재로 진료 불가,20260928230000,20261005230000,"서울특별시 강서구 공항대로 260, 이화의대부속서울병원 (마곡동)",A1120796,113,자동,차단,안과
2026-10-01 01:00:01,서울특별시,A1120796,이화여자대학교의과대학부속서울병원,응급,Y000,응급실,이비인후과 인력부재로 진료 불가,20260928230000,20261005230000,"서울특별시 강서구 공항대로 260, 이화의대부속서울병원 (마곡동)",A1120796,114,자동,차단,이비인후과
2026-10-01 01:00:01,서울특별시,A1120796,이화여자대학교의과대학부속서울병원,응급,Y000,응급실,성형외과 인력부재로 응급실에서 성형외과 단순 봉합 불가,20260928230000,20261005230000,"서울특별시 강서구 공항대로 260, 이화의대부속서울병원 (마곡동)",A1120796,115,자동,차단,정형외과
2026-10-01 01:00:01,서울특별시,A1120796,이화여자대학교의과대학부속서울병원,응급,Y000,응급실,응급실에서 DI 환자 진료 불가,20260928230000,20261005230000,"서울특별시 강서구 공항대로 260, 이화의대부속서울병원 (마곡동)",A1120796,116,자동,차단,기타 진료과
2026-10-01 01:00:01,서울특별시,A1120796,이화여자대학교의과대학부속서울병원,응급,Y000,응급실,정신건강의학과 인력부재로 진료 불가,20260928230000,20261005230000,"서울특별시 강서구 공항대로 260, 이화의대부속서울병원 (마곡동)",A1120796,117,자동,차단,정신건강의학과
2026-10-01 01:00:01,서울특별시,A1121013,가톨릭대학교은평성모병원,응급,Y000,응급실,"심혈관질환 전용 핫라인: 010-7317-2540  (심장/대동맥수술, 급성심근경색, 심부전등)",20260928080000,20261005075900,서울특별시 은평구 통일로 1021 (진관동),A1121013,118,자동,차단,순환기내과
2026-10-01 01:00:01,서울특별시,A1121013,가톨릭대학교은평성모병원,응급,Y000,응급실,"금요일 18 시~일요일 18 시소아신경과 진료불가(소아신경 의사 부재/ 단 본원 소아신경 f/u환아는 소아응급실 진료있는 날 응급실에서 진료가능 ), 소아청소년과 중증환자 수용불가",20260928080000,20261005075900,서울특별시 은평구 통일로 1021 (진관동),A1121013,119,자동,차단,소아청소년과
2026-10-01 01:00:01,서울특별시,A1121013,가톨릭대학교은평성모병원,응급,Y000,응급실,치과  (응급실 진료불가 ),20260928080000,20261005075900,서울특별시 은평구 통일로 1021 (진관동),A1121013,120,자동,차단,치과
2026-10-01 01:00:01,서울특별시,A1121013,가톨릭대학교은평성모병원,응급,Y000,응급실,정신건강의학과(응급실 진료불가),20260928080000,20261005075900,서울특별시 은평구 통일로 1021 (진관동),A1121013,121,자동,차단,정신건강의학과
2026-10-01 01:00:01,경기도,A2100001,분당서울대학교병원,응급,Y000,응급실,"[감염내과] 경증코로나, 단순 봉와직염 수용 불가능",20260930000000,20261007235900,"경기도 성남시 분당구 구미로173번길 82 (구미동, 분당서울대학교병원)",A2100001,1,자동,차단,감염내과
2026-10-01 01:00:01,경기도,A2100001,분당서울대학교병원,응급,Y000,응급실,[정형외과] 사지접합술 제외한 응급수술 가능,20260930000000,20261007235900,"경기도 성남시 분당구 구미로173번길 82 (구미동, 분당서울대학교병원)",A2100001,2,자동,차단,정형외과
2026-10-01 01:00:01,경기도,A2100001,분당서울대학교병원,응급,Y000,응급실,"[산부인과/산과] 임신 14주 이내 복통, 출혈, 유산의심, 단순 태아 심박동 확인 수용 불가능(원내 직원 포함)",20260930000000,20261007235900,"경기도 성남시 분당구 구미로173번길 82 (구미동, 분당서울대학교병원)",A2100001,3,자동,차단,산부인과
2026-10-01 01:00:01,경기도,A2100001,분당서울대학교병원,응급,Y000,응급실,"[류마티스내과] 통풍 신초진환자 수용불가, 단 본과 기 진료환자 수용가능",20260930000000,20261007235900,"경기도 성남시 분당구 구미로173번길 82 (구미동, 분당서울대학교병원)",A2100001,4,자동,차단,류마티스내과
2026-10-01 01:00:01,경기도,A2100001,분당서울대학교병원,응급,Y000,응급실,[신경외과] 경증 두부외상 수용 불가능,20260930000000,20261007235900,"경기도 성남시 분당구 구미로173번길 82 (구미동, 분당서울대학교병원)",A2100001,5,자동,차단,신경외과
2026-10-01 01:00:01,경기도,A2100001,분당서울대학교병원,응급,Y000,응급실,"[비뇨의학과] 응급수술 불가능(고환염전, 골반내 비뇨기외상,신장외상,지속발기증 등)",20260930000000,20261007235900,"경기도 성남시 분당구 구미로173번길 82 (구미동, 분당서울대학교병원)",A2100001,6,자동,차단,비뇨의학과
2026-10-01 01:00:01,경기도,A2100001,분당서울대학교병원,응급,Y000,응급실,"[소아청소년과] 소아위장관 정규 내시경 화 오전만 가능, 단순 위장관염 수용 불가능",20260930000000,20261007235900,"경기도 성남시 분당구 구미로173번길 82 (구미동, 분당서울대학교병원)",A2100001,7,자동,차단,소아청소년과
2026-10-01 01:00:01,경기도,A2100001,분당서울대학교병원,응급,Y000,응급실,"[호흡기내과] 활력징후 안정적인 단순 폐렴, 본원 호흡기 f/u한 적 없는 요양병원 장기입원 환자의 폐렴환자 수용불가",20260930000000,20261007235900,"경기도 성남시 분당구 구미로173번길 82 (구미동, 분당서울대학교병원)",A2100001,8,자동,차단,호흡기내과
2026-10-01 01:00:01,경기도,A2100001,분당서울대학교병원,응급,Y000,응급실,"[혈액종양내과] 타원 진료 중인 암 환자, 호스피스/연고지 목적으로 내원하는 환자 수용불가능",20260930000000,20261007235900,"경기도 성남시 분당구 구미로173번길 82 (구미동, 분당서울대학교병원)",A2100001,9,자동,차단,혈액·종양내과
2026-10-01 01:00:01,경기도,A2100001,분당서울대학교병원,응급,Y000,응급실,"[신장내과] 단순 요로감염, 합병증 없는 신우신염 수용 불가능",20260930000000,20261007235900,"경기도 성남시 분당구 구미로173번길 82 (구미동, 분당서울대학교병원)",A2100001,10,자동,차단,신장내과
2026-10-01 01:00:01,경기도,A2100001,분당서울대학교병원,응급,Y000,응급실,[소아청소년과] 생후 28일 이내 신생아 평일 8A~5P 진료가능 이외 주말 및 공휴일 수용불가능,20260930000000,20261007235900,"경기도 성남시 분당구 구미로173번길 82 (구미동, 분당서울대학교병원)",A2100001,11,자동,차단,소아청소년과
2026-10-01 01:00:01,경기도,A2100001,분당서울대학교병원,응급,Y000,응급실,[정신건강의학과] 정신과적 응급입원 평일 9A~6P만 가능 이외 주말 및 공휴일 수용불가능,20260930000000,20261007235900,"경기도 성남시 분당구 구미로173번길 82 (구미동, 분당서울대학교병원)",A2100001,12,자동,차단,정신건강의학과
2026-10-01 01:00:01,경기도,A2100001,분당서울대학교병원,응급,Y000,응급실,"[성형외과] 성형외과적 봉합은 안면부 깊은 열상 또는 혈관,신경,힘줄 손상이 의심되는 수부 열상만 가능(이외 불가)",20260930000000,20261007235900,"경기도 성남시 분당구 구미로173번길 82 (구미동, 분당서울대학교병원)",A2100001,13,자동,차단,성형외과
2026-10-01 01:00:01,경기도,A2100001,분당서울대학교병원,응급,Y000,응급실,"[안과] 주중 8A~10P, 주말 및 공휴일 8A~8P 진료가능",20260930000000,20261007235900,"경기도 성남시 분당구 구미로173번길 82 (구미동, 분당서울대학교병원)",A2100001,14,자동,차단,안과
2026-10-01 01:00:01,경기도,A2100002,아주대학교병원,응급,Y000,응급실,이비인후과 두경부파트 진료 제한(정규 시간 외 17시~08시),20260930000000,20261007235900,경기도 수원시 영통구 월드컵로 164 (원천동),A2100002,15,자동,차단,이비인후과
2026-10-01 01:00:01,경기도,A2100002,아주대학교병원,응급,Y000,응급실,소아 비뇨의학과/소화기내과 관련 내원 시 사전 문의 필수,20260930000000,20261007235900,경기도 수원시 영통구 월드컵로 164 (원천동),A2100002,16,자동,차단,소아청소년과
2026-10-01 01:00:01,경기도,A2100003,고려대학교의과대학부속안산병원,응급,Y000,응급실,[안과] 과 내 사정으로 토요일 협진 제한,20260928120000,20261002120000,경기도 안산시 단원구 적금로 123 (고잔동),A2100003,17,자동,차단,안과
2026-10-01 01:00:01,경기도,A2100003,고려대학교의과대학부속안산병원,응급,Y000,응급실,"[소아과] 호흡기분과 제한적 입원, 혈액종양분과 입원 불가, 중환자실 입실 불가",20260928120000,20261002120000,경기도 안산시 단원구 적금로 123 (고잔동),A2100003,18,자동,차단,소아청소년과
2026-10-01 01:00:01,경기도,A2100005,순천향대학교부속부천병원,중증,Y0100,저출생체중아,시설공사로 19병상으로 축소운영.  신환수용 불가.,20260928150000,20261005180000,"경기도 부천시 원미구 조마루로 170, 부흥로 173(1층일부) (중동)",A2100005,19,자동,차단,소아청소년과
2026-10-01 01:00:01,경기도,A2100012,가톨릭대학교성빈센트병원,응급,Y000,응급실,불가능메세지등록,20260930170000,20261001080000,경기도 수원시 팔달구 중부대로 93 (지동),A2100012,20,자동,차단,신경과
2026-10-01 01:00:01,경기도,A2100012,가톨릭대학교성빈센트병원,응급,Y000,응급실,"간,담,췌장 파트 신환진료 불가",20260924080100,20261001080000,경기도 수원시 팔달구 중부대로 93 (지동),A2100012,21,자동,차단,소화기내과
2026-10-01 01:00:01,경기도,A2100015,효산의료재단안양샘병원,응급,Y000,응급실,"평일 08시~18시, 토요일 08~13시 이외 진료 불가(24개월 미만 진료불가)",20260924080000,20261001080000,"경기도 안양시 만안구 삼덕로 9 (안양동, 안양샘병원)",A2100015,22,자동,차단,소아청소년과
2026-10-01 01:00:01,경기도,A2100018,의료법인은혜와감사의료재단화성중앙종합병원,중증,Y0010,심근경색의 재관류중재술,불가능메세지등록,20260930000000,20261005000000,경기도 화성시 만세구 향남읍 발안로 5,A2100018,23,자동,차단,
2026-10-01 01:00:01,경기도,A2100018,의료법인은혜와감사의료재단화성중앙종합병원,중증,Y0020,뇌경색의 재관류중재술,불가능메세지등록,20260930000000,20261005000000,경기도 화성시 만세구 향남읍 발안로 5,A2100018,24,자동,차단,
2026-10-01 01:00:01,경기도,A2100018,의료법인은혜와감사의료재단화성중앙종합병원,중증,Y0031,뇌출혈수술(거미막하 출혈),불가능메세지등록,20260930000000,20261005000000,경기도 화성시 만세구 향남읍 발안로 5,A2100018,25,자동,차단,
2026-10-01 01:00:01,경기도,A2100018,의료법인은혜와감사의료재단화성중앙종합병원,중증,Y0032,뇌출혈수술(거미막하 출혈 외),불가능메세지등록,20260930000000,20261005000000,경기도 화성시 만세구 향남읍 발안로 5,A2100018,26,자동,차단,신경외과
2026-10-01 01:00:01,경기도,A2100018,의료법인은혜와감사의료재단화성중앙종합병원,중증,Y0041,대동맥응급(흉부),불가능메세지등록,20260930000000,20261005000000,경기도 화성시 만세구 향남읍 발안로 5,A2100018,27,자동,차단,
2026-10-01 01:00:01,경기도,A2100018,의료법인은혜와감사의료재단화성중앙종합병원,중증,Y0042,대동맥응급(복부),불가능메세지등록,20260930000000,20261005000000,경기도 화성시 만세구 향남읍 발안로 5,A2100018,28,자동,차단,
2026-10-01 01:00:01,경기도,A2100018,의료법인은혜와감사의료재단화성중앙종합병원,중증,Y0051,담낭담관질환(담낭질환),불가능메세지등록,20260930000000,20261005000000,경기도 화성시 만세구 향남읍 발안로 5,A2100018,29,자동,차단,
2026-10-01 01:00:01,경기도,A2100018,의료법인은혜와감사의료재단화성중앙종합병원,중증,Y0052,담낭담관질환(담도포함질환),불가능메세지등록,20260930000000,20261005000000,경기도 화성시 만세구 향남읍 발안로 5,A2100018,30,자동,차단,
2026-10-01 01:00:01,경기도,A2100018,의료법인은혜와감사의료재단화성중앙종합병원,중증,Y0060,복부응급수술(비외상),불가능메세지등록,20260930000000,20261005000000,경기도 화성시 만세구 향남읍 발안로 5,A2100018,31,자동,차단,
2026-10-01 01:00:01,경기도,A2100018,의료법인은혜와감사의료재단화성중앙종합병원,중증,Y0070,장중첩/폐색(유아),불가능메세지등록,20260930000000,20261005000000,경기도 화성시 만세구 향남읍 발안로 5,A2100018,32,자동,차단,
2026-10-01 01:00:01,경기도,A2100018,의료법인은혜와감사의료재단화성중앙종합병원,중증,Y0081,위장관 응급내시경(성인),불가능메세지등록,20260930000000,20261005000000,경기도 화성시 만세구 향남읍 발안로 5,A2100018,33,자동,차단,내과
2026-10-01 01:00:01,경기도,A2100018,의료법인은혜와감사의료재단화성중앙종합병원,중증,Y0082,위장관 응급내시경(영유아),불가능메세지등록,20260930000000,20261005000000,경기도 화성시 만세구 향남읍 발안로 5,A2100018,34,자동,차단,
2026-10-01 01:00:01,경기도,A2100018,의료법인은혜와감사의료재단화성중앙종합병원,중증,Y0091,기관지 응급내시경(성인),불가능메세지등록,20260930000000,20261005000000,경기도 화성시 만세구 향남읍 발안로 5,A2100018,35,자동,차단,
2026-10-01 01:00:01,경기도,A2100018,의료법인은혜와감사의료재단화성중앙종합병원,중증,Y0092,기관지 응급내시경(영유아),불가능메세지등록,20260930000000,20261005000000,경기도 화성시 만세구 향남읍 발안로 5,A2100018,36,자동,차단,
2026-10-01 01:00:01,경기도,A2100018,의료법인은혜와감사의료재단화성중앙종합병원,중증,Y0100,저출생체중아,불가능메세지등록,20260930000000,20261005000000,경기도 화성시 만세구 향남읍 발안로 5,A2100018,37,자동,차단,
2026-10-01 01:00:01,경기도,A2100018,의료법인은혜와감사의료재단화성중앙종합병원,중증,Y0111,산부인과 응급(분만),불가능메세지등록,20260930000000,20261005000000,경기도 화성시 만세구 향남읍 발안로 5,A2100018,38,자동,차단,
2026-10-01 01:00:01,경기도,A2100018,의료법인은혜와감사의료재단화성중앙종합병원,중증,Y0112,산부인과 응급(산과수술),불가능메세지등록,20260930000000,20261005000000,경기도 화성시 만세구 향남읍 발안로 5,A2100018,39,자동,차단,
2026-10-01 01:00:01,경기도,A2100018,의료법인은혜와감사의료재단화성중앙종합병원,중증,Y0113,산부인과 응급(부인과수술),불가능메세지등록,20260930000000,20261005000000,경기도 화성시 만세구 향남읍 발안로 5,A2100018,40,자동,차단,
2026-10-01 01:00:01,경기도,A2100018,의료법인은혜와감사의료재단화성중앙종합병원,중증,Y0120,중증화상,불가능메세지등록,20260930000000,20261005000000,경기도 화성시 만세구 향남읍 발안로 5,A2100018,41,자동,차단,
2026-10-01 01:00:01,경기도,A2100018,의료법인은혜와감사의료재단화성중앙종합병원,중증,Y0131,수족지접합,불가능메세지등록,20260930000000,20261005000000,경기도 화성시 만세구 향남읍 발안로 5,A2100018,42,자동,차단,
2026-10-01 01:00:01,경기도,A2100018,의료법인은혜와감사의료재단화성중앙종합병원,중증,Y0132,수족지접합 외,불가능메세지등록,20260930000000,20261005000000,경기도 화성시 만세구 향남읍 발안로 5,A2100018,43,자동,차단,
2026-10-01 01:00:01,경기도,A2100018,의료법인은혜와감사의료재단화성중앙종합병원,중증,Y0141,응급투석(HD),불가능메세지등록,20260930000000,20261005000000,경기도 화성시 만세구 향남읍 발안로 5,A2100018,44,자동,차단,
2026-10-01 01:00:01,경기도,A2100018,의료법인은혜와감사의료재단화성중앙종합병원,중증,Y0142,응급투석(CRRT),불가능메세지등록,20260930000000,20261005000000,경기도 화성시 만세구 향남읍 발안로 5,A2100018,45,자동,차단,
2026-10-01 01:00:01,경기도,A2100018,의료법인은혜와감사의료재단화성중앙종합병원,중증,Y0150,정신과적 응급입원,불가능메세지등록,20260930000000,20261005000000,경기도 화성시 만세구 향남읍 발안로 5,A2100018,46,자동,차단,
2026-10-01 01:00:01,경기도,A2100018,의료법인은혜와감사의료재단화성중앙종합병원,중증,Y0160,안과적 응급 수술,불가능메세지등록,20260930000000,20261005000000,경기도 화성시 만세구 향남읍 발안로 5,A2100018,47,자동,차단,
2026-10-01 01:00:01,경기도,A2100018,의료법인은혜와감사의료재단화성중앙종합병원,중증,Y0171,영상의학혈관중재(성인),불가능메세지등록,20260930000000,20261005000000,경기도 화성시 만세구 향남읍 발안로 5,A2100018,48,자동,차단,
2026-10-01 01:00:01,경기도,A2100018,의료법인은혜와감사의료재단화성중앙종합병원,중증,Y0172,영상의학혈관중재(영유아),불가능메세지등록,20260930000000,20261005000000,경기도 화성시 만세구 향남읍 발안로 5,A2100018,49,자동,차단,
2026-10-01 01:00:01,경기도,A2100018,의료법인은혜와감사의료재단화성중앙종합병원,중증,Y0010,심근경색의 재관류중재술,불가능메세지등록,20260930000000,20261005000000,경기도 화성시 만세구 향남읍 발안로 5,A2100018,50,자동,차단,
2026-10-01 01:00:01,경기도,A2100018,의료법인은혜와감사의료재단화성중앙종합병원,중증,Y0020,뇌경색의 재관류중재술,불가능메세지등록,20260930000000,20261005000000,경기도 화성시 만세구 향남읍 발안로 5,A2100018,51,자동,차단,
2026-10-01 01:00:01,경기도,A2100018,의료법인은혜와감사의료재단화성중앙종합병원,중증,Y0031,뇌출혈수술(거미막하 출혈),불가능메세지등록,20260930000000,20261005000000,경기도 화성시 만세구 향남읍 발안로 5,A2100018,52,자동,차단,
2026-10-01 01:00:01,경기도,A2100018,의료법인은혜와감사의료재단화성중앙종합병원,중증,Y0032,뇌출혈수술(거미막하 출혈 외),불가능메세지등록,20260930000000,20261005000000,경기도 화성시 만세구 향남읍 발안로 5,A2100018,53,자동,차단,신경외과
2026-10-01 01:00:01,경기도,A2100018,의료법인은혜와감사의료재단화성중앙종합병원,중증,Y0041,대동맥응급(흉부),불가능메세지등록,20260930000000,20261005000000,경기도 화성시 만세구 향남읍 발안로 5,A2100018,54,자동,차단,
2026-10-01 01:00:01,경기도,A2100018,의료법인은혜와감사의료재단화성중앙종합병원,중증,Y0042,대동맥응급(복부),불가능메세지등록,20260930000000,20261005000000,경기도 화성시 만세구 향남읍 발안로 5,A2100018,55,자동,차단,
2026-10-01 01:00:01,경기도,A2100018,의료법인은혜와감사의료재단화성중앙종합병원,중증,Y0051,담낭담관질환(담낭질환),불가능메세지등록,20260930000000,20261005000000,경기도 화성시 만세구 향남읍 발안로 5,A2100018,56,자동,차단,
2026-10-01 01:00:01,경기도,A2100018,의료법인은혜와감사의료재단화성중앙종합병원,중증,Y0052,담낭담관질환(담도포함질환),불가능메세지등록,20260930000000,20261005000000,경기도 화성시 만세구 향남읍 발안로 5,A2100018,57,자동,차단,
2026-10-01 01:00:01,경기도,A2100018,의료법인은혜와감사의료재단화성중앙종합병원,중증,Y0060,복부응급수술(비외상),불가능메세지등록,20260930000000,20261005000000,경기도 화성시 만세구 향남읍 발안로 5,A2100018,58,자동,차단,
2026-10-01 01:00:01,경기도,A2100018,의료법인은혜와감사의료재단화성중앙종합병원,중증,Y0070,장중첩/폐색(유아),불가능메세지등록,20260930000000,20261005000000,경기도 화성시 만세구 향남읍 발안로 5,A2100018,59,자동,차단,
2026-10-01 01:00:01,경기도,A2100018,의료법인은혜와감사의료재단화성중앙종합병원,중증,Y0081,위장관 응급내시경(성인),불가능메세지등록,20260930000000,20261005000000,경기도 화성시 만세구 향남읍 발안로 5,A2100018,60,자동,차단,내과
2026-10-01 01:00:01,경기도,A2100018,의료법인은혜와감사의료재단화성중앙종합병원,중증,Y0082,위장관 응급내시경(영유아),불가능메세지등록,20260930000000,20261005000000,경기도 화성시 만세구 향남읍 발안로 5,A2100018,61,자동,차단,
2026-10-01 01:00:01,경기도,A2100018,의료법인은혜와감사의료재단화성중앙종합병원,중증,Y0091,기관지 응급내시경(성인),불가능메세지등록,20260930000000,20261005000000,경기도 화성시 만세구 향남읍 발안로 5,A2100018,62,자동,차단,
2026-10-01 01:00:01,경기도,A2100018,의료법인은혜와감사의료재단화성중앙종합병원,중증,Y0092,기관지 응급내시경(영유아),불가능메세지등록,20260930000000,20261005000000,경기도 화성시 만세구 향남읍 발안로 5,A2100018,63,자동,차단,
2026-10-01 01:00:01,경기도,A2100018,의료법인은혜와감사의료재단화성중앙종합병원,중증,Y0100,저출생체중아,불가능메세지등록,20260930000000,20261005000000,경기도 화성시 만세구 향남읍 발안로 5,A2100018,64,자동,차단,
2026-10-01 01:00:01,경기도,A2100018,의료법인은혜와감사의료재단화성중앙종합병원,중증,Y0111,산부인과 응급(분만),불가능메세지등록,20260930000000,20261005000000,경기도 화성시 만세구 향남읍 발안로 5,A2100018,65,자동,차단,
2026-10-01 01:00:01,경기도,A2100018,의료법인은혜와감사의료재단화성중앙종합병원,중증,Y0112,산부인과 응급(산과수술),불가능메세지등록,20260930000000,20261005000000,경기도 화성시 만세구 향남읍 발안로 5,A2100018,66,자동,차단,
2026-10-01 01:00:01,경기도,A2100018,의료법인은혜와감사의료재단화성중앙종합병원,중증,Y0113,산부인과 응급(부인과수술),불가능메세지등록,20260930000000,20261005000000,경기도 화성시 만세구 향남읍 발안로 5,A2100018,67,자동,차단,
2026-10-01 01:00:01,경기도,A2100018,의료법인은혜와감사의료재단화성중앙종합병원,중증,Y0120,중증화상,불가능메세지등록,20260930000000,20261005000000,경기도 화성시 만세구 향남읍 발안로 5,A2100018,68,자동,차단,
2026-10-01 01:00:01,경기도,A2100018,의료법인은혜와감사의료재단화성중앙종합병원,중증,Y0131,수족지접합,불가능메세지등록,20260930000000,20261005000000,경기도 화성시 만세구 향남읍 발안로 5,A2100018,69,자동,차단,
2026-10-01 01:00:01,경기도,A2100018,의료법인은혜와감사의료재단화성중앙종합병원,중증,Y0132,수족지접합 외,불가능메세지등록,20260930000000,20261005000000,경기도 화성시 만세구 향남읍 발안로 5,A2100018,70,자동,차단,
2026-10-01 01:00:01,경기도,A2100018,의료법인은혜와감사의료재단화성중앙종합병원,중증,Y0141,응급투석(HD),불가능메세지등록,20260930000000,20261005000000,경기도 화성시 만세구 향남읍 발안로 5,A2100018,71,자동,차단,
2026-10-01 01:00:01,경기도,A2100018,의료법인은혜와감사의료재단화성중앙종합병원,중증,Y0142,응급투석(CRRT),불가능메세지등록,20260930000000,20261005000000,경기도 화성시 만세구 향남읍 발안로 5,A2100018,72,자동,차단,
2026-10-01 01:00:01,경기도,A2100018,의료법인은혜와감사의료재단화성중앙종합병원,중증,Y0150,정신과적 응급입원,불가능메세지등록,20260930000000,20261005000000,경기도 화성시 만세구 향남읍 발안로 5,A2100018,73,자동,차단,
2026-10-01 01:00:01,경기도,A2100018,의료법인은혜와감사의료재단화성중앙종합병원,중증,Y0160,안과적 응급 수술,불가능메세지등록,20260930000000,20261005000000,경기도 화성시 만세구 향남읍 발안로 5,A2100018,74,자동,차단,
2026-10-01 01:00:01,경기도,A2100018,의료법인은혜와감사의료재단화성중앙종합병원,중증,Y0171,영상의학혈관중재(성인),불가능메세지등록,20260930000000,20261005000000,경기도 화성시 만세구 향남읍 발안로 5,A2100018,75,자동,차단,
2026-10-01 01:00:01,경기도,A2100018,의료법인은혜와감사의료재단화성중앙종합병원,중증,Y0172,영상의학혈관중재(영유아),불가능메세지등록,20260930000000,20261005000000,경기도 화성시 만세구 향남읍 발안로 5,A2100018,76,자동,차단,
2026-10-01 01:00:01,경기도,A2100018,의료법인은혜와감사의료재단화성중앙종합병원,중증,Y0010,심근경색의 재관류중재술,불가능메세지등록,20260930000000,20261005055900,경기도 화성시 만세구 향남읍 발안로 5,A2100018,77,자동,차단,
2026-10-01 01:00:01,경기도,A2100018,의료법인은혜와감사의료재단화성중앙종합병원,중증,Y0020,뇌경색의 재관류중재술,불가능메세지등록,20260930000000,20261005235900,경기도 화성시 만세구 향남읍 발안로 5,A2100018,78,자동,차단,
2026-10-01 01:00:01,경기도,A2100018,의료법인은혜와감사의료재단화성중앙종합병원,중증,Y0031,뇌출혈수술(거미막하 출혈),불가능메세지등록,20260930000000,20261005235900,경기도 화성시 만세구 향남읍 발안로 5,A2100018,79,자동,차단,
2026-10-01 01:00:01,경기도,A2100018,의료법인은혜와감사의료재단화성중앙종합병원,중증,Y0032,뇌출혈수술(거미막하 출혈 외),불가능메세지등록,20260930000000,20261005235900,경기도 화성시 만세구 향남읍 발안로 5,A2100018,80,자동,차단,신경외과
2026-10-01 01:00:01,경기도,A2100018,의료법인은혜와감사의료재단화성중앙종합병원,중증,Y0041,대동맥응급(흉부),불가능메세지등록,20260930000000,20261005235900,경기도 화성시 만세구 향남읍 발안로 5,A2100018,81,자동,차단,
2026-10-01 01:00:01,경기도,A2100018,의료법인은혜와감사의료재단화성중앙종합병원,중증,Y0042,대동맥응급(복부),불가능메세지등록,20260930000000,20261005235900,경기도 화성시 만세구 향남읍 발안로 5,A2100018,82,자동,차단,
2026-10-01 01:00:01,경기도,A2100018,의료법인은혜와감사의료재단화성중앙종합병원,중증,Y0051,담낭담관질환(담낭질환),불가능메세지등록,20260930000000,20261005235900,경기도 화성시 만세구 향남읍 발안로 5,A2100018,83,자동,차단,
2026-10-01 01:00:01,경기도,A2100018,의료법인은혜와감사의료재단화성중앙종합병원,중증,Y0052,담낭담관질환(담도포함질환),불가능메세지등록,20260930000000,20261005235900,경기도 화성시 만세구 향남읍 발안로 5,A2100018,84,자동,차단,
2026-10-01 01:00:01,경기도,A2100018,의료법인은혜와감사의료재단화성중앙종합병원,중증,Y0060,복부응급수술(비외상),불가능메세지등록,20260930000000,20261005235900,경기도 화성시 만세구 향남읍 발안로 5,A2100018,85,자동,차단,
2026-10-01 01:00:01,경기도,A2100018,의료법인은혜와감사의료재단화성중앙종합병원,중증,Y0081,위장관 응급내시경(성인),불가능메세지등록,20260930000000,20261005215900,경기도 화성시 만세구 향남읍 발안로 5,A2100018,86,자동,차단,내과
2026-10-01 01:00:01,경기도,A2100018,의료법인은혜와감사의료재단화성중앙종합병원,중증,Y0082,위장관 응급내시경(영유아),불가능메세지등록,20260930000000,20261005235900,경기도 화성시 만세구 향남읍 발안로 5,A2100018,87,자동,차단,
2026-10-01 01:00:01,경기도,A2100018,의료법인은혜와감사의료재단화성중앙종합병원,중증,Y0091,기관지 응급내시경(성인),불가능메세지등록,20260930000000,20261005235900,경기도 화성시 만세구 향남읍 발안로 5,A2100018,88,자동,차단,
2026-10-01 01:00:01,경기도,A2100018,의료법인은혜와감사의료재단화성중앙종합병원,중증,Y0092,기관지 응급내시경(영유아),불가능메세지등록,20260930000000,20261005235900,경기도 화성시 만세구 향남읍 발안로 5,A2100018,89,자동,차단,
2026-10-01 01:00:01,경기도,A2100018,의료법인은혜와감사의료재단화성중앙종합병원,중증,Y0100,저출생체중아,불가능메세지등록,20260930000000,20261005235900,경기도 화성시 만세구 향남읍 발안로 5,A2100018,90,자동,차단,
2026-10-01 01:00:01,경기도,A2100018,의료법인은혜와감사의료재단화성중앙종합병원,중증,Y0111,산부인과 응급(분만),불가능메세지등록,20260930000000,20261005235900,경기도 화성시 만세구 향남읍 발안로 5,A2100018,91,자동,차단,
2026-10-01 01:00:01,경기도,A2100018,의료법인은혜와감사의료재단화성중앙종합병원,중증,Y0112,산부인과 응급(산과수술),불가능메세지등록,20260930000000,20261005235900,경기도 화성시 만세구 향남읍 발안로 5,A2100018,92,자동,차단,
2026-10-01 01:00:01,경기도,A2100018,의료법인은혜와감사의료재단화성중앙종합병원,중증,Y0113,산부인과 응급(부인과수술),불가능메세지등록,20260930000000,20261005235900,경기도 화성시 만세구 향남읍 발안로 5,A2100018,93,자동,차단,
2026-10-01 01:00:01,경기도,A2100018,의료법인은혜와감사의료재단화성중앙종합병원,중증,Y0120,중증화상,불가능메세지등록,20260930000000,20261005235900,경기도 화성시 만세구 향남읍 발안로 5,A2100018,94,자동,차단,
2026-10-01 01:00:01,경기도,A2100018,의료법인은혜와감사의료재단화성중앙종합병원,중증,Y0131,수족지접합,불가능메세지등록,20260930000000,20261005235900,경기도 화성시 만세구 향남읍 발안로 5,A2100018,95,자동,차단,
2026-10-01 01:00:01,경기도,A2100018,의료법인은혜와감사의료재단화성중앙종합병원,중증,Y0132,수족지접합 외,불가능메세지등록,20260930000000,20261005235900,경기도 화성시 만세구 향남읍 발안로 5,A2100018,96,자동,차단,
2026-10-01 01:00:01,경기도,A2100018,의료법인은혜와감사의료재단화성중앙종합병원,중증,Y0141,응급투석(HD),불가능메세지등록,20260930000000,20261005235900,경기도 화성시 만세구 향남읍 발안로 5,A2100018,97,자동,차단,
2026-10-01 01:00:01,경기도,A2100018,의료법인은혜와감사의료재단화성중앙종합병원,중증,Y0142,응급투석(CRRT),불가능메세지등록,20260930000000,20261005235900,경기도 화성시 만세구 향남읍 발안로 5,A2100018,98,자동,차단,
2026-10-01 01:00:01,경기도,A2100018,의료법인은혜와감사의료재단화성중앙종합병원,중증,Y0150,정신과적 응급입원,불가능메세지등록,20260930000000,20261005235900,경기도 화성시 만세구 향남읍 발안로 5,A2100018,99,자동,차단,
2026-10-01 01:00:01,경기도,A2100018,의료법인은혜와감사의료재단화성중앙종합병원,중증,Y0160,안과적 응급 수술,불가능메세지등록,20260930000000,20261005235900,경기도 화성시 만세구 향남읍 발안로 5,A2100018,100,자동,차단,
2026-10-01 01:00:01,경기도,A2100018,의료법인은혜와감사의료재단화성중앙종합병원,중증,Y0171,영상의학혈관중재(성인),불가능메세지등록,20260930000000,20261005235900,경기도 화성시 만세구 향남읍 발안로 5,A2100018,101,자동,차단,
2026-10-01 01:00:01,경기도,A2100018,의료법인은혜와감사의료재단화성중앙종합병원,중증,Y0172,영상의학혈관중재(영유아),불가능메세지등록,20260930000000,20261005235900,경기도 화성시 만세구 향남읍 발안로 5,A2100018,102,자동,차단,
2026-10-01 01:00:01,경기도,A2100018,의료법인은혜와감사의료재단화성중앙종합병원,중증,Y0070,장중첩/폐색(유아),불가능메세지등록,20260929000000,20261005235900,경기도 화성시 만세구 향남읍 발안로 5,A2100018,103,자동,차단,
2026-10-01 01:00:01,경기도,A2100020,연세대학교의과대학용인세브란스병원,응급,Y000,응급실,소아외상환자 수용 가능,20260930170000,20261001090000,경기도 용인시 기흥구 동백죽전대로 363 (중동),A2100020,104,자동,차단,소아청소년과
2026-10-01 01:00:01,경기도,A2100025,대진의료재단분당제생병원,응급,Y000,응급실,"전화문의(주말 및 휴일 24시간, 평일 저녁6시~오전8시까지 진료가 일부 제한됨)",20260930000000,20261007000000,경기도 성남시 분당구 서현로180번길 20 (서현동),A2100025,105,자동,차단,신경과
2026-10-01 01:00:01,경기도,A2100025,대진의료재단분당제생병원,응급,Y000,응급실,내분비내과환자 입원불가,20260930000000,20261007000000,경기도 성남시 분당구 서현로180번길 20 (서현동),A2100025,106,자동,차단,내분비내과
2026-10-01 01:00:01,경기도,A2100025,대진의료재단분당제생병원,응급,Y000,응급실,12개월 이상 경증 소아부터 수용 가능(소아 중증 외상 불가),20260930000000,20261007000000,경기도 성남시 분당구 서현로180번길 20 (서현동),A2100025,107,자동,차단,소아청소년과
2026-10-01 01:00:01,경기도,A2100030,차의과학대학교분당차병원,응급,Y000,응급실,<소아전문응급의료센터> 소아 비뇨기과 응급수술 불가,20260928080400,20261005130000,경기도 성남시 분당구 야탑로 59 (야탑동),A2100030,108,자동,차단,비뇨의학과
2026-10-01 01:00:01,경기도,A2100033,국민건강보험공단일산병원,응급,Y000,응급실,[URO] * 평일 08:00~ 18:00,20260927235800,20261004235900,"경기도 고양시 일산동구 일산로 100 (백석동,백석1동 1241외1필지 4층)",A2100033,109,자동,차단,비뇨의학과
2026-10-01 01:00:01,경기도,A2100033,국민건강보험공단일산병원,응급,Y000,응급실,[ENT] * 평일 09:00~ 17:00 // 두경부 파트 진료 불가,20260927235800,20261004235900,"경기도 고양시 일산동구 일산로 100 (백석동,백석1동 1241외1필지 4층)",A2100033,110,자동,차단,이비인후과
2026-10-01 01:00:01,경기도,A2100033,국민건강보험공단일산병원,응급,Y000,응급실,"[EYE] * 평일,주말 (07:00~ 22:00) 가능",20260927235700,20261004235900,"경기도 고양시 일산동구 일산로 100 (백석동,백석1동 1241외1필지 4층)",A2100033,111,자동,차단,안과
2026-10-01 01:00:01,경기도,A2100040,가톨릭대학교의정부성모병원,중증,Y0100,저출생체중아,중환자실 부족,20260930222500,20261001080000,"경기도 의정부시 천보로 271, 의정부성모병원 (금오동)",A2100040,112,자동,차단,소아청소년과
2026-10-01 01:00:01,경기도,A2100040,가톨릭대학교의정부성모병원,응급,Y000,응급실,복부 대동맥 사전 협의 필요,20260928000000,20261005000000,"경기도 의정부시 천보로 271, 의정부성모병원 (금오동)",A2100040,113,자동,차단,응급실
2026-10-01 01:00:01,경기도,A2100040,가톨릭대학교의정부성모병원,응급,Y000,응급실,성형외과 동반 진료 필요시 불가(야간),20260928000000,20261005000000,"경기도 의정부시 천보로 271, 의정부성모병원 (금오동)",A2100040,114,자동,차단,안과
2026-10-01 01:00:01,경기도,A2100040,가톨릭대학교의정부성모병원,응급,Y000,응급실,"권역 내 환자만 가능, 식도 이물질만 평일 08:00~17:00만 가능",20260928000000,20261005000000,"경기도 의정부시 천보로 271, 의정부성모병원 (금오동)",A2100040,115,자동,차단,소화기내과
2026-10-01 01:00:01,경기도,A2100040,가톨릭대학교의정부성모병원,응급,Y000,응급실,산부인과 사전 연락 후 수용여부 결정,20260928000000,20261005000000,"경기도 의정부시 천보로 271, 의정부성모병원 (금오동)",A2100040,116,자동,차단,응급실
2026-10-01 01:00:01,경기도,A2100040,가톨릭대학교의정부성모병원,응급,Y000,응급실,의료진 부족,20260928000000,20261005000000,"경기도 의정부시 천보로 271, 의정부성모병원 (금오동)",A2100040,117,자동,차단,감염내과
2026-10-01 01:00:01,경기도,A2100041,남양주한양병원,중증,Y0031,뇌출혈수술(거미막하 출혈),불가능메세지등록,20260927000000,20261004000000,경기도 남양주시 오남읍 양지로 47-55,A2100041,118,자동,차단,신경외과
2026-10-01 01:00:01,경기도,A2100042,의료법인명지의료재단명지병원,응급,Y000,응급실,"소아 경련 응급처치만 가능, 신생아 진료 불가",20260929084300,20261006235900,경기도 고양시 덕양구 화수로14번길 55 (화정동),A2100042,119,자동,차단,소아청소년과
2026-10-01 01:00:01,경기도,A2100046,한림대학교동탄성심병원,응급,Y000,응급실,소아 전담전문의 응급 진료 일시 불가,20261001000100,20261003120000,경기도 화성시 동탄구 큰재봉길 7 (석우동),A2100046,120,자동,차단,소아청소년과
2026-10-01 01:00:01,경기도,A2100046,한림대학교동탄성심병원,응급,Y000,응급실,** 산부인과 진료관련은 전원문의 바랍니다.,20260930080000,20261001080000,경기도 화성시 동탄구 큰재봉길 7 (석우동),A2100046,121,자동,차단,산부인과
2026-10-01 01:00:01,경기도,A2100046,한림대학교동탄성심병원,응급,Y000,응급실,입원치료가 필요한 가스 중독 환자는 일시적으로 수용이 불가능합니다.,20260928080000,20261005000000,경기도 화성시 동탄구 큰재봉길 7 (석우동),A2100046,122,자동,차단,응급실
2026-10-01 01:00:01,경기도,A2100047,동국대학교일산불교병원,응급,Y000,응급실,"[안과] 평일 8:30~20:30 가능, 주말 및 공휴일 8:30~17:00가능/ 안와골절등은 진료 불가",20260924000000,20261001235900,"경기도 고양시 일산동구 동국로 27 (식사동, 동국대학교일산병원)",A2100047,123,자동,차단,안과
2026-10-01 01:00:01,경기도,A2100047,동국대학교일산불교병원,응급,Y000,응급실,[소화기내과] 정규시간 외 이물제거 불가,20260924000000,20261001235900,"경기도 고양시 일산동구 동국로 27 (식사동, 동국대학교일산병원)",A2100047,124,자동,차단,소화기내과
2026-10-01 01:00:01,경기도,A2100047,동국대학교일산불교병원,응급,Y000,응급실,[정신건강의학과] 정규시간 외 수용불가,20260924000000,20261001235900,"경기도 고양시 일산동구 동국로 27 (식사동, 동국대학교일산병원)",A2100047,125,자동,차단,정신건강의학과
2026-10-01 01:00:01,경기도,A2100047,동국대학교일산불교병원,응급,Y000,응급실,"[소아청소년과, 피부과, 성형외과, 객혈] 응급실 진료 불가",20260924000000,20261001235900,"경기도 고양시 일산동구 동국로 27 (식사동, 동국대학교일산병원)",A2100047,126,자동,차단,소아청소년과
2026-10-01 01:00:01,경기도,A2100047,동국대학교일산불교병원,응급,Y000,응급실,[산부인과-분만] NICU 미숙아 수용불가,20260924000000,20261001235900,"경기도 고양시 일산동구 동국로 27 (식사동, 동국대학교일산병원)",A2100047,127,자동,차단,산부인과
2026-10-01 01:00:01,경기도,A2100048,원광대학교산본병원,중증,Y0051,담낭담관질환(담낭질환),담당 전문의 부재로 응급ERCP 불가,20260930123000,20261005080000,경기도 군포시 산본로 321 (산본동),A2100048,128,자동,차단,외과
2026-10-01 01:00:01,경기도,A2100052,가톨릭대학교부천성모병원,응급,Y000,응급실,불가능메세지등록,20260928000000,20261005000000,"경기도 부천시 원미구 소사로 327, 가톨릭대학교 부천성모병원 (소사동)",A2100052,129,자동,차단,정신건강의학과
2026-10-01 01:00:01,경기도,A2100052,가톨릭대학교부천성모병원,응급,Y000,응급실,평일 주간만 가능,20260928000000,20261005000000,"경기도 부천시 원미구 소사로 327, 가톨릭대학교 부천성모병원 (소사동)",A2100052,130,자동,차단,치과
2026-10-01 01:00:01,경기도,A2100052,가톨릭대학교부천성모병원,응급,Y000,응급실,소아 평일 주간 진료가능-8세이상의 기저 질환 없는 소아 24시간 응급의학과 진료 가능,20260928000000,20261005000000,"경기도 부천시 원미구 소사로 327, 가톨릭대학교 부천성모병원 (소사동)",A2100052,131,자동,차단,소아청소년과
2026-10-01 01:00:01,경기도,A2100052,가톨릭대학교부천성모병원,응급,Y000,응급실,평일 주간만 가능,20260928000000,20261005000000,"경기도 부천시 원미구 소사로 327, 가톨릭대학교 부천성모병원 (소사동)",A2100052,132,자동,차단,피부과
2026-10-01 01:00:01,경기도,A2100055,부천세종병원,응급,Y000,응급실,천공의심소견 동반시 진료 불가능,20261001000000,20261008235900,"경기도 부천시 소사구 호현로489번길 28 (소사본동, 세종병원)",A2100055,133,자동,차단,소화기내과
2026-10-01 01:00:01,경기도,A2100055,부천세종병원,응급,Y000,응급실,"ERCP 불가 ,대장 천공불가",20261001000000,20261007235900,"경기도 부천시 소사구 호현로489번길 28 (소사본동, 세종병원)",A2100055,134,자동,차단,외과
2026-10-01 01:00:01,경기도,A2100055,부천세종병원,응급,Y000,응급실,이비인후과 진료불가(의사부재),20261001000000,20261008235900,"경기도 부천시 소사구 호현로489번길 28 (소사본동, 세종병원)",A2100055,135,자동,차단,이비인후과
2026-10-01 01:00:01,경기도,A2100055,부천세종병원,응급,Y000,응급실,"열성경련 단순만가능 복합경련불가, 단순발열만가능 폐렴도 불가능할수 있음. 장중첩증 충수염 불가 24개월 미만 소아 진료불가( 소아경련,이물질흡인,소아내시경,외과 수술 불가)",20261001000000,20261008235900,"경기도 부천시 소사구 호현로489번길 28 (소사본동, 세종병원)",A2100055,136,자동,차단,소아청소년과
2026-10-01 01:00:01,경기도,A2100055,부천세종병원,응급,Y000,응급실,"경련 :난치성 뇌전증,뇌전증중첩증 불가",20261001000000,20261008235900,"경기도 부천시 소사구 호현로489번길 28 (소사본동, 세종병원)",A2100055,137,자동,차단,신경과
2026-10-01 01:00:01,경기도,A2100055,부천세종병원,응급,Y000,응급실,"절단불가,혈관 신경 손상 & 깊은열상 불가, 힘줄 인대 가능.",20261001000000,20261008235900,"경기도 부천시 소사구 호현로489번길 28 (소사본동, 세종병원)",A2100055,138,자동,차단,정형외과
2026-10-01 01:00:01,경기도,A2100055,부천세종병원,응급,Y000,응급실,"스텐트 불가 , 자궁동맥 색전술 불가 .식도색전술 불가",20261001000000,20261008235900,"경기도 부천시 소사구 호현로489번길 28 (소사본동, 세종병원)",A2100055,139,자동,차단,영상의학과
2026-10-01 01:00:01,경기도,A2118788,중앙대학교광명병원,응급,Y000,응급실,감염내과 - 신환 수용 불가,20260928100000,20261005100000,경기도 광명시 덕안로 110(일직동),A2118788,140,자동,차단,감염내과
2026-10-01 01:00:01,경기도,A2118788,중앙대학교광명병원,응급,Y000,응급실,신경외과 - 주말/공휴일 진료불가,20260928100000,20261005100000,경기도 광명시 덕안로 110(일직동),A2118788,141,자동,차단,신경외과
2026-10-01 01:00:01,경기도,A2118788,중앙대학교광명병원,응급,Y000,응급실,난임시술합병증 진료불가,20260928100000,20261005100000,경기도 광명시 덕안로 110(일직동),A2118788,142,자동,차단,산부인과
2026-10-01 01:00:01,경기도,A2118788,중앙대학교광명병원,응급,Y000,응급실,위장관출혈 Part 전문의 부재로 수용 불가,20260928100000,20261005100000,경기도 광명시 덕안로 110(일직동),A2118788,143,자동,차단,소화기내과
2026-10-01 01:00:01,경기도,A2118788,중앙대학교광명병원,응급,Y000,응급실,"소아청소년과 진료안내 : 월~목요일 17:00~21:30, 토요일,공휴일 : 09:00~17:30, 금요일,일요일 : 진료불가",20260928100000,20261005100000,경기도 광명시 덕안로 110(일직동),A2118788,144,자동,차단,소아청소년과
2026-10-01 01:00:01,인천광역시,A1400001,의료법인 길의료재단 길병원,응급,Y000,응급실,성형외과 안면 단순열상 봉합불가,20260929000000,20261006000000,"인천광역시 남동구 남동대로774번길 21 (구월동, 가천대학교길병원)",A1400001,1,자동,차단,성형외과
2026-10-01 01:00:01,인천광역시,A1400001,의료법인 길의료재단 길병원,응급,Y000,응급실,정신과 폐쇄병동 안정실 상황에 따라 응급입원 제한 전원문의 요망,20260929000000,20261006000000,"인천광역시 남동구 남동대로774번길 21 (구월동, 가천대학교길병원)",A1400001,2,자동,차단,응급실
2026-10-01 01:00:01,인천광역시,A1400001,의료법인 길의료재단 길병원,응급,Y000,응급실,내과 분과별 사정에 따른 중환자실 입실 제한(사전 문의 요망),20260929000000,20261006000000,"인천광역시 남동구 남동대로774번길 21 (구월동, 가천대학교길병원)",A1400001,3,자동,차단,응급실
2026-10-01 01:00:01,인천광역시,A1400001,의료법인 길의료재단 길병원,응급,Y000,응급실,OS 학회로 인한 인력 부족으로 hip part 수용불가,20260928111900,20261001080000,"인천광역시 남동구 남동대로774번길 21 (구월동, 가천대학교길병원)",A1400001,4,자동,차단,정형외과
2026-10-01 01:00:01,인천광역시,A1400002,인하대학교의과대학부속병원,응급,Y000,응급실,치과 응급진료 불가하오니 환자 이송 업무에 참고부탁드립니다.,20260928000000,20261004235900,"인천광역시 제물포구 인항로 27-0 (신흥동3가,인하대학병원)",A1400002,5,자동,차단,치과
2026-10-01 01:00:01,인천광역시,A1400010,검단탑병원,중증,Y0010,심근경색의 재관류중재술,심장내과 전문의 부재,20260929222900,20261006222900,인천광역시 검단구 청마로19번길 5 (당하동),A1400010,6,자동,차단,신경외과
2026-10-01 01:00:01,인천광역시,A1400012,가톨릭대학교 인천성모병원,응급,Y000,응급실,119 : Pre KTAS 1~2 환자 통보(고지) 후 내원,20260930200100,20261007200000,인천광역시 부평구 동수로 56 (부평동),A1400012,7,자동,차단,응급실
2026-10-01 01:00:01,인천광역시,A1400012,가톨릭대학교 인천성모병원,응급,Y000,응급실,"자해, 자살, 약물중독 환자 : 적극 수용",20260930200100,20261007200000,인천광역시 부평구 동수로 56 (부평동),A1400012,8,자동,차단,응급실
2026-10-01 01:00:01,인천광역시,A1400012,가톨릭대학교 인천성모병원,응급,Y000,응급실,얼굴외상 : 24시간 진료 가능,20260930200100,20261007200000,인천광역시 부평구 동수로 56 (부평동),A1400012,9,자동,차단,응급실
2026-10-01 01:00:01,인천광역시,A1400012,가톨릭대학교 인천성모병원,응급,Y000,응급실,소아청소년과 : 24시간 진료 가능,20260930200100,20261007200000,인천광역시 부평구 동수로 56 (부평동),A1400012,10,자동,차단,응급실
2026-10-01 01:00:01,인천광역시,A1400017,인천광역시의료원,중증,Y0051,담낭담관질환(담낭질환),불가능메세지등록,20260928000000,20261005000000,"인천광역시 제물포구 방축로 217 (송림동, 인천광역시 의료원)",A1400017,11,자동,차단,
2026-10-01 01:00:01,인천광역시,A1400017,인천광역시의료원,중증,Y0052,담낭담관질환(담도포함질환),불가능메세지등록,20260928000000,20261005000000,"인천광역시 제물포구 방축로 217 (송림동, 인천광역시 의료원)",A1400017,12,자동,차단,
2026-10-01 01:00:01,인천광역시,A1400017,인천광역시의료원,중증,Y0060,복부응급수술(비외상),불가능메세지등록,20260928000000,20261005000000,"인천광역시 제물포구 방축로 217 (송림동, 인천광역시 의료원)",A1400017,13,자동,차단,
2026-10-01 01:00:01,부산광역시,A1200001,인제대학교부산백병원,응급,Y000,응급실,위장관 응급내시경 (영유아) - 문의 후 수용 여부 결정,20260930200000,20261001080000,"부산광역시 부산진구 복지로 75, 진사로83번길 81, 1층(일부), 3층 (개금동)",A1200001,1,자동,차단,응급실
2026-10-01 01:00:01,부산광역시,A1200001,인제대학교부산백병원,응급,Y000,응급실,8AM ~ 8PM 환자 수용 가능,20260928180000,20261005235900,"부산광역시 부산진구 복지로 75, 진사로83번길 81, 1층(일부), 3층 (개금동)",A1200001,2,자동,차단,성형외과
2026-10-01 01:00:01,부산광역시,A1200001,인제대학교부산백병원,응급,Y000,응급실,f/u 환자 수용 가능 (응급 수술은 이송 전 문의),20260928180000,20261005235900,"부산광역시 부산진구 복지로 75, 진사로83번길 81, 1층(일부), 3층 (개금동)",A1200001,3,자동,차단,외과
2026-10-01 01:00:01,부산광역시,A1200001,인제대학교부산백병원,응급,Y000,응급실,입원치료가 필요한 중증 소아환자 진료 제한,20260928180000,20261005235900,"부산광역시 부산진구 복지로 75, 진사로83번길 81, 1층(일부), 3층 (개금동)",A1200001,4,자동,차단,소아청소년과
2026-10-01 01:00:01,부산광역시,A1200001,인제대학교부산백병원,응급,Y000,응급실,"이비인후과: 24시간 수용 가능 (epiglottitis, laryngeal edema, deep neck infection, OP case는 문의 후 수용 여부 결정)",20260928180000,20261005235900,"부산광역시 부산진구 복지로 75, 진사로83번길 81, 1층(일부), 3층 (개금동)",A1200001,5,자동,차단,응급실
2026-10-01 01:00:01,부산광역시,A1200001,인제대학교부산백병원,응급,Y000,응급실,저체중 출생아 - 문의 후 수용 여부 결정,20260928180000,20261005235900,"부산광역시 부산진구 복지로 75, 진사로83번길 81, 1층(일부), 3층 (개금동)",A1200001,6,자동,차단,소아청소년과
2026-10-01 01:00:01,부산광역시,A1200001,인제대학교부산백병원,응급,Y000,응급실,"월~목, 주말: f/u 환자 수용 가능, 금요일: 24시간 수용 가능",20260928180000,20261005235900,"부산광역시 부산진구 복지로 75, 진사로83번길 81, 1층(일부), 3층 (개금동)",A1200001,7,자동,차단,비뇨의학과
2026-10-01 01:00:01,부산광역시,A1200002,부산대학교병원,응급,Y000,응급실,[류마티스내과] 진료인력이 1명인 관계로 F/U 환자만 진료/입원가능. 출장 등으로 류마티스내과 전문의가 부재한 경우 F/U환자 진료/입원도 제한될 수 있음,20261001000000,20261008000000,부산광역시 서구 구덕로 179 (아미동1가),A1200002,8,자동,차단,류마티스내과
2026-10-01 01:00:01,부산광역시,A1200002,부산대학교병원,응급,Y000,응급실,성형안과파트 담당전문의 부재로 진료와 수술이 불가합니다,20261001000000,20261008235900,부산광역시 서구 구덕로 179 (아미동1가),A1200002,9,자동,차단,안과
2026-10-01 01:00:01,부산광역시,A1200002,부산대학교병원,응급,Y000,응급실,[정형외과] 응급수술로 진료 불가,20260930201400,20261001020000,부산광역시 서구 구덕로 179 (아미동1가),A1200002,10,자동,차단,정형외과
2026-10-01 01:00:01,부산광역시,A1200002,부산대학교병원,응급,Y000,응급실,[이비인후과]두경부 전문의 당직 부재로 수술 케이스 진료 불가,20260930180000,20261001070000,부산광역시 서구 구덕로 179 (아미동1가),A1200002,11,자동,차단,이비인후과
2026-10-01 01:00:01,부산광역시,A1200002,부산대학교병원,응급,Y000,응급실,"[정신건강의학과]소아청소년과 세부 전문의 부재로 인해 소아, 청소년 진료 불가",20260930000000,20261007000000,부산광역시 서구 구덕로 179 (아미동1가),A1200002,12,자동,차단,정신건강의학과
2026-10-01 01:00:01,부산광역시,A1200002,부산대학교병원,응급,Y000,응급실,"[정형외과] 외상으로 인한 상지 혈관 손상, 미세수술이 필요한 수술을 월,수,금(08시~익일08시) 사전 문의 후 진료, 의외의 요일에는 수용 불가",20260930000000,20261006235900,부산광역시 서구 구덕로 179 (아미동1가),A1200002,13,자동,차단,정형외과
2026-10-01 01:00:01,부산광역시,A1200002,부산대학교병원,응급,Y000,응급실,[정형외과]소아파트 전문의 인력부재 진료불가,20260929182600,20261005070000,부산광역시 서구 구덕로 179 (아미동1가),A1200002,14,자동,차단,정형외과
2026-10-01 01:00:01,부산광역시,A1200002,부산대학교병원,응급,Y000,응급실,"[성형외과] 소아 진정시, 필수적인 모니터링 및 응급대응 지원이 불가하여, 진정이 필요한 소아 열상봉합진료가 제한됩니다.",20260929000000,20261006000000,부산광역시 서구 구덕로 179 (아미동1가),A1200002,15,자동,차단,성형외과
2026-10-01 01:00:01,부산광역시,A1200002,부산대학교병원,응급,Y000,응급실,"[소아청소년과] 월-목 주간 (8am-4pm) 신환, F/U 문의 후 결정. 월-목 야간 (4pm-익일 8am) F/U 환자만 진료 가능하며 문의 후 결정. (금 am8-월 am8) F/U 포함 모든 환자 진료 불가.",20260929000000,20261006000000,부산광역시 서구 구덕로 179 (아미동1가),A1200002,16,자동,차단,소아청소년과
2026-10-01 01:00:01,부산광역시,A1200002,부산대학교병원,응급,Y000,응급실,"[외과] 진료 인력 부족으로 상의되지 않은 신환 진료는 문의 필요, 혈관파트 전원 문의 필요, f/u 환자 진료 가능",20260929000000,20261005235900,부산광역시 서구 구덕로 179 (아미동1가),A1200002,17,자동,차단,외과
2026-10-01 01:00:01,부산광역시,A1200002,부산대학교병원,응급,Y000,응급실,"[소화기내과] 진료인력 부족으로 신환은 의료진 상의 후 가능 (단, 야간 21:00-익일 7:00 불가), f/u 환자 진료 가능",20260928073000,20261005073000,부산광역시 서구 구덕로 179 (아미동1가),A1200002,18,자동,차단,소화기내과
2026-10-01 01:00:01,부산광역시,A1200002,부산대학교병원,응급,Y000,응급실,[소아청소년과]의료진 인력 부족으로 소아신경파트 신환 진료 불가,20260928000000,20261004235900,부산광역시 서구 구덕로 179 (아미동1가),A1200002,19,자동,차단,소아청소년과
2026-10-01 01:00:01,부산광역시,A1200002,부산대학교병원,응급,Y000,응급실,"[혈액종양내과] 의료진 인력 부족으로 신환 수용 불가, FU 환자 가능",20260928000000,20261004235900,부산광역시 서구 구덕로 179 (아미동1가),A1200002,20,자동,차단,혈액·종양내과
2026-10-01 01:00:01,부산광역시,A1200002,부산대학교병원,응급,Y000,응급실,[산부인과]신생아 중환자실 부족으로 임산부 문의 후 수용여부결정,20260928000000,20261005000000,부산광역시 서구 구덕로 179 (아미동1가),A1200002,21,자동,차단,병상 또는 장비
2026-10-01 01:00:01,부산광역시,A1200002,부산대학교병원,응급,Y000,응급실,"[소아청소년과]소아 소화기, 신장, 혈액종양, 류마티스 전문의 부재로 진료 불가",20260928000000,20261004235900,부산광역시 서구 구덕로 179 (아미동1가),A1200002,22,자동,차단,소아청소년과
2026-10-01 01:00:01,부산광역시,A1200002,부산대학교병원,응급,Y000,응급실,"[신경과] 평일 주간(08:00~21:00)은 신환 진료 가능, 평일 야간(21:00~익일08:00), 주말, 공휴일은 f/u 환자만 진료가능합니다",20260928000000,20261004235900,부산광역시 서구 구덕로 179 (아미동1가),A1200002,23,자동,차단,신경과
2026-10-01 01:00:01,부산광역시,A1200002,부산대학교병원,응급,Y000,응급실,[재활의학과] f/u 환자만 진료 가능합니다,20260928000000,20261004235900,부산광역시 서구 구덕로 179 (아미동1가),A1200002,24,자동,차단,재활의학과
2026-10-01 01:00:01,부산광역시,A1200002,부산대학교병원,중증,Y0070,장중첩/폐색(유아),소아 소화기 전문의 부재로 소아 장중첩 및 장폐색 진료 불가,20260927000000,20261004000000,부산광역시 서구 구덕로 179 (아미동1가),A1200002,25,자동,차단,소아청소년과
2026-10-01 01:00:01,부산광역시,A1200002,부산대학교병원,응급,Y000,응급실,[성형외과] 수부 전문의 당직 인력 부족으로 수부 외상 응급진료가 제한됩니다.,20260927000000,20261004000000,부산광역시 서구 구덕로 179 (아미동1가),A1200002,26,자동,차단,성형외과
2026-10-01 01:00:01,부산광역시,A1200002,부산대학교병원,응급,Y000,응급실,[피부과] 평일 및 주말 피부과 진료시간 08:00~22:00로 조정,20260925000000,20261002000000,부산광역시 서구 구덕로 179 (아미동1가),A1200002,27,자동,차단,피부과
2026-10-01 01:00:01,부산광역시,A1200002,부산대학교병원,응급,Y000,응급실,[정형외과]정형외과 혈관파트 의료진과 사전 협의 후 내원,20260925000000,20261001235900,부산광역시 서구 구덕로 179 (아미동1가),A1200002,28,자동,차단,정형외과
2026-10-01 01:00:01,부산광역시,A1200003,동아대학교병원,응급,Y000,응급실,OL 두경부 파트 진료불가합니다.,20260928170300,20261004090000,부산광역시 서구 대신공원로 26 (동대신동3가),A1200003,29,자동,차단,이비인후과
2026-10-01 01:00:01,부산광역시,A1200003,동아대학교병원,응급,Y000,응급실,의료진 부족으로 상지파트 진료 및 수술 불가합니다.,20260928000000,20261003060000,부산광역시 서구 대신공원로 26 (동대신동3가),A1200003,30,자동,차단,정형외과
2026-10-01 01:00:01,부산광역시,A1200003,동아대학교병원,응급,Y000,응급실,TTM 사용중으로 적응증 환자 수용 불가합니다.,20260926080700,20261003000000,부산광역시 서구 대신공원로 26 (동대신동3가),A1200003,31,자동,차단,병상 또는 장비
2026-10-01 01:00:01,부산광역시,A1200003,동아대학교병원,응급,Y000,응급실,"[소아청소년과] 평일 17시~익일 08시, 휴일 종일 f/u 포함 진료 불가 합니다. (이송 전 문의 바랍니다.)",20260926002400,20261002235900,부산광역시 서구 대신공원로 26 (동대신동3가),A1200003,32,자동,차단,소아청소년과
2026-10-01 01:00:01,부산광역시,A1200003,동아대학교병원,중증,Y0091,기관지 응급내시경(성인),"의료진 부재로 성인,소아 응급 내시경 불가 합니다.",20260925000000,20261002000000,부산광역시 서구 대신공원로 26 (동대신동3가),A1200003,33,자동,차단,
2026-10-01 01:00:01,부산광역시,A1200003,동아대학교병원,중증,Y0172,영상의학혈관중재(영유아),"두경부, 뇌혈관제외 모든 응급 시술 불가 합니다.",20260925000000,20261002000000,부산광역시 서구 대신공원로 26 (동대신동3가),A1200003,34,자동,차단,
2026-10-01 01:00:01,부산광역시,A1200003,동아대학교병원,중증,Y0171,영상의학혈관중재(성인),"두경부, 뇌혈관제외 모든 응급 시술 불가 합니다.",20260925000000,20261002000000,부산광역시 서구 대신공원로 26 (동대신동3가),A1200003,35,자동,차단,
2026-10-01 01:00:01,부산광역시,A1200003,동아대학교병원,중증,Y0052,담낭담관질환(담도포함질환),biliary part 신환 수용 불가합니다.,20260925000000,20261002000000,부산광역시 서구 대신공원로 26 (동대신동3가),A1200003,36,자동,차단,
2026-10-01 01:00:01,부산광역시,A1200003,동아대학교병원,중증,Y0051,담낭담관질환(담낭질환),biliary part 신환 수용 불가합니다.,20260925000000,20261002000000,부산광역시 서구 대신공원로 26 (동대신동3가),A1200003,37,자동,차단,
2026-10-01 01:00:01,부산광역시,A1200003,동아대학교병원,중증,Y0042,대동맥응급(복부),대동맥 파트 진료 및 수술 불가합니다.,20260925000000,20261002000000,부산광역시 서구 대신공원로 26 (동대신동3가),A1200003,38,자동,차단,
2026-10-01 01:00:01,부산광역시,A1200003,동아대학교병원,중증,Y0041,대동맥응급(흉부),대동맥 파트 진료 및 수술 불가합니다.,20260925000000,20261002000000,부산광역시 서구 대신공원로 26 (동대신동3가),A1200003,39,자동,차단,
2026-10-01 01:00:01,부산광역시,A1200003,동아대학교병원,중증,Y0070,장중첩/폐색(유아),소아 위장관 응급내시경 불가합니다.,20260925000000,20261002000000,부산광역시 서구 대신공원로 26 (동대신동3가),A1200003,40,자동,차단,
2026-10-01 01:00:01,부산광역시,A1200004,고신대학교복음병원,응급,Y000,응급실,[소아청소년과] 월~목 응급실 소아과 전문의 상주(월/수는 야간진료 가능하나 요일 별 근무시간 상이하여 사전 문의 필요),20260928100000,20261005095900,부산광역시 서구 감천로 262 (암남동),A1200004,41,자동,차단,응급실
2026-10-01 01:00:01,부산광역시,A1200005,의료법인 은성의료재단 좋은삼선병원,응급,Y000,응급실,평일 야간 및 주말 진료 불가합니다.,20260928090000,20261005090000,"부산광역시 사상구 가야대로 326, 좋은삼선병원 (주례동)",A1200005,42,자동,차단,치과
2026-10-01 01:00:01,부산광역시,A1200005,의료법인 은성의료재단 좋은삼선병원,응급,Y000,응급실,평일 야간 및 주말 진료 불가합니다.,20260928090000,20261005090000,"부산광역시 사상구 가야대로 326, 좋은삼선병원 (주례동)",A1200005,43,자동,차단,정신건강의학과
2026-10-01 01:00:01,부산광역시,A1200005,의료법인 은성의료재단 좋은삼선병원,응급,Y000,응급실,불가능메세지등록,20260928090000,20261005090000,"부산광역시 사상구 가야대로 326, 좋은삼선병원 (주례동)",A1200005,44,자동,차단,정신건강의학과
2026-10-01 01:00:01,부산광역시,A1200005,의료법인 은성의료재단 좋은삼선병원,응급,Y000,응급실,불가능메세지등록,20260928090000,20261005090000,"부산광역시 사상구 가야대로 326, 좋은삼선병원 (주례동)",A1200005,45,자동,차단,안과
2026-10-01 01:00:01,부산광역시,A1200005,의료법인 은성의료재단 좋은삼선병원,응급,Y000,응급실,치아외상 불가합니다.,20260928090000,20261005090000,"부산광역시 사상구 가야대로 326, 좋은삼선병원 (주례동)",A1200005,46,자동,차단,치과
2026-10-01 01:00:01,부산광역시,A1200005,의료법인 은성의료재단 좋은삼선병원,응급,Y000,응급실,평일 야간 및 주말 진료 불가합니다.,20260928090000,20261005090000,"부산광역시 사상구 가야대로 326, 좋은삼선병원 (주례동)",A1200005,47,자동,차단,이비인후과
2026-10-01 01:00:01,부산광역시,A1200005,의료법인 은성의료재단 좋은삼선병원,응급,Y000,응급실,평일 야간 및 주말 진료 불가합니다.,20260928090000,20261005090000,"부산광역시 사상구 가야대로 326, 좋은삼선병원 (주례동)",A1200005,48,자동,차단,비뇨의학과
2026-10-01 01:00:01,부산광역시,A1200005,의료법인 은성의료재단 좋은삼선병원,응급,Y000,응급실,[산과]불가합니다.,20260928090000,20261005090000,"부산광역시 사상구 가야대로 326, 좋은삼선병원 (주례동)",A1200005,49,자동,차단,산부인과
2026-10-01 01:00:01,부산광역시,A1200005,의료법인 은성의료재단 좋은삼선병원,응급,Y000,응급실,불가능메세지등록,20260928090000,20261005090000,"부산광역시 사상구 가야대로 326, 좋은삼선병원 (주례동)",A1200005,50,자동,차단,성형외과
2026-10-01 01:00:01,부산광역시,A1200005,의료법인 은성의료재단 좋은삼선병원,응급,Y000,응급실,불가능메세지등록,20260928090000,20261005090000,"부산광역시 사상구 가야대로 326, 좋은삼선병원 (주례동)",A1200005,51,자동,차단,외상외과
2026-10-01 01:00:01,부산광역시,A1200005,의료법인 은성의료재단 좋은삼선병원,응급,Y000,응급실,"36개월 미만 진료 불가, 소아경련(발열경련 포함), 소아외상, 화상, 심장, 신경 진료 불가합니다.",20260928090000,20261005090000,"부산광역시 사상구 가야대로 326, 좋은삼선병원 (주례동)",A1200005,52,자동,차단,소아청소년과
2026-10-01 01:00:01,부산광역시,A1200005,의료법인 은성의료재단 좋은삼선병원,응급,Y000,응급실,불가능메세지등록,20260928090000,20261005090000,"부산광역시 사상구 가야대로 326, 좋은삼선병원 (주례동)",A1200005,53,자동,차단,흉부외과
2026-10-01 01:00:01,부산광역시,A1200013,부산성모병원(재단법인 천주교부산교구유지재단),응급,Y000,응급실,ENT 진료 불가능합니다.,20260929010000,20261002080000,부산광역시 남구 용호로232번길 25-14 (용호동),A1200013,54,자동,차단,이비인후과
2026-10-01 01:00:01,부산광역시,A1200015,동남권원자력의학원,응급,Y000,응급실,환자 이송 전 문의 바랍니다.,20260928083100,20261005083000,부산광역시 기장군 장안읍 좌동길 40,A1200015,55,자동,차단,응급실
2026-10-01 01:00:01,부산광역시,A1200016,한국보훈복지의료공단 부산보훈병원,응급,Y000,응급실,불가능메세지등록,20261001004000,20261008000000,부산광역시 사상구 백양대로 420 (주례동),A1200016,56,자동,차단,외상외과
2026-10-01 01:00:01,부산광역시,A1200016,한국보훈복지의료공단 부산보훈병원,응급,Y000,응급실,불가능메세지등록,20261001004000,20261008000000,부산광역시 사상구 백양대로 420 (주례동),A1200016,57,자동,차단,치과
2026-10-01 01:00:01,부산광역시,A1200016,한국보훈복지의료공단 부산보훈병원,응급,Y000,응급실,불가능메세지등록,20261001004000,20261008000000,부산광역시 사상구 백양대로 420 (주례동),A1200016,58,자동,차단,정신건강의학과
2026-10-01 01:00:01,부산광역시,A1200016,한국보훈복지의료공단 부산보훈병원,응급,Y000,응급실,불가능메세지등록,20261001004000,20261008000000,부산광역시 사상구 백양대로 420 (주례동),A1200016,59,자동,차단,이비인후과
2026-10-01 01:00:01,부산광역시,A1200016,한국보훈복지의료공단 부산보훈병원,응급,Y000,응급실,불가능메세지등록,20261001004000,20261008000000,부산광역시 사상구 백양대로 420 (주례동),A1200016,60,자동,차단,안과
2026-10-01 01:00:01,부산광역시,A1200016,한국보훈복지의료공단 부산보훈병원,중증,Y0172,영상의학혈관중재(영유아),불가능메세지등록,20261001004000,20261008000000,부산광역시 사상구 백양대로 420 (주례동),A1200016,61,자동,차단,
2026-10-01 01:00:01,부산광역시,A1200016,한국보훈복지의료공단 부산보훈병원,중증,Y0171,영상의학혈관중재(성인),불가능메세지등록,20261001004000,20261008000000,부산광역시 사상구 백양대로 420 (주례동),A1200016,62,자동,차단,
2026-10-01 01:00:01,부산광역시,A1200016,한국보훈복지의료공단 부산보훈병원,중증,Y0142,응급투석(CRRT),불가능메세지등록,20261001004000,20261008000000,부산광역시 사상구 백양대로 420 (주례동),A1200016,63,자동,차단,
2026-10-01 01:00:01,부산광역시,A1200016,한국보훈복지의료공단 부산보훈병원,중증,Y0060,복부응급수술(비외상),불가능메세지등록,20261001004000,20261008000000,부산광역시 사상구 백양대로 420 (주례동),A1200016,64,자동,차단,
2026-10-01 01:00:01,부산광역시,A1200016,한국보훈복지의료공단 부산보훈병원,중증,Y0032,뇌출혈수술(거미막하 출혈 외),불가능메세지등록,20261001004000,20261008000000,부산광역시 사상구 백양대로 420 (주례동),A1200016,65,자동,차단,
2026-10-01 01:00:01,부산광역시,A1200016,한국보훈복지의료공단 부산보훈병원,중증,Y0112,산부인과 응급(산과수술),불가능메세지등록,20261001004000,20261008000000,부산광역시 사상구 백양대로 420 (주례동),A1200016,66,자동,차단,
2026-10-01 01:00:01,부산광역시,A1200016,한국보훈복지의료공단 부산보훈병원,응급,Y000,응급실,불가능메세지등록,20261001004000,20261008000000,부산광역시 사상구 백양대로 420 (주례동),A1200016,67,자동,차단,피부과
2026-10-01 01:00:01,부산광역시,A1200016,한국보훈복지의료공단 부산보훈병원,중증,Y0031,뇌출혈수술(거미막하 출혈),불가능메세지등록,20261001004000,20261008000000,부산광역시 사상구 백양대로 420 (주례동),A1200016,68,자동,차단,
2026-10-01 01:00:01,부산광역시,A1200016,한국보훈복지의료공단 부산보훈병원,중증,Y0051,담낭담관질환(담낭질환),불가능메세지등록,20261001004000,20261008000000,부산광역시 사상구 백양대로 420 (주례동),A1200016,69,자동,차단,
2026-10-01 01:00:01,부산광역시,A1200016,한국보훈복지의료공단 부산보훈병원,중증,Y0113,산부인과 응급(부인과수술),불가능메세지등록,20261001004000,20261008000000,부산광역시 사상구 백양대로 420 (주례동),A1200016,70,자동,차단,
2026-10-01 01:00:01,부산광역시,A1200016,한국보훈복지의료공단 부산보훈병원,중증,Y0120,중증화상,불가능메세지등록,20261001004000,20261008000000,부산광역시 사상구 백양대로 420 (주례동),A1200016,71,자동,차단,
2026-10-01 01:00:01,부산광역시,A1200016,한국보훈복지의료공단 부산보훈병원,중증,Y0082,위장관 응급내시경(영유아),불가능메세지등록,20261001004000,20261008000000,부산광역시 사상구 백양대로 420 (주례동),A1200016,72,자동,차단,
2026-10-01 01:00:01,부산광역시,A1200016,한국보훈복지의료공단 부산보훈병원,중증,Y0092,기관지 응급내시경(영유아),불가능메세지등록,20261001004000,20261008000000,부산광역시 사상구 백양대로 420 (주례동),A1200016,73,자동,차단,
2026-10-01 01:00:01,부산광역시,A1200016,한국보훈복지의료공단 부산보훈병원,중증,Y0141,응급투석(HD),불가능메세지등록,20261001004000,20261008000000,부산광역시 사상구 백양대로 420 (주례동),A1200016,74,자동,차단,
2026-10-01 01:00:01,부산광역시,A1200016,한국보훈복지의료공단 부산보훈병원,중증,Y0150,정신과적 응급입원,불가능메세지등록,20261001004000,20261008000000,부산광역시 사상구 백양대로 420 (주례동),A1200016,75,자동,차단,
2026-10-01 01:00:01,부산광역시,A1200016,한국보훈복지의료공단 부산보훈병원,중증,Y0042,대동맥응급(복부),불가능메세지등록,20261001004000,20261008000000,부산광역시 사상구 백양대로 420 (주례동),A1200016,76,자동,차단,
2026-10-01 01:00:01,부산광역시,A1200016,한국보훈복지의료공단 부산보훈병원,중증,Y0020,뇌경색의 재관류중재술,불가능메세지등록,20261001004000,20261008000000,부산광역시 사상구 백양대로 420 (주례동),A1200016,77,자동,차단,
2026-10-01 01:00:01,부산광역시,A1200016,한국보훈복지의료공단 부산보훈병원,중증,Y0052,담낭담관질환(담도포함질환),불가능메세지등록,20261001004000,20261008000000,부산광역시 사상구 백양대로 420 (주례동),A1200016,78,자동,차단,
2026-10-01 01:00:01,부산광역시,A1200016,한국보훈복지의료공단 부산보훈병원,중증,Y0100,저출생체중아,불가능메세지등록,20261001004000,20261008000000,부산광역시 사상구 백양대로 420 (주례동),A1200016,79,자동,차단,
2026-10-01 01:00:01,부산광역시,A1200016,한국보훈복지의료공단 부산보훈병원,중증,Y0131,수족지접합,불가능메세지등록,20261001004000,20261008000000,부산광역시 사상구 백양대로 420 (주례동),A1200016,80,자동,차단,
2026-10-01 01:00:01,부산광역시,A1200016,한국보훈복지의료공단 부산보훈병원,중증,Y0041,대동맥응급(흉부),불가능메세지등록,20261001004000,20261008000000,부산광역시 사상구 백양대로 420 (주례동),A1200016,81,자동,차단,
2026-10-01 01:00:01,부산광역시,A1200016,한국보훈복지의료공단 부산보훈병원,중증,Y0160,안과적 응급 수술,불가능메세지등록,20261001004000,20261008000000,부산광역시 사상구 백양대로 420 (주례동),A1200016,82,자동,차단,
2026-10-01 01:00:01,부산광역시,A1200016,한국보훈복지의료공단 부산보훈병원,중증,Y0070,장중첩/폐색(유아),불가능메세지등록,20261001004000,20261008000000,부산광역시 사상구 백양대로 420 (주례동),A1200016,83,자동,차단,
2026-10-01 01:00:01,부산광역시,A1200016,한국보훈복지의료공단 부산보훈병원,중증,Y0132,수족지접합 외,불가능메세지등록,20261001004000,20261008000000,부산광역시 사상구 백양대로 420 (주례동),A1200016,84,자동,차단,
2026-10-01 01:00:01,부산광역시,A1200016,한국보훈복지의료공단 부산보훈병원,중증,Y0111,산부인과 응급(분만),불가능메세지등록,20261001004000,20261008000000,부산광역시 사상구 백양대로 420 (주례동),A1200016,85,자동,차단,
2026-10-01 01:00:01,부산광역시,A1200016,한국보훈복지의료공단 부산보훈병원,응급,Y000,응급실,불가능메세지등록,20261001001500,20261008000000,부산광역시 사상구 백양대로 420 (주례동),A1200016,86,자동,차단,산부인과
2026-10-01 01:00:01,부산광역시,A1200016,한국보훈복지의료공단 부산보훈병원,응급,Y000,응급실,야간불가,20261001001500,20261008000000,부산광역시 사상구 백양대로 420 (주례동),A1200016,87,자동,차단,신경과
2026-10-01 01:00:01,부산광역시,A1200016,한국보훈복지의료공단 부산보훈병원,응급,Y000,응급실,불가능메세지등록,20261001001500,20261008000000,부산광역시 사상구 백양대로 420 (주례동),A1200016,88,자동,차단,성형외과
2026-10-01 01:00:01,부산광역시,A1200016,한국보훈복지의료공단 부산보훈병원,응급,Y000,응급실,불가능메세지등록,20261001001500,20261008000000,부산광역시 사상구 백양대로 420 (주례동),A1200016,89,자동,차단,흉부외과
2026-10-01 01:00:01,부산광역시,A1200016,한국보훈복지의료공단 부산보훈병원,응급,Y000,응급실,불가능메세지등록,20261001001500,20261008000000,부산광역시 사상구 백양대로 420 (주례동),A1200016,90,자동,차단,류마티스내과
2026-10-01 01:00:01,부산광역시,A1200016,한국보훈복지의료공단 부산보훈병원,응급,Y000,응급실,불가능메세지등록,20261001001500,20261008000000,부산광역시 사상구 백양대로 420 (주례동),A1200016,91,자동,차단,소아청소년과
2026-10-01 01:00:01,부산광역시,A1200016,한국보훈복지의료공단 부산보훈병원,응급,Y000,응급실,불가능메세지등록,20261001001500,20261008000000,부산광역시 사상구 백양대로 420 (주례동),A1200016,92,자동,차단,감염내과
2026-10-01 01:00:01,부산광역시,A1200016,한국보훈복지의료공단 부산보훈병원,응급,Y000,응급실,야간진료 제한 있음,20261001001500,20261008000000,부산광역시 사상구 백양대로 420 (주례동),A1200016,93,자동,차단,호흡기내과
2026-10-01 01:00:01,부산광역시,A1200016,한국보훈복지의료공단 부산보훈병원,응급,Y000,응급실,불가능메세지등록,20261001001500,20261008000000,부산광역시 사상구 백양대로 420 (주례동),A1200016,94,자동,차단,혈액·종양내과
2026-10-01 01:00:01,부산광역시,A1200017,의료법인정화의료재단 봉생기념병원,중증,Y0051,담낭담관질환(담낭질환),불가능메세지등록,20260927054000,20261004000000,"부산광역시 동구 중앙대로 401 (좌천동, 봉생병원)",A1200017,95,자동,차단,내과
2026-10-01 01:00:01,부산광역시,A1200017,의료법인정화의료재단 봉생기념병원,중증,Y0052,담낭담관질환(담도포함질환),불가능메세지등록,20260927054000,20261004000000,"부산광역시 동구 중앙대로 401 (좌천동, 봉생병원)",A1200017,96,자동,차단,내과
2026-10-01 01:00:01,부산광역시,A1200017,의료법인정화의료재단 봉생기념병원,응급,Y000,응급실,DI 환자 수용어렵습니다. 본원 NP DI 환자 문의 후 수용,20260927054000,20261004235900,"부산광역시 동구 중앙대로 401 (좌천동, 봉생병원)",A1200017,97,자동,차단,소화기내과
2026-10-01 01:00:01,부산광역시,A1200017,의료법인정화의료재단 봉생기념병원,응급,Y000,응급실,모든 환자 이송 전 반드시 문의 바랍니다.,20260927054000,20261004235900,"부산광역시 동구 중앙대로 401 (좌천동, 봉생병원)",A1200017,98,자동,차단,응급실
2026-10-01 01:00:01,부산광역시,A1200017,의료법인정화의료재단 봉생기념병원,응급,Y000,응급실,"소아 경련 환자 진료 불가, 소아 내/외과 환자 진료 불가",20260927054000,20261004235900,"부산광역시 동구 중앙대로 401 (좌천동, 봉생병원)",A1200017,99,자동,차단,소아청소년과
2026-10-01 01:00:01,부산광역시,A1200017,의료법인정화의료재단 봉생기념병원,응급,Y000,응급실,"평일 5pm~9AM, 주말 응급내시경 불가합니다.",20260927054000,20261004235900,"부산광역시 동구 중앙대로 401 (좌천동, 봉생병원)",A1200017,100,자동,차단,소화기내과
2026-10-01 01:00:01,부산광역시,A1200017,의료법인정화의료재단 봉생기념병원,응급,Y000,응급실,"주말, 야간 OBGY 진료 및 수술 어렵습니다",20260927054000,20261004235900,"부산광역시 동구 중앙대로 401 (좌천동, 봉생병원)",A1200017,101,자동,차단,산부인과
2026-10-01 01:00:01,부산광역시,A1200018,대동병원,응급,Y000,응급실,,20260930230000,20261001080000,부산광역시 동래구 충렬대로 187 (명륜동),A1200018,102,자동,차단,산부인과
2026-10-01 01:00:01,부산광역시,A1200018,대동병원,응급,Y000,응급실,환자과다로 f/u 환자 외 적응증 및 시술 환자 수용불가,20260925000000,20261002235900,부산광역시 동래구 충렬대로 187 (명륜동),A1200018,103,자동,차단,호흡기내과
2026-10-01 01:00:01,부산광역시,A1200018,대동병원,응급,Y000,응급실,119 환자 이송 전 연락 바랍니다.,20260925000000,20261002235900,부산광역시 동래구 충렬대로 187 (명륜동),A1200018,104,자동,차단,응급실
2026-10-01 01:00:01,부산광역시,A1200018,대동병원,응급,Y000,응급실,18시- 09시 이송전 사전문의,20260925000000,20261002235900,부산광역시 동래구 충렬대로 187 (명륜동),A1200018,105,자동,차단,소아청소년과
2026-10-01 01:00:01,부산광역시,A1200021,삼육부산병원,중증,Y0042,대동맥응급(복부),angio 시술팀 부재로 외래시간(09:00~18:00)외 수용불가,20260930180000,20261001090000,부산광역시 서구 대티로 170 (서대신동2가),A1200021,106,자동,차단,
2026-10-01 01:00:01,부산광역시,A1200021,삼육부산병원,중증,Y0020,뇌경색의 재관류중재술,angio 시술팀 부재로 외래시간(09:00~18:00)외 수용불가,20260930180000,20261001090000,부산광역시 서구 대티로 170 (서대신동2가),A1200021,107,자동,차단,
2026-10-01 01:00:01,부산광역시,A1200021,삼육부산병원,중증,Y0041,대동맥응급(흉부),angio 시술팀 부재로 외래시간(09:00~18:00)외 수용불가,20260930180000,20261001090000,부산광역시 서구 대티로 170 (서대신동2가),A1200021,108,자동,차단,
2026-10-01 01:00:01,부산광역시,A1200021,삼육부산병원,중증,Y0010,심근경색의 재관류중재술,angio 시술팀 부재로 외래시간(09:00~18:00)외 수용불가,20260930180000,20261001090000,부산광역시 서구 대티로 170 (서대신동2가),A1200021,109,자동,차단,
2026-10-01 01:00:01,부산광역시,A1200022,인제대학교 해운대백병원,응급,Y000,응급실,대동맥 박리 case 진료 불가,20260926000000,20261003235900,부산광역시 해운대구 해운대로 875 (좌동),A1200022,110,자동,차단,흉부외과
2026-10-01 01:00:01,부산광역시,A1200022,인제대학교 해운대백병원,응급,Y000,응급실,응급실 진료불가,20260926000000,20261003235900,부산광역시 해운대구 해운대로 875 (좌동),A1200022,111,자동,차단,성형외과
2026-10-01 01:00:01,부산광역시,A1200022,인제대학교 해운대백병원,응급,Y000,응급실,이송전 사전연락,20260926000000,20261003235900,부산광역시 해운대구 해운대로 875 (좌동),A1200022,112,자동,차단,정형외과
2026-10-01 01:00:01,부산광역시,A1200022,인제대학교 해운대백병원,응급,Y000,응급실,"소아내시경 만 12세 (40kg) 이상 , 뇌염, 복합경련은 응급실진료 가능, 입원 어려움, 100일 미만 발열 소아 응급실 진료 가능, 중환아 일 경우 입원 불가능",20260926000000,20261003235900,부산광역시 해운대구 해운대로 875 (좌동),A1200022,113,자동,차단,소아청소년과
2026-10-01 01:00:01,부산광역시,A1200024,부산광역시의료원,중증,Y0042,대동맥응급(복부),불가능메세지등록,20260928080000,20261005075900,"부산광역시 연제구 월드컵대로 359 (거제동, 1동, 5동일부)",A1200024,114,자동,차단,
2026-10-01 01:00:01,부산광역시,A1200024,부산광역시의료원,중증,Y0041,대동맥응급(흉부),불가능메세지등록,20260928080000,20261005075900,"부산광역시 연제구 월드컵대로 359 (거제동, 1동, 5동일부)",A1200024,115,자동,차단,
2026-10-01 01:00:01,부산광역시,A1200024,부산광역시의료원,중증,Y0112,산부인과 응급(산과수술),불가능메세지등록,20260928080000,20261005075900,"부산광역시 연제구 월드컵대로 359 (거제동, 1동, 5동일부)",A1200024,116,자동,차단,
2026-10-01 01:00:01,부산광역시,A1200024,부산광역시의료원,중증,Y0113,산부인과 응급(부인과수술),불가능메세지등록,20260928080000,20261005075900,"부산광역시 연제구 월드컵대로 359 (거제동, 1동, 5동일부)",A1200024,117,자동,차단,
2026-10-01 01:00:01,부산광역시,A1200024,부산광역시의료원,중증,Y0171,영상의학혈관중재(성인),평일 주간시간 가능,20260928080000,20261005075900,"부산광역시 연제구 월드컵대로 359 (거제동, 1동, 5동일부)",A1200024,118,자동,차단,
2026-10-01 01:00:01,부산광역시,A1200024,부산광역시의료원,중증,Y0141,응급투석(HD),불가능메세지등록,20260928080000,20261005075900,"부산광역시 연제구 월드컵대로 359 (거제동, 1동, 5동일부)",A1200024,119,자동,차단,
2026-10-01 01:00:01,부산광역시,A1200024,부산광역시의료원,중증,Y0091,기관지 응급내시경(성인),불가능메세지등록,20260928080000,20261005075900,"부산광역시 연제구 월드컵대로 359 (거제동, 1동, 5동일부)",A1200024,120,자동,차단,
2026-10-01 01:00:01,부산광역시,A1200024,부산광역시의료원,중증,Y0031,뇌출혈수술(거미막하 출혈),불가능메세지등록,20260928080000,20261005075900,"부산광역시 연제구 월드컵대로 359 (거제동, 1동, 5동일부)",A1200024,121,자동,차단,
2026-10-01 01:00:01,부산광역시,A1200024,부산광역시의료원,중증,Y0111,산부인과 응급(분만),불가능메세지등록,20260928080000,20261005075900,"부산광역시 연제구 월드컵대로 359 (거제동, 1동, 5동일부)",A1200024,122,자동,차단,
2026-10-01 01:00:01,부산광역시,A1200024,부산광역시의료원,중증,Y0132,수족지접합 외,불가능메세지등록,20260928080000,20261005075900,"부산광역시 연제구 월드컵대로 359 (거제동, 1동, 5동일부)",A1200024,123,자동,차단,
2026-10-01 01:00:01,부산광역시,A1200024,부산광역시의료원,중증,Y0131,수족지접합,불가능메세지등록,20260928080000,20261005075900,"부산광역시 연제구 월드컵대로 359 (거제동, 1동, 5동일부)",A1200024,124,자동,차단,
2026-10-01 01:00:01,부산광역시,A1200024,부산광역시의료원,중증,Y0020,뇌경색의 재관류중재술,불가능메세지등록,20260928080000,20261005075900,"부산광역시 연제구 월드컵대로 359 (거제동, 1동, 5동일부)",A1200024,125,자동,차단,신경외과
2026-10-01 01:00:01,부산광역시,A1200024,부산광역시의료원,중증,Y0120,중증화상,불가능메세지등록,20260928080000,20261005075900,"부산광역시 연제구 월드컵대로 359 (거제동, 1동, 5동일부)",A1200024,126,자동,차단,
2026-10-01 01:00:01,부산광역시,A1200024,부산광역시의료원,중증,Y0032,뇌출혈수술(거미막하 출혈 외),불가능메세지등록,20260928080000,20261005075900,"부산광역시 연제구 월드컵대로 359 (거제동, 1동, 5동일부)",A1200024,127,자동,차단,신경외과
2026-10-01 01:00:01,부산광역시,A1200024,부산광역시의료원,중증,Y0150,정신과적 응급입원,불가능메세지등록,20260928080000,20261005075900,"부산광역시 연제구 월드컵대로 359 (거제동, 1동, 5동일부)",A1200024,128,자동,차단,
2026-10-01 01:00:01,부산광역시,A1200045,구포성심병원,중증,Y0010,심근경색의 재관류중재술,CV 부재로 불가능합니다.,20260930170000,20261001083000,부산광역시 북구 낙동대로 1786 (구포동),A1200045,129,자동,차단,
2026-10-01 01:00:01,부산광역시,A1200045,구포성심병원,응급,Y000,응급실,"집중치료실 full bed, 이송 전 문의 부탁드립니다.",20260930111600,20261001090000,부산광역시 북구 낙동대로 1786 (구포동),A1200045,130,자동,차단,병상 또는 장비
2026-10-01 01:00:01,대구광역시,A1300001,영남대학교병원,응급,Y000,응급실,"[혈액종양내과] 해당 시간대에는 f/u 환자만 수용 가능 (pf.고성애) : 평일18~8시,주말,공휴일",20260930180000,20261001080000,대구광역시 남구 현충로 170 (대명동),A1300001,1,자동,차단,혈액·종양내과
2026-10-01 01:00:01,대구광역시,A1300001,영남대학교병원,응급,Y000,응급실,"[소아청소년과] 야간·주말·공휴일 소아신경과 f/u만 수용 가능, [영유아 기관지 응급내시경] 수용 불가능",20260930180000,20261001083000,대구광역시 남구 현충로 170 (대명동),A1300001,2,자동,차단,소아청소년과
2026-10-01 01:00:01,대구광역시,A1300001,영남대학교병원,응급,Y000,응급실,"[내분비대사내과] 해당 시간대에는 진료 불가 (pf.윤지성) : 평일18~8시,주말,공휴일",20260930180000,20261001080000,대구광역시 남구 현충로 170 (대명동),A1300001,3,자동,차단,내분비내과
2026-10-01 01:00:01,대구광역시,A1300001,영남대학교병원,응급,Y000,응급실,[신경과] 경련 환자 진료 제한 (pf.권두혁),20260930170000,20261001080000,대구광역시 남구 현충로 170 (대명동),A1300001,4,자동,차단,신경과
2026-10-01 01:00:01,대구광역시,A1300001,영남대학교병원,응급,Y000,응급실,"[신경외과] brain tumor 환자 f/u 외 진료 제한, 외상 및 뇌혈관질환 진료 가능 (pf.박소희)",20260930153700,20261001060000,대구광역시 남구 현충로 170 (대명동),A1300001,5,자동,차단,신경외과
2026-10-01 01:00:01,대구광역시,A1300001,영남대학교병원,응급,Y000,응급실,[소아외과] 의료진 부재로 수용 불가능 (pf.이남혁),20260930130000,20261001080000,대구광역시 남구 현충로 170 (대명동),A1300001,6,자동,차단,외과
2026-10-01 01:00:01,대구광역시,A1300001,영남대학교병원,응급,Y000,응급실,[치과] 의료진 부재로 수용 불가능,20260930080000,20261001080000,대구광역시 남구 현충로 170 (대명동),A1300001,7,자동,차단,치과
2026-10-01 01:00:01,대구광역시,A1300001,영남대학교병원,응급,Y000,응급실,[외과] f/u 수용 가능 및 중증화상 수용 불가능 (pf.김소현),20260930080000,20261001080000,대구광역시 남구 현충로 170 (대명동),A1300001,8,자동,차단,외과
2026-10-01 01:00:01,대구광역시,A1300001,영남대학교병원,응급,Y000,응급실,[비뇨의학과] 의료진 부재로 복부 관련 환자 외 수용 가능 (pf.송필현),20260930080000,20261001080000,대구광역시 남구 현충로 170 (대명동),A1300001,9,자동,차단,비뇨의학과
2026-10-01 01:00:01,대구광역시,A1300001,영남대학교병원,응급,Y000,응급실,[호흡기내과] f/u 수용 가능 (pf.진현정),20260930080000,20261001080000,대구광역시 남구 현충로 170 (대명동),A1300001,10,자동,차단,호흡기내과
2026-10-01 01:00:01,대구광역시,A1300001,영남대학교병원,응급,Y000,응급실,[이비인후과] f/u 수용 가능 (pf.김용대),20260930080000,20261001080000,대구광역시 남구 현충로 170 (대명동),A1300001,11,자동,차단,이비인후과
2026-10-01 01:00:01,대구광역시,A1300001,영남대학교병원,응급,Y000,응급실,[소화기내과] 간 파트는 f/u 수용 가능 (pf.박정길),20260930080000,20261001080000,대구광역시 남구 현충로 170 (대명동),A1300001,12,자동,차단,소화기내과
2026-10-01 01:00:01,대구광역시,A1300002,경북대학교병원,중증,Y0041,대동맥응급(흉부),"[마취통증의학과] 매주 수요일(18:00~08:00), 심장, 대동맥 관련수술 불가",20260930180000,20261001080000,"대구광역시 중구 동덕로 130 (삼덕동2가, 경북대학교병원)",A1300002,13,자동,차단,
2026-10-01 01:00:01,대구광역시,A1300002,경북대학교병원,응급,Y000,응급실,[신경과] 의료진 부재로 말초신경 및 근육질환 관련 응급진료 불가,20260930114200,20261006080000,"대구광역시 중구 동덕로 130 (삼덕동2가, 경북대학교병원)",A1300002,14,자동,차단,신경과
2026-10-01 01:00:01,대구광역시,A1300002,경북대학교병원,응급,Y000,응급실,[부인과] 의료진 부재로 관련 환자 응급진료 불가,20260930070100,20261001070000,"대구광역시 중구 동덕로 130 (삼덕동2가, 경북대학교병원)",A1300002,15,자동,차단,산부인과
2026-10-01 01:00:01,대구광역시,A1300002,경북대학교병원,중증,Y0060,복부응급수술(비외상),[외과] 의료진 부재로 관련환자 응급진료 불가,20260930070000,20261001080000,"대구광역시 중구 동덕로 130 (삼덕동2가, 경북대학교병원)",A1300002,16,자동,차단,
2026-10-01 01:00:01,대구광역시,A1300002,경북대학교병원,응급,Y000,응급실,[소아청소년과] 의료진 부재로 장중첩증 정복술 불가,20260928070000,20261005070000,"대구광역시 중구 동덕로 130 (삼덕동2가, 경북대학교병원)",A1300002,17,자동,차단,소아청소년과
2026-10-01 01:00:01,대구광역시,A1300002,경북대학교병원,응급,Y000,응급실,"[안과] 세부 전문의 부족으로 성인 및 소아 안와골절, 눈물소관 열상 진료 불가",20260928070000,20261005070000,"대구광역시 중구 동덕로 130 (삼덕동2가, 경북대학교병원)",A1300002,18,자동,차단,안과
2026-10-01 01:00:01,대구광역시,A1300002,경북대학교병원,응급,Y000,응급실,"[외과] (수,목) 의료진 부재로 관련환자 응급진료 불가",20260928070000,20261005070000,"대구광역시 중구 동덕로 130 (삼덕동2가, 경북대학교병원)",A1300002,19,자동,차단,외과
2026-10-01 01:00:01,대구광역시,A1300002,경북대학교병원,응급,Y000,응급실,"[마취통증의학과] 매주 수요일(18:00~08:00), 심장, 대동맥 관련 수술 불가",20260928070000,20261005070000,"대구광역시 중구 동덕로 130 (삼덕동2가, 경북대학교병원)",A1300002,20,자동,차단,마취통증의학과
2026-10-01 01:00:01,대구광역시,A1300002,경북대학교병원,응급,Y000,응급실,[흉부외과] 심혈관중환자실 공사로 응급심장수술 및 심혈관(흉부외과)관련 환자 이송 전 반드시 사전 문의 (~2026년 12월),20260928070000,20261005070000,"대구광역시 중구 동덕로 130 (삼덕동2가, 경북대학교병원)",A1300002,21,자동,차단,병상 또는 장비
2026-10-01 01:00:01,대구광역시,A1300002,경북대학교병원,응급,Y000,응급실,[산부인과] 전원/이송 전 사전 수용여부 반드시 확인,20260928070000,20261005070000,"대구광역시 중구 동덕로 130 (삼덕동2가, 경북대학교병원)",A1300002,22,자동,차단,산부인과
2026-10-01 01:00:01,대구광역시,A1300002,경북대학교병원,응급,Y000,응급실,"[이비인후과] 만 10세, 35kg 이하 소아 이비인후과 진료 불가",20260928070000,20261005070000,"대구광역시 중구 동덕로 130 (삼덕동2가, 경북대학교병원)",A1300002,23,자동,차단,이비인후과
2026-10-01 01:00:01,대구광역시,A1300002,경북대학교병원,응급,Y000,응급실,"[구강악안면외과] 단순(치통, 치관파절, 보철물 탈락 등 비응급 질환) 치아 질환 응급실 진료 불가",20260928070000,20261005070000,"대구광역시 중구 동덕로 130 (삼덕동2가, 경북대학교병원)",A1300002,24,자동,차단,치과
2026-10-01 01:00:01,대구광역시,A1300002,경북대학교병원,중증,Y0070,장중첩/폐색(유아),[소아청소년과] 의료진 부재로 장충첩증 정복술 불가,20260928070000,20261005070000,"대구광역시 중구 동덕로 130 (삼덕동2가, 경북대학교병원)",A1300002,25,자동,차단,
2026-10-01 01:00:01,대구광역시,A1300002,경북대학교병원,응급,Y000,응급실,"[안과] 신경안과질환(마비사시, 시신경염, 혀혈성 시신경병증 등) 관련 전문의 부재로 응급진료 불가",20260924070100,20261001070000,"대구광역시 중구 동덕로 130 (삼덕동2가, 경북대학교병원)",A1300002,26,자동,차단,안과
2026-10-01 01:00:01,대구광역시,A1300003,계명대학교동산병원,응급,Y000,응급실,[외과] 외과계 중환자실 부족으로 통보 시까지 외상 환자 수용불가 pf 박찬희,20260926071000,20261003120000,대구광역시 달서구 달구벌대로 1035 (신당동),A1300003,27,자동,차단,외과
2026-10-01 01:00:01,대구광역시,A1300003,계명대학교동산병원,응급,Y000,응급실,[소아청소년과] 정규시간 외 수용제한 (이송 전 확인),20260926071000,20261003120000,대구광역시 달서구 달구벌대로 1035 (신당동),A1300003,28,자동,차단,소아청소년과
2026-10-01 01:00:01,대구광역시,A1300003,계명대학교동산병원,응급,Y000,응급실,[부인과] f/u 외 이송 전 확인,20260926071000,20261003120000,대구광역시 달서구 달구벌대로 1035 (신당동),A1300003,29,자동,차단,산부인과
2026-10-01 01:00:01,대구광역시,A1300003,계명대학교동산병원,응급,Y000,응급실,[치과] 정규시간 외 불가,20260926071000,20261003120000,대구광역시 달서구 달구벌대로 1035 (신당동),A1300003,30,자동,차단,치과
2026-10-01 01:00:01,대구광역시,A1300004,대구가톨릭대학교병원,응급,Y000,응급실,수혈 필요한 출혈 환자 수용불가,20260930195200,20261001080000,대구광역시 남구 두류공원로17길 33 (대명동),A1300004,31,자동,차단,응급실
2026-10-01 01:00:01,대구광역시,A1300004,대구가톨릭대학교병원,응급,Y000,응급실,"응급실 이사 및 이전 작업으로 인한 정상진료/수용 어려움, 환자 이송 및 전원 시 사전 문의",20260929180000,20261001083000,대구광역시 남구 두류공원로17길 33 (대명동),A1300004,32,자동,차단,응급실
2026-10-01 01:00:01,대구광역시,A1300004,대구가톨릭대학교병원,응급,Y000,응급실,신경과_신경과_의료진부족_길랭바레증후군+근무력증_진료불가,20260929000000,20261005235900,대구광역시 남구 두류공원로17길 33 (대명동),A1300004,33,자동,차단,신경과
2026-10-01 01:00:01,대구광역시,A1300004,대구가톨릭대학교병원,응급,Y000,응급실,치과_외래시간 진료가능(악안면봉합포함),20260929000000,20261005235900,대구광역시 남구 두류공원로17길 33 (대명동),A1300004,34,자동,차단,치과
2026-10-01 01:00:01,대구광역시,A1300004,대구가톨릭대학교병원,응급,Y000,응급실,비뇨의학과_의료진부족_사전문의,20260929000000,20261005235900,대구광역시 남구 두류공원로17길 33 (대명동),A1300004,35,자동,차단,비뇨의학과
2026-10-01 01:00:01,대구광역시,A1300004,대구가톨릭대학교병원,응급,Y000,응급실,외과_의료진부족_사전문의,20260929000000,20261005235900,대구광역시 남구 두류공원로17길 33 (대명동),A1300004,36,자동,차단,외과
2026-10-01 01:00:01,대구광역시,A1300004,대구가톨릭대학교병원,응급,Y000,응급실,"소아청소년과_수요일 야간/일요일 진료가능,소아신경과 불가",20260929000000,20261005235900,대구광역시 남구 두류공원로17길 33 (대명동),A1300004,37,자동,차단,소아청소년과
2026-10-01 01:00:01,대구광역시,A1300004,대구가톨릭대학교병원,응급,Y000,응급실,산부인과_ 의료진부족_ 사전문의,20260929000000,20261005235900,대구광역시 남구 두류공원로17길 33 (대명동),A1300004,38,자동,차단,산부인과
2026-10-01 01:00:01,대구광역시,A1300004,대구가톨릭대학교병원,응급,Y000,응급실,"신경과_seizure f/u 외 수용불가, 뇌경색의심환자 사전문의",20260929000000,20261005235900,대구광역시 남구 두류공원로17길 33 (대명동),A1300004,39,자동,차단,신경과
2026-10-01 01:00:01,대구광역시,A1300004,대구가톨릭대학교병원,응급,Y000,응급실,피부과_평일 진료가능,20260929000000,20261005235900,대구광역시 남구 두류공원로17길 33 (대명동),A1300004,40,자동,차단,피부과
2026-10-01 01:00:01,대구광역시,A1300008,곽병원,응급,Y000,응급실,"장중첩증, 경련,정신건강학적 환자 수용불가",20260928000000,20261004235900,대구광역시 중구 국채보상로 531 (수동),A1300008,41,자동,차단,소아청소년과
2026-10-01 01:00:01,대구광역시,A1300009,대구파티마병원,중증,Y0020,뇌경색의 재관류중재술,[신경외과]의료진 부재로 진료 불가능,20260930160000,20261001080000,대구광역시 동구 아양로 99 (신암동),A1300009,42,자동,차단,신경외과
2026-10-01 01:00:01,대구광역시,A1300009,대구파티마병원,중증,Y0031,뇌출혈수술(거미막하 출혈),[신경외과]의료진 부재로 진료 불가능,20260930160000,20261001080000,대구광역시 동구 아양로 99 (신암동),A1300009,43,자동,차단,신경외과
2026-10-01 01:00:01,대구광역시,A1300009,대구파티마병원,중증,Y0032,뇌출혈수술(거미막하 출혈 외),[신경외과]의료진 부재로 진료 불가능,20260930160000,20261001080000,대구광역시 동구 아양로 99 (신암동),A1300009,44,자동,차단,신경외과
2026-10-01 01:00:01,대구광역시,A1300009,대구파티마병원,응급,Y000,응급실,[피부과]외래진료시간외 진료불가,20260928100100,20261005100000,대구광역시 동구 아양로 99 (신암동),A1300009,45,자동,차단,피부과
2026-10-01 01:00:01,대구광역시,A1300009,대구파티마병원,응급,Y000,응급실,"[소아청소년과]공휴일(토.일제외), 평일야간(17:30~08:00)진료불가, 이송전 문의",20260928100100,20261005100000,대구광역시 동구 아양로 99 (신암동),A1300009,46,자동,차단,소아청소년과
2026-10-01 01:00:01,대구광역시,A1300009,대구파티마병원,응급,Y000,응급실,[안과]망막 등 응급수술 필요한 환자 이송전문의,20260928100100,20261005100000,대구광역시 동구 아양로 99 (신암동),A1300009,47,자동,차단,안과
2026-10-01 01:00:01,대구광역시,A1300009,대구파티마병원,응급,Y000,응급실,[산부인과] 본원 f/u 이외 산부인과 진료불가,20260928100100,20261005100000,대구광역시 동구 아양로 99 (신암동),A1300009,48,자동,차단,산부인과
2026-10-01 01:00:01,대구광역시,A1300009,대구파티마병원,응급,Y000,응급실,"[정신건강의학과]병력,자해,약물중독환자 수용불가",20260928100100,20261005100000,대구광역시 동구 아양로 99 (신암동),A1300009,49,자동,차단,정신건강의학과
2026-10-01 01:00:01,대구광역시,A1300009,대구파티마병원,응급,Y000,응급실,[이비인후과]외래 진료시간외 진료불가. 이송전문의,20260928100100,20261005100000,대구광역시 동구 아양로 99 (신암동),A1300009,50,자동,차단,이비인후과
2026-10-01 01:00:01,대구광역시,A1300009,대구파티마병원,응급,Y000,응급실,[비뇨의학과] 본원 f/u 포함 이송전 문의,20260928100100,20261005100000,대구광역시 동구 아양로 99 (신암동),A1300009,51,자동,차단,비뇨의학과
2026-10-01 01:00:01,대구광역시,A1300009,대구파티마병원,응급,Y000,응급실,"[소화기내과]평일17:00~09:00, 토.일.공휴일12:00~09:00 신환응급내시경 및 소화기내과 시술불가",20260928100100,20261005100000,대구광역시 동구 아양로 99 (신암동),A1300009,52,자동,차단,소화기내과
2026-10-01 01:00:01,대구광역시,A1300009,대구파티마병원,응급,Y000,응급실,"[치과]목요일,공휴일,일요일,야간진료 불가",20260928100100,20261005100000,대구광역시 동구 아양로 99 (신암동),A1300009,53,자동,차단,치과
2026-10-01 01:00:01,대구광역시,A1300009,대구파티마병원,응급,Y000,응급실,[응급실]타 대학병원 F/U환자 이송전 문의,20260928100100,20261005100000,대구광역시 동구 아양로 99 (신암동),A1300009,54,자동,차단,응급실
2026-10-01 01:00:01,대구광역시,A1300009,대구파티마병원,응급,Y000,응급실,[소아외과]의료진부족으로 소아외과 이송전 문의,20260928100100,20261005100000,대구광역시 동구 아양로 99 (신암동),A1300009,55,자동,차단,외과
2026-10-01 01:00:01,대구광역시,A1300010,칠곡경북대학교병원,중증,Y0010,심근경색의 재관류중재술,"평일 야간, 주말 불가(사정에 따라 지연 또는 제한)",20260930173000,20261001075900,"대구광역시 북구 호국로 807, 칠곡경북대학교병원(임상실습동 1~11층 포함) (학정동)",A1300010,56,자동,차단,
2026-10-01 01:00:01,대구광역시,A1300010,칠곡경북대학교병원,응급,Y000,응급실,[부인과] 신환 진료 불가,20260930170000,20261001075900,"대구광역시 북구 호국로 807, 칠곡경북대학교병원(임상실습동 1~11층 포함) (학정동)",A1300010,57,자동,차단,산부인과
2026-10-01 01:00:01,대구광역시,A1300010,칠곡경북대학교병원,응급,Y000,응급실,[혈관외과] 응급진료 불가,20260930080000,20261001075900,"대구광역시 북구 호국로 807, 칠곡경북대학교병원(임상실습동 1~11층 포함) (학정동)",A1300010,58,자동,차단,외과
2026-10-01 01:00:01,대구광역시,A1300010,칠곡경북대학교병원,응급,Y000,응급실,"[이비인후과] 두경부 질환 (얼굴, 목 질환) 진료불가",20260930070000,20261005065900,"대구광역시 북구 호국로 807, 칠곡경북대학교병원(임상실습동 1~11층 포함) (학정동)",A1300010,59,자동,차단,이비인후과
2026-10-01 01:00:01,대구광역시,A1300010,칠곡경북대학교병원,응급,Y000,응급실,[비뇨의학과] 소아 진료 불가,20260928161900,20261004235900,"대구광역시 북구 호국로 807, 칠곡경북대학교병원(임상실습동 1~11층 포함) (학정동)",A1300010,60,자동,차단,비뇨의학과
2026-10-01 01:00:01,대구광역시,A1300010,칠곡경북대학교병원,응급,Y000,응급실,"[흉부외과] 대동맥박리, 식도 응급질환 등 진료 제한",20260928000000,20261004235900,"대구광역시 북구 호국로 807, 칠곡경북대학교병원(임상실습동 1~11층 포함) (학정동)",A1300010,61,자동,차단,흉부외과
2026-10-01 01:00:01,대구광역시,A1300010,칠곡경북대학교병원,응급,Y000,응급실,[치과] 응급진료 불가,20260928000000,20261004235900,"대구광역시 북구 호국로 807, 칠곡경북대학교병원(임상실습동 1~11층 포함) (학정동)",A1300010,62,자동,차단,치과
2026-10-01 01:00:01,대구광역시,A1300010,칠곡경북대학교병원,응급,Y000,응급실,[피부과] 응급진료 불가,20260928000000,20261004235900,"대구광역시 북구 호국로 807, 칠곡경북대학교병원(임상실습동 1~11층 포함) (학정동)",A1300010,63,자동,차단,피부과
2026-10-01 01:00:01,대구광역시,A1300010,칠곡경북대학교병원,응급,Y000,응급실,[안과] 응급진료 불가,20260928000000,20261004235900,"대구광역시 북구 호국로 807, 칠곡경북대학교병원(임상실습동 1~11층 포함) (학정동)",A1300010,64,자동,차단,안과
2026-10-01 01:00:01,대구광역시,A1300010,칠곡경북대학교병원,응급,Y000,응급실,[정형외과] 응급진료 불가(척추포함),20260928000000,20261004235900,"대구광역시 북구 호국로 807, 칠곡경북대학교병원(임상실습동 1~11층 포함) (학정동)",A1300010,65,자동,차단,정형외과
2026-10-01 01:00:01,대구광역시,A1300010,칠곡경북대학교병원,응급,Y000,응급실,외상 진료 불가 · 약물중독 진료 제한,20260928000000,20261004235900,"대구광역시 북구 호국로 807, 칠곡경북대학교병원(임상실습동 1~11층 포함) (학정동)",A1300010,66,자동,차단,기타 진료과
2026-10-01 01:00:01,대구광역시,A1300010,칠곡경북대학교병원,응급,Y000,응급실,[소화기내과] 간질환 진료 불가,20260928000000,20261004235900,"대구광역시 북구 호국로 807, 칠곡경북대학교병원(임상실습동 1~11층 포함) (학정동)",A1300010,67,자동,차단,소화기내과
2026-10-01 01:00:01,대구광역시,A1300010,칠곡경북대학교병원,응급,Y000,응급실,[산과] 14주 이상 - 30주 미만 고위험 또는 응급 제왕절개 필요한 산모 위주 진료 (산후 출혈 사전 연락 필요),20260928000000,20261004235900,"대구광역시 북구 호국로 807, 칠곡경북대학교병원(임상실습동 1~11층 포함) (학정동)",A1300010,68,자동,차단,산부인과
2026-10-01 01:00:01,대구광역시,A1300010,칠곡경북대학교병원,응급,Y000,응급실,** 원내 사정으로 이송 및 전원 환자 필히 사전 연락 후 이송,20260928000000,20261004235900,"대구광역시 북구 호국로 807, 칠곡경북대학교병원(임상실습동 1~11층 포함) (학정동)",A1300010,69,자동,차단,응급실
2026-10-01 01:00:01,대구광역시,A1300010,칠곡경북대학교병원,중증,Y0070,장중첩/폐색(유아),소아 외과 진료 제한,20260928000000,20261004235900,"대구광역시 북구 호국로 807, 칠곡경북대학교병원(임상실습동 1~11층 포함) (학정동)",A1300010,70,자동,차단,
2026-10-01 01:00:01,대구광역시,A1303386,계명대학교대구동산병원,응급,Y000,응급실,혈액제제 부족으로 관련 환자 수용 제한(사전 연락 바랍니다),20261001000000,20261008235900,"대구광역시 중구 달성로 56, 계명대학교대구동산병원 (동산동)",A1303386,71,자동,차단,병상 또는 장비
2026-10-01 01:00:01,대구광역시,A1303386,계명대학교대구동산병원,응급,Y000,응급실,오후 10시 이후 신경과 관련 환자 진료 제한(사전 연락 바랍니다),20261001000000,20261008235900,"대구광역시 중구 달성로 56, 계명대학교대구동산병원 (동산동)",A1303386,72,자동,차단,신경과
2026-10-01 01:00:01,대구광역시,A1303386,계명대학교대구동산병원,응급,Y000,응급실,"부인과, 소아청소년과, 이비인후과 외래시간 외 관련 환자 수용 불가(사전 연락 바랍니다)",20261001000000,20261008235900,"대구광역시 중구 달성로 56, 계명대학교대구동산병원 (동산동)",A1303386,73,자동,차단,기타 진료과
2026-10-01 01:00:01,대구광역시,A1303386,계명대학교대구동산병원,응급,Y000,응급실,환자 이송 전 KTAS 보내고 연락 바랍니다. 서버 불안정으로 구급활동정보 알람이 때때로 오지 않습니다.,20261001000000,20261008235900,"대구광역시 중구 달성로 56, 계명대학교대구동산병원 (동산동)",A1303386,74,자동,차단,병상 또는 장비
2026-10-01 01:00:01,대구광역시,A1303386,계명대학교대구동산병원,응급,Y000,응급실,"산과, 신경외과, 심장내과, 심장혈관흉부외과, 성형외과, 피부과 의료진 부재로 관련 환자 수용 불가",20261001000000,20261008235900,"대구광역시 중구 달성로 56, 계명대학교대구동산병원 (동산동)",A1303386,75,자동,차단,기타 진료과
2026-10-01 01:00:01,대구광역시,A1303386,계명대학교대구동산병원,응급,Y000,응급실,"수술적 처치 필요한 척추 질환, 척추 감염환자 수용 불가",20261001000000,20261008235900,"대구광역시 중구 달성로 56, 계명대학교대구동산병원 (동산동)",A1303386,76,자동,차단,정형외과
2026-10-01 01:00:01,대전광역시,A1600001,충남대학교병원,응급,Y000,응급실,"[영상의학과] 해당 파트  투시검사/시 술(소아 장중첩증 정복), 소아 초음파 검사/시술 불가능 함",20260928090300,20261005140000,"대전광역시 중구 문화로 282, 충남대학교병원 (대사동)",A1600001,1,자동,차단,영상의학과
2026-10-01 01:00:01,대전광역시,A1600001,충남대학교병원,응급,Y000,응급실,[소아 청소년과]  소아내시경 불가능함,20260928090300,20261005140000,"대전광역시 중구 문화로 282, 충남대학교병원 (대사동)",A1600001,2,자동,차단,소아청소년과
2026-10-01 01:00:01,대전광역시,A1600001,충남대학교병원,응급,Y000,응급실,[호흡기 내과 ]타병원  항암 환자 초진 불가,20260928090300,20261005140000,"대전광역시 중구 문화로 282, 충남대학교병원 (대사동)",A1600001,3,자동,차단,호흡기내과
2026-10-01 01:00:01,대전광역시,A1600001,충남대학교병원,응급,Y000,응급실,"[성형외과] 봉합 지정시간 => 11A, 3P, 8P",20260928090300,20261005140000,"대전광역시 중구 문화로 282, 충남대학교병원 (대사동)",A1600001,4,자동,차단,성형외과
2026-10-01 01:00:01,대전광역시,A1600001,충남대학교병원,응급,Y000,응급실,"[신경과] 의료진 부족으로 23시 ~익일 8시까지 신경과 진료 불가( 단,  3일이내 급성뇌경색/뇌전증 지속상태에 대해서는 야간 진료 가능)",20260928090300,20261005140000,"대전광역시 중구 문화로 282, 충남대학교병원 (대사동)",A1600001,5,자동,차단,신경과
2026-10-01 01:00:01,대전광역시,A1600002,학교법인을지학원대전을지대학교병원,응급,Y000,응급실,★[신장내과] 중증 신장내과 환자 f/u 포함 진료불가(경증 가능),20260928122900,20261005090000,대전광역시 서구 둔산서로 95 (둔산동),A1600002,6,자동,차단,신장내과
2026-10-01 01:00:01,대전광역시,A1600002,학교법인을지학원대전을지대학교병원,응급,Y000,응급실,[정신과] 24시 가능(입원 필요시 전화),20260928090100,20261005090000,대전광역시 서구 둔산서로 95 (둔산동),A1600002,7,자동,차단,정신건강의학과
2026-10-01 01:00:01,대전광역시,A1600002,학교법인을지학원대전을지대학교병원,응급,Y000,응급실,[비뇨기과] 평일 08:00 ~ 16:30 가능,20260928090100,20261005090000,대전광역시 서구 둔산서로 95 (둔산동),A1600002,8,자동,차단,비뇨의학과
2026-10-01 01:00:01,대전광역시,A1600002,학교법인을지학원대전을지대학교병원,응급,Y000,응급실,"[안과], [치과], [응급 기관지 내시경] 불가",20260928090100,20261005090000,대전광역시 서구 둔산서로 95 (둔산동),A1600002,9,자동,차단,기타 진료과
2026-10-01 01:00:01,대전광역시,A1600002,학교법인을지학원대전을지대학교병원,응급,Y000,응급실,[성형외과] 평일 09:00 ~ 20:00(화요일 ~19시까지) / 주말 09:00 ~ 16:00 가능,20260928090100,20261005090000,대전광역시 서구 둔산서로 95 (둔산동),A1600002,10,자동,차단,성형외과
2026-10-01 01:00:01,대전광역시,A1600002,학교법인을지학원대전을지대학교병원,응급,Y000,응급실,[외과] 매일 08:00 ~ 21:00 가능,20260928090100,20261005090000,대전광역시 서구 둔산서로 95 (둔산동),A1600002,11,자동,차단,외과
2026-10-01 01:00:01,대전광역시,A1600002,학교법인을지학원대전을지대학교병원,응급,Y000,응급실,[피부과] 매일 ~21:00 가능,20260928090100,20261005090000,대전광역시 서구 둔산서로 95 (둔산동),A1600002,12,자동,차단,피부과
2026-10-01 01:00:01,대전광역시,A1600002,학교법인을지학원대전을지대학교병원,응급,Y000,응급실,"[소아과] 월,화,목 08:00 ~ 22:00 / 수 08:00 ~ 17:00 / 금 08:00 ~ 13:00 가능(장중첩, 소아신경 및 심장 진료불가)",20260928090100,20261005090000,대전광역시 서구 둔산서로 95 (둔산동),A1600002,13,자동,차단,소아청소년과
2026-10-01 01:00:01,대전광역시,A1600002,학교법인을지학원대전을지대학교병원,응급,Y000,응급실,[이비인후과] 24시간 가능(두경부 감염 관련은 불가),20260928090100,20261005090000,대전광역시 서구 둔산서로 95 (둔산동),A1600002,14,자동,차단,이비인후과
2026-10-01 01:00:01,대전광역시,A1600002,학교법인을지학원대전을지대학교병원,응급,Y000,응급실,"[신경과] 매일 07:00 ~ 18:00 가능(seizure, stroke 환자는 ~21:00 가능/stroke 환자 뇌혈관순환 당직날은 자정 이후도 가능)",20260928090100,20261005090000,대전광역시 서구 둔산서로 95 (둔산동),A1600002,15,자동,차단,신경과
2026-10-01 01:00:01,대전광역시,A1600002,학교법인을지학원대전을지대학교병원,응급,Y000,응급실,"[정형외과] 24시간 가능(주말,공휴일도 가능/소아 가능)",20260928090100,20261005090000,대전광역시 서구 둔산서로 95 (둔산동),A1600002,16,자동,차단,정형외과
2026-10-01 01:00:01,대전광역시,A1600002,학교법인을지학원대전을지대학교병원,응급,Y000,응급실,"[신경외과] 24시간 가능(만8세 이상, 몸무게 40kg 이상 진료가능/소아 경증은 외래진료 가능성 있습니다)",20260928090100,20261005090000,대전광역시 서구 둔산서로 95 (둔산동),A1600002,17,자동,차단,신경외과
2026-10-01 01:00:01,대전광역시,A1600002,학교법인을지학원대전을지대학교병원,응급,Y000,응급실,[산부인과] 통화 후 이송바랍니다,20260928090100,20261005090000,대전광역시 서구 둔산서로 95 (둔산동),A1600002,18,자동,차단,산부인과
2026-10-01 01:00:01,대전광역시,A1600002,학교법인을지학원대전을지대학교병원,중증,Y0070,장중첩/폐색(유아),진료 불가합니다,20260928083000,20261005090000,대전광역시 서구 둔산서로 95 (둔산동),A1600002,19,자동,차단,
2026-10-01 01:00:01,대전광역시,A1600002,학교법인을지학원대전을지대학교병원,중증,Y0082,위장관 응급내시경(영유아),진료 불가합니다,20260928083000,20261005090000,대전광역시 서구 둔산서로 95 (둔산동),A1600002,20,자동,차단,
2026-10-01 01:00:01,대전광역시,A1600005,학교법인가톨릭학원가톨릭대학교대전성모병원,응급,Y000,응급실,본원 사정에 의하여 안과 평일 08시부터 18시까지만 진료 가능합니다. 이송 시 참고 바랍니다.,20260929182000,20261006235900,"대전광역시 중구 대흥로 64, 성모병원 (대흥동)",A1600005,21,자동,차단,안과
2026-10-01 01:00:01,대전광역시,A1600005,학교법인가톨릭학원가톨릭대학교대전성모병원,응급,Y000,응급실,응급실 상황에 따라 (중증응급)환자 수용 불가능할 수 있으니 이송 시 확인 바랍니다.,20260929182000,20261006235900,"대전광역시 중구 대흥로 64, 성모병원 (대흥동)",A1600005,22,자동,차단,응급실
2026-10-01 01:00:01,대전광역시,A1600005,학교법인가톨릭학원가톨릭대학교대전성모병원,응급,Y000,응급실,본원 사정에 의하여 이비인후과 08시부터 21시까지만 진료가 가능합니다. 이송 시 참고 바랍니다.,20260929182000,20261006235900,"대전광역시 중구 대흥로 64, 성모병원 (대흥동)",A1600005,23,자동,차단,이비인후과
2026-10-01 01:00:01,대전광역시,A1600005,학교법인가톨릭학원가톨릭대학교대전성모병원,응급,Y000,응급실,본원 사정에 의하여 비뇨기과 야간/주말/공휴일 응급실 진료 불가합니다. 이송 시 참고 바랍니다.,20260929182000,20261006235900,"대전광역시 중구 대흥로 64, 성모병원 (대흥동)",A1600005,24,자동,차단,비뇨의학과
2026-10-01 01:00:01,대전광역시,A1600005,학교법인가톨릭학원가톨릭대학교대전성모병원,응급,Y000,응급실,산부인과 분만 본원 사정으로 인하여 본원 F/U(37주이상) 환자만 수용 가능합니다.,20260929182000,20261006235900,"대전광역시 중구 대흥로 64, 성모병원 (대흥동)",A1600005,25,자동,차단,산부인과
2026-10-01 01:00:01,대전광역시,A1600005,학교법인가톨릭학원가톨릭대학교대전성모병원,응급,Y000,응급실,본원 사정으로 소아과 진료 불가합니다. 이송 시 참고 바랍니다.,20260929182000,20261006235900,"대전광역시 중구 대흥로 64, 성모병원 (대흥동)",A1600005,26,자동,차단,소아청소년과
2026-10-01 01:00:01,대전광역시,A1600005,학교법인가톨릭학원가톨릭대학교대전성모병원,응급,Y000,응급실,본원 응급실 성형외과 진료 불가합니다. 이송 시 참고 바랍니다.,20260929182000,20261006235900,"대전광역시 중구 대흥로 64, 성모병원 (대흥동)",A1600005,27,자동,차단,성형외과
2026-10-01 01:00:01,대전광역시,A1600006,학교법인건양교육재단건양대학교병원,응급,Y000,응급실,"월-금 08:30~21:00 / 토 24시간 / 일요일 09:00~18:00 진료 가능합니다. 단, 중증 환자의 경우 의뢰 후 결정되니 이송 전 수용 가능여부 확인바랍니다.",20260928080000,20261003130000,"대전광역시 서구 관저동로 158, 건양대학교병원 (관저동)",A1600006,28,자동,차단,안과
2026-10-01 01:00:01,대전광역시,A1600006,학교법인건양교육재단건양대학교병원,응급,Y000,응급실,월~목 08:30-22:00 (공휴일인 경우 불가능)/ 금~일 08:30-익일 08:00 (공휴일에도 가능),20260928080000,20261003130000,"대전광역시 서구 관저동로 158, 건양대학교병원 (관저동)",A1600006,29,자동,차단,소아청소년과
2026-10-01 01:00:01,대전광역시,A1600006,학교법인건양교육재단건양대학교병원,응급,Y000,응급실,"일~목요일(07시~21시), 금,토(07시~익일 07시) 이비인후과 진료 가능합니다. / 단, 본원 이비인후과 수술 후 출혈환자 상시 가능합니다.",20260927210000,20261003130000,"대전광역시 서구 관저동로 158, 건양대학교병원 (관저동)",A1600006,30,자동,차단,이비인후과
2026-10-01 01:00:01,대전광역시,A1600006,학교법인건양교육재단건양대학교병원,응급,Y000,응급실,본원 정형외과 의료진 부재로 femur shaft fracture 관련 진료 및 처치 불가능 합니다,20260927083000,20261004083000,"대전광역시 서구 관저동로 158, 건양대학교병원 (관저동)",A1600006,31,자동,차단,정형외과
2026-10-01 01:00:01,대전광역시,A1600006,학교법인건양교육재단건양대학교병원,응급,Y000,응급실,응급실에서 이비인후과 두경부파트 진료 불가능합니다.,20260926133600,20261003130000,"대전광역시 서구 관저동로 158, 건양대학교병원 (관저동)",A1600006,32,자동,차단,이비인후과
2026-10-01 01:00:01,대전광역시,A1600006,학교법인건양교육재단건양대학교병원,응급,Y000,응급실,본원 영상의학중재술이 필요한 환자 시술 및 수술 수용가능 여부는 이송전 꼭 문의 연락부탁드립니다.,20260926130000,20261003130000,"대전광역시 서구 관저동로 158, 건양대학교병원 (관저동)",A1600006,33,자동,차단,응급실
2026-10-01 01:00:01,대전광역시,A1600006,학교법인건양교육재단건양대학교병원,응급,Y000,응급실,"평일(18시~익일 06시), 주말 및 공휴일(06시~익일06시) 본원 URO f/u 환자만 수용 가능합니다. 이송 전 수용 여부 꼭 확인바랍니다.",20260926130000,20261003130000,"대전광역시 서구 관저동로 158, 건양대학교병원 (관저동)",A1600006,34,자동,차단,비뇨의학과
2026-10-01 01:00:01,대전광역시,A1600006,학교법인건양교육재단건양대학교병원,응급,Y000,응급실,[고압산소치료] 본원 monoplace chamber로 환자 모니터링이 불가능하여 자가기도유지 불가능한 환자는 고압산소치료가 불가능합니다.,20260926130000,20261003130000,"대전광역시 서구 관저동로 158, 건양대학교병원 (관저동)",A1600006,35,자동,차단,병상 또는 장비
2026-10-01 01:00:01,대전광역시,A1600006,학교법인건양교육재단건양대학교병원,응급,Y000,응급실,응급실에서 피부과 진료 불가능합니다.,20260926130000,20261003130000,"대전광역시 서구 관저동로 158, 건양대학교병원 (관저동)",A1600006,36,자동,차단,피부과
2026-10-01 01:00:01,대전광역시,A1600006,학교법인건양교육재단건양대학교병원,응급,Y000,응급실,응급실에서 성형외과 진료 불가능 합니다.,20260926130000,20261003130000,"대전광역시 서구 관저동로 158, 건양대학교병원 (관저동)",A1600006,37,자동,차단,성형외과
2026-10-01 01:00:01,대전광역시,A1600006,학교법인건양교육재단건양대학교병원,응급,Y000,응급실,응급실에서 치과 진료 불가능합니다.,20260926130000,20261003130000,"대전광역시 서구 관저동로 158, 건양대학교병원 (관저동)",A1600006,38,자동,차단,치과
2026-10-01 01:00:01,대전광역시,A1600006,학교법인건양교육재단건양대학교병원,응급,Y000,응급실,당직의 사정에 따라 진료 가능여부 다를 수 있으니 이송 전 확인바랍니다.,20260926130000,20261003130000,"대전광역시 서구 관저동로 158, 건양대학교병원 (관저동)",A1600006,39,자동,차단,산부인과
2026-10-01 01:00:01,대전광역시,A1600006,학교법인건양교육재단건양대학교병원,응급,Y000,응급실,본원 소아외과 의료진 부재로 응급실에서 소아외과적 환자 진료 및 수술 불가능합니다.,20260924114900,20261001130000,"대전광역시 서구 관저동로 158, 건양대학교병원 (관저동)",A1600006,40,자동,차단,외과
2026-10-01 01:00:01,대전광역시,A1600007,의료법인영훈의료재단유성선병원,응급,Y000,응급실,외래 진료만 가능,20260928090000,20261005100000,대전광역시 유성구 북유성대로 93 (지족동),A1600007,41,자동,차단,정신건강의학과
2026-10-01 01:00:01,대전광역시,A1600007,의료법인영훈의료재단유성선병원,응급,Y000,응급실,산과 진료 불가 전문의 부재,20260928090000,20261005100000,대전광역시 유성구 북유성대로 93 (지족동),A1600007,42,자동,차단,산부인과
2026-10-01 01:00:01,대전광역시,A1600007,의료법인영훈의료재단유성선병원,응급,Y000,응급실,"DI 환자, ROSC 환자는 관련 질환과  부재로  수용 불가",20260928090000,20261005100000,대전광역시 유성구 북유성대로 93 (지족동),A1600007,43,자동,차단,응급실
2026-10-01 01:00:01,대전광역시,A1600007,의료법인영훈의료재단유성선병원,응급,Y000,응급실,외래 진료만 가능,20260928090000,20261005100000,대전광역시 유성구 북유성대로 93 (지족동),A1600007,44,자동,차단,치과
2026-10-01 01:00:01,대전광역시,A1600007,의료법인영훈의료재단유성선병원,응급,Y000,응급실,진료 불가 전문의 부재,20260928090000,20261005100000,대전광역시 유성구 북유성대로 93 (지족동),A1600007,45,자동,차단,피부과
2026-10-01 01:00:01,대전광역시,A1600007,의료법인영훈의료재단유성선병원,응급,Y000,응급실,09시부터 22시까지만 가능,20260928090000,20261005100000,대전광역시 유성구 북유성대로 93 (지족동),A1600007,46,자동,차단,성형외과
2026-10-01 01:00:01,대전광역시,A1600007,의료법인영훈의료재단유성선병원,응급,Y000,응급실,전문의 부재 진료 불가,20260928090000,20261005100000,대전광역시 유성구 북유성대로 93 (지족동),A1600007,47,자동,차단,흉부외과
2026-10-01 01:00:01,대전광역시,A1600007,의료법인영훈의료재단유성선병원,응급,Y000,응급실,외래 진료만 가능,20260928090000,20261005100000,대전광역시 유성구 북유성대로 93 (지족동),A1600007,48,자동,차단,혈액·종양내과
2026-10-01 01:00:01,대전광역시,A1600007,의료법인영훈의료재단유성선병원,응급,Y000,응급실,진료 불가 전문의 부재,20260928090000,20261005100000,대전광역시 유성구 북유성대로 93 (지족동),A1600007,49,자동,차단,안과
2026-10-01 01:00:01,대전광역시,A1600007,의료법인영훈의료재단유성선병원,응급,Y000,응급실,외래 진료만 가능,20260928090000,20261005100000,대전광역시 유성구 북유성대로 93 (지족동),A1600007,50,자동,차단,소아청소년과
2026-10-01 01:00:01,대전광역시,A1600008,의료법인영훈의료재단대전선병원,응급,Y000,응급실,본원 심정지 후치료(목표체온치료/ECMO등..) 불가합니다.,20260928090000,20261005090000,"대전광역시 중구 목중로 29 (목동,(목동))",A1600008,51,자동,차단,응급실
2026-10-01 01:00:01,대전광역시,A1600008,의료법인영훈의료재단대전선병원,응급,Y000,응급실,"이비인후과 출혈(코피포함), ENT적 호흡곤란 동반환자, 타병원 수술후 합병증,목에 이물감,목의 부종과 통증이 동반된 deep neck 감염환자들은 외래 진료시간 (평일 8:30~17:30/토요일 8:30~12:30) 외 진료 불가",20260928090000,20261005090000,"대전광역시 중구 목중로 29 (목동,(목동))",A1600008,52,자동,차단,이비인후과
2026-10-01 01:00:01,대전광역시,A1600008,의료법인영훈의료재단대전선병원,응급,Y000,응급실,내분비내과 진료과 사정으로 응급실 진료 및 입원 불가합니다.,20260928090000,20261005090000,"대전광역시 중구 목중로 29 (목동,(목동))",A1600008,53,자동,차단,내분비내과
2026-10-01 01:00:01,대전광역시,A1600008,의료법인영훈의료재단대전선병원,응급,Y000,응급실,소아청소년과 외래진료시간 (08:30~17:30) 이외에 소아전문의 진료 불가능합니다.,20260928090000,20261005090000,"대전광역시 중구 목중로 29 (목동,(목동))",A1600008,54,자동,차단,소아청소년과
2026-10-01 01:00:01,대전광역시,A1600008,의료법인영훈의료재단대전선병원,응급,Y000,응급실,구강외과 외래 진료시간(08:30~17:30)외에 응급진료 어려우며 외래진료 시간에도 구강외과 사정에 따라 진료가 제한될 수 있으므로 이송 전 연락바랍니다.,20260928090000,20261005090000,"대전광역시 중구 목중로 29 (목동,(목동))",A1600008,55,자동,차단,치과
2026-10-01 01:00:01,울산광역시,A1700002,의료법인동강의료재단동강병원,응급,Y000,응급실,"(소아 전 연령) 활력징후 비정상, 산소포화도 저하, CPR 상태, 인공호흡기 치료필요, 뇌전증중첩증, 당뇨병성 케톤산증, 의식저하,",20260929000000,20261005235900,울산광역시 중구 태화로 239 (태화동),A1700002,1,자동,차단,응급실
2026-10-01 01:00:01,울산광역시,A1700002,의료법인동강의료재단동강병원,응급,Y000,응급실,종양내과 부재로 암 관련 진료불가,20260929000000,20261005235900,울산광역시 중구 태화로 239 (태화동),A1700002,2,자동,차단,응급실
2026-10-01 01:00:01,울산광역시,A1700002,의료법인동강의료재단동강병원,응급,Y000,응급실,12개월 미만 소아청소년과 진료불가,20260929000000,20261005235900,울산광역시 중구 태화로 239 (태화동),A1700002,3,자동,차단,응급실
2026-10-01 01:00:01,울산광역시,A1700002,의료법인동강의료재단동강병원,응급,Y000,응급실,"비뇨의학과 외래시간만 운영, 요로결석 통증치료, Testis torsion 만 가능, 전화문의후 진료결정",20260929000000,20261005235900,울산광역시 중구 태화로 239 (태화동),A1700002,4,자동,차단,응급실
2026-10-01 01:00:01,울산광역시,A1700002,의료법인동강의료재단동강병원,응급,Y000,응급실,신경학적 이상을 동반한 척추손상은 SC 외래 진료시간만 가능,20260929000000,20261005235900,울산광역시 중구 태화로 239 (태화동),A1700002,5,자동,차단,응급실
2026-10-01 01:00:01,울산광역시,A1700002,의료법인동강의료재단동강병원,응급,Y000,응급실,급성대동맥 질환 상황판 병상수와 관계없이 응급실로 문의바랍니다.,20260929000000,20261006235900,울산광역시 중구 태화로 239 (태화동),A1700002,6,자동,차단,응급실
2026-10-01 01:00:01,울산광역시,A1700002,의료법인동강의료재단동강병원,응급,Y000,응급실,"안과, 이비인후과, 피부과 전문의 부재로 진료불가",20260929000000,20261005235900,울산광역시 중구 태화로 239 (태화동),A1700002,7,자동,차단,응급실
2026-10-01 01:00:01,울산광역시,A1700002,의료법인동강의료재단동강병원,응급,Y000,응급실,성형외과 봉합은 예약제로 운영하며 응급실 문의후 결정,20260929000000,20261005235900,울산광역시 중구 태화로 239 (태화동),A1700002,8,자동,차단,응급실
2026-10-01 01:00:01,울산광역시,A1700002,의료법인동강의료재단동강병원,응급,Y000,응급실,중독 관련과 부재로 진료불가,20260929000000,20261005235900,울산광역시 중구 태화로 239 (태화동),A1700002,9,자동,차단,응급실
2026-10-01 01:00:01,울산광역시,A1700002,의료법인동강의료재단동강병원,응급,Y000,응급실,"(소아 전 연령) 기도 및 식도 이물, 선천심질환자, 소아암, 소아혈액질환 치료중인 환자, 소아중증 외상 환자, 소아신경과, 소아신장 진료불가",20260929000000,20261005235900,울산광역시 중구 태화로 239 (태화동),A1700002,10,자동,차단,응급실
2026-10-01 01:00:01,울산광역시,A1700002,의료법인동강의료재단동강병원,응급,Y000,응급실,"치아 골절 및 탈구 평일 주간, 토요일 오전 외래 진료시간만 가능 안면부 골절 검사만 가능하고 평일 야간, 주말동안 응급수술 불가",20260929000000,20261005235900,울산광역시 중구 태화로 239 (태화동),A1700002,11,자동,차단,응급실
2026-10-01 01:00:01,세종특별자치시,A1800441,세종충남대학교병원,응급,Y000,응급실,"[소아전문응급의료센터] 10월 매주 목요일 제외한 22시~익일 10시는 응급분만·가정분만 신생아 및 심폐소생술 필요 환자, 뇌전증 지속상태 환자만 수용 가능",20261001000000,20261003235900,"세종특별자치시 보듬7로 20, 세종충남대학교병원 (도담동)",A1800441,1,자동,차단,소아청소년과
2026-10-01 01:00:01,세종특별자치시,A1800441,세종충남대학교병원,응급,Y000,응급실,[안과] 응급실 진료 어려울수 있으니 사전연락 바람,20260927000000,20261003235900,"세종특별자치시 보듬7로 20, 세종충남대학교병원 (도담동)",A1800441,2,자동,차단,안과
2026-10-01 01:00:01,세종특별자치시,A1800441,세종충남대학교병원,응급,Y000,응급실,"[치과] 응급실 내 진료 어려움, 이송자제",20260927000000,20261003235900,"세종특별자치시 보듬7로 20, 세종충남대학교병원 (도담동)",A1800441,3,자동,차단,치과
2026-10-01 01:00:01,세종특별자치시,A1800441,세종충남대학교병원,응급,Y000,응급실,[소아정형외과] 응급실 진료어려울수 있으니 사전연락 바람,20260927000000,20261003235900,"세종특별자치시 보듬7로 20, 세종충남대학교병원 (도담동)",A1800441,4,자동,차단,정형외과
2026-10-01 01:00:01,세종특별자치시,A1800441,세종충남대학교병원,응급,Y000,응급실,"중환자실) 가동병상수 유동적, 중환 사전연락필수",20260927000000,20261003235900,"세종특별자치시 보듬7로 20, 세종충남대학교병원 (도담동)",A1800441,5,자동,차단,병상 또는 장비
2026-10-01 01:00:01,세종특별자치시,A1800441,세종충남대학교병원,응급,Y000,응급실,[신경외과] 의료진 부족으로 사전 연락 필요,20260927000000,20261003235900,"세종특별자치시 보듬7로 20, 세종충남대학교병원 (도담동)",A1800441,6,자동,차단,신경외과
2026-10-01 01:00:01,세종특별자치시,A1800441,세종충남대학교병원,응급,Y000,응급실,"[심장내과] 의료진 공백으로 응급실 내 평일 야간 및 주말, 공휴일 진료 어려움",20260927000000,20261003235900,"세종특별자치시 보듬7로 20, 세종충남대학교병원 (도담동)",A1800441,7,자동,차단,순환기내과
2026-10-01 01:00:01,세종특별자치시,A1800441,세종충남대학교병원,응급,Y000,응급실,[복부대동맥박리] 수용가능여부 사전연락 바람,20260927000000,20261003235900,"세종특별자치시 보듬7로 20, 세종충남대학교병원 (도담동)",A1800441,8,자동,차단,흉부외과
2026-10-01 01:00:01,세종특별자치시,A1800441,세종충남대학교병원,응급,Y000,응급실,[소아비뇨의학과] 진료가능여부 사전문의 필요(야간 진료 어려움),20260927000000,20261003235900,"세종특별자치시 보듬7로 20, 세종충남대학교병원 (도담동)",A1800441,9,자동,차단,비뇨의학과
2026-10-01 01:00:01,세종특별자치시,A1800441,세종충남대학교병원,응급,Y000,응급실,[신경과] 응급실 진료 어려울 수 있으니 사전연락 바람,20260927000000,20261003235900,"세종특별자치시 보듬7로 20, 세종충남대학교병원 (도담동)",A1800441,10,자동,차단,신경과
2026-10-01 01:00:01,세종특별자치시,A1800441,세종충남대학교병원,응급,Y000,응급실,[정신건강의학과] 폐쇄병동 부재 입원 불가,20260927000000,20261003235900,"세종특별자치시 보듬7로 20, 세종충남대학교병원 (도담동)",A1800441,11,자동,차단,정신건강의학과
2026-10-01 01:00:01,세종특별자치시,A1800441,세종충남대학교병원,응급,Y000,응급실,[성형외과] 응급실 진료 어려울수 있으니 사전연락 바람,20260927000000,20261003235900,"세종특별자치시 보듬7로 20, 세종충남대학교병원 (도담동)",A1800441,12,자동,차단,성형외과
2026-10-01 01:00:01,세종특별자치시,A1800441,세종충남대학교병원,응급,Y000,응급실,"피부과) 응급실 내 진료어려움, 이송자제",20260927000000,20261003235900,"세종특별자치시 보듬7로 20, 세종충남대학교병원 (도담동)",A1800441,13,자동,차단,피부과
2026-10-01 01:00:01,세종특별자치시,A1800441,세종충남대학교병원,응급,Y000,응급실,"[이비인후과] 응급실 내 진료어려움, 이송자제",20260927000000,20261003235900,"세종특별자치시 보듬7로 20, 세종충남대학교병원 (도담동)",A1800441,14,자동,차단,이비인후과
2026-10-01 01:00:01,전남광주통합특별시,A1500001,조선대학교병원,응급,Y000,응급실,"진료 가능 시간: 8시 ~ 22시  (단, 고환염전 및 intervention 처치가 필요한 경우 : 평일 8시 ~ 17시까지만 가능)",20260930004400,20261007235900,전남광주통합특별시 동구 필문대로 365 (서석동),A1500001,1,자동,차단,비뇨의학과
2026-10-01 01:00:01,전남광주통합특별시,A1500001,조선대학교병원,응급,Y000,응급실,소아신경 담당 교수님 부재로 신환 불가합니다.,20260930003900,20261004235900,전남광주통합특별시 동구 필문대로 365 (서석동),A1500001,2,자동,차단,소아청소년과
2026-10-01 01:00:01,전남광주통합특별시,A1500001,조선대학교병원,응급,Y000,응급실,두경부 담당 교수님 부재로 f/u환자 포함 수용 불가합니다.,20260930003800,20261007235900,전남광주통합특별시 동구 필문대로 365 (서석동),A1500001,3,자동,차단,이비인후과
2026-10-01 01:00:01,전남광주통합특별시,A1500001,조선대학교병원,응급,Y000,응급실,"소아 intussusception, testis torsion 관련 진료가능시간: 평일 9시~ 21시",20260930003800,20261007235900,전남광주통합특별시 동구 필문대로 365 (서석동),A1500001,4,자동,차단,소아청소년과
2026-10-01 01:00:01,전남광주통합특별시,A1500001,조선대학교병원,응급,Y000,응급실,모든 환자 이송 및 전원 시 반드시 사전 문의 바랍니다.,20260930003800,20261007235900,전남광주통합특별시 동구 필문대로 365 (서석동),A1500001,5,자동,차단,응급실
2026-10-01 01:00:01,전남광주통합특별시,A1500001,조선대학교병원,응급,Y000,응급실,"소아외과환자 불가, 환자 이송 및 전원 시 반드시 사전 문의 바랍니다.",20260930003700,20261007235900,전남광주통합특별시 동구 필문대로 365 (서석동),A1500001,6,자동,차단,소아청소년과
2026-10-01 01:00:01,전남광주통합특별시,A1500001,조선대학교병원,응급,Y000,응급실,"17시 ~ 익일 8시까지 진료 제한 (당직교수의 진료전문분야에 따라 진료가능여부 결정), 환자 이송 및 전원 시 반드시 사전 문의 바랍니다.",20260930003700,20261007235900,전남광주통합특별시 동구 필문대로 365 (서석동),A1500001,7,자동,차단,이비인후과
2026-10-01 01:00:01,전남광주통합특별시,A1500001,조선대학교병원,응급,Y000,응급실,진료 가능 시간: 6시 ~ 21시,20260930003700,20261007235900,전남광주통합특별시 동구 필문대로 365 (서석동),A1500001,8,자동,차단,안과
2026-10-01 01:00:01,전남광주통합특별시,A1500001,조선대학교병원,응급,Y000,응급실,영유아 위장관 내시경 필요 시 반드시 사전 문의 바랍니다.,20260930003600,20261007235900,전남광주통합특별시 동구 필문대로 365 (서석동),A1500001,9,자동,차단,응급실
2026-10-01 01:00:01,전남광주통합특별시,A1500001,조선대학교병원,응급,Y000,응급실,"진료 가능 시간: 평일 8시 ~ 23시 (단, 단순 봉합은 주말에는 17시 30분까지만 가능)",20260930003600,20261007235900,전남광주통합특별시 동구 필문대로 365 (서석동),A1500001,10,자동,차단,성형외과
2026-10-01 01:00:01,전남광주통합특별시,A1500001,조선대학교병원,응급,Y000,응급실,"진료 가능 시간: 평일 8시 ~ 21시 (단, 토·일·공휴일 불가)",20260930003600,20261007235900,전남광주통합특별시 동구 필문대로 365 (서석동),A1500001,11,자동,차단,소아청소년과
2026-10-01 01:00:01,전남광주통합특별시,A1500001,조선대학교병원,응급,Y000,응급실,PTBD 가능 시간: 평일 8시 ~ 17시,20260930003500,20261007235900,전남광주통합특별시 동구 필문대로 365 (서석동),A1500001,12,자동,차단,영상의학과
2026-10-01 01:00:01,전남광주통합특별시,A1500001,조선대학교병원,응급,Y000,응급실,"진료는 24시간 가능하나, 정신과적 입원은 21시 ~ 익일 5시까지 불가",20260930003500,20261007235900,전남광주통합특별시 동구 필문대로 365 (서석동),A1500001,13,자동,차단,정신건강의학과
2026-10-01 01:00:01,전남광주통합특별시,A1500001,조선대학교병원,응급,Y000,응급실,"진료 가능 시간: 8시 ~ 17시 (당직교수에 따라 진료가능여부 결정), 환자 이송 및 전원 시 반드시 사전 문의 바랍니다.",20260930003400,20261007235900,전남광주통합특별시 동구 필문대로 365 (서석동),A1500001,14,자동,차단,산부인과
2026-10-01 01:00:01,전남광주통합특별시,A1500001,조선대학교병원,응급,Y000,응급실,"쇄석술 불가, 환자 이송 및 전원 시 반드시 사전 문의 바랍니다.",20260930003300,20261007235900,전남광주통합특별시 동구 필문대로 365 (서석동),A1500001,15,자동,차단,비뇨의학과
2026-10-01 01:00:01,전남광주통합특별시,A1500001,조선대학교병원,응급,Y000,응급실,외상환자 이송 및 전원 시 반드시 사전 문의 바랍니다.,20260930003300,20261007235900,전남광주통합특별시 동구 필문대로 365 (서석동),A1500001,16,자동,차단,외과
2026-10-01 01:00:01,전남광주통합특별시,A1500001,조선대학교병원,응급,Y000,응급실,"혈액질환 수용 불가, 항암환자는 본원 f/u만 수용 가능, 환자 이송 및 전원 시 반드시 사전 문의 바랍니다.",20260930003200,20261007235900,전남광주통합특별시 동구 필문대로 365 (서석동),A1500001,17,자동,차단,혈액·종양내과
2026-10-01 01:00:01,전남광주통합특별시,A1500001,조선대학교병원,응급,Y000,응급실,병원별 순환당직일 확인 후 이송 및 전원 바랍니다.,20260930003200,20261007235900,전남광주통합특별시 동구 필문대로 365 (서석동),A1500001,18,자동,차단,소화기내과
2026-10-01 01:00:01,전남광주통합특별시,A1500001,조선대학교병원,응급,Y000,응급실,PTBD 가능 시간: 평일 8시 ~ 17시,20260930003200,20261007235900,전남광주통합특별시 동구 필문대로 365 (서석동),A1500001,19,자동,차단,외과
2026-10-01 01:00:01,전남광주통합특별시,A1500001,조선대학교병원,응급,Y000,응급실,"[응급기관지내시경], [기관지동맥색전술] 환자 이송 및 전원 시 반드시 사전 문의 바랍니다.",20260930003200,20261007235900,전남광주통합특별시 동구 필문대로 365 (서석동),A1500001,20,자동,차단,호흡기내과
2026-10-01 01:00:01,전남광주통합특별시,A1500001,조선대학교병원,응급,Y000,응급실,"[내과] 23시 이후 진료 불가, 환자 이송 및 전원 시 반드시 사전 문의 바랍니다.",20260930002900,20261007235900,전남광주통합특별시 동구 필문대로 365 (서석동),A1500001,21,자동,차단,기타 진료과
2026-10-01 01:00:01,전남광주통합특별시,A1500002,전남대학교병원,응급,Y000,응급실,"(19:00-07:00) 해당과 사정으로 다음 환자의 진료제공이 제한됨. (안면부 열상, 수부 상지의 tendon, nerve 등의 구조물 손상이 있는 환자)",20260927000000,20261003235900,전남광주통합특별시 동구 제봉로 42 (학동),A1500002,22,자동,차단,성형외과
2026-10-01 01:00:01,전남광주통합특별시,A1500002,전남대학교병원,응급,Y000,응급실,"(22:00-08:00) 비출혈. 이물, 어지럼증 등 단순 처치가 필요한 응급환자에 대해 즉각적인 진료 제공이 어려울 수 있으며, 진료 지연이 발생할 수 있음.",20260927000000,20261003235900,전남광주통합특별시 동구 제봉로 42 (학동),A1500002,23,자동,차단,이비인후과
2026-10-01 01:00:01,전남광주통합특별시,A1500002,전남대학교병원,응급,Y000,응급실,"월,수,금 야간진료(18:00~08:00) 의료진 부재로 진료 및 인터벤션 불가",20260927000000,20261003235900,전남광주통합특별시 동구 제봉로 42 (학동),A1500002,24,자동,차단,영상의학과
2026-10-01 01:00:01,전남광주통합특별시,A1500002,전남대학교병원,응급,Y000,응급실,"월,수,금 야간진료(18:00~08:00) 의료진 부재로 진료불가",20260927000000,20261003235900,전남광주통합특별시 동구 제봉로 42 (학동),A1500002,25,자동,차단,비뇨의학과
2026-10-01 01:00:01,전남광주통합특별시,A1500006,신가병원,응급,Y000,응급실,9월 28일부터 10월5일까지 일반외과 휴진,20260928072100,20261005235900,전남광주통합특별시 광산구 목련로 316 (신가동),A1500006,26,자동,차단,외과
2026-10-01 01:00:01,전남광주통합특별시,A1500021,광주기독병원,중증,Y0020,뇌경색의 재관류중재술,중환자실 자리없음.,20260930225000,20261001080000,전남광주통합특별시 남구 양림로 37 (양림동),A1500021,27,자동,차단,
2026-10-01 01:00:01,전남광주통합특별시,A1500021,광주기독병원,중증,Y0010,심근경색의 재관류중재술,중환자실 자리없음.,20260930225000,20261001080000,전남광주통합특별시 남구 양림로 37 (양림동),A1500021,28,자동,차단,
2026-10-01 01:00:01,전남광주통합특별시,A1500021,광주기독병원,중증,Y0031,뇌출혈수술(거미막하 출혈),중환자실 자리없음.,20260930225000,20261001080000,전남광주통합특별시 남구 양림로 37 (양림동),A1500021,29,자동,차단,
2026-10-01 01:00:01,전남광주통합특별시,A1500021,광주기독병원,중증,Y0032,뇌출혈수술(거미막하 출혈 외),중환자실 자리없음.,20260930225000,20261001080000,전남광주통합특별시 남구 양림로 37 (양림동),A1500021,30,자동,차단,
2026-10-01 01:00:01,전남광주통합특별시,A2600019,성가롤로병원,응급,Y000,응급실,응급실 전산장애(17:30) 발생 후 복구 길어져 수용 어려움,20260930230500,20261001070000,전남광주통합특별시 순천시 순광로 221 (조례동),A2600019,31,자동,차단,응급실
2026-10-01 01:00:01,전남광주통합특별시,A2600020,목포기독병원,중증,Y0082,위장관 응급내시경(영유아),"만12세이상, 40KG이상",20260929120000,20261006160000,전남광주통합특별시 목포시 백년대로 303 (상동),A2600020,32,자동,차단,내과
2026-10-01 01:00:01,전남광주통합특별시,A2600020,목포기독병원,중증,Y0142,응급투석(CRRT),"야간, 주말, 공휴일",20260929120000,20261006160000,전남광주통합특별시 목포시 백년대로 303 (상동),A2600020,33,자동,차단,내과
2026-10-01 01:00:01,전남광주통합특별시,A2600020,목포기독병원,중증,Y0141,응급투석(HD),"야간, 주말, 공휴일",20260929120000,20261006160000,전남광주통합특별시 목포시 백년대로 303 (상동),A2600020,34,자동,차단,내과
2026-10-01 01:00:01,전남광주통합특별시,A2600020,목포기독병원,중증,Y0081,위장관 응급내시경(성인),"야간, 주말, 공휴일",20260929120000,20261006160000,전남광주통합특별시 목포시 백년대로 303 (상동),A2600020,35,자동,차단,내과
2026-10-01 01:00:01,전남광주통합특별시,A2600020,목포기독병원,중증,Y0081,위장관 응급내시경(성인),야간 휴일 공휴일,20260929000000,20261006000000,전남광주통합특별시 목포시 백년대로 303 (상동),A2600020,36,자동,차단,내과
2026-10-01 01:00:01,전남광주통합특별시,A2600020,목포기독병원,중증,Y0142,응급투석(CRRT),야간 휴일 공휴일,20260929000000,20261006000000,전남광주통합특별시 목포시 백년대로 303 (상동),A2600020,37,자동,차단,내과
2026-10-01 01:00:01,전남광주통합특별시,A2600020,목포기독병원,중증,Y0141,응급투석(HD),신환불가,20260929000000,20261006000000,전남광주통합특별시 목포시 백년대로 303 (상동),A2600020,38,자동,차단,내과
2026-10-01 01:00:01,전남광주통합특별시,A2600056,전라남도순천의료원,중증,Y0051,담낭담관질환(담낭질환),불가능메세지등록,20260930000000,20261007235900,전남광주통합특별시 순천시 서문성터길 2   (매곡동),A2600056,39,자동,차단,외과
2026-10-01 01:00:01,전남광주통합특별시,A2600056,전라남도순천의료원,중증,Y0060,복부응급수술(비외상),불가능메세지등록,20260930000000,20261007235900,전남광주통합특별시 순천시 서문성터길 2   (매곡동),A2600056,40,자동,차단,외과
2026-10-01 01:00:01,강원특별자치도,A2200008,강릉아산병원,응급,Y000,응급실,"금요일, 일요일 산부인과 진료 불가",20260928201200,20261001200000,강원특별자치도 강릉시 사천면 방동길 38,A2200008,1,자동,차단,산부인과
2026-10-01 01:00:01,강원특별자치도,A2200008,강릉아산병원,응급,Y000,응급실,"소아 야간진료 불가(화요일, 수요일 제외)",20260924200000,20261001200000,강원특별자치도 강릉시 사천면 방동길 38,A2200008,2,자동,차단,소아청소년과
2026-10-01 01:00:01,강원특별자치도,A2200012,강원특별자치도속초의료원,중증,Y0111,산부인과 응급(분만),불가능메세지등록,20260930173000,20261001083000,강원특별자치도 속초시 영랑호반길 3 (영랑동),A2200012,3,자동,차단,
2026-10-01 01:00:01,강원특별자치도,A2200012,강원특별자치도속초의료원,중증,Y0113,산부인과 응급(부인과수술),불가능메세지등록,20260930173000,20261001083000,강원특별자치도 속초시 영랑호반길 3 (영랑동),A2200012,4,자동,차단,
2026-10-01 01:00:01,강원특별자치도,A2200012,강원특별자치도속초의료원,중증,Y0112,산부인과 응급(산과수술),불가능메세지등록,20260930173000,20261001083000,강원특별자치도 속초시 영랑호반길 3 (영랑동),A2200012,5,자동,차단,
2026-10-01 01:00:01,충청북도,A2300001,충북대학교병원,응급,Y000,응급실,불가능메세지등록,20260930090000,20261001085900,"충청북도 청주시 서원구 1순환로 776-0 (개신동,충북대학교병원)",A2300001,1,자동,차단,외상외과
2026-10-01 01:00:01,충청남도,A2400002,단국대학교의과대학부속병원,중증,Y0100,저출생체중아,소아과 인력부족으로 환자 수용 불가능,20261001000000,20261001080000,"충청남도 천안시 동남구 망향로 201 (안서동, 단국대학교의과대학부속병원)",A2400002,1,자동,차단,
2026-10-01 01:00:01,충청남도,A2400002,단국대학교의과대학부속병원,중증,Y0070,장중첩/폐색(유아),소아과 인력부족으로 환자 수용 불가능,20261001000000,20261001080000,"충청남도 천안시 동남구 망향로 201 (안서동, 단국대학교의과대학부속병원)",A2400002,2,자동,차단,
2026-10-01 01:00:01,충청남도,A2400002,단국대학교의과대학부속병원,중증,Y0082,위장관 응급내시경(영유아),소아과 인력부족으로 환자 수용 불가능,20260930230100,20261001080000,"충청남도 천안시 동남구 망향로 201 (안서동, 단국대학교의과대학부속병원)",A2400002,3,자동,차단,
2026-10-01 01:00:01,충청남도,A2400002,단국대학교의과대학부속병원,응급,Y000,응급실,비뇨기과 의료진 부족으로 환자 수용 불가능,20260928230100,20261005230000,"충청남도 천안시 동남구 망향로 201 (안서동, 단국대학교의과대학부속병원)",A2400002,4,자동,차단,비뇨의학과
2026-10-01 01:00:01,충청남도,A2400002,단국대학교의과대학부속병원,응급,Y000,응급실,소아신경 의료진 부재로 경련 질환 환아의 입원치료 불가합니다.,20260928230100,20261005230000,"충청남도 천안시 동남구 망향로 201 (안서동, 단국대학교의과대학부속병원)",A2400002,5,자동,차단,소아청소년과
2026-10-01 01:00:01,충청남도,A2400002,단국대학교의과대학부속병원,응급,Y000,응급실,경증환자 및 봉합 필요한 환자 수용 어렵습니다. 환자 이송시 수용여부 확인 바랍니다.,20260928230100,20261005230000,"충청남도 천안시 동남구 망향로 201 (안서동, 단국대학교의과대학부속병원)",A2400002,6,자동,차단,응급실
2026-10-01 01:00:01,충청남도,A2400002,단국대학교의과대학부속병원,응급,Y000,응급실,중환자실 입원이 필요한 소아 및 post CPR 케어 환아 입원 치료는 불가합니다,20260928230100,20261005230000,"충청남도 천안시 동남구 망향로 201 (안서동, 단국대학교의과대학부속병원)",A2400002,7,자동,차단,소아청소년과
2026-10-01 01:00:01,충청남도,A2400002,단국대학교의과대학부속병원,응급,Y000,응급실,응급실 인력 부족으로 탄력적 병상 운영합니다. 진료 지연 있습니다,20260928230100,20261005230000,"충청남도 천안시 동남구 망향로 201 (안서동, 단국대학교의과대학부속병원)",A2400002,8,자동,차단,응급실
2026-10-01 01:00:01,충청남도,A2400002,단국대학교의과대학부속병원,응급,Y000,응급실,호흡기 분과 교수의 부재로 급성 호흡곤란 증후군의 환자 입원 치료는 불가합니다.,20260928230100,20261005230000,"충청남도 천안시 동남구 망향로 201 (안서동, 단국대학교의과대학부속병원)",A2400002,9,자동,차단,소아청소년과
2026-10-01 01:00:01,전북특별자치도,A2500001,원광대학교병원,응급,Y000,응급실,성형외과 진료 원활하지 않습니다. 반드시 연락주세요.,20260927000000,20261004000000,"전북특별자치도 익산시 무왕로 895 (신동,(신동))",A2500001,1,자동,차단,성형외과
2026-10-01 01:00:01,전북특별자치도,A2500001,원광대학교병원,응급,Y000,응급실,병원 사정상 전원 시 반드시 연락 바랍니다.,20260927000000,20261004000000,"전북특별자치도 익산시 무왕로 895 (신동,(신동))",A2500001,2,자동,차단,응급실
2026-10-01 01:00:01,전북특별자치도,A2500001,원광대학교병원,응급,Y000,응급실,정형외과 진료 원활하지 않습니다. 반드시 연락주세요.,20260927000000,20261004000000,"전북특별자치도 익산시 무왕로 895 (신동,(신동))",A2500001,3,자동,차단,정형외과
2026-10-01 01:00:01,전북특별자치도,A2500001,원광대학교병원,응급,Y000,응급실,본원 소화기내과 인력부족으로 22:00~08:00에는 응급내시경 불가합니다.,20260927000000,20261004000000,"전북특별자치도 익산시 무왕로 895 (신동,(신동))",A2500001,4,자동,차단,소화기내과
2026-10-01 01:00:01,전북특별자치도,A2500001,원광대학교병원,응급,Y000,응급실,매주 토요일 소화기내과 진료 원활하지 않습니다. 반드시 연락주세요.,20260927000000,20261004000000,"전북특별자치도 익산시 무왕로 895 (신동,(신동))",A2500001,5,자동,차단,소화기내과
2026-10-01 01:00:01,전북특별자치도,A2500001,원광대학교병원,응급,Y000,응급실,마취통증의학과 인력부족으로 인해 18시 이후로 응급수술 불가능 합니다.,20260927000000,20261004000000,"전북특별자치도 익산시 무왕로 895 (신동,(신동))",A2500001,6,자동,차단,마취통증의학과
2026-10-01 01:00:01,전북특별자치도,A2500001,원광대학교병원,응급,Y000,응급실,호흡기내과 진료 원활하지 않습니다. 반드시 연락주세요.,20260927000000,20261004000000,"전북특별자치도 익산시 무왕로 895 (신동,(신동))",A2500001,7,자동,차단,호흡기내과
2026-10-01 01:00:01,전북특별자치도,A2500001,원광대학교병원,응급,Y000,응급실,비뇨기과 야간 진료 원활하지 않습니다. 반드시 연락주세요.,20260927000000,20261004000000,"전북특별자치도 익산시 무왕로 895 (신동,(신동))",A2500001,8,자동,차단,비뇨의학과
2026-10-01 01:00:01,전북특별자치도,A2500001,원광대학교병원,응급,Y000,응급실,소화기내과 매주 금요일 12:00부터 월요일 08:59까지 소화기내과 응급내시경 불가합니다.,20260927000000,20261004000000,"전북특별자치도 익산시 무왕로 895 (신동,(신동))",A2500001,9,자동,차단,소화기내과
2026-10-01 01:00:01,전북특별자치도,A2500001,원광대학교병원,응급,Y000,응급실,야간 소아 진료 원활하지 않습니다. 반드시 연락주세요,20260927000000,20261004000000,"전북특별자치도 익산시 무왕로 895 (신동,(신동))",A2500001,10,자동,차단,소아청소년과
2026-10-01 01:00:01,전북특별자치도,A2500001,원광대학교병원,응급,Y000,응급실,이비인후과 야간 진료 원활하지 않습니다. 반드시 연락주세요.,20260927000000,20261004000000,"전북특별자치도 익산시 무왕로 895 (신동,(신동))",A2500001,11,자동,차단,이비인후과
2026-10-01 01:00:01,전북특별자치도,A2500001,원광대학교병원,중증,Y0132,수족지접합 외,수족지접합 외 진료 불가능합니다.,20260927000000,20261004000000,"전북특별자치도 익산시 무왕로 895 (신동,(신동))",A2500001,12,자동,차단,
2026-10-01 01:00:01,전북특별자치도,A2500001,원광대학교병원,중증,Y0131,수족지접합,수족지접합  진료 불가능합니다.,20260927000000,20261004000000,"전북특별자치도 익산시 무왕로 895 (신동,(신동))",A2500001,13,자동,차단,
2026-10-01 01:00:01,전북특별자치도,A2500002,전북대학교병원,응급,Y000,응급실,"혈관외과 진료인력 부재로 혈관외과 진료, 전원, 협진 불가",20260930235800,20261006070000,전북특별자치도 전주시 덕진구 건지로 20 (금암동),A2500002,14,자동,차단,외과
2026-10-01 01:00:01,전북특별자치도,A2500002,전북대학교병원,응급,Y000,응급실,매주 수요일 19:00-익일 7:00 전공의 부재로 외부 전원 수용 불가 및 응급실 진료 지연,20260930190000,20261001070000,전북특별자치도 전주시 덕진구 건지로 20 (금암동),A2500002,15,자동,차단,신경외과
2026-10-01 01:00:01,전북특별자치도,A2500002,전북대학교병원,응급,Y000,응급실,전라북도외 전원문의및 타병원 항암환자 진료제한,20260928063000,20261005000000,전북특별자치도 전주시 덕진구 건지로 20 (금암동),A2500002,16,자동,차단,소화기내과
2026-10-01 01:00:01,전북특별자치도,A2500002,전북대학교병원,응급,Y000,응급실,소아 신경 전문의 부재로 인해 소아 신경 응급 환자 진료 불가,20260928015000,20261005000000,전북특별자치도 전주시 덕진구 건지로 20 (금암동),A2500002,17,자동,차단,소아청소년과
2026-10-01 01:00:01,전북특별자치도,A2500002,전북대학교병원,응급,Y000,응급실,전라북도 외 두경부 응급수술 및 전원불가,20260928015000,20261005000000,전북특별자치도 전주시 덕진구 건지로 20 (금암동),A2500002,18,자동,차단,이비인후과
2026-10-01 01:00:01,전북특별자치도,A2500002,전북대학교병원,응급,Y000,응급실,"주말 및 공휴일 응급환자 진료 불가,평일 (9:00 - 17:30) 진료 가능",20260927231200,20261004000000,전북특별자치도 전주시 덕진구 건지로 20 (금암동),A2500002,19,자동,차단,비뇨의학과
2026-10-01 01:00:01,전북특별자치도,A2500004,전북특별자치도남원의료원,응급,Y000,응급실,당직콜 불가능합니다. 내원 전 유선확인 부탁드립니다.,20260930173100,20261001082900,전북특별자치도 남원시 충정로 365 (고죽동),A2500004,20,자동,차단,신경외과
2026-10-01 01:00:01,전북특별자치도,A2500004,전북특별자치도남원의료원,응급,Y000,응급실,당직콜 불가능합니다. 내원 전 유선확인 부탁드립니다.,20260930173100,20261001082900,전북특별자치도 남원시 충정로 365 (고죽동),A2500004,21,자동,차단,흉부외과
2026-10-01 01:00:01,전북특별자치도,A2500006,재단법인예수병원유지재단예수병원,응급,Y000,응급실,소화기내과 일부질환 진료 원활하지 않습니다. 전원시 반드시 연락바랍니다.,20260930220000,20261001060000,"전북특별자치도 전주시 완산구 서원로 365 (중화산동1가, 예수병원)",A2500006,22,자동,차단,소화기내과
2026-10-01 01:00:01,전북특별자치도,A2500006,재단법인예수병원유지재단예수병원,응급,Y000,응급실,호흡기내과 일부질환 진료 원활하지 않습니다. 전원시 반드시 연락바랍니다.,20260930180000,20261001060000,"전북특별자치도 전주시 완산구 서원로 365 (중화산동1가, 예수병원)",A2500006,23,자동,차단,호흡기내과
2026-10-01 01:00:01,전북특별자치도,A2500006,재단법인예수병원유지재단예수병원,응급,Y000,응급실,"신경과,이비인후과,안과,피부과 주말 및 야간 진료 원활하지 않습니다. 전원시 반드시 연락바랍니다.",20260930180000,20261001060000,"전북특별자치도 전주시 완산구 서원로 365 (중화산동1가, 예수병원)",A2500006,24,자동,차단,기타 진료과
2026-10-01 01:00:01,전북특별자치도,A2500006,재단법인예수병원유지재단예수병원,응급,Y000,응급실,신경외과 일부질환 진료 원활하지 않습니다. 전원시 반드시 연락바랍니다.,20260930080000,20261001080000,"전북특별자치도 전주시 완산구 서원로 365 (중화산동1가, 예수병원)",A2500006,25,자동,차단,신경외과
2026-10-01 01:00:01,전북특별자치도,A2500007,전북특별자치도군산의료원,중증,Y0100,저출생체중아,2.5kg이하 저체중 출생아 수용 불가능,20260928000000,20261004235900,"전북특별자치도 군산시 의료원로 27 (지곡동,(지곡동, 군산의료원))",A2500007,26,자동,차단,
2026-10-01 01:00:01,전북특별자치도,A2500012,의료법인오성의료재단동군산병원,중증,Y0171,영상의학혈관중재(성인),담당의 부재,20260928083000,20261001083000,전북특별자치도 군산시 조촌로 149 (조촌동),A2500012,27,자동,차단,
2026-10-01 01:00:01,경상북도,A2700002,포항세명기독병원,응급,Y000,응급실,중증화상환자 전원의뢰시 사전문의 부탁드립니다. (20~30% 가능),20260929000000,20261006235900,경상북도 포항시 남구 포스코대로 351 (대도동),A2700002,1,자동,차단,성형외과
2026-10-01 01:00:01,경상북도,A2700002,포항세명기독병원,응급,Y000,응급실,ERCP 평일 일과시간(09:00~17:30) 가능합니다. 전원 의뢰시 사전문의 부탁드립니다.,20260929000000,20261006235900,경상북도 포항시 남구 포스코대로 351 (대도동),A2700002,2,자동,차단,외과
2026-10-01 01:00:01,경상북도,A2700002,포항세명기독병원,응급,Y000,응급실,"대동맥 응급질환 (TEVAR, EVAR) 가능합니다. 전원 의뢰시 사전문의 부탁드립니다.",20260929000000,20261006235900,경상북도 포항시 남구 포스코대로 351 (대도동),A2700002,3,자동,차단,흉부외과
2026-10-01 01:00:01,경상북도,A2700002,포항세명기독병원,응급,Y000,응급실,안과 전문의 부재로 안과 진료 불가합니다,20260929000000,20261006235900,경상북도 포항시 남구 포스코대로 351 (대도동),A2700002,4,자동,차단,안과
2026-10-01 01:00:01,경상북도,A2700002,포항세명기독병원,응급,Y000,응급실,영유아 장중첩/장폐색 12개월 이상만 수술 가능합니다. 전원 의뢰시 사전문의 부탁드립니다.,20260929000000,20261006235900,경상북도 포항시 남구 포스코대로 351 (대도동),A2700002,5,자동,차단,외과
2026-10-01 01:00:01,경상북도,A2700002,포항세명기독병원,응급,Y000,응급실,"PS진료 화요일, 목요일, 금요일(오전) 진료만 가능합니다.",20260929000000,20261006235900,경상북도 포항시 남구 포스코대로 351 (대도동),A2700002,6,자동,차단,성형외과
2026-10-01 01:00:01,경상북도,A2700006,의료법인동춘의료재단문경제일병원,응급,Y000,응급실,정신과 응급 입원시 사전에 전화 문의 부탁 드립니다.,20260930163700,20261007210000,경상북도 문경시 당교3길 25 (모전동),A2700006,7,자동,차단,정신건강의학과
2026-10-01 01:00:01,경상북도,A2700007,차의과학대학교부속구미차병원,응급,Y000,응급실,"①본원 F/U 산모 중 34주 이상, 34주 이상 twin만 가능",20260930150000,20261007150000,경상북도 구미시 신시로10길 12 (형곡동),A2700007,8,자동,차단,산부인과
2026-10-01 01:00:01,경상북도,A2700007,차의과학대학교부속구미차병원,응급,Y000,응급실,"⑥중독환자 내원 시 반드시 사전 연락 후 결정!,",20260930150000,20261007150000,경상북도 구미시 신시로10길 12 (형곡동),A2700007,9,자동,차단,정신건강의학과
2026-10-01 01:00:01,경상북도,A2700007,차의과학대학교부속구미차병원,응급,Y000,응급실,③기관지내시경 연락 후 수용결정,20260930150000,20261007150000,경상북도 구미시 신시로10길 12 (형곡동),A2700007,10,자동,차단,호흡기내과
2026-10-01 01:00:01,경상북도,A2700007,차의과학대학교부속구미차병원,응급,Y000,응급실,⑧CAG 필요시 사전 연락!,20260930150000,20261007150000,경상북도 구미시 신시로10길 12 (형곡동),A2700007,11,자동,차단,순환기내과
2026-10-01 01:00:01,경상북도,A2700007,차의과학대학교부속구미차병원,응급,Y000,응급실,⑤영상의학 혈관중재(성인) 연락 후 수용결정,20260930150000,20261007150000,경상북도 구미시 신시로10길 12 (형곡동),A2700007,12,자동,차단,영상의학과
2026-10-01 01:00:01,경상북도,A2700007,차의과학대학교부속구미차병원,응급,Y000,응급실,②ICU내 격리실에서 CRRT가용은 불가능함.,20260930150000,20261007150000,경상북도 구미시 신시로10길 12 (형곡동),A2700007,13,자동,차단,신장내과
2026-10-01 01:00:01,경상북도,A2700007,차의과학대학교부속구미차병원,응급,Y000,응급실,"④응급내시경 연락 후 수용 결정,",20260930150000,20261007150000,경상북도 구미시 신시로10길 12 (형곡동),A2700007,14,자동,차단,소화기내과
2026-10-01 01:00:01,경상북도,A2700007,차의과학대학교부속구미차병원,응급,Y000,응급실,"⑦안과 외래있는날만 가능 (월, 토-오전 가능, 화,수,금-오전&오후 가능, )",20260930150000,20261007150000,경상북도 구미시 신시로10길 12 (형곡동),A2700007,15,자동,차단,안과
2026-10-01 01:00:01,경상북도,A2700011,상주적십자병원,중증,Y0051,담낭담관질환(담낭질환),불가능메세지등록,20260930030000,20261005000000,경상북도 상주시 상서문로 53 (남성동),A2700011,16,자동,차단,외과
2026-10-01 01:00:01,경상북도,A2700011,상주적십자병원,중증,Y0060,복부응급수술(비외상),불가능메세지등록,20260930030000,20261005000000,경상북도 상주시 상서문로 53 (남성동),A2700011,17,자동,차단,외과
2026-10-01 01:00:01,경상북도,A2700013,순천향대학교부속구미병원,응급,Y000,응급실,불가능메세지등록,20260928090000,20261005090000,"경상북도 구미시 1공단로 179 (공단동, (공단동))",A2700013,18,자동,차단,호흡기내과
2026-10-01 01:00:01,경상북도,A2700013,순천향대학교부속구미병원,응급,Y000,응급실,불가능메세지등록,20260928090000,20261005090000,"경상북도 구미시 1공단로 179 (공단동, (공단동))",A2700013,19,자동,차단,정형외과
2026-10-01 01:00:01,경상북도,A2700013,순천향대학교부속구미병원,응급,Y000,응급실,불가능메세지등록,20260928090000,20261005090000,"경상북도 구미시 1공단로 179 (공단동, (공단동))",A2700013,20,자동,차단,산부인과
2026-10-01 01:00:01,경상북도,A2700014,의료법인안동병원,중증,Y0091,기관지 응급내시경(성인),주간(외래시간) 가능합니다.,20260930170000,20261001083000,경상북도 안동시 앙실로 11 (수상동),A2700014,21,자동,차단,
2026-10-01 01:00:01,경상북도,A2700014,의료법인안동병원,중증,Y0081,위장관 응급내시경(성인),주간(외래시간) 가능합니다.,20260930170000,20261001083000,경상북도 안동시 앙실로 11 (수상동),A2700014,22,자동,차단,내과
2026-10-01 01:00:01,경상북도,A2700014,의료법인안동병원,중증,Y0160,안과적 응급 수술,주간(외래시간) 가능합니다.,20260930170000,20261001083000,경상북도 안동시 앙실로 11 (수상동),A2700014,23,자동,차단,
2026-10-01 01:00:01,경상북도,A2700014,의료법인안동병원,중증,Y0041,대동맥응급(흉부),담당의 부재로 수용 불가합니다.,20260929090000,20261001090000,경상북도 안동시 앙실로 11 (수상동),A2700014,24,자동,차단,심장혈관흉부외과
2026-10-01 01:00:01,경상북도,A2700014,의료법인안동병원,중증,Y0042,대동맥응급(복부),담당의 부재로 수용 불가합니다.,20260929090000,20261001090000,경상북도 안동시 앙실로 11 (수상동),A2700014,25,자동,차단,심장혈관흉부외과
2026-10-01 01:00:01,경상북도,A2700014,의료법인안동병원,응급,Y000,응급실,"저출생체중아 35주, 2000g 이상 가능합니다.",20260929083000,20261006130000,경상북도 안동시 앙실로 11 (수상동),A2700014,26,자동,차단,소아청소년과
2026-10-01 01:00:01,경상북도,A2700014,의료법인안동병원,응급,Y000,응급실,고압산소치료 환자 전원 의뢰시 사전 연락바랍니다.(의식상태 확인 필요),20260929083000,20261006130000,경상북도 안동시 앙실로 11 (수상동),A2700014,27,자동,차단,호흡기내과
2026-10-01 01:00:01,경상북도,A2700014,의료법인안동병원,응급,Y000,응급실,산부인과 응급(분만) 35주 미만 불가합니다.,20260929083000,20261006130000,경상북도 안동시 앙실로 11 (수상동),A2700014,28,자동,차단,산부인과
2026-10-01 01:00:01,경상북도,A2700014,의료법인안동병원,응급,Y000,응급실,★★앤지오시술 필요 시 응급실 사전 연락바랍니다.★★,20260929083000,20261006130000,경상북도 안동시 앙실로 11 (수상동),A2700014,29,자동,차단,영상의학과
2026-10-01 01:00:01,경상북도,A2700014,의료법인안동병원,응급,Y000,응급실,정신과 응급입원 여환만 입원 가능합니다. 사전 연락바랍니다.,20260929083000,20261006130000,경상북도 안동시 앙실로 11 (수상동),A2700014,30,자동,차단,정신건강의학과
2026-10-01 01:00:01,경상북도,A2700014,의료법인안동병원,응급,Y000,응급실,영유아 장중첩/장폐색 정복술(만3개월 6세이하)만 가능합니다.,20260929083000,20261006130000,경상북도 안동시 앙실로 11 (수상동),A2700014,31,자동,차단,영상의학과
2026-10-01 01:00:01,경상북도,A2700014,의료법인안동병원,응급,Y000,응급실,영상의학 혈관중재(영유아) 만4세 20kg 이상가능합니다.,20260929083000,20261006130000,경상북도 안동시 앙실로 11 (수상동),A2700014,32,자동,차단,영상의학과
2026-10-01 01:00:01,경상북도,A2700014,의료법인안동병원,응급,Y000,응급실,"대동맥응급(흉부, 복부) 수술 사전 꼭 연락바랍니다.",20260929083000,20261006130000,경상북도 안동시 앙실로 11 (수상동),A2700014,33,자동,차단,흉부외과
2026-10-01 01:00:01,경상북도,A2700014,의료법인안동병원,응급,Y000,응급실,"안과적 응급수술 각막열상봉합술,결막열상봉합술,공막열상봉합술,각결막이물제거술만 가능합니다.",20260929083000,20261006130000,경상북도 안동시 앙실로 11 (수상동),A2700014,34,자동,차단,안과
2026-10-01 01:00:01,경상북도,A2700014,의료법인안동병원,응급,Y000,응급실,"★★응급실 내 격리병상 부족으로 폐렴,FEVER,호흡기 증상 환자는 이송 전 문의 바랍니다.★★",20260929083000,20261006130000,경상북도 안동시 앙실로 11 (수상동),A2700014,35,자동,차단,응급실
2026-10-01 01:00:01,경상북도,A2700016,포항성모병원,응급,Y000,응급실,안과적 질환 평일 (09:00-17:00) 진료 가능합니다. (휴일불가능),20260928110200,20261005180000,경상북도 포항시 남구 대잠동길 17 (대잠동),A2700016,36,자동,차단,안과
2026-10-01 01:00:01,경상북도,A2700016,포항성모병원,응급,Y000,응급실,성인 기관지 응급 내시경 평일 (09:00-17:00) 진료 가능합니다. (휴일불가능),20260928110200,20261005180000,경상북도 포항시 남구 대잠동길 17 (대잠동),A2700016,37,자동,차단,호흡기내과
2026-10-01 01:00:01,경상북도,A2700016,포항성모병원,응급,Y000,응급실,영유아 위장관 응급내시경 만7세부터 가능 합니다.,20260928110200,20261005180000,경상북도 포항시 남구 대잠동길 17 (대잠동),A2700016,38,자동,차단,소아청소년과
2026-10-01 01:00:01,경상북도,A2700016,포항성모병원,응급,Y000,응급실,산부인과 응급(분만) 35주이상 또는 2.5kg 이상이면 가능합니다. 본원 f/u 환자 아니면 수용문의부탁드립니다.,20260928110200,20261005180000,경상북도 포항시 남구 대잠동길 17 (대잠동),A2700016,39,자동,차단,산부인과
2026-10-01 01:00:01,경상북도,A2700016,포항성모병원,응급,Y000,응급실,금요일 12시~토요일 12시까지 진료 및 입원 불가합니다.,20260928110200,20261005180000,경상북도 포항시 남구 대잠동길 17 (대잠동),A2700016,40,자동,차단,감염내과
2026-10-01 01:00:01,경상북도,A2700016,포항성모병원,응급,Y000,응급실,토요일 오후13시 ~ 월요일 오전8시( 공휴일 포함) 영상의학과 당직 부재로 소아장충첩증 수용불가능 합니다.(공기정복술 시술 불가),20260928110200,20261005180000,경상북도 포항시 남구 대잠동길 17 (대잠동),A2700016,41,자동,차단,영상의학과
2026-10-01 01:00:01,경상북도,A2700016,포항성모병원,응급,Y000,응급실,고압산소 중증환자(기관삽관) 수용불가합니다.,20260928110200,20261005180000,경상북도 포항시 남구 대잠동길 17 (대잠동),A2700016,42,자동,차단,기타 진료과
2026-10-01 01:00:01,경상북도,A2700016,포항성모병원,응급,Y000,응급실,"흉부외과 매주 수,토요일 진료 불가합니다.",20260928110200,20261005180000,경상북도 포항시 남구 대잠동길 17 (대잠동),A2700016,43,자동,차단,흉부외과
2026-10-01 01:00:01,경상북도,A2700016,포항성모병원,응급,Y000,응급실,"해당날짜< 9/29, 10/2-4> 뇌경색 외 신경과 진료 불가능 합니다.",20260928110200,20261005180000,경상북도 포항시 남구 대잠동길 17 (대잠동),A2700016,44,자동,차단,신경과
2026-10-01 01:00:01,경상남도,A2800001,경상국립대학교병원,중증,Y0132,수족지접합 외,수술불가,20260927090000,20261004090000,경상남도 진주시 강남로 79 (칠암동),A2800001,1,자동,차단,
2026-10-01 01:00:01,경상남도,A2800001,경상국립대학교병원,응급,Y000,응급실,shoulder part 진료불가,20260927090000,20261004090000,경상남도 진주시 강남로 79 (칠암동),A2800001,2,자동,차단,정형외과
2026-10-01 01:00:01,경상남도,A2800001,경상국립대학교병원,응급,Y000,응급실,8세 미만 DI 환자 수용불가,20260927090000,20261004090000,경상남도 진주시 강남로 79 (칠암동),A2800001,3,자동,차단,소아청소년과
2026-10-01 01:00:01,경상남도,A2800001,경상국립대학교병원,응급,Y000,응급실,의료진 부족으로 수용불가,20260927090000,20261004090000,경상남도 진주시 강남로 79 (칠암동),A2800001,4,자동,차단,피부과
2026-10-01 01:00:01,경상남도,A2800001,경상국립대학교병원,응급,Y000,응급실,소아 urticaria 수용불가,20260927090000,20261004090000,경상남도 진주시 강남로 79 (칠암동),A2800001,5,자동,차단,소아청소년과
2026-10-01 01:00:01,경상남도,A2800001,경상국립대학교병원,응급,Y000,응급실,32주미만 산모수용불가,20260927090000,20261004090000,경상남도 진주시 강남로 79 (칠암동),A2800001,6,자동,차단,산부인과
2026-10-01 01:00:01,경상남도,A2800001,경상국립대학교병원,중증,Y0041,대동맥응급(흉부),수술 필요 시 수용불가,20260927090000,20261004090000,경상남도 진주시 강남로 79 (칠암동),A2800001,7,자동,차단,
2026-10-01 01:00:01,경상남도,A2800001,경상국립대학교병원,응급,Y000,응급실,"고관절 질환, 고관절인공관절 질환 환자 수용 불가",20260927090000,20261004090000,경상남도 진주시 강남로 79 (칠암동),A2800001,8,자동,차단,정형외과
2026-10-01 01:00:01,경상남도,A2800001,경상국립대학교병원,응급,Y000,응급실,"수부 질환, 소아정형환자 수용불가",20260927090000,20261004090000,경상남도 진주시 강남로 79 (칠암동),A2800001,9,자동,차단,정형외과
2026-10-01 01:00:01,경상남도,A2800001,경상국립대학교병원,중증,Y0131,수족지접합,수술불가,20260927090000,20261004090000,경상남도 진주시 강남로 79 (칠암동),A2800001,10,자동,차단,
2026-10-01 01:00:01,경상남도,A2800001,경상국립대학교병원,중증,Y0070,장중첩/폐색(유아),수용불가,20260927090000,20261004090000,경상남도 진주시 강남로 79 (칠암동),A2800001,11,자동,차단,
2026-10-01 01:00:01,경상남도,A2800001,경상국립대학교병원,중증,Y0042,대동맥응급(복부),수술 필요 시 수용불가,20260927090000,20261004090000,경상남도 진주시 강남로 79 (칠암동),A2800001,12,자동,차단,
2026-10-01 01:00:01,경상남도,A2800001,경상국립대학교병원,응급,Y000,응급실,중증외상(사지 절단) 수지 접합 불가능,20260927090000,20261004090000,경상남도 진주시 강남로 79 (칠암동),A2800001,13,자동,차단,정형외과
2026-10-01 01:00:01,경상남도,A2800004,창원파티마병원,응급,Y000,응급실,대동맥박리 진료 불가,20260928000000,20261005235900,경상남도 창원시 의창구 창이대로 45 (명서동),A2800004,14,자동,차단,흉부외과
2026-10-01 01:00:01,경상남도,A2800004,창원파티마병원,응급,Y000,응급실,사전에 수용여부 확인 바랍니다.,20260928000000,20261005235900,경상남도 창원시 의창구 창이대로 45 (명서동),A2800004,15,자동,차단,피부과
2026-10-01 01:00:01,경상남도,A2800004,창원파티마병원,응급,Y000,응급실,"심부열상, 개방성 골절 진료 불가",20260928000000,20261005235900,경상남도 창원시 의창구 창이대로 45 (명서동),A2800004,16,자동,차단,정형외과
2026-10-01 01:00:01,경상남도,A2800004,창원파티마병원,응급,Y000,응급실,"정신과 응급진료 불가 (약물중독, 자해, 입원이 필요한 경우)",20260928000000,20261005235900,경상남도 창원시 의창구 창이대로 45 (명서동),A2800004,17,자동,차단,정신건강의학과
2026-10-01 01:00:01,경상남도,A2800004,창원파티마병원,응급,Y000,응급실,사전에 수용여부 확인 바랍니다.,20260928000000,20261005235900,경상남도 창원시 의창구 창이대로 45 (명서동),A2800004,18,자동,차단,치과
2026-10-01 01:00:01,경상남도,A2800004,창원파티마병원,응급,Y000,응급실,사전에 수용여부 확인 바랍니다.,20260928000000,20261005235900,경상남도 창원시 의창구 창이대로 45 (명서동),A2800004,19,자동,차단,비뇨의학과
2026-10-01 01:00:01,경상남도,A2800004,창원파티마병원,응급,Y000,응급실,"[야간, 주말] 성형외과 전문의 진료 및 봉합 불가",20260928000000,20261005235900,경상남도 창원시 의창구 창이대로 45 (명서동),A2800004,20,자동,차단,성형외과
2026-10-01 01:00:01,경상남도,A2800004,창원파티마병원,응급,Y000,응급실,"소아과 전문 진료 가능(평일 17:00-22:00, 토요일 13:00-17:00, 일요일 10:00-17:00)",20260928000000,20261005235900,경상남도 창원시 의창구 창이대로 45 (명서동),A2800004,21,자동,차단,소아청소년과
2026-10-01 01:00:01,경상남도,A2800004,창원파티마병원,응급,Y000,응급실,성인 위내시경 가능 시간 ▶ 평일 09:00~17:00,20260928000000,20261005235900,경상남도 창원시 의창구 창이대로 45 (명서동),A2800004,22,자동,차단,소화기내과
2026-10-01 01:00:01,경상남도,A2800004,창원파티마병원,응급,Y000,응급실,"19세 미만 소아분과 진료 불가 (의식변화, 발열 없는 경련, 실신 등)",20260928000000,20261005235900,경상남도 창원시 의창구 창이대로 45 (명서동),A2800004,23,자동,차단,소아청소년과
2026-10-01 01:00:01,경상남도,A2800004,창원파티마병원,응급,Y000,응급실,혈액종양내과 진료 불가,20260928000000,20261005235900,경상남도 창원시 의창구 창이대로 45 (명서동),A2800004,24,자동,차단,혈액·종양내과
2026-10-01 01:00:01,경상남도,A2800004,창원파티마병원,응급,Y000,응급실,"[야간, 주말] 정형외과 전문의 진료 및 봉합 불가",20260928000000,20261005235900,경상남도 창원시 의창구 창이대로 45 (명서동),A2800004,25,자동,차단,정형외과
2026-10-01 01:00:01,경상남도,A2800004,창원파티마병원,응급,Y000,응급실,"~ 12/31까지 감염내과 진료 불가 (원인불명 열, 피부감염 등)",20260928000000,20261005235900,경상남도 창원시 의창구 창이대로 45 (명서동),A2800004,26,자동,차단,감염내과
2026-10-01 01:00:01,경상남도,A2800004,창원파티마병원,응급,Y000,응급실,일산화탄소 중독 환자 진료 불가,20260928000000,20261005235900,경상남도 창원시 의창구 창이대로 45 (명서동),A2800004,27,자동,차단,병상 또는 장비
2026-10-01 01:00:01,경상남도,A2800004,창원파티마병원,응급,Y000,응급실,사전에 수용여부 확인바랍니다.,20260928000000,20261005235900,경상남도 창원시 의창구 창이대로 45 (명서동),A2800004,28,자동,차단,이비인후과
2026-10-01 01:00:01,경상남도,A2800007,창원한마음병원,응급,Y000,응급실,[정형외과] 사지접합의 수술이 필요한 환자 내원 시 응급의료센터 확인 요망,20260928110000,20261005120000,경상남도 창원시 의창구 용동로57번길 8 (사림동),A2800007,29,자동,차단,응급실
2026-10-01 01:00:01,경상남도,A2800007,창원한마음병원,응급,Y000,응급실,[소아청소년과] 소아 이물질환자 진료불가,20260928110000,20261005120000,경상남도 창원시 의창구 용동로57번길 8 (사림동),A2800007,30,자동,차단,소아청소년과
2026-10-01 01:00:01,경상남도,A2800007,창원한마음병원,응급,Y000,응급실,[소아청소년과] seizure 포함 소아신경학적증상 있는 소아의 경우 소아신경과 부재로 진료불가,20260928110000,20261005120000,경상남도 창원시 의창구 용동로57번길 8 (사림동),A2800007,31,자동,차단,소아청소년과
2026-10-01 01:00:01,경상남도,A2800007,창원한마음병원,응급,Y000,응급실,[안과] 안과 질환 응급 환자 이송 시 응급의료센터 확인 요망,20260928110000,20261005120000,경상남도 창원시 의창구 용동로57번길 8 (사림동),A2800007,32,자동,차단,응급실
2026-10-01 01:00:01,경상남도,A2800007,창원한마음병원,응급,Y000,응급실,[소아청소년과] 3개월 미만 환아 소아전문의 부재로 진료불가,20260928110000,20261005120000,경상남도 창원시 의창구 용동로57번길 8 (사림동),A2800007,33,자동,차단,소아청소년과
2026-10-01 01:00:01,경상남도,A2800007,창원한마음병원,응급,Y000,응급실,"[소아청소년과] 소아 중증호흡기질환, 특히 소아 intubation이 필요한 중증환아의 경우 본원 소아 인공호흡기장비 부재로 진료불가",20260928110000,20261005120000,경상남도 창원시 의창구 용동로57번길 8 (사림동),A2800007,34,자동,차단,병상 또는 장비
2026-10-01 01:00:01,경상남도,A2800011,양산부산대학교병원,중증,Y0020,뇌경색의 재관류중재술,시술중. acute 수용 불가능.,20260930220400,20261001030000,경상남도 양산시 물금읍 금오로 20,A2800011,35,자동,차단,신경과
2026-10-01 01:00:01,경상남도,A2800011,양산부산대학교병원,중증,Y0160,안과적 응급 수술,망막 part 의료진 부재로 진료 및 수술 불가능.,20260930174500,20261007230000,경상남도 양산시 물금읍 금오로 20,A2800011,36,자동,차단,안과
2026-10-01 01:00:01,경상남도,A2800011,양산부산대학교병원,응급,Y000,응급실,소아응급실) 수 3PM~ 목 8AM까지 sono 불가,20260930150000,20261001080000,경상남도 양산시 물금읍 금오로 20,A2800011,37,자동,차단,소아청소년과
2026-10-01 01:00:01,경상남도,A2800011,양산부산대학교병원,응급,Y000,응급실,소아 정형외과) 진료 및 수술 불가능,20260928135500,20261004070000,경상남도 양산시 물금읍 금오로 20,A2800011,38,자동,차단,정형외과
2026-10-01 01:00:01,경상남도,A2800011,양산부산대학교병원,응급,Y000,응급실,"정규시간만 가능. (야간, 주말 및 공휴일 진료 불가)",20260925113900,20261002235800,경상남도 양산시 물금읍 금오로 20,A2800011,39,자동,차단,성형외과
2026-10-01 01:00:01,경상남도,A2800011,양산부산대학교병원,응급,Y000,응급실,족부 part 진료 불가.,20260925113900,20261002235800,경상남도 양산시 물금읍 금오로 20,A2800011,40,자동,차단,정형외과
2026-10-01 01:00:01,경상남도,A2800011,양산부산대학교병원,응급,Y000,응급실,응급실 진료 불가능. (외래만),20260925113800,20261002235800,경상남도 양산시 물금읍 금오로 20,A2800011,41,자동,차단,피부과
2026-10-01 01:00:01,경상남도,A2800011,양산부산대학교병원,응급,Y000,응급실,진료 및 수술 불가능.,20260925113700,20261002235800,경상남도 양산시 물금읍 금오로 20,A2800011,42,자동,차단,외과
2026-10-01 01:00:01,경상남도,A2800011,양산부산대학교병원,응급,Y000,응급실,응급실 진료 및 입원 불가능.,20260925113700,20261002235800,경상남도 양산시 물금읍 금오로 20,A2800011,43,자동,차단,감염내과
2026-10-01 01:00:01,경상남도,A2800011,양산부산대학교병원,중증,Y0100,저출생체중아,미숙아 망막검사 의사 부재로 30주 미만 미숙아 및 산모 전원 불가.,20260925095000,20261002235900,경상남도 양산시 물금읍 금오로 20,A2800011,44,자동,차단,소아청소년과
2026-10-01 01:00:01,경상남도,A2800011,양산부산대학교병원,중증,Y0052,담낭담관질환(담도포함질환),의료진 부재로 진료 불가능.,20260925095000,20261002235900,경상남도 양산시 물금읍 금오로 20,A2800011,45,자동,차단,내과
2026-10-01 01:00:01,경상남도,A2800011,양산부산대학교병원,중증,Y0051,담낭담관질환(담낭질환),의료진 부재로 진료 불가능.,20260925095000,20261002235900,경상남도 양산시 물금읍 금오로 20,A2800011,46,자동,차단,외과
2026-10-01 01:00:01,경상남도,A2800011,양산부산대학교병원,중증,Y0060,복부응급수술(비외상),의료진 부재로 진료 및 수술 불가능.,20260925095000,20261002235900,경상남도 양산시 물금읍 금오로 20,A2800011,47,자동,차단,외과
2026-10-01 01:00:01,경상남도,A2800014,의료법인갑을의료재단 갑을장유병원,응급,Y000,응급실,불가능메세지등록,20260930160000,20261001090000,경상남도 김해시 장유로 167-13 (부곡동),A2800014,48,자동,차단,병상 또는 장비
2026-10-01 01:00:01,경상남도,A2800017,의료법인합포의료재단에스엠지연세병원,중증,Y0142,응급투석(CRRT),전문의 해외 일정으로 인한 진료 불가,20260930000000,20261001235900,"경상남도 창원시 마산합포구 3·15대로 76 (월남동2가, 합포의료재단)",A2800017,49,자동,차단,내과
2026-10-01 01:00:01,경상남도,A2800017,의료법인합포의료재단에스엠지연세병원,중증,Y0141,응급투석(HD),전문의 해외 일정으로 인한 진료 불가,20260930000000,20261001235900,"경상남도 창원시 마산합포구 3·15대로 76 (월남동2가, 합포의료재단)",A2800017,50,자동,차단,내과
2026-10-01 01:00:01,경상남도,A2800020,학교법인성균관대학삼성창원병원,응급,Y000,응급실,"PD IN 의료진 부재로 소아신장 전문의 진료가 필요한 환자 수용어려움(혈뇨, 단백뇨 등 소아 신장질환)",20260930201000,20261007235900,"경상남도 창원시 마산회원구 팔용로 158 (합성동, 삼성창원병원)",A2800020,51,자동,차단,소아청소년과
2026-10-01 01:00:01,경상남도,A2800020,학교법인성균관대학삼성창원병원,중증,Y0142,응급투석(CRRT),CRRT기기부족으로 적응증환자 수용어려움,20260928130700,20261005235900,"경상남도 창원시 마산회원구 팔용로 158 (합성동, 삼성창원병원)",A2800020,52,자동,차단,
2026-10-01 01:00:01,경상남도,A2800020,학교법인성균관대학삼성창원병원,중증,Y0112,산부인과 응급(산과수술),[산부인과] 응급 산과수술 인력부족으로 Follow up외 수용어려움 사전문의바람,20260924000300,20261001235900,"경상남도 창원시 마산회원구 팔용로 158 (합성동, 삼성창원병원)",A2800020,53,자동,차단,
2026-10-01 01:00:01,경상남도,A2800020,학교법인성균관대학삼성창원병원,중증,Y0113,산부인과 응급(부인과수술),[산부인과] 응급 부인과수술 인력부족으로 Follow up외 수용어려움 사전문의바람,20260924000300,20261001235900,"경상남도 창원시 마산회원구 팔용로 158 (합성동, 삼성창원병원)",A2800020,54,자동,차단,
2026-10-01 01:00:01,경상남도,A2800020,학교법인성균관대학삼성창원병원,중증,Y0111,산부인과 응급(분만),[산부인과] 응급 분만 인력부족으로 Follow up외 수용어려움 사전문의바람,20260924000300,20261001235900,"경상남도 창원시 마산회원구 팔용로 158 (합성동, 삼성창원병원)",A2800020,55,자동,차단,
2026-10-01 01:00:01,경상남도,A2800020,학교법인성균관대학삼성창원병원,중증,Y0131,수족지접합,[정형외과] 사지접합의 수술(수족지접합) 인력문제로 수부파트 진료불가 사전문의바람,20260924000000,20261001235900,"경상남도 창원시 마산회원구 팔용로 158 (합성동, 삼성창원병원)",A2800020,56,자동,차단,
2026-10-01 01:00:01,경상남도,A2800020,학교법인성균관대학삼성창원병원,응급,Y000,응급실,"[신경과] 외상없는 양쪽다리 마비,양쪽팔다리 마비환자 진료불가, 신경과 말초 및 신경근육질환 전문의 장기간 공석으로 해당질환 진료불가",20260924000000,20261001235900,"경상남도 창원시 마산회원구 팔용로 158 (합성동, 삼성창원병원)",A2800020,57,자동,차단,신경과
2026-10-01 01:00:01,경상남도,A2800020,학교법인성균관대학삼성창원병원,응급,Y000,응급실,[성형외과] 당직 의료진 부재로 진료불가,20260924000000,20261001235900,"경상남도 창원시 마산회원구 팔용로 158 (합성동, 삼성창원병원)",A2800020,58,자동,차단,성형외과
2026-10-01 01:00:01,경상남도,A2800020,학교법인성균관대학삼성창원병원,응급,Y000,응급실,[심장혈관흉부외과] 당직별 수술가능여부 달라 사전문의 바람,20260924000000,20261001235900,"경상남도 창원시 마산회원구 팔용로 158 (합성동, 삼성창원병원)",A2800020,59,자동,차단,흉부외과
2026-10-01 01:00:01,경상남도,A2800020,학교법인성균관대학삼성창원병원,응급,Y000,응급실,"[혈액종양내과] 해당과 사정으로 신환, 타병원 ca 환자 수용 제한적, 사전문의 바람",20260924000000,20261001235900,"경상남도 창원시 마산회원구 팔용로 158 (합성동, 삼성창원병원)",A2800020,60,자동,차단,혈액·종양내과
2026-10-01 01:00:01,경상남도,A2800020,학교법인성균관대학삼성창원병원,응급,Y000,응급실,[응급의학과] - 인력부족으로 DI환자 사전에 수용여부 확인바람,20260924000000,20261001235900,"경상남도 창원시 마산회원구 팔용로 158 (합성동, 삼성창원병원)",A2800020,61,자동,차단,응급실
2026-10-01 01:00:01,경상남도,A2800020,학교법인성균관대학삼성창원병원,응급,Y000,응급실,[안과] 인력부족으로 진료 및 수술 제한적,20260924000000,20261001235900,"경상남도 창원시 마산회원구 팔용로 158 (합성동, 삼성창원병원)",A2800020,62,자동,차단,안과
2026-10-01 01:00:01,경상남도,A2800020,학교법인성균관대학삼성창원병원,응급,Y000,응급실,[영상의학과] 해당과 사정으로 고환 염전 초음파 진료 불가,20260924000000,20261001235900,"경상남도 창원시 마산회원구 팔용로 158 (합성동, 삼성창원병원)",A2800020,63,자동,차단,영상의학과
2026-10-01 01:00:01,경상남도,A2800020,학교법인성균관대학삼성창원병원,응급,Y000,응급실,[정신건강의학과] 당직 의료진 부재로 진료불가,20260924000000,20261001235900,"경상남도 창원시 마산회원구 팔용로 158 (합성동, 삼성창원병원)",A2800020,64,자동,차단,정신건강의학과
2026-10-01 01:00:01,경상남도,A2800020,학교법인성균관대학삼성창원병원,응급,Y000,응급실,[응급의학과] - 인력부족으로 post CPR 환자 본원에 수용여부 확인,20260924000000,20261001235900,"경상남도 창원시 마산회원구 팔용로 158 (합성동, 삼성창원병원)",A2800020,65,자동,차단,응급실
2026-10-01 01:00:01,경상남도,A2800020,학교법인성균관대학삼성창원병원,응급,Y000,응급실,[피부과] 당직 의료진 부재로 진료불가,20260924000000,20261001235900,"경상남도 창원시 마산회원구 팔용로 158 (합성동, 삼성창원병원)",A2800020,66,자동,차단,피부과
2026-10-01 01:00:01,경상남도,A2800020,학교법인성균관대학삼성창원병원,응급,Y000,응급실,"[외과] 인력부족으로 특정과목 응급수술 불가, 사전문의바람",20260924000000,20261001235900,"경상남도 창원시 마산회원구 팔용로 158 (합성동, 삼성창원병원)",A2800020,67,자동,차단,외과
2026-10-01 01:00:01,경상남도,A2800020,학교법인성균관대학삼성창원병원,응급,Y000,응급실,[호흡기 내과] 인력부족으로 신환수용 불가,20260924000000,20261001235900,"경상남도 창원시 마산회원구 팔용로 158 (합성동, 삼성창원병원)",A2800020,68,자동,차단,호흡기내과
2026-10-01 01:00:01,경상남도,A2800020,학교법인성균관대학삼성창원병원,응급,Y000,응급실,"[신장내과] 인력부족으로 수용 제한적, 사전문의바람",20260924000000,20261001235900,"경상남도 창원시 마산회원구 팔용로 158 (합성동, 삼성창원병원)",A2800020,69,자동,차단,신장내과
2026-10-01 01:00:01,경상남도,A2800020,학교법인성균관대학삼성창원병원,응급,Y000,응급실,[소아청소년과] 소아외상 진료불가,20260924000000,20261001235900,"경상남도 창원시 마산회원구 팔용로 158 (합성동, 삼성창원병원)",A2800020,70,자동,차단,소아청소년과
2026-10-01 01:00:01,경상남도,A2800020,학교법인성균관대학삼성창원병원,응급,Y000,응급실,[응급의학과] - 인력 부족으로 중증환자 119 통한 수용 및 외부 전원 제한적,20260924000000,20261001235900,"경상남도 창원시 마산회원구 팔용로 158 (합성동, 삼성창원병원)",A2800020,71,자동,차단,응급실
2026-10-01 01:00:01,경상남도,A2800021,연세에스병원,중증,Y0020,뇌경색의 재관류중재술,불가능메세지등록,20260930180000,20261001090000,경상남도 창원시 진해구 해원로32번길 13 (이동),A2800021,72,자동,차단,
2026-10-01 01:00:01,경상남도,A2800021,연세에스병원,중증,Y0031,뇌출혈수술(거미막하 출혈),불가능메세지등록,20260930180000,20261001090000,경상남도 창원시 진해구 해원로32번길 13 (이동),A2800021,73,자동,차단,
2026-10-01 01:00:01,경상남도,A2800021,연세에스병원,중증,Y0032,뇌출혈수술(거미막하 출혈 외),불가능메세지등록,20260930180000,20261001090000,경상남도 창원시 진해구 해원로32번길 13 (이동),A2800021,74,자동,차단,
2026-10-01 01:00:01,경상남도,A2803505,창원경상국립대학교병원,중증,Y0160,안과적 응급 수술,불가능메세지등록,20260930200000,20261001090000,"경상남도 창원시 성산구 삼정자로 11 (성주동, 창원경상대학교병원)",A2803505,75,자동,차단,
2026-10-01 01:00:01,경상남도,A2803505,창원경상국립대학교병원,중증,Y0010,심근경색의 재관류중재술,의료진부재,20260930180900,20261001080000,"경상남도 창원시 성산구 삼정자로 11 (성주동, 창원경상대학교병원)",A2803505,76,자동,차단,내과
2026-10-01 01:00:01,경상남도,A2803505,창원경상국립대학교병원,중증,Y0020,뇌경색의 재관류중재술,의료진부재,20260930180900,20261001080000,"경상남도 창원시 성산구 삼정자로 11 (성주동, 창원경상대학교병원)",A2803505,77,자동,차단,
2026-10-01 01:00:01,경상남도,A2803505,창원경상국립대학교병원,응급,Y000,응급실,"[순환기내과] 의료진 부재로 CAG 등 불가, 해당질환 수용 불가",20260930180900,20261001080000,"경상남도 창원시 성산구 삼정자로 11 (성주동, 창원경상대학교병원)",A2803505,78,자동,차단,순환기내과
2026-10-01 01:00:01,경상남도,A2803505,창원경상국립대학교병원,응급,Y000,응급실,[신경과] 의료진 부재로 acute stroke 수용 불가,20260930180900,20261001080000,"경상남도 창원시 성산구 삼정자로 11 (성주동, 창원경상대학교병원)",A2803505,79,자동,차단,신경과
2026-10-01 01:00:01,경상남도,A2803505,창원경상국립대학교병원,중증,Y0091,기관지 응급내시경(성인),불가능메세지등록,20260930180000,20261001080000,"경상남도 창원시 성산구 삼정자로 11 (성주동, 창원경상대학교병원)",A2803505,80,자동,차단,
2026-10-01 01:00:01,경상남도,A2803505,창원경상국립대학교병원,중증,Y0081,위장관 응급내시경(성인),불가능메세지등록,20260930180000,20261001080000,"경상남도 창원시 성산구 삼정자로 11 (성주동, 창원경상대학교병원)",A2803505,81,자동,차단,
2026-10-01 01:00:01,경상남도,A2803505,창원경상국립대학교병원,응급,Y000,응급실,[성형외과] 평일 09:00~20:00 (화요일09:00~17:00).진료가능,20260930180000,20261007180000,"경상남도 창원시 성산구 삼정자로 11 (성주동, 창원경상대학교병원)",A2803505,82,자동,차단,성형외과
2026-10-01 01:00:01,경상남도,A2803505,창원경상국립대학교병원,응급,Y000,응급실,[안과] 의료진부재로 안과외상 수용불가,20260930180000,20261007180000,"경상남도 창원시 성산구 삼정자로 11 (성주동, 창원경상대학교병원)",A2803505,83,자동,차단,안과
2026-10-01 01:00:01,경상남도,A2803505,창원경상국립대학교병원,응급,Y000,응급실,[정형외과] 주말 의료진 부재로 해당과 진료불가.,20260930180000,20261007180000,"경상남도 창원시 성산구 삼정자로 11 (성주동, 창원경상대학교병원)",A2803505,84,자동,차단,정형외과
2026-10-01 01:00:01,경상남도,A2803505,창원경상국립대학교병원,응급,Y000,응급실,"[소아청소년과] 소아초음파 평일 08:00 ~ 17:00까지 가능, 의료진부재로 인해 주말/야간 불가.",20260930180000,20261007180000,"경상남도 창원시 성산구 삼정자로 11 (성주동, 창원경상대학교병원)",A2803505,85,자동,차단,소아청소년과
2026-10-01 01:00:01,경상남도,A2803505,창원경상국립대학교병원,응급,Y000,응급실,[정형외과] 개방성골절 및 미세접합수술 필요한 경우 수용불가,20260930180000,20261007180000,"경상남도 창원시 성산구 삼정자로 11 (성주동, 창원경상대학교병원)",A2803505,86,자동,차단,정형외과
2026-10-01 01:00:01,경상남도,A2803505,창원경상국립대학교병원,응급,Y000,응급실,"[이비인후과] 평일 09:00~17:00 까지 진료가능, 심경부감염, 경부 외상, airway 환자는 의료진부재로 수용불가",20260930180000,20261007180000,"경상남도 창원시 성산구 삼정자로 11 (성주동, 창원경상대학교병원)",A2803505,87,자동,차단,이비인후과
2026-10-01 01:00:01,경상남도,A2803505,창원경상국립대학교병원,응급,Y000,응급실,[소아청소년과]  seizure 의료진 부재로 수용 불가 (단순열성경련의 경우 문의바람).,20260930180000,20261007180000,"경상남도 창원시 성산구 삼정자로 11 (성주동, 창원경상대학교병원)",A2803505,88,자동,차단,소아청소년과
2026-10-01 01:00:01,경상남도,A2803505,창원경상국립대학교병원,응급,Y000,응급실,중증화상환자 기도 및 정맥로 확보 후 화상센터 전원.,20260930180000,20261007180000,"경상남도 창원시 성산구 삼정자로 11 (성주동, 창원경상대학교병원)",A2803505,89,자동,차단,응급실
2026-10-01 01:00:01,제주특별자치도,A2900001,제주한라병원,응급,Y000,응급실,심장내과 진료과 사정으로 진료 불가(17:00~06:00),20260930170000,20261001060000,"제주특별자치도 제주시 도령로 65 (연동, (연동))",A2900001,1,자동,차단,순환기내과
2026-10-01 01:00:01,제주특별자치도,A2900001,제주한라병원,중증,Y0010,심근경색의 재관류중재술,심장내과 진료과 사정으로 진료 불가(17:00~06:00),20260930170000,20261001060000,"제주특별자치도 제주시 도령로 65 (연동, (연동))",A2900001,2,자동,차단,내과
2026-10-01 01:00:01,제주특별자치도,A2900001,제주한라병원,응급,Y000,응급실,췌담도 part 전문의 부재,20260930170000,20261007080000,"제주특별자치도 제주시 도령로 65 (연동, (연동))",A2900001,3,자동,차단,소화기내과
2026-10-01 01:00:01,제주특별자치도,A2900001,제주한라병원,중증,Y0171,영상의학혈관중재(성인),영상의학 혈관중재 전문의 부재,20260930080000,20261001080000,"제주특별자치도 제주시 도령로 65 (연동, (연동))",A2900001,4,자동,차단,핵의학과
2026-10-01 01:00:01,제주특별자치도,A2900001,제주한라병원,중증,Y0052,담낭담관질환(담도포함질환),ERCP 전문의 부재,20260928080000,20261005080000,"제주특별자치도 제주시 도령로 65 (연동, (연동))",A2900001,5,자동,차단,외과
2026-10-01 01:00:01,제주특별자치도,A2900002,제주특별자치도서귀포의료원,중증,Y0081,위장관 응급내시경(성인),불가능메세지등록,20260930080000,20261001080000,제주특별자치도 서귀포시 장수로 47 (동홍동),A2900002,6,자동,차단,내과
2026-10-01 01:00:01,제주특별자치도,A2900005,한마음병원,응급,Y000,응급실,"[신경과] 전화문의(주말 및 휴일-24시간, 평일-17시~익일 9시까지 진료 일부 제한)",20260930000000,20261007235900,제주특별자치도 제주시 연신로 52   (이도이동),A2900005,7,자동,차단,신경과
2026-10-01 01:00:01,제주특별자치도,A2900005,한마음병원,응급,Y000,응급실,[비뇨의학과] 외래 휴진,20260929000000,20261006235900,제주특별자치도 제주시 연신로 52   (이도이동),A2900005,8,자동,차단,비뇨의학과
2026-10-01 01:00:01,제주특별자치도,A2900006,의료법인중앙의료재단중앙병원,응급,Y000,응급실,사전협의-수술지연 및 입원불가 동의 필요,20260928090000,20261005090000,"제주특별자치도 제주시 월랑로 91-0 (이호이동,중앙병원)",A2900006,9,자동,차단,정형외과
2026-10-01 01:00:01,제주특별자치도,A2900007,제주대학교병원,응급,Y000,응급실,"소화기 내시경 수용 가능 일시 (평일 08:00~20:00, 주말휴일 08:00~12:00)",20260930080000,20261007080000,"제주특별자치도 제주시 아란13길 15-0 (아라일동, 0동 0층 0호 (아라일동,제주대학교병원))",A2900007,10,자동,차단,소화기내과
2026-10-01 01:00:01,제주특별자치도,A2900007,제주대학교병원,응급,Y000,응급실,"안과진료 가능 일시 (주간, 화,목,22시까지, 토 20시까지)",20260924080000,20261001080000,"제주특별자치도 제주시 아란13길 15-0 (아라일동, 0동 0층 0호 (아라일동,제주대학교병원))",A2900007,11,자동,차단,안과
2026-10-01 01:30:00,서울특별시,A1100001,경희대학교병원,응급,Y000,응급실,119 구급대원께서는 문의 후 이송 부탁드립니다.,20260925010000,20261002000000,서울특별시 동대문구 경희대로 23 (회기동),A1100001,1,자동,차단,응급실
2026-10-01 01:30:00,서울특별시,A1100001,경희대학교병원,응급,Y000,응급실,성형외과 :(월-목)오후 9시까지 가능 / (금-토)24시간 가능 / (일)오후 4시 ~ 익일 오전 7시 가능,20260925010000,20261002000000,서울특별시 동대문구 경희대로 23 (회기동),A1100001,2,자동,차단,성형외과
2026-10-01 01:30:00,서울특별시,A1100001,경희대학교병원,응급,Y000,응급실,"NICU 부재, 고위험산모실 부재 등으로 모든 산모 수용 불가",20260925010000,20261002000000,서울특별시 동대문구 경희대로 23 (회기동),A1100001,3,자동,차단,산부인과
2026-10-01 01:30:00,서울특별시,A1100001,경희대학교병원,중증,Y0042,대동맥응급(복부),의료진 부족,20260925000000,20261002000000,서울특별시 동대문구 경희대로 23 (회기동),A1100001,4,자동,차단,외과
2026-10-01 01:30:00,서울특별시,A1100001,경희대학교병원,중증,Y0131,수족지접합,의료진 부족,20260925000000,20261002000000,서울특별시 동대문구 경희대로 23 (회기동),A1100001,5,자동,차단,정형외과
2026-10-01 01:30:00,서울특별시,A1100001,경희대학교병원,중증,Y0132,수족지접합 외,의료진 부족,20260925000000,20261002000000,서울특별시 동대문구 경희대로 23 (회기동),A1100001,6,자동,차단,정형외과
2026-10-01 01:30:00,서울특별시,A1100002,건국대학교병원,응급,Y000,응급실,"지속적인 간질 중첩증, 심근염을 비롯한 중증 심질환, 호흡기 기도 이물 및 중증객혈, 중증호흡부전(산소 2L/min이상필요한경우) 이송시 문의 바랍니다.",20260928090000,20261005090000,서울특별시 광진구 능동로 120-1 (화양동),A1100002,7,자동,차단,소아청소년과
2026-10-01 01:30:00,서울특별시,A1100002,건국대학교병원,응급,Y000,응급실,단순봉합 불가 (필요시 별도 문의 바랍니다),20260928090000,20261005090000,서울특별시 광진구 능동로 120-1 (화양동),A1100002,8,자동,차단,성형외과
2026-10-01 01:30:00,서울특별시,A1100002,건국대학교병원,응급,Y000,응급실,단순봉합 불가 (필요시 별도 문의 바랍니다),20260928090000,20261005090000,서울특별시 광진구 능동로 120-1 (화양동),A1100002,9,자동,차단,정형외과
2026-10-01 01:30:00,서울특별시,A1100002,건국대학교병원,응급,Y000,응급실,"소화기 이물 흡입시(저녁8시이후), 대량 토혈 및 혈변, 간이식 가능성이 있는 전격성 간염/간부전, 궤사성 췌장염이 진단된 경우) 이송시 문의 바랍니다.",20260928090000,20261005090000,서울특별시 광진구 능동로 120-1 (화양동),A1100002,10,자동,차단,소아청소년과
2026-10-01 01:30:00,서울특별시,A1100002,건국대학교병원,응급,Y000,응급실,환자 수용여부 확인 부탁드립니다.,20260928090000,20261005090000,서울특별시 광진구 능동로 120-1 (화양동),A1100002,11,자동,차단,신경과
2026-10-01 01:30:00,서울특별시,A1100002,건국대학교병원,응급,Y000,응급실,응급환자 이송시  반드시 병원수용 여부 가능확인 후 이송 부탁드립니다.,20260928090000,20261005090000,서울특별시 광진구 능동로 120-1 (화양동),A1100002,12,자동,차단,응급실
2026-10-01 01:30:00,서울특별시,A1100002,건국대학교병원,응급,Y000,응급실,"3개월이하 소아환자 발열 진료불가, 발열두통 시 뇌척수액검사 예상되는 소아 검사불가합니다. 이송시 참고바랍니다.",20260928090000,20261005090000,서울특별시 광진구 능동로 120-1 (화양동),A1100002,13,자동,차단,소아청소년과
2026-10-01 01:30:00,서울특별시,A1100003,중앙대학교병원,응급,Y000,응급실,이비인후과 진료 불가,20260930180000,20261001070000,서울특별시 동작구 흑석로 102 (흑석동),A1100003,14,자동,차단,이비인후과
2026-10-01 01:30:00,서울특별시,A1100003,중앙대학교병원,응급,Y000,응급실,2개월 미만 신생아 및 소아중환자 진료 불가,20260930100000,20261007100000,서울특별시 동작구 흑석로 102 (흑석동),A1100003,15,자동,차단,소아청소년과
2026-10-01 01:30:00,서울특별시,A1100003,중앙대학교병원,응급,Y000,응급실,피부과 진료 불가,20260930100000,20261007100000,서울특별시 동작구 흑석로 102 (흑석동),A1100003,16,자동,차단,피부과
2026-10-01 01:30:00,서울특별시,A1100004,순천향대학교부속서울병원,중증,Y0131,수족지접합,성형외과 인력 부족으로 수지접합 불가,20260930220000,20261001075900,서울특별시 용산구 대사관로 59 (한남동),A1100004,17,자동,차단,성형외과
2026-10-01 01:30:00,서울특별시,A1100004,순천향대학교부속서울병원,응급,Y000,응급실,(22:00~익일 08:00) 안면부 열상환자 및 단순 열상환자 응급실 내 진료 불가,20260928000000,20261004235900,서울특별시 용산구 대사관로 59 (한남동),A1100004,18,자동,차단,성형외과
2026-10-01 01:30:00,서울특별시,A1100005,이화여자대학교의과대학부속목동병원,응급,Y000,응급실,성형외과 인력 부족으로 매일 0AM~7AM 단순봉합 불가함,20260928100000,20261005100000,서울특별시 양천구 안양천로 1071 (목동),A1100005,19,자동,차단,성형외과
2026-10-01 01:30:00,서울특별시,A1100006,강북삼성병원,응급,Y000,응급실,[진료제한]-[요일별 상세 운영 다름. 수용여부 사전 확인] 요일별 상세 운영 시간이 달라 내원 전 문의부탁드립니다. (진료시간 1시간전 접수 마감),20260929154000,20261006150000,서울특별시 종로구 새문안로 29 (평동),A1100006,20,자동,차단,소아청소년과
2026-10-01 01:30:00,서울특별시,A1100006,강북삼성병원,응급,Y000,응급실,"★CS핫라인-ECMO/심장/대동맥수술/본원CS구환★ 010-8662-6890,  010-5031-0198",20260929154000,20261006150000,서울특별시 종로구 새문안로 29 (평동),A1100006,21,자동,차단,응급실
2026-10-01 01:30:00,서울특별시,A1100006,강북삼성병원,응급,Y000,응급실,"[진료제한]-[수용여부 사전 확인]  비뇨의학과(응급 수술케이스불가), 산부인과, 정형외과, 안과(외상 진료 및 수술불가)",20260929154000,20261006150000,서울특별시 종로구 새문안로 29 (평동),A1100006,22,자동,차단,기타 진료과
2026-10-01 01:30:00,서울특별시,A1100006,강북삼성병원,응급,Y000,응급실,"[야간불가]-[요일별 상세 운영 다름. 수용여부 사전 확인] 성형외과, 이비인후과, 피부과,  안과",20260929154000,20261006150000,서울특별시 종로구 새문안로 29 (평동),A1100006,23,자동,차단,기타 진료과
2026-10-01 01:30:00,서울특별시,A1100007,연세대학교의과대학세브란스병원,중증,Y0132,수족지접합 외,불가능메세지등록,20260930173000,20261001083000,서울특별시 서대문구 연세로 50-1 (신촌동),A1100007,24,자동,차단,
2026-10-01 01:30:00,서울특별시,A1100007,연세대학교의과대학세브란스병원,중증,Y0131,수족지접합,불가능메세지등록,20260930173000,20261001083000,서울특별시 서대문구 연세로 50-1 (신촌동),A1100007,25,자동,차단,
2026-10-01 01:30:00,서울특별시,A1100007,연세대학교의과대학세브란스병원,중증,Y0160,안과적 응급 수술,[안과적 응급 수술] 정규시간 외 응급수술 불가능(마취지원 불가),20260930150000,20261001080000,서울특별시 서대문구 연세로 50-1 (신촌동),A1100007,26,자동,차단,
2026-10-01 01:30:00,서울특별시,A1100007,연세대학교의과대학세브란스병원,응급,Y000,응급실,[복부응급수술(비외상)]Appendicitis 신환 수용 불가,20260926000000,20261002235900,서울특별시 서대문구 연세로 50-1 (신촌동),A1100007,27,자동,차단,외과
2026-10-01 01:30:00,서울특별시,A1100007,연세대학교의과대학세브란스병원,응급,Y000,응급실,[응급 기관지 내시경(성인)] 평일 7am-5pm 시행 가능 / 이 외 시간 및 휴일(공휴일 포함)은 상의 후 결정(필요 시 문의바랍니다.),20260926000000,20261002235900,서울특별시 서대문구 연세로 50-1 (신촌동),A1100007,28,자동,차단,호흡기내과
2026-10-01 01:30:00,서울특별시,A1100007,연세대학교의과대학세브란스병원,응급,Y000,응급실,[뇌출혈수술] 중환자실 및 응급 수술/마취 지원 여부에 따라 부분 수용 가능 (필요 시 문의 바랍니다.),20260926000000,20261002235900,서울특별시 서대문구 연세로 50-1 (신촌동),A1100007,29,자동,차단,응급실
2026-10-01 01:30:00,서울특별시,A1100007,연세대학교의과대학세브란스병원,응급,Y000,응급실,(성형외과) 단순 봉합 진료 불가,20260926000000,20261002235900,서울특별시 서대문구 연세로 50-1 (신촌동),A1100007,30,자동,차단,성형외과
2026-10-01 01:30:00,서울특별시,A1100007,연세대학교의과대학세브란스병원,응급,Y000,응급실,(치과) 치과(일반)진료 21:30 이후 진료 불가능(f/u 포함),20260926000000,20261002235900,서울특별시 서대문구 연세로 50-1 (신촌동),A1100007,31,자동,차단,치과
2026-10-01 01:30:00,서울특별시,A1100007,연세대학교의과대학세브란스병원,응급,Y000,응급실,(산과) 신환수용 불가(f/u 환자는 필요 시 문의바랍니다.),20260926000000,20261002235900,서울특별시 서대문구 연세로 50-1 (신촌동),A1100007,32,자동,차단,응급실
2026-10-01 01:30:00,서울특별시,A1100007,연세대학교의과대학세브란스병원,응급,Y000,응급실,(소아신경외과) f/u 환자가 아닌 신환의 협진 및 전원 수용 불가 (도보 내원 포함),20260926000000,20261002235900,서울특별시 서대문구 연세로 50-1 (신촌동),A1100007,33,자동,차단,신경외과
2026-10-01 01:30:00,서울특별시,A1100007,연세대학교의과대학세브란스병원,응급,Y000,응급실,(소아신경외과) f/u 환자가 아닌 신환의 협진 및 전원 수용 불가 (도보 내원 포함),20260926000000,20261002235900,서울특별시 서대문구 연세로 50-1 (신촌동),A1100007,34,자동,차단,응급실
2026-10-01 01:30:00,서울특별시,A1100007,연세대학교의과대학세브란스병원,응급,Y000,응급실,"[신생아(미숙아)] 생후 4주 이내, 교정연령 44주이내,  NICU 입원이 연속적인 경우에 가능,야간 및 공휴일은 사전 상의 된 환아 외 진료 불가능 (필요 시 문의 바랍니다)",20260926000000,20261002235900,서울특별시 서대문구 연세로 50-1 (신촌동),A1100007,35,자동,차단,응급실
2026-10-01 01:30:00,서울특별시,A1100008,학교법인 고려중앙학원 고려대학교의과대학부속병원(안암병원),중증,Y0042,대동맥응급(복부),"본원 LT, KT 중으로 수술 필요한 CASE 진료 불가능",20260930070000,20261001070000,"서울특별시 성북구 고려대로 73, 고려대병원 (안암동5가)",A1100008,36,자동,차단,외과
2026-10-01 01:30:00,서울특별시,A1100008,학교법인 고려중앙학원 고려대학교의과대학부속병원(안암병원),중증,Y0060,복부응급수술(비외상),"본원 LT, KT 중으로 수술 필요한 CASE 진료 불가능",20260930070000,20261001070000,"서울특별시 성북구 고려대로 73, 고려대병원 (안암동5가)",A1100008,37,자동,차단,외과
2026-10-01 01:30:00,서울특별시,A1100008,학교법인 고려중앙학원 고려대학교의과대학부속병원(안암병원),중증,Y0051,담낭담관질환(담낭질환),"본원 LT, KT 중으로 수술 필요한 CASE 진료 불가능",20260930070000,20261001070000,"서울특별시 성북구 고려대로 73, 고려대병원 (안암동5가)",A1100008,38,자동,차단,내과
2026-10-01 01:30:00,서울특별시,A1100008,학교법인 고려중앙학원 고려대학교의과대학부속병원(안암병원),응급,Y000,응급실,"[이비인후과]Deep neck infection 환자 평일 주간(8jAM~5PM), 화요일 야간(5PM~익일 8AM) 외 시간은 수용 불가",20260928094100,20261005140000,"서울특별시 성북구 고려대로 73, 고려대병원 (안암동5가)",A1100008,39,자동,차단,이비인후과
2026-10-01 01:30:00,서울특별시,A1100008,학교법인 고려중앙학원 고려대학교의과대학부속병원(안암병원),응급,Y000,응급실,"인력 부재로 성형안과적 진료(안검수술, 안와질환, 눈물길 질환 등) 제한",20260928094000,20261005140000,"서울특별시 성북구 고려대로 73, 고려대병원 (안암동5가)",A1100008,40,자동,차단,안과
2026-10-01 01:30:00,서울특별시,A1100009,재단법인아산사회복지재단 서울아산병원,응급,Y000,응급실,"응급실 포화, CPR만 가능",20261001000100,20261001020000,"서울특별시 송파구 올림픽로43길 88, 서울아산병원 (풍납동)",A1100009,41,자동,차단,응급실
2026-10-01 01:30:00,서울특별시,A1100009,재단법인아산사회복지재단 서울아산병원,응급,Y000,응급실,야간 시간 소아 소화기 이물 제거 불가(해당과 의사인력 부족)/ GI bleeding control은 수용 가능,20260930220000,20261001060000,"서울특별시 송파구 올림픽로43길 88, 서울아산병원 (풍납동)",A1100009,42,자동,차단,소아청소년과
2026-10-01 01:30:00,서울특별시,A1100009,재단법인아산사회복지재단 서울아산병원,응급,Y000,응급실,"단순 중심정맥관(PICC, Q-cath 등) 관련 시술불가",20260930000000,20261007235900,"서울특별시 송파구 올림픽로43길 88, 서울아산병원 (풍납동)",A1100009,43,자동,차단,영상의학과
2026-10-01 01:30:00,서울특별시,A1100009,재단법인아산사회복지재단 서울아산병원,응급,Y000,응급실,[종양내과] 본원 재진 외 수용불가,20260930000000,20261007235900,"서울특별시 송파구 올림픽로43길 88, 서울아산병원 (풍납동)",A1100009,44,자동,차단,혈액·종양내과
2026-10-01 01:30:00,서울특별시,A1100009,재단법인아산사회복지재단 서울아산병원,응급,Y000,응급실,[부인과]본원 재진 외 수용불가,20260930000000,20261007235900,"서울특별시 송파구 올림픽로43길 88, 서울아산병원 (풍납동)",A1100009,45,자동,차단,산부인과
2026-10-01 01:30:00,서울특별시,A1100009,재단법인아산사회복지재단 서울아산병원,응급,Y000,응급실,[성인] 안면부 단순 봉합 수용불가,20260930000000,20261007235900,"서울특별시 송파구 올림픽로43길 88, 서울아산병원 (풍납동)",A1100009,46,자동,차단,성형외과
2026-10-01 01:30:00,서울특별시,A1100009,재단법인아산사회복지재단 서울아산병원,응급,Y000,응급실,[산과] 임신 1삼분기GA14+6wks)는 재진 외 수용불가,20260930000000,20261007235900,"서울특별시 송파구 올림픽로43길 88, 서울아산병원 (풍납동)",A1100009,47,자동,차단,산부인과
2026-10-01 01:30:00,서울특별시,A1100009,재단법인아산사회복지재단 서울아산병원,응급,Y000,응급실,본원 재진 외 수용불가,20260930000000,20261007235900,"서울특별시 송파구 올림픽로43길 88, 서울아산병원 (풍납동)",A1100009,48,자동,차단,호흡기내과
2026-10-01 01:30:00,서울특별시,A1100009,재단법인아산사회복지재단 서울아산병원,응급,Y000,응급실,[혈액내과] 타원에서 치료중인 신환 수용불가,20260930000000,20261007235900,"서울특별시 송파구 올림픽로43길 88, 서울아산병원 (풍납동)",A1100009,49,자동,차단,혈액·종양내과
2026-10-01 01:30:00,서울특별시,A1100010,삼성서울병원,응급,Y000,응급실,[담낭담관질환] 담낭 수술 및 시술은 반드시 수용 여부 사전 확인,20260928000000,20261004235900,"서울특별시 강남구 일원로 81 (일원동, 삼성의료원)",A1100010,50,자동,차단,응급실
2026-10-01 01:30:00,서울특별시,A1100010,삼성서울병원,응급,Y000,응급실,[소아청소년과] 소아 중환자 및 뇌전증 지속상태 환자는 전원 수용 여부 사전 확인,20260928000000,20261004235900,"서울특별시 강남구 일원로 81 (일원동, 삼성의료원)",A1100010,51,자동,차단,응급실
2026-10-01 01:30:00,서울특별시,A1100010,삼성서울병원,응급,Y000,응급실,"[AMI, 급성뇌졸중 의심 환자] 우선 진료 조정을 위해 노력하고 있으니, 수용 문의 부탁드립니다.",20260928000000,20261004235900,"서울특별시 강남구 일원로 81 (일원동, 삼성의료원)",A1100010,52,자동,차단,응급실
2026-10-01 01:30:00,서울특별시,A1100010,삼성서울병원,응급,Y000,응급실,[위장관 응급내시경(성인)] 반드시 수용 여부 사전 확인,20260928000000,20261004235900,"서울특별시 강남구 일원로 81 (일원동, 삼성의료원)",A1100010,53,자동,차단,응급실
2026-10-01 01:30:00,서울특별시,A1100010,삼성서울병원,응급,Y000,응급실,"[안과] 응급 안과 적출에 준하는 상황의 경우, 안과 당직 문의 후 수용 여부 확인",20260928000000,20261004235900,"서울특별시 강남구 일원로 81 (일원동, 삼성의료원)",A1100010,54,자동,차단,응급실
2026-10-01 01:30:00,서울특별시,A1100012,학교법인가톨릭학원가톨릭대학교서울성모병원,응급,Y000,응급실,야간 수용 불가,20260928130100,20261005130000,서울특별시 서초구 반포대로 222 (반포동),A1100012,55,자동,차단,피부과
2026-10-01 01:30:00,서울특별시,A1100012,학교법인가톨릭학원가톨릭대학교서울성모병원,응급,Y000,응급실,"경증 환자 수용 불가, 신환 환자 사전 협의 필요",20260928130100,20261005130000,서울특별시 서초구 반포대로 222 (반포동),A1100012,56,자동,차단,혈액·종양내과
2026-10-01 01:30:00,서울특별시,A1100013,한양대학교병원,응급,Y000,응급실,성형외과 의료진 인력부족으로 단순 열상 환자 수용불가(심한 안면부 골절 불가능),20260930220000,20261001080000,서울특별시 성동구 왕십리로 222-1 (사근동),A1100013,57,자동,차단,성형외과
2026-10-01 01:30:00,서울특별시,A1100013,한양대학교병원,응급,Y000,응급실,피부과 의료진 인력부족으로 피부과 관련 환자 진료불가,20260930220000,20261001080000,서울특별시 성동구 왕십리로 222-1 (사근동),A1100013,58,자동,차단,피부과
2026-10-01 01:30:00,서울특별시,A1100013,한양대학교병원,응급,Y000,응급실,안과 의료진 인력부족으로 안과 관련 환자 진료불가,20260930220000,20261001070000,서울특별시 성동구 왕십리로 222-1 (사근동),A1100013,59,자동,차단,안과
2026-10-01 01:30:00,서울특별시,A1100013,한양대학교병원,응급,Y000,응급실,소아혈액종양내과 의료진 인력부족으로 관련 환자 진료불가,20260928090000,20261005090000,서울특별시 성동구 왕십리로 222-1 (사근동),A1100013,60,자동,차단,소아청소년과
2026-10-01 01:30:00,서울특별시,A1100013,한양대학교병원,응급,Y000,응급실,이비인후과 인력 부족으로 경부심재감염은 전원환자 수용불가,20260928090000,20261005090000,서울특별시 성동구 왕십리로 222-1 (사근동),A1100013,61,자동,차단,이비인후과
2026-10-01 01:30:00,서울특별시,A1100013,한양대학교병원,응급,Y000,응급실,소아신경분과 의료진 인력부족으로 관련 환자 진료불가,20260928090000,20261005090000,서울특별시 성동구 왕십리로 222-1 (사근동),A1100013,62,자동,차단,소아청소년과
2026-10-01 01:30:00,서울특별시,A1100013,한양대학교병원,응급,Y000,응급실,응급실 인력부족으로 중증외상환자 수용자제,20260928090000,20261005090000,서울특별시 성동구 왕십리로 222-1 (사근동),A1100013,63,자동,차단,응급실
2026-10-01 01:30:00,서울특별시,A1100013,한양대학교병원,응급,Y000,응급실,응급실 인력부족으로 중증외상환자 수용자제,20260928090000,20261005090000,서울특별시 성동구 왕십리로 222-1 (사근동),A1100013,64,자동,차단,응급실
2026-10-01 01:30:00,서울특별시,A1100013,한양대학교병원,응급,Y000,응급실,"응급실 인력부족으로 비응급, 경증환자 수용자제",20260928090000,20261005090000,서울특별시 성동구 왕십리로 222-1 (사근동),A1100013,65,자동,차단,응급실
2026-10-01 01:30:00,서울특별시,A1100014,고려대학교의과대학부속구로병원,응급,Y000,응급실,"이비인후과 - 평일 야간, 주말, 공휴일- 응급수술 및 진료, 전원 수용 불가",20260928100000,20261005095900,"서울특별시 구로구 구로동로 148, 고려대부속구로병원 (구로동)",A1100014,66,자동,차단,이비인후과
2026-10-01 01:30:00,서울특별시,A1100015,연세대학교의과대학강남세브란스병원,중증,Y0120,중증화상,불가능메세지등록,20260929000000,20261006000000,"서울특별시 강남구 언주로 211, 강남세브란스병원 (도곡동)",A1100015,67,자동,차단,
2026-10-01 01:30:00,서울특별시,A1100015,연세대학교의과대학강남세브란스병원,중증,Y0160,안과적 응급 수술,불가능메세지등록,20260929000000,20261006000000,"서울특별시 강남구 언주로 211, 강남세브란스병원 (도곡동)",A1100015,68,자동,차단,
2026-10-01 01:30:00,서울특별시,A1100016,인제대학교상계백병원,응급,Y000,응급실,[진료제한] 인력 부족으로 사전 문의 요망,20260929000000,20261005235900,"서울특별시 노원구 동일로 1342, 상계백병원 (상계동)",A1100016,69,자동,차단,산부인과
2026-10-01 01:30:00,서울특별시,A1100016,인제대학교상계백병원,응급,Y000,응급실,[진료제한] 인력 부족으로 사전 문의 요망,20260929000000,20261005235900,"서울특별시 노원구 동일로 1342, 상계백병원 (상계동)",A1100016,70,자동,차단,소아청소년과
2026-10-01 01:30:00,서울특별시,A1100016,인제대학교상계백병원,응급,Y000,응급실,"환자 수용 가능 (주말 10:00 ~ 22:00), 그 외 시간은 진료 제한",20260929000000,20261005235900,"서울특별시 노원구 동일로 1342, 상계백병원 (상계동)",A1100016,71,자동,차단,성형외과
2026-10-01 01:30:00,서울특별시,A1100016,인제대학교상계백병원,응급,Y000,응급실,"환자 수용 가능(월~목 24시간, 금 08:00 ~ 17:00), 그 외 시간은 진료 제한",20260929000000,20261005235900,"서울특별시 노원구 동일로 1342, 상계백병원 (상계동)",A1100016,72,자동,차단,치과
2026-10-01 01:30:00,서울특별시,A1100016,인제대학교상계백병원,응급,Y000,응급실,"환자 수용 가능(평일 09:00~20:00), 두경부 전문 인력 부족으로 진료 제한",20260929000000,20261005235900,"서울특별시 노원구 동일로 1342, 상계백병원 (상계동)",A1100016,73,자동,차단,이비인후과
2026-10-01 01:30:00,서울특별시,A1100016,인제대학교상계백병원,중증,Y0112,산부인과 응급(산과수술),의료진 부족으로 수용 어려움,20260929000000,20261005235900,"서울특별시 노원구 동일로 1342, 상계백병원 (상계동)",A1100016,74,자동,차단,
2026-10-01 01:30:00,서울특별시,A1100016,인제대학교상계백병원,중증,Y0111,산부인과 응급(분만),의료진 부족으로 수용 어려움,20260929000000,20261005235900,"서울특별시 노원구 동일로 1342, 상계백병원 (상계동)",A1100016,75,자동,차단,
2026-10-01 01:30:00,서울특별시,A1100016,인제대학교상계백병원,응급,Y000,응급실,"환자 수용 가능(평일 08:00 ~ 20:00), 그 외 시간은 진료 제한",20260929000000,20261005235900,"서울특별시 노원구 동일로 1342, 상계백병원 (상계동)",A1100016,76,자동,차단,안과
2026-10-01 01:30:00,서울특별시,A1100017,서울대학교병원,응급,Y000,응급실,비뇨의학과 : 신환 진료 불가,20260929000000,20261005235900,서울특별시 종로구 대학로 101 (연건동),A1100017,77,자동,차단,비뇨의학과
2026-10-01 01:30:00,서울특별시,A1100020,의료법인한전의료재단 한일병원,응급,Y000,응급실,18세 미만 단순 외상 제외한 환자 수용 불가,20261001000000,20261008235900,"서울특별시 도봉구 우이천로 308, 한일병원 (쌍문동)",A1100020,78,자동,차단,소아청소년과
2026-10-01 01:30:00,서울특별시,A1100021,삼육서울병원,응급,Y000,응급실,일-금 9-22시 까지 진료 가능. 토요일 진료 불가. 본원 안과 수술 환자는 진료 가능,20260930090000,20261007235900,서울특별시 동대문구 망우로 82 (휘경동),A1100021,79,자동,차단,안과
2026-10-01 01:30:00,서울특별시,A1100021,삼육서울병원,응급,Y000,응급실,"일과시간(일-목 9~17, 금9~12)이후 본원 치료중인 환자 이외 소아청소년과 입원불가, 응급의학과 의사에 의한 부분 진료 가능",20260928000000,20261005235900,서울특별시 동대문구 망우로 82 (휘경동),A1100021,80,자동,차단,소아청소년과
2026-10-01 01:30:00,서울특별시,A1100028,성심의료재단강동성심병원,응급,Y000,응급실,[순환기내과] 매주 수요일(평일) 6pm-익일 8am 시술불가,20260930180000,20261001080000,서울특별시 강동구 성안로 150 (길동),A1100028,81,자동,차단,순환기내과
2026-10-01 01:30:00,서울특별시,A1100028,성심의료재단강동성심병원,중증,Y0010,심근경색의 재관류중재술,시술 불가,20260930180000,20261001080000,서울특별시 강동구 성안로 150 (길동),A1100028,82,자동,차단,내과
2026-10-01 01:30:00,서울특별시,A1100028,성심의료재단강동성심병원,응급,Y000,응급실,"[피부과] 평일 07:00-22:00에만 진료(단,토요일은 24시간 진료)",20260928120000,20261005120000,서울특별시 강동구 성안로 150 (길동),A1100028,83,자동,차단,피부과
2026-10-01 01:30:00,서울특별시,A1100028,성심의료재단강동성심병원,응급,Y000,응급실,[안과] 08:00~22:00 진료가능,20260928120000,20261005120000,서울특별시 강동구 성안로 150 (길동),A1100028,84,자동,차단,안과
2026-10-01 01:30:00,서울특별시,A1100028,성심의료재단강동성심병원,응급,Y000,응급실,"[이비인후과] 일요일 8am이후, 월요일 8am~5pm이후 진료불가",20260928120000,20261005120000,서울특별시 강동구 성안로 150 (길동),A1100028,85,자동,차단,이비인후과
2026-10-01 01:30:00,서울특별시,A1100028,성심의료재단강동성심병원,응급,Y000,응급실,[성형외과] 평일 주간(08:00-17:00)에만 진료가능,20260928120000,20261005120000,서울특별시 강동구 성안로 150 (길동),A1100028,86,자동,차단,성형외과
2026-10-01 01:30:00,서울특별시,A1100028,성심의료재단강동성심병원,응급,Y000,응급실,*의료진 부족으로 119 내원시 모든 환자 사전 수용여부 확인 후 내원,20260928120000,20261005120000,서울특별시 강동구 성안로 150 (길동),A1100028,87,자동,차단,응급실
2026-10-01 01:30:00,서울특별시,A1100028,성심의료재단강동성심병원,응급,Y000,응급실,"[산부인과] 분만 관련 산모진료는 불가, 산과/부인과 수술은 평일 주간(08:00-17:00)만 진료가능",20260928120000,20261005120000,서울특별시 강동구 성안로 150 (길동),A1100028,88,자동,차단,산부인과
2026-10-01 01:30:00,서울특별시,A1100028,성심의료재단강동성심병원,응급,Y000,응급실,*인력부족으로 자살 사고 및 중독 진료불가,20260928120000,20261005120000,서울특별시 강동구 성안로 150 (길동),A1100028,89,자동,차단,기타 진료과
2026-10-01 01:30:00,서울특별시,A1100028,성심의료재단강동성심병원,응급,Y000,응급실,[정신건강의학과] 평일 주간(08:00-17:00)에만 진료가능,20260928120000,20261005120000,서울특별시 강동구 성안로 150 (길동),A1100028,90,자동,차단,정신건강의학과
2026-10-01 01:30:00,서울특별시,A1100028,성심의료재단강동성심병원,응급,Y000,응급실,[소아청소년과] 진료불가,20260928120000,20261005120000,서울특별시 강동구 성안로 150 (길동),A1100028,91,자동,차단,소아청소년과
2026-10-01 01:30:00,서울특별시,A1100041,의료법인서울효천의료재단 에이치플러스양지병원,응급,Y000,응급실,"흉부외과, 피부과, 안과, 치과 진료과 미개설로 인해 진료 불가합니다.",20261001000000,20261008235900,"서울특별시 관악구 남부순환로 1636, 양지병원 (신림동)",A1100041,92,자동,차단,기타 진료과
2026-10-01 01:30:00,서울특별시,A1100043,강동경희대학교병원,응급,Y000,응급실,의료진 부재로 인한 응급실 진료 불가,20260928000000,20261005235900,서울특별시 강동구 동남로 892 (상일동),A1100043,93,자동,차단,성형외과
2026-10-01 01:30:00,서울특별시,A1100043,강동경희대학교병원,응급,Y000,응급실,의료진 부재로 인한 응급실 진료 불가,20260928000000,20261005235900,서울특별시 강동구 동남로 892 (상일동),A1100043,94,자동,차단,정신건강의학과
2026-10-01 01:30:00,서울특별시,A1100043,강동경희대학교병원,응급,Y000,응급실,의료진 부재로 인한 응급실 진료 불가,20260928000000,20261005235900,서울특별시 강동구 동남로 892 (상일동),A1100043,95,자동,차단,치과
2026-10-01 01:30:00,서울특별시,A1100048,노원을지대학교병원,응급,Y000,응급실,안과 토요일 낮12시ㅡ월요일 08시까지 불가,20261001000000,20261004000000,"서울특별시 노원구 한글비석로 68, 을지병원 (하계동)",A1100048,96,자동,차단,안과
2026-10-01 01:30:00,서울특별시,A1100048,노원을지대학교병원,응급,Y000,응급실,응급실 119구급대원께서는 문의 후 이송 부탁드립니다,20261001000000,20261004000000,"서울특별시 노원구 한글비석로 68, 을지병원 (하계동)",A1100048,97,자동,차단,응급실
2026-10-01 01:30:00,서울특별시,A1100048,노원을지대학교병원,중증,Y0010,심근경색의 재관류중재술,"심근경색의 재관류중재술 야간(18:00 ~ 08:00),주말, 공휴일 불가",20261001000000,20261004000000,"서울특별시 노원구 한글비석로 68, 을지병원 (하계동)",A1100048,98,자동,차단,
2026-10-01 01:30:00,서울특별시,A1100048,노원을지대학교병원,중증,Y0082,위장관 응급내시경(영유아),"위장관 응급내시경(영유아) 야간(17:00 ~ 09:00), 주말, 공휴일 불가",20261001000000,20261004000000,"서울특별시 노원구 한글비석로 68, 을지병원 (하계동)",A1100048,99,자동,차단,
2026-10-01 01:30:00,서울특별시,A1100048,노원을지대학교병원,응급,Y000,응급실,"순환기내과 인력부족 CAG불가 야간(18:00 ~ 08:00까지 불가능), 주말, 공휴일 불가",20261001000000,20261004000000,"서울특별시 노원구 한글비석로 68, 을지병원 (하계동)",A1100048,100,자동,차단,순환기내과
2026-10-01 01:30:00,서울특별시,A1100048,노원을지대학교병원,응급,Y000,응급실,소아청소년과 24개월미만 진료불가,20261001000000,20261004000000,"서울특별시 노원구 한글비석로 68, 을지병원 (하계동)",A1100048,101,자동,차단,소아청소년과
2026-10-01 01:30:00,서울특별시,A1100048,노원을지대학교병원,중증,Y0091,기관지 응급내시경(성인),"기관지 응급내시경(성인) 야간(18:00 ~ 08:00) ,주말, 공휴일 불가",20261001000000,20261004000000,"서울특별시 노원구 한글비석로 68, 을지병원 (하계동)",A1100048,102,자동,차단,
2026-10-01 01:30:00,서울특별시,A1100048,노원을지대학교병원,응급,Y000,응급실,소아청소년과 진료가능 시간 (월~금 08:00 ~ 18:00) 이외 시간은 진료 불가,20261001000000,20261004000000,"서울특별시 노원구 한글비석로 68, 을지병원 (하계동)",A1100048,103,자동,차단,소아청소년과
2026-10-01 01:30:00,서울특별시,A1100051,혜민병원,중증,Y0032,뇌출혈수술(거미막하 출혈 외),불가능메세지등록,20260928000000,20261005000000,서울특별시 광진구 자양로 85 (자양동),A1100051,104,자동,차단,
2026-10-01 01:30:00,서울특별시,A1100051,혜민병원,중증,Y0051,담낭담관질환(담낭질환),불가능메세지등록,20260928000000,20261005000000,서울특별시 광진구 자양로 85 (자양동),A1100051,105,자동,차단,
2026-10-01 01:30:00,서울특별시,A1100053,한국보훈복지의료공단 중앙보훈병원,응급,Y000,응급실,내과계중환지실 부족으로 인해 내과계중환자 수용불가,20260928090000,20261005090000,서울특별시 강동구 진황도로61길 53 (둔촌동),A1100053,106,자동,차단,병상 또는 장비
2026-10-01 01:30:00,서울특별시,A1100054,성애의료재단성애병원,중증,Y0032,뇌출혈수술(거미막하 출혈 외),불가능메세지등록,20260930173000,20261001083000,"서울특별시 영등포구 여의대방로53길 22 (신길동, 성애병원)",A1100054,107,자동,차단,
2026-10-01 01:30:00,서울특별시,A1100223,서울특별시서남병원,중증,Y0051,담낭담관질환(담낭질환),ERCP 불가,20260930000000,20261007235900,서울특별시 양천구 신정이펜1로 20 (신정동),A1100223,108,자동,차단,
2026-10-01 01:30:00,서울특별시,A1100223,서울특별시서남병원,중증,Y0113,산부인과 응급(부인과수술),외래진료만 가능,20260930000000,20261007235900,서울특별시 양천구 신정이펜1로 20 (신정동),A1100223,109,자동,차단,
2026-10-01 01:30:00,서울특별시,A1120796,이화여자대학교의과대학부속서울병원,응급,Y000,응급실,"비뇨의학과 인력부재로 응급시술, 수술 불가",20260928230000,20261005230000,"서울특별시 강서구 공항대로 260, 이화의대부속서울병원 (마곡동)",A1120796,110,자동,차단,비뇨의학과
2026-10-01 01:30:00,서울특별시,A1120796,이화여자대학교의과대학부속서울병원,응급,Y000,응급실,"치과 인력부재로 주말, 공휴일, 소아 치과 진료 불가",20260928230000,20261005230000,"서울특별시 강서구 공항대로 260, 이화의대부속서울병원 (마곡동)",A1120796,111,자동,차단,치과
2026-10-01 01:30:00,서울특별시,A1120796,이화여자대학교의과대학부속서울병원,응급,Y000,응급실,피부과 인력부재로 진료 불가,20260928230000,20261005230000,"서울특별시 강서구 공항대로 260, 이화의대부속서울병원 (마곡동)",A1120796,112,자동,차단,피부과
2026-10-01 01:30:00,서울특별시,A1120796,이화여자대학교의과대학부속서울병원,응급,Y000,응급실,안과 인력부재로 진료 불가,20260928230000,20261005230000,"서울특별시 강서구 공항대로 260, 이화의대부속서울병원 (마곡동)",A1120796,113,자동,차단,안과
2026-10-01 01:30:00,서울특별시,A1120796,이화여자대학교의과대학부속서울병원,응급,Y000,응급실,이비인후과 인력부재로 진료 불가,20260928230000,20261005230000,"서울특별시 강서구 공항대로 260, 이화의대부속서울병원 (마곡동)",A1120796,114,자동,차단,이비인후과
2026-10-01 01:30:00,서울특별시,A1120796,이화여자대학교의과대학부속서울병원,응급,Y000,응급실,성형외과 인력부재로 응급실에서 성형외과 단순 봉합 불가,20260928230000,20261005230000,"서울특별시 강서구 공항대로 260, 이화의대부속서울병원 (마곡동)",A1120796,115,자동,차단,정형외과
2026-10-01 01:30:00,서울특별시,A1120796,이화여자대학교의과대학부속서울병원,응급,Y000,응급실,응급실에서 DI 환자 진료 불가,20260928230000,20261005230000,"서울특별시 강서구 공항대로 260, 이화의대부속서울병원 (마곡동)",A1120796,116,자동,차단,기타 진료과
2026-10-01 01:30:00,서울특별시,A1120796,이화여자대학교의과대학부속서울병원,응급,Y000,응급실,정신건강의학과 인력부재로 진료 불가,20260928230000,20261005230000,"서울특별시 강서구 공항대로 260, 이화의대부속서울병원 (마곡동)",A1120796,117,자동,차단,정신건강의학과
2026-10-01 01:30:00,서울특별시,A1121013,가톨릭대학교은평성모병원,응급,Y000,응급실,"심혈관질환 전용 핫라인: 010-7317-2540  (심장/대동맥수술, 급성심근경색, 심부전등)",20260928080000,20261005075900,서울특별시 은평구 통일로 1021 (진관동),A1121013,118,자동,차단,순환기내과
2026-10-01 01:30:00,서울특별시,A1121013,가톨릭대학교은평성모병원,응급,Y000,응급실,"금요일 18 시~일요일 18 시소아신경과 진료불가(소아신경 의사 부재/ 단 본원 소아신경 f/u환아는 소아응급실 진료있는 날 응급실에서 진료가능 ), 소아청소년과 중증환자 수용불가",20260928080000,20261005075900,서울특별시 은평구 통일로 1021 (진관동),A1121013,119,자동,차단,소아청소년과
2026-10-01 01:30:00,서울특별시,A1121013,가톨릭대학교은평성모병원,응급,Y000,응급실,치과  (응급실 진료불가 ),20260928080000,20261005075900,서울특별시 은평구 통일로 1021 (진관동),A1121013,120,자동,차단,치과
2026-10-01 01:30:00,서울특별시,A1121013,가톨릭대학교은평성모병원,응급,Y000,응급실,정신건강의학과(응급실 진료불가),20260928080000,20261005075900,서울특별시 은평구 통일로 1021 (진관동),A1121013,121,자동,차단,정신건강의학과
2026-10-01 01:30:00,경기도,A2100001,분당서울대학교병원,응급,Y000,응급실,"[감염내과] 경증코로나, 단순 봉와직염 수용 불가능",20260930000000,20261007235900,"경기도 성남시 분당구 구미로173번길 82 (구미동, 분당서울대학교병원)",A2100001,1,자동,차단,감염내과
2026-10-01 01:30:00,경기도,A2100001,분당서울대학교병원,응급,Y000,응급실,[정형외과] 사지접합술 제외한 응급수술 가능,20260930000000,20261007235900,"경기도 성남시 분당구 구미로173번길 82 (구미동, 분당서울대학교병원)",A2100001,2,자동,차단,정형외과
2026-10-01 01:30:00,경기도,A2100001,분당서울대학교병원,응급,Y000,응급실,"[산부인과/산과] 임신 14주 이내 복통, 출혈, 유산의심, 단순 태아 심박동 확인 수용 불가능(원내 직원 포함)",20260930000000,20261007235900,"경기도 성남시 분당구 구미로173번길 82 (구미동, 분당서울대학교병원)",A2100001,3,자동,차단,산부인과
2026-10-01 01:30:00,경기도,A2100001,분당서울대학교병원,응급,Y000,응급실,"[류마티스내과] 통풍 신초진환자 수용불가, 단 본과 기 진료환자 수용가능",20260930000000,20261007235900,"경기도 성남시 분당구 구미로173번길 82 (구미동, 분당서울대학교병원)",A2100001,4,자동,차단,류마티스내과
2026-10-01 01:30:00,경기도,A2100001,분당서울대학교병원,응급,Y000,응급실,[신경외과] 경증 두부외상 수용 불가능,20260930000000,20261007235900,"경기도 성남시 분당구 구미로173번길 82 (구미동, 분당서울대학교병원)",A2100001,5,자동,차단,신경외과
2026-10-01 01:30:00,경기도,A2100001,분당서울대학교병원,응급,Y000,응급실,"[비뇨의학과] 응급수술 불가능(고환염전, 골반내 비뇨기외상,신장외상,지속발기증 등)",20260930000000,20261007235900,"경기도 성남시 분당구 구미로173번길 82 (구미동, 분당서울대학교병원)",A2100001,6,자동,차단,비뇨의학과
2026-10-01 01:30:00,경기도,A2100001,분당서울대학교병원,응급,Y000,응급실,"[소아청소년과] 소아위장관 정규 내시경 화 오전만 가능, 단순 위장관염 수용 불가능",20260930000000,20261007235900,"경기도 성남시 분당구 구미로173번길 82 (구미동, 분당서울대학교병원)",A2100001,7,자동,차단,소아청소년과
2026-10-01 01:30:00,경기도,A2100001,분당서울대학교병원,응급,Y000,응급실,"[호흡기내과] 활력징후 안정적인 단순 폐렴, 본원 호흡기 f/u한 적 없는 요양병원 장기입원 환자의 폐렴환자 수용불가",20260930000000,20261007235900,"경기도 성남시 분당구 구미로173번길 82 (구미동, 분당서울대학교병원)",A2100001,8,자동,차단,호흡기내과
2026-10-01 01:30:00,경기도,A2100001,분당서울대학교병원,응급,Y000,응급실,"[혈액종양내과] 타원 진료 중인 암 환자, 호스피스/연고지 목적으로 내원하는 환자 수용불가능",20260930000000,20261007235900,"경기도 성남시 분당구 구미로173번길 82 (구미동, 분당서울대학교병원)",A2100001,9,자동,차단,혈액·종양내과
2026-10-01 01:30:00,경기도,A2100001,분당서울대학교병원,응급,Y000,응급실,"[신장내과] 단순 요로감염, 합병증 없는 신우신염 수용 불가능",20260930000000,20261007235900,"경기도 성남시 분당구 구미로173번길 82 (구미동, 분당서울대학교병원)",A2100001,10,자동,차단,신장내과
2026-10-01 01:30:00,경기도,A2100001,분당서울대학교병원,응급,Y000,응급실,[소아청소년과] 생후 28일 이내 신생아 평일 8A~5P 진료가능 이외 주말 및 공휴일 수용불가능,20260930000000,20261007235900,"경기도 성남시 분당구 구미로173번길 82 (구미동, 분당서울대학교병원)",A2100001,11,자동,차단,소아청소년과
2026-10-01 01:30:00,경기도,A2100001,분당서울대학교병원,응급,Y000,응급실,[정신건강의학과] 정신과적 응급입원 평일 9A~6P만 가능 이외 주말 및 공휴일 수용불가능,20260930000000,20261007235900,"경기도 성남시 분당구 구미로173번길 82 (구미동, 분당서울대학교병원)",A2100001,12,자동,차단,정신건강의학과
2026-10-01 01:30:00,경기도,A2100001,분당서울대학교병원,응급,Y000,응급실,"[성형외과] 성형외과적 봉합은 안면부 깊은 열상 또는 혈관,신경,힘줄 손상이 의심되는 수부 열상만 가능(이외 불가)",20260930000000,20261007235900,"경기도 성남시 분당구 구미로173번길 82 (구미동, 분당서울대학교병원)",A2100001,13,자동,차단,성형외과
2026-10-01 01:30:00,경기도,A2100001,분당서울대학교병원,응급,Y000,응급실,"[안과] 주중 8A~10P, 주말 및 공휴일 8A~8P 진료가능",20260930000000,20261007235900,"경기도 성남시 분당구 구미로173번길 82 (구미동, 분당서울대학교병원)",A2100001,14,자동,차단,안과
2026-10-01 01:30:00,경기도,A2100002,아주대학교병원,응급,Y000,응급실,이비인후과 두경부파트 진료 제한(정규 시간 외 17시~08시),20260930000000,20261007235900,경기도 수원시 영통구 월드컵로 164 (원천동),A2100002,15,자동,차단,이비인후과
2026-10-01 01:30:00,경기도,A2100002,아주대학교병원,응급,Y000,응급실,소아 비뇨의학과/소화기내과 관련 내원 시 사전 문의 필수,20260930000000,20261007235900,경기도 수원시 영통구 월드컵로 164 (원천동),A2100002,16,자동,차단,소아청소년과
2026-10-01 01:30:00,경기도,A2100003,고려대학교의과대학부속안산병원,응급,Y000,응급실,[안과] 과 내 사정으로 토요일 협진 제한,20260928120000,20261002120000,경기도 안산시 단원구 적금로 123 (고잔동),A2100003,17,자동,차단,안과
2026-10-01 01:30:00,경기도,A2100003,고려대학교의과대학부속안산병원,응급,Y000,응급실,"[소아과] 호흡기분과 제한적 입원, 혈액종양분과 입원 불가, 중환자실 입실 불가",20260928120000,20261002120000,경기도 안산시 단원구 적금로 123 (고잔동),A2100003,18,자동,차단,소아청소년과
2026-10-01 01:30:00,경기도,A2100005,순천향대학교부속부천병원,중증,Y0100,저출생체중아,시설공사로 19병상으로 축소운영.  신환수용 불가.,20260928150000,20261005180000,"경기도 부천시 원미구 조마루로 170, 부흥로 173(1층일부) (중동)",A2100005,19,자동,차단,소아청소년과
2026-10-01 01:30:00,경기도,A2100012,가톨릭대학교성빈센트병원,응급,Y000,응급실,불가능메세지등록,20260930170000,20261001080000,경기도 수원시 팔달구 중부대로 93 (지동),A2100012,20,자동,차단,신경과
2026-10-01 01:30:00,경기도,A2100012,가톨릭대학교성빈센트병원,응급,Y000,응급실,"간,담,췌장 파트 신환진료 불가",20260924080100,20261001080000,경기도 수원시 팔달구 중부대로 93 (지동),A2100012,21,자동,차단,소화기내과
2026-10-01 01:30:00,경기도,A2100015,효산의료재단안양샘병원,응급,Y000,응급실,"평일 08시~18시, 토요일 08~13시 이외 진료 불가(24개월 미만 진료불가)",20260924080000,20261001080000,"경기도 안양시 만안구 삼덕로 9 (안양동, 안양샘병원)",A2100015,22,자동,차단,소아청소년과
2026-10-01 01:30:00,경기도,A2100018,의료법인은혜와감사의료재단화성중앙종합병원,중증,Y0010,심근경색의 재관류중재술,불가능메세지등록,20260930000000,20261005000000,경기도 화성시 만세구 향남읍 발안로 5,A2100018,23,자동,차단,
2026-10-01 01:30:00,경기도,A2100018,의료법인은혜와감사의료재단화성중앙종합병원,중증,Y0020,뇌경색의 재관류중재술,불가능메세지등록,20260930000000,20261005000000,경기도 화성시 만세구 향남읍 발안로 5,A2100018,24,자동,차단,
2026-10-01 01:30:00,경기도,A2100018,의료법인은혜와감사의료재단화성중앙종합병원,중증,Y0031,뇌출혈수술(거미막하 출혈),불가능메세지등록,20260930000000,20261005000000,경기도 화성시 만세구 향남읍 발안로 5,A2100018,25,자동,차단,
2026-10-01 01:30:00,경기도,A2100018,의료법인은혜와감사의료재단화성중앙종합병원,중증,Y0032,뇌출혈수술(거미막하 출혈 외),불가능메세지등록,20260930000000,20261005000000,경기도 화성시 만세구 향남읍 발안로 5,A2100018,26,자동,차단,신경외과
2026-10-01 01:30:00,경기도,A2100018,의료법인은혜와감사의료재단화성중앙종합병원,중증,Y0041,대동맥응급(흉부),불가능메세지등록,20260930000000,20261005000000,경기도 화성시 만세구 향남읍 발안로 5,A2100018,27,자동,차단,
2026-10-01 01:30:00,경기도,A2100018,의료법인은혜와감사의료재단화성중앙종합병원,중증,Y0042,대동맥응급(복부),불가능메세지등록,20260930000000,20261005000000,경기도 화성시 만세구 향남읍 발안로 5,A2100018,28,자동,차단,
2026-10-01 01:30:00,경기도,A2100018,의료법인은혜와감사의료재단화성중앙종합병원,중증,Y0051,담낭담관질환(담낭질환),불가능메세지등록,20260930000000,20261005000000,경기도 화성시 만세구 향남읍 발안로 5,A2100018,29,자동,차단,
2026-10-01 01:30:00,경기도,A2100018,의료법인은혜와감사의료재단화성중앙종합병원,중증,Y0052,담낭담관질환(담도포함질환),불가능메세지등록,20260930000000,20261005000000,경기도 화성시 만세구 향남읍 발안로 5,A2100018,30,자동,차단,
2026-10-01 01:30:00,경기도,A2100018,의료법인은혜와감사의료재단화성중앙종합병원,중증,Y0060,복부응급수술(비외상),불가능메세지등록,20260930000000,20261005000000,경기도 화성시 만세구 향남읍 발안로 5,A2100018,31,자동,차단,
2026-10-01 01:30:00,경기도,A2100018,의료법인은혜와감사의료재단화성중앙종합병원,중증,Y0070,장중첩/폐색(유아),불가능메세지등록,20260930000000,20261005000000,경기도 화성시 만세구 향남읍 발안로 5,A2100018,32,자동,차단,
2026-10-01 01:30:00,경기도,A2100018,의료법인은혜와감사의료재단화성중앙종합병원,중증,Y0081,위장관 응급내시경(성인),불가능메세지등록,20260930000000,20261005000000,경기도 화성시 만세구 향남읍 발안로 5,A2100018,33,자동,차단,내과
2026-10-01 01:30:00,경기도,A2100018,의료법인은혜와감사의료재단화성중앙종합병원,중증,Y0082,위장관 응급내시경(영유아),불가능메세지등록,20260930000000,20261005000000,경기도 화성시 만세구 향남읍 발안로 5,A2100018,34,자동,차단,
2026-10-01 01:30:00,경기도,A2100018,의료법인은혜와감사의료재단화성중앙종합병원,중증,Y0091,기관지 응급내시경(성인),불가능메세지등록,20260930000000,20261005000000,경기도 화성시 만세구 향남읍 발안로 5,A2100018,35,자동,차단,
2026-10-01 01:30:00,경기도,A2100018,의료법인은혜와감사의료재단화성중앙종합병원,중증,Y0092,기관지 응급내시경(영유아),불가능메세지등록,20260930000000,20261005000000,경기도 화성시 만세구 향남읍 발안로 5,A2100018,36,자동,차단,
2026-10-01 01:30:00,경기도,A2100018,의료법인은혜와감사의료재단화성중앙종합병원,중증,Y0100,저출생체중아,불가능메세지등록,20260930000000,20261005000000,경기도 화성시 만세구 향남읍 발안로 5,A2100018,37,자동,차단,
2026-10-01 01:30:00,경기도,A2100018,의료법인은혜와감사의료재단화성중앙종합병원,중증,Y0111,산부인과 응급(분만),불가능메세지등록,20260930000000,20261005000000,경기도 화성시 만세구 향남읍 발안로 5,A2100018,38,자동,차단,
2026-10-01 01:30:00,경기도,A2100018,의료법인은혜와감사의료재단화성중앙종합병원,중증,Y0112,산부인과 응급(산과수술),불가능메세지등록,20260930000000,20261005000000,경기도 화성시 만세구 향남읍 발안로 5,A2100018,39,자동,차단,
2026-10-01 01:30:00,경기도,A2100018,의료법인은혜와감사의료재단화성중앙종합병원,중증,Y0113,산부인과 응급(부인과수술),불가능메세지등록,20260930000000,20261005000000,경기도 화성시 만세구 향남읍 발안로 5,A2100018,40,자동,차단,
2026-10-01 01:30:00,경기도,A2100018,의료법인은혜와감사의료재단화성중앙종합병원,중증,Y0120,중증화상,불가능메세지등록,20260930000000,20261005000000,경기도 화성시 만세구 향남읍 발안로 5,A2100018,41,자동,차단,
2026-10-01 01:30:00,경기도,A2100018,의료법인은혜와감사의료재단화성중앙종합병원,중증,Y0131,수족지접합,불가능메세지등록,20260930000000,20261005000000,경기도 화성시 만세구 향남읍 발안로 5,A2100018,42,자동,차단,
2026-10-01 01:30:00,경기도,A2100018,의료법인은혜와감사의료재단화성중앙종합병원,중증,Y0132,수족지접합 외,불가능메세지등록,20260930000000,20261005000000,경기도 화성시 만세구 향남읍 발안로 5,A2100018,43,자동,차단,
2026-10-01 01:30:00,경기도,A2100018,의료법인은혜와감사의료재단화성중앙종합병원,중증,Y0141,응급투석(HD),불가능메세지등록,20260930000000,20261005000000,경기도 화성시 만세구 향남읍 발안로 5,A2100018,44,자동,차단,
2026-10-01 01:30:00,경기도,A2100018,의료법인은혜와감사의료재단화성중앙종합병원,중증,Y0142,응급투석(CRRT),불가능메세지등록,20260930000000,20261005000000,경기도 화성시 만세구 향남읍 발안로 5,A2100018,45,자동,차단,
2026-10-01 01:30:00,경기도,A2100018,의료법인은혜와감사의료재단화성중앙종합병원,중증,Y0150,정신과적 응급입원,불가능메세지등록,20260930000000,20261005000000,경기도 화성시 만세구 향남읍 발안로 5,A2100018,46,자동,차단,
2026-10-01 01:30:00,경기도,A2100018,의료법인은혜와감사의료재단화성중앙종합병원,중증,Y0160,안과적 응급 수술,불가능메세지등록,20260930000000,20261005000000,경기도 화성시 만세구 향남읍 발안로 5,A2100018,47,자동,차단,
2026-10-01 01:30:00,경기도,A2100018,의료법인은혜와감사의료재단화성중앙종합병원,중증,Y0171,영상의학혈관중재(성인),불가능메세지등록,20260930000000,20261005000000,경기도 화성시 만세구 향남읍 발안로 5,A2100018,48,자동,차단,
2026-10-01 01:30:00,경기도,A2100018,의료법인은혜와감사의료재단화성중앙종합병원,중증,Y0172,영상의학혈관중재(영유아),불가능메세지등록,20260930000000,20261005000000,경기도 화성시 만세구 향남읍 발안로 5,A2100018,49,자동,차단,
2026-10-01 01:30:00,경기도,A2100018,의료법인은혜와감사의료재단화성중앙종합병원,중증,Y0010,심근경색의 재관류중재술,불가능메세지등록,20260930000000,20261005000000,경기도 화성시 만세구 향남읍 발안로 5,A2100018,50,자동,차단,
2026-10-01 01:30:00,경기도,A2100018,의료법인은혜와감사의료재단화성중앙종합병원,중증,Y0020,뇌경색의 재관류중재술,불가능메세지등록,20260930000000,20261005000000,경기도 화성시 만세구 향남읍 발안로 5,A2100018,51,자동,차단,
2026-10-01 01:30:00,경기도,A2100018,의료법인은혜와감사의료재단화성중앙종합병원,중증,Y0031,뇌출혈수술(거미막하 출혈),불가능메세지등록,20260930000000,20261005000000,경기도 화성시 만세구 향남읍 발안로 5,A2100018,52,자동,차단,
2026-10-01 01:30:00,경기도,A2100018,의료법인은혜와감사의료재단화성중앙종합병원,중증,Y0032,뇌출혈수술(거미막하 출혈 외),불가능메세지등록,20260930000000,20261005000000,경기도 화성시 만세구 향남읍 발안로 5,A2100018,53,자동,차단,신경외과
2026-10-01 01:30:00,경기도,A2100018,의료법인은혜와감사의료재단화성중앙종합병원,중증,Y0041,대동맥응급(흉부),불가능메세지등록,20260930000000,20261005000000,경기도 화성시 만세구 향남읍 발안로 5,A2100018,54,자동,차단,
2026-10-01 01:30:00,경기도,A2100018,의료법인은혜와감사의료재단화성중앙종합병원,중증,Y0042,대동맥응급(복부),불가능메세지등록,20260930000000,20261005000000,경기도 화성시 만세구 향남읍 발안로 5,A2100018,55,자동,차단,
2026-10-01 01:30:00,경기도,A2100018,의료법인은혜와감사의료재단화성중앙종합병원,중증,Y0051,담낭담관질환(담낭질환),불가능메세지등록,20260930000000,20261005000000,경기도 화성시 만세구 향남읍 발안로 5,A2100018,56,자동,차단,
2026-10-01 01:30:00,경기도,A2100018,의료법인은혜와감사의료재단화성중앙종합병원,중증,Y0052,담낭담관질환(담도포함질환),불가능메세지등록,20260930000000,20261005000000,경기도 화성시 만세구 향남읍 발안로 5,A2100018,57,자동,차단,
2026-10-01 01:30:00,경기도,A2100018,의료법인은혜와감사의료재단화성중앙종합병원,중증,Y0060,복부응급수술(비외상),불가능메세지등록,20260930000000,20261005000000,경기도 화성시 만세구 향남읍 발안로 5,A2100018,58,자동,차단,
2026-10-01 01:30:00,경기도,A2100018,의료법인은혜와감사의료재단화성중앙종합병원,중증,Y0070,장중첩/폐색(유아),불가능메세지등록,20260930000000,20261005000000,경기도 화성시 만세구 향남읍 발안로 5,A2100018,59,자동,차단,
2026-10-01 01:30:00,경기도,A2100018,의료법인은혜와감사의료재단화성중앙종합병원,중증,Y0081,위장관 응급내시경(성인),불가능메세지등록,20260930000000,20261005000000,경기도 화성시 만세구 향남읍 발안로 5,A2100018,60,자동,차단,내과
2026-10-01 01:30:00,경기도,A2100018,의료법인은혜와감사의료재단화성중앙종합병원,중증,Y0082,위장관 응급내시경(영유아),불가능메세지등록,20260930000000,20261005000000,경기도 화성시 만세구 향남읍 발안로 5,A2100018,61,자동,차단,
2026-10-01 01:30:00,경기도,A2100018,의료법인은혜와감사의료재단화성중앙종합병원,중증,Y0091,기관지 응급내시경(성인),불가능메세지등록,20260930000000,20261005000000,경기도 화성시 만세구 향남읍 발안로 5,A2100018,62,자동,차단,
2026-10-01 01:30:00,경기도,A2100018,의료법인은혜와감사의료재단화성중앙종합병원,중증,Y0092,기관지 응급내시경(영유아),불가능메세지등록,20260930000000,20261005000000,경기도 화성시 만세구 향남읍 발안로 5,A2100018,63,자동,차단,
2026-10-01 01:30:00,경기도,A2100018,의료법인은혜와감사의료재단화성중앙종합병원,중증,Y0100,저출생체중아,불가능메세지등록,20260930000000,20261005000000,경기도 화성시 만세구 향남읍 발안로 5,A2100018,64,자동,차단,
2026-10-01 01:30:00,경기도,A2100018,의료법인은혜와감사의료재단화성중앙종합병원,중증,Y0111,산부인과 응급(분만),불가능메세지등록,20260930000000,20261005000000,경기도 화성시 만세구 향남읍 발안로 5,A2100018,65,자동,차단,
2026-10-01 01:30:00,경기도,A2100018,의료법인은혜와감사의료재단화성중앙종합병원,중증,Y0112,산부인과 응급(산과수술),불가능메세지등록,20260930000000,20261005000000,경기도 화성시 만세구 향남읍 발안로 5,A2100018,66,자동,차단,
2026-10-01 01:30:00,경기도,A2100018,의료법인은혜와감사의료재단화성중앙종합병원,중증,Y0113,산부인과 응급(부인과수술),불가능메세지등록,20260930000000,20261005000000,경기도 화성시 만세구 향남읍 발안로 5,A2100018,67,자동,차단,
2026-10-01 01:30:00,경기도,A2100018,의료법인은혜와감사의료재단화성중앙종합병원,중증,Y0120,중증화상,불가능메세지등록,20260930000000,20261005000000,경기도 화성시 만세구 향남읍 발안로 5,A2100018,68,자동,차단,
2026-10-01 01:30:00,경기도,A2100018,의료법인은혜와감사의료재단화성중앙종합병원,중증,Y0131,수족지접합,불가능메세지등록,20260930000000,20261005000000,경기도 화성시 만세구 향남읍 발안로 5,A2100018,69,자동,차단,
2026-10-01 01:30:00,경기도,A2100018,의료법인은혜와감사의료재단화성중앙종합병원,중증,Y0132,수족지접합 외,불가능메세지등록,20260930000000,20261005000000,경기도 화성시 만세구 향남읍 발안로 5,A2100018,70,자동,차단,
2026-10-01 01:30:00,경기도,A2100018,의료법인은혜와감사의료재단화성중앙종합병원,중증,Y0141,응급투석(HD),불가능메세지등록,20260930000000,20261005000000,경기도 화성시 만세구 향남읍 발안로 5,A2100018,71,자동,차단,
2026-10-01 01:30:00,경기도,A2100018,의료법인은혜와감사의료재단화성중앙종합병원,중증,Y0142,응급투석(CRRT),불가능메세지등록,20260930000000,20261005000000,경기도 화성시 만세구 향남읍 발안로 5,A2100018,72,자동,차단,
2026-10-01 01:30:00,경기도,A2100018,의료법인은혜와감사의료재단화성중앙종합병원,중증,Y0150,정신과적 응급입원,불가능메세지등록,20260930000000,20261005000000,경기도 화성시 만세구 향남읍 발안로 5,A2100018,73,자동,차단,
2026-10-01 01:30:00,경기도,A2100018,의료법인은혜와감사의료재단화성중앙종합병원,중증,Y0160,안과적 응급 수술,불가능메세지등록,20260930000000,20261005000000,경기도 화성시 만세구 향남읍 발안로 5,A2100018,74,자동,차단,
2026-10-01 01:30:00,경기도,A2100018,의료법인은혜와감사의료재단화성중앙종합병원,중증,Y0171,영상의학혈관중재(성인),불가능메세지등록,20260930000000,20261005000000,경기도 화성시 만세구 향남읍 발안로 5,A2100018,75,자동,차단,
2026-10-01 01:30:00,경기도,A2100018,의료법인은혜와감사의료재단화성중앙종합병원,중증,Y0172,영상의학혈관중재(영유아),불가능메세지등록,20260930000000,20261005000000,경기도 화성시 만세구 향남읍 발안로 5,A2100018,76,자동,차단,
2026-10-01 01:30:00,경기도,A2100018,의료법인은혜와감사의료재단화성중앙종합병원,중증,Y0010,심근경색의 재관류중재술,불가능메세지등록,20260930000000,20261005055900,경기도 화성시 만세구 향남읍 발안로 5,A2100018,77,자동,차단,
2026-10-01 01:30:00,경기도,A2100018,의료법인은혜와감사의료재단화성중앙종합병원,중증,Y0020,뇌경색의 재관류중재술,불가능메세지등록,20260930000000,20261005235900,경기도 화성시 만세구 향남읍 발안로 5,A2100018,78,자동,차단,
2026-10-01 01:30:00,경기도,A2100018,의료법인은혜와감사의료재단화성중앙종합병원,중증,Y0031,뇌출혈수술(거미막하 출혈),불가능메세지등록,20260930000000,20261005235900,경기도 화성시 만세구 향남읍 발안로 5,A2100018,79,자동,차단,
2026-10-01 01:30:00,경기도,A2100018,의료법인은혜와감사의료재단화성중앙종합병원,중증,Y0032,뇌출혈수술(거미막하 출혈 외),불가능메세지등록,20260930000000,20261005235900,경기도 화성시 만세구 향남읍 발안로 5,A2100018,80,자동,차단,신경외과
2026-10-01 01:30:00,경기도,A2100018,의료법인은혜와감사의료재단화성중앙종합병원,중증,Y0041,대동맥응급(흉부),불가능메세지등록,20260930000000,20261005235900,경기도 화성시 만세구 향남읍 발안로 5,A2100018,81,자동,차단,
2026-10-01 01:30:00,경기도,A2100018,의료법인은혜와감사의료재단화성중앙종합병원,중증,Y0042,대동맥응급(복부),불가능메세지등록,20260930000000,20261005235900,경기도 화성시 만세구 향남읍 발안로 5,A2100018,82,자동,차단,
2026-10-01 01:30:00,경기도,A2100018,의료법인은혜와감사의료재단화성중앙종합병원,중증,Y0051,담낭담관질환(담낭질환),불가능메세지등록,20260930000000,20261005235900,경기도 화성시 만세구 향남읍 발안로 5,A2100018,83,자동,차단,
2026-10-01 01:30:00,경기도,A2100018,의료법인은혜와감사의료재단화성중앙종합병원,중증,Y0052,담낭담관질환(담도포함질환),불가능메세지등록,20260930000000,20261005235900,경기도 화성시 만세구 향남읍 발안로 5,A2100018,84,자동,차단,
2026-10-01 01:30:00,경기도,A2100018,의료법인은혜와감사의료재단화성중앙종합병원,중증,Y0060,복부응급수술(비외상),불가능메세지등록,20260930000000,20261005235900,경기도 화성시 만세구 향남읍 발안로 5,A2100018,85,자동,차단,
2026-10-01 01:30:00,경기도,A2100018,의료법인은혜와감사의료재단화성중앙종합병원,중증,Y0081,위장관 응급내시경(성인),불가능메세지등록,20260930000000,20261005215900,경기도 화성시 만세구 향남읍 발안로 5,A2100018,86,자동,차단,내과
2026-10-01 01:30:00,경기도,A2100018,의료법인은혜와감사의료재단화성중앙종합병원,중증,Y0082,위장관 응급내시경(영유아),불가능메세지등록,20260930000000,20261005235900,경기도 화성시 만세구 향남읍 발안로 5,A2100018,87,자동,차단,
2026-10-01 01:30:00,경기도,A2100018,의료법인은혜와감사의료재단화성중앙종합병원,중증,Y0091,기관지 응급내시경(성인),불가능메세지등록,20260930000000,20261005235900,경기도 화성시 만세구 향남읍 발안로 5,A2100018,88,자동,차단,
2026-10-01 01:30:00,경기도,A2100018,의료법인은혜와감사의료재단화성중앙종합병원,중증,Y0092,기관지 응급내시경(영유아),불가능메세지등록,20260930000000,20261005235900,경기도 화성시 만세구 향남읍 발안로 5,A2100018,89,자동,차단,
2026-10-01 01:30:00,경기도,A2100018,의료법인은혜와감사의료재단화성중앙종합병원,중증,Y0100,저출생체중아,불가능메세지등록,20260930000000,20261005235900,경기도 화성시 만세구 향남읍 발안로 5,A2100018,90,자동,차단,
2026-10-01 01:30:00,경기도,A2100018,의료법인은혜와감사의료재단화성중앙종합병원,중증,Y0111,산부인과 응급(분만),불가능메세지등록,20260930000000,20261005235900,경기도 화성시 만세구 향남읍 발안로 5,A2100018,91,자동,차단,
2026-10-01 01:30:00,경기도,A2100018,의료법인은혜와감사의료재단화성중앙종합병원,중증,Y0112,산부인과 응급(산과수술),불가능메세지등록,20260930000000,20261005235900,경기도 화성시 만세구 향남읍 발안로 5,A2100018,92,자동,차단,
2026-10-01 01:30:00,경기도,A2100018,의료법인은혜와감사의료재단화성중앙종합병원,중증,Y0113,산부인과 응급(부인과수술),불가능메세지등록,20260930000000,20261005235900,경기도 화성시 만세구 향남읍 발안로 5,A2100018,93,자동,차단,
2026-10-01 01:30:00,경기도,A2100018,의료법인은혜와감사의료재단화성중앙종합병원,중증,Y0120,중증화상,불가능메세지등록,20260930000000,20261005235900,경기도 화성시 만세구 향남읍 발안로 5,A2100018,94,자동,차단,
2026-10-01 01:30:00,경기도,A2100018,의료법인은혜와감사의료재단화성중앙종합병원,중증,Y0131,수족지접합,불가능메세지등록,20260930000000,20261005235900,경기도 화성시 만세구 향남읍 발안로 5,A2100018,95,자동,차단,
2026-10-01 01:30:00,경기도,A2100018,의료법인은혜와감사의료재단화성중앙종합병원,중증,Y0132,수족지접합 외,불가능메세지등록,20260930000000,20261005235900,경기도 화성시 만세구 향남읍 발안로 5,A2100018,96,자동,차단,
2026-10-01 01:30:00,경기도,A2100018,의료법인은혜와감사의료재단화성중앙종합병원,중증,Y0141,응급투석(HD),불가능메세지등록,20260930000000,20261005235900,경기도 화성시 만세구 향남읍 발안로 5,A2100018,97,자동,차단,
2026-10-01 01:30:00,경기도,A2100018,의료법인은혜와감사의료재단화성중앙종합병원,중증,Y0142,응급투석(CRRT),불가능메세지등록,20260930000000,20261005235900,경기도 화성시 만세구 향남읍 발안로 5,A2100018,98,자동,차단,
2026-10-01 01:30:00,경기도,A2100018,의료법인은혜와감사의료재단화성중앙종합병원,중증,Y0150,정신과적 응급입원,불가능메세지등록,20260930000000,20261005235900,경기도 화성시 만세구 향남읍 발안로 5,A2100018,99,자동,차단,
2026-10-01 01:30:00,경기도,A2100018,의료법인은혜와감사의료재단화성중앙종합병원,중증,Y0160,안과적 응급 수술,불가능메세지등록,20260930000000,20261005235900,경기도 화성시 만세구 향남읍 발안로 5,A2100018,100,자동,차단,
2026-10-01 01:30:00,경기도,A2100018,의료법인은혜와감사의료재단화성중앙종합병원,중증,Y0171,영상의학혈관중재(성인),불가능메세지등록,20260930000000,20261005235900,경기도 화성시 만세구 향남읍 발안로 5,A2100018,101,자동,차단,
2026-10-01 01:30:00,경기도,A2100018,의료법인은혜와감사의료재단화성중앙종합병원,중증,Y0172,영상의학혈관중재(영유아),불가능메세지등록,20260930000000,20261005235900,경기도 화성시 만세구 향남읍 발안로 5,A2100018,102,자동,차단,
2026-10-01 01:30:00,경기도,A2100018,의료법인은혜와감사의료재단화성중앙종합병원,중증,Y0070,장중첩/폐색(유아),불가능메세지등록,20260929000000,20261005235900,경기도 화성시 만세구 향남읍 발안로 5,A2100018,103,자동,차단,
2026-10-01 01:30:00,경기도,A2100020,연세대학교의과대학용인세브란스병원,응급,Y000,응급실,소아외상환자 수용 가능,20260930170000,20261001090000,경기도 용인시 기흥구 동백죽전대로 363 (중동),A2100020,104,자동,차단,소아청소년과
2026-10-01 01:30:00,경기도,A2100025,대진의료재단분당제생병원,응급,Y000,응급실,"전화문의(주말 및 휴일 24시간, 평일 저녁6시~오전8시까지 진료가 일부 제한됨)",20260930000000,20261007000000,경기도 성남시 분당구 서현로180번길 20 (서현동),A2100025,105,자동,차단,신경과
2026-10-01 01:30:00,경기도,A2100025,대진의료재단분당제생병원,응급,Y000,응급실,내분비내과환자 입원불가,20260930000000,20261007000000,경기도 성남시 분당구 서현로180번길 20 (서현동),A2100025,106,자동,차단,내분비내과
2026-10-01 01:30:00,경기도,A2100025,대진의료재단분당제생병원,응급,Y000,응급실,12개월 이상 경증 소아부터 수용 가능(소아 중증 외상 불가),20260930000000,20261007000000,경기도 성남시 분당구 서현로180번길 20 (서현동),A2100025,107,자동,차단,소아청소년과
2026-10-01 01:30:00,경기도,A2100030,차의과학대학교분당차병원,응급,Y000,응급실,<소아전문응급의료센터> 소아 비뇨기과 응급수술 불가,20260928080400,20261005130000,경기도 성남시 분당구 야탑로 59 (야탑동),A2100030,108,자동,차단,비뇨의학과
2026-10-01 01:30:00,경기도,A2100033,국민건강보험공단일산병원,응급,Y000,응급실,[URO] * 평일 08:00~ 18:00,20260927235800,20261004235900,"경기도 고양시 일산동구 일산로 100 (백석동,백석1동 1241외1필지 4층)",A2100033,109,자동,차단,비뇨의학과
2026-10-01 01:30:00,경기도,A2100033,국민건강보험공단일산병원,응급,Y000,응급실,[ENT] * 평일 09:00~ 17:00 // 두경부 파트 진료 불가,20260927235800,20261004235900,"경기도 고양시 일산동구 일산로 100 (백석동,백석1동 1241외1필지 4층)",A2100033,110,자동,차단,이비인후과
2026-10-01 01:30:00,경기도,A2100033,국민건강보험공단일산병원,응급,Y000,응급실,"[EYE] * 평일,주말 (07:00~ 22:00) 가능",20260927235700,20261004235900,"경기도 고양시 일산동구 일산로 100 (백석동,백석1동 1241외1필지 4층)",A2100033,111,자동,차단,안과
2026-10-01 01:30:00,경기도,A2100040,가톨릭대학교의정부성모병원,중증,Y0100,저출생체중아,중환자실 부족,20260930222500,20261001080000,"경기도 의정부시 천보로 271, 의정부성모병원 (금오동)",A2100040,112,자동,차단,소아청소년과
2026-10-01 01:30:00,경기도,A2100040,가톨릭대학교의정부성모병원,응급,Y000,응급실,복부 대동맥 사전 협의 필요,20260928000000,20261005000000,"경기도 의정부시 천보로 271, 의정부성모병원 (금오동)",A2100040,113,자동,차단,응급실
2026-10-01 01:30:00,경기도,A2100040,가톨릭대학교의정부성모병원,응급,Y000,응급실,성형외과 동반 진료 필요시 불가(야간),20260928000000,20261005000000,"경기도 의정부시 천보로 271, 의정부성모병원 (금오동)",A2100040,114,자동,차단,안과
2026-10-01 01:30:00,경기도,A2100040,가톨릭대학교의정부성모병원,응급,Y000,응급실,"권역 내 환자만 가능, 식도 이물질만 평일 08:00~17:00만 가능",20260928000000,20261005000000,"경기도 의정부시 천보로 271, 의정부성모병원 (금오동)",A2100040,115,자동,차단,소화기내과
2026-10-01 01:30:00,경기도,A2100040,가톨릭대학교의정부성모병원,응급,Y000,응급실,산부인과 사전 연락 후 수용여부 결정,20260928000000,20261005000000,"경기도 의정부시 천보로 271, 의정부성모병원 (금오동)",A2100040,116,자동,차단,응급실
2026-10-01 01:30:00,경기도,A2100040,가톨릭대학교의정부성모병원,응급,Y000,응급실,의료진 부족,20260928000000,20261005000000,"경기도 의정부시 천보로 271, 의정부성모병원 (금오동)",A2100040,117,자동,차단,감염내과
2026-10-01 01:30:00,경기도,A2100041,남양주한양병원,중증,Y0031,뇌출혈수술(거미막하 출혈),불가능메세지등록,20260927000000,20261004000000,경기도 남양주시 오남읍 양지로 47-55,A2100041,118,자동,차단,신경외과
2026-10-01 01:30:00,경기도,A2100042,의료법인명지의료재단명지병원,응급,Y000,응급실,"소아 경련 응급처치만 가능, 신생아 진료 불가",20260929084300,20261006235900,경기도 고양시 덕양구 화수로14번길 55 (화정동),A2100042,119,자동,차단,소아청소년과
2026-10-01 01:30:00,경기도,A2100046,한림대학교동탄성심병원,응급,Y000,응급실,소아 전담전문의 응급 진료 일시 불가,20261001000100,20261003120000,경기도 화성시 동탄구 큰재봉길 7 (석우동),A2100046,120,자동,차단,소아청소년과
2026-10-01 01:30:00,경기도,A2100046,한림대학교동탄성심병원,응급,Y000,응급실,** 산부인과 진료관련은 전원문의 바랍니다.,20260930080000,20261001080000,경기도 화성시 동탄구 큰재봉길 7 (석우동),A2100046,121,자동,차단,산부인과
2026-10-01 01:30:00,경기도,A2100046,한림대학교동탄성심병원,응급,Y000,응급실,입원치료가 필요한 가스 중독 환자는 일시적으로 수용이 불가능합니다.,20260928080000,20261005000000,경기도 화성시 동탄구 큰재봉길 7 (석우동),A2100046,122,자동,차단,응급실
2026-10-01 01:30:00,경기도,A2100047,동국대학교일산불교병원,응급,Y000,응급실,"[안과] 평일 8:30~20:30 가능, 주말 및 공휴일 8:30~17:00가능/ 안와골절등은 진료 불가",20260924000000,20261001235900,"경기도 고양시 일산동구 동국로 27 (식사동, 동국대학교일산병원)",A2100047,123,자동,차단,안과
2026-10-01 01:30:00,경기도,A2100047,동국대학교일산불교병원,응급,Y000,응급실,[소화기내과] 정규시간 외 이물제거 불가,20260924000000,20261001235900,"경기도 고양시 일산동구 동국로 27 (식사동, 동국대학교일산병원)",A2100047,124,자동,차단,소화기내과
2026-10-01 01:30:00,경기도,A2100047,동국대학교일산불교병원,응급,Y000,응급실,[정신건강의학과] 정규시간 외 수용불가,20260924000000,20261001235900,"경기도 고양시 일산동구 동국로 27 (식사동, 동국대학교일산병원)",A2100047,125,자동,차단,정신건강의학과
2026-10-01 01:30:00,경기도,A2100047,동국대학교일산불교병원,응급,Y000,응급실,"[소아청소년과, 피부과, 성형외과, 객혈] 응급실 진료 불가",20260924000000,20261001235900,"경기도 고양시 일산동구 동국로 27 (식사동, 동국대학교일산병원)",A2100047,126,자동,차단,소아청소년과
2026-10-01 01:30:00,경기도,A2100047,동국대학교일산불교병원,응급,Y000,응급실,[산부인과-분만] NICU 미숙아 수용불가,20260924000000,20261001235900,"경기도 고양시 일산동구 동국로 27 (식사동, 동국대학교일산병원)",A2100047,127,자동,차단,산부인과
2026-10-01 01:30:00,경기도,A2100048,원광대학교산본병원,중증,Y0051,담낭담관질환(담낭질환),담당 전문의 부재로 응급ERCP 불가,20260930123000,20261005080000,경기도 군포시 산본로 321 (산본동),A2100048,128,자동,차단,외과
2026-10-01 01:30:00,경기도,A2100052,가톨릭대학교부천성모병원,응급,Y000,응급실,불가능메세지등록,20260928000000,20261005000000,"경기도 부천시 원미구 소사로 327, 가톨릭대학교 부천성모병원 (소사동)",A2100052,129,자동,차단,정신건강의학과
2026-10-01 01:30:00,경기도,A2100052,가톨릭대학교부천성모병원,응급,Y000,응급실,평일 주간만 가능,20260928000000,20261005000000,"경기도 부천시 원미구 소사로 327, 가톨릭대학교 부천성모병원 (소사동)",A2100052,130,자동,차단,치과
2026-10-01 01:30:00,경기도,A2100052,가톨릭대학교부천성모병원,응급,Y000,응급실,소아 평일 주간 진료가능-8세이상의 기저 질환 없는 소아 24시간 응급의학과 진료 가능,20260928000000,20261005000000,"경기도 부천시 원미구 소사로 327, 가톨릭대학교 부천성모병원 (소사동)",A2100052,131,자동,차단,소아청소년과
2026-10-01 01:30:00,경기도,A2100052,가톨릭대학교부천성모병원,응급,Y000,응급실,평일 주간만 가능,20260928000000,20261005000000,"경기도 부천시 원미구 소사로 327, 가톨릭대학교 부천성모병원 (소사동)",A2100052,132,자동,차단,피부과
2026-10-01 01:30:00,경기도,A2100055,부천세종병원,응급,Y000,응급실,천공의심소견 동반시 진료 불가능,20261001000000,20261008235900,"경기도 부천시 소사구 호현로489번길 28 (소사본동, 세종병원)",A2100055,133,자동,차단,소화기내과
2026-10-01 01:30:00,경기도,A2100055,부천세종병원,응급,Y000,응급실,"ERCP 불가 ,대장 천공불가",20261001000000,20261007235900,"경기도 부천시 소사구 호현로489번길 28 (소사본동, 세종병원)",A2100055,134,자동,차단,외과
2026-10-01 01:30:00,경기도,A2100055,부천세종병원,응급,Y000,응급실,이비인후과 진료불가(의사부재),20261001000000,20261008235900,"경기도 부천시 소사구 호현로489번길 28 (소사본동, 세종병원)",A2100055,135,자동,차단,이비인후과
2026-10-01 01:30:00,경기도,A2100055,부천세종병원,응급,Y000,응급실,"열성경련 단순만가능 복합경련불가, 단순발열만가능 폐렴도 불가능할수 있음. 장중첩증 충수염 불가 24개월 미만 소아 진료불가( 소아경련,이물질흡인,소아내시경,외과 수술 불가)",20261001000000,20261008235900,"경기도 부천시 소사구 호현로489번길 28 (소사본동, 세종병원)",A2100055,136,자동,차단,소아청소년과
2026-10-01 01:30:00,경기도,A2100055,부천세종병원,응급,Y000,응급실,"경련 :난치성 뇌전증,뇌전증중첩증 불가",20261001000000,20261008235900,"경기도 부천시 소사구 호현로489번길 28 (소사본동, 세종병원)",A2100055,137,자동,차단,신경과
2026-10-01 01:30:00,경기도,A2100055,부천세종병원,응급,Y000,응급실,"절단불가,혈관 신경 손상 & 깊은열상 불가, 힘줄 인대 가능.",20261001000000,20261008235900,"경기도 부천시 소사구 호현로489번길 28 (소사본동, 세종병원)",A2100055,138,자동,차단,정형외과
2026-10-01 01:30:00,경기도,A2100055,부천세종병원,응급,Y000,응급실,"스텐트 불가 , 자궁동맥 색전술 불가 .식도색전술 불가",20261001000000,20261008235900,"경기도 부천시 소사구 호현로489번길 28 (소사본동, 세종병원)",A2100055,139,자동,차단,영상의학과
2026-10-01 01:30:00,경기도,A2118788,중앙대학교광명병원,응급,Y000,응급실,감염내과 - 신환 수용 불가,20260928100000,20261005100000,경기도 광명시 덕안로 110(일직동),A2118788,140,자동,차단,감염내과
2026-10-01 01:30:00,경기도,A2118788,중앙대학교광명병원,응급,Y000,응급실,신경외과 - 주말/공휴일 진료불가,20260928100000,20261005100000,경기도 광명시 덕안로 110(일직동),A2118788,141,자동,차단,신경외과
2026-10-01 01:30:00,경기도,A2118788,중앙대학교광명병원,응급,Y000,응급실,난임시술합병증 진료불가,20260928100000,20261005100000,경기도 광명시 덕안로 110(일직동),A2118788,142,자동,차단,산부인과
2026-10-01 01:30:00,경기도,A2118788,중앙대학교광명병원,응급,Y000,응급실,위장관출혈 Part 전문의 부재로 수용 불가,20260928100000,20261005100000,경기도 광명시 덕안로 110(일직동),A2118788,143,자동,차단,소화기내과
2026-10-01 01:30:00,경기도,A2118788,중앙대학교광명병원,응급,Y000,응급실,"소아청소년과 진료안내 : 월~목요일 17:00~21:30, 토요일,공휴일 : 09:00~17:30, 금요일,일요일 : 진료불가",20260928100000,20261005100000,경기도 광명시 덕안로 110(일직동),A2118788,144,자동,차단,소아청소년과
2026-10-01 01:30:00,인천광역시,A1400001,의료법인 길의료재단 길병원,응급,Y000,응급실,성형외과 안면 단순열상 봉합불가,20260929000000,20261006000000,"인천광역시 남동구 남동대로774번길 21 (구월동, 가천대학교길병원)",A1400001,1,자동,차단,성형외과
2026-10-01 01:30:00,인천광역시,A1400001,의료법인 길의료재단 길병원,응급,Y000,응급실,정신과 폐쇄병동 안정실 상황에 따라 응급입원 제한 전원문의 요망,20260929000000,20261006000000,"인천광역시 남동구 남동대로774번길 21 (구월동, 가천대학교길병원)",A1400001,2,자동,차단,응급실
2026-10-01 01:30:00,인천광역시,A1400001,의료법인 길의료재단 길병원,응급,Y000,응급실,내과 분과별 사정에 따른 중환자실 입실 제한(사전 문의 요망),20260929000000,20261006000000,"인천광역시 남동구 남동대로774번길 21 (구월동, 가천대학교길병원)",A1400001,3,자동,차단,응급실
2026-10-01 01:30:00,인천광역시,A1400001,의료법인 길의료재단 길병원,응급,Y000,응급실,OS 학회로 인한 인력 부족으로 hip part 수용불가,20260928111900,20261001080000,"인천광역시 남동구 남동대로774번길 21 (구월동, 가천대학교길병원)",A1400001,4,자동,차단,정형외과
2026-10-01 01:30:00,인천광역시,A1400002,인하대학교의과대학부속병원,응급,Y000,응급실,치과 응급진료 불가하오니 환자 이송 업무에 참고부탁드립니다.,20260928000000,20261004235900,"인천광역시 제물포구 인항로 27-0 (신흥동3가,인하대학병원)",A1400002,5,자동,차단,치과
2026-10-01 01:30:00,인천광역시,A1400010,검단탑병원,중증,Y0010,심근경색의 재관류중재술,심장내과 전문의 부재,20260929222900,20261006222900,인천광역시 검단구 청마로19번길 5 (당하동),A1400010,6,자동,차단,신경외과
2026-10-01 01:30:00,인천광역시,A1400012,가톨릭대학교 인천성모병원,응급,Y000,응급실,119 : Pre KTAS 1~2 환자 통보(고지) 후 내원,20260930200100,20261007200000,인천광역시 부평구 동수로 56 (부평동),A1400012,7,자동,차단,응급실
2026-10-01 01:30:00,인천광역시,A1400012,가톨릭대학교 인천성모병원,응급,Y000,응급실,"자해, 자살, 약물중독 환자 : 적극 수용",20260930200100,20261007200000,인천광역시 부평구 동수로 56 (부평동),A1400012,8,자동,차단,응급실
2026-10-01 01:30:00,인천광역시,A1400012,가톨릭대학교 인천성모병원,응급,Y000,응급실,얼굴외상 : 24시간 진료 가능,20260930200100,20261007200000,인천광역시 부평구 동수로 56 (부평동),A1400012,9,자동,차단,응급실
2026-10-01 01:30:00,인천광역시,A1400012,가톨릭대학교 인천성모병원,응급,Y000,응급실,소아청소년과 : 24시간 진료 가능,20260930200100,20261007200000,인천광역시 부평구 동수로 56 (부평동),A1400012,10,자동,차단,응급실
2026-10-01 01:30:00,인천광역시,A1400017,인천광역시의료원,중증,Y0051,담낭담관질환(담낭질환),불가능메세지등록,20260928000000,20261005000000,"인천광역시 제물포구 방축로 217 (송림동, 인천광역시 의료원)",A1400017,11,자동,차단,
2026-10-01 01:30:00,인천광역시,A1400017,인천광역시의료원,중증,Y0052,담낭담관질환(담도포함질환),불가능메세지등록,20260928000000,20261005000000,"인천광역시 제물포구 방축로 217 (송림동, 인천광역시 의료원)",A1400017,12,자동,차단,
2026-10-01 01:30:00,인천광역시,A1400017,인천광역시의료원,중증,Y0060,복부응급수술(비외상),불가능메세지등록,20260928000000,20261005000000,"인천광역시 제물포구 방축로 217 (송림동, 인천광역시 의료원)",A1400017,13,자동,차단,
2026-10-01 01:30:00,부산광역시,A1200001,인제대학교부산백병원,응급,Y000,응급실,위장관 응급내시경 (영유아) - 문의 후 수용 여부 결정,20260930200000,20261001080000,"부산광역시 부산진구 복지로 75, 진사로83번길 81, 1층(일부), 3층 (개금동)",A1200001,1,자동,차단,응급실
2026-10-01 01:30:00,부산광역시,A1200001,인제대학교부산백병원,응급,Y000,응급실,8AM ~ 8PM 환자 수용 가능,20260928180000,20261005235900,"부산광역시 부산진구 복지로 75, 진사로83번길 81, 1층(일부), 3층 (개금동)",A1200001,2,자동,차단,성형외과
2026-10-01 01:30:00,부산광역시,A1200001,인제대학교부산백병원,응급,Y000,응급실,f/u 환자 수용 가능 (응급 수술은 이송 전 문의),20260928180000,20261005235900,"부산광역시 부산진구 복지로 75, 진사로83번길 81, 1층(일부), 3층 (개금동)",A1200001,3,자동,차단,외과
2026-10-01 01:30:00,부산광역시,A1200001,인제대학교부산백병원,응급,Y000,응급실,입원치료가 필요한 중증 소아환자 진료 제한,20260928180000,20261005235900,"부산광역시 부산진구 복지로 75, 진사로83번길 81, 1층(일부), 3층 (개금동)",A1200001,4,자동,차단,소아청소년과
2026-10-01 01:30:00,부산광역시,A1200001,인제대학교부산백병원,응급,Y000,응급실,"이비인후과: 24시간 수용 가능 (epiglottitis, laryngeal edema, deep neck infection, OP case는 문의 후 수용 여부 결정)",20260928180000,20261005235900,"부산광역시 부산진구 복지로 75, 진사로83번길 81, 1층(일부), 3층 (개금동)",A1200001,5,자동,차단,응급실
2026-10-01 01:30:00,부산광역시,A1200001,인제대학교부산백병원,응급,Y000,응급실,저체중 출생아 - 문의 후 수용 여부 결정,20260928180000,20261005235900,"부산광역시 부산진구 복지로 75, 진사로83번길 81, 1층(일부), 3층 (개금동)",A1200001,6,자동,차단,소아청소년과
2026-10-01 01:30:00,부산광역시,A1200001,인제대학교부산백병원,응급,Y000,응급실,"월~목, 주말: f/u 환자 수용 가능, 금요일: 24시간 수용 가능",20260928180000,20261005235900,"부산광역시 부산진구 복지로 75, 진사로83번길 81, 1층(일부), 3층 (개금동)",A1200001,7,자동,차단,비뇨의학과
2026-10-01 01:30:00,부산광역시,A1200002,부산대학교병원,응급,Y000,응급실,[류마티스내과] 진료인력이 1명인 관계로 F/U 환자만 진료/입원가능. 출장 등으로 류마티스내과 전문의가 부재한 경우 F/U환자 진료/입원도 제한될 수 있음,20261001000000,20261008000000,부산광역시 서구 구덕로 179 (아미동1가),A1200002,8,자동,차단,류마티스내과
2026-10-01 01:30:00,부산광역시,A1200002,부산대학교병원,응급,Y000,응급실,성형안과파트 담당전문의 부재로 진료와 수술이 불가합니다,20261001000000,20261008235900,부산광역시 서구 구덕로 179 (아미동1가),A1200002,9,자동,차단,안과
2026-10-01 01:30:00,부산광역시,A1200002,부산대학교병원,응급,Y000,응급실,[정형외과] 응급수술로 진료 불가,20260930201400,20261001020000,부산광역시 서구 구덕로 179 (아미동1가),A1200002,10,자동,차단,정형외과
2026-10-01 01:30:00,부산광역시,A1200002,부산대학교병원,응급,Y000,응급실,[이비인후과]두경부 전문의 당직 부재로 수술 케이스 진료 불가,20260930180000,20261001070000,부산광역시 서구 구덕로 179 (아미동1가),A1200002,11,자동,차단,이비인후과
2026-10-01 01:30:00,부산광역시,A1200002,부산대학교병원,응급,Y000,응급실,"[정신건강의학과]소아청소년과 세부 전문의 부재로 인해 소아, 청소년 진료 불가",20260930000000,20261007000000,부산광역시 서구 구덕로 179 (아미동1가),A1200002,12,자동,차단,정신건강의학과
2026-10-01 01:30:00,부산광역시,A1200002,부산대학교병원,응급,Y000,응급실,"[정형외과] 외상으로 인한 상지 혈관 손상, 미세수술이 필요한 수술을 월,수,금(08시~익일08시) 사전 문의 후 진료, 의외의 요일에는 수용 불가",20260930000000,20261006235900,부산광역시 서구 구덕로 179 (아미동1가),A1200002,13,자동,차단,정형외과
2026-10-01 01:30:00,부산광역시,A1200002,부산대학교병원,응급,Y000,응급실,[정형외과]소아파트 전문의 인력부재 진료불가,20260929182600,20261005070000,부산광역시 서구 구덕로 179 (아미동1가),A1200002,14,자동,차단,정형외과
2026-10-01 01:30:00,부산광역시,A1200002,부산대학교병원,응급,Y000,응급실,"[성형외과] 소아 진정시, 필수적인 모니터링 및 응급대응 지원이 불가하여, 진정이 필요한 소아 열상봉합진료가 제한됩니다.",20260929000000,20261006000000,부산광역시 서구 구덕로 179 (아미동1가),A1200002,15,자동,차단,성형외과
2026-10-01 01:30:00,부산광역시,A1200002,부산대학교병원,응급,Y000,응급실,"[소아청소년과] 월-목 주간 (8am-4pm) 신환, F/U 문의 후 결정. 월-목 야간 (4pm-익일 8am) F/U 환자만 진료 가능하며 문의 후 결정. (금 am8-월 am8) F/U 포함 모든 환자 진료 불가.",20260929000000,20261006000000,부산광역시 서구 구덕로 179 (아미동1가),A1200002,16,자동,차단,소아청소년과
2026-10-01 01:30:00,부산광역시,A1200002,부산대학교병원,응급,Y000,응급실,"[외과] 진료 인력 부족으로 상의되지 않은 신환 진료는 문의 필요, 혈관파트 전원 문의 필요, f/u 환자 진료 가능",20260929000000,20261005235900,부산광역시 서구 구덕로 179 (아미동1가),A1200002,17,자동,차단,외과
2026-10-01 01:30:00,부산광역시,A1200002,부산대학교병원,응급,Y000,응급실,"[소화기내과] 진료인력 부족으로 신환은 의료진 상의 후 가능 (단, 야간 21:00-익일 7:00 불가), f/u 환자 진료 가능",20260928073000,20261005073000,부산광역시 서구 구덕로 179 (아미동1가),A1200002,18,자동,차단,소화기내과
2026-10-01 01:30:00,부산광역시,A1200002,부산대학교병원,응급,Y000,응급실,[소아청소년과]의료진 인력 부족으로 소아신경파트 신환 진료 불가,20260928000000,20261004235900,부산광역시 서구 구덕로 179 (아미동1가),A1200002,19,자동,차단,소아청소년과
2026-10-01 01:30:00,부산광역시,A1200002,부산대학교병원,응급,Y000,응급실,"[혈액종양내과] 의료진 인력 부족으로 신환 수용 불가, FU 환자 가능",20260928000000,20261004235900,부산광역시 서구 구덕로 179 (아미동1가),A1200002,20,자동,차단,혈액·종양내과
2026-10-01 01:30:00,부산광역시,A1200002,부산대학교병원,응급,Y000,응급실,[산부인과]신생아 중환자실 부족으로 임산부 문의 후 수용여부결정,20260928000000,20261005000000,부산광역시 서구 구덕로 179 (아미동1가),A1200002,21,자동,차단,병상 또는 장비
2026-10-01 01:30:00,부산광역시,A1200002,부산대학교병원,응급,Y000,응급실,"[소아청소년과]소아 소화기, 신장, 혈액종양, 류마티스 전문의 부재로 진료 불가",20260928000000,20261004235900,부산광역시 서구 구덕로 179 (아미동1가),A1200002,22,자동,차단,소아청소년과
2026-10-01 01:30:00,부산광역시,A1200002,부산대학교병원,응급,Y000,응급실,"[신경과] 평일 주간(08:00~21:00)은 신환 진료 가능, 평일 야간(21:00~익일08:00), 주말, 공휴일은 f/u 환자만 진료가능합니다",20260928000000,20261004235900,부산광역시 서구 구덕로 179 (아미동1가),A1200002,23,자동,차단,신경과
2026-10-01 01:30:00,부산광역시,A1200002,부산대학교병원,응급,Y000,응급실,[재활의학과] f/u 환자만 진료 가능합니다,20260928000000,20261004235900,부산광역시 서구 구덕로 179 (아미동1가),A1200002,24,자동,차단,재활의학과
2026-10-01 01:30:00,부산광역시,A1200002,부산대학교병원,중증,Y0070,장중첩/폐색(유아),소아 소화기 전문의 부재로 소아 장중첩 및 장폐색 진료 불가,20260927000000,20261004000000,부산광역시 서구 구덕로 179 (아미동1가),A1200002,25,자동,차단,소아청소년과
2026-10-01 01:30:00,부산광역시,A1200002,부산대학교병원,응급,Y000,응급실,[성형외과] 수부 전문의 당직 인력 부족으로 수부 외상 응급진료가 제한됩니다.,20260927000000,20261004000000,부산광역시 서구 구덕로 179 (아미동1가),A1200002,26,자동,차단,성형외과
2026-10-01 01:30:00,부산광역시,A1200002,부산대학교병원,응급,Y000,응급실,[피부과] 평일 및 주말 피부과 진료시간 08:00~22:00로 조정,20260925000000,20261002000000,부산광역시 서구 구덕로 179 (아미동1가),A1200002,27,자동,차단,피부과
2026-10-01 01:30:00,부산광역시,A1200002,부산대학교병원,응급,Y000,응급실,[정형외과]정형외과 혈관파트 의료진과 사전 협의 후 내원,20260925000000,20261001235900,부산광역시 서구 구덕로 179 (아미동1가),A1200002,28,자동,차단,정형외과
2026-10-01 01:30:00,부산광역시,A1200003,동아대학교병원,응급,Y000,응급실,OL 두경부 파트 진료불가합니다.,20260928170300,20261004090000,부산광역시 서구 대신공원로 26 (동대신동3가),A1200003,29,자동,차단,이비인후과
2026-10-01 01:30:00,부산광역시,A1200003,동아대학교병원,응급,Y000,응급실,의료진 부족으로 상지파트 진료 및 수술 불가합니다.,20260928000000,20261003060000,부산광역시 서구 대신공원로 26 (동대신동3가),A1200003,30,자동,차단,정형외과
2026-10-01 01:30:00,부산광역시,A1200003,동아대학교병원,응급,Y000,응급실,TTM 사용중으로 적응증 환자 수용 불가합니다.,20260926080700,20261003000000,부산광역시 서구 대신공원로 26 (동대신동3가),A1200003,31,자동,차단,병상 또는 장비
2026-10-01 01:30:00,부산광역시,A1200003,동아대학교병원,응급,Y000,응급실,"[소아청소년과] 평일 17시~익일 08시, 휴일 종일 f/u 포함 진료 불가 합니다. (이송 전 문의 바랍니다.)",20260926002400,20261002235900,부산광역시 서구 대신공원로 26 (동대신동3가),A1200003,32,자동,차단,소아청소년과
2026-10-01 01:30:00,부산광역시,A1200003,동아대학교병원,중증,Y0091,기관지 응급내시경(성인),"의료진 부재로 성인,소아 응급 내시경 불가 합니다.",20260925000000,20261002000000,부산광역시 서구 대신공원로 26 (동대신동3가),A1200003,33,자동,차단,
2026-10-01 01:30:00,부산광역시,A1200003,동아대학교병원,중증,Y0172,영상의학혈관중재(영유아),"두경부, 뇌혈관제외 모든 응급 시술 불가 합니다.",20260925000000,20261002000000,부산광역시 서구 대신공원로 26 (동대신동3가),A1200003,34,자동,차단,
2026-10-01 01:30:00,부산광역시,A1200003,동아대학교병원,중증,Y0171,영상의학혈관중재(성인),"두경부, 뇌혈관제외 모든 응급 시술 불가 합니다.",20260925000000,20261002000000,부산광역시 서구 대신공원로 26 (동대신동3가),A1200003,35,자동,차단,
2026-10-01 01:30:00,부산광역시,A1200003,동아대학교병원,중증,Y0052,담낭담관질환(담도포함질환),biliary part 신환 수용 불가합니다.,20260925000000,20261002000000,부산광역시 서구 대신공원로 26 (동대신동3가),A1200003,36,자동,차단,
2026-10-01 01:30:00,부산광역시,A1200003,동아대학교병원,중증,Y0051,담낭담관질환(담낭질환),biliary part 신환 수용 불가합니다.,20260925000000,20261002000000,부산광역시 서구 대신공원로 26 (동대신동3가),A1200003,37,자동,차단,
2026-10-01 01:30:00,부산광역시,A1200003,동아대학교병원,중증,Y0042,대동맥응급(복부),대동맥 파트 진료 및 수술 불가합니다.,20260925000000,20261002000000,부산광역시 서구 대신공원로 26 (동대신동3가),A1200003,38,자동,차단,
2026-10-01 01:30:00,부산광역시,A1200003,동아대학교병원,중증,Y0041,대동맥응급(흉부),대동맥 파트 진료 및 수술 불가합니다.,20260925000000,20261002000000,부산광역시 서구 대신공원로 26 (동대신동3가),A1200003,39,자동,차단,
2026-10-01 01:30:00,부산광역시,A1200003,동아대학교병원,중증,Y0070,장중첩/폐색(유아),소아 위장관 응급내시경 불가합니다.,20260925000000,20261002000000,부산광역시 서구 대신공원로 26 (동대신동3가),A1200003,40,자동,차단,
2026-10-01 01:30:00,부산광역시,A1200004,고신대학교복음병원,응급,Y000,응급실,[소아청소년과] 월~목 응급실 소아과 전문의 상주(월/수는 야간진료 가능하나 요일 별 근무시간 상이하여 사전 문의 필요),20260928100000,20261005095900,부산광역시 서구 감천로 262 (암남동),A1200004,41,자동,차단,응급실
2026-10-01 01:30:00,부산광역시,A1200005,의료법인 은성의료재단 좋은삼선병원,응급,Y000,응급실,평일 야간 및 주말 진료 불가합니다.,20260928090000,20261005090000,"부산광역시 사상구 가야대로 326, 좋은삼선병원 (주례동)",A1200005,42,자동,차단,치과
2026-10-01 01:30:00,부산광역시,A1200005,의료법인 은성의료재단 좋은삼선병원,응급,Y000,응급실,평일 야간 및 주말 진료 불가합니다.,20260928090000,20261005090000,"부산광역시 사상구 가야대로 326, 좋은삼선병원 (주례동)",A1200005,43,자동,차단,정신건강의학과
2026-10-01 01:30:00,부산광역시,A1200005,의료법인 은성의료재단 좋은삼선병원,응급,Y000,응급실,불가능메세지등록,20260928090000,20261005090000,"부산광역시 사상구 가야대로 326, 좋은삼선병원 (주례동)",A1200005,44,자동,차단,정신건강의학과
2026-10-01 01:30:00,부산광역시,A1200005,의료법인 은성의료재단 좋은삼선병원,응급,Y000,응급실,불가능메세지등록,20260928090000,20261005090000,"부산광역시 사상구 가야대로 326, 좋은삼선병원 (주례동)",A1200005,45,자동,차단,안과
2026-10-01 01:30:00,부산광역시,A1200005,의료법인 은성의료재단 좋은삼선병원,응급,Y000,응급실,치아외상 불가합니다.,20260928090000,20261005090000,"부산광역시 사상구 가야대로 326, 좋은삼선병원 (주례동)",A1200005,46,자동,차단,치과
2026-10-01 01:30:00,부산광역시,A1200005,의료법인 은성의료재단 좋은삼선병원,응급,Y000,응급실,평일 야간 및 주말 진료 불가합니다.,20260928090000,20261005090000,"부산광역시 사상구 가야대로 326, 좋은삼선병원 (주례동)",A1200005,47,자동,차단,이비인후과
2026-10-01 01:30:00,부산광역시,A1200005,의료법인 은성의료재단 좋은삼선병원,응급,Y000,응급실,평일 야간 및 주말 진료 불가합니다.,20260928090000,20261005090000,"부산광역시 사상구 가야대로 326, 좋은삼선병원 (주례동)",A1200005,48,자동,차단,비뇨의학과
2026-10-01 01:30:00,부산광역시,A1200005,의료법인 은성의료재단 좋은삼선병원,응급,Y000,응급실,[산과]불가합니다.,20260928090000,20261005090000,"부산광역시 사상구 가야대로 326, 좋은삼선병원 (주례동)",A1200005,49,자동,차단,산부인과
2026-10-01 01:30:00,부산광역시,A1200005,의료법인 은성의료재단 좋은삼선병원,응급,Y000,응급실,불가능메세지등록,20260928090000,20261005090000,"부산광역시 사상구 가야대로 326, 좋은삼선병원 (주례동)",A1200005,50,자동,차단,성형외과
2026-10-01 01:30:00,부산광역시,A1200005,의료법인 은성의료재단 좋은삼선병원,응급,Y000,응급실,불가능메세지등록,20260928090000,20261005090000,"부산광역시 사상구 가야대로 326, 좋은삼선병원 (주례동)",A1200005,51,자동,차단,외상외과
2026-10-01 01:30:00,부산광역시,A1200005,의료법인 은성의료재단 좋은삼선병원,응급,Y000,응급실,"36개월 미만 진료 불가, 소아경련(발열경련 포함), 소아외상, 화상, 심장, 신경 진료 불가합니다.",20260928090000,20261005090000,"부산광역시 사상구 가야대로 326, 좋은삼선병원 (주례동)",A1200005,52,자동,차단,소아청소년과
2026-10-01 01:30:00,부산광역시,A1200005,의료법인 은성의료재단 좋은삼선병원,응급,Y000,응급실,불가능메세지등록,20260928090000,20261005090000,"부산광역시 사상구 가야대로 326, 좋은삼선병원 (주례동)",A1200005,53,자동,차단,흉부외과
2026-10-01 01:30:00,부산광역시,A1200013,부산성모병원(재단법인 천주교부산교구유지재단),응급,Y000,응급실,ENT 진료 불가능합니다.,20260929010000,20261002080000,부산광역시 남구 용호로232번길 25-14 (용호동),A1200013,54,자동,차단,이비인후과
2026-10-01 01:30:00,부산광역시,A1200015,동남권원자력의학원,응급,Y000,응급실,환자 이송 전 문의 바랍니다.,20260928083100,20261005083000,부산광역시 기장군 장안읍 좌동길 40,A1200015,55,자동,차단,응급실
2026-10-01 01:30:00,부산광역시,A1200016,한국보훈복지의료공단 부산보훈병원,응급,Y000,응급실,불가능메세지등록,20261001004000,20261008000000,부산광역시 사상구 백양대로 420 (주례동),A1200016,56,자동,차단,외상외과
2026-10-01 01:30:00,부산광역시,A1200016,한국보훈복지의료공단 부산보훈병원,응급,Y000,응급실,불가능메세지등록,20261001004000,20261008000000,부산광역시 사상구 백양대로 420 (주례동),A1200016,57,자동,차단,치과
2026-10-01 01:30:00,부산광역시,A1200016,한국보훈복지의료공단 부산보훈병원,응급,Y000,응급실,불가능메세지등록,20261001004000,20261008000000,부산광역시 사상구 백양대로 420 (주례동),A1200016,58,자동,차단,정신건강의학과
2026-10-01 01:30:00,부산광역시,A1200016,한국보훈복지의료공단 부산보훈병원,응급,Y000,응급실,불가능메세지등록,20261001004000,20261008000000,부산광역시 사상구 백양대로 420 (주례동),A1200016,59,자동,차단,이비인후과
2026-10-01 01:30:00,부산광역시,A1200016,한국보훈복지의료공단 부산보훈병원,응급,Y000,응급실,불가능메세지등록,20261001004000,20261008000000,부산광역시 사상구 백양대로 420 (주례동),A1200016,60,자동,차단,안과
2026-10-01 01:30:00,부산광역시,A1200016,한국보훈복지의료공단 부산보훈병원,중증,Y0172,영상의학혈관중재(영유아),불가능메세지등록,20261001004000,20261008000000,부산광역시 사상구 백양대로 420 (주례동),A1200016,61,자동,차단,
2026-10-01 01:30:00,부산광역시,A1200016,한국보훈복지의료공단 부산보훈병원,중증,Y0171,영상의학혈관중재(성인),불가능메세지등록,20261001004000,20261008000000,부산광역시 사상구 백양대로 420 (주례동),A1200016,62,자동,차단,
2026-10-01 01:30:00,부산광역시,A1200016,한국보훈복지의료공단 부산보훈병원,중증,Y0142,응급투석(CRRT),불가능메세지등록,20261001004000,20261008000000,부산광역시 사상구 백양대로 420 (주례동),A1200016,63,자동,차단,
2026-10-01 01:30:00,부산광역시,A1200016,한국보훈복지의료공단 부산보훈병원,중증,Y0060,복부응급수술(비외상),불가능메세지등록,20261001004000,20261008000000,부산광역시 사상구 백양대로 420 (주례동),A1200016,64,자동,차단,
2026-10-01 01:30:00,부산광역시,A1200016,한국보훈복지의료공단 부산보훈병원,중증,Y0032,뇌출혈수술(거미막하 출혈 외),불가능메세지등록,20261001004000,20261008000000,부산광역시 사상구 백양대로 420 (주례동),A1200016,65,자동,차단,
2026-10-01 01:30:00,부산광역시,A1200016,한국보훈복지의료공단 부산보훈병원,중증,Y0112,산부인과 응급(산과수술),불가능메세지등록,20261001004000,20261008000000,부산광역시 사상구 백양대로 420 (주례동),A1200016,66,자동,차단,
2026-10-01 01:30:00,부산광역시,A1200016,한국보훈복지의료공단 부산보훈병원,응급,Y000,응급실,불가능메세지등록,20261001004000,20261008000000,부산광역시 사상구 백양대로 420 (주례동),A1200016,67,자동,차단,피부과
2026-10-01 01:30:00,부산광역시,A1200016,한국보훈복지의료공단 부산보훈병원,중증,Y0031,뇌출혈수술(거미막하 출혈),불가능메세지등록,20261001004000,20261008000000,부산광역시 사상구 백양대로 420 (주례동),A1200016,68,자동,차단,
2026-10-01 01:30:00,부산광역시,A1200016,한국보훈복지의료공단 부산보훈병원,중증,Y0051,담낭담관질환(담낭질환),불가능메세지등록,20261001004000,20261008000000,부산광역시 사상구 백양대로 420 (주례동),A1200016,69,자동,차단,
2026-10-01 01:30:00,부산광역시,A1200016,한국보훈복지의료공단 부산보훈병원,중증,Y0113,산부인과 응급(부인과수술),불가능메세지등록,20261001004000,20261008000000,부산광역시 사상구 백양대로 420 (주례동),A1200016,70,자동,차단,
2026-10-01 01:30:00,부산광역시,A1200016,한국보훈복지의료공단 부산보훈병원,중증,Y0120,중증화상,불가능메세지등록,20261001004000,20261008000000,부산광역시 사상구 백양대로 420 (주례동),A1200016,71,자동,차단,
2026-10-01 01:30:00,부산광역시,A1200016,한국보훈복지의료공단 부산보훈병원,중증,Y0082,위장관 응급내시경(영유아),불가능메세지등록,20261001004000,20261008000000,부산광역시 사상구 백양대로 420 (주례동),A1200016,72,자동,차단,
2026-10-01 01:30:00,부산광역시,A1200016,한국보훈복지의료공단 부산보훈병원,중증,Y0092,기관지 응급내시경(영유아),불가능메세지등록,20261001004000,20261008000000,부산광역시 사상구 백양대로 420 (주례동),A1200016,73,자동,차단,
2026-10-01 01:30:00,부산광역시,A1200016,한국보훈복지의료공단 부산보훈병원,중증,Y0141,응급투석(HD),불가능메세지등록,20261001004000,20261008000000,부산광역시 사상구 백양대로 420 (주례동),A1200016,74,자동,차단,
2026-10-01 01:30:00,부산광역시,A1200016,한국보훈복지의료공단 부산보훈병원,중증,Y0150,정신과적 응급입원,불가능메세지등록,20261001004000,20261008000000,부산광역시 사상구 백양대로 420 (주례동),A1200016,75,자동,차단,
2026-10-01 01:30:00,부산광역시,A1200016,한국보훈복지의료공단 부산보훈병원,중증,Y0042,대동맥응급(복부),불가능메세지등록,20261001004000,20261008000000,부산광역시 사상구 백양대로 420 (주례동),A1200016,76,자동,차단,
2026-10-01 01:30:00,부산광역시,A1200016,한국보훈복지의료공단 부산보훈병원,중증,Y0020,뇌경색의 재관류중재술,불가능메세지등록,20261001004000,20261008000000,부산광역시 사상구 백양대로 420 (주례동),A1200016,77,자동,차단,
2026-10-01 01:30:00,부산광역시,A1200016,한국보훈복지의료공단 부산보훈병원,중증,Y0052,담낭담관질환(담도포함질환),불가능메세지등록,20261001004000,20261008000000,부산광역시 사상구 백양대로 420 (주례동),A1200016,78,자동,차단,
2026-10-01 01:30:00,부산광역시,A1200016,한국보훈복지의료공단 부산보훈병원,중증,Y0100,저출생체중아,불가능메세지등록,20261001004000,20261008000000,부산광역시 사상구 백양대로 420 (주례동),A1200016,79,자동,차단,
2026-10-01 01:30:00,부산광역시,A1200016,한국보훈복지의료공단 부산보훈병원,중증,Y0131,수족지접합,불가능메세지등록,20261001004000,20261008000000,부산광역시 사상구 백양대로 420 (주례동),A1200016,80,자동,차단,
2026-10-01 01:30:00,부산광역시,A1200016,한국보훈복지의료공단 부산보훈병원,중증,Y0041,대동맥응급(흉부),불가능메세지등록,20261001004000,20261008000000,부산광역시 사상구 백양대로 420 (주례동),A1200016,81,자동,차단,
2026-10-01 01:30:00,부산광역시,A1200016,한국보훈복지의료공단 부산보훈병원,중증,Y0160,안과적 응급 수술,불가능메세지등록,20261001004000,20261008000000,부산광역시 사상구 백양대로 420 (주례동),A1200016,82,자동,차단,
2026-10-01 01:30:00,부산광역시,A1200016,한국보훈복지의료공단 부산보훈병원,중증,Y0070,장중첩/폐색(유아),불가능메세지등록,20261001004000,20261008000000,부산광역시 사상구 백양대로 420 (주례동),A1200016,83,자동,차단,
2026-10-01 01:30:00,부산광역시,A1200016,한국보훈복지의료공단 부산보훈병원,중증,Y0132,수족지접합 외,불가능메세지등록,20261001004000,20261008000000,부산광역시 사상구 백양대로 420 (주례동),A1200016,84,자동,차단,
2026-10-01 01:30:00,부산광역시,A1200016,한국보훈복지의료공단 부산보훈병원,중증,Y0111,산부인과 응급(분만),불가능메세지등록,20261001004000,20261008000000,부산광역시 사상구 백양대로 420 (주례동),A1200016,85,자동,차단,
2026-10-01 01:30:00,부산광역시,A1200016,한국보훈복지의료공단 부산보훈병원,응급,Y000,응급실,불가능메세지등록,20261001001500,20261008000000,부산광역시 사상구 백양대로 420 (주례동),A1200016,86,자동,차단,산부인과
2026-10-01 01:30:00,부산광역시,A1200016,한국보훈복지의료공단 부산보훈병원,응급,Y000,응급실,야간불가,20261001001500,20261008000000,부산광역시 사상구 백양대로 420 (주례동),A1200016,87,자동,차단,신경과
2026-10-01 01:30:00,부산광역시,A1200016,한국보훈복지의료공단 부산보훈병원,응급,Y000,응급실,불가능메세지등록,20261001001500,20261008000000,부산광역시 사상구 백양대로 420 (주례동),A1200016,88,자동,차단,성형외과
2026-10-01 01:30:00,부산광역시,A1200016,한국보훈복지의료공단 부산보훈병원,응급,Y000,응급실,불가능메세지등록,20261001001500,20261008000000,부산광역시 사상구 백양대로 420 (주례동),A1200016,89,자동,차단,흉부외과
2026-10-01 01:30:00,부산광역시,A1200016,한국보훈복지의료공단 부산보훈병원,응급,Y000,응급실,불가능메세지등록,20261001001500,20261008000000,부산광역시 사상구 백양대로 420 (주례동),A1200016,90,자동,차단,류마티스내과
2026-10-01 01:30:00,부산광역시,A1200016,한국보훈복지의료공단 부산보훈병원,응급,Y000,응급실,불가능메세지등록,20261001001500,20261008000000,부산광역시 사상구 백양대로 420 (주례동),A1200016,91,자동,차단,소아청소년과
2026-10-01 01:30:00,부산광역시,A1200016,한국보훈복지의료공단 부산보훈병원,응급,Y000,응급실,불가능메세지등록,20261001001500,20261008000000,부산광역시 사상구 백양대로 420 (주례동),A1200016,92,자동,차단,감염내과
2026-10-01 01:30:00,부산광역시,A1200016,한국보훈복지의료공단 부산보훈병원,응급,Y000,응급실,야간진료 제한 있음,20261001001500,20261008000000,부산광역시 사상구 백양대로 420 (주례동),A1200016,93,자동,차단,호흡기내과
2026-10-01 01:30:00,부산광역시,A1200016,한국보훈복지의료공단 부산보훈병원,응급,Y000,응급실,불가능메세지등록,20261001001500,20261008000000,부산광역시 사상구 백양대로 420 (주례동),A1200016,94,자동,차단,혈액·종양내과
2026-10-01 01:30:00,부산광역시,A1200017,의료법인정화의료재단 봉생기념병원,중증,Y0051,담낭담관질환(담낭질환),불가능메세지등록,20260927054000,20261004000000,"부산광역시 동구 중앙대로 401 (좌천동, 봉생병원)",A1200017,95,자동,차단,내과
2026-10-01 01:30:00,부산광역시,A1200017,의료법인정화의료재단 봉생기념병원,중증,Y0052,담낭담관질환(담도포함질환),불가능메세지등록,20260927054000,20261004000000,"부산광역시 동구 중앙대로 401 (좌천동, 봉생병원)",A1200017,96,자동,차단,내과
2026-10-01 01:30:00,부산광역시,A1200017,의료법인정화의료재단 봉생기념병원,응급,Y000,응급실,DI 환자 수용어렵습니다. 본원 NP DI 환자 문의 후 수용,20260927054000,20261004235900,"부산광역시 동구 중앙대로 401 (좌천동, 봉생병원)",A1200017,97,자동,차단,소화기내과
2026-10-01 01:30:00,부산광역시,A1200017,의료법인정화의료재단 봉생기념병원,응급,Y000,응급실,모든 환자 이송 전 반드시 문의 바랍니다.,20260927054000,20261004235900,"부산광역시 동구 중앙대로 401 (좌천동, 봉생병원)",A1200017,98,자동,차단,응급실
2026-10-01 01:30:00,부산광역시,A1200017,의료법인정화의료재단 봉생기념병원,응급,Y000,응급실,"소아 경련 환자 진료 불가, 소아 내/외과 환자 진료 불가",20260927054000,20261004235900,"부산광역시 동구 중앙대로 401 (좌천동, 봉생병원)",A1200017,99,자동,차단,소아청소년과
2026-10-01 01:30:00,부산광역시,A1200017,의료법인정화의료재단 봉생기념병원,응급,Y000,응급실,"평일 5pm~9AM, 주말 응급내시경 불가합니다.",20260927054000,20261004235900,"부산광역시 동구 중앙대로 401 (좌천동, 봉생병원)",A1200017,100,자동,차단,소화기내과
2026-10-01 01:30:00,부산광역시,A1200017,의료법인정화의료재단 봉생기념병원,응급,Y000,응급실,"주말, 야간 OBGY 진료 및 수술 어렵습니다",20260927054000,20261004235900,"부산광역시 동구 중앙대로 401 (좌천동, 봉생병원)",A1200017,101,자동,차단,산부인과
2026-10-01 01:30:00,부산광역시,A1200018,대동병원,응급,Y000,응급실,,20260930230000,20261001080000,부산광역시 동래구 충렬대로 187 (명륜동),A1200018,102,자동,차단,산부인과
2026-10-01 01:30:00,부산광역시,A1200018,대동병원,응급,Y000,응급실,환자과다로 f/u 환자 외 적응증 및 시술 환자 수용불가,20260925000000,20261002235900,부산광역시 동래구 충렬대로 187 (명륜동),A1200018,103,자동,차단,호흡기내과
2026-10-01 01:30:00,부산광역시,A1200018,대동병원,응급,Y000,응급실,119 환자 이송 전 연락 바랍니다.,20260925000000,20261002235900,부산광역시 동래구 충렬대로 187 (명륜동),A1200018,104,자동,차단,응급실
2026-10-01 01:30:00,부산광역시,A1200018,대동병원,응급,Y000,응급실,18시- 09시 이송전 사전문의,20260925000000,20261002235900,부산광역시 동래구 충렬대로 187 (명륜동),A1200018,105,자동,차단,소아청소년과
2026-10-01 01:30:00,부산광역시,A1200021,삼육부산병원,중증,Y0042,대동맥응급(복부),angio 시술팀 부재로 외래시간(09:00~18:00)외 수용불가,20260930180000,20261001090000,부산광역시 서구 대티로 170 (서대신동2가),A1200021,106,자동,차단,
2026-10-01 01:30:00,부산광역시,A1200021,삼육부산병원,중증,Y0020,뇌경색의 재관류중재술,angio 시술팀 부재로 외래시간(09:00~18:00)외 수용불가,20260930180000,20261001090000,부산광역시 서구 대티로 170 (서대신동2가),A1200021,107,자동,차단,
2026-10-01 01:30:00,부산광역시,A1200021,삼육부산병원,중증,Y0041,대동맥응급(흉부),angio 시술팀 부재로 외래시간(09:00~18:00)외 수용불가,20260930180000,20261001090000,부산광역시 서구 대티로 170 (서대신동2가),A1200021,108,자동,차단,
2026-10-01 01:30:00,부산광역시,A1200021,삼육부산병원,중증,Y0010,심근경색의 재관류중재술,angio 시술팀 부재로 외래시간(09:00~18:00)외 수용불가,20260930180000,20261001090000,부산광역시 서구 대티로 170 (서대신동2가),A1200021,109,자동,차단,
2026-10-01 01:30:00,부산광역시,A1200022,인제대학교 해운대백병원,응급,Y000,응급실,대동맥 박리 case 진료 불가,20260926000000,20261003235900,부산광역시 해운대구 해운대로 875 (좌동),A1200022,110,자동,차단,흉부외과
2026-10-01 01:30:00,부산광역시,A1200022,인제대학교 해운대백병원,응급,Y000,응급실,응급실 진료불가,20260926000000,20261003235900,부산광역시 해운대구 해운대로 875 (좌동),A1200022,111,자동,차단,성형외과
2026-10-01 01:30:00,부산광역시,A1200022,인제대학교 해운대백병원,응급,Y000,응급실,이송전 사전연락,20260926000000,20261003235900,부산광역시 해운대구 해운대로 875 (좌동),A1200022,112,자동,차단,정형외과
2026-10-01 01:30:00,부산광역시,A1200022,인제대학교 해운대백병원,응급,Y000,응급실,"소아내시경 만 12세 (40kg) 이상 , 뇌염, 복합경련은 응급실진료 가능, 입원 어려움, 100일 미만 발열 소아 응급실 진료 가능, 중환아 일 경우 입원 불가능",20260926000000,20261003235900,부산광역시 해운대구 해운대로 875 (좌동),A1200022,113,자동,차단,소아청소년과
2026-10-01 01:30:00,부산광역시,A1200024,부산광역시의료원,중증,Y0042,대동맥응급(복부),불가능메세지등록,20260928080000,20261005075900,"부산광역시 연제구 월드컵대로 359 (거제동, 1동, 5동일부)",A1200024,114,자동,차단,
2026-10-01 01:30:00,부산광역시,A1200024,부산광역시의료원,중증,Y0041,대동맥응급(흉부),불가능메세지등록,20260928080000,20261005075900,"부산광역시 연제구 월드컵대로 359 (거제동, 1동, 5동일부)",A1200024,115,자동,차단,
2026-10-01 01:30:00,부산광역시,A1200024,부산광역시의료원,중증,Y0112,산부인과 응급(산과수술),불가능메세지등록,20260928080000,20261005075900,"부산광역시 연제구 월드컵대로 359 (거제동, 1동, 5동일부)",A1200024,116,자동,차단,
2026-10-01 01:30:00,부산광역시,A1200024,부산광역시의료원,중증,Y0113,산부인과 응급(부인과수술),불가능메세지등록,20260928080000,20261005075900,"부산광역시 연제구 월드컵대로 359 (거제동, 1동, 5동일부)",A1200024,117,자동,차단,
2026-10-01 01:30:00,부산광역시,A1200024,부산광역시의료원,중증,Y0171,영상의학혈관중재(성인),평일 주간시간 가능,20260928080000,20261005075900,"부산광역시 연제구 월드컵대로 359 (거제동, 1동, 5동일부)",A1200024,118,자동,차단,
2026-10-01 01:30:00,부산광역시,A1200024,부산광역시의료원,중증,Y0141,응급투석(HD),불가능메세지등록,20260928080000,20261005075900,"부산광역시 연제구 월드컵대로 359 (거제동, 1동, 5동일부)",A1200024,119,자동,차단,
2026-10-01 01:30:00,부산광역시,A1200024,부산광역시의료원,중증,Y0091,기관지 응급내시경(성인),불가능메세지등록,20260928080000,20261005075900,"부산광역시 연제구 월드컵대로 359 (거제동, 1동, 5동일부)",A1200024,120,자동,차단,
2026-10-01 01:30:00,부산광역시,A1200024,부산광역시의료원,중증,Y0031,뇌출혈수술(거미막하 출혈),불가능메세지등록,20260928080000,20261005075900,"부산광역시 연제구 월드컵대로 359 (거제동, 1동, 5동일부)",A1200024,121,자동,차단,
2026-10-01 01:30:00,부산광역시,A1200024,부산광역시의료원,중증,Y0111,산부인과 응급(분만),불가능메세지등록,20260928080000,20261005075900,"부산광역시 연제구 월드컵대로 359 (거제동, 1동, 5동일부)",A1200024,122,자동,차단,
2026-10-01 01:30:00,부산광역시,A1200024,부산광역시의료원,중증,Y0132,수족지접합 외,불가능메세지등록,20260928080000,20261005075900,"부산광역시 연제구 월드컵대로 359 (거제동, 1동, 5동일부)",A1200024,123,자동,차단,
2026-10-01 01:30:00,부산광역시,A1200024,부산광역시의료원,중증,Y0131,수족지접합,불가능메세지등록,20260928080000,20261005075900,"부산광역시 연제구 월드컵대로 359 (거제동, 1동, 5동일부)",A1200024,124,자동,차단,
2026-10-01 01:30:00,부산광역시,A1200024,부산광역시의료원,중증,Y0020,뇌경색의 재관류중재술,불가능메세지등록,20260928080000,20261005075900,"부산광역시 연제구 월드컵대로 359 (거제동, 1동, 5동일부)",A1200024,125,자동,차단,신경외과
2026-10-01 01:30:00,부산광역시,A1200024,부산광역시의료원,중증,Y0120,중증화상,불가능메세지등록,20260928080000,20261005075900,"부산광역시 연제구 월드컵대로 359 (거제동, 1동, 5동일부)",A1200024,126,자동,차단,
2026-10-01 01:30:00,부산광역시,A1200024,부산광역시의료원,중증,Y0032,뇌출혈수술(거미막하 출혈 외),불가능메세지등록,20260928080000,20261005075900,"부산광역시 연제구 월드컵대로 359 (거제동, 1동, 5동일부)",A1200024,127,자동,차단,신경외과
2026-10-01 01:30:00,부산광역시,A1200024,부산광역시의료원,중증,Y0150,정신과적 응급입원,불가능메세지등록,20260928080000,20261005075900,"부산광역시 연제구 월드컵대로 359 (거제동, 1동, 5동일부)",A1200024,128,자동,차단,
2026-10-01 01:30:00,부산광역시,A1200045,구포성심병원,중증,Y0010,심근경색의 재관류중재술,CV 부재로 불가능합니다.,20260930170000,20261001083000,부산광역시 북구 낙동대로 1786 (구포동),A1200045,129,자동,차단,
2026-10-01 01:30:00,부산광역시,A1200045,구포성심병원,응급,Y000,응급실,"집중치료실 full bed, 이송 전 문의 부탁드립니다.",20260930111600,20261001090000,부산광역시 북구 낙동대로 1786 (구포동),A1200045,130,자동,차단,병상 또는 장비
2026-10-01 01:30:00,대구광역시,A1300001,영남대학교병원,응급,Y000,응급실,"[혈액종양내과] 해당 시간대에는 f/u 환자만 수용 가능 (pf.고성애) : 평일18~8시,주말,공휴일",20260930180000,20261001080000,대구광역시 남구 현충로 170 (대명동),A1300001,1,자동,차단,혈액·종양내과
2026-10-01 01:30:00,대구광역시,A1300001,영남대학교병원,응급,Y000,응급실,"[소아청소년과] 야간·주말·공휴일 소아신경과 f/u만 수용 가능, [영유아 기관지 응급내시경] 수용 불가능",20260930180000,20261001083000,대구광역시 남구 현충로 170 (대명동),A1300001,2,자동,차단,소아청소년과
2026-10-01 01:30:00,대구광역시,A1300001,영남대학교병원,응급,Y000,응급실,"[내분비대사내과] 해당 시간대에는 진료 불가 (pf.윤지성) : 평일18~8시,주말,공휴일",20260930180000,20261001080000,대구광역시 남구 현충로 170 (대명동),A1300001,3,자동,차단,내분비내과
2026-10-01 01:30:00,대구광역시,A1300001,영남대학교병원,응급,Y000,응급실,[신경과] 경련 환자 진료 제한 (pf.권두혁),20260930170000,20261001080000,대구광역시 남구 현충로 170 (대명동),A1300001,4,자동,차단,신경과
2026-10-01 01:30:00,대구광역시,A1300001,영남대학교병원,응급,Y000,응급실,"[신경외과] brain tumor 환자 f/u 외 진료 제한, 외상 및 뇌혈관질환 진료 가능 (pf.박소희)",20260930153700,20261001060000,대구광역시 남구 현충로 170 (대명동),A1300001,5,자동,차단,신경외과
2026-10-01 01:30:00,대구광역시,A1300001,영남대학교병원,응급,Y000,응급실,[소아외과] 의료진 부재로 수용 불가능 (pf.이남혁),20260930130000,20261001080000,대구광역시 남구 현충로 170 (대명동),A1300001,6,자동,차단,외과
2026-10-01 01:30:00,대구광역시,A1300001,영남대학교병원,응급,Y000,응급실,[치과] 의료진 부재로 수용 불가능,20260930080000,20261001080000,대구광역시 남구 현충로 170 (대명동),A1300001,7,자동,차단,치과
2026-10-01 01:30:00,대구광역시,A1300001,영남대학교병원,응급,Y000,응급실,[외과] f/u 수용 가능 및 중증화상 수용 불가능 (pf.김소현),20260930080000,20261001080000,대구광역시 남구 현충로 170 (대명동),A1300001,8,자동,차단,외과
2026-10-01 01:30:00,대구광역시,A1300001,영남대학교병원,응급,Y000,응급실,[비뇨의학과] 의료진 부재로 복부 관련 환자 외 수용 가능 (pf.송필현),20260930080000,20261001080000,대구광역시 남구 현충로 170 (대명동),A1300001,9,자동,차단,비뇨의학과
2026-10-01 01:30:00,대구광역시,A1300001,영남대학교병원,응급,Y000,응급실,[호흡기내과] f/u 수용 가능 (pf.진현정),20260930080000,20261001080000,대구광역시 남구 현충로 170 (대명동),A1300001,10,자동,차단,호흡기내과
2026-10-01 01:30:00,대구광역시,A1300001,영남대학교병원,응급,Y000,응급실,[이비인후과] f/u 수용 가능 (pf.김용대),20260930080000,20261001080000,대구광역시 남구 현충로 170 (대명동),A1300001,11,자동,차단,이비인후과
2026-10-01 01:30:00,대구광역시,A1300001,영남대학교병원,응급,Y000,응급실,[소화기내과] 간 파트는 f/u 수용 가능 (pf.박정길),20260930080000,20261001080000,대구광역시 남구 현충로 170 (대명동),A1300001,12,자동,차단,소화기내과
2026-10-01 01:30:00,대구광역시,A1300002,경북대학교병원,중증,Y0041,대동맥응급(흉부),"[마취통증의학과] 매주 수요일(18:00~08:00), 심장, 대동맥 관련수술 불가",20260930180000,20261001080000,"대구광역시 중구 동덕로 130 (삼덕동2가, 경북대학교병원)",A1300002,13,자동,차단,
2026-10-01 01:30:00,대구광역시,A1300002,경북대학교병원,응급,Y000,응급실,[신경과] 의료진 부재로 말초신경 및 근육질환 관련 응급진료 불가,20260930114200,20261006080000,"대구광역시 중구 동덕로 130 (삼덕동2가, 경북대학교병원)",A1300002,14,자동,차단,신경과
2026-10-01 01:30:00,대구광역시,A1300002,경북대학교병원,응급,Y000,응급실,[부인과] 의료진 부재로 관련 환자 응급진료 불가,20260930070100,20261001070000,"대구광역시 중구 동덕로 130 (삼덕동2가, 경북대학교병원)",A1300002,15,자동,차단,산부인과
2026-10-01 01:30:00,대구광역시,A1300002,경북대학교병원,중증,Y0060,복부응급수술(비외상),[외과] 의료진 부재로 관련환자 응급진료 불가,20260930070000,20261001080000,"대구광역시 중구 동덕로 130 (삼덕동2가, 경북대학교병원)",A1300002,16,자동,차단,
2026-10-01 01:30:00,대구광역시,A1300002,경북대학교병원,응급,Y000,응급실,[소아청소년과] 의료진 부재로 장중첩증 정복술 불가,20260928070000,20261005070000,"대구광역시 중구 동덕로 130 (삼덕동2가, 경북대학교병원)",A1300002,17,자동,차단,소아청소년과
2026-10-01 01:30:00,대구광역시,A1300002,경북대학교병원,응급,Y000,응급실,"[안과] 세부 전문의 부족으로 성인 및 소아 안와골절, 눈물소관 열상 진료 불가",20260928070000,20261005070000,"대구광역시 중구 동덕로 130 (삼덕동2가, 경북대학교병원)",A1300002,18,자동,차단,안과
2026-10-01 01:30:00,대구광역시,A1300002,경북대학교병원,응급,Y000,응급실,"[외과] (수,목) 의료진 부재로 관련환자 응급진료 불가",20260928070000,20261005070000,"대구광역시 중구 동덕로 130 (삼덕동2가, 경북대학교병원)",A1300002,19,자동,차단,외과
2026-10-01 01:30:00,대구광역시,A1300002,경북대학교병원,응급,Y000,응급실,"[마취통증의학과] 매주 수요일(18:00~08:00), 심장, 대동맥 관련 수술 불가",20260928070000,20261005070000,"대구광역시 중구 동덕로 130 (삼덕동2가, 경북대학교병원)",A1300002,20,자동,차단,마취통증의학과
2026-10-01 01:30:00,대구광역시,A1300002,경북대학교병원,응급,Y000,응급실,[흉부외과] 심혈관중환자실 공사로 응급심장수술 및 심혈관(흉부외과)관련 환자 이송 전 반드시 사전 문의 (~2026년 12월),20260928070000,20261005070000,"대구광역시 중구 동덕로 130 (삼덕동2가, 경북대학교병원)",A1300002,21,자동,차단,병상 또는 장비
2026-10-01 01:30:00,대구광역시,A1300002,경북대학교병원,응급,Y000,응급실,[산부인과] 전원/이송 전 사전 수용여부 반드시 확인,20260928070000,20261005070000,"대구광역시 중구 동덕로 130 (삼덕동2가, 경북대학교병원)",A1300002,22,자동,차단,산부인과
2026-10-01 01:30:00,대구광역시,A1300002,경북대학교병원,응급,Y000,응급실,"[이비인후과] 만 10세, 35kg 이하 소아 이비인후과 진료 불가",20260928070000,20261005070000,"대구광역시 중구 동덕로 130 (삼덕동2가, 경북대학교병원)",A1300002,23,자동,차단,이비인후과
2026-10-01 01:30:00,대구광역시,A1300002,경북대학교병원,응급,Y000,응급실,"[구강악안면외과] 단순(치통, 치관파절, 보철물 탈락 등 비응급 질환) 치아 질환 응급실 진료 불가",20260928070000,20261005070000,"대구광역시 중구 동덕로 130 (삼덕동2가, 경북대학교병원)",A1300002,24,자동,차단,치과
2026-10-01 01:30:00,대구광역시,A1300002,경북대학교병원,중증,Y0070,장중첩/폐색(유아),[소아청소년과] 의료진 부재로 장충첩증 정복술 불가,20260928070000,20261005070000,"대구광역시 중구 동덕로 130 (삼덕동2가, 경북대학교병원)",A1300002,25,자동,차단,
2026-10-01 01:30:00,대구광역시,A1300002,경북대학교병원,응급,Y000,응급실,"[안과] 신경안과질환(마비사시, 시신경염, 혀혈성 시신경병증 등) 관련 전문의 부재로 응급진료 불가",20260924070100,20261001070000,"대구광역시 중구 동덕로 130 (삼덕동2가, 경북대학교병원)",A1300002,26,자동,차단,안과
2026-10-01 01:30:00,대구광역시,A1300003,계명대학교동산병원,응급,Y000,응급실,[외과] 외과계 중환자실 부족으로 통보 시까지 외상 환자 수용불가 pf 박찬희,20260926071000,20261003120000,대구광역시 달서구 달구벌대로 1035 (신당동),A1300003,27,자동,차단,외과
2026-10-01 01:30:00,대구광역시,A1300003,계명대학교동산병원,응급,Y000,응급실,[소아청소년과] 정규시간 외 수용제한 (이송 전 확인),20260926071000,20261003120000,대구광역시 달서구 달구벌대로 1035 (신당동),A1300003,28,자동,차단,소아청소년과
2026-10-01 01:30:00,대구광역시,A1300003,계명대학교동산병원,응급,Y000,응급실,[부인과] f/u 외 이송 전 확인,20260926071000,20261003120000,대구광역시 달서구 달구벌대로 1035 (신당동),A1300003,29,자동,차단,산부인과
2026-10-01 01:30:00,대구광역시,A1300003,계명대학교동산병원,응급,Y000,응급실,[치과] 정규시간 외 불가,20260926071000,20261003120000,대구광역시 달서구 달구벌대로 1035 (신당동),A1300003,30,자동,차단,치과
2026-10-01 01:30:00,대구광역시,A1300004,대구가톨릭대학교병원,응급,Y000,응급실,수혈 필요한 출혈 환자 수용불가,20260930195200,20261001080000,대구광역시 남구 두류공원로17길 33 (대명동),A1300004,31,자동,차단,응급실
2026-10-01 01:30:00,대구광역시,A1300004,대구가톨릭대학교병원,응급,Y000,응급실,"응급실 이사 및 이전 작업으로 인한 정상진료/수용 어려움, 환자 이송 및 전원 시 사전 문의",20260929180000,20261001083000,대구광역시 남구 두류공원로17길 33 (대명동),A1300004,32,자동,차단,응급실
2026-10-01 01:30:00,대구광역시,A1300004,대구가톨릭대학교병원,응급,Y000,응급실,신경과_신경과_의료진부족_길랭바레증후군+근무력증_진료불가,20260929000000,20261005235900,대구광역시 남구 두류공원로17길 33 (대명동),A1300004,33,자동,차단,신경과
2026-10-01 01:30:00,대구광역시,A1300004,대구가톨릭대학교병원,응급,Y000,응급실,치과_외래시간 진료가능(악안면봉합포함),20260929000000,20261005235900,대구광역시 남구 두류공원로17길 33 (대명동),A1300004,34,자동,차단,치과
2026-10-01 01:30:00,대구광역시,A1300004,대구가톨릭대학교병원,응급,Y000,응급실,비뇨의학과_의료진부족_사전문의,20260929000000,20261005235900,대구광역시 남구 두류공원로17길 33 (대명동),A1300004,35,자동,차단,비뇨의학과
2026-10-01 01:30:00,대구광역시,A1300004,대구가톨릭대학교병원,응급,Y000,응급실,외과_의료진부족_사전문의,20260929000000,20261005235900,대구광역시 남구 두류공원로17길 33 (대명동),A1300004,36,자동,차단,외과
2026-10-01 01:30:00,대구광역시,A1300004,대구가톨릭대학교병원,응급,Y000,응급실,"소아청소년과_수요일 야간/일요일 진료가능,소아신경과 불가",20260929000000,20261005235900,대구광역시 남구 두류공원로17길 33 (대명동),A1300004,37,자동,차단,소아청소년과
2026-10-01 01:30:00,대구광역시,A1300004,대구가톨릭대학교병원,응급,Y000,응급실,산부인과_ 의료진부족_ 사전문의,20260929000000,20261005235900,대구광역시 남구 두류공원로17길 33 (대명동),A1300004,38,자동,차단,산부인과
2026-10-01 01:30:00,대구광역시,A1300004,대구가톨릭대학교병원,응급,Y000,응급실,"신경과_seizure f/u 외 수용불가, 뇌경색의심환자 사전문의",20260929000000,20261005235900,대구광역시 남구 두류공원로17길 33 (대명동),A1300004,39,자동,차단,신경과
2026-10-01 01:30:00,대구광역시,A1300004,대구가톨릭대학교병원,응급,Y000,응급실,피부과_평일 진료가능,20260929000000,20261005235900,대구광역시 남구 두류공원로17길 33 (대명동),A1300004,40,자동,차단,피부과
2026-10-01 01:30:00,대구광역시,A1300008,곽병원,응급,Y000,응급실,"장중첩증, 경련,정신건강학적 환자 수용불가",20260928000000,20261004235900,대구광역시 중구 국채보상로 531 (수동),A1300008,41,자동,차단,소아청소년과
2026-10-01 01:30:00,대구광역시,A1300009,대구파티마병원,중증,Y0020,뇌경색의 재관류중재술,[신경외과]의료진 부재로 진료 불가능,20260930160000,20261001080000,대구광역시 동구 아양로 99 (신암동),A1300009,42,자동,차단,신경외과
2026-10-01 01:30:00,대구광역시,A1300009,대구파티마병원,중증,Y0031,뇌출혈수술(거미막하 출혈),[신경외과]의료진 부재로 진료 불가능,20260930160000,20261001080000,대구광역시 동구 아양로 99 (신암동),A1300009,43,자동,차단,신경외과
2026-10-01 01:30:00,대구광역시,A1300009,대구파티마병원,중증,Y0032,뇌출혈수술(거미막하 출혈 외),[신경외과]의료진 부재로 진료 불가능,20260930160000,20261001080000,대구광역시 동구 아양로 99 (신암동),A1300009,44,자동,차단,신경외과
2026-10-01 01:30:00,대구광역시,A1300009,대구파티마병원,응급,Y000,응급실,[피부과]외래진료시간외 진료불가,20260928100100,20261005100000,대구광역시 동구 아양로 99 (신암동),A1300009,45,자동,차단,피부과
2026-10-01 01:30:00,대구광역시,A1300009,대구파티마병원,응급,Y000,응급실,"[소아청소년과]공휴일(토.일제외), 평일야간(17:30~08:00)진료불가, 이송전 문의",20260928100100,20261005100000,대구광역시 동구 아양로 99 (신암동),A1300009,46,자동,차단,소아청소년과
2026-10-01 01:30:00,대구광역시,A1300009,대구파티마병원,응급,Y000,응급실,[안과]망막 등 응급수술 필요한 환자 이송전문의,20260928100100,20261005100000,대구광역시 동구 아양로 99 (신암동),A1300009,47,자동,차단,안과
2026-10-01 01:30:00,대구광역시,A1300009,대구파티마병원,응급,Y000,응급실,[산부인과] 본원 f/u 이외 산부인과 진료불가,20260928100100,20261005100000,대구광역시 동구 아양로 99 (신암동),A1300009,48,자동,차단,산부인과
2026-10-01 01:30:00,대구광역시,A1300009,대구파티마병원,응급,Y000,응급실,"[정신건강의학과]병력,자해,약물중독환자 수용불가",20260928100100,20261005100000,대구광역시 동구 아양로 99 (신암동),A1300009,49,자동,차단,정신건강의학과
2026-10-01 01:30:00,대구광역시,A1300009,대구파티마병원,응급,Y000,응급실,[이비인후과]외래 진료시간외 진료불가. 이송전문의,20260928100100,20261005100000,대구광역시 동구 아양로 99 (신암동),A1300009,50,자동,차단,이비인후과
2026-10-01 01:30:00,대구광역시,A1300009,대구파티마병원,응급,Y000,응급실,[비뇨의학과] 본원 f/u 포함 이송전 문의,20260928100100,20261005100000,대구광역시 동구 아양로 99 (신암동),A1300009,51,자동,차단,비뇨의학과
2026-10-01 01:30:00,대구광역시,A1300009,대구파티마병원,응급,Y000,응급실,"[소화기내과]평일17:00~09:00, 토.일.공휴일12:00~09:00 신환응급내시경 및 소화기내과 시술불가",20260928100100,20261005100000,대구광역시 동구 아양로 99 (신암동),A1300009,52,자동,차단,소화기내과
2026-10-01 01:30:00,대구광역시,A1300009,대구파티마병원,응급,Y000,응급실,"[치과]목요일,공휴일,일요일,야간진료 불가",20260928100100,20261005100000,대구광역시 동구 아양로 99 (신암동),A1300009,53,자동,차단,치과
2026-10-01 01:30:00,대구광역시,A1300009,대구파티마병원,응급,Y000,응급실,[응급실]타 대학병원 F/U환자 이송전 문의,20260928100100,20261005100000,대구광역시 동구 아양로 99 (신암동),A1300009,54,자동,차단,응급실
2026-10-01 01:30:00,대구광역시,A1300009,대구파티마병원,응급,Y000,응급실,[소아외과]의료진부족으로 소아외과 이송전 문의,20260928100100,20261005100000,대구광역시 동구 아양로 99 (신암동),A1300009,55,자동,차단,외과
2026-10-01 01:30:00,대구광역시,A1300010,칠곡경북대학교병원,중증,Y0010,심근경색의 재관류중재술,"평일 야간, 주말 불가(사정에 따라 지연 또는 제한)",20260930173000,20261001075900,"대구광역시 북구 호국로 807, 칠곡경북대학교병원(임상실습동 1~11층 포함) (학정동)",A1300010,56,자동,차단,
2026-10-01 01:30:00,대구광역시,A1300010,칠곡경북대학교병원,응급,Y000,응급실,[부인과] 신환 진료 불가,20260930170000,20261001075900,"대구광역시 북구 호국로 807, 칠곡경북대학교병원(임상실습동 1~11층 포함) (학정동)",A1300010,57,자동,차단,산부인과
2026-10-01 01:30:00,대구광역시,A1300010,칠곡경북대학교병원,응급,Y000,응급실,[혈관외과] 응급진료 불가,20260930080000,20261001075900,"대구광역시 북구 호국로 807, 칠곡경북대학교병원(임상실습동 1~11층 포함) (학정동)",A1300010,58,자동,차단,외과
2026-10-01 01:30:00,대구광역시,A1300010,칠곡경북대학교병원,응급,Y000,응급실,"[이비인후과] 두경부 질환 (얼굴, 목 질환) 진료불가",20260930070000,20261005065900,"대구광역시 북구 호국로 807, 칠곡경북대학교병원(임상실습동 1~11층 포함) (학정동)",A1300010,59,자동,차단,이비인후과
2026-10-01 01:30:00,대구광역시,A1300010,칠곡경북대학교병원,응급,Y000,응급실,[비뇨의학과] 소아 진료 불가,20260928161900,20261004235900,"대구광역시 북구 호국로 807, 칠곡경북대학교병원(임상실습동 1~11층 포함) (학정동)",A1300010,60,자동,차단,비뇨의학과
2026-10-01 01:30:00,대구광역시,A1300010,칠곡경북대학교병원,응급,Y000,응급실,"[흉부외과] 대동맥박리, 식도 응급질환 등 진료 제한",20260928000000,20261004235900,"대구광역시 북구 호국로 807, 칠곡경북대학교병원(임상실습동 1~11층 포함) (학정동)",A1300010,61,자동,차단,흉부외과
2026-10-01 01:30:00,대구광역시,A1300010,칠곡경북대학교병원,응급,Y000,응급실,[치과] 응급진료 불가,20260928000000,20261004235900,"대구광역시 북구 호국로 807, 칠곡경북대학교병원(임상실습동 1~11층 포함) (학정동)",A1300010,62,자동,차단,치과
2026-10-01 01:30:00,대구광역시,A1300010,칠곡경북대학교병원,응급,Y000,응급실,[피부과] 응급진료 불가,20260928000000,20261004235900,"대구광역시 북구 호국로 807, 칠곡경북대학교병원(임상실습동 1~11층 포함) (학정동)",A1300010,63,자동,차단,피부과
2026-10-01 01:30:00,대구광역시,A1300010,칠곡경북대학교병원,응급,Y000,응급실,[안과] 응급진료 불가,20260928000000,20261004235900,"대구광역시 북구 호국로 807, 칠곡경북대학교병원(임상실습동 1~11층 포함) (학정동)",A1300010,64,자동,차단,안과
2026-10-01 01:30:00,대구광역시,A1300010,칠곡경북대학교병원,응급,Y000,응급실,[정형외과] 응급진료 불가(척추포함),20260928000000,20261004235900,"대구광역시 북구 호국로 807, 칠곡경북대학교병원(임상실습동 1~11층 포함) (학정동)",A1300010,65,자동,차단,정형외과
2026-10-01 01:30:00,대구광역시,A1300010,칠곡경북대학교병원,응급,Y000,응급실,외상 진료 불가 · 약물중독 진료 제한,20260928000000,20261004235900,"대구광역시 북구 호국로 807, 칠곡경북대학교병원(임상실습동 1~11층 포함) (학정동)",A1300010,66,자동,차단,기타 진료과
2026-10-01 01:30:00,대구광역시,A1300010,칠곡경북대학교병원,응급,Y000,응급실,[소화기내과] 간질환 진료 불가,20260928000000,20261004235900,"대구광역시 북구 호국로 807, 칠곡경북대학교병원(임상실습동 1~11층 포함) (학정동)",A1300010,67,자동,차단,소화기내과
2026-10-01 01:30:00,대구광역시,A1300010,칠곡경북대학교병원,응급,Y000,응급실,[산과] 14주 이상 - 30주 미만 고위험 또는 응급 제왕절개 필요한 산모 위주 진료 (산후 출혈 사전 연락 필요),20260928000000,20261004235900,"대구광역시 북구 호국로 807, 칠곡경북대학교병원(임상실습동 1~11층 포함) (학정동)",A1300010,68,자동,차단,산부인과
2026-10-01 01:30:00,대구광역시,A1300010,칠곡경북대학교병원,응급,Y000,응급실,** 원내 사정으로 이송 및 전원 환자 필히 사전 연락 후 이송,20260928000000,20261004235900,"대구광역시 북구 호국로 807, 칠곡경북대학교병원(임상실습동 1~11층 포함) (학정동)",A1300010,69,자동,차단,응급실
2026-10-01 01:30:00,대구광역시,A1300010,칠곡경북대학교병원,중증,Y0070,장중첩/폐색(유아),소아 외과 진료 제한,20260928000000,20261004235900,"대구광역시 북구 호국로 807, 칠곡경북대학교병원(임상실습동 1~11층 포함) (학정동)",A1300010,70,자동,차단,
2026-10-01 01:30:00,대구광역시,A1303386,계명대학교대구동산병원,응급,Y000,응급실,혈액제제 부족으로 관련 환자 수용 제한(사전 연락 바랍니다),20261001000000,20261008235900,"대구광역시 중구 달성로 56, 계명대학교대구동산병원 (동산동)",A1303386,71,자동,차단,병상 또는 장비
2026-10-01 01:30:00,대구광역시,A1303386,계명대학교대구동산병원,응급,Y000,응급실,오후 10시 이후 신경과 관련 환자 진료 제한(사전 연락 바랍니다),20261001000000,20261008235900,"대구광역시 중구 달성로 56, 계명대학교대구동산병원 (동산동)",A1303386,72,자동,차단,신경과
2026-10-01 01:30:00,대구광역시,A1303386,계명대학교대구동산병원,응급,Y000,응급실,"부인과, 소아청소년과, 이비인후과 외래시간 외 관련 환자 수용 불가(사전 연락 바랍니다)",20261001000000,20261008235900,"대구광역시 중구 달성로 56, 계명대학교대구동산병원 (동산동)",A1303386,73,자동,차단,기타 진료과
2026-10-01 01:30:00,대구광역시,A1303386,계명대학교대구동산병원,응급,Y000,응급실,환자 이송 전 KTAS 보내고 연락 바랍니다. 서버 불안정으로 구급활동정보 알람이 때때로 오지 않습니다.,20261001000000,20261008235900,"대구광역시 중구 달성로 56, 계명대학교대구동산병원 (동산동)",A1303386,74,자동,차단,병상 또는 장비
2026-10-01 01:30:00,대구광역시,A1303386,계명대학교대구동산병원,응급,Y000,응급실,"산과, 신경외과, 심장내과, 심장혈관흉부외과, 성형외과, 피부과 의료진 부재로 관련 환자 수용 불가",20261001000000,20261008235900,"대구광역시 중구 달성로 56, 계명대학교대구동산병원 (동산동)",A1303386,75,자동,차단,기타 진료과
2026-10-01 01:30:00,대구광역시,A1303386,계명대학교대구동산병원,응급,Y000,응급실,"수술적 처치 필요한 척추 질환, 척추 감염환자 수용 불가",20261001000000,20261008235900,"대구광역시 중구 달성로 56, 계명대학교대구동산병원 (동산동)",A1303386,76,자동,차단,정형외과
2026-10-01 01:30:00,대전광역시,A1600001,충남대학교병원,응급,Y000,응급실,"[영상의학과] 해당 파트  투시검사/시 술(소아 장중첩증 정복), 소아 초음파 검사/시술 불가능 함",20260928090300,20261005140000,"대전광역시 중구 문화로 282, 충남대학교병원 (대사동)",A1600001,1,자동,차단,영상의학과
2026-10-01 01:30:00,대전광역시,A1600001,충남대학교병원,응급,Y000,응급실,[소아 청소년과]  소아내시경 불가능함,20260928090300,20261005140000,"대전광역시 중구 문화로 282, 충남대학교병원 (대사동)",A1600001,2,자동,차단,소아청소년과
2026-10-01 01:30:00,대전광역시,A1600001,충남대학교병원,응급,Y000,응급실,[호흡기 내과 ]타병원  항암 환자 초진 불가,20260928090300,20261005140000,"대전광역시 중구 문화로 282, 충남대학교병원 (대사동)",A1600001,3,자동,차단,호흡기내과
2026-10-01 01:30:00,대전광역시,A1600001,충남대학교병원,응급,Y000,응급실,"[성형외과] 봉합 지정시간 => 11A, 3P, 8P",20260928090300,20261005140000,"대전광역시 중구 문화로 282, 충남대학교병원 (대사동)",A1600001,4,자동,차단,성형외과
2026-10-01 01:30:00,대전광역시,A1600001,충남대학교병원,응급,Y000,응급실,"[신경과] 의료진 부족으로 23시 ~익일 8시까지 신경과 진료 불가( 단,  3일이내 급성뇌경색/뇌전증 지속상태에 대해서는 야간 진료 가능)",20260928090300,20261005140000,"대전광역시 중구 문화로 282, 충남대학교병원 (대사동)",A1600001,5,자동,차단,신경과
2026-10-01 01:30:00,대전광역시,A1600002,학교법인을지학원대전을지대학교병원,응급,Y000,응급실,★[신장내과] 중증 신장내과 환자 f/u 포함 진료불가(경증 가능),20260928122900,20261005090000,대전광역시 서구 둔산서로 95 (둔산동),A1600002,6,자동,차단,신장내과
2026-10-01 01:30:00,대전광역시,A1600002,학교법인을지학원대전을지대학교병원,응급,Y000,응급실,[정신과] 24시 가능(입원 필요시 전화),20260928090100,20261005090000,대전광역시 서구 둔산서로 95 (둔산동),A1600002,7,자동,차단,정신건강의학과
2026-10-01 01:30:00,대전광역시,A1600002,학교법인을지학원대전을지대학교병원,응급,Y000,응급실,[비뇨기과] 평일 08:00 ~ 16:30 가능,20260928090100,20261005090000,대전광역시 서구 둔산서로 95 (둔산동),A1600002,8,자동,차단,비뇨의학과
2026-10-01 01:30:00,대전광역시,A1600002,학교법인을지학원대전을지대학교병원,응급,Y000,응급실,"[안과], [치과], [응급 기관지 내시경] 불가",20260928090100,20261005090000,대전광역시 서구 둔산서로 95 (둔산동),A1600002,9,자동,차단,기타 진료과
2026-10-01 01:30:00,대전광역시,A1600002,학교법인을지학원대전을지대학교병원,응급,Y000,응급실,[성형외과] 평일 09:00 ~ 20:00(화요일 ~19시까지) / 주말 09:00 ~ 16:00 가능,20260928090100,20261005090000,대전광역시 서구 둔산서로 95 (둔산동),A1600002,10,자동,차단,성형외과
2026-10-01 01:30:00,대전광역시,A1600002,학교법인을지학원대전을지대학교병원,응급,Y000,응급실,[외과] 매일 08:00 ~ 21:00 가능,20260928090100,20261005090000,대전광역시 서구 둔산서로 95 (둔산동),A1600002,11,자동,차단,외과
2026-10-01 01:30:00,대전광역시,A1600002,학교법인을지학원대전을지대학교병원,응급,Y000,응급실,[피부과] 매일 ~21:00 가능,20260928090100,20261005090000,대전광역시 서구 둔산서로 95 (둔산동),A1600002,12,자동,차단,피부과
2026-10-01 01:30:00,대전광역시,A1600002,학교법인을지학원대전을지대학교병원,응급,Y000,응급실,"[소아과] 월,화,목 08:00 ~ 22:00 / 수 08:00 ~ 17:00 / 금 08:00 ~ 13:00 가능(장중첩, 소아신경 및 심장 진료불가)",20260928090100,20261005090000,대전광역시 서구 둔산서로 95 (둔산동),A1600002,13,자동,차단,소아청소년과
2026-10-01 01:30:00,대전광역시,A1600002,학교법인을지학원대전을지대학교병원,응급,Y000,응급실,[이비인후과] 24시간 가능(두경부 감염 관련은 불가),20260928090100,20261005090000,대전광역시 서구 둔산서로 95 (둔산동),A1600002,14,자동,차단,이비인후과
2026-10-01 01:30:00,대전광역시,A1600002,학교법인을지학원대전을지대학교병원,응급,Y000,응급실,"[신경과] 매일 07:00 ~ 18:00 가능(seizure, stroke 환자는 ~21:00 가능/stroke 환자 뇌혈관순환 당직날은 자정 이후도 가능)",20260928090100,20261005090000,대전광역시 서구 둔산서로 95 (둔산동),A1600002,15,자동,차단,신경과
2026-10-01 01:30:00,대전광역시,A1600002,학교법인을지학원대전을지대학교병원,응급,Y000,응급실,"[정형외과] 24시간 가능(주말,공휴일도 가능/소아 가능)",20260928090100,20261005090000,대전광역시 서구 둔산서로 95 (둔산동),A1600002,16,자동,차단,정형외과
2026-10-01 01:30:00,대전광역시,A1600002,학교법인을지학원대전을지대학교병원,응급,Y000,응급실,"[신경외과] 24시간 가능(만8세 이상, 몸무게 40kg 이상 진료가능/소아 경증은 외래진료 가능성 있습니다)",20260928090100,20261005090000,대전광역시 서구 둔산서로 95 (둔산동),A1600002,17,자동,차단,신경외과
2026-10-01 01:30:00,대전광역시,A1600002,학교법인을지학원대전을지대학교병원,응급,Y000,응급실,[산부인과] 통화 후 이송바랍니다,20260928090100,20261005090000,대전광역시 서구 둔산서로 95 (둔산동),A1600002,18,자동,차단,산부인과
2026-10-01 01:30:00,대전광역시,A1600002,학교법인을지학원대전을지대학교병원,중증,Y0070,장중첩/폐색(유아),진료 불가합니다,20260928083000,20261005090000,대전광역시 서구 둔산서로 95 (둔산동),A1600002,19,자동,차단,
2026-10-01 01:30:00,대전광역시,A1600002,학교법인을지학원대전을지대학교병원,중증,Y0082,위장관 응급내시경(영유아),진료 불가합니다,20260928083000,20261005090000,대전광역시 서구 둔산서로 95 (둔산동),A1600002,20,자동,차단,
2026-10-01 01:30:00,대전광역시,A1600005,학교법인가톨릭학원가톨릭대학교대전성모병원,응급,Y000,응급실,본원 사정에 의하여 안과 평일 08시부터 18시까지만 진료 가능합니다. 이송 시 참고 바랍니다.,20260929182000,20261006235900,"대전광역시 중구 대흥로 64, 성모병원 (대흥동)",A1600005,21,자동,차단,안과
2026-10-01 01:30:00,대전광역시,A1600005,학교법인가톨릭학원가톨릭대학교대전성모병원,응급,Y000,응급실,응급실 상황에 따라 (중증응급)환자 수용 불가능할 수 있으니 이송 시 확인 바랍니다.,20260929182000,20261006235900,"대전광역시 중구 대흥로 64, 성모병원 (대흥동)",A1600005,22,자동,차단,응급실
2026-10-01 01:30:00,대전광역시,A1600005,학교법인가톨릭학원가톨릭대학교대전성모병원,응급,Y000,응급실,본원 사정에 의하여 이비인후과 08시부터 21시까지만 진료가 가능합니다. 이송 시 참고 바랍니다.,20260929182000,20261006235900,"대전광역시 중구 대흥로 64, 성모병원 (대흥동)",A1600005,23,자동,차단,이비인후과
2026-10-01 01:30:00,대전광역시,A1600005,학교법인가톨릭학원가톨릭대학교대전성모병원,응급,Y000,응급실,본원 사정에 의하여 비뇨기과 야간/주말/공휴일 응급실 진료 불가합니다. 이송 시 참고 바랍니다.,20260929182000,20261006235900,"대전광역시 중구 대흥로 64, 성모병원 (대흥동)",A1600005,24,자동,차단,비뇨의학과
2026-10-01 01:30:00,대전광역시,A1600005,학교법인가톨릭학원가톨릭대학교대전성모병원,응급,Y000,응급실,산부인과 분만 본원 사정으로 인하여 본원 F/U(37주이상) 환자만 수용 가능합니다.,20260929182000,20261006235900,"대전광역시 중구 대흥로 64, 성모병원 (대흥동)",A1600005,25,자동,차단,산부인과
2026-10-01 01:30:00,대전광역시,A1600005,학교법인가톨릭학원가톨릭대학교대전성모병원,응급,Y000,응급실,본원 사정으로 소아과 진료 불가합니다. 이송 시 참고 바랍니다.,20260929182000,20261006235900,"대전광역시 중구 대흥로 64, 성모병원 (대흥동)",A1600005,26,자동,차단,소아청소년과
2026-10-01 01:30:00,대전광역시,A1600005,학교법인가톨릭학원가톨릭대학교대전성모병원,응급,Y000,응급실,본원 응급실 성형외과 진료 불가합니다. 이송 시 참고 바랍니다.,20260929182000,20261006235900,"대전광역시 중구 대흥로 64, 성모병원 (대흥동)",A1600005,27,자동,차단,성형외과
2026-10-01 01:30:00,대전광역시,A1600006,학교법인건양교육재단건양대학교병원,응급,Y000,응급실,"월-금 08:30~21:00 / 토 24시간 / 일요일 09:00~18:00 진료 가능합니다. 단, 중증 환자의 경우 의뢰 후 결정되니 이송 전 수용 가능여부 확인바랍니다.",20260928080000,20261003130000,"대전광역시 서구 관저동로 158, 건양대학교병원 (관저동)",A1600006,28,자동,차단,안과
2026-10-01 01:30:00,대전광역시,A1600006,학교법인건양교육재단건양대학교병원,응급,Y000,응급실,월~목 08:30-22:00 (공휴일인 경우 불가능)/ 금~일 08:30-익일 08:00 (공휴일에도 가능),20260928080000,20261003130000,"대전광역시 서구 관저동로 158, 건양대학교병원 (관저동)",A1600006,29,자동,차단,소아청소년과
2026-10-01 01:30:00,대전광역시,A1600006,학교법인건양교육재단건양대학교병원,응급,Y000,응급실,"일~목요일(07시~21시), 금,토(07시~익일 07시) 이비인후과 진료 가능합니다. / 단, 본원 이비인후과 수술 후 출혈환자 상시 가능합니다.",20260927210000,20261003130000,"대전광역시 서구 관저동로 158, 건양대학교병원 (관저동)",A1600006,30,자동,차단,이비인후과
2026-10-01 01:30:00,대전광역시,A1600006,학교법인건양교육재단건양대학교병원,응급,Y000,응급실,본원 정형외과 의료진 부재로 femur shaft fracture 관련 진료 및 처치 불가능 합니다,20260927083000,20261004083000,"대전광역시 서구 관저동로 158, 건양대학교병원 (관저동)",A1600006,31,자동,차단,정형외과
2026-10-01 01:30:00,대전광역시,A1600006,학교법인건양교육재단건양대학교병원,응급,Y000,응급실,응급실에서 이비인후과 두경부파트 진료 불가능합니다.,20260926133600,20261003130000,"대전광역시 서구 관저동로 158, 건양대학교병원 (관저동)",A1600006,32,자동,차단,이비인후과
2026-10-01 01:30:00,대전광역시,A1600006,학교법인건양교육재단건양대학교병원,응급,Y000,응급실,본원 영상의학중재술이 필요한 환자 시술 및 수술 수용가능 여부는 이송전 꼭 문의 연락부탁드립니다.,20260926130000,20261003130000,"대전광역시 서구 관저동로 158, 건양대학교병원 (관저동)",A1600006,33,자동,차단,응급실
2026-10-01 01:30:00,대전광역시,A1600006,학교법인건양교육재단건양대학교병원,응급,Y000,응급실,"평일(18시~익일 06시), 주말 및 공휴일(06시~익일06시) 본원 URO f/u 환자만 수용 가능합니다. 이송 전 수용 여부 꼭 확인바랍니다.",20260926130000,20261003130000,"대전광역시 서구 관저동로 158, 건양대학교병원 (관저동)",A1600006,34,자동,차단,비뇨의학과
2026-10-01 01:30:00,대전광역시,A1600006,학교법인건양교육재단건양대학교병원,응급,Y000,응급실,[고압산소치료] 본원 monoplace chamber로 환자 모니터링이 불가능하여 자가기도유지 불가능한 환자는 고압산소치료가 불가능합니다.,20260926130000,20261003130000,"대전광역시 서구 관저동로 158, 건양대학교병원 (관저동)",A1600006,35,자동,차단,병상 또는 장비
2026-10-01 01:30:00,대전광역시,A1600006,학교법인건양교육재단건양대학교병원,응급,Y000,응급실,응급실에서 피부과 진료 불가능합니다.,20260926130000,20261003130000,"대전광역시 서구 관저동로 158, 건양대학교병원 (관저동)",A1600006,36,자동,차단,피부과
2026-10-01 01:30:00,대전광역시,A1600006,학교법인건양교육재단건양대학교병원,응급,Y000,응급실,응급실에서 성형외과 진료 불가능 합니다.,20260926130000,20261003130000,"대전광역시 서구 관저동로 158, 건양대학교병원 (관저동)",A1600006,37,자동,차단,성형외과
2026-10-01 01:30:00,대전광역시,A1600006,학교법인건양교육재단건양대학교병원,응급,Y000,응급실,응급실에서 치과 진료 불가능합니다.,20260926130000,20261003130000,"대전광역시 서구 관저동로 158, 건양대학교병원 (관저동)",A1600006,38,자동,차단,치과
2026-10-01 01:30:00,대전광역시,A1600006,학교법인건양교육재단건양대학교병원,응급,Y000,응급실,당직의 사정에 따라 진료 가능여부 다를 수 있으니 이송 전 확인바랍니다.,20260926130000,20261003130000,"대전광역시 서구 관저동로 158, 건양대학교병원 (관저동)",A1600006,39,자동,차단,산부인과
2026-10-01 01:30:00,대전광역시,A1600006,학교법인건양교육재단건양대학교병원,응급,Y000,응급실,본원 소아외과 의료진 부재로 응급실에서 소아외과적 환자 진료 및 수술 불가능합니다.,20260924114900,20261001130000,"대전광역시 서구 관저동로 158, 건양대학교병원 (관저동)",A1600006,40,자동,차단,외과
2026-10-01 01:30:00,대전광역시,A1600007,의료법인영훈의료재단유성선병원,응급,Y000,응급실,외래 진료만 가능,20260928090000,20261005100000,대전광역시 유성구 북유성대로 93 (지족동),A1600007,41,자동,차단,정신건강의학과
2026-10-01 01:30:00,대전광역시,A1600007,의료법인영훈의료재단유성선병원,응급,Y000,응급실,산과 진료 불가 전문의 부재,20260928090000,20261005100000,대전광역시 유성구 북유성대로 93 (지족동),A1600007,42,자동,차단,산부인과
2026-10-01 01:30:00,대전광역시,A1600007,의료법인영훈의료재단유성선병원,응급,Y000,응급실,"DI 환자, ROSC 환자는 관련 질환과  부재로  수용 불가",20260928090000,20261005100000,대전광역시 유성구 북유성대로 93 (지족동),A1600007,43,자동,차단,응급실
2026-10-01 01:30:00,대전광역시,A1600007,의료법인영훈의료재단유성선병원,응급,Y000,응급실,외래 진료만 가능,20260928090000,20261005100000,대전광역시 유성구 북유성대로 93 (지족동),A1600007,44,자동,차단,치과
2026-10-01 01:30:00,대전광역시,A1600007,의료법인영훈의료재단유성선병원,응급,Y000,응급실,진료 불가 전문의 부재,20260928090000,20261005100000,대전광역시 유성구 북유성대로 93 (지족동),A1600007,45,자동,차단,피부과
2026-10-01 01:30:00,대전광역시,A1600007,의료법인영훈의료재단유성선병원,응급,Y000,응급실,09시부터 22시까지만 가능,20260928090000,20261005100000,대전광역시 유성구 북유성대로 93 (지족동),A1600007,46,자동,차단,성형외과
2026-10-01 01:30:00,대전광역시,A1600007,의료법인영훈의료재단유성선병원,응급,Y000,응급실,전문의 부재 진료 불가,20260928090000,20261005100000,대전광역시 유성구 북유성대로 93 (지족동),A1600007,47,자동,차단,흉부외과
2026-10-01 01:30:00,대전광역시,A1600007,의료법인영훈의료재단유성선병원,응급,Y000,응급실,외래 진료만 가능,20260928090000,20261005100000,대전광역시 유성구 북유성대로 93 (지족동),A1600007,48,자동,차단,혈액·종양내과
2026-10-01 01:30:00,대전광역시,A1600007,의료법인영훈의료재단유성선병원,응급,Y000,응급실,진료 불가 전문의 부재,20260928090000,20261005100000,대전광역시 유성구 북유성대로 93 (지족동),A1600007,49,자동,차단,안과
2026-10-01 01:30:00,대전광역시,A1600007,의료법인영훈의료재단유성선병원,응급,Y000,응급실,외래 진료만 가능,20260928090000,20261005100000,대전광역시 유성구 북유성대로 93 (지족동),A1600007,50,자동,차단,소아청소년과
2026-10-01 01:30:00,대전광역시,A1600008,의료법인영훈의료재단대전선병원,응급,Y000,응급실,본원 심정지 후치료(목표체온치료/ECMO등..) 불가합니다.,20260928090000,20261005090000,"대전광역시 중구 목중로 29 (목동,(목동))",A1600008,51,자동,차단,응급실
2026-10-01 01:30:00,대전광역시,A1600008,의료법인영훈의료재단대전선병원,응급,Y000,응급실,"이비인후과 출혈(코피포함), ENT적 호흡곤란 동반환자, 타병원 수술후 합병증,목에 이물감,목의 부종과 통증이 동반된 deep neck 감염환자들은 외래 진료시간 (평일 8:30~17:30/토요일 8:30~12:30) 외 진료 불가",20260928090000,20261005090000,"대전광역시 중구 목중로 29 (목동,(목동))",A1600008,52,자동,차단,이비인후과
2026-10-01 01:30:00,대전광역시,A1600008,의료법인영훈의료재단대전선병원,응급,Y000,응급실,내분비내과 진료과 사정으로 응급실 진료 및 입원 불가합니다.,20260928090000,20261005090000,"대전광역시 중구 목중로 29 (목동,(목동))",A1600008,53,자동,차단,내분비내과
2026-10-01 01:30:00,대전광역시,A1600008,의료법인영훈의료재단대전선병원,응급,Y000,응급실,소아청소년과 외래진료시간 (08:30~17:30) 이외에 소아전문의 진료 불가능합니다.,20260928090000,20261005090000,"대전광역시 중구 목중로 29 (목동,(목동))",A1600008,54,자동,차단,소아청소년과
2026-10-01 01:30:00,대전광역시,A1600008,의료법인영훈의료재단대전선병원,응급,Y000,응급실,구강외과 외래 진료시간(08:30~17:30)외에 응급진료 어려우며 외래진료 시간에도 구강외과 사정에 따라 진료가 제한될 수 있으므로 이송 전 연락바랍니다.,20260928090000,20261005090000,"대전광역시 중구 목중로 29 (목동,(목동))",A1600008,55,자동,차단,치과
2026-10-01 01:30:00,울산광역시,A1700002,의료법인동강의료재단동강병원,응급,Y000,응급실,"(소아 전 연령) 활력징후 비정상, 산소포화도 저하, CPR 상태, 인공호흡기 치료필요, 뇌전증중첩증, 당뇨병성 케톤산증, 의식저하,",20260929000000,20261005235900,울산광역시 중구 태화로 239 (태화동),A1700002,1,자동,차단,응급실
2026-10-01 01:30:00,울산광역시,A1700002,의료법인동강의료재단동강병원,응급,Y000,응급실,종양내과 부재로 암 관련 진료불가,20260929000000,20261005235900,울산광역시 중구 태화로 239 (태화동),A1700002,2,자동,차단,응급실
2026-10-01 01:30:00,울산광역시,A1700002,의료법인동강의료재단동강병원,응급,Y000,응급실,12개월 미만 소아청소년과 진료불가,20260929000000,20261005235900,울산광역시 중구 태화로 239 (태화동),A1700002,3,자동,차단,응급실
2026-10-01 01:30:00,울산광역시,A1700002,의료법인동강의료재단동강병원,응급,Y000,응급실,"비뇨의학과 외래시간만 운영, 요로결석 통증치료, Testis torsion 만 가능, 전화문의후 진료결정",20260929000000,20261005235900,울산광역시 중구 태화로 239 (태화동),A1700002,4,자동,차단,응급실
2026-10-01 01:30:00,울산광역시,A1700002,의료법인동강의료재단동강병원,응급,Y000,응급실,신경학적 이상을 동반한 척추손상은 SC 외래 진료시간만 가능,20260929000000,20261005235900,울산광역시 중구 태화로 239 (태화동),A1700002,5,자동,차단,응급실
2026-10-01 01:30:00,울산광역시,A1700002,의료법인동강의료재단동강병원,응급,Y000,응급실,급성대동맥 질환 상황판 병상수와 관계없이 응급실로 문의바랍니다.,20260929000000,20261006235900,울산광역시 중구 태화로 239 (태화동),A1700002,6,자동,차단,응급실
2026-10-01 01:30:00,울산광역시,A1700002,의료법인동강의료재단동강병원,응급,Y000,응급실,"안과, 이비인후과, 피부과 전문의 부재로 진료불가",20260929000000,20261005235900,울산광역시 중구 태화로 239 (태화동),A1700002,7,자동,차단,응급실
2026-10-01 01:30:00,울산광역시,A1700002,의료법인동강의료재단동강병원,응급,Y000,응급실,성형외과 봉합은 예약제로 운영하며 응급실 문의후 결정,20260929000000,20261005235900,울산광역시 중구 태화로 239 (태화동),A1700002,8,자동,차단,응급실
2026-10-01 01:30:00,울산광역시,A1700002,의료법인동강의료재단동강병원,응급,Y000,응급실,중독 관련과 부재로 진료불가,20260929000000,20261005235900,울산광역시 중구 태화로 239 (태화동),A1700002,9,자동,차단,응급실
2026-10-01 01:30:00,울산광역시,A1700002,의료법인동강의료재단동강병원,응급,Y000,응급실,"(소아 전 연령) 기도 및 식도 이물, 선천심질환자, 소아암, 소아혈액질환 치료중인 환자, 소아중증 외상 환자, 소아신경과, 소아신장 진료불가",20260929000000,20261005235900,울산광역시 중구 태화로 239 (태화동),A1700002,10,자동,차단,응급실
2026-10-01 01:30:00,울산광역시,A1700002,의료법인동강의료재단동강병원,응급,Y000,응급실,"치아 골절 및 탈구 평일 주간, 토요일 오전 외래 진료시간만 가능 안면부 골절 검사만 가능하고 평일 야간, 주말동안 응급수술 불가",20260929000000,20261005235900,울산광역시 중구 태화로 239 (태화동),A1700002,11,자동,차단,응급실
2026-10-01 01:30:00,세종특별자치시,A1800441,세종충남대학교병원,응급,Y000,응급실,"[소아전문응급의료센터] 10월 매주 목요일 제외한 22시~익일 10시는 응급분만·가정분만 신생아 및 심폐소생술 필요 환자, 뇌전증 지속상태 환자만 수용 가능",20261001000000,20261003235900,"세종특별자치시 보듬7로 20, 세종충남대학교병원 (도담동)",A1800441,1,자동,차단,소아청소년과
2026-10-01 01:30:00,세종특별자치시,A1800441,세종충남대학교병원,응급,Y000,응급실,[안과] 응급실 진료 어려울수 있으니 사전연락 바람,20260927000000,20261003235900,"세종특별자치시 보듬7로 20, 세종충남대학교병원 (도담동)",A1800441,2,자동,차단,안과
2026-10-01 01:30:00,세종특별자치시,A1800441,세종충남대학교병원,응급,Y000,응급실,"[치과] 응급실 내 진료 어려움, 이송자제",20260927000000,20261003235900,"세종특별자치시 보듬7로 20, 세종충남대학교병원 (도담동)",A1800441,3,자동,차단,치과
2026-10-01 01:30:00,세종특별자치시,A1800441,세종충남대학교병원,응급,Y000,응급실,[소아정형외과] 응급실 진료어려울수 있으니 사전연락 바람,20260927000000,20261003235900,"세종특별자치시 보듬7로 20, 세종충남대학교병원 (도담동)",A1800441,4,자동,차단,정형외과
2026-10-01 01:30:00,세종특별자치시,A1800441,세종충남대학교병원,응급,Y000,응급실,"중환자실) 가동병상수 유동적, 중환 사전연락필수",20260927000000,20261003235900,"세종특별자치시 보듬7로 20, 세종충남대학교병원 (도담동)",A1800441,5,자동,차단,병상 또는 장비
2026-10-01 01:30:00,세종특별자치시,A1800441,세종충남대학교병원,응급,Y000,응급실,[신경외과] 의료진 부족으로 사전 연락 필요,20260927000000,20261003235900,"세종특별자치시 보듬7로 20, 세종충남대학교병원 (도담동)",A1800441,6,자동,차단,신경외과
2026-10-01 01:30:00,세종특별자치시,A1800441,세종충남대학교병원,응급,Y000,응급실,"[심장내과] 의료진 공백으로 응급실 내 평일 야간 및 주말, 공휴일 진료 어려움",20260927000000,20261003235900,"세종특별자치시 보듬7로 20, 세종충남대학교병원 (도담동)",A1800441,7,자동,차단,순환기내과
2026-10-01 01:30:00,세종특별자치시,A1800441,세종충남대학교병원,응급,Y000,응급실,[복부대동맥박리] 수용가능여부 사전연락 바람,20260927000000,20261003235900,"세종특별자치시 보듬7로 20, 세종충남대학교병원 (도담동)",A1800441,8,자동,차단,흉부외과
2026-10-01 01:30:00,세종특별자치시,A1800441,세종충남대학교병원,응급,Y000,응급실,[소아비뇨의학과] 진료가능여부 사전문의 필요(야간 진료 어려움),20260927000000,20261003235900,"세종특별자치시 보듬7로 20, 세종충남대학교병원 (도담동)",A1800441,9,자동,차단,비뇨의학과
2026-10-01 01:30:00,세종특별자치시,A1800441,세종충남대학교병원,응급,Y000,응급실,[신경과] 응급실 진료 어려울 수 있으니 사전연락 바람,20260927000000,20261003235900,"세종특별자치시 보듬7로 20, 세종충남대학교병원 (도담동)",A1800441,10,자동,차단,신경과
2026-10-01 01:30:00,세종특별자치시,A1800441,세종충남대학교병원,응급,Y000,응급실,[정신건강의학과] 폐쇄병동 부재 입원 불가,20260927000000,20261003235900,"세종특별자치시 보듬7로 20, 세종충남대학교병원 (도담동)",A1800441,11,자동,차단,정신건강의학과
2026-10-01 01:30:00,세종특별자치시,A1800441,세종충남대학교병원,응급,Y000,응급실,[성형외과] 응급실 진료 어려울수 있으니 사전연락 바람,20260927000000,20261003235900,"세종특별자치시 보듬7로 20, 세종충남대학교병원 (도담동)",A1800441,12,자동,차단,성형외과
2026-10-01 01:30:00,세종특별자치시,A1800441,세종충남대학교병원,응급,Y000,응급실,"피부과) 응급실 내 진료어려움, 이송자제",20260927000000,20261003235900,"세종특별자치시 보듬7로 20, 세종충남대학교병원 (도담동)",A1800441,13,자동,차단,피부과
2026-10-01 01:30:00,세종특별자치시,A1800441,세종충남대학교병원,응급,Y000,응급실,"[이비인후과] 응급실 내 진료어려움, 이송자제",20260927000000,20261003235900,"세종특별자치시 보듬7로 20, 세종충남대학교병원 (도담동)",A1800441,14,자동,차단,이비인후과
2026-10-01 01:30:00,전남광주통합특별시,A1500001,조선대학교병원,응급,Y000,응급실,"진료 가능 시간: 8시 ~ 22시  (단, 고환염전 및 intervention 처치가 필요한 경우 : 평일 8시 ~ 17시까지만 가능)",20260930004400,20261007235900,전남광주통합특별시 동구 필문대로 365 (서석동),A1500001,1,자동,차단,비뇨의학과
2026-10-01 01:30:00,전남광주통합특별시,A1500001,조선대학교병원,응급,Y000,응급실,소아신경 담당 교수님 부재로 신환 불가합니다.,20260930003900,20261004235900,전남광주통합특별시 동구 필문대로 365 (서석동),A1500001,2,자동,차단,소아청소년과
2026-10-01 01:30:00,전남광주통합특별시,A1500001,조선대학교병원,응급,Y000,응급실,두경부 담당 교수님 부재로 f/u환자 포함 수용 불가합니다.,20260930003800,20261007235900,전남광주통합특별시 동구 필문대로 365 (서석동),A1500001,3,자동,차단,이비인후과
2026-10-01 01:30:00,전남광주통합특별시,A1500001,조선대학교병원,응급,Y000,응급실,"소아 intussusception, testis torsion 관련 진료가능시간: 평일 9시~ 21시",20260930003800,20261007235900,전남광주통합특별시 동구 필문대로 365 (서석동),A1500001,4,자동,차단,소아청소년과
2026-10-01 01:30:00,전남광주통합특별시,A1500001,조선대학교병원,응급,Y000,응급실,모든 환자 이송 및 전원 시 반드시 사전 문의 바랍니다.,20260930003800,20261007235900,전남광주통합특별시 동구 필문대로 365 (서석동),A1500001,5,자동,차단,응급실
2026-10-01 01:30:00,전남광주통합특별시,A1500001,조선대학교병원,응급,Y000,응급실,"소아외과환자 불가, 환자 이송 및 전원 시 반드시 사전 문의 바랍니다.",20260930003700,20261007235900,전남광주통합특별시 동구 필문대로 365 (서석동),A1500001,6,자동,차단,소아청소년과
2026-10-01 01:30:00,전남광주통합특별시,A1500001,조선대학교병원,응급,Y000,응급실,"17시 ~ 익일 8시까지 진료 제한 (당직교수의 진료전문분야에 따라 진료가능여부 결정), 환자 이송 및 전원 시 반드시 사전 문의 바랍니다.",20260930003700,20261007235900,전남광주통합특별시 동구 필문대로 365 (서석동),A1500001,7,자동,차단,이비인후과
2026-10-01 01:30:00,전남광주통합특별시,A1500001,조선대학교병원,응급,Y000,응급실,진료 가능 시간: 6시 ~ 21시,20260930003700,20261007235900,전남광주통합특별시 동구 필문대로 365 (서석동),A1500001,8,자동,차단,안과
2026-10-01 01:30:00,전남광주통합특별시,A1500001,조선대학교병원,응급,Y000,응급실,영유아 위장관 내시경 필요 시 반드시 사전 문의 바랍니다.,20260930003600,20261007235900,전남광주통합특별시 동구 필문대로 365 (서석동),A1500001,9,자동,차단,응급실
2026-10-01 01:30:00,전남광주통합특별시,A1500001,조선대학교병원,응급,Y000,응급실,"진료 가능 시간: 평일 8시 ~ 23시 (단, 단순 봉합은 주말에는 17시 30분까지만 가능)",20260930003600,20261007235900,전남광주통합특별시 동구 필문대로 365 (서석동),A1500001,10,자동,차단,성형외과
2026-10-01 01:30:00,전남광주통합특별시,A1500001,조선대학교병원,응급,Y000,응급실,"진료 가능 시간: 평일 8시 ~ 21시 (단, 토·일·공휴일 불가)",20260930003600,20261007235900,전남광주통합특별시 동구 필문대로 365 (서석동),A1500001,11,자동,차단,소아청소년과
2026-10-01 01:30:00,전남광주통합특별시,A1500001,조선대학교병원,응급,Y000,응급실,PTBD 가능 시간: 평일 8시 ~ 17시,20260930003500,20261007235900,전남광주통합특별시 동구 필문대로 365 (서석동),A1500001,12,자동,차단,영상의학과
2026-10-01 01:30:00,전남광주통합특별시,A1500001,조선대학교병원,응급,Y000,응급실,"진료는 24시간 가능하나, 정신과적 입원은 21시 ~ 익일 5시까지 불가",20260930003500,20261007235900,전남광주통합특별시 동구 필문대로 365 (서석동),A1500001,13,자동,차단,정신건강의학과
2026-10-01 01:30:00,전남광주통합특별시,A1500001,조선대학교병원,응급,Y000,응급실,"진료 가능 시간: 8시 ~ 17시 (당직교수에 따라 진료가능여부 결정), 환자 이송 및 전원 시 반드시 사전 문의 바랍니다.",20260930003400,20261007235900,전남광주통합특별시 동구 필문대로 365 (서석동),A1500001,14,자동,차단,산부인과
2026-10-01 01:30:00,전남광주통합특별시,A1500001,조선대학교병원,응급,Y000,응급실,"쇄석술 불가, 환자 이송 및 전원 시 반드시 사전 문의 바랍니다.",20260930003300,20261007235900,전남광주통합특별시 동구 필문대로 365 (서석동),A1500001,15,자동,차단,비뇨의학과
2026-10-01 01:30:00,전남광주통합특별시,A1500001,조선대학교병원,응급,Y000,응급실,외상환자 이송 및 전원 시 반드시 사전 문의 바랍니다.,20260930003300,20261007235900,전남광주통합특별시 동구 필문대로 365 (서석동),A1500001,16,자동,차단,외과
2026-10-01 01:30:00,전남광주통합특별시,A1500001,조선대학교병원,응급,Y000,응급실,"혈액질환 수용 불가, 항암환자는 본원 f/u만 수용 가능, 환자 이송 및 전원 시 반드시 사전 문의 바랍니다.",20260930003200,20261007235900,전남광주통합특별시 동구 필문대로 365 (서석동),A1500001,17,자동,차단,혈액·종양내과
2026-10-01 01:30:00,전남광주통합특별시,A1500001,조선대학교병원,응급,Y000,응급실,병원별 순환당직일 확인 후 이송 및 전원 바랍니다.,20260930003200,20261007235900,전남광주통합특별시 동구 필문대로 365 (서석동),A1500001,18,자동,차단,소화기내과
2026-10-01 01:30:00,전남광주통합특별시,A1500001,조선대학교병원,응급,Y000,응급실,PTBD 가능 시간: 평일 8시 ~ 17시,20260930003200,20261007235900,전남광주통합특별시 동구 필문대로 365 (서석동),A1500001,19,자동,차단,외과
2026-10-01 01:30:00,전남광주통합특별시,A1500001,조선대학교병원,응급,Y000,응급실,"[응급기관지내시경], [기관지동맥색전술] 환자 이송 및 전원 시 반드시 사전 문의 바랍니다.",20260930003200,20261007235900,전남광주통합특별시 동구 필문대로 365 (서석동),A1500001,20,자동,차단,호흡기내과
2026-10-01 01:30:00,전남광주통합특별시,A1500001,조선대학교병원,응급,Y000,응급실,"[내과] 23시 이후 진료 불가, 환자 이송 및 전원 시 반드시 사전 문의 바랍니다.",20260930002900,20261007235900,전남광주통합특별시 동구 필문대로 365 (서석동),A1500001,21,자동,차단,기타 진료과
2026-10-01 01:30:00,전남광주통합특별시,A1500002,전남대학교병원,응급,Y000,응급실,"(19:00-07:00) 해당과 사정으로 다음 환자의 진료제공이 제한됨. (안면부 열상, 수부 상지의 tendon, nerve 등의 구조물 손상이 있는 환자)",20260927000000,20261003235900,전남광주통합특별시 동구 제봉로 42 (학동),A1500002,22,자동,차단,성형외과
2026-10-01 01:30:00,전남광주통합특별시,A1500002,전남대학교병원,응급,Y000,응급실,"(22:00-08:00) 비출혈. 이물, 어지럼증 등 단순 처치가 필요한 응급환자에 대해 즉각적인 진료 제공이 어려울 수 있으며, 진료 지연이 발생할 수 있음.",20260927000000,20261003235900,전남광주통합특별시 동구 제봉로 42 (학동),A1500002,23,자동,차단,이비인후과
2026-10-01 01:30:00,전남광주통합특별시,A1500002,전남대학교병원,응급,Y000,응급실,"월,수,금 야간진료(18:00~08:00) 의료진 부재로 진료 및 인터벤션 불가",20260927000000,20261003235900,전남광주통합특별시 동구 제봉로 42 (학동),A1500002,24,자동,차단,영상의학과
2026-10-01 01:30:00,전남광주통합특별시,A1500002,전남대학교병원,응급,Y000,응급실,"월,수,금 야간진료(18:00~08:00) 의료진 부재로 진료불가",20260927000000,20261003235900,전남광주통합특별시 동구 제봉로 42 (학동),A1500002,25,자동,차단,비뇨의학과
2026-10-01 01:30:00,전남광주통합특별시,A1500006,신가병원,응급,Y000,응급실,9월 28일부터 10월5일까지 일반외과 휴진,20260928072100,20261005235900,전남광주통합특별시 광산구 목련로 316 (신가동),A1500006,26,자동,차단,외과
2026-10-01 01:30:00,전남광주통합특별시,A1500021,광주기독병원,중증,Y0020,뇌경색의 재관류중재술,중환자실 자리없음.,20260930225000,20261001080000,전남광주통합특별시 남구 양림로 37 (양림동),A1500021,27,자동,차단,
2026-10-01 01:30:00,전남광주통합특별시,A1500021,광주기독병원,중증,Y0010,심근경색의 재관류중재술,중환자실 자리없음.,20260930225000,20261001080000,전남광주통합특별시 남구 양림로 37 (양림동),A1500021,28,자동,차단,
2026-10-01 01:30:00,전남광주통합특별시,A1500021,광주기독병원,중증,Y0031,뇌출혈수술(거미막하 출혈),중환자실 자리없음.,20260930225000,20261001080000,전남광주통합특별시 남구 양림로 37 (양림동),A1500021,29,자동,차단,
2026-10-01 01:30:00,전남광주통합특별시,A1500021,광주기독병원,중증,Y0032,뇌출혈수술(거미막하 출혈 외),중환자실 자리없음.,20260930225000,20261001080000,전남광주통합특별시 남구 양림로 37 (양림동),A1500021,30,자동,차단,
2026-10-01 01:30:00,전남광주통합특별시,A2600019,성가롤로병원,응급,Y000,응급실,응급실 전산장애(17:30) 발생 후 복구 길어져 수용 어려움,20260930230500,20261001070000,전남광주통합특별시 순천시 순광로 221 (조례동),A2600019,31,자동,차단,응급실
2026-10-01 01:30:00,전남광주통합특별시,A2600020,목포기독병원,중증,Y0082,위장관 응급내시경(영유아),"만12세이상, 40KG이상",20260929120000,20261006160000,전남광주통합특별시 목포시 백년대로 303 (상동),A2600020,32,자동,차단,내과
2026-10-01 01:30:00,전남광주통합특별시,A2600020,목포기독병원,중증,Y0142,응급투석(CRRT),"야간, 주말, 공휴일",20260929120000,20261006160000,전남광주통합특별시 목포시 백년대로 303 (상동),A2600020,33,자동,차단,내과
2026-10-01 01:30:00,전남광주통합특별시,A2600020,목포기독병원,중증,Y0141,응급투석(HD),"야간, 주말, 공휴일",20260929120000,20261006160000,전남광주통합특별시 목포시 백년대로 303 (상동),A2600020,34,자동,차단,내과
2026-10-01 01:30:00,전남광주통합특별시,A2600020,목포기독병원,중증,Y0081,위장관 응급내시경(성인),"야간, 주말, 공휴일",20260929120000,20261006160000,전남광주통합특별시 목포시 백년대로 303 (상동),A2600020,35,자동,차단,내과
2026-10-01 01:30:00,전남광주통합특별시,A2600020,목포기독병원,중증,Y0081,위장관 응급내시경(성인),야간 휴일 공휴일,20260929000000,20261006000000,전남광주통합특별시 목포시 백년대로 303 (상동),A2600020,36,자동,차단,내과
2026-10-01 01:30:00,전남광주통합특별시,A2600020,목포기독병원,중증,Y0142,응급투석(CRRT),야간 휴일 공휴일,20260929000000,20261006000000,전남광주통합특별시 목포시 백년대로 303 (상동),A2600020,37,자동,차단,내과
2026-10-01 01:30:00,전남광주통합특별시,A2600020,목포기독병원,중증,Y0141,응급투석(HD),신환불가,20260929000000,20261006000000,전남광주통합특별시 목포시 백년대로 303 (상동),A2600020,38,자동,차단,내과
2026-10-01 01:30:00,전남광주통합특별시,A2600056,전라남도순천의료원,중증,Y0051,담낭담관질환(담낭질환),불가능메세지등록,20260930000000,20261007235900,전남광주통합특별시 순천시 서문성터길 2   (매곡동),A2600056,39,자동,차단,외과
2026-10-01 01:30:00,전남광주통합특별시,A2600056,전라남도순천의료원,중증,Y0060,복부응급수술(비외상),불가능메세지등록,20260930000000,20261007235900,전남광주통합특별시 순천시 서문성터길 2   (매곡동),A2600056,40,자동,차단,외과
2026-10-01 01:30:00,강원특별자치도,A2200008,강릉아산병원,응급,Y000,응급실,"금요일, 일요일 산부인과 진료 불가",20260928201200,20261001200000,강원특별자치도 강릉시 사천면 방동길 38,A2200008,1,자동,차단,산부인과
2026-10-01 01:30:00,강원특별자치도,A2200008,강릉아산병원,응급,Y000,응급실,"소아 야간진료 불가(화요일, 수요일 제외)",20260924200000,20261001200000,강원특별자치도 강릉시 사천면 방동길 38,A2200008,2,자동,차단,소아청소년과
2026-10-01 01:30:00,강원특별자치도,A2200012,강원특별자치도속초의료원,중증,Y0111,산부인과 응급(분만),불가능메세지등록,20260930173000,20261001083000,강원특별자치도 속초시 영랑호반길 3 (영랑동),A2200012,3,자동,차단,
2026-10-01 01:30:00,강원특별자치도,A2200012,강원특별자치도속초의료원,중증,Y0113,산부인과 응급(부인과수술),불가능메세지등록,20260930173000,20261001083000,강원특별자치도 속초시 영랑호반길 3 (영랑동),A2200012,4,자동,차단,
2026-10-01 01:30:00,강원특별자치도,A2200012,강원특별자치도속초의료원,중증,Y0112,산부인과 응급(산과수술),불가능메세지등록,20260930173000,20261001083000,강원특별자치도 속초시 영랑호반길 3 (영랑동),A2200012,5,자동,차단,
2026-10-01 01:30:00,충청북도,A2300001,충북대학교병원,응급,Y000,응급실,불가능메세지등록,20260930090000,20261001085900,"충청북도 청주시 서원구 1순환로 776-0 (개신동,충북대학교병원)",A2300001,1,자동,차단,외상외과
2026-10-01 01:30:00,충청남도,A2400002,단국대학교의과대학부속병원,중증,Y0100,저출생체중아,소아과 인력부족으로 환자 수용 불가능,20261001000000,20261001080000,"충청남도 천안시 동남구 망향로 201 (안서동, 단국대학교의과대학부속병원)",A2400002,1,자동,차단,
2026-10-01 01:30:00,충청남도,A2400002,단국대학교의과대학부속병원,중증,Y0070,장중첩/폐색(유아),소아과 인력부족으로 환자 수용 불가능,20261001000000,20261001080000,"충청남도 천안시 동남구 망향로 201 (안서동, 단국대학교의과대학부속병원)",A2400002,2,자동,차단,
2026-10-01 01:30:00,충청남도,A2400002,단국대학교의과대학부속병원,중증,Y0082,위장관 응급내시경(영유아),소아과 인력부족으로 환자 수용 불가능,20260930230100,20261001080000,"충청남도 천안시 동남구 망향로 201 (안서동, 단국대학교의과대학부속병원)",A2400002,3,자동,차단,
2026-10-01 01:30:00,충청남도,A2400002,단국대학교의과대학부속병원,응급,Y000,응급실,비뇨기과 의료진 부족으로 환자 수용 불가능,20260928230100,20261005230000,"충청남도 천안시 동남구 망향로 201 (안서동, 단국대학교의과대학부속병원)",A2400002,4,자동,차단,비뇨의학과
2026-10-01 01:30:00,충청남도,A2400002,단국대학교의과대학부속병원,응급,Y000,응급실,소아신경 의료진 부재로 경련 질환 환아의 입원치료 불가합니다.,20260928230100,20261005230000,"충청남도 천안시 동남구 망향로 201 (안서동, 단국대학교의과대학부속병원)",A2400002,5,자동,차단,소아청소년과
2026-10-01 01:30:00,충청남도,A2400002,단국대학교의과대학부속병원,응급,Y000,응급실,경증환자 및 봉합 필요한 환자 수용 어렵습니다. 환자 이송시 수용여부 확인 바랍니다.,20260928230100,20261005230000,"충청남도 천안시 동남구 망향로 201 (안서동, 단국대학교의과대학부속병원)",A2400002,6,자동,차단,응급실
2026-10-01 01:30:00,충청남도,A2400002,단국대학교의과대학부속병원,응급,Y000,응급실,중환자실 입원이 필요한 소아 및 post CPR 케어 환아 입원 치료는 불가합니다,20260928230100,20261005230000,"충청남도 천안시 동남구 망향로 201 (안서동, 단국대학교의과대학부속병원)",A2400002,7,자동,차단,소아청소년과
2026-10-01 01:30:00,충청남도,A2400002,단국대학교의과대학부속병원,응급,Y000,응급실,응급실 인력 부족으로 탄력적 병상 운영합니다. 진료 지연 있습니다,20260928230100,20261005230000,"충청남도 천안시 동남구 망향로 201 (안서동, 단국대학교의과대학부속병원)",A2400002,8,자동,차단,응급실
2026-10-01 01:30:00,충청남도,A2400002,단국대학교의과대학부속병원,응급,Y000,응급실,호흡기 분과 교수의 부재로 급성 호흡곤란 증후군의 환자 입원 치료는 불가합니다.,20260928230100,20261005230000,"충청남도 천안시 동남구 망향로 201 (안서동, 단국대학교의과대학부속병원)",A2400002,9,자동,차단,소아청소년과
2026-10-01 01:30:00,전북특별자치도,A2500001,원광대학교병원,응급,Y000,응급실,성형외과 진료 원활하지 않습니다. 반드시 연락주세요.,20260927000000,20261004000000,"전북특별자치도 익산시 무왕로 895 (신동,(신동))",A2500001,1,자동,차단,성형외과
2026-10-01 01:30:00,전북특별자치도,A2500001,원광대학교병원,응급,Y000,응급실,병원 사정상 전원 시 반드시 연락 바랍니다.,20260927000000,20261004000000,"전북특별자치도 익산시 무왕로 895 (신동,(신동))",A2500001,2,자동,차단,응급실
2026-10-01 01:30:00,전북특별자치도,A2500001,원광대학교병원,응급,Y000,응급실,정형외과 진료 원활하지 않습니다. 반드시 연락주세요.,20260927000000,20261004000000,"전북특별자치도 익산시 무왕로 895 (신동,(신동))",A2500001,3,자동,차단,정형외과
2026-10-01 01:30:00,전북특별자치도,A2500001,원광대학교병원,응급,Y000,응급실,본원 소화기내과 인력부족으로 22:00~08:00에는 응급내시경 불가합니다.,20260927000000,20261004000000,"전북특별자치도 익산시 무왕로 895 (신동,(신동))",A2500001,4,자동,차단,소화기내과
2026-10-01 01:30:00,전북특별자치도,A2500001,원광대학교병원,응급,Y000,응급실,매주 토요일 소화기내과 진료 원활하지 않습니다. 반드시 연락주세요.,20260927000000,20261004000000,"전북특별자치도 익산시 무왕로 895 (신동,(신동))",A2500001,5,자동,차단,소화기내과
2026-10-01 01:30:00,전북특별자치도,A2500001,원광대학교병원,응급,Y000,응급실,마취통증의학과 인력부족으로 인해 18시 이후로 응급수술 불가능 합니다.,20260927000000,20261004000000,"전북특별자치도 익산시 무왕로 895 (신동,(신동))",A2500001,6,자동,차단,마취통증의학과
2026-10-01 01:30:00,전북특별자치도,A2500001,원광대학교병원,응급,Y000,응급실,호흡기내과 진료 원활하지 않습니다. 반드시 연락주세요.,20260927000000,20261004000000,"전북특별자치도 익산시 무왕로 895 (신동,(신동))",A2500001,7,자동,차단,호흡기내과
2026-10-01 01:30:00,전북특별자치도,A2500001,원광대학교병원,응급,Y000,응급실,비뇨기과 야간 진료 원활하지 않습니다. 반드시 연락주세요.,20260927000000,20261004000000,"전북특별자치도 익산시 무왕로 895 (신동,(신동))",A2500001,8,자동,차단,비뇨의학과
2026-10-01 01:30:00,전북특별자치도,A2500001,원광대학교병원,응급,Y000,응급실,소화기내과 매주 금요일 12:00부터 월요일 08:59까지 소화기내과 응급내시경 불가합니다.,20260927000000,20261004000000,"전북특별자치도 익산시 무왕로 895 (신동,(신동))",A2500001,9,자동,차단,소화기내과
2026-10-01 01:30:00,전북특별자치도,A2500001,원광대학교병원,응급,Y000,응급실,야간 소아 진료 원활하지 않습니다. 반드시 연락주세요,20260927000000,20261004000000,"전북특별자치도 익산시 무왕로 895 (신동,(신동))",A2500001,10,자동,차단,소아청소년과
2026-10-01 01:30:00,전북특별자치도,A2500001,원광대학교병원,응급,Y000,응급실,이비인후과 야간 진료 원활하지 않습니다. 반드시 연락주세요.,20260927000000,20261004000000,"전북특별자치도 익산시 무왕로 895 (신동,(신동))",A2500001,11,자동,차단,이비인후과
2026-10-01 01:30:00,전북특별자치도,A2500001,원광대학교병원,중증,Y0132,수족지접합 외,수족지접합 외 진료 불가능합니다.,20260927000000,20261004000000,"전북특별자치도 익산시 무왕로 895 (신동,(신동))",A2500001,12,자동,차단,
2026-10-01 01:30:00,전북특별자치도,A2500001,원광대학교병원,중증,Y0131,수족지접합,수족지접합  진료 불가능합니다.,20260927000000,20261004000000,"전북특별자치도 익산시 무왕로 895 (신동,(신동))",A2500001,13,자동,차단,
2026-10-01 01:30:00,전북특별자치도,A2500002,전북대학교병원,응급,Y000,응급실,"혈관외과 진료인력 부재로 혈관외과 진료, 전원, 협진 불가",20260930235800,20261006070000,전북특별자치도 전주시 덕진구 건지로 20 (금암동),A2500002,14,자동,차단,외과
2026-10-01 01:30:00,전북특별자치도,A2500002,전북대학교병원,응급,Y000,응급실,매주 수요일 19:00-익일 7:00 전공의 부재로 외부 전원 수용 불가 및 응급실 진료 지연,20260930190000,20261001070000,전북특별자치도 전주시 덕진구 건지로 20 (금암동),A2500002,15,자동,차단,신경외과
2026-10-01 01:30:00,전북특별자치도,A2500002,전북대학교병원,응급,Y000,응급실,전라북도외 전원문의및 타병원 항암환자 진료제한,20260928063000,20261005000000,전북특별자치도 전주시 덕진구 건지로 20 (금암동),A2500002,16,자동,차단,소화기내과
2026-10-01 01:30:00,전북특별자치도,A2500002,전북대학교병원,응급,Y000,응급실,소아 신경 전문의 부재로 인해 소아 신경 응급 환자 진료 불가,20260928015000,20261005000000,전북특별자치도 전주시 덕진구 건지로 20 (금암동),A2500002,17,자동,차단,소아청소년과
2026-10-01 01:30:00,전북특별자치도,A2500002,전북대학교병원,응급,Y000,응급실,전라북도 외 두경부 응급수술 및 전원불가,20260928015000,20261005000000,전북특별자치도 전주시 덕진구 건지로 20 (금암동),A2500002,18,자동,차단,이비인후과
2026-10-01 01:30:00,전북특별자치도,A2500002,전북대학교병원,응급,Y000,응급실,"주말 및 공휴일 응급환자 진료 불가,평일 (9:00 - 17:30) 진료 가능",20260927231200,20261004000000,전북특별자치도 전주시 덕진구 건지로 20 (금암동),A2500002,19,자동,차단,비뇨의학과
2026-10-01 01:30:00,전북특별자치도,A2500004,전북특별자치도남원의료원,응급,Y000,응급실,당직콜 불가능합니다. 내원 전 유선확인 부탁드립니다.,20260930173100,20261001082900,전북특별자치도 남원시 충정로 365 (고죽동),A2500004,20,자동,차단,신경외과
2026-10-01 01:30:00,전북특별자치도,A2500004,전북특별자치도남원의료원,응급,Y000,응급실,당직콜 불가능합니다. 내원 전 유선확인 부탁드립니다.,20260930173100,20261001082900,전북특별자치도 남원시 충정로 365 (고죽동),A2500004,21,자동,차단,흉부외과
2026-10-01 01:30:00,전북특별자치도,A2500006,재단법인예수병원유지재단예수병원,응급,Y000,응급실,소화기내과 일부질환 진료 원활하지 않습니다. 전원시 반드시 연락바랍니다.,20260930220000,20261001060000,"전북특별자치도 전주시 완산구 서원로 365 (중화산동1가, 예수병원)",A2500006,22,자동,차단,소화기내과
2026-10-01 01:30:00,전북특별자치도,A2500006,재단법인예수병원유지재단예수병원,응급,Y000,응급실,호흡기내과 일부질환 진료 원활하지 않습니다. 전원시 반드시 연락바랍니다.,20260930180000,20261001060000,"전북특별자치도 전주시 완산구 서원로 365 (중화산동1가, 예수병원)",A2500006,23,자동,차단,호흡기내과
2026-10-01 01:30:00,전북특별자치도,A2500006,재단법인예수병원유지재단예수병원,응급,Y000,응급실,"신경과,이비인후과,안과,피부과 주말 및 야간 진료 원활하지 않습니다. 전원시 반드시 연락바랍니다.",20260930180000,20261001060000,"전북특별자치도 전주시 완산구 서원로 365 (중화산동1가, 예수병원)",A2500006,24,자동,차단,기타 진료과
2026-10-01 01:30:00,전북특별자치도,A2500006,재단법인예수병원유지재단예수병원,응급,Y000,응급실,신경외과 일부질환 진료 원활하지 않습니다. 전원시 반드시 연락바랍니다.,20260930080000,20261001080000,"전북특별자치도 전주시 완산구 서원로 365 (중화산동1가, 예수병원)",A2500006,25,자동,차단,신경외과
2026-10-01 01:30:00,전북특별자치도,A2500007,전북특별자치도군산의료원,중증,Y0100,저출생체중아,2.5kg이하 저체중 출생아 수용 불가능,20260928000000,20261004235900,"전북특별자치도 군산시 의료원로 27 (지곡동,(지곡동, 군산의료원))",A2500007,26,자동,차단,
2026-10-01 01:30:00,전북특별자치도,A2500012,의료법인오성의료재단동군산병원,중증,Y0171,영상의학혈관중재(성인),담당의 부재,20260928083000,20261001083000,전북특별자치도 군산시 조촌로 149 (조촌동),A2500012,27,자동,차단,
2026-10-01 01:30:00,경상북도,A2700002,포항세명기독병원,응급,Y000,응급실,중증화상환자 전원의뢰시 사전문의 부탁드립니다. (20~30% 가능),20260929000000,20261006235900,경상북도 포항시 남구 포스코대로 351 (대도동),A2700002,1,자동,차단,성형외과
2026-10-01 01:30:00,경상북도,A2700002,포항세명기독병원,응급,Y000,응급실,ERCP 평일 일과시간(09:00~17:30) 가능합니다. 전원 의뢰시 사전문의 부탁드립니다.,20260929000000,20261006235900,경상북도 포항시 남구 포스코대로 351 (대도동),A2700002,2,자동,차단,외과
2026-10-01 01:30:00,경상북도,A2700002,포항세명기독병원,응급,Y000,응급실,"대동맥 응급질환 (TEVAR, EVAR) 가능합니다. 전원 의뢰시 사전문의 부탁드립니다.",20260929000000,20261006235900,경상북도 포항시 남구 포스코대로 351 (대도동),A2700002,3,자동,차단,흉부외과
2026-10-01 01:30:00,경상북도,A2700002,포항세명기독병원,응급,Y000,응급실,안과 전문의 부재로 안과 진료 불가합니다,20260929000000,20261006235900,경상북도 포항시 남구 포스코대로 351 (대도동),A2700002,4,자동,차단,안과
2026-10-01 01:30:00,경상북도,A2700002,포항세명기독병원,응급,Y000,응급실,영유아 장중첩/장폐색 12개월 이상만 수술 가능합니다. 전원 의뢰시 사전문의 부탁드립니다.,20260929000000,20261006235900,경상북도 포항시 남구 포스코대로 351 (대도동),A2700002,5,자동,차단,외과
2026-10-01 01:30:00,경상북도,A2700002,포항세명기독병원,응급,Y000,응급실,"PS진료 화요일, 목요일, 금요일(오전) 진료만 가능합니다.",20260929000000,20261006235900,경상북도 포항시 남구 포스코대로 351 (대도동),A2700002,6,자동,차단,성형외과
2026-10-01 01:30:00,경상북도,A2700006,의료법인동춘의료재단문경제일병원,응급,Y000,응급실,정신과 응급 입원시 사전에 전화 문의 부탁 드립니다.,20260930163700,20261007210000,경상북도 문경시 당교3길 25 (모전동),A2700006,7,자동,차단,정신건강의학과
2026-10-01 01:30:00,경상북도,A2700007,차의과학대학교부속구미차병원,응급,Y000,응급실,"①본원 F/U 산모 중 34주 이상, 34주 이상 twin만 가능",20260930150000,20261007150000,경상북도 구미시 신시로10길 12 (형곡동),A2700007,8,자동,차단,산부인과
2026-10-01 01:30:00,경상북도,A2700007,차의과학대학교부속구미차병원,응급,Y000,응급실,"⑥중독환자 내원 시 반드시 사전 연락 후 결정!,",20260930150000,20261007150000,경상북도 구미시 신시로10길 12 (형곡동),A2700007,9,자동,차단,정신건강의학과
2026-10-01 01:30:00,경상북도,A2700007,차의과학대학교부속구미차병원,응급,Y000,응급실,③기관지내시경 연락 후 수용결정,20260930150000,20261007150000,경상북도 구미시 신시로10길 12 (형곡동),A2700007,10,자동,차단,호흡기내과
2026-10-01 01:30:00,경상북도,A2700007,차의과학대학교부속구미차병원,응급,Y000,응급실,⑧CAG 필요시 사전 연락!,20260930150000,20261007150000,경상북도 구미시 신시로10길 12 (형곡동),A2700007,11,자동,차단,순환기내과
2026-10-01 01:30:00,경상북도,A2700007,차의과학대학교부속구미차병원,응급,Y000,응급실,⑤영상의학 혈관중재(성인) 연락 후 수용결정,20260930150000,20261007150000,경상북도 구미시 신시로10길 12 (형곡동),A2700007,12,자동,차단,영상의학과
2026-10-01 01:30:00,경상북도,A2700007,차의과학대학교부속구미차병원,응급,Y000,응급실,②ICU내 격리실에서 CRRT가용은 불가능함.,20260930150000,20261007150000,경상북도 구미시 신시로10길 12 (형곡동),A2700007,13,자동,차단,신장내과
2026-10-01 01:30:00,경상북도,A2700007,차의과학대학교부속구미차병원,응급,Y000,응급실,"④응급내시경 연락 후 수용 결정,",20260930150000,20261007150000,경상북도 구미시 신시로10길 12 (형곡동),A2700007,14,자동,차단,소화기내과
2026-10-01 01:30:00,경상북도,A2700007,차의과학대학교부속구미차병원,응급,Y000,응급실,"⑦안과 외래있는날만 가능 (월, 토-오전 가능, 화,수,금-오전&오후 가능, )",20260930150000,20261007150000,경상북도 구미시 신시로10길 12 (형곡동),A2700007,15,자동,차단,안과
2026-10-01 01:30:00,경상북도,A2700011,상주적십자병원,중증,Y0051,담낭담관질환(담낭질환),불가능메세지등록,20260930030000,20261005000000,경상북도 상주시 상서문로 53 (남성동),A2700011,16,자동,차단,외과
2026-10-01 01:30:00,경상북도,A2700011,상주적십자병원,중증,Y0060,복부응급수술(비외상),불가능메세지등록,20260930030000,20261005000000,경상북도 상주시 상서문로 53 (남성동),A2700011,17,자동,차단,외과
2026-10-01 01:30:00,경상북도,A2700013,순천향대학교부속구미병원,응급,Y000,응급실,불가능메세지등록,20260928090000,20261005090000,"경상북도 구미시 1공단로 179 (공단동, (공단동))",A2700013,18,자동,차단,호흡기내과
2026-10-01 01:30:00,경상북도,A2700013,순천향대학교부속구미병원,응급,Y000,응급실,불가능메세지등록,20260928090000,20261005090000,"경상북도 구미시 1공단로 179 (공단동, (공단동))",A2700013,19,자동,차단,정형외과
2026-10-01 01:30:00,경상북도,A2700013,순천향대학교부속구미병원,응급,Y000,응급실,불가능메세지등록,20260928090000,20261005090000,"경상북도 구미시 1공단로 179 (공단동, (공단동))",A2700013,20,자동,차단,산부인과
2026-10-01 01:30:00,경상북도,A2700014,의료법인안동병원,중증,Y0091,기관지 응급내시경(성인),주간(외래시간) 가능합니다.,20260930170000,20261001083000,경상북도 안동시 앙실로 11 (수상동),A2700014,21,자동,차단,
2026-10-01 01:30:00,경상북도,A2700014,의료법인안동병원,중증,Y0081,위장관 응급내시경(성인),주간(외래시간) 가능합니다.,20260930170000,20261001083000,경상북도 안동시 앙실로 11 (수상동),A2700014,22,자동,차단,내과
2026-10-01 01:30:00,경상북도,A2700014,의료법인안동병원,중증,Y0160,안과적 응급 수술,주간(외래시간) 가능합니다.,20260930170000,20261001083000,경상북도 안동시 앙실로 11 (수상동),A2700014,23,자동,차단,
2026-10-01 01:30:00,경상북도,A2700014,의료법인안동병원,중증,Y0041,대동맥응급(흉부),담당의 부재로 수용 불가합니다.,20260929090000,20261001090000,경상북도 안동시 앙실로 11 (수상동),A2700014,24,자동,차단,심장혈관흉부외과
2026-10-01 01:30:00,경상북도,A2700014,의료법인안동병원,중증,Y0042,대동맥응급(복부),담당의 부재로 수용 불가합니다.,20260929090000,20261001090000,경상북도 안동시 앙실로 11 (수상동),A2700014,25,자동,차단,심장혈관흉부외과
2026-10-01 01:30:00,경상북도,A2700014,의료법인안동병원,응급,Y000,응급실,"저출생체중아 35주, 2000g 이상 가능합니다.",20260929083000,20261006130000,경상북도 안동시 앙실로 11 (수상동),A2700014,26,자동,차단,소아청소년과
2026-10-01 01:30:00,경상북도,A2700014,의료법인안동병원,응급,Y000,응급실,고압산소치료 환자 전원 의뢰시 사전 연락바랍니다.(의식상태 확인 필요),20260929083000,20261006130000,경상북도 안동시 앙실로 11 (수상동),A2700014,27,자동,차단,호흡기내과
2026-10-01 01:30:00,경상북도,A2700014,의료법인안동병원,응급,Y000,응급실,산부인과 응급(분만) 35주 미만 불가합니다.,20260929083000,20261006130000,경상북도 안동시 앙실로 11 (수상동),A2700014,28,자동,차단,산부인과
2026-10-01 01:30:00,경상북도,A2700014,의료법인안동병원,응급,Y000,응급실,★★앤지오시술 필요 시 응급실 사전 연락바랍니다.★★,20260929083000,20261006130000,경상북도 안동시 앙실로 11 (수상동),A2700014,29,자동,차단,영상의학과
2026-10-01 01:30:00,경상북도,A2700014,의료법인안동병원,응급,Y000,응급실,정신과 응급입원 여환만 입원 가능합니다. 사전 연락바랍니다.,20260929083000,20261006130000,경상북도 안동시 앙실로 11 (수상동),A2700014,30,자동,차단,정신건강의학과
2026-10-01 01:30:00,경상북도,A2700014,의료법인안동병원,응급,Y000,응급실,영유아 장중첩/장폐색 정복술(만3개월 6세이하)만 가능합니다.,20260929083000,20261006130000,경상북도 안동시 앙실로 11 (수상동),A2700014,31,자동,차단,영상의학과
2026-10-01 01:30:00,경상북도,A2700014,의료법인안동병원,응급,Y000,응급실,영상의학 혈관중재(영유아) 만4세 20kg 이상가능합니다.,20260929083000,20261006130000,경상북도 안동시 앙실로 11 (수상동),A2700014,32,자동,차단,영상의학과
2026-10-01 01:30:00,경상북도,A2700014,의료법인안동병원,응급,Y000,응급실,"대동맥응급(흉부, 복부) 수술 사전 꼭 연락바랍니다.",20260929083000,20261006130000,경상북도 안동시 앙실로 11 (수상동),A2700014,33,자동,차단,흉부외과
2026-10-01 01:30:00,경상북도,A2700014,의료법인안동병원,응급,Y000,응급실,"안과적 응급수술 각막열상봉합술,결막열상봉합술,공막열상봉합술,각결막이물제거술만 가능합니다.",20260929083000,20261006130000,경상북도 안동시 앙실로 11 (수상동),A2700014,34,자동,차단,안과
2026-10-01 01:30:00,경상북도,A2700014,의료법인안동병원,응급,Y000,응급실,"★★응급실 내 격리병상 부족으로 폐렴,FEVER,호흡기 증상 환자는 이송 전 문의 바랍니다.★★",20260929083000,20261006130000,경상북도 안동시 앙실로 11 (수상동),A2700014,35,자동,차단,응급실
2026-10-01 01:30:00,경상북도,A2700016,포항성모병원,응급,Y000,응급실,안과적 질환 평일 (09:00-17:00) 진료 가능합니다. (휴일불가능),20260928110200,20261005180000,경상북도 포항시 남구 대잠동길 17 (대잠동),A2700016,36,자동,차단,안과
2026-10-01 01:30:00,경상북도,A2700016,포항성모병원,응급,Y000,응급실,성인 기관지 응급 내시경 평일 (09:00-17:00) 진료 가능합니다. (휴일불가능),20260928110200,20261005180000,경상북도 포항시 남구 대잠동길 17 (대잠동),A2700016,37,자동,차단,호흡기내과
2026-10-01 01:30:00,경상북도,A2700016,포항성모병원,응급,Y000,응급실,영유아 위장관 응급내시경 만7세부터 가능 합니다.,20260928110200,20261005180000,경상북도 포항시 남구 대잠동길 17 (대잠동),A2700016,38,자동,차단,소아청소년과
2026-10-01 01:30:00,경상북도,A2700016,포항성모병원,응급,Y000,응급실,산부인과 응급(분만) 35주이상 또는 2.5kg 이상이면 가능합니다. 본원 f/u 환자 아니면 수용문의부탁드립니다.,20260928110200,20261005180000,경상북도 포항시 남구 대잠동길 17 (대잠동),A2700016,39,자동,차단,산부인과
2026-10-01 01:30:00,경상북도,A2700016,포항성모병원,응급,Y000,응급실,금요일 12시~토요일 12시까지 진료 및 입원 불가합니다.,20260928110200,20261005180000,경상북도 포항시 남구 대잠동길 17 (대잠동),A2700016,40,자동,차단,감염내과
2026-10-01 01:30:00,경상북도,A2700016,포항성모병원,응급,Y000,응급실,토요일 오후13시 ~ 월요일 오전8시( 공휴일 포함) 영상의학과 당직 부재로 소아장충첩증 수용불가능 합니다.(공기정복술 시술 불가),20260928110200,20261005180000,경상북도 포항시 남구 대잠동길 17 (대잠동),A2700016,41,자동,차단,영상의학과
2026-10-01 01:30:00,경상북도,A2700016,포항성모병원,응급,Y000,응급실,고압산소 중증환자(기관삽관) 수용불가합니다.,20260928110200,20261005180000,경상북도 포항시 남구 대잠동길 17 (대잠동),A2700016,42,자동,차단,기타 진료과
2026-10-01 01:30:00,경상북도,A2700016,포항성모병원,응급,Y000,응급실,"흉부외과 매주 수,토요일 진료 불가합니다.",20260928110200,20261005180000,경상북도 포항시 남구 대잠동길 17 (대잠동),A2700016,43,자동,차단,흉부외과
2026-10-01 01:30:00,경상북도,A2700016,포항성모병원,응급,Y000,응급실,"해당날짜< 9/29, 10/2-4> 뇌경색 외 신경과 진료 불가능 합니다.",20260928110200,20261005180000,경상북도 포항시 남구 대잠동길 17 (대잠동),A2700016,44,자동,차단,신경과
2026-10-01 01:30:00,경상남도,A2800001,경상국립대학교병원,중증,Y0132,수족지접합 외,수술불가,20260927090000,20261004090000,경상남도 진주시 강남로 79 (칠암동),A2800001,1,자동,차단,
2026-10-01 01:30:00,경상남도,A2800001,경상국립대학교병원,응급,Y000,응급실,shoulder part 진료불가,20260927090000,20261004090000,경상남도 진주시 강남로 79 (칠암동),A2800001,2,자동,차단,정형외과
2026-10-01 01:30:00,경상남도,A2800001,경상국립대학교병원,응급,Y000,응급실,8세 미만 DI 환자 수용불가,20260927090000,20261004090000,경상남도 진주시 강남로 79 (칠암동),A2800001,3,자동,차단,소아청소년과
2026-10-01 01:30:00,경상남도,A2800001,경상국립대학교병원,응급,Y000,응급실,의료진 부족으로 수용불가,20260927090000,20261004090000,경상남도 진주시 강남로 79 (칠암동),A2800001,4,자동,차단,피부과
2026-10-01 01:30:00,경상남도,A2800001,경상국립대학교병원,응급,Y000,응급실,소아 urticaria 수용불가,20260927090000,20261004090000,경상남도 진주시 강남로 79 (칠암동),A2800001,5,자동,차단,소아청소년과
2026-10-01 01:30:00,경상남도,A2800001,경상국립대학교병원,응급,Y000,응급실,32주미만 산모수용불가,20260927090000,20261004090000,경상남도 진주시 강남로 79 (칠암동),A2800001,6,자동,차단,산부인과
2026-10-01 01:30:00,경상남도,A2800001,경상국립대학교병원,중증,Y0041,대동맥응급(흉부),수술 필요 시 수용불가,20260927090000,20261004090000,경상남도 진주시 강남로 79 (칠암동),A2800001,7,자동,차단,
2026-10-01 01:30:00,경상남도,A2800001,경상국립대학교병원,응급,Y000,응급실,"고관절 질환, 고관절인공관절 질환 환자 수용 불가",20260927090000,20261004090000,경상남도 진주시 강남로 79 (칠암동),A2800001,8,자동,차단,정형외과
2026-10-01 01:30:00,경상남도,A2800001,경상국립대학교병원,응급,Y000,응급실,"수부 질환, 소아정형환자 수용불가",20260927090000,20261004090000,경상남도 진주시 강남로 79 (칠암동),A2800001,9,자동,차단,정형외과
2026-10-01 01:30:00,경상남도,A2800001,경상국립대학교병원,중증,Y0131,수족지접합,수술불가,20260927090000,20261004090000,경상남도 진주시 강남로 79 (칠암동),A2800001,10,자동,차단,
2026-10-01 01:30:00,경상남도,A2800001,경상국립대학교병원,중증,Y0070,장중첩/폐색(유아),수용불가,20260927090000,20261004090000,경상남도 진주시 강남로 79 (칠암동),A2800001,11,자동,차단,
2026-10-01 01:30:00,경상남도,A2800001,경상국립대학교병원,중증,Y0042,대동맥응급(복부),수술 필요 시 수용불가,20260927090000,20261004090000,경상남도 진주시 강남로 79 (칠암동),A2800001,12,자동,차단,
2026-10-01 01:30:00,경상남도,A2800001,경상국립대학교병원,응급,Y000,응급실,중증외상(사지 절단) 수지 접합 불가능,20260927090000,20261004090000,경상남도 진주시 강남로 79 (칠암동),A2800001,13,자동,차단,정형외과
2026-10-01 01:30:00,경상남도,A2800004,창원파티마병원,응급,Y000,응급실,대동맥박리 진료 불가,20260928000000,20261005235900,경상남도 창원시 의창구 창이대로 45 (명서동),A2800004,14,자동,차단,흉부외과
2026-10-01 01:30:00,경상남도,A2800004,창원파티마병원,응급,Y000,응급실,사전에 수용여부 확인 바랍니다.,20260928000000,20261005235900,경상남도 창원시 의창구 창이대로 45 (명서동),A2800004,15,자동,차단,피부과
2026-10-01 01:30:00,경상남도,A2800004,창원파티마병원,응급,Y000,응급실,"심부열상, 개방성 골절 진료 불가",20260928000000,20261005235900,경상남도 창원시 의창구 창이대로 45 (명서동),A2800004,16,자동,차단,정형외과
2026-10-01 01:30:00,경상남도,A2800004,창원파티마병원,응급,Y000,응급실,"정신과 응급진료 불가 (약물중독, 자해, 입원이 필요한 경우)",20260928000000,20261005235900,경상남도 창원시 의창구 창이대로 45 (명서동),A2800004,17,자동,차단,정신건강의학과
2026-10-01 01:30:00,경상남도,A2800004,창원파티마병원,응급,Y000,응급실,사전에 수용여부 확인 바랍니다.,20260928000000,20261005235900,경상남도 창원시 의창구 창이대로 45 (명서동),A2800004,18,자동,차단,치과
2026-10-01 01:30:00,경상남도,A2800004,창원파티마병원,응급,Y000,응급실,사전에 수용여부 확인 바랍니다.,20260928000000,20261005235900,경상남도 창원시 의창구 창이대로 45 (명서동),A2800004,19,자동,차단,비뇨의학과
2026-10-01 01:30:00,경상남도,A2800004,창원파티마병원,응급,Y000,응급실,"[야간, 주말] 성형외과 전문의 진료 및 봉합 불가",20260928000000,20261005235900,경상남도 창원시 의창구 창이대로 45 (명서동),A2800004,20,자동,차단,성형외과
2026-10-01 01:30:00,경상남도,A2800004,창원파티마병원,응급,Y000,응급실,"소아과 전문 진료 가능(평일 17:00-22:00, 토요일 13:00-17:00, 일요일 10:00-17:00)",20260928000000,20261005235900,경상남도 창원시 의창구 창이대로 45 (명서동),A2800004,21,자동,차단,소아청소년과
2026-10-01 01:30:00,경상남도,A2800004,창원파티마병원,응급,Y000,응급실,성인 위내시경 가능 시간 ▶ 평일 09:00~17:00,20260928000000,20261005235900,경상남도 창원시 의창구 창이대로 45 (명서동),A2800004,22,자동,차단,소화기내과
2026-10-01 01:30:00,경상남도,A2800004,창원파티마병원,응급,Y000,응급실,"19세 미만 소아분과 진료 불가 (의식변화, 발열 없는 경련, 실신 등)",20260928000000,20261005235900,경상남도 창원시 의창구 창이대로 45 (명서동),A2800004,23,자동,차단,소아청소년과
2026-10-01 01:30:00,경상남도,A2800004,창원파티마병원,응급,Y000,응급실,혈액종양내과 진료 불가,20260928000000,20261005235900,경상남도 창원시 의창구 창이대로 45 (명서동),A2800004,24,자동,차단,혈액·종양내과
2026-10-01 01:30:00,경상남도,A2800004,창원파티마병원,응급,Y000,응급실,"[야간, 주말] 정형외과 전문의 진료 및 봉합 불가",20260928000000,20261005235900,경상남도 창원시 의창구 창이대로 45 (명서동),A2800004,25,자동,차단,정형외과
2026-10-01 01:30:00,경상남도,A2800004,창원파티마병원,응급,Y000,응급실,"~ 12/31까지 감염내과 진료 불가 (원인불명 열, 피부감염 등)",20260928000000,20261005235900,경상남도 창원시 의창구 창이대로 45 (명서동),A2800004,26,자동,차단,감염내과
2026-10-01 01:30:00,경상남도,A2800004,창원파티마병원,응급,Y000,응급실,일산화탄소 중독 환자 진료 불가,20260928000000,20261005235900,경상남도 창원시 의창구 창이대로 45 (명서동),A2800004,27,자동,차단,병상 또는 장비
2026-10-01 01:30:00,경상남도,A2800004,창원파티마병원,응급,Y000,응급실,사전에 수용여부 확인바랍니다.,20260928000000,20261005235900,경상남도 창원시 의창구 창이대로 45 (명서동),A2800004,28,자동,차단,이비인후과
2026-10-01 01:30:00,경상남도,A2800007,창원한마음병원,응급,Y000,응급실,[정형외과] 사지접합의 수술이 필요한 환자 내원 시 응급의료센터 확인 요망,20260928110000,20261005120000,경상남도 창원시 의창구 용동로57번길 8 (사림동),A2800007,29,자동,차단,응급실
2026-10-01 01:30:00,경상남도,A2800007,창원한마음병원,응급,Y000,응급실,[소아청소년과] 소아 이물질환자 진료불가,20260928110000,20261005120000,경상남도 창원시 의창구 용동로57번길 8 (사림동),A2800007,30,자동,차단,소아청소년과
2026-10-01 01:30:00,경상남도,A2800007,창원한마음병원,응급,Y000,응급실,[소아청소년과] seizure 포함 소아신경학적증상 있는 소아의 경우 소아신경과 부재로 진료불가,20260928110000,20261005120000,경상남도 창원시 의창구 용동로57번길 8 (사림동),A2800007,31,자동,차단,소아청소년과
2026-10-01 01:30:00,경상남도,A2800007,창원한마음병원,응급,Y000,응급실,[안과] 안과 질환 응급 환자 이송 시 응급의료센터 확인 요망,20260928110000,20261005120000,경상남도 창원시 의창구 용동로57번길 8 (사림동),A2800007,32,자동,차단,응급실
2026-10-01 01:30:00,경상남도,A2800007,창원한마음병원,응급,Y000,응급실,[소아청소년과] 3개월 미만 환아 소아전문의 부재로 진료불가,20260928110000,20261005120000,경상남도 창원시 의창구 용동로57번길 8 (사림동),A2800007,33,자동,차단,소아청소년과
2026-10-01 01:30:00,경상남도,A2800007,창원한마음병원,응급,Y000,응급실,"[소아청소년과] 소아 중증호흡기질환, 특히 소아 intubation이 필요한 중증환아의 경우 본원 소아 인공호흡기장비 부재로 진료불가",20260928110000,20261005120000,경상남도 창원시 의창구 용동로57번길 8 (사림동),A2800007,34,자동,차단,병상 또는 장비
2026-10-01 01:30:00,경상남도,A2800011,양산부산대학교병원,중증,Y0020,뇌경색의 재관류중재술,시술중. acute 수용 불가능.,20260930220400,20261001030000,경상남도 양산시 물금읍 금오로 20,A2800011,35,자동,차단,신경과
2026-10-01 01:30:00,경상남도,A2800011,양산부산대학교병원,중증,Y0160,안과적 응급 수술,망막 part 의료진 부재로 진료 및 수술 불가능.,20260930174500,20261007230000,경상남도 양산시 물금읍 금오로 20,A2800011,36,자동,차단,안과
2026-10-01 01:30:00,경상남도,A2800011,양산부산대학교병원,응급,Y000,응급실,소아응급실) 수 3PM~ 목 8AM까지 sono 불가,20260930150000,20261001080000,경상남도 양산시 물금읍 금오로 20,A2800011,37,자동,차단,소아청소년과
2026-10-01 01:30:00,경상남도,A2800011,양산부산대학교병원,응급,Y000,응급실,소아 정형외과) 진료 및 수술 불가능,20260928135500,20261004070000,경상남도 양산시 물금읍 금오로 20,A2800011,38,자동,차단,정형외과
2026-10-01 01:30:00,경상남도,A2800011,양산부산대학교병원,응급,Y000,응급실,"정규시간만 가능. (야간, 주말 및 공휴일 진료 불가)",20260925113900,20261002235800,경상남도 양산시 물금읍 금오로 20,A2800011,39,자동,차단,성형외과
2026-10-01 01:30:00,경상남도,A2800011,양산부산대학교병원,응급,Y000,응급실,족부 part 진료 불가.,20260925113900,20261002235800,경상남도 양산시 물금읍 금오로 20,A2800011,40,자동,차단,정형외과
2026-10-01 01:30:00,경상남도,A2800011,양산부산대학교병원,응급,Y000,응급실,응급실 진료 불가능. (외래만),20260925113800,20261002235800,경상남도 양산시 물금읍 금오로 20,A2800011,41,자동,차단,피부과
2026-10-01 01:30:00,경상남도,A2800011,양산부산대학교병원,응급,Y000,응급실,진료 및 수술 불가능.,20260925113700,20261002235800,경상남도 양산시 물금읍 금오로 20,A2800011,42,자동,차단,외과
2026-10-01 01:30:00,경상남도,A2800011,양산부산대학교병원,응급,Y000,응급실,응급실 진료 및 입원 불가능.,20260925113700,20261002235800,경상남도 양산시 물금읍 금오로 20,A2800011,43,자동,차단,감염내과
2026-10-01 01:30:00,경상남도,A2800011,양산부산대학교병원,중증,Y0100,저출생체중아,미숙아 망막검사 의사 부재로 30주 미만 미숙아 및 산모 전원 불가.,20260925095000,20261002235900,경상남도 양산시 물금읍 금오로 20,A2800011,44,자동,차단,소아청소년과
2026-10-01 01:30:00,경상남도,A2800011,양산부산대학교병원,중증,Y0052,담낭담관질환(담도포함질환),의료진 부재로 진료 불가능.,20260925095000,20261002235900,경상남도 양산시 물금읍 금오로 20,A2800011,45,자동,차단,내과
2026-10-01 01:30:00,경상남도,A2800011,양산부산대학교병원,중증,Y0051,담낭담관질환(담낭질환),의료진 부재로 진료 불가능.,20260925095000,20261002235900,경상남도 양산시 물금읍 금오로 20,A2800011,46,자동,차단,외과
2026-10-01 01:30:00,경상남도,A2800011,양산부산대학교병원,중증,Y0060,복부응급수술(비외상),의료진 부재로 진료 및 수술 불가능.,20260925095000,20261002235900,경상남도 양산시 물금읍 금오로 20,A2800011,47,자동,차단,외과
2026-10-01 01:30:00,경상남도,A2800014,의료법인갑을의료재단 갑을장유병원,응급,Y000,응급실,불가능메세지등록,20260930160000,20261001090000,경상남도 김해시 장유로 167-13 (부곡동),A2800014,48,자동,차단,병상 또는 장비
2026-10-01 01:30:00,경상남도,A2800017,의료법인합포의료재단에스엠지연세병원,중증,Y0142,응급투석(CRRT),전문의 해외 일정으로 인한 진료 불가,20260930000000,20261001235900,"경상남도 창원시 마산합포구 3·15대로 76 (월남동2가, 합포의료재단)",A2800017,49,자동,차단,내과
2026-10-01 01:30:00,경상남도,A2800017,의료법인합포의료재단에스엠지연세병원,중증,Y0141,응급투석(HD),전문의 해외 일정으로 인한 진료 불가,20260930000000,20261001235900,"경상남도 창원시 마산합포구 3·15대로 76 (월남동2가, 합포의료재단)",A2800017,50,자동,차단,내과
2026-10-01 01:30:00,경상남도,A2800020,학교법인성균관대학삼성창원병원,응급,Y000,응급실,"PD IN 의료진 부재로 소아신장 전문의 진료가 필요한 환자 수용어려움(혈뇨, 단백뇨 등 소아 신장질환)",20260930201000,20261007235900,"경상남도 창원시 마산회원구 팔용로 158 (합성동, 삼성창원병원)",A2800020,51,자동,차단,소아청소년과
2026-10-01 01:30:00,경상남도,A2800020,학교법인성균관대학삼성창원병원,중증,Y0142,응급투석(CRRT),CRRT기기부족으로 적응증환자 수용어려움,20260928130700,20261005235900,"경상남도 창원시 마산회원구 팔용로 158 (합성동, 삼성창원병원)",A2800020,52,자동,차단,
2026-10-01 01:30:00,경상남도,A2800020,학교법인성균관대학삼성창원병원,중증,Y0112,산부인과 응급(산과수술),[산부인과] 응급 산과수술 인력부족으로 Follow up외 수용어려움 사전문의바람,20260924000300,20261001235900,"경상남도 창원시 마산회원구 팔용로 158 (합성동, 삼성창원병원)",A2800020,53,자동,차단,
2026-10-01 01:30:00,경상남도,A2800020,학교법인성균관대학삼성창원병원,중증,Y0113,산부인과 응급(부인과수술),[산부인과] 응급 부인과수술 인력부족으로 Follow up외 수용어려움 사전문의바람,20260924000300,20261001235900,"경상남도 창원시 마산회원구 팔용로 158 (합성동, 삼성창원병원)",A2800020,54,자동,차단,
2026-10-01 01:30:00,경상남도,A2800020,학교법인성균관대학삼성창원병원,중증,Y0111,산부인과 응급(분만),[산부인과] 응급 분만 인력부족으로 Follow up외 수용어려움 사전문의바람,20260924000300,20261001235900,"경상남도 창원시 마산회원구 팔용로 158 (합성동, 삼성창원병원)",A2800020,55,자동,차단,
2026-10-01 01:30:00,경상남도,A2800020,학교법인성균관대학삼성창원병원,중증,Y0131,수족지접합,[정형외과] 사지접합의 수술(수족지접합) 인력문제로 수부파트 진료불가 사전문의바람,20260924000000,20261001235900,"경상남도 창원시 마산회원구 팔용로 158 (합성동, 삼성창원병원)",A2800020,56,자동,차단,
2026-10-01 01:30:00,경상남도,A2800020,학교법인성균관대학삼성창원병원,응급,Y000,응급실,"[신경과] 외상없는 양쪽다리 마비,양쪽팔다리 마비환자 진료불가, 신경과 말초 및 신경근육질환 전문의 장기간 공석으로 해당질환 진료불가",20260924000000,20261001235900,"경상남도 창원시 마산회원구 팔용로 158 (합성동, 삼성창원병원)",A2800020,57,자동,차단,신경과
2026-10-01 01:30:00,경상남도,A2800020,학교법인성균관대학삼성창원병원,응급,Y000,응급실,[성형외과] 당직 의료진 부재로 진료불가,20260924000000,20261001235900,"경상남도 창원시 마산회원구 팔용로 158 (합성동, 삼성창원병원)",A2800020,58,자동,차단,성형외과
2026-10-01 01:30:00,경상남도,A2800020,학교법인성균관대학삼성창원병원,응급,Y000,응급실,[심장혈관흉부외과] 당직별 수술가능여부 달라 사전문의 바람,20260924000000,20261001235900,"경상남도 창원시 마산회원구 팔용로 158 (합성동, 삼성창원병원)",A2800020,59,자동,차단,흉부외과
2026-10-01 01:30:00,경상남도,A2800020,학교법인성균관대학삼성창원병원,응급,Y000,응급실,"[혈액종양내과] 해당과 사정으로 신환, 타병원 ca 환자 수용 제한적, 사전문의 바람",20260924000000,20261001235900,"경상남도 창원시 마산회원구 팔용로 158 (합성동, 삼성창원병원)",A2800020,60,자동,차단,혈액·종양내과
2026-10-01 01:30:00,경상남도,A2800020,학교법인성균관대학삼성창원병원,응급,Y000,응급실,[응급의학과] - 인력부족으로 DI환자 사전에 수용여부 확인바람,20260924000000,20261001235900,"경상남도 창원시 마산회원구 팔용로 158 (합성동, 삼성창원병원)",A2800020,61,자동,차단,응급실
2026-10-01 01:30:00,경상남도,A2800020,학교법인성균관대학삼성창원병원,응급,Y000,응급실,[안과] 인력부족으로 진료 및 수술 제한적,20260924000000,20261001235900,"경상남도 창원시 마산회원구 팔용로 158 (합성동, 삼성창원병원)",A2800020,62,자동,차단,안과
2026-10-01 01:30:00,경상남도,A2800020,학교법인성균관대학삼성창원병원,응급,Y000,응급실,[영상의학과] 해당과 사정으로 고환 염전 초음파 진료 불가,20260924000000,20261001235900,"경상남도 창원시 마산회원구 팔용로 158 (합성동, 삼성창원병원)",A2800020,63,자동,차단,영상의학과
2026-10-01 01:30:00,경상남도,A2800020,학교법인성균관대학삼성창원병원,응급,Y000,응급실,[정신건강의학과] 당직 의료진 부재로 진료불가,20260924000000,20261001235900,"경상남도 창원시 마산회원구 팔용로 158 (합성동, 삼성창원병원)",A2800020,64,자동,차단,정신건강의학과
2026-10-01 01:30:00,경상남도,A2800020,학교법인성균관대학삼성창원병원,응급,Y000,응급실,[응급의학과] - 인력부족으로 post CPR 환자 본원에 수용여부 확인,20260924000000,20261001235900,"경상남도 창원시 마산회원구 팔용로 158 (합성동, 삼성창원병원)",A2800020,65,자동,차단,응급실
2026-10-01 01:30:00,경상남도,A2800020,학교법인성균관대학삼성창원병원,응급,Y000,응급실,[피부과] 당직 의료진 부재로 진료불가,20260924000000,20261001235900,"경상남도 창원시 마산회원구 팔용로 158 (합성동, 삼성창원병원)",A2800020,66,자동,차단,피부과
2026-10-01 01:30:00,경상남도,A2800020,학교법인성균관대학삼성창원병원,응급,Y000,응급실,"[외과] 인력부족으로 특정과목 응급수술 불가, 사전문의바람",20260924000000,20261001235900,"경상남도 창원시 마산회원구 팔용로 158 (합성동, 삼성창원병원)",A2800020,67,자동,차단,외과
2026-10-01 01:30:00,경상남도,A2800020,학교법인성균관대학삼성창원병원,응급,Y000,응급실,[호흡기 내과] 인력부족으로 신환수용 불가,20260924000000,20261001235900,"경상남도 창원시 마산회원구 팔용로 158 (합성동, 삼성창원병원)",A2800020,68,자동,차단,호흡기내과
2026-10-01 01:30:00,경상남도,A2800020,학교법인성균관대학삼성창원병원,응급,Y000,응급실,"[신장내과] 인력부족으로 수용 제한적, 사전문의바람",20260924000000,20261001235900,"경상남도 창원시 마산회원구 팔용로 158 (합성동, 삼성창원병원)",A2800020,69,자동,차단,신장내과
2026-10-01 01:30:00,경상남도,A2800020,학교법인성균관대학삼성창원병원,응급,Y000,응급실,[소아청소년과] 소아외상 진료불가,20260924000000,20261001235900,"경상남도 창원시 마산회원구 팔용로 158 (합성동, 삼성창원병원)",A2800020,70,자동,차단,소아청소년과
2026-10-01 01:30:00,경상남도,A2800020,학교법인성균관대학삼성창원병원,응급,Y000,응급실,[응급의학과] - 인력 부족으로 중증환자 119 통한 수용 및 외부 전원 제한적,20260924000000,20261001235900,"경상남도 창원시 마산회원구 팔용로 158 (합성동, 삼성창원병원)",A2800020,71,자동,차단,응급실
2026-10-01 01:30:00,경상남도,A2800021,연세에스병원,중증,Y0020,뇌경색의 재관류중재술,불가능메세지등록,20260930180000,20261001090000,경상남도 창원시 진해구 해원로32번길 13 (이동),A2800021,72,자동,차단,
2026-10-01 01:30:00,경상남도,A2800021,연세에스병원,중증,Y0031,뇌출혈수술(거미막하 출혈),불가능메세지등록,20260930180000,20261001090000,경상남도 창원시 진해구 해원로32번길 13 (이동),A2800021,73,자동,차단,
2026-10-01 01:30:00,경상남도,A2800021,연세에스병원,중증,Y0032,뇌출혈수술(거미막하 출혈 외),불가능메세지등록,20260930180000,20261001090000,경상남도 창원시 진해구 해원로32번길 13 (이동),A2800021,74,자동,차단,
2026-10-01 01:30:00,경상남도,A2803505,창원경상국립대학교병원,중증,Y0160,안과적 응급 수술,불가능메세지등록,20260930200000,20261001090000,"경상남도 창원시 성산구 삼정자로 11 (성주동, 창원경상대학교병원)",A2803505,75,자동,차단,
2026-10-01 01:30:00,경상남도,A2803505,창원경상국립대학교병원,중증,Y0010,심근경색의 재관류중재술,의료진부재,20260930180900,20261001080000,"경상남도 창원시 성산구 삼정자로 11 (성주동, 창원경상대학교병원)",A2803505,76,자동,차단,내과
2026-10-01 01:30:00,경상남도,A2803505,창원경상국립대학교병원,중증,Y0020,뇌경색의 재관류중재술,의료진부재,20260930180900,20261001080000,"경상남도 창원시 성산구 삼정자로 11 (성주동, 창원경상대학교병원)",A2803505,77,자동,차단,
2026-10-01 01:30:00,경상남도,A2803505,창원경상국립대학교병원,응급,Y000,응급실,"[순환기내과] 의료진 부재로 CAG 등 불가, 해당질환 수용 불가",20260930180900,20261001080000,"경상남도 창원시 성산구 삼정자로 11 (성주동, 창원경상대학교병원)",A2803505,78,자동,차단,순환기내과
2026-10-01 01:30:00,경상남도,A2803505,창원경상국립대학교병원,응급,Y000,응급실,[신경과] 의료진 부재로 acute stroke 수용 불가,20260930180900,20261001080000,"경상남도 창원시 성산구 삼정자로 11 (성주동, 창원경상대학교병원)",A2803505,79,자동,차단,신경과
2026-10-01 01:30:00,경상남도,A2803505,창원경상국립대학교병원,중증,Y0091,기관지 응급내시경(성인),불가능메세지등록,20260930180000,20261001080000,"경상남도 창원시 성산구 삼정자로 11 (성주동, 창원경상대학교병원)",A2803505,80,자동,차단,
2026-10-01 01:30:00,경상남도,A2803505,창원경상국립대학교병원,중증,Y0081,위장관 응급내시경(성인),불가능메세지등록,20260930180000,20261001080000,"경상남도 창원시 성산구 삼정자로 11 (성주동, 창원경상대학교병원)",A2803505,81,자동,차단,
2026-10-01 01:30:00,경상남도,A2803505,창원경상국립대학교병원,응급,Y000,응급실,[성형외과] 평일 09:00~20:00 (화요일09:00~17:00).진료가능,20260930180000,20261007180000,"경상남도 창원시 성산구 삼정자로 11 (성주동, 창원경상대학교병원)",A2803505,82,자동,차단,성형외과
2026-10-01 01:30:00,경상남도,A2803505,창원경상국립대학교병원,응급,Y000,응급실,[안과] 의료진부재로 안과외상 수용불가,20260930180000,20261007180000,"경상남도 창원시 성산구 삼정자로 11 (성주동, 창원경상대학교병원)",A2803505,83,자동,차단,안과
2026-10-01 01:30:00,경상남도,A2803505,창원경상국립대학교병원,응급,Y000,응급실,[정형외과] 주말 의료진 부재로 해당과 진료불가.,20260930180000,20261007180000,"경상남도 창원시 성산구 삼정자로 11 (성주동, 창원경상대학교병원)",A2803505,84,자동,차단,정형외과
2026-10-01 01:30:00,경상남도,A2803505,창원경상국립대학교병원,응급,Y000,응급실,"[소아청소년과] 소아초음파 평일 08:00 ~ 17:00까지 가능, 의료진부재로 인해 주말/야간 불가.",20260930180000,20261007180000,"경상남도 창원시 성산구 삼정자로 11 (성주동, 창원경상대학교병원)",A2803505,85,자동,차단,소아청소년과
2026-10-01 01:30:00,경상남도,A2803505,창원경상국립대학교병원,응급,Y000,응급실,[정형외과] 개방성골절 및 미세접합수술 필요한 경우 수용불가,20260930180000,20261007180000,"경상남도 창원시 성산구 삼정자로 11 (성주동, 창원경상대학교병원)",A2803505,86,자동,차단,정형외과
2026-10-01 01:30:00,경상남도,A2803505,창원경상국립대학교병원,응급,Y000,응급실,"[이비인후과] 평일 09:00~17:00 까지 진료가능, 심경부감염, 경부 외상, airway 환자는 의료진부재로 수용불가",20260930180000,20261007180000,"경상남도 창원시 성산구 삼정자로 11 (성주동, 창원경상대학교병원)",A2803505,87,자동,차단,이비인후과
2026-10-01 01:30:00,경상남도,A2803505,창원경상국립대학교병원,응급,Y000,응급실,[소아청소년과]  seizure 의료진 부재로 수용 불가 (단순열성경련의 경우 문의바람).,20260930180000,20261007180000,"경상남도 창원시 성산구 삼정자로 11 (성주동, 창원경상대학교병원)",A2803505,88,자동,차단,소아청소년과
2026-10-01 01:30:00,경상남도,A2803505,창원경상국립대학교병원,응급,Y000,응급실,중증화상환자 기도 및 정맥로 확보 후 화상센터 전원.,20260930180000,20261007180000,"경상남도 창원시 성산구 삼정자로 11 (성주동, 창원경상대학교병원)",A2803505,89,자동,차단,응급실
2026-10-01 01:30:00,제주특별자치도,A2900001,제주한라병원,응급,Y000,응급실,심장내과 진료과 사정으로 진료 불가(17:00~06:00),20260930170000,20261001060000,"제주특별자치도 제주시 도령로 65 (연동, (연동))",A2900001,1,자동,차단,순환기내과
2026-10-01 01:30:00,제주특별자치도,A2900001,제주한라병원,중증,Y0010,심근경색의 재관류중재술,심장내과 진료과 사정으로 진료 불가(17:00~06:00),20260930170000,20261001060000,"제주특별자치도 제주시 도령로 65 (연동, (연동))",A2900001,2,자동,차단,내과
2026-10-01 01:30:00,제주특별자치도,A2900001,제주한라병원,응급,Y000,응급실,췌담도 part 전문의 부재,20260930170000,20261007080000,"제주특별자치도 제주시 도령로 65 (연동, (연동))",A2900001,3,자동,차단,소화기내과
2026-10-01 01:30:00,제주특별자치도,A2900001,제주한라병원,중증,Y0171,영상의학혈관중재(성인),영상의학 혈관중재 전문의 부재,20260930080000,20261001080000,"제주특별자치도 제주시 도령로 65 (연동, (연동))",A2900001,4,자동,차단,핵의학과
2026-10-01 01:30:00,제주특별자치도,A2900001,제주한라병원,중증,Y0052,담낭담관질환(담도포함질환),ERCP 전문의 부재,20260928080000,20261005080000,"제주특별자치도 제주시 도령로 65 (연동, (연동))",A2900001,5,자동,차단,외과
2026-10-01 01:30:00,제주특별자치도,A2900002,제주특별자치도서귀포의료원,중증,Y0081,위장관 응급내시경(성인),불가능메세지등록,20260930080000,20261001080000,제주특별자치도 서귀포시 장수로 47 (동홍동),A2900002,6,자동,차단,내과
2026-10-01 01:30:00,제주특별자치도,A2900005,한마음병원,응급,Y000,응급실,"[신경과] 전화문의(주말 및 휴일-24시간, 평일-17시~익일 9시까지 진료 일부 제한)",20260930000000,20261007235900,제주특별자치도 제주시 연신로 52   (이도이동),A2900005,7,자동,차단,신경과
2026-10-01 01:30:00,제주특별자치도,A2900005,한마음병원,응급,Y000,응급실,[비뇨의학과] 외래 휴진,20260929000000,20261006235900,제주특별자치도 제주시 연신로 52   (이도이동),A2900005,8,자동,차단,비뇨의학과
2026-10-01 01:30:00,제주특별자치도,A2900006,의료법인중앙의료재단중앙병원,응급,Y000,응급실,사전협의-수술지연 및 입원불가 동의 필요,20260928090000,20261005090000,"제주특별자치도 제주시 월랑로 91-0 (이호이동,중앙병원)",A2900006,9,자동,차단,정형외과
2026-10-01 01:30:00,제주특별자치도,A2900007,제주대학교병원,응급,Y000,응급실,"소화기 내시경 수용 가능 일시 (평일 08:00~20:00, 주말휴일 08:00~12:00)",20260930080000,20261007080000,"제주특별자치도 제주시 아란13길 15-0 (아라일동, 0동 0층 0호 (아라일동,제주대학교병원))",A2900007,10,자동,차단,소화기내과
2026-10-01 01:30:00,제주특별자치도,A2900007,제주대학교병원,응급,Y000,응급실,"안과진료 가능 일시 (주간, 화,목,22시까지, 토 20시까지)",20260924080000,20261001080000,"제주특별자치도 제주시 아란13길 15-0 (아라일동, 0동 0층 0호 (아라일동,제주대학교병원))",A2900007,11,자동,차단,안과
2026-10-01 02:00:00,서울특별시,A1100001,경희대학교병원,응급,Y000,응급실,119 구급대원께서는 문의 후 이송 부탁드립니다.,20260925010000,20261002000000,서울특별시 동대문구 경희대로 23 (회기동),A1100001,1,자동,차단,응급실
2026-10-01 02:00:00,서울특별시,A1100001,경희대학교병원,응급,Y000,응급실,성형외과 :(월-목)오후 9시까지 가능 / (금-토)24시간 가능 / (일)오후 4시 ~ 익일 오전 7시 가능,20260925010000,20261002000000,서울특별시 동대문구 경희대로 23 (회기동),A1100001,2,자동,차단,성형외과
2026-10-01 02:00:00,서울특별시,A1100001,경희대학교병원,응급,Y000,응급실,"NICU 부재, 고위험산모실 부재 등으로 모든 산모 수용 불가",20260925010000,20261002000000,서울특별시 동대문구 경희대로 23 (회기동),A1100001,3,자동,차단,산부인과
2026-10-01 02:00:00,서울특별시,A1100001,경희대학교병원,중증,Y0042,대동맥응급(복부),의료진 부족,20260925000000,20261002000000,서울특별시 동대문구 경희대로 23 (회기동),A1100001,4,자동,차단,외과
2026-10-01 02:00:00,서울특별시,A1100001,경희대학교병원,중증,Y0131,수족지접합,의료진 부족,20260925000000,20261002000000,서울특별시 동대문구 경희대로 23 (회기동),A1100001,5,자동,차단,정형외과
2026-10-01 02:00:00,서울특별시,A1100001,경희대학교병원,중증,Y0132,수족지접합 외,의료진 부족,20260925000000,20261002000000,서울특별시 동대문구 경희대로 23 (회기동),A1100001,6,자동,차단,정형외과
2026-10-01 02:00:00,서울특별시,A1100002,건국대학교병원,응급,Y000,응급실,"지속적인 간질 중첩증, 심근염을 비롯한 중증 심질환, 호흡기 기도 이물 및 중증객혈, 중증호흡부전(산소 2L/min이상필요한경우) 이송시 문의 바랍니다.",20260928090000,20261005090000,서울특별시 광진구 능동로 120-1 (화양동),A1100002,7,자동,차단,소아청소년과
2026-10-01 02:00:00,서울특별시,A1100002,건국대학교병원,응급,Y000,응급실,단순봉합 불가 (필요시 별도 문의 바랍니다),20260928090000,20261005090000,서울특별시 광진구 능동로 120-1 (화양동),A1100002,8,자동,차단,성형외과
2026-10-01 02:00:00,서울특별시,A1100002,건국대학교병원,응급,Y000,응급실,단순봉합 불가 (필요시 별도 문의 바랍니다),20260928090000,20261005090000,서울특별시 광진구 능동로 120-1 (화양동),A1100002,9,자동,차단,정형외과
2026-10-01 02:00:00,서울특별시,A1100002,건국대학교병원,응급,Y000,응급실,"소화기 이물 흡입시(저녁8시이후), 대량 토혈 및 혈변, 간이식 가능성이 있는 전격성 간염/간부전, 궤사성 췌장염이 진단된 경우) 이송시 문의 바랍니다.",20260928090000,20261005090000,서울특별시 광진구 능동로 120-1 (화양동),A1100002,10,자동,차단,소아청소년과
2026-10-01 02:00:00,서울특별시,A1100002,건국대학교병원,응급,Y000,응급실,환자 수용여부 확인 부탁드립니다.,20260928090000,20261005090000,서울특별시 광진구 능동로 120-1 (화양동),A1100002,11,자동,차단,신경과
2026-10-01 02:00:00,서울특별시,A1100002,건국대학교병원,응급,Y000,응급실,응급환자 이송시  반드시 병원수용 여부 가능확인 후 이송 부탁드립니다.,20260928090000,20261005090000,서울특별시 광진구 능동로 120-1 (화양동),A1100002,12,자동,차단,응급실
2026-10-01 02:00:00,서울특별시,A1100002,건국대학교병원,응급,Y000,응급실,"3개월이하 소아환자 발열 진료불가, 발열두통 시 뇌척수액검사 예상되는 소아 검사불가합니다. 이송시 참고바랍니다.",20260928090000,20261005090000,서울특별시 광진구 능동로 120-1 (화양동),A1100002,13,자동,차단,소아청소년과
2026-10-01 02:00:00,서울특별시,A1100003,중앙대학교병원,응급,Y000,응급실,이비인후과 진료 불가,20260930180000,20261001070000,서울특별시 동작구 흑석로 102 (흑석동),A1100003,14,자동,차단,이비인후과
2026-10-01 02:00:00,서울특별시,A1100003,중앙대학교병원,응급,Y000,응급실,2개월 미만 신생아 및 소아중환자 진료 불가,20260930100000,20261007100000,서울특별시 동작구 흑석로 102 (흑석동),A1100003,15,자동,차단,소아청소년과
2026-10-01 02:00:00,서울특별시,A1100003,중앙대학교병원,응급,Y000,응급실,피부과 진료 불가,20260930100000,20261007100000,서울특별시 동작구 흑석로 102 (흑석동),A1100003,16,자동,차단,피부과
2026-10-01 02:00:00,서울특별시,A1100004,순천향대학교부속서울병원,중증,Y0131,수족지접합,성형외과 인력 부족으로 수지접합 불가,20260930220000,20261001075900,서울특별시 용산구 대사관로 59 (한남동),A1100004,17,자동,차단,성형외과
2026-10-01 02:00:00,서울특별시,A1100004,순천향대학교부속서울병원,응급,Y000,응급실,(22:00~익일 08:00) 안면부 열상환자 및 단순 열상환자 응급실 내 진료 불가,20260928000000,20261004235900,서울특별시 용산구 대사관로 59 (한남동),A1100004,18,자동,차단,성형외과
2026-10-01 02:00:00,서울특별시,A1100005,이화여자대학교의과대학부속목동병원,응급,Y000,응급실,성형외과 인력 부족으로 매일 0AM~7AM 단순봉합 불가함,20260928100000,20261005100000,서울특별시 양천구 안양천로 1071 (목동),A1100005,19,자동,차단,성형외과
2026-10-01 02:00:00,서울특별시,A1100006,강북삼성병원,응급,Y000,응급실,[진료제한]-[요일별 상세 운영 다름. 수용여부 사전 확인] 요일별 상세 운영 시간이 달라 내원 전 문의부탁드립니다. (진료시간 1시간전 접수 마감),20260929154000,20261006150000,서울특별시 종로구 새문안로 29 (평동),A1100006,20,자동,차단,소아청소년과
2026-10-01 02:00:00,서울특별시,A1100006,강북삼성병원,응급,Y000,응급실,"★CS핫라인-ECMO/심장/대동맥수술/본원CS구환★ 010-8662-6890,  010-5031-0198",20260929154000,20261006150000,서울특별시 종로구 새문안로 29 (평동),A1100006,21,자동,차단,응급실
2026-10-01 02:00:00,서울특별시,A1100006,강북삼성병원,응급,Y000,응급실,"[진료제한]-[수용여부 사전 확인]  비뇨의학과(응급 수술케이스불가), 산부인과, 정형외과, 안과(외상 진료 및 수술불가)",20260929154000,20261006150000,서울특별시 종로구 새문안로 29 (평동),A1100006,22,자동,차단,기타 진료과
2026-10-01 02:00:00,서울특별시,A1100006,강북삼성병원,응급,Y000,응급실,"[야간불가]-[요일별 상세 운영 다름. 수용여부 사전 확인] 성형외과, 이비인후과, 피부과,  안과",20260929154000,20261006150000,서울특별시 종로구 새문안로 29 (평동),A1100006,23,자동,차단,기타 진료과
2026-10-01 02:00:00,서울특별시,A1100007,연세대학교의과대학세브란스병원,중증,Y0132,수족지접합 외,불가능메세지등록,20260930173000,20261001083000,서울특별시 서대문구 연세로 50-1 (신촌동),A1100007,24,자동,차단,
2026-10-01 02:00:00,서울특별시,A1100007,연세대학교의과대학세브란스병원,중증,Y0131,수족지접합,불가능메세지등록,20260930173000,20261001083000,서울특별시 서대문구 연세로 50-1 (신촌동),A1100007,25,자동,차단,
2026-10-01 02:00:00,서울특별시,A1100007,연세대학교의과대학세브란스병원,중증,Y0160,안과적 응급 수술,[안과적 응급 수술] 정규시간 외 응급수술 불가능(마취지원 불가),20260930150000,20261001080000,서울특별시 서대문구 연세로 50-1 (신촌동),A1100007,26,자동,차단,
2026-10-01 02:00:00,서울특별시,A1100007,연세대학교의과대학세브란스병원,응급,Y000,응급실,[복부응급수술(비외상)]Appendicitis 신환 수용 불가,20260926000000,20261002235900,서울특별시 서대문구 연세로 50-1 (신촌동),A1100007,27,자동,차단,외과
2026-10-01 02:00:00,서울특별시,A1100007,연세대학교의과대학세브란스병원,응급,Y000,응급실,[응급 기관지 내시경(성인)] 평일 7am-5pm 시행 가능 / 이 외 시간 및 휴일(공휴일 포함)은 상의 후 결정(필요 시 문의바랍니다.),20260926000000,20261002235900,서울특별시 서대문구 연세로 50-1 (신촌동),A1100007,28,자동,차단,호흡기내과
2026-10-01 02:00:00,서울특별시,A1100007,연세대학교의과대학세브란스병원,응급,Y000,응급실,[뇌출혈수술] 중환자실 및 응급 수술/마취 지원 여부에 따라 부분 수용 가능 (필요 시 문의 바랍니다.),20260926000000,20261002235900,서울특별시 서대문구 연세로 50-1 (신촌동),A1100007,29,자동,차단,응급실
2026-10-01 02:00:00,서울특별시,A1100007,연세대학교의과대학세브란스병원,응급,Y000,응급실,(성형외과) 단순 봉합 진료 불가,20260926000000,20261002235900,서울특별시 서대문구 연세로 50-1 (신촌동),A1100007,30,자동,차단,성형외과
2026-10-01 02:00:00,서울특별시,A1100007,연세대학교의과대학세브란스병원,응급,Y000,응급실,(치과) 치과(일반)진료 21:30 이후 진료 불가능(f/u 포함),20260926000000,20261002235900,서울특별시 서대문구 연세로 50-1 (신촌동),A1100007,31,자동,차단,치과
2026-10-01 02:00:00,서울특별시,A1100007,연세대학교의과대학세브란스병원,응급,Y000,응급실,(산과) 신환수용 불가(f/u 환자는 필요 시 문의바랍니다.),20260926000000,20261002235900,서울특별시 서대문구 연세로 50-1 (신촌동),A1100007,32,자동,차단,응급실
2026-10-01 02:00:00,서울특별시,A1100007,연세대학교의과대학세브란스병원,응급,Y000,응급실,(소아신경외과) f/u 환자가 아닌 신환의 협진 및 전원 수용 불가 (도보 내원 포함),20260926000000,20261002235900,서울특별시 서대문구 연세로 50-1 (신촌동),A1100007,33,자동,차단,신경외과
2026-10-01 02:00:00,서울특별시,A1100007,연세대학교의과대학세브란스병원,응급,Y000,응급실,(소아신경외과) f/u 환자가 아닌 신환의 협진 및 전원 수용 불가 (도보 내원 포함),20260926000000,20261002235900,서울특별시 서대문구 연세로 50-1 (신촌동),A1100007,34,자동,차단,응급실
2026-10-01 02:00:00,서울특별시,A1100007,연세대학교의과대학세브란스병원,응급,Y000,응급실,"[신생아(미숙아)] 생후 4주 이내, 교정연령 44주이내,  NICU 입원이 연속적인 경우에 가능,야간 및 공휴일은 사전 상의 된 환아 외 진료 불가능 (필요 시 문의 바랍니다)",20260926000000,20261002235900,서울특별시 서대문구 연세로 50-1 (신촌동),A1100007,35,자동,차단,응급실
2026-10-01 02:00:00,서울특별시,A1100008,학교법인 고려중앙학원 고려대학교의과대학부속병원(안암병원),중증,Y0042,대동맥응급(복부),"본원 LT, KT 중으로 수술 필요한 CASE 진료 불가능",20260930070000,20261001070000,"서울특별시 성북구 고려대로 73, 고려대병원 (안암동5가)",A1100008,36,자동,차단,외과
2026-10-01 02:00:00,서울특별시,A1100008,학교법인 고려중앙학원 고려대학교의과대학부속병원(안암병원),중증,Y0060,복부응급수술(비외상),"본원 LT, KT 중으로 수술 필요한 CASE 진료 불가능",20260930070000,20261001070000,"서울특별시 성북구 고려대로 73, 고려대병원 (안암동5가)",A1100008,37,자동,차단,외과
2026-10-01 02:00:00,서울특별시,A1100008,학교법인 고려중앙학원 고려대학교의과대학부속병원(안암병원),중증,Y0051,담낭담관질환(담낭질환),"본원 LT, KT 중으로 수술 필요한 CASE 진료 불가능",20260930070000,20261001070000,"서울특별시 성북구 고려대로 73, 고려대병원 (안암동5가)",A1100008,38,자동,차단,내과
2026-10-01 02:00:00,서울특별시,A1100008,학교법인 고려중앙학원 고려대학교의과대학부속병원(안암병원),응급,Y000,응급실,"[이비인후과]Deep neck infection 환자 평일 주간(8jAM~5PM), 화요일 야간(5PM~익일 8AM) 외 시간은 수용 불가",20260928094100,20261005140000,"서울특별시 성북구 고려대로 73, 고려대병원 (안암동5가)",A1100008,39,자동,차단,이비인후과
2026-10-01 02:00:00,서울특별시,A1100008,학교법인 고려중앙학원 고려대학교의과대학부속병원(안암병원),응급,Y000,응급실,"인력 부재로 성형안과적 진료(안검수술, 안와질환, 눈물길 질환 등) 제한",20260928094000,20261005140000,"서울특별시 성북구 고려대로 73, 고려대병원 (안암동5가)",A1100008,40,자동,차단,안과
2026-10-01 02:00:00,서울특별시,A1100009,재단법인아산사회복지재단 서울아산병원,응급,Y000,응급실,"응급실 포화, CPR만 가능",20261001000100,20261001020000,"서울특별시 송파구 올림픽로43길 88, 서울아산병원 (풍납동)",A1100009,41,자동,차단,응급실
2026-10-01 02:00:00,서울특별시,A1100009,재단법인아산사회복지재단 서울아산병원,응급,Y000,응급실,야간 시간 소아 소화기 이물 제거 불가(해당과 의사인력 부족)/ GI bleeding control은 수용 가능,20260930220000,20261001060000,"서울특별시 송파구 올림픽로43길 88, 서울아산병원 (풍납동)",A1100009,42,자동,차단,소아청소년과
2026-10-01 02:00:00,서울특별시,A1100009,재단법인아산사회복지재단 서울아산병원,응급,Y000,응급실,"단순 중심정맥관(PICC, Q-cath 등) 관련 시술불가",20260930000000,20261007235900,"서울특별시 송파구 올림픽로43길 88, 서울아산병원 (풍납동)",A1100009,43,자동,차단,영상의학과
2026-10-01 02:00:00,서울특별시,A1100009,재단법인아산사회복지재단 서울아산병원,응급,Y000,응급실,[종양내과] 본원 재진 외 수용불가,20260930000000,20261007235900,"서울특별시 송파구 올림픽로43길 88, 서울아산병원 (풍납동)",A1100009,44,자동,차단,혈액·종양내과
2026-10-01 02:00:00,서울특별시,A1100009,재단법인아산사회복지재단 서울아산병원,응급,Y000,응급실,[부인과]본원 재진 외 수용불가,20260930000000,20261007235900,"서울특별시 송파구 올림픽로43길 88, 서울아산병원 (풍납동)",A1100009,45,자동,차단,산부인과
2026-10-01 02:00:00,서울특별시,A1100009,재단법인아산사회복지재단 서울아산병원,응급,Y000,응급실,[성인] 안면부 단순 봉합 수용불가,20260930000000,20261007235900,"서울특별시 송파구 올림픽로43길 88, 서울아산병원 (풍납동)",A1100009,46,자동,차단,성형외과
2026-10-01 02:00:00,서울특별시,A1100009,재단법인아산사회복지재단 서울아산병원,응급,Y000,응급실,[산과] 임신 1삼분기GA14+6wks)는 재진 외 수용불가,20260930000000,20261007235900,"서울특별시 송파구 올림픽로43길 88, 서울아산병원 (풍납동)",A1100009,47,자동,차단,산부인과
2026-10-01 02:00:00,서울특별시,A1100009,재단법인아산사회복지재단 서울아산병원,응급,Y000,응급실,본원 재진 외 수용불가,20260930000000,20261007235900,"서울특별시 송파구 올림픽로43길 88, 서울아산병원 (풍납동)",A1100009,48,자동,차단,호흡기내과
2026-10-01 02:00:00,서울특별시,A1100009,재단법인아산사회복지재단 서울아산병원,응급,Y000,응급실,[혈액내과] 타원에서 치료중인 신환 수용불가,20260930000000,20261007235900,"서울특별시 송파구 올림픽로43길 88, 서울아산병원 (풍납동)",A1100009,49,자동,차단,혈액·종양내과
2026-10-01 02:00:00,서울특별시,A1100010,삼성서울병원,응급,Y000,응급실,[담낭담관질환] 담낭 수술 및 시술은 반드시 수용 여부 사전 확인,20260928000000,20261004235900,"서울특별시 강남구 일원로 81 (일원동, 삼성의료원)",A1100010,50,자동,차단,응급실
2026-10-01 02:00:00,서울특별시,A1100010,삼성서울병원,응급,Y000,응급실,[소아청소년과] 소아 중환자 및 뇌전증 지속상태 환자는 전원 수용 여부 사전 확인,20260928000000,20261004235900,"서울특별시 강남구 일원로 81 (일원동, 삼성의료원)",A1100010,51,자동,차단,응급실
2026-10-01 02:00:00,서울특별시,A1100010,삼성서울병원,응급,Y000,응급실,"[AMI, 급성뇌졸중 의심 환자] 우선 진료 조정을 위해 노력하고 있으니, 수용 문의 부탁드립니다.",20260928000000,20261004235900,"서울특별시 강남구 일원로 81 (일원동, 삼성의료원)",A1100010,52,자동,차단,응급실
2026-10-01 02:00:00,서울특별시,A1100010,삼성서울병원,응급,Y000,응급실,[위장관 응급내시경(성인)] 반드시 수용 여부 사전 확인,20260928000000,20261004235900,"서울특별시 강남구 일원로 81 (일원동, 삼성의료원)",A1100010,53,자동,차단,응급실
2026-10-01 02:00:00,서울특별시,A1100010,삼성서울병원,응급,Y000,응급실,"[안과] 응급 안과 적출에 준하는 상황의 경우, 안과 당직 문의 후 수용 여부 확인",20260928000000,20261004235900,"서울특별시 강남구 일원로 81 (일원동, 삼성의료원)",A1100010,54,자동,차단,응급실
2026-10-01 02:00:00,서울특별시,A1100012,학교법인가톨릭학원가톨릭대학교서울성모병원,응급,Y000,응급실,야간 수용 불가,20260928130100,20261005130000,서울특별시 서초구 반포대로 222 (반포동),A1100012,55,자동,차단,피부과
2026-10-01 02:00:00,서울특별시,A1100012,학교법인가톨릭학원가톨릭대학교서울성모병원,응급,Y000,응급실,"경증 환자 수용 불가, 신환 환자 사전 협의 필요",20260928130100,20261005130000,서울특별시 서초구 반포대로 222 (반포동),A1100012,56,자동,차단,혈액·종양내과
2026-10-01 02:00:00,서울특별시,A1100013,한양대학교병원,응급,Y000,응급실,성형외과 의료진 인력부족으로 단순 열상 환자 수용불가(심한 안면부 골절 불가능),20260930220000,20261001080000,서울특별시 성동구 왕십리로 222-1 (사근동),A1100013,57,자동,차단,성형외과
2026-10-01 02:00:00,서울특별시,A1100013,한양대학교병원,응급,Y000,응급실,피부과 의료진 인력부족으로 피부과 관련 환자 진료불가,20260930220000,20261001080000,서울특별시 성동구 왕십리로 222-1 (사근동),A1100013,58,자동,차단,피부과
2026-10-01 02:00:00,서울특별시,A1100013,한양대학교병원,응급,Y000,응급실,안과 의료진 인력부족으로 안과 관련 환자 진료불가,20260930220000,20261001070000,서울특별시 성동구 왕십리로 222-1 (사근동),A1100013,59,자동,차단,안과
2026-10-01 02:00:00,서울특별시,A1100013,한양대학교병원,응급,Y000,응급실,소아혈액종양내과 의료진 인력부족으로 관련 환자 진료불가,20260928090000,20261005090000,서울특별시 성동구 왕십리로 222-1 (사근동),A1100013,60,자동,차단,소아청소년과
2026-10-01 02:00:00,서울특별시,A1100013,한양대학교병원,응급,Y000,응급실,이비인후과 인력 부족으로 경부심재감염은 전원환자 수용불가,20260928090000,20261005090000,서울특별시 성동구 왕십리로 222-1 (사근동),A1100013,61,자동,차단,이비인후과
2026-10-01 02:00:00,서울특별시,A1100013,한양대학교병원,응급,Y000,응급실,소아신경분과 의료진 인력부족으로 관련 환자 진료불가,20260928090000,20261005090000,서울특별시 성동구 왕십리로 222-1 (사근동),A1100013,62,자동,차단,소아청소년과
2026-10-01 02:00:00,서울특별시,A1100013,한양대학교병원,응급,Y000,응급실,응급실 인력부족으로 중증외상환자 수용자제,20260928090000,20261005090000,서울특별시 성동구 왕십리로 222-1 (사근동),A1100013,63,자동,차단,응급실
2026-10-01 02:00:00,서울특별시,A1100013,한양대학교병원,응급,Y000,응급실,응급실 인력부족으로 중증외상환자 수용자제,20260928090000,20261005090000,서울특별시 성동구 왕십리로 222-1 (사근동),A1100013,64,자동,차단,응급실
2026-10-01 02:00:00,서울특별시,A1100013,한양대학교병원,응급,Y000,응급실,"응급실 인력부족으로 비응급, 경증환자 수용자제",20260928090000,20261005090000,서울특별시 성동구 왕십리로 222-1 (사근동),A1100013,65,자동,차단,응급실
2026-10-01 02:00:00,서울특별시,A1100014,고려대학교의과대학부속구로병원,응급,Y000,응급실,"이비인후과 - 평일 야간, 주말, 공휴일- 응급수술 및 진료, 전원 수용 불가",20260928100000,20261005095900,"서울특별시 구로구 구로동로 148, 고려대부속구로병원 (구로동)",A1100014,66,자동,차단,이비인후과
2026-10-01 02:00:00,서울특별시,A1100015,연세대학교의과대학강남세브란스병원,중증,Y0120,중증화상,불가능메세지등록,20260929000000,20261006000000,"서울특별시 강남구 언주로 211, 강남세브란스병원 (도곡동)",A1100015,67,자동,차단,
2026-10-01 02:00:00,서울특별시,A1100015,연세대학교의과대학강남세브란스병원,중증,Y0160,안과적 응급 수술,불가능메세지등록,20260929000000,20261006000000,"서울특별시 강남구 언주로 211, 강남세브란스병원 (도곡동)",A1100015,68,자동,차단,
2026-10-01 02:00:00,서울특별시,A1100016,인제대학교상계백병원,응급,Y000,응급실,[진료제한] 인력 부족으로 사전 문의 요망,20260929000000,20261005235900,"서울특별시 노원구 동일로 1342, 상계백병원 (상계동)",A1100016,69,자동,차단,산부인과
2026-10-01 02:00:00,서울특별시,A1100016,인제대학교상계백병원,응급,Y000,응급실,[진료제한] 인력 부족으로 사전 문의 요망,20260929000000,20261005235900,"서울특별시 노원구 동일로 1342, 상계백병원 (상계동)",A1100016,70,자동,차단,소아청소년과
2026-10-01 02:00:00,서울특별시,A1100016,인제대학교상계백병원,응급,Y000,응급실,"환자 수용 가능 (주말 10:00 ~ 22:00), 그 외 시간은 진료 제한",20260929000000,20261005235900,"서울특별시 노원구 동일로 1342, 상계백병원 (상계동)",A1100016,71,자동,차단,성형외과
2026-10-01 02:00:00,서울특별시,A1100016,인제대학교상계백병원,응급,Y000,응급실,"환자 수용 가능(월~목 24시간, 금 08:00 ~ 17:00), 그 외 시간은 진료 제한",20260929000000,20261005235900,"서울특별시 노원구 동일로 1342, 상계백병원 (상계동)",A1100016,72,자동,차단,치과
2026-10-01 02:00:00,서울특별시,A1100016,인제대학교상계백병원,응급,Y000,응급실,"환자 수용 가능(평일 09:00~20:00), 두경부 전문 인력 부족으로 진료 제한",20260929000000,20261005235900,"서울특별시 노원구 동일로 1342, 상계백병원 (상계동)",A1100016,73,자동,차단,이비인후과
2026-10-01 02:00:00,서울특별시,A1100016,인제대학교상계백병원,중증,Y0112,산부인과 응급(산과수술),의료진 부족으로 수용 어려움,20260929000000,20261005235900,"서울특별시 노원구 동일로 1342, 상계백병원 (상계동)",A1100016,74,자동,차단,
2026-10-01 02:00:00,서울특별시,A1100016,인제대학교상계백병원,중증,Y0111,산부인과 응급(분만),의료진 부족으로 수용 어려움,20260929000000,20261005235900,"서울특별시 노원구 동일로 1342, 상계백병원 (상계동)",A1100016,75,자동,차단,
2026-10-01 02:00:00,서울특별시,A1100016,인제대학교상계백병원,응급,Y000,응급실,"환자 수용 가능(평일 08:00 ~ 20:00), 그 외 시간은 진료 제한",20260929000000,20261005235900,"서울특별시 노원구 동일로 1342, 상계백병원 (상계동)",A1100016,76,자동,차단,안과
2026-10-01 02:00:00,서울특별시,A1100017,서울대학교병원,응급,Y000,응급실,비뇨의학과 : 신환 진료 불가,20260929000000,20261005235900,서울특별시 종로구 대학로 101 (연건동),A1100017,77,자동,차단,비뇨의학과
2026-10-01 02:00:00,서울특별시,A1100020,의료법인한전의료재단 한일병원,응급,Y000,응급실,18세 미만 단순 외상 제외한 환자 수용 불가,20261001000000,20261008235900,"서울특별시 도봉구 우이천로 308, 한일병원 (쌍문동)",A1100020,78,자동,차단,소아청소년과
2026-10-01 02:00:00,서울특별시,A1100021,삼육서울병원,응급,Y000,응급실,일-금 9-22시 까지 진료 가능. 토요일 진료 불가. 본원 안과 수술 환자는 진료 가능,20260930090000,20261007235900,서울특별시 동대문구 망우로 82 (휘경동),A1100021,79,자동,차단,안과
2026-10-01 02:00:00,서울특별시,A1100021,삼육서울병원,응급,Y000,응급실,"일과시간(일-목 9~17, 금9~12)이후 본원 치료중인 환자 이외 소아청소년과 입원불가, 응급의학과 의사에 의한 부분 진료 가능",20260928000000,20261005235900,서울특별시 동대문구 망우로 82 (휘경동),A1100021,80,자동,차단,소아청소년과
2026-10-01 02:00:00,서울특별시,A1100028,성심의료재단강동성심병원,응급,Y000,응급실,[순환기내과] 매주 수요일(평일) 6pm-익일 8am 시술불가,20260930180000,20261001080000,서울특별시 강동구 성안로 150 (길동),A1100028,81,자동,차단,순환기내과
2026-10-01 02:00:00,서울특별시,A1100028,성심의료재단강동성심병원,중증,Y0010,심근경색의 재관류중재술,시술 불가,20260930180000,20261001080000,서울특별시 강동구 성안로 150 (길동),A1100028,82,자동,차단,내과
2026-10-01 02:00:00,서울특별시,A1100028,성심의료재단강동성심병원,응급,Y000,응급실,"[피부과] 평일 07:00-22:00에만 진료(단,토요일은 24시간 진료)",20260928120000,20261005120000,서울특별시 강동구 성안로 150 (길동),A1100028,83,자동,차단,피부과
2026-10-01 02:00:00,서울특별시,A1100028,성심의료재단강동성심병원,응급,Y000,응급실,[안과] 08:00~22:00 진료가능,20260928120000,20261005120000,서울특별시 강동구 성안로 150 (길동),A1100028,84,자동,차단,안과
2026-10-01 02:00:00,서울특별시,A1100028,성심의료재단강동성심병원,응급,Y000,응급실,"[이비인후과] 일요일 8am이후, 월요일 8am~5pm이후 진료불가",20260928120000,20261005120000,서울특별시 강동구 성안로 150 (길동),A1100028,85,자동,차단,이비인후과
2026-10-01 02:00:00,서울특별시,A1100028,성심의료재단강동성심병원,응급,Y000,응급실,[성형외과] 평일 주간(08:00-17:00)에만 진료가능,20260928120000,20261005120000,서울특별시 강동구 성안로 150 (길동),A1100028,86,자동,차단,성형외과
2026-10-01 02:00:00,서울특별시,A1100028,성심의료재단강동성심병원,응급,Y000,응급실,*의료진 부족으로 119 내원시 모든 환자 사전 수용여부 확인 후 내원,20260928120000,20261005120000,서울특별시 강동구 성안로 150 (길동),A1100028,87,자동,차단,응급실
2026-10-01 02:00:00,서울특별시,A1100028,성심의료재단강동성심병원,응급,Y000,응급실,"[산부인과] 분만 관련 산모진료는 불가, 산과/부인과 수술은 평일 주간(08:00-17:00)만 진료가능",20260928120000,20261005120000,서울특별시 강동구 성안로 150 (길동),A1100028,88,자동,차단,산부인과
2026-10-01 02:00:00,서울특별시,A1100028,성심의료재단강동성심병원,응급,Y000,응급실,*인력부족으로 자살 사고 및 중독 진료불가,20260928120000,20261005120000,서울특별시 강동구 성안로 150 (길동),A1100028,89,자동,차단,기타 진료과
2026-10-01 02:00:00,서울특별시,A1100028,성심의료재단강동성심병원,응급,Y000,응급실,[정신건강의학과] 평일 주간(08:00-17:00)에만 진료가능,20260928120000,20261005120000,서울특별시 강동구 성안로 150 (길동),A1100028,90,자동,차단,정신건강의학과
2026-10-01 02:00:00,서울특별시,A1100028,성심의료재단강동성심병원,응급,Y000,응급실,[소아청소년과] 진료불가,20260928120000,20261005120000,서울특별시 강동구 성안로 150 (길동),A1100028,91,자동,차단,소아청소년과
2026-10-01 02:00:00,서울특별시,A1100041,의료법인서울효천의료재단 에이치플러스양지병원,응급,Y000,응급실,"흉부외과, 피부과, 안과, 치과 진료과 미개설로 인해 진료 불가합니다.",20261001000000,20261008235900,"서울특별시 관악구 남부순환로 1636, 양지병원 (신림동)",A1100041,92,자동,차단,기타 진료과
2026-10-01 02:00:00,서울특별시,A1100043,강동경희대학교병원,응급,Y000,응급실,의료진 부재로 인한 응급실 진료 불가,20260928000000,20261005235900,서울특별시 강동구 동남로 892 (상일동),A1100043,93,자동,차단,성형외과
2026-10-01 02:00:00,서울특별시,A1100043,강동경희대학교병원,응급,Y000,응급실,의료진 부재로 인한 응급실 진료 불가,20260928000000,20261005235900,서울특별시 강동구 동남로 892 (상일동),A1100043,94,자동,차단,정신건강의학과
2026-10-01 02:00:00,서울특별시,A1100043,강동경희대학교병원,응급,Y000,응급실,의료진 부재로 인한 응급실 진료 불가,20260928000000,20261005235900,서울특별시 강동구 동남로 892 (상일동),A1100043,95,자동,차단,치과
2026-10-01 02:00:00,서울특별시,A1100048,노원을지대학교병원,응급,Y000,응급실,안과 토요일 낮12시ㅡ월요일 08시까지 불가,20261001000000,20261004000000,"서울특별시 노원구 한글비석로 68, 을지병원 (하계동)",A1100048,96,자동,차단,안과
2026-10-01 02:00:00,서울특별시,A1100048,노원을지대학교병원,응급,Y000,응급실,응급실 119구급대원께서는 문의 후 이송 부탁드립니다,20261001000000,20261004000000,"서울특별시 노원구 한글비석로 68, 을지병원 (하계동)",A1100048,97,자동,차단,응급실
2026-10-01 02:00:00,서울특별시,A1100048,노원을지대학교병원,중증,Y0010,심근경색의 재관류중재술,"심근경색의 재관류중재술 야간(18:00 ~ 08:00),주말, 공휴일 불가",20261001000000,20261004000000,"서울특별시 노원구 한글비석로 68, 을지병원 (하계동)",A1100048,98,자동,차단,
2026-10-01 02:00:00,서울특별시,A1100048,노원을지대학교병원,중증,Y0082,위장관 응급내시경(영유아),"위장관 응급내시경(영유아) 야간(17:00 ~ 09:00), 주말, 공휴일 불가",20261001000000,20261004000000,"서울특별시 노원구 한글비석로 68, 을지병원 (하계동)",A1100048,99,자동,차단,
2026-10-01 02:00:00,서울특별시,A1100048,노원을지대학교병원,응급,Y000,응급실,"순환기내과 인력부족 CAG불가 야간(18:00 ~ 08:00까지 불가능), 주말, 공휴일 불가",20261001000000,20261004000000,"서울특별시 노원구 한글비석로 68, 을지병원 (하계동)",A1100048,100,자동,차단,순환기내과
2026-10-01 02:00:00,서울특별시,A1100048,노원을지대학교병원,응급,Y000,응급실,소아청소년과 24개월미만 진료불가,20261001000000,20261004000000,"서울특별시 노원구 한글비석로 68, 을지병원 (하계동)",A1100048,101,자동,차단,소아청소년과
2026-10-01 02:00:00,서울특별시,A1100048,노원을지대학교병원,중증,Y0091,기관지 응급내시경(성인),"기관지 응급내시경(성인) 야간(18:00 ~ 08:00) ,주말, 공휴일 불가",20261001000000,20261004000000,"서울특별시 노원구 한글비석로 68, 을지병원 (하계동)",A1100048,102,자동,차단,
2026-10-01 02:00:00,서울특별시,A1100048,노원을지대학교병원,응급,Y000,응급실,소아청소년과 진료가능 시간 (월~금 08:00 ~ 18:00) 이외 시간은 진료 불가,20261001000000,20261004000000,"서울특별시 노원구 한글비석로 68, 을지병원 (하계동)",A1100048,103,자동,차단,소아청소년과
2026-10-01 02:00:00,서울특별시,A1100051,혜민병원,중증,Y0032,뇌출혈수술(거미막하 출혈 외),불가능메세지등록,20260928000000,20261005000000,서울특별시 광진구 자양로 85 (자양동),A1100051,104,자동,차단,
2026-10-01 02:00:00,서울특별시,A1100051,혜민병원,중증,Y0051,담낭담관질환(담낭질환),불가능메세지등록,20260928000000,20261005000000,서울특별시 광진구 자양로 85 (자양동),A1100051,105,자동,차단,
2026-10-01 02:00:00,서울특별시,A1100053,한국보훈복지의료공단 중앙보훈병원,응급,Y000,응급실,내과계중환지실 부족으로 인해 내과계중환자 수용불가,20260928090000,20261005090000,서울특별시 강동구 진황도로61길 53 (둔촌동),A1100053,106,자동,차단,병상 또는 장비
2026-10-01 02:00:00,서울특별시,A1100054,성애의료재단성애병원,중증,Y0032,뇌출혈수술(거미막하 출혈 외),불가능메세지등록,20260930173000,20261001083000,"서울특별시 영등포구 여의대방로53길 22 (신길동, 성애병원)",A1100054,107,자동,차단,
2026-10-01 02:00:00,서울특별시,A1100223,서울특별시서남병원,중증,Y0051,담낭담관질환(담낭질환),ERCP 불가,20260930000000,20261007235900,서울특별시 양천구 신정이펜1로 20 (신정동),A1100223,108,자동,차단,
2026-10-01 02:00:00,서울특별시,A1100223,서울특별시서남병원,중증,Y0113,산부인과 응급(부인과수술),외래진료만 가능,20260930000000,20261007235900,서울특별시 양천구 신정이펜1로 20 (신정동),A1100223,109,자동,차단,
2026-10-01 02:00:00,서울특별시,A1120796,이화여자대학교의과대학부속서울병원,응급,Y000,응급실,"비뇨의학과 인력부재로 응급시술, 수술 불가",20260928230000,20261005230000,"서울특별시 강서구 공항대로 260, 이화의대부속서울병원 (마곡동)",A1120796,110,자동,차단,비뇨의학과
2026-10-01 02:00:00,서울특별시,A1120796,이화여자대학교의과대학부속서울병원,응급,Y000,응급실,"치과 인력부재로 주말, 공휴일, 소아 치과 진료 불가",20260928230000,20261005230000,"서울특별시 강서구 공항대로 260, 이화의대부속서울병원 (마곡동)",A1120796,111,자동,차단,치과
2026-10-01 02:00:00,서울특별시,A1120796,이화여자대학교의과대학부속서울병원,응급,Y000,응급실,피부과 인력부재로 진료 불가,20260928230000,20261005230000,"서울특별시 강서구 공항대로 260, 이화의대부속서울병원 (마곡동)",A1120796,112,자동,차단,피부과
2026-10-01 02:00:00,서울특별시,A1120796,이화여자대학교의과대학부속서울병원,응급,Y000,응급실,안과 인력부재로 진료 불가,20260928230000,20261005230000,"서울특별시 강서구 공항대로 260, 이화의대부속서울병원 (마곡동)",A1120796,113,자동,차단,안과
2026-10-01 02:00:00,서울특별시,A1120796,이화여자대학교의과대학부속서울병원,응급,Y000,응급실,이비인후과 인력부재로 진료 불가,20260928230000,20261005230000,"서울특별시 강서구 공항대로 260, 이화의대부속서울병원 (마곡동)",A1120796,114,자동,차단,이비인후과
2026-10-01 02:00:00,서울특별시,A1120796,이화여자대학교의과대학부속서울병원,응급,Y000,응급실,성형외과 인력부재로 응급실에서 성형외과 단순 봉합 불가,20260928230000,20261005230000,"서울특별시 강서구 공항대로 260, 이화의대부속서울병원 (마곡동)",A1120796,115,자동,차단,정형외과
2026-10-01 02:00:00,서울특별시,A1120796,이화여자대학교의과대학부속서울병원,응급,Y000,응급실,응급실에서 DI 환자 진료 불가,20260928230000,20261005230000,"서울특별시 강서구 공항대로 260, 이화의대부속서울병원 (마곡동)",A1120796,116,자동,차단,기타 진료과
2026-10-01 02:00:00,서울특별시,A1120796,이화여자대학교의과대학부속서울병원,응급,Y000,응급실,정신건강의학과 인력부재로 진료 불가,20260928230000,20261005230000,"서울특별시 강서구 공항대로 260, 이화의대부속서울병원 (마곡동)",A1120796,117,자동,차단,정신건강의학과
2026-10-01 02:00:00,서울특별시,A1121013,가톨릭대학교은평성모병원,응급,Y000,응급실,"심혈관질환 전용 핫라인: 010-7317-2540  (심장/대동맥수술, 급성심근경색, 심부전등)",20260928080000,20261005075900,서울특별시 은평구 통일로 1021 (진관동),A1121013,118,자동,차단,순환기내과
2026-10-01 02:00:00,서울특별시,A1121013,가톨릭대학교은평성모병원,응급,Y000,응급실,"금요일 18 시~일요일 18 시소아신경과 진료불가(소아신경 의사 부재/ 단 본원 소아신경 f/u환아는 소아응급실 진료있는 날 응급실에서 진료가능 ), 소아청소년과 중증환자 수용불가",20260928080000,20261005075900,서울특별시 은평구 통일로 1021 (진관동),A1121013,119,자동,차단,소아청소년과
2026-10-01 02:00:00,서울특별시,A1121013,가톨릭대학교은평성모병원,응급,Y000,응급실,치과  (응급실 진료불가 ),20260928080000,20261005075900,서울특별시 은평구 통일로 1021 (진관동),A1121013,120,자동,차단,치과
2026-10-01 02:00:00,서울특별시,A1121013,가톨릭대학교은평성모병원,응급,Y000,응급실,정신건강의학과(응급실 진료불가),20260928080000,20261005075900,서울특별시 은평구 통일로 1021 (진관동),A1121013,121,자동,차단,정신건강의학과
2026-10-01 02:00:00,경기도,A2100001,분당서울대학교병원,응급,Y000,응급실,"[감염내과] 경증코로나, 단순 봉와직염 수용 불가능",20260930000000,20261007235900,"경기도 성남시 분당구 구미로173번길 82 (구미동, 분당서울대학교병원)",A2100001,1,자동,차단,감염내과
2026-10-01 02:00:00,경기도,A2100001,분당서울대학교병원,응급,Y000,응급실,[정형외과] 사지접합술 제외한 응급수술 가능,20260930000000,20261007235900,"경기도 성남시 분당구 구미로173번길 82 (구미동, 분당서울대학교병원)",A2100001,2,자동,차단,정형외과
2026-10-01 02:00:00,경기도,A2100001,분당서울대학교병원,응급,Y000,응급실,"[산부인과/산과] 임신 14주 이내 복통, 출혈, 유산의심, 단순 태아 심박동 확인 수용 불가능(원내 직원 포함)",20260930000000,20261007235900,"경기도 성남시 분당구 구미로173번길 82 (구미동, 분당서울대학교병원)",A2100001,3,자동,차단,산부인과
2026-10-01 02:00:00,경기도,A2100001,분당서울대학교병원,응급,Y000,응급실,"[류마티스내과] 통풍 신초진환자 수용불가, 단 본과 기 진료환자 수용가능",20260930000000,20261007235900,"경기도 성남시 분당구 구미로173번길 82 (구미동, 분당서울대학교병원)",A2100001,4,자동,차단,류마티스내과
2026-10-01 02:00:00,경기도,A2100001,분당서울대학교병원,응급,Y000,응급실,[신경외과] 경증 두부외상 수용 불가능,20260930000000,20261007235900,"경기도 성남시 분당구 구미로173번길 82 (구미동, 분당서울대학교병원)",A2100001,5,자동,차단,신경외과
2026-10-01 02:00:00,경기도,A2100001,분당서울대학교병원,응급,Y000,응급실,"[비뇨의학과] 응급수술 불가능(고환염전, 골반내 비뇨기외상,신장외상,지속발기증 등)",20260930000000,20261007235900,"경기도 성남시 분당구 구미로173번길 82 (구미동, 분당서울대학교병원)",A2100001,6,자동,차단,비뇨의학과
2026-10-01 02:00:00,경기도,A2100001,분당서울대학교병원,응급,Y000,응급실,"[소아청소년과] 소아위장관 정규 내시경 화 오전만 가능, 단순 위장관염 수용 불가능",20260930000000,20261007235900,"경기도 성남시 분당구 구미로173번길 82 (구미동, 분당서울대학교병원)",A2100001,7,자동,차단,소아청소년과
2026-10-01 02:00:00,경기도,A2100001,분당서울대학교병원,응급,Y000,응급실,"[호흡기내과] 활력징후 안정적인 단순 폐렴, 본원 호흡기 f/u한 적 없는 요양병원 장기입원 환자의 폐렴환자 수용불가",20260930000000,20261007235900,"경기도 성남시 분당구 구미로173번길 82 (구미동, 분당서울대학교병원)",A2100001,8,자동,차단,호흡기내과
2026-10-01 02:00:00,경기도,A2100001,분당서울대학교병원,응급,Y000,응급실,"[혈액종양내과] 타원 진료 중인 암 환자, 호스피스/연고지 목적으로 내원하는 환자 수용불가능",20260930000000,20261007235900,"경기도 성남시 분당구 구미로173번길 82 (구미동, 분당서울대학교병원)",A2100001,9,자동,차단,혈액·종양내과
2026-10-01 02:00:00,경기도,A2100001,분당서울대학교병원,응급,Y000,응급실,"[신장내과] 단순 요로감염, 합병증 없는 신우신염 수용 불가능",20260930000000,20261007235900,"경기도 성남시 분당구 구미로173번길 82 (구미동, 분당서울대학교병원)",A2100001,10,자동,차단,신장내과
2026-10-01 02:00:00,경기도,A2100001,분당서울대학교병원,응급,Y000,응급실,[소아청소년과] 생후 28일 이내 신생아 평일 8A~5P 진료가능 이외 주말 및 공휴일 수용불가능,20260930000000,20261007235900,"경기도 성남시 분당구 구미로173번길 82 (구미동, 분당서울대학교병원)",A2100001,11,자동,차단,소아청소년과
2026-10-01 02:00:00,경기도,A2100001,분당서울대학교병원,응급,Y000,응급실,[정신건강의학과] 정신과적 응급입원 평일 9A~6P만 가능 이외 주말 및 공휴일 수용불가능,20260930000000,20261007235900,"경기도 성남시 분당구 구미로173번길 82 (구미동, 분당서울대학교병원)",A2100001,12,자동,차단,정신건강의학과
2026-10-01 02:00:00,경기도,A2100001,분당서울대학교병원,응급,Y000,응급실,"[성형외과] 성형외과적 봉합은 안면부 깊은 열상 또는 혈관,신경,힘줄 손상이 의심되는 수부 열상만 가능(이외 불가)",20260930000000,20261007235900,"경기도 성남시 분당구 구미로173번길 82 (구미동, 분당서울대학교병원)",A2100001,13,자동,차단,성형외과
2026-10-01 02:00:00,경기도,A2100001,분당서울대학교병원,응급,Y000,응급실,"[안과] 주중 8A~10P, 주말 및 공휴일 8A~8P 진료가능",20260930000000,20261007235900,"경기도 성남시 분당구 구미로173번길 82 (구미동, 분당서울대학교병원)",A2100001,14,자동,차단,안과
2026-10-01 02:00:00,경기도,A2100002,아주대학교병원,응급,Y000,응급실,이비인후과 두경부파트 진료 제한(정규 시간 외 17시~08시),20260930000000,20261007235900,경기도 수원시 영통구 월드컵로 164 (원천동),A2100002,15,자동,차단,이비인후과
2026-10-01 02:00:00,경기도,A2100002,아주대학교병원,응급,Y000,응급실,소아 비뇨의학과/소화기내과 관련 내원 시 사전 문의 필수,20260930000000,20261007235900,경기도 수원시 영통구 월드컵로 164 (원천동),A2100002,16,자동,차단,소아청소년과
2026-10-01 02:00:00,경기도,A2100003,고려대학교의과대학부속안산병원,응급,Y000,응급실,[안과] 과 내 사정으로 토요일 협진 제한,20260928120000,20261002120000,경기도 안산시 단원구 적금로 123 (고잔동),A2100003,17,자동,차단,안과
2026-10-01 02:00:00,경기도,A2100003,고려대학교의과대학부속안산병원,응급,Y000,응급실,"[소아과] 호흡기분과 제한적 입원, 혈액종양분과 입원 불가, 중환자실 입실 불가",20260928120000,20261002120000,경기도 안산시 단원구 적금로 123 (고잔동),A2100003,18,자동,차단,소아청소년과
2026-10-01 02:00:00,경기도,A2100005,순천향대학교부속부천병원,중증,Y0100,저출생체중아,시설공사로 19병상으로 축소운영.  신환수용 불가.,20260928150000,20261005180000,"경기도 부천시 원미구 조마루로 170, 부흥로 173(1층일부) (중동)",A2100005,19,자동,차단,소아청소년과
2026-10-01 02:00:00,경기도,A2100012,가톨릭대학교성빈센트병원,응급,Y000,응급실,불가능메세지등록,20260930170000,20261001080000,경기도 수원시 팔달구 중부대로 93 (지동),A2100012,20,자동,차단,신경과
2026-10-01 02:00:00,경기도,A2100012,가톨릭대학교성빈센트병원,응급,Y000,응급실,"간,담,췌장 파트 신환진료 불가",20260924080100,20261001080000,경기도 수원시 팔달구 중부대로 93 (지동),A2100012,21,자동,차단,소화기내과
2026-10-01 02:00:00,경기도,A2100015,효산의료재단안양샘병원,응급,Y000,응급실,"평일 08시~18시, 토요일 08~13시 이외 진료 불가(24개월 미만 진료불가)",20260924080000,20261001080000,"경기도 안양시 만안구 삼덕로 9 (안양동, 안양샘병원)",A2100015,22,자동,차단,소아청소년과
2026-10-01 02:00:00,경기도,A2100018,의료법인은혜와감사의료재단화성중앙종합병원,중증,Y0010,심근경색의 재관류중재술,불가능메세지등록,20260930000000,20261005000000,경기도 화성시 만세구 향남읍 발안로 5,A2100018,23,자동,차단,
2026-10-01 02:00:00,경기도,A2100018,의료법인은혜와감사의료재단화성중앙종합병원,중증,Y0020,뇌경색의 재관류중재술,불가능메세지등록,20260930000000,20261005000000,경기도 화성시 만세구 향남읍 발안로 5,A2100018,24,자동,차단,
2026-10-01 02:00:00,경기도,A2100018,의료법인은혜와감사의료재단화성중앙종합병원,중증,Y0031,뇌출혈수술(거미막하 출혈),불가능메세지등록,20260930000000,20261005000000,경기도 화성시 만세구 향남읍 발안로 5,A2100018,25,자동,차단,
2026-10-01 02:00:00,경기도,A2100018,의료법인은혜와감사의료재단화성중앙종합병원,중증,Y0032,뇌출혈수술(거미막하 출혈 외),불가능메세지등록,20260930000000,20261005000000,경기도 화성시 만세구 향남읍 발안로 5,A2100018,26,자동,차단,신경외과
2026-10-01 02:00:00,경기도,A2100018,의료법인은혜와감사의료재단화성중앙종합병원,중증,Y0041,대동맥응급(흉부),불가능메세지등록,20260930000000,20261005000000,경기도 화성시 만세구 향남읍 발안로 5,A2100018,27,자동,차단,
2026-10-01 02:00:00,경기도,A2100018,의료법인은혜와감사의료재단화성중앙종합병원,중증,Y0042,대동맥응급(복부),불가능메세지등록,20260930000000,20261005000000,경기도 화성시 만세구 향남읍 발안로 5,A2100018,28,자동,차단,
2026-10-01 02:00:00,경기도,A2100018,의료법인은혜와감사의료재단화성중앙종합병원,중증,Y0051,담낭담관질환(담낭질환),불가능메세지등록,20260930000000,20261005000000,경기도 화성시 만세구 향남읍 발안로 5,A2100018,29,자동,차단,
2026-10-01 02:00:00,경기도,A2100018,의료법인은혜와감사의료재단화성중앙종합병원,중증,Y0052,담낭담관질환(담도포함질환),불가능메세지등록,20260930000000,20261005000000,경기도 화성시 만세구 향남읍 발안로 5,A2100018,30,자동,차단,
2026-10-01 02:00:00,경기도,A2100018,의료법인은혜와감사의료재단화성중앙종합병원,중증,Y0060,복부응급수술(비외상),불가능메세지등록,20260930000000,20261005000000,경기도 화성시 만세구 향남읍 발안로 5,A2100018,31,자동,차단,
2026-10-01 02:00:00,경기도,A2100018,의료법인은혜와감사의료재단화성중앙종합병원,중증,Y0070,장중첩/폐색(유아),불가능메세지등록,20260930000000,20261005000000,경기도 화성시 만세구 향남읍 발안로 5,A2100018,32,자동,차단,
2026-10-01 02:00:00,경기도,A2100018,의료법인은혜와감사의료재단화성중앙종합병원,중증,Y0081,위장관 응급내시경(성인),불가능메세지등록,20260930000000,20261005000000,경기도 화성시 만세구 향남읍 발안로 5,A2100018,33,자동,차단,내과
2026-10-01 02:00:00,경기도,A2100018,의료법인은혜와감사의료재단화성중앙종합병원,중증,Y0082,위장관 응급내시경(영유아),불가능메세지등록,20260930000000,20261005000000,경기도 화성시 만세구 향남읍 발안로 5,A2100018,34,자동,차단,
2026-10-01 02:00:00,경기도,A2100018,의료법인은혜와감사의료재단화성중앙종합병원,중증,Y0091,기관지 응급내시경(성인),불가능메세지등록,20260930000000,20261005000000,경기도 화성시 만세구 향남읍 발안로 5,A2100018,35,자동,차단,
2026-10-01 02:00:00,경기도,A2100018,의료법인은혜와감사의료재단화성중앙종합병원,중증,Y0092,기관지 응급내시경(영유아),불가능메세지등록,20260930000000,20261005000000,경기도 화성시 만세구 향남읍 발안로 5,A2100018,36,자동,차단,
2026-10-01 02:00:00,경기도,A2100018,의료법인은혜와감사의료재단화성중앙종합병원,중증,Y0100,저출생체중아,불가능메세지등록,20260930000000,20261005000000,경기도 화성시 만세구 향남읍 발안로 5,A2100018,37,자동,차단,
2026-10-01 02:00:00,경기도,A2100018,의료법인은혜와감사의료재단화성중앙종합병원,중증,Y0111,산부인과 응급(분만),불가능메세지등록,20260930000000,20261005000000,경기도 화성시 만세구 향남읍 발안로 5,A2100018,38,자동,차단,
2026-10-01 02:00:00,경기도,A2100018,의료법인은혜와감사의료재단화성중앙종합병원,중증,Y0112,산부인과 응급(산과수술),불가능메세지등록,20260930000000,20261005000000,경기도 화성시 만세구 향남읍 발안로 5,A2100018,39,자동,차단,
2026-10-01 02:00:00,경기도,A2100018,의료법인은혜와감사의료재단화성중앙종합병원,중증,Y0113,산부인과 응급(부인과수술),불가능메세지등록,20260930000000,20261005000000,경기도 화성시 만세구 향남읍 발안로 5,A2100018,40,자동,차단,
2026-10-01 02:00:00,경기도,A2100018,의료법인은혜와감사의료재단화성중앙종합병원,중증,Y0120,중증화상,불가능메세지등록,20260930000000,20261005000000,경기도 화성시 만세구 향남읍 발안로 5,A2100018,41,자동,차단,
2026-10-01 02:00:00,경기도,A2100018,의료법인은혜와감사의료재단화성중앙종합병원,중증,Y0131,수족지접합,불가능메세지등록,20260930000000,20261005000000,경기도 화성시 만세구 향남읍 발안로 5,A2100018,42,자동,차단,
2026-10-01 02:00:00,경기도,A2100018,의료법인은혜와감사의료재단화성중앙종합병원,중증,Y0132,수족지접합 외,불가능메세지등록,20260930000000,20261005000000,경기도 화성시 만세구 향남읍 발안로 5,A2100018,43,자동,차단,
2026-10-01 02:00:00,경기도,A2100018,의료법인은혜와감사의료재단화성중앙종합병원,중증,Y0141,응급투석(HD),불가능메세지등록,20260930000000,20261005000000,경기도 화성시 만세구 향남읍 발안로 5,A2100018,44,자동,차단,
2026-10-01 02:00:00,경기도,A2100018,의료법인은혜와감사의료재단화성중앙종합병원,중증,Y0142,응급투석(CRRT),불가능메세지등록,20260930000000,20261005000000,경기도 화성시 만세구 향남읍 발안로 5,A2100018,45,자동,차단,
2026-10-01 02:00:00,경기도,A2100018,의료법인은혜와감사의료재단화성중앙종합병원,중증,Y0150,정신과적 응급입원,불가능메세지등록,20260930000000,20261005000000,경기도 화성시 만세구 향남읍 발안로 5,A2100018,46,자동,차단,
2026-10-01 02:00:00,경기도,A2100018,의료법인은혜와감사의료재단화성중앙종합병원,중증,Y0160,안과적 응급 수술,불가능메세지등록,20260930000000,20261005000000,경기도 화성시 만세구 향남읍 발안로 5,A2100018,47,자동,차단,
2026-10-01 02:00:00,경기도,A2100018,의료법인은혜와감사의료재단화성중앙종합병원,중증,Y0171,영상의학혈관중재(성인),불가능메세지등록,20260930000000,20261005000000,경기도 화성시 만세구 향남읍 발안로 5,A2100018,48,자동,차단,
2026-10-01 02:00:00,경기도,A2100018,의료법인은혜와감사의료재단화성중앙종합병원,중증,Y0172,영상의학혈관중재(영유아),불가능메세지등록,20260930000000,20261005000000,경기도 화성시 만세구 향남읍 발안로 5,A2100018,49,자동,차단,
2026-10-01 02:00:00,경기도,A2100018,의료법인은혜와감사의료재단화성중앙종합병원,중증,Y0010,심근경색의 재관류중재술,불가능메세지등록,20260930000000,20261005000000,경기도 화성시 만세구 향남읍 발안로 5,A2100018,50,자동,차단,
2026-10-01 02:00:00,경기도,A2100018,의료법인은혜와감사의료재단화성중앙종합병원,중증,Y0020,뇌경색의 재관류중재술,불가능메세지등록,20260930000000,20261005000000,경기도 화성시 만세구 향남읍 발안로 5,A2100018,51,자동,차단,
2026-10-01 02:00:00,경기도,A2100018,의료법인은혜와감사의료재단화성중앙종합병원,중증,Y0031,뇌출혈수술(거미막하 출혈),불가능메세지등록,20260930000000,20261005000000,경기도 화성시 만세구 향남읍 발안로 5,A2100018,52,자동,차단,
2026-10-01 02:00:00,경기도,A2100018,의료법인은혜와감사의료재단화성중앙종합병원,중증,Y0032,뇌출혈수술(거미막하 출혈 외),불가능메세지등록,20260930000000,20261005000000,경기도 화성시 만세구 향남읍 발안로 5,A2100018,53,자동,차단,신경외과
2026-10-01 02:00:00,경기도,A2100018,의료법인은혜와감사의료재단화성중앙종합병원,중증,Y0041,대동맥응급(흉부),불가능메세지등록,20260930000000,20261005000000,경기도 화성시 만세구 향남읍 발안로 5,A2100018,54,자동,차단,
2026-10-01 02:00:00,경기도,A2100018,의료법인은혜와감사의료재단화성중앙종합병원,중증,Y0042,대동맥응급(복부),불가능메세지등록,20260930000000,20261005000000,경기도 화성시 만세구 향남읍 발안로 5,A2100018,55,자동,차단,
2026-10-01 02:00:00,경기도,A2100018,의료법인은혜와감사의료재단화성중앙종합병원,중증,Y0051,담낭담관질환(담낭질환),불가능메세지등록,20260930000000,20261005000000,경기도 화성시 만세구 향남읍 발안로 5,A2100018,56,자동,차단,
2026-10-01 02:00:00,경기도,A2100018,의료법인은혜와감사의료재단화성중앙종합병원,중증,Y0052,담낭담관질환(담도포함질환),불가능메세지등록,20260930000000,20261005000000,경기도 화성시 만세구 향남읍 발안로 5,A2100018,57,자동,차단,
2026-10-01 02:00:00,경기도,A2100018,의료법인은혜와감사의료재단화성중앙종합병원,중증,Y0060,복부응급수술(비외상),불가능메세지등록,20260930000000,20261005000000,경기도 화성시 만세구 향남읍 발안로 5,A2100018,58,자동,차단,
2026-10-01 02:00:00,경기도,A2100018,의료법인은혜와감사의료재단화성중앙종합병원,중증,Y0070,장중첩/폐색(유아),불가능메세지등록,20260930000000,20261005000000,경기도 화성시 만세구 향남읍 발안로 5,A2100018,59,자동,차단,
2026-10-01 02:00:00,경기도,A2100018,의료법인은혜와감사의료재단화성중앙종합병원,중증,Y0081,위장관 응급내시경(성인),불가능메세지등록,20260930000000,20261005000000,경기도 화성시 만세구 향남읍 발안로 5,A2100018,60,자동,차단,내과
2026-10-01 02:00:00,경기도,A2100018,의료법인은혜와감사의료재단화성중앙종합병원,중증,Y0082,위장관 응급내시경(영유아),불가능메세지등록,20260930000000,20261005000000,경기도 화성시 만세구 향남읍 발안로 5,A2100018,61,자동,차단,
2026-10-01 02:00:00,경기도,A2100018,의료법인은혜와감사의료재단화성중앙종합병원,중증,Y0091,기관지 응급내시경(성인),불가능메세지등록,20260930000000,20261005000000,경기도 화성시 만세구 향남읍 발안로 5,A2100018,62,자동,차단,
2026-10-01 02:00:00,경기도,A2100018,의료법인은혜와감사의료재단화성중앙종합병원,중증,Y0092,기관지 응급내시경(영유아),불가능메세지등록,20260930000000,20261005000000,경기도 화성시 만세구 향남읍 발안로 5,A2100018,63,자동,차단,
2026-10-01 02:00:00,경기도,A2100018,의료법인은혜와감사의료재단화성중앙종합병원,중증,Y0100,저출생체중아,불가능메세지등록,20260930000000,20261005000000,경기도 화성시 만세구 향남읍 발안로 5,A2100018,64,자동,차단,
2026-10-01 02:00:00,경기도,A2100018,의료법인은혜와감사의료재단화성중앙종합병원,중증,Y0111,산부인과 응급(분만),불가능메세지등록,20260930000000,20261005000000,경기도 화성시 만세구 향남읍 발안로 5,A2100018,65,자동,차단,
2026-10-01 02:00:00,경기도,A2100018,의료법인은혜와감사의료재단화성중앙종합병원,중증,Y0112,산부인과 응급(산과수술),불가능메세지등록,20260930000000,20261005000000,경기도 화성시 만세구 향남읍 발안로 5,A2100018,66,자동,차단,
2026-10-01 02:00:00,경기도,A2100018,의료법인은혜와감사의료재단화성중앙종합병원,중증,Y0113,산부인과 응급(부인과수술),불가능메세지등록,20260930000000,20261005000000,경기도 화성시 만세구 향남읍 발안로 5,A2100018,67,자동,차단,
2026-10-01 02:00:00,경기도,A2100018,의료법인은혜와감사의료재단화성중앙종합병원,중증,Y0120,중증화상,불가능메세지등록,20260930000000,20261005000000,경기도 화성시 만세구 향남읍 발안로 5,A2100018,68,자동,차단,
2026-10-01 02:00:00,경기도,A2100018,의료법인은혜와감사의료재단화성중앙종합병원,중증,Y0131,수족지접합,불가능메세지등록,20260930000000,20261005000000,경기도 화성시 만세구 향남읍 발안로 5,A2100018,69,자동,차단,
2026-10-01 02:00:00,경기도,A2100018,의료법인은혜와감사의료재단화성중앙종합병원,중증,Y0132,수족지접합 외,불가능메세지등록,20260930000000,20261005000000,경기도 화성시 만세구 향남읍 발안로 5,A2100018,70,자동,차단,
2026-10-01 02:00:00,경기도,A2100018,의료법인은혜와감사의료재단화성중앙종합병원,중증,Y0141,응급투석(HD),불가능메세지등록,20260930000000,20261005000000,경기도 화성시 만세구 향남읍 발안로 5,A2100018,71,자동,차단,
2026-10-01 02:00:00,경기도,A2100018,의료법인은혜와감사의료재단화성중앙종합병원,중증,Y0142,응급투석(CRRT),불가능메세지등록,20260930000000,20261005000000,경기도 화성시 만세구 향남읍 발안로 5,A2100018,72,자동,차단,
2026-10-01 02:00:00,경기도,A2100018,의료법인은혜와감사의료재단화성중앙종합병원,중증,Y0150,정신과적 응급입원,불가능메세지등록,20260930000000,20261005000000,경기도 화성시 만세구 향남읍 발안로 5,A2100018,73,자동,차단,
2026-10-01 02:00:00,경기도,A2100018,의료법인은혜와감사의료재단화성중앙종합병원,중증,Y0160,안과적 응급 수술,불가능메세지등록,20260930000000,20261005000000,경기도 화성시 만세구 향남읍 발안로 5,A2100018,74,자동,차단,
2026-10-01 02:00:00,경기도,A2100018,의료법인은혜와감사의료재단화성중앙종합병원,중증,Y0171,영상의학혈관중재(성인),불가능메세지등록,20260930000000,20261005000000,경기도 화성시 만세구 향남읍 발안로 5,A2100018,75,자동,차단,
2026-10-01 02:00:00,경기도,A2100018,의료법인은혜와감사의료재단화성중앙종합병원,중증,Y0172,영상의학혈관중재(영유아),불가능메세지등록,20260930000000,20261005000000,경기도 화성시 만세구 향남읍 발안로 5,A2100018,76,자동,차단,
2026-10-01 02:00:00,경기도,A2100018,의료법인은혜와감사의료재단화성중앙종합병원,중증,Y0010,심근경색의 재관류중재술,불가능메세지등록,20260930000000,20261005055900,경기도 화성시 만세구 향남읍 발안로 5,A2100018,77,자동,차단,
2026-10-01 02:00:00,경기도,A2100018,의료법인은혜와감사의료재단화성중앙종합병원,중증,Y0020,뇌경색의 재관류중재술,불가능메세지등록,20260930000000,20261005235900,경기도 화성시 만세구 향남읍 발안로 5,A2100018,78,자동,차단,
2026-10-01 02:00:00,경기도,A2100018,의료법인은혜와감사의료재단화성중앙종합병원,중증,Y0031,뇌출혈수술(거미막하 출혈),불가능메세지등록,20260930000000,20261005235900,경기도 화성시 만세구 향남읍 발안로 5,A2100018,79,자동,차단,
2026-10-01 02:00:00,경기도,A2100018,의료법인은혜와감사의료재단화성중앙종합병원,중증,Y0032,뇌출혈수술(거미막하 출혈 외),불가능메세지등록,20260930000000,20261005235900,경기도 화성시 만세구 향남읍 발안로 5,A2100018,80,자동,차단,신경외과
2026-10-01 02:00:00,경기도,A2100018,의료법인은혜와감사의료재단화성중앙종합병원,중증,Y0041,대동맥응급(흉부),불가능메세지등록,20260930000000,20261005235900,경기도 화성시 만세구 향남읍 발안로 5,A2100018,81,자동,차단,
2026-10-01 02:00:00,경기도,A2100018,의료법인은혜와감사의료재단화성중앙종합병원,중증,Y0042,대동맥응급(복부),불가능메세지등록,20260930000000,20261005235900,경기도 화성시 만세구 향남읍 발안로 5,A2100018,82,자동,차단,
2026-10-01 02:00:00,경기도,A2100018,의료법인은혜와감사의료재단화성중앙종합병원,중증,Y0051,담낭담관질환(담낭질환),불가능메세지등록,20260930000000,20261005235900,경기도 화성시 만세구 향남읍 발안로 5,A2100018,83,자동,차단,
2026-10-01 02:00:00,경기도,A2100018,의료법인은혜와감사의료재단화성중앙종합병원,중증,Y0052,담낭담관질환(담도포함질환),불가능메세지등록,20260930000000,20261005235900,경기도 화성시 만세구 향남읍 발안로 5,A2100018,84,자동,차단,
2026-10-01 02:00:00,경기도,A2100018,의료법인은혜와감사의료재단화성중앙종합병원,중증,Y0060,복부응급수술(비외상),불가능메세지등록,20260930000000,20261005235900,경기도 화성시 만세구 향남읍 발안로 5,A2100018,85,자동,차단,
2026-10-01 02:00:00,경기도,A2100018,의료법인은혜와감사의료재단화성중앙종합병원,중증,Y0081,위장관 응급내시경(성인),불가능메세지등록,20260930000000,20261005215900,경기도 화성시 만세구 향남읍 발안로 5,A2100018,86,자동,차단,내과
2026-10-01 02:00:00,경기도,A2100018,의료법인은혜와감사의료재단화성중앙종합병원,중증,Y0082,위장관 응급내시경(영유아),불가능메세지등록,20260930000000,20261005235900,경기도 화성시 만세구 향남읍 발안로 5,A2100018,87,자동,차단,
2026-10-01 02:00:00,경기도,A2100018,의료법인은혜와감사의료재단화성중앙종합병원,중증,Y0091,기관지 응급내시경(성인),불가능메세지등록,20260930000000,20261005235900,경기도 화성시 만세구 향남읍 발안로 5,A2100018,88,자동,차단,
2026-10-01 02:00:00,경기도,A2100018,의료법인은혜와감사의료재단화성중앙종합병원,중증,Y0092,기관지 응급내시경(영유아),불가능메세지등록,20260930000000,20261005235900,경기도 화성시 만세구 향남읍 발안로 5,A2100018,89,자동,차단,
2026-10-01 02:00:00,경기도,A2100018,의료법인은혜와감사의료재단화성중앙종합병원,중증,Y0100,저출생체중아,불가능메세지등록,20260930000000,20261005235900,경기도 화성시 만세구 향남읍 발안로 5,A2100018,90,자동,차단,
2026-10-01 02:00:00,경기도,A2100018,의료법인은혜와감사의료재단화성중앙종합병원,중증,Y0111,산부인과 응급(분만),불가능메세지등록,20260930000000,20261005235900,경기도 화성시 만세구 향남읍 발안로 5,A2100018,91,자동,차단,
2026-10-01 02:00:00,경기도,A2100018,의료법인은혜와감사의료재단화성중앙종합병원,중증,Y0112,산부인과 응급(산과수술),불가능메세지등록,20260930000000,20261005235900,경기도 화성시 만세구 향남읍 발안로 5,A2100018,92,자동,차단,
2026-10-01 02:00:00,경기도,A2100018,의료법인은혜와감사의료재단화성중앙종합병원,중증,Y0113,산부인과 응급(부인과수술),불가능메세지등록,20260930000000,20261005235900,경기도 화성시 만세구 향남읍 발안로 5,A2100018,93,자동,차단,
2026-10-01 02:00:00,경기도,A2100018,의료법인은혜와감사의료재단화성중앙종합병원,중증,Y0120,중증화상,불가능메세지등록,20260930000000,20261005235900,경기도 화성시 만세구 향남읍 발안로 5,A2100018,94,자동,차단,
2026-10-01 02:00:00,경기도,A2100018,의료법인은혜와감사의료재단화성중앙종합병원,중증,Y0131,수족지접합,불가능메세지등록,20260930000000,20261005235900,경기도 화성시 만세구 향남읍 발안로 5,A2100018,95,자동,차단,
2026-10-01 02:00:00,경기도,A2100018,의료법인은혜와감사의료재단화성중앙종합병원,중증,Y0132,수족지접합 외,불가능메세지등록,20260930000000,20261005235900,경기도 화성시 만세구 향남읍 발안로 5,A2100018,96,자동,차단,
2026-10-01 02:00:00,경기도,A2100018,의료법인은혜와감사의료재단화성중앙종합병원,중증,Y0141,응급투석(HD),불가능메세지등록,20260930000000,20261005235900,경기도 화성시 만세구 향남읍 발안로 5,A2100018,97,자동,차단,
2026-10-01 02:00:00,경기도,A2100018,의료법인은혜와감사의료재단화성중앙종합병원,중증,Y0142,응급투석(CRRT),불가능메세지등록,20260930000000,20261005235900,경기도 화성시 만세구 향남읍 발안로 5,A2100018,98,자동,차단,
2026-10-01 02:00:00,경기도,A2100018,의료법인은혜와감사의료재단화성중앙종합병원,중증,Y0150,정신과적 응급입원,불가능메세지등록,20260930000000,20261005235900,경기도 화성시 만세구 향남읍 발안로 5,A2100018,99,자동,차단,
2026-10-01 02:00:00,경기도,A2100018,의료법인은혜와감사의료재단화성중앙종합병원,중증,Y0160,안과적 응급 수술,불가능메세지등록,20260930000000,20261005235900,경기도 화성시 만세구 향남읍 발안로 5,A2100018,100,자동,차단,
2026-10-01 02:00:00,경기도,A2100018,의료법인은혜와감사의료재단화성중앙종합병원,중증,Y0171,영상의학혈관중재(성인),불가능메세지등록,20260930000000,20261005235900,경기도 화성시 만세구 향남읍 발안로 5,A2100018,101,자동,차단,
2026-10-01 02:00:00,경기도,A2100018,의료법인은혜와감사의료재단화성중앙종합병원,중증,Y0172,영상의학혈관중재(영유아),불가능메세지등록,20260930000000,20261005235900,경기도 화성시 만세구 향남읍 발안로 5,A2100018,102,자동,차단,
2026-10-01 02:00:00,경기도,A2100018,의료법인은혜와감사의료재단화성중앙종합병원,중증,Y0070,장중첩/폐색(유아),불가능메세지등록,20260929000000,20261005235900,경기도 화성시 만세구 향남읍 발안로 5,A2100018,103,자동,차단,
2026-10-01 02:00:00,경기도,A2100020,연세대학교의과대학용인세브란스병원,응급,Y000,응급실,소아외상환자 수용 가능,20260930170000,20261001090000,경기도 용인시 기흥구 동백죽전대로 363 (중동),A2100020,104,자동,차단,소아청소년과
2026-10-01 02:00:00,경기도,A2100025,대진의료재단분당제생병원,응급,Y000,응급실,"전화문의(주말 및 휴일 24시간, 평일 저녁6시~오전8시까지 진료가 일부 제한됨)",20260930000000,20261007000000,경기도 성남시 분당구 서현로180번길 20 (서현동),A2100025,105,자동,차단,신경과
2026-10-01 02:00:00,경기도,A2100025,대진의료재단분당제생병원,응급,Y000,응급실,내분비내과환자 입원불가,20260930000000,20261007000000,경기도 성남시 분당구 서현로180번길 20 (서현동),A2100025,106,자동,차단,내분비내과
2026-10-01 02:00:00,경기도,A2100025,대진의료재단분당제생병원,응급,Y000,응급실,12개월 이상 경증 소아부터 수용 가능(소아 중증 외상 불가),20260930000000,20261007000000,경기도 성남시 분당구 서현로180번길 20 (서현동),A2100025,107,자동,차단,소아청소년과
2026-10-01 02:00:00,경기도,A2100030,차의과학대학교분당차병원,응급,Y000,응급실,<소아전문응급의료센터> 소아 비뇨기과 응급수술 불가,20260928080400,20261005130000,경기도 성남시 분당구 야탑로 59 (야탑동),A2100030,108,자동,차단,비뇨의학과
2026-10-01 02:00:00,경기도,A2100033,국민건강보험공단일산병원,응급,Y000,응급실,[URO] * 평일 08:00~ 18:00,20260927235800,20261004235900,"경기도 고양시 일산동구 일산로 100 (백석동,백석1동 1241외1필지 4층)",A2100033,109,자동,차단,비뇨의학과
2026-10-01 02:00:00,경기도,A2100033,국민건강보험공단일산병원,응급,Y000,응급실,[ENT] * 평일 09:00~ 17:00 // 두경부 파트 진료 불가,20260927235800,20261004235900,"경기도 고양시 일산동구 일산로 100 (백석동,백석1동 1241외1필지 4층)",A2100033,110,자동,차단,이비인후과
2026-10-01 02:00:00,경기도,A2100033,국민건강보험공단일산병원,응급,Y000,응급실,"[EYE] * 평일,주말 (07:00~ 22:00) 가능",20260927235700,20261004235900,"경기도 고양시 일산동구 일산로 100 (백석동,백석1동 1241외1필지 4층)",A2100033,111,자동,차단,안과
2026-10-01 02:00:00,경기도,A2100040,가톨릭대학교의정부성모병원,중증,Y0100,저출생체중아,중환자실 부족,20260930222500,20261001080000,"경기도 의정부시 천보로 271, 의정부성모병원 (금오동)",A2100040,112,자동,차단,소아청소년과
2026-10-01 02:00:00,경기도,A2100040,가톨릭대학교의정부성모병원,응급,Y000,응급실,복부 대동맥 사전 협의 필요,20260928000000,20261005000000,"경기도 의정부시 천보로 271, 의정부성모병원 (금오동)",A2100040,113,자동,차단,응급실
2026-10-01 02:00:00,경기도,A2100040,가톨릭대학교의정부성모병원,응급,Y000,응급실,성형외과 동반 진료 필요시 불가(야간),20260928000000,20261005000000,"경기도 의정부시 천보로 271, 의정부성모병원 (금오동)",A2100040,114,자동,차단,안과
2026-10-01 02:00:00,경기도,A2100040,가톨릭대학교의정부성모병원,응급,Y000,응급실,"권역 내 환자만 가능, 식도 이물질만 평일 08:00~17:00만 가능",20260928000000,20261005000000,"경기도 의정부시 천보로 271, 의정부성모병원 (금오동)",A2100040,115,자동,차단,소화기내과
2026-10-01 02:00:00,경기도,A2100040,가톨릭대학교의정부성모병원,응급,Y000,응급실,산부인과 사전 연락 후 수용여부 결정,20260928000000,20261005000000,"경기도 의정부시 천보로 271, 의정부성모병원 (금오동)",A2100040,116,자동,차단,응급실
2026-10-01 02:00:00,경기도,A2100040,가톨릭대학교의정부성모병원,응급,Y000,응급실,의료진 부족,20260928000000,20261005000000,"경기도 의정부시 천보로 271, 의정부성모병원 (금오동)",A2100040,117,자동,차단,감염내과
2026-10-01 02:00:00,경기도,A2100041,남양주한양병원,중증,Y0031,뇌출혈수술(거미막하 출혈),불가능메세지등록,20260927000000,20261004000000,경기도 남양주시 오남읍 양지로 47-55,A2100041,118,자동,차단,신경외과
2026-10-01 02:00:00,경기도,A2100042,의료법인명지의료재단명지병원,응급,Y000,응급실,"소아 경련 응급처치만 가능, 신생아 진료 불가",20260929084300,20261006235900,경기도 고양시 덕양구 화수로14번길 55 (화정동),A2100042,119,자동,차단,소아청소년과
2026-10-01 02:00:00,경기도,A2100046,한림대학교동탄성심병원,응급,Y000,응급실,소아 전담전문의 응급 진료 일시 불가,20261001000100,20261003120000,경기도 화성시 동탄구 큰재봉길 7 (석우동),A2100046,120,자동,차단,소아청소년과
2026-10-01 02:00:00,경기도,A2100046,한림대학교동탄성심병원,응급,Y000,응급실,** 산부인과 진료관련은 전원문의 바랍니다.,20260930080000,20261001080000,경기도 화성시 동탄구 큰재봉길 7 (석우동),A2100046,121,자동,차단,산부인과
2026-10-01 02:00:00,경기도,A2100046,한림대학교동탄성심병원,응급,Y000,응급실,입원치료가 필요한 가스 중독 환자는 일시적으로 수용이 불가능합니다.,20260928080000,20261005000000,경기도 화성시 동탄구 큰재봉길 7 (석우동),A2100046,122,자동,차단,응급실
2026-10-01 02:00:00,경기도,A2100047,동국대학교일산불교병원,응급,Y000,응급실,"[안과] 평일 8:30~20:30 가능, 주말 및 공휴일 8:30~17:00가능/ 안와골절등은 진료 불가",20260924000000,20261001235900,"경기도 고양시 일산동구 동국로 27 (식사동, 동국대학교일산병원)",A2100047,123,자동,차단,안과
2026-10-01 02:00:00,경기도,A2100047,동국대학교일산불교병원,응급,Y000,응급실,[소화기내과] 정규시간 외 이물제거 불가,20260924000000,20261001235900,"경기도 고양시 일산동구 동국로 27 (식사동, 동국대학교일산병원)",A2100047,124,자동,차단,소화기내과
2026-10-01 02:00:00,경기도,A2100047,동국대학교일산불교병원,응급,Y000,응급실,[정신건강의학과] 정규시간 외 수용불가,20260924000000,20261001235900,"경기도 고양시 일산동구 동국로 27 (식사동, 동국대학교일산병원)",A2100047,125,자동,차단,정신건강의학과
2026-10-01 02:00:00,경기도,A2100047,동국대학교일산불교병원,응급,Y000,응급실,"[소아청소년과, 피부과, 성형외과, 객혈] 응급실 진료 불가",20260924000000,20261001235900,"경기도 고양시 일산동구 동국로 27 (식사동, 동국대학교일산병원)",A2100047,126,자동,차단,소아청소년과
2026-10-01 02:00:00,경기도,A2100047,동국대학교일산불교병원,응급,Y000,응급실,[산부인과-분만] NICU 미숙아 수용불가,20260924000000,20261001235900,"경기도 고양시 일산동구 동국로 27 (식사동, 동국대학교일산병원)",A2100047,127,자동,차단,산부인과
2026-10-01 02:00:00,경기도,A2100048,원광대학교산본병원,중증,Y0051,담낭담관질환(담낭질환),담당 전문의 부재로 응급ERCP 불가,20260930123000,20261005080000,경기도 군포시 산본로 321 (산본동),A2100048,128,자동,차단,외과
2026-10-01 02:00:00,경기도,A2100052,가톨릭대학교부천성모병원,응급,Y000,응급실,불가능메세지등록,20260928000000,20261005000000,"경기도 부천시 원미구 소사로 327, 가톨릭대학교 부천성모병원 (소사동)",A2100052,129,자동,차단,정신건강의학과
2026-10-01 02:00:00,경기도,A2100052,가톨릭대학교부천성모병원,응급,Y000,응급실,평일 주간만 가능,20260928000000,20261005000000,"경기도 부천시 원미구 소사로 327, 가톨릭대학교 부천성모병원 (소사동)",A2100052,130,자동,차단,치과
2026-10-01 02:00:00,경기도,A2100052,가톨릭대학교부천성모병원,응급,Y000,응급실,소아 평일 주간 진료가능-8세이상의 기저 질환 없는 소아 24시간 응급의학과 진료 가능,20260928000000,20261005000000,"경기도 부천시 원미구 소사로 327, 가톨릭대학교 부천성모병원 (소사동)",A2100052,131,자동,차단,소아청소년과
2026-10-01 02:00:00,경기도,A2100052,가톨릭대학교부천성모병원,응급,Y000,응급실,평일 주간만 가능,20260928000000,20261005000000,"경기도 부천시 원미구 소사로 327, 가톨릭대학교 부천성모병원 (소사동)",A2100052,132,자동,차단,피부과
2026-10-01 02:00:00,경기도,A2100055,부천세종병원,응급,Y000,응급실,천공의심소견 동반시 진료 불가능,20261001000000,20261008235900,"경기도 부천시 소사구 호현로489번길 28 (소사본동, 세종병원)",A2100055,133,자동,차단,소화기내과
2026-10-01 02:00:00,경기도,A2100055,부천세종병원,응급,Y000,응급실,"ERCP 불가 ,대장 천공불가",20261001000000,20261007235900,"경기도 부천시 소사구 호현로489번길 28 (소사본동, 세종병원)",A2100055,134,자동,차단,외과
2026-10-01 02:00:00,경기도,A2100055,부천세종병원,응급,Y000,응급실,이비인후과 진료불가(의사부재),20261001000000,20261008235900,"경기도 부천시 소사구 호현로489번길 28 (소사본동, 세종병원)",A2100055,135,자동,차단,이비인후과
2026-10-01 02:00:00,경기도,A2100055,부천세종병원,응급,Y000,응급실,"열성경련 단순만가능 복합경련불가, 단순발열만가능 폐렴도 불가능할수 있음. 장중첩증 충수염 불가 24개월 미만 소아 진료불가( 소아경련,이물질흡인,소아내시경,외과 수술 불가)",20261001000000,20261008235900,"경기도 부천시 소사구 호현로489번길 28 (소사본동, 세종병원)",A2100055,136,자동,차단,소아청소년과
2026-10-01 02:00:00,경기도,A2100055,부천세종병원,응급,Y000,응급실,"경련 :난치성 뇌전증,뇌전증중첩증 불가",20261001000000,20261008235900,"경기도 부천시 소사구 호현로489번길 28 (소사본동, 세종병원)",A2100055,137,자동,차단,신경과
2026-10-01 02:00:00,경기도,A2100055,부천세종병원,응급,Y000,응급실,"절단불가,혈관 신경 손상 & 깊은열상 불가, 힘줄 인대 가능.",20261001000000,20261008235900,"경기도 부천시 소사구 호현로489번길 28 (소사본동, 세종병원)",A2100055,138,자동,차단,정형외과
2026-10-01 02:00:00,경기도,A2100055,부천세종병원,응급,Y000,응급실,"스텐트 불가 , 자궁동맥 색전술 불가 .식도색전술 불가",20261001000000,20261008235900,"경기도 부천시 소사구 호현로489번길 28 (소사본동, 세종병원)",A2100055,139,자동,차단,영상의학과
2026-10-01 02:00:00,경기도,A2118788,중앙대학교광명병원,응급,Y000,응급실,감염내과 - 신환 수용 불가,20260928100000,20261005100000,경기도 광명시 덕안로 110(일직동),A2118788,140,자동,차단,감염내과
2026-10-01 02:00:00,경기도,A2118788,중앙대학교광명병원,응급,Y000,응급실,신경외과 - 주말/공휴일 진료불가,20260928100000,20261005100000,경기도 광명시 덕안로 110(일직동),A2118788,141,자동,차단,신경외과
2026-10-01 02:00:00,경기도,A2118788,중앙대학교광명병원,응급,Y000,응급실,난임시술합병증 진료불가,20260928100000,20261005100000,경기도 광명시 덕안로 110(일직동),A2118788,142,자동,차단,산부인과
2026-10-01 02:00:00,경기도,A2118788,중앙대학교광명병원,응급,Y000,응급실,위장관출혈 Part 전문의 부재로 수용 불가,20260928100000,20261005100000,경기도 광명시 덕안로 110(일직동),A2118788,143,자동,차단,소화기내과
2026-10-01 02:00:00,경기도,A2118788,중앙대학교광명병원,응급,Y000,응급실,"소아청소년과 진료안내 : 월~목요일 17:00~21:30, 토요일,공휴일 : 09:00~17:30, 금요일,일요일 : 진료불가",20260928100000,20261005100000,경기도 광명시 덕안로 110(일직동),A2118788,144,자동,차단,소아청소년과
2026-10-01 02:00:00,인천광역시,A1400001,의료법인 길의료재단 길병원,응급,Y000,응급실,성형외과 안면 단순열상 봉합불가,20260929000000,20261006000000,"인천광역시 남동구 남동대로774번길 21 (구월동, 가천대학교길병원)",A1400001,1,자동,차단,성형외과
2026-10-01 02:00:00,인천광역시,A1400001,의료법인 길의료재단 길병원,응급,Y000,응급실,정신과 폐쇄병동 안정실 상황에 따라 응급입원 제한 전원문의 요망,20260929000000,20261006000000,"인천광역시 남동구 남동대로774번길 21 (구월동, 가천대학교길병원)",A1400001,2,자동,차단,응급실
2026-10-01 02:00:00,인천광역시,A1400001,의료법인 길의료재단 길병원,응급,Y000,응급실,내과 분과별 사정에 따른 중환자실 입실 제한(사전 문의 요망),20260929000000,20261006000000,"인천광역시 남동구 남동대로774번길 21 (구월동, 가천대학교길병원)",A1400001,3,자동,차단,응급실
2026-10-01 02:00:00,인천광역시,A1400001,의료법인 길의료재단 길병원,응급,Y000,응급실,OS 학회로 인한 인력 부족으로 hip part 수용불가,20260928111900,20261001080000,"인천광역시 남동구 남동대로774번길 21 (구월동, 가천대학교길병원)",A1400001,4,자동,차단,정형외과
2026-10-01 02:00:00,인천광역시,A1400002,인하대학교의과대학부속병원,응급,Y000,응급실,치과 응급진료 불가하오니 환자 이송 업무에 참고부탁드립니다.,20260928000000,20261004235900,"인천광역시 제물포구 인항로 27-0 (신흥동3가,인하대학병원)",A1400002,5,자동,차단,치과
2026-10-01 02:00:00,인천광역시,A1400010,검단탑병원,중증,Y0010,심근경색의 재관류중재술,심장내과 전문의 부재,20260929222900,20261006222900,인천광역시 검단구 청마로19번길 5 (당하동),A1400010,6,자동,차단,신경외과
2026-10-01 02:00:00,인천광역시,A1400012,가톨릭대학교 인천성모병원,응급,Y000,응급실,119 : Pre KTAS 1~2 환자 통보(고지) 후 내원,20260930200100,20261007200000,인천광역시 부평구 동수로 56 (부평동),A1400012,7,자동,차단,응급실
2026-10-01 02:00:00,인천광역시,A1400012,가톨릭대학교 인천성모병원,응급,Y000,응급실,"자해, 자살, 약물중독 환자 : 적극 수용",20260930200100,20261007200000,인천광역시 부평구 동수로 56 (부평동),A1400012,8,자동,차단,응급실
2026-10-01 02:00:00,인천광역시,A1400012,가톨릭대학교 인천성모병원,응급,Y000,응급실,얼굴외상 : 24시간 진료 가능,20260930200100,20261007200000,인천광역시 부평구 동수로 56 (부평동),A1400012,9,자동,차단,응급실
2026-10-01 02:00:00,인천광역시,A1400012,가톨릭대학교 인천성모병원,응급,Y000,응급실,소아청소년과 : 24시간 진료 가능,20260930200100,20261007200000,인천광역시 부평구 동수로 56 (부평동),A1400012,10,자동,차단,응급실
2026-10-01 02:00:00,인천광역시,A1400017,인천광역시의료원,중증,Y0051,담낭담관질환(담낭질환),불가능메세지등록,20260928000000,20261005000000,"인천광역시 제물포구 방축로 217 (송림동, 인천광역시 의료원)",A1400017,11,자동,차단,
2026-10-01 02:00:00,인천광역시,A1400017,인천광역시의료원,중증,Y0052,담낭담관질환(담도포함질환),불가능메세지등록,20260928000000,20261005000000,"인천광역시 제물포구 방축로 217 (송림동, 인천광역시 의료원)",A1400017,12,자동,차단,
2026-10-01 02:00:00,인천광역시,A1400017,인천광역시의료원,중증,Y0060,복부응급수술(비외상),불가능메세지등록,20260928000000,20261005000000,"인천광역시 제물포구 방축로 217 (송림동, 인천광역시 의료원)",A1400017,13,자동,차단,
2026-10-01 02:00:00,부산광역시,A1200001,인제대학교부산백병원,응급,Y000,응급실,위장관 응급내시경 (영유아) - 문의 후 수용 여부 결정,20260930200000,20261001080000,"부산광역시 부산진구 복지로 75, 진사로83번길 81, 1층(일부), 3층 (개금동)",A1200001,1,자동,차단,응급실
2026-10-01 02:00:00,부산광역시,A1200001,인제대학교부산백병원,응급,Y000,응급실,f/u 환자 수용 가능 (응급 수술은 이송 전 문의),20260928180000,20261005235900,"부산광역시 부산진구 복지로 75, 진사로83번길 81, 1층(일부), 3층 (개금동)",A1200001,2,자동,차단,외과
2026-10-01 02:00:00,부산광역시,A1200001,인제대학교부산백병원,응급,Y000,응급실,"월~목, 주말: f/u 환자 수용 가능, 금요일: 24시간 수용 가능",20260928180000,20261005235900,"부산광역시 부산진구 복지로 75, 진사로83번길 81, 1층(일부), 3층 (개금동)",A1200001,3,자동,차단,비뇨의학과
2026-10-01 02:00:00,부산광역시,A1200001,인제대학교부산백병원,응급,Y000,응급실,"이비인후과: 24시간 수용 가능 (epiglottitis, laryngeal edema, deep neck infection, OP case는 문의 후 수용 여부 결정)",20260928180000,20261005235900,"부산광역시 부산진구 복지로 75, 진사로83번길 81, 1층(일부), 3층 (개금동)",A1200001,4,자동,차단,응급실
2026-10-01 02:00:00,부산광역시,A1200001,인제대학교부산백병원,응급,Y000,응급실,8AM ~ 8PM 환자 수용 가능,20260928180000,20261005235900,"부산광역시 부산진구 복지로 75, 진사로83번길 81, 1층(일부), 3층 (개금동)",A1200001,5,자동,차단,성형외과
2026-10-01 02:00:00,부산광역시,A1200001,인제대학교부산백병원,응급,Y000,응급실,저체중 출생아 - 문의 후 수용 여부 결정,20260928180000,20261005235900,"부산광역시 부산진구 복지로 75, 진사로83번길 81, 1층(일부), 3층 (개금동)",A1200001,6,자동,차단,소아청소년과
2026-10-01 02:00:00,부산광역시,A1200001,인제대학교부산백병원,응급,Y000,응급실,입원치료가 필요한 중증 소아환자 진료 제한,20260928180000,20261005235900,"부산광역시 부산진구 복지로 75, 진사로83번길 81, 1층(일부), 3층 (개금동)",A1200001,7,자동,차단,소아청소년과
2026-10-01 02:00:00,부산광역시,A1200002,부산대학교병원,응급,Y000,응급실,[류마티스내과] 진료인력이 1명인 관계로 F/U 환자만 진료/입원가능. 출장 등으로 류마티스내과 전문의가 부재한 경우 F/U환자 진료/입원도 제한될 수 있음,20261001000000,20261008000000,부산광역시 서구 구덕로 179 (아미동1가),A1200002,8,자동,차단,류마티스내과
2026-10-01 02:00:00,부산광역시,A1200002,부산대학교병원,응급,Y000,응급실,성형안과파트 담당전문의 부재로 진료와 수술이 불가합니다,20261001000000,20261008235900,부산광역시 서구 구덕로 179 (아미동1가),A1200002,9,자동,차단,안과
2026-10-01 02:00:00,부산광역시,A1200002,부산대학교병원,응급,Y000,응급실,[이비인후과]두경부 전문의 당직 부재로 수술 케이스 진료 불가,20260930180000,20261001070000,부산광역시 서구 구덕로 179 (아미동1가),A1200002,10,자동,차단,이비인후과
2026-10-01 02:00:00,부산광역시,A1200002,부산대학교병원,응급,Y000,응급실,"[정형외과] 외상으로 인한 상지 혈관 손상, 미세수술이 필요한 수술을 월,수,금(08시~익일08시) 사전 문의 후 진료, 의외의 요일에는 수용 불가",20260930000000,20261006235900,부산광역시 서구 구덕로 179 (아미동1가),A1200002,11,자동,차단,정형외과
2026-10-01 02:00:00,부산광역시,A1200002,부산대학교병원,응급,Y000,응급실,"[정신건강의학과]소아청소년과 세부 전문의 부재로 인해 소아, 청소년 진료 불가",20260930000000,20261007000000,부산광역시 서구 구덕로 179 (아미동1가),A1200002,12,자동,차단,정신건강의학과
2026-10-01 02:00:00,부산광역시,A1200002,부산대학교병원,응급,Y000,응급실,[정형외과]소아파트 전문의 인력부재 진료불가,20260929182600,20261005070000,부산광역시 서구 구덕로 179 (아미동1가),A1200002,13,자동,차단,정형외과
2026-10-01 02:00:00,부산광역시,A1200002,부산대학교병원,응급,Y000,응급실,"[외과] 진료 인력 부족으로 상의되지 않은 신환 진료는 문의 필요, 혈관파트 전원 문의 필요, f/u 환자 진료 가능",20260929000000,20261005235900,부산광역시 서구 구덕로 179 (아미동1가),A1200002,14,자동,차단,외과
2026-10-01 02:00:00,부산광역시,A1200002,부산대학교병원,응급,Y000,응급실,"[소아청소년과] 월-목 주간 (8am-4pm) 신환, F/U 문의 후 결정. 월-목 야간 (4pm-익일 8am) F/U 환자만 진료 가능하며 문의 후 결정. (금 am8-월 am8) F/U 포함 모든 환자 진료 불가.",20260929000000,20261006000000,부산광역시 서구 구덕로 179 (아미동1가),A1200002,15,자동,차단,소아청소년과
2026-10-01 02:00:00,부산광역시,A1200002,부산대학교병원,응급,Y000,응급실,"[성형외과] 소아 진정시, 필수적인 모니터링 및 응급대응 지원이 불가하여, 진정이 필요한 소아 열상봉합진료가 제한됩니다.",20260929000000,20261006000000,부산광역시 서구 구덕로 179 (아미동1가),A1200002,16,자동,차단,성형외과
2026-10-01 02:00:00,부산광역시,A1200002,부산대학교병원,응급,Y000,응급실,"[소화기내과] 진료인력 부족으로 신환은 의료진 상의 후 가능 (단, 야간 21:00-익일 7:00 불가), f/u 환자 진료 가능",20260928073000,20261005073000,부산광역시 서구 구덕로 179 (아미동1가),A1200002,17,자동,차단,소화기내과
2026-10-01 02:00:00,부산광역시,A1200002,부산대학교병원,응급,Y000,응급실,"[혈액종양내과] 의료진 인력 부족으로 신환 수용 불가, FU 환자 가능",20260928000000,20261004235900,부산광역시 서구 구덕로 179 (아미동1가),A1200002,18,자동,차단,혈액·종양내과
2026-10-01 02:00:00,부산광역시,A1200002,부산대학교병원,응급,Y000,응급실,[재활의학과] f/u 환자만 진료 가능합니다,20260928000000,20261004235900,부산광역시 서구 구덕로 179 (아미동1가),A1200002,19,자동,차단,재활의학과
2026-10-01 02:00:00,부산광역시,A1200002,부산대학교병원,응급,Y000,응급실,"[소아청소년과]소아 소화기, 신장, 혈액종양, 류마티스 전문의 부재로 진료 불가",20260928000000,20261004235900,부산광역시 서구 구덕로 179 (아미동1가),A1200002,20,자동,차단,소아청소년과
2026-10-01 02:00:00,부산광역시,A1200002,부산대학교병원,응급,Y000,응급실,[산부인과]신생아 중환자실 부족으로 임산부 문의 후 수용여부결정,20260928000000,20261005000000,부산광역시 서구 구덕로 179 (아미동1가),A1200002,21,자동,차단,병상 또는 장비
2026-10-01 02:00:00,부산광역시,A1200002,부산대학교병원,응급,Y000,응급실,[소아청소년과]의료진 인력 부족으로 소아신경파트 신환 진료 불가,20260928000000,20261004235900,부산광역시 서구 구덕로 179 (아미동1가),A1200002,22,자동,차단,소아청소년과
2026-10-01 02:00:00,부산광역시,A1200002,부산대학교병원,응급,Y000,응급실,"[신경과] 평일 주간(08:00~21:00)은 신환 진료 가능, 평일 야간(21:00~익일08:00), 주말, 공휴일은 f/u 환자만 진료가능합니다",20260928000000,20261004235900,부산광역시 서구 구덕로 179 (아미동1가),A1200002,23,자동,차단,신경과
2026-10-01 02:00:00,부산광역시,A1200002,부산대학교병원,응급,Y000,응급실,[성형외과] 수부 전문의 당직 인력 부족으로 수부 외상 응급진료가 제한됩니다.,20260927000000,20261004000000,부산광역시 서구 구덕로 179 (아미동1가),A1200002,24,자동,차단,성형외과
2026-10-01 02:00:00,부산광역시,A1200002,부산대학교병원,중증,Y0070,장중첩/폐색(유아),소아 소화기 전문의 부재로 소아 장중첩 및 장폐색 진료 불가,20260927000000,20261004000000,부산광역시 서구 구덕로 179 (아미동1가),A1200002,25,자동,차단,소아청소년과
2026-10-01 02:00:00,부산광역시,A1200002,부산대학교병원,응급,Y000,응급실,[피부과] 평일 및 주말 피부과 진료시간 08:00~22:00로 조정,20260925000000,20261002000000,부산광역시 서구 구덕로 179 (아미동1가),A1200002,26,자동,차단,피부과
2026-10-01 02:00:00,부산광역시,A1200002,부산대학교병원,응급,Y000,응급실,[정형외과]정형외과 혈관파트 의료진과 사전 협의 후 내원,20260925000000,20261001235900,부산광역시 서구 구덕로 179 (아미동1가),A1200002,27,자동,차단,정형외과
2026-10-01 02:00:00,부산광역시,A1200003,동아대학교병원,응급,Y000,응급실,OL 두경부 파트 진료불가합니다.,20260928170300,20261004090000,부산광역시 서구 대신공원로 26 (동대신동3가),A1200003,28,자동,차단,이비인후과
2026-10-01 02:00:00,부산광역시,A1200003,동아대학교병원,응급,Y000,응급실,의료진 부족으로 상지파트 진료 및 수술 불가합니다.,20260928000000,20261003060000,부산광역시 서구 대신공원로 26 (동대신동3가),A1200003,29,자동,차단,정형외과
2026-10-01 02:00:00,부산광역시,A1200003,동아대학교병원,응급,Y000,응급실,TTM 사용중으로 적응증 환자 수용 불가합니다.,20260926080700,20261003000000,부산광역시 서구 대신공원로 26 (동대신동3가),A1200003,30,자동,차단,병상 또는 장비
2026-10-01 02:00:00,부산광역시,A1200003,동아대학교병원,응급,Y000,응급실,"[소아청소년과] 평일 17시~익일 08시, 휴일 종일 f/u 포함 진료 불가 합니다. (이송 전 문의 바랍니다.)",20260926002400,20261002235900,부산광역시 서구 대신공원로 26 (동대신동3가),A1200003,31,자동,차단,소아청소년과
2026-10-01 02:00:00,부산광역시,A1200003,동아대학교병원,중증,Y0172,영상의학혈관중재(영유아),"두경부, 뇌혈관제외 모든 응급 시술 불가 합니다.",20260925000000,20261002000000,부산광역시 서구 대신공원로 26 (동대신동3가),A1200003,32,자동,차단,
2026-10-01 02:00:00,부산광역시,A1200003,동아대학교병원,중증,Y0091,기관지 응급내시경(성인),"의료진 부재로 성인,소아 응급 내시경 불가 합니다.",20260925000000,20261002000000,부산광역시 서구 대신공원로 26 (동대신동3가),A1200003,33,자동,차단,
2026-10-01 02:00:00,부산광역시,A1200003,동아대학교병원,중증,Y0070,장중첩/폐색(유아),소아 위장관 응급내시경 불가합니다.,20260925000000,20261002000000,부산광역시 서구 대신공원로 26 (동대신동3가),A1200003,34,자동,차단,
2026-10-01 02:00:00,부산광역시,A1200003,동아대학교병원,중증,Y0041,대동맥응급(흉부),대동맥 파트 진료 및 수술 불가합니다.,20260925000000,20261002000000,부산광역시 서구 대신공원로 26 (동대신동3가),A1200003,35,자동,차단,
2026-10-01 02:00:00,부산광역시,A1200003,동아대학교병원,중증,Y0042,대동맥응급(복부),대동맥 파트 진료 및 수술 불가합니다.,20260925000000,20261002000000,부산광역시 서구 대신공원로 26 (동대신동3가),A1200003,36,자동,차단,
2026-10-01 02:00:00,부산광역시,A1200003,동아대학교병원,중증,Y0051,담낭담관질환(담낭질환),biliary part 신환 수용 불가합니다.,20260925000000,20261002000000,부산광역시 서구 대신공원로 26 (동대신동3가),A1200003,37,자동,차단,
2026-10-01 02:00:00,부산광역시,A1200003,동아대학교병원,중증,Y0052,담낭담관질환(담도포함질환),biliary part 신환 수용 불가합니다.,20260925000000,20261002000000,부산광역시 서구 대신공원로 26 (동대신동3가),A1200003,38,자동,차단,
2026-10-01 02:00:00,부산광역시,A1200003,동아대학교병원,중증,Y0171,영상의학혈관중재(성인),"두경부, 뇌혈관제외 모든 응급 시술 불가 합니다.",20260925000000,20261002000000,부산광역시 서구 대신공원로 26 (동대신동3가),A1200003,39,자동,차단,
2026-10-01 02:00:00,부산광역시,A1200004,고신대학교복음병원,응급,Y000,응급실,[소아청소년과] 월~목 응급실 소아과 전문의 상주(월/수는 야간진료 가능하나 요일 별 근무시간 상이하여 사전 문의 필요),20260928100000,20261005095900,부산광역시 서구 감천로 262 (암남동),A1200004,40,자동,차단,응급실
2026-10-01 02:00:00,부산광역시,A1200005,의료법인 은성의료재단 좋은삼선병원,응급,Y000,응급실,"36개월 미만 진료 불가, 소아경련(발열경련 포함), 소아외상, 화상, 심장, 신경 진료 불가합니다.",20260928090000,20261005090000,"부산광역시 사상구 가야대로 326, 좋은삼선병원 (주례동)",A1200005,41,자동,차단,소아청소년과
2026-10-01 02:00:00,부산광역시,A1200005,의료법인 은성의료재단 좋은삼선병원,응급,Y000,응급실,불가능메세지등록,20260928090000,20261005090000,"부산광역시 사상구 가야대로 326, 좋은삼선병원 (주례동)",A1200005,42,자동,차단,외상외과
2026-10-01 02:00:00,부산광역시,A1200005,의료법인 은성의료재단 좋은삼선병원,응급,Y000,응급실,불가능메세지등록,20260928090000,20261005090000,"부산광역시 사상구 가야대로 326, 좋은삼선병원 (주례동)",A1200005,43,자동,차단,성형외과
2026-10-01 02:00:00,부산광역시,A1200005,의료법인 은성의료재단 좋은삼선병원,응급,Y000,응급실,[산과]불가합니다.,20260928090000,20261005090000,"부산광역시 사상구 가야대로 326, 좋은삼선병원 (주례동)",A1200005,44,자동,차단,산부인과
2026-10-01 02:00:00,부산광역시,A1200005,의료법인 은성의료재단 좋은삼선병원,응급,Y000,응급실,평일 야간 및 주말 진료 불가합니다.,20260928090000,20261005090000,"부산광역시 사상구 가야대로 326, 좋은삼선병원 (주례동)",A1200005,45,자동,차단,치과
2026-10-01 02:00:00,부산광역시,A1200005,의료법인 은성의료재단 좋은삼선병원,응급,Y000,응급실,불가능메세지등록,20260928090000,20261005090000,"부산광역시 사상구 가야대로 326, 좋은삼선병원 (주례동)",A1200005,46,자동,차단,흉부외과
2026-10-01 02:00:00,부산광역시,A1200005,의료법인 은성의료재단 좋은삼선병원,응급,Y000,응급실,치아외상 불가합니다.,20260928090000,20261005090000,"부산광역시 사상구 가야대로 326, 좋은삼선병원 (주례동)",A1200005,47,자동,차단,치과
2026-10-01 02:00:00,부산광역시,A1200005,의료법인 은성의료재단 좋은삼선병원,응급,Y000,응급실,불가능메세지등록,20260928090000,20261005090000,"부산광역시 사상구 가야대로 326, 좋은삼선병원 (주례동)",A1200005,48,자동,차단,안과
2026-10-01 02:00:00,부산광역시,A1200005,의료법인 은성의료재단 좋은삼선병원,응급,Y000,응급실,불가능메세지등록,20260928090000,20261005090000,"부산광역시 사상구 가야대로 326, 좋은삼선병원 (주례동)",A1200005,49,자동,차단,정신건강의학과
2026-10-01 02:00:00,부산광역시,A1200005,의료법인 은성의료재단 좋은삼선병원,응급,Y000,응급실,평일 야간 및 주말 진료 불가합니다.,20260928090000,20261005090000,"부산광역시 사상구 가야대로 326, 좋은삼선병원 (주례동)",A1200005,50,자동,차단,정신건강의학과
2026-10-01 02:00:00,부산광역시,A1200005,의료법인 은성의료재단 좋은삼선병원,응급,Y000,응급실,평일 야간 및 주말 진료 불가합니다.,20260928090000,20261005090000,"부산광역시 사상구 가야대로 326, 좋은삼선병원 (주례동)",A1200005,51,자동,차단,이비인후과
2026-10-01 02:00:00,부산광역시,A1200005,의료법인 은성의료재단 좋은삼선병원,응급,Y000,응급실,평일 야간 및 주말 진료 불가합니다.,20260928090000,20261005090000,"부산광역시 사상구 가야대로 326, 좋은삼선병원 (주례동)",A1200005,52,자동,차단,비뇨의학과
2026-10-01 02:00:00,부산광역시,A1200013,부산성모병원(재단법인 천주교부산교구유지재단),응급,Y000,응급실,ENT 진료 불가능합니다.,20260929010000,20261002080000,부산광역시 남구 용호로232번길 25-14 (용호동),A1200013,53,자동,차단,이비인후과
2026-10-01 02:00:00,부산광역시,A1200015,동남권원자력의학원,응급,Y000,응급실,환자 이송 전 문의 바랍니다.,20260928083100,20261005083000,부산광역시 기장군 장안읍 좌동길 40,A1200015,54,자동,차단,응급실
2026-10-01 02:00:00,부산광역시,A1200016,한국보훈복지의료공단 부산보훈병원,응급,Y000,응급실,불가능메세지등록,20261001004000,20261008000000,부산광역시 사상구 백양대로 420 (주례동),A1200016,55,자동,차단,이비인후과
2026-10-01 02:00:00,부산광역시,A1200016,한국보훈복지의료공단 부산보훈병원,응급,Y000,응급실,불가능메세지등록,20261001004000,20261008000000,부산광역시 사상구 백양대로 420 (주례동),A1200016,56,자동,차단,안과
2026-10-01 02:00:00,부산광역시,A1200016,한국보훈복지의료공단 부산보훈병원,중증,Y0112,산부인과 응급(산과수술),불가능메세지등록,20261001004000,20261008000000,부산광역시 사상구 백양대로 420 (주례동),A1200016,57,자동,차단,
2026-10-01 02:00:00,부산광역시,A1200016,한국보훈복지의료공단 부산보훈병원,중증,Y0150,정신과적 응급입원,불가능메세지등록,20261001004000,20261008000000,부산광역시 사상구 백양대로 420 (주례동),A1200016,58,자동,차단,
2026-10-01 02:00:00,부산광역시,A1200016,한국보훈복지의료공단 부산보훈병원,중증,Y0141,응급투석(HD),불가능메세지등록,20261001004000,20261008000000,부산광역시 사상구 백양대로 420 (주례동),A1200016,59,자동,차단,
2026-10-01 02:00:00,부산광역시,A1200016,한국보훈복지의료공단 부산보훈병원,중증,Y0092,기관지 응급내시경(영유아),불가능메세지등록,20261001004000,20261008000000,부산광역시 사상구 백양대로 420 (주례동),A1200016,60,자동,차단,
2026-10-01 02:00:00,부산광역시,A1200016,한국보훈복지의료공단 부산보훈병원,중증,Y0082,위장관 응급내시경(영유아),불가능메세지등록,20261001004000,20261008000000,부산광역시 사상구 백양대로 420 (주례동),A1200016,61,자동,차단,
2026-10-01 02:00:00,부산광역시,A1200016,한국보훈복지의료공단 부산보훈병원,중증,Y0120,중증화상,불가능메세지등록,20261001004000,20261008000000,부산광역시 사상구 백양대로 420 (주례동),A1200016,62,자동,차단,
2026-10-01 02:00:00,부산광역시,A1200016,한국보훈복지의료공단 부산보훈병원,중증,Y0113,산부인과 응급(부인과수술),불가능메세지등록,20261001004000,20261008000000,부산광역시 사상구 백양대로 420 (주례동),A1200016,63,자동,차단,
2026-10-01 02:00:00,부산광역시,A1200016,한국보훈복지의료공단 부산보훈병원,중증,Y0051,담낭담관질환(담낭질환),불가능메세지등록,20261001004000,20261008000000,부산광역시 사상구 백양대로 420 (주례동),A1200016,64,자동,차단,
2026-10-01 02:00:00,부산광역시,A1200016,한국보훈복지의료공단 부산보훈병원,중증,Y0031,뇌출혈수술(거미막하 출혈),불가능메세지등록,20261001004000,20261008000000,부산광역시 사상구 백양대로 420 (주례동),A1200016,65,자동,차단,
2026-10-01 02:00:00,부산광역시,A1200016,한국보훈복지의료공단 부산보훈병원,응급,Y000,응급실,불가능메세지등록,20261001004000,20261008000000,부산광역시 사상구 백양대로 420 (주례동),A1200016,66,자동,차단,피부과
2026-10-01 02:00:00,부산광역시,A1200016,한국보훈복지의료공단 부산보훈병원,응급,Y000,응급실,불가능메세지등록,20261001004000,20261008000000,부산광역시 사상구 백양대로 420 (주례동),A1200016,67,자동,차단,외상외과
2026-10-01 02:00:00,부산광역시,A1200016,한국보훈복지의료공단 부산보훈병원,응급,Y000,응급실,불가능메세지등록,20261001004000,20261008000000,부산광역시 사상구 백양대로 420 (주례동),A1200016,68,자동,차단,정신건강의학과
2026-10-01 02:00:00,부산광역시,A1200016,한국보훈복지의료공단 부산보훈병원,중증,Y0172,영상의학혈관중재(영유아),불가능메세지등록,20261001004000,20261008000000,부산광역시 사상구 백양대로 420 (주례동),A1200016,69,자동,차단,
2026-10-01 02:00:00,부산광역시,A1200016,한국보훈복지의료공단 부산보훈병원,중증,Y0171,영상의학혈관중재(성인),불가능메세지등록,20261001004000,20261008000000,부산광역시 사상구 백양대로 420 (주례동),A1200016,70,자동,차단,
2026-10-01 02:00:00,부산광역시,A1200016,한국보훈복지의료공단 부산보훈병원,중증,Y0142,응급투석(CRRT),불가능메세지등록,20261001004000,20261008000000,부산광역시 사상구 백양대로 420 (주례동),A1200016,71,자동,차단,
2026-10-01 02:00:00,부산광역시,A1200016,한국보훈복지의료공단 부산보훈병원,중증,Y0060,복부응급수술(비외상),불가능메세지등록,20261001004000,20261008000000,부산광역시 사상구 백양대로 420 (주례동),A1200016,72,자동,차단,
2026-10-01 02:00:00,부산광역시,A1200016,한국보훈복지의료공단 부산보훈병원,중증,Y0032,뇌출혈수술(거미막하 출혈 외),불가능메세지등록,20261001004000,20261008000000,부산광역시 사상구 백양대로 420 (주례동),A1200016,73,자동,차단,
2026-10-01 02:00:00,부산광역시,A1200016,한국보훈복지의료공단 부산보훈병원,중증,Y0042,대동맥응급(복부),불가능메세지등록,20261001004000,20261008000000,부산광역시 사상구 백양대로 420 (주례동),A1200016,74,자동,차단,
2026-10-01 02:00:00,부산광역시,A1200016,한국보훈복지의료공단 부산보훈병원,중증,Y0111,산부인과 응급(분만),불가능메세지등록,20261001004000,20261008000000,부산광역시 사상구 백양대로 420 (주례동),A1200016,75,자동,차단,
2026-10-01 02:00:00,부산광역시,A1200016,한국보훈복지의료공단 부산보훈병원,중증,Y0132,수족지접합 외,불가능메세지등록,20261001004000,20261008000000,부산광역시 사상구 백양대로 420 (주례동),A1200016,76,자동,차단,
2026-10-01 02:00:00,부산광역시,A1200016,한국보훈복지의료공단 부산보훈병원,응급,Y000,응급실,불가능메세지등록,20261001004000,20261008000000,부산광역시 사상구 백양대로 420 (주례동),A1200016,77,자동,차단,치과
2026-10-01 02:00:00,부산광역시,A1200016,한국보훈복지의료공단 부산보훈병원,중증,Y0020,뇌경색의 재관류중재술,불가능메세지등록,20261001004000,20261008000000,부산광역시 사상구 백양대로 420 (주례동),A1200016,78,자동,차단,
2026-10-01 02:00:00,부산광역시,A1200016,한국보훈복지의료공단 부산보훈병원,중증,Y0052,담낭담관질환(담도포함질환),불가능메세지등록,20261001004000,20261008000000,부산광역시 사상구 백양대로 420 (주례동),A1200016,79,자동,차단,
2026-10-01 02:00:00,부산광역시,A1200016,한국보훈복지의료공단 부산보훈병원,중증,Y0100,저출생체중아,불가능메세지등록,20261001004000,20261008000000,부산광역시 사상구 백양대로 420 (주례동),A1200016,80,자동,차단,
2026-10-01 02:00:00,부산광역시,A1200016,한국보훈복지의료공단 부산보훈병원,중증,Y0131,수족지접합,불가능메세지등록,20261001004000,20261008000000,부산광역시 사상구 백양대로 420 (주례동),A1200016,81,자동,차단,
2026-10-01 02:00:00,부산광역시,A1200016,한국보훈복지의료공단 부산보훈병원,중증,Y0041,대동맥응급(흉부),불가능메세지등록,20261001004000,20261008000000,부산광역시 사상구 백양대로 420 (주례동),A1200016,82,자동,차단,
2026-10-01 02:00:00,부산광역시,A1200016,한국보훈복지의료공단 부산보훈병원,중증,Y0160,안과적 응급 수술,불가능메세지등록,20261001004000,20261008000000,부산광역시 사상구 백양대로 420 (주례동),A1200016,83,자동,차단,
2026-10-01 02:00:00,부산광역시,A1200016,한국보훈복지의료공단 부산보훈병원,중증,Y0070,장중첩/폐색(유아),불가능메세지등록,20261001004000,20261008000000,부산광역시 사상구 백양대로 420 (주례동),A1200016,84,자동,차단,
2026-10-01 02:00:00,부산광역시,A1200016,한국보훈복지의료공단 부산보훈병원,응급,Y000,응급실,불가능메세지등록,20261001001500,20261008000000,부산광역시 사상구 백양대로 420 (주례동),A1200016,85,자동,차단,흉부외과
2026-10-01 02:00:00,부산광역시,A1200016,한국보훈복지의료공단 부산보훈병원,응급,Y000,응급실,불가능메세지등록,20261001001500,20261008000000,부산광역시 사상구 백양대로 420 (주례동),A1200016,86,자동,차단,감염내과
2026-10-01 02:00:00,부산광역시,A1200016,한국보훈복지의료공단 부산보훈병원,응급,Y000,응급실,불가능메세지등록,20261001001500,20261008000000,부산광역시 사상구 백양대로 420 (주례동),A1200016,87,자동,차단,산부인과
2026-10-01 02:00:00,부산광역시,A1200016,한국보훈복지의료공단 부산보훈병원,응급,Y000,응급실,불가능메세지등록,20261001001500,20261008000000,부산광역시 사상구 백양대로 420 (주례동),A1200016,88,자동,차단,성형외과
2026-10-01 02:00:00,부산광역시,A1200016,한국보훈복지의료공단 부산보훈병원,응급,Y000,응급실,불가능메세지등록,20261001001500,20261008000000,부산광역시 사상구 백양대로 420 (주례동),A1200016,89,자동,차단,혈액·종양내과
2026-10-01 02:00:00,부산광역시,A1200016,한국보훈복지의료공단 부산보훈병원,응급,Y000,응급실,야간진료 제한 있음,20261001001500,20261008000000,부산광역시 사상구 백양대로 420 (주례동),A1200016,90,자동,차단,호흡기내과
2026-10-01 02:00:00,부산광역시,A1200016,한국보훈복지의료공단 부산보훈병원,응급,Y000,응급실,불가능메세지등록,20261001001500,20261008000000,부산광역시 사상구 백양대로 420 (주례동),A1200016,91,자동,차단,류마티스내과
2026-10-01 02:00:00,부산광역시,A1200016,한국보훈복지의료공단 부산보훈병원,응급,Y000,응급실,불가능메세지등록,20261001001500,20261008000000,부산광역시 사상구 백양대로 420 (주례동),A1200016,92,자동,차단,소아청소년과
2026-10-01 02:00:00,부산광역시,A1200016,한국보훈복지의료공단 부산보훈병원,응급,Y000,응급실,야간불가,20261001001500,20261008000000,부산광역시 사상구 백양대로 420 (주례동),A1200016,93,자동,차단,신경과
2026-10-01 02:00:00,부산광역시,A1200017,의료법인정화의료재단 봉생기념병원,응급,Y000,응급실,"주말, 야간 OBGY 진료 및 수술 어렵습니다",20260927054000,20261004235900,"부산광역시 동구 중앙대로 401 (좌천동, 봉생병원)",A1200017,94,자동,차단,산부인과
2026-10-01 02:00:00,부산광역시,A1200017,의료법인정화의료재단 봉생기념병원,응급,Y000,응급실,"소아 경련 환자 진료 불가, 소아 내/외과 환자 진료 불가",20260927054000,20261004235900,"부산광역시 동구 중앙대로 401 (좌천동, 봉생병원)",A1200017,95,자동,차단,소아청소년과
2026-10-01 02:00:00,부산광역시,A1200017,의료법인정화의료재단 봉생기념병원,중증,Y0051,담낭담관질환(담낭질환),불가능메세지등록,20260927054000,20261004000000,"부산광역시 동구 중앙대로 401 (좌천동, 봉생병원)",A1200017,96,자동,차단,내과
2026-10-01 02:00:00,부산광역시,A1200017,의료법인정화의료재단 봉생기념병원,응급,Y000,응급실,모든 환자 이송 전 반드시 문의 바랍니다.,20260927054000,20261004235900,"부산광역시 동구 중앙대로 401 (좌천동, 봉생병원)",A1200017,97,자동,차단,응급실
2026-10-01 02:00:00,부산광역시,A1200017,의료법인정화의료재단 봉생기념병원,응급,Y000,응급실,DI 환자 수용어렵습니다. 본원 NP DI 환자 문의 후 수용,20260927054000,20261004235900,"부산광역시 동구 중앙대로 401 (좌천동, 봉생병원)",A1200017,98,자동,차단,소화기내과
2026-10-01 02:00:00,부산광역시,A1200017,의료법인정화의료재단 봉생기념병원,중증,Y0052,담낭담관질환(담도포함질환),불가능메세지등록,20260927054000,20261004000000,"부산광역시 동구 중앙대로 401 (좌천동, 봉생병원)",A1200017,99,자동,차단,내과
2026-10-01 02:00:00,부산광역시,A1200017,의료법인정화의료재단 봉생기념병원,응급,Y000,응급실,"평일 5pm~9AM, 주말 응급내시경 불가합니다.",20260927054000,20261004235900,"부산광역시 동구 중앙대로 401 (좌천동, 봉생병원)",A1200017,100,자동,차단,소화기내과
2026-10-01 02:00:00,부산광역시,A1200018,대동병원,응급,Y000,응급실,,20260930230000,20261001080000,부산광역시 동래구 충렬대로 187 (명륜동),A1200018,101,자동,차단,산부인과
2026-10-01 02:00:00,부산광역시,A1200018,대동병원,응급,Y000,응급실,환자과다로 f/u 환자 외 적응증 및 시술 환자 수용불가,20260925000000,20261002235900,부산광역시 동래구 충렬대로 187 (명륜동),A1200018,102,자동,차단,호흡기내과
2026-10-01 02:00:00,부산광역시,A1200018,대동병원,응급,Y000,응급실,119 환자 이송 전 연락 바랍니다.,20260925000000,20261002235900,부산광역시 동래구 충렬대로 187 (명륜동),A1200018,103,자동,차단,응급실
2026-10-01 02:00:00,부산광역시,A1200018,대동병원,응급,Y000,응급실,18시- 09시 이송전 사전문의,20260925000000,20261002235900,부산광역시 동래구 충렬대로 187 (명륜동),A1200018,104,자동,차단,소아청소년과
2026-10-01 02:00:00,부산광역시,A1200021,삼육부산병원,중증,Y0010,심근경색의 재관류중재술,angio 시술팀 부재로 외래시간(09:00~18:00)외 수용불가,20260930180000,20261001090000,부산광역시 서구 대티로 170 (서대신동2가),A1200021,105,자동,차단,
2026-10-01 02:00:00,부산광역시,A1200021,삼육부산병원,중증,Y0041,대동맥응급(흉부),angio 시술팀 부재로 외래시간(09:00~18:00)외 수용불가,20260930180000,20261001090000,부산광역시 서구 대티로 170 (서대신동2가),A1200021,106,자동,차단,
2026-10-01 02:00:00,부산광역시,A1200021,삼육부산병원,중증,Y0042,대동맥응급(복부),angio 시술팀 부재로 외래시간(09:00~18:00)외 수용불가,20260930180000,20261001090000,부산광역시 서구 대티로 170 (서대신동2가),A1200021,107,자동,차단,
2026-10-01 02:00:00,부산광역시,A1200021,삼육부산병원,중증,Y0020,뇌경색의 재관류중재술,angio 시술팀 부재로 외래시간(09:00~18:00)외 수용불가,20260930180000,20261001090000,부산광역시 서구 대티로 170 (서대신동2가),A1200021,108,자동,차단,
2026-10-01 02:00:00,부산광역시,A1200022,인제대학교 해운대백병원,응급,Y000,응급실,이송전 사전연락,20260926000000,20261003235900,부산광역시 해운대구 해운대로 875 (좌동),A1200022,109,자동,차단,정형외과
2026-10-01 02:00:00,부산광역시,A1200022,인제대학교 해운대백병원,응급,Y000,응급실,응급실 진료불가,20260926000000,20261003235900,부산광역시 해운대구 해운대로 875 (좌동),A1200022,110,자동,차단,성형외과
2026-10-01 02:00:00,부산광역시,A1200022,인제대학교 해운대백병원,응급,Y000,응급실,"소아내시경 만 12세 (40kg) 이상 , 뇌염, 복합경련은 응급실진료 가능, 입원 어려움, 100일 미만 발열 소아 응급실 진료 가능, 중환아 일 경우 입원 불가능",20260926000000,20261003235900,부산광역시 해운대구 해운대로 875 (좌동),A1200022,111,자동,차단,소아청소년과
2026-10-01 02:00:00,부산광역시,A1200022,인제대학교 해운대백병원,응급,Y000,응급실,대동맥 박리 case 진료 불가,20260926000000,20261003235900,부산광역시 해운대구 해운대로 875 (좌동),A1200022,112,자동,차단,흉부외과
2026-10-01 02:00:00,부산광역시,A1200024,부산광역시의료원,중증,Y0042,대동맥응급(복부),불가능메세지등록,20260928080000,20261005075900,"부산광역시 연제구 월드컵대로 359 (거제동, 1동, 5동일부)",A1200024,113,자동,차단,
2026-10-01 02:00:00,부산광역시,A1200024,부산광역시의료원,중증,Y0171,영상의학혈관중재(성인),평일 주간시간 가능,20260928080000,20261005075900,"부산광역시 연제구 월드컵대로 359 (거제동, 1동, 5동일부)",A1200024,114,자동,차단,
2026-10-01 02:00:00,부산광역시,A1200024,부산광역시의료원,중증,Y0091,기관지 응급내시경(성인),불가능메세지등록,20260928080000,20261005075900,"부산광역시 연제구 월드컵대로 359 (거제동, 1동, 5동일부)",A1200024,115,자동,차단,
2026-10-01 02:00:00,부산광역시,A1200024,부산광역시의료원,중증,Y0031,뇌출혈수술(거미막하 출혈),불가능메세지등록,20260928080000,20261005075900,"부산광역시 연제구 월드컵대로 359 (거제동, 1동, 5동일부)",A1200024,116,자동,차단,
2026-10-01 02:00:00,부산광역시,A1200024,부산광역시의료원,중증,Y0111,산부인과 응급(분만),불가능메세지등록,20260928080000,20261005075900,"부산광역시 연제구 월드컵대로 359 (거제동, 1동, 5동일부)",A1200024,117,자동,차단,
2026-10-01 02:00:00,부산광역시,A1200024,부산광역시의료원,중증,Y0132,수족지접합 외,불가능메세지등록,20260928080000,20261005075900,"부산광역시 연제구 월드컵대로 359 (거제동, 1동, 5동일부)",A1200024,118,자동,차단,
2026-10-01 02:00:00,부산광역시,A1200024,부산광역시의료원,중증,Y0041,대동맥응급(흉부),불가능메세지등록,20260928080000,20261005075900,"부산광역시 연제구 월드컵대로 359 (거제동, 1동, 5동일부)",A1200024,119,자동,차단,
2026-10-01 02:00:00,부산광역시,A1200024,부산광역시의료원,중증,Y0150,정신과적 응급입원,불가능메세지등록,20260928080000,20261005075900,"부산광역시 연제구 월드컵대로 359 (거제동, 1동, 5동일부)",A1200024,120,자동,차단,
2026-10-01 02:00:00,부산광역시,A1200024,부산광역시의료원,중증,Y0112,산부인과 응급(산과수술),불가능메세지등록,20260928080000,20261005075900,"부산광역시 연제구 월드컵대로 359 (거제동, 1동, 5동일부)",A1200024,121,자동,차단,
2026-10-01 02:00:00,부산광역시,A1200024,부산광역시의료원,중증,Y0020,뇌경색의 재관류중재술,불가능메세지등록,20260928080000,20261005075900,"부산광역시 연제구 월드컵대로 359 (거제동, 1동, 5동일부)",A1200024,122,자동,차단,신경외과
2026-10-01 02:00:00,부산광역시,A1200024,부산광역시의료원,중증,Y0120,중증화상,불가능메세지등록,20260928080000,20261005075900,"부산광역시 연제구 월드컵대로 359 (거제동, 1동, 5동일부)",A1200024,123,자동,차단,
2026-10-01 02:00:00,부산광역시,A1200024,부산광역시의료원,중증,Y0131,수족지접합,불가능메세지등록,20260928080000,20261005075900,"부산광역시 연제구 월드컵대로 359 (거제동, 1동, 5동일부)",A1200024,124,자동,차단,
2026-10-01 02:00:00,부산광역시,A1200024,부산광역시의료원,중증,Y0032,뇌출혈수술(거미막하 출혈 외),불가능메세지등록,20260928080000,20261005075900,"부산광역시 연제구 월드컵대로 359 (거제동, 1동, 5동일부)",A1200024,125,자동,차단,신경외과
2026-10-01 02:00:00,부산광역시,A1200024,부산광역시의료원,중증,Y0113,산부인과 응급(부인과수술),불가능메세지등록,20260928080000,20261005075900,"부산광역시 연제구 월드컵대로 359 (거제동, 1동, 5동일부)",A1200024,126,자동,차단,
2026-10-01 02:00:00,부산광역시,A1200024,부산광역시의료원,중증,Y0141,응급투석(HD),불가능메세지등록,20260928080000,20261005075900,"부산광역시 연제구 월드컵대로 359 (거제동, 1동, 5동일부)",A1200024,127,자동,차단,
2026-10-01 02:00:00,부산광역시,A1200045,구포성심병원,중증,Y0010,심근경색의 재관류중재술,CV 부재로 불가능합니다.,20260930170000,20261001083000,부산광역시 북구 낙동대로 1786 (구포동),A1200045,128,자동,차단,
2026-10-01 02:00:00,부산광역시,A1200045,구포성심병원,응급,Y000,응급실,"집중치료실 full bed, 이송 전 문의 부탁드립니다.",20260930111600,20261001090000,부산광역시 북구 낙동대로 1786 (구포동),A1200045,129,자동,차단,병상 또는 장비
2026-10-01 02:00:00,대구광역시,A1300001,영남대학교병원,응급,Y000,응급실,"[혈액종양내과] 해당 시간대에는 f/u 환자만 수용 가능 (pf.고성애) : 평일18~8시,주말,공휴일",20260930180000,20261001080000,대구광역시 남구 현충로 170 (대명동),A1300001,1,자동,차단,혈액·종양내과
2026-10-01 02:00:00,대구광역시,A1300001,영남대학교병원,응급,Y000,응급실,"[소아청소년과] 야간·주말·공휴일 소아신경과 f/u만 수용 가능, [영유아 기관지 응급내시경] 수용 불가능",20260930180000,20261001083000,대구광역시 남구 현충로 170 (대명동),A1300001,2,자동,차단,소아청소년과
2026-10-01 02:00:00,대구광역시,A1300001,영남대학교병원,응급,Y000,응급실,"[내분비대사내과] 해당 시간대에는 진료 불가 (pf.윤지성) : 평일18~8시,주말,공휴일",20260930180000,20261001080000,대구광역시 남구 현충로 170 (대명동),A1300001,3,자동,차단,내분비내과
2026-10-01 02:00:00,대구광역시,A1300001,영남대학교병원,응급,Y000,응급실,[신경과] 경련 환자 진료 제한 (pf.권두혁),20260930170000,20261001080000,대구광역시 남구 현충로 170 (대명동),A1300001,4,자동,차단,신경과
2026-10-01 02:00:00,대구광역시,A1300001,영남대학교병원,응급,Y000,응급실,"[신경외과] brain tumor 환자 f/u 외 진료 제한, 외상 및 뇌혈관질환 진료 가능 (pf.박소희)",20260930153700,20261001060000,대구광역시 남구 현충로 170 (대명동),A1300001,5,자동,차단,신경외과
2026-10-01 02:00:00,대구광역시,A1300001,영남대학교병원,응급,Y000,응급실,[소아외과] 의료진 부재로 수용 불가능 (pf.이남혁),20260930130000,20261001080000,대구광역시 남구 현충로 170 (대명동),A1300001,6,자동,차단,외과
2026-10-01 02:00:00,대구광역시,A1300001,영남대학교병원,응급,Y000,응급실,[호흡기내과] f/u 수용 가능 (pf.진현정),20260930080000,20261001080000,대구광역시 남구 현충로 170 (대명동),A1300001,7,자동,차단,호흡기내과
2026-10-01 02:00:00,대구광역시,A1300001,영남대학교병원,응급,Y000,응급실,[이비인후과] f/u 수용 가능 (pf.김용대),20260930080000,20261001080000,대구광역시 남구 현충로 170 (대명동),A1300001,8,자동,차단,이비인후과
2026-10-01 02:00:00,대구광역시,A1300001,영남대학교병원,응급,Y000,응급실,[외과] f/u 수용 가능 및 중증화상 수용 불가능 (pf.김소현),20260930080000,20261001080000,대구광역시 남구 현충로 170 (대명동),A1300001,9,자동,차단,외과
2026-10-01 02:00:00,대구광역시,A1300001,영남대학교병원,응급,Y000,응급실,[소화기내과] 간 파트는 f/u 수용 가능 (pf.박정길),20260930080000,20261001080000,대구광역시 남구 현충로 170 (대명동),A1300001,10,자동,차단,소화기내과
2026-10-01 02:00:00,대구광역시,A1300001,영남대학교병원,응급,Y000,응급실,[비뇨의학과] 의료진 부재로 복부 관련 환자 외 수용 가능 (pf.송필현),20260930080000,20261001080000,대구광역시 남구 현충로 170 (대명동),A1300001,11,자동,차단,비뇨의학과
2026-10-01 02:00:00,대구광역시,A1300001,영남대학교병원,응급,Y000,응급실,[치과] 의료진 부재로 수용 불가능,20260930080000,20261001080000,대구광역시 남구 현충로 170 (대명동),A1300001,12,자동,차단,치과
2026-10-01 02:00:00,대구광역시,A1300002,경북대학교병원,중증,Y0041,대동맥응급(흉부),"[마취통증의학과] 매주 수요일(18:00~08:00), 심장, 대동맥 관련수술 불가",20260930180000,20261001080000,"대구광역시 중구 동덕로 130 (삼덕동2가, 경북대학교병원)",A1300002,13,자동,차단,
2026-10-01 02:00:00,대구광역시,A1300002,경북대학교병원,응급,Y000,응급실,[신경과] 의료진 부재로 말초신경 및 근육질환 관련 응급진료 불가,20260930114200,20261006080000,"대구광역시 중구 동덕로 130 (삼덕동2가, 경북대학교병원)",A1300002,14,자동,차단,신경과
2026-10-01 02:00:00,대구광역시,A1300002,경북대학교병원,응급,Y000,응급실,[부인과] 의료진 부재로 관련 환자 응급진료 불가,20260930070100,20261001070000,"대구광역시 중구 동덕로 130 (삼덕동2가, 경북대학교병원)",A1300002,15,자동,차단,산부인과
2026-10-01 02:00:00,대구광역시,A1300002,경북대학교병원,중증,Y0060,복부응급수술(비외상),[외과] 의료진 부재로 관련환자 응급진료 불가,20260930070000,20261001080000,"대구광역시 중구 동덕로 130 (삼덕동2가, 경북대학교병원)",A1300002,16,자동,차단,
2026-10-01 02:00:00,대구광역시,A1300002,경북대학교병원,응급,Y000,응급실,"[이비인후과] 만 10세, 35kg 이하 소아 이비인후과 진료 불가",20260928070000,20261005070000,"대구광역시 중구 동덕로 130 (삼덕동2가, 경북대학교병원)",A1300002,17,자동,차단,이비인후과
2026-10-01 02:00:00,대구광역시,A1300002,경북대학교병원,응급,Y000,응급실,"[구강악안면외과] 단순(치통, 치관파절, 보철물 탈락 등 비응급 질환) 치아 질환 응급실 진료 불가",20260928070000,20261005070000,"대구광역시 중구 동덕로 130 (삼덕동2가, 경북대학교병원)",A1300002,18,자동,차단,치과
2026-10-01 02:00:00,대구광역시,A1300002,경북대학교병원,응급,Y000,응급실,[산부인과] 전원/이송 전 사전 수용여부 반드시 확인,20260928070000,20261005070000,"대구광역시 중구 동덕로 130 (삼덕동2가, 경북대학교병원)",A1300002,19,자동,차단,산부인과
2026-10-01 02:00:00,대구광역시,A1300002,경북대학교병원,응급,Y000,응급실,[흉부외과] 심혈관중환자실 공사로 응급심장수술 및 심혈관(흉부외과)관련 환자 이송 전 반드시 사전 문의 (~2026년 12월),20260928070000,20261005070000,"대구광역시 중구 동덕로 130 (삼덕동2가, 경북대학교병원)",A1300002,20,자동,차단,병상 또는 장비
2026-10-01 02:00:00,대구광역시,A1300002,경북대학교병원,응급,Y000,응급실,"[마취통증의학과] 매주 수요일(18:00~08:00), 심장, 대동맥 관련 수술 불가",20260928070000,20261005070000,"대구광역시 중구 동덕로 130 (삼덕동2가, 경북대학교병원)",A1300002,21,자동,차단,마취통증의학과
2026-10-01 02:00:00,대구광역시,A1300002,경북대학교병원,응급,Y000,응급실,"[외과] (수,목) 의료진 부재로 관련환자 응급진료 불가",20260928070000,20261005070000,"대구광역시 중구 동덕로 130 (삼덕동2가, 경북대학교병원)",A1300002,22,자동,차단,외과
2026-10-01 02:00:00,대구광역시,A1300002,경북대학교병원,응급,Y000,응급실,"[안과] 세부 전문의 부족으로 성인 및 소아 안와골절, 눈물소관 열상 진료 불가",20260928070000,20261005070000,"대구광역시 중구 동덕로 130 (삼덕동2가, 경북대학교병원)",A1300002,23,자동,차단,안과
2026-10-01 02:00:00,대구광역시,A1300002,경북대학교병원,응급,Y000,응급실,[소아청소년과] 의료진 부재로 장중첩증 정복술 불가,20260928070000,20261005070000,"대구광역시 중구 동덕로 130 (삼덕동2가, 경북대학교병원)",A1300002,24,자동,차단,소아청소년과
2026-10-01 02:00:00,대구광역시,A1300002,경북대학교병원,중증,Y0070,장중첩/폐색(유아),[소아청소년과] 의료진 부재로 장충첩증 정복술 불가,20260928070000,20261005070000,"대구광역시 중구 동덕로 130 (삼덕동2가, 경북대학교병원)",A1300002,25,자동,차단,
2026-10-01 02:00:00,대구광역시,A1300002,경북대학교병원,응급,Y000,응급실,"[안과] 신경안과질환(마비사시, 시신경염, 혀혈성 시신경병증 등) 관련 전문의 부재로 응급진료 불가",20260924070100,20261001070000,"대구광역시 중구 동덕로 130 (삼덕동2가, 경북대학교병원)",A1300002,26,자동,차단,안과
2026-10-01 02:00:00,대구광역시,A1300003,계명대학교동산병원,응급,Y000,응급실,[소아청소년과] 정규시간 외 수용제한 (이송 전 확인),20260926071000,20261003120000,대구광역시 달서구 달구벌대로 1035 (신당동),A1300003,27,자동,차단,소아청소년과
2026-10-01 02:00:00,대구광역시,A1300003,계명대학교동산병원,응급,Y000,응급실,[외과] 외과계 중환자실 부족으로 통보 시까지 외상 환자 수용불가 pf 박찬희,20260926071000,20261003120000,대구광역시 달서구 달구벌대로 1035 (신당동),A1300003,28,자동,차단,외과
2026-10-01 02:00:00,대구광역시,A1300003,계명대학교동산병원,응급,Y000,응급실,[치과] 정규시간 외 불가,20260926071000,20261003120000,대구광역시 달서구 달구벌대로 1035 (신당동),A1300003,29,자동,차단,치과
2026-10-01 02:00:00,대구광역시,A1300003,계명대학교동산병원,응급,Y000,응급실,[부인과] f/u 외 이송 전 확인,20260926071000,20261003120000,대구광역시 달서구 달구벌대로 1035 (신당동),A1300003,30,자동,차단,산부인과
2026-10-01 02:00:00,대구광역시,A1300004,대구가톨릭대학교병원,응급,Y000,응급실,수혈 필요한 출혈 환자 수용불가,20260930195200,20261001080000,대구광역시 남구 두류공원로17길 33 (대명동),A1300004,31,자동,차단,응급실
2026-10-01 02:00:00,대구광역시,A1300004,대구가톨릭대학교병원,응급,Y000,응급실,"응급실 이사 및 이전 작업으로 인한 정상진료/수용 어려움, 환자 이송 및 전원 시 사전 문의",20260929180000,20261001083000,대구광역시 남구 두류공원로17길 33 (대명동),A1300004,32,자동,차단,응급실
2026-10-01 02:00:00,대구광역시,A1300004,대구가톨릭대학교병원,응급,Y000,응급실,"소아청소년과_수요일 야간/일요일 진료가능,소아신경과 불가",20260929000000,20261005235900,대구광역시 남구 두류공원로17길 33 (대명동),A1300004,33,자동,차단,소아청소년과
2026-10-01 02:00:00,대구광역시,A1300004,대구가톨릭대학교병원,응급,Y000,응급실,피부과_평일 진료가능,20260929000000,20261005235900,대구광역시 남구 두류공원로17길 33 (대명동),A1300004,34,자동,차단,피부과
2026-10-01 02:00:00,대구광역시,A1300004,대구가톨릭대학교병원,응급,Y000,응급실,"신경과_seizure f/u 외 수용불가, 뇌경색의심환자 사전문의",20260929000000,20261005235900,대구광역시 남구 두류공원로17길 33 (대명동),A1300004,35,자동,차단,신경과
2026-10-01 02:00:00,대구광역시,A1300004,대구가톨릭대학교병원,응급,Y000,응급실,치과_외래시간 진료가능(악안면봉합포함),20260929000000,20261005235900,대구광역시 남구 두류공원로17길 33 (대명동),A1300004,36,자동,차단,치과
2026-10-01 02:00:00,대구광역시,A1300004,대구가톨릭대학교병원,응급,Y000,응급실,산부인과_ 의료진부족_ 사전문의,20260929000000,20261005235900,대구광역시 남구 두류공원로17길 33 (대명동),A1300004,37,자동,차단,산부인과
2026-10-01 02:00:00,대구광역시,A1300004,대구가톨릭대학교병원,응급,Y000,응급실,신경과_신경과_의료진부족_길랭바레증후군+근무력증_진료불가,20260929000000,20261005235900,대구광역시 남구 두류공원로17길 33 (대명동),A1300004,38,자동,차단,신경과
2026-10-01 02:00:00,대구광역시,A1300004,대구가톨릭대학교병원,응급,Y000,응급실,외과_의료진부족_사전문의,20260929000000,20261005235900,대구광역시 남구 두류공원로17길 33 (대명동),A1300004,39,자동,차단,외과
2026-10-01 02:00:00,대구광역시,A1300004,대구가톨릭대학교병원,응급,Y000,응급실,비뇨의학과_의료진부족_사전문의,20260929000000,20261005235900,대구광역시 남구 두류공원로17길 33 (대명동),A1300004,40,자동,차단,비뇨의학과
2026-10-01 02:00:00,대구광역시,A1300008,곽병원,응급,Y000,응급실,"장중첩증, 경련,정신건강학적 환자 수용불가",20260928000000,20261004235900,대구광역시 중구 국채보상로 531 (수동),A1300008,41,자동,차단,소아청소년과
2026-10-01 02:00:00,대구광역시,A1300009,대구파티마병원,중증,Y0032,뇌출혈수술(거미막하 출혈 외),[신경외과]의료진 부재로 진료 불가능,20260930160000,20261001080000,대구광역시 동구 아양로 99 (신암동),A1300009,42,자동,차단,신경외과
2026-10-01 02:00:00,대구광역시,A1300009,대구파티마병원,중증,Y0031,뇌출혈수술(거미막하 출혈),[신경외과]의료진 부재로 진료 불가능,20260930160000,20261001080000,대구광역시 동구 아양로 99 (신암동),A1300009,43,자동,차단,신경외과
2026-10-01 02:00:00,대구광역시,A1300009,대구파티마병원,중증,Y0020,뇌경색의 재관류중재술,[신경외과]의료진 부재로 진료 불가능,20260930160000,20261001080000,대구광역시 동구 아양로 99 (신암동),A1300009,44,자동,차단,신경외과
2026-10-01 02:00:00,대구광역시,A1300009,대구파티마병원,응급,Y000,응급실,"[치과]목요일,공휴일,일요일,야간진료 불가",20260928100100,20261005100000,대구광역시 동구 아양로 99 (신암동),A1300009,45,자동,차단,치과
2026-10-01 02:00:00,대구광역시,A1300009,대구파티마병원,응급,Y000,응급실,[응급실]타 대학병원 F/U환자 이송전 문의,20260928100100,20261005100000,대구광역시 동구 아양로 99 (신암동),A1300009,46,자동,차단,응급실
2026-10-01 02:00:00,대구광역시,A1300009,대구파티마병원,응급,Y000,응급실,[피부과]외래진료시간외 진료불가,20260928100100,20261005100000,대구광역시 동구 아양로 99 (신암동),A1300009,47,자동,차단,피부과
2026-10-01 02:00:00,대구광역시,A1300009,대구파티마병원,응급,Y000,응급실,[산부인과] 본원 f/u 이외 산부인과 진료불가,20260928100100,20261005100000,대구광역시 동구 아양로 99 (신암동),A1300009,48,자동,차단,산부인과
2026-10-01 02:00:00,대구광역시,A1300009,대구파티마병원,응급,Y000,응급실,"[소화기내과]평일17:00~09:00, 토.일.공휴일12:00~09:00 신환응급내시경 및 소화기내과 시술불가",20260928100100,20261005100000,대구광역시 동구 아양로 99 (신암동),A1300009,49,자동,차단,소화기내과
2026-10-01 02:00:00,대구광역시,A1300009,대구파티마병원,응급,Y000,응급실,[비뇨의학과] 본원 f/u 포함 이송전 문의,20260928100100,20261005100000,대구광역시 동구 아양로 99 (신암동),A1300009,50,자동,차단,비뇨의학과
2026-10-01 02:00:00,대구광역시,A1300009,대구파티마병원,응급,Y000,응급실,"[정신건강의학과]병력,자해,약물중독환자 수용불가",20260928100100,20261005100000,대구광역시 동구 아양로 99 (신암동),A1300009,51,자동,차단,정신건강의학과
2026-10-01 02:00:00,대구광역시,A1300009,대구파티마병원,응급,Y000,응급실,[안과]망막 등 응급수술 필요한 환자 이송전문의,20260928100100,20261005100000,대구광역시 동구 아양로 99 (신암동),A1300009,52,자동,차단,안과
2026-10-01 02:00:00,대구광역시,A1300009,대구파티마병원,응급,Y000,응급실,"[소아청소년과]공휴일(토.일제외), 평일야간(17:30~08:00)진료불가, 이송전 문의",20260928100100,20261005100000,대구광역시 동구 아양로 99 (신암동),A1300009,53,자동,차단,소아청소년과
2026-10-01 02:00:00,대구광역시,A1300009,대구파티마병원,응급,Y000,응급실,[이비인후과]외래 진료시간외 진료불가. 이송전문의,20260928100100,20261005100000,대구광역시 동구 아양로 99 (신암동),A1300009,54,자동,차단,이비인후과
2026-10-01 02:00:00,대구광역시,A1300009,대구파티마병원,응급,Y000,응급실,[소아외과]의료진부족으로 소아외과 이송전 문의,20260928100100,20261005100000,대구광역시 동구 아양로 99 (신암동),A1300009,55,자동,차단,외과
2026-10-01 02:00:00,대구광역시,A1300010,칠곡경북대학교병원,중증,Y0010,심근경색의 재관류중재술,"평일 야간, 주말 불가(사정에 따라 지연 또는 제한)",20260930173000,20261001075900,"대구광역시 북구 호국로 807, 칠곡경북대학교병원(임상실습동 1~11층 포함) (학정동)",A1300010,56,자동,차단,
2026-10-01 02:00:00,대구광역시,A1300010,칠곡경북대학교병원,응급,Y000,응급실,[부인과] 신환 진료 불가,20260930170000,20261001075900,"대구광역시 북구 호국로 807, 칠곡경북대학교병원(임상실습동 1~11층 포함) (학정동)",A1300010,57,자동,차단,산부인과
2026-10-01 02:00:00,대구광역시,A1300010,칠곡경북대학교병원,응급,Y000,응급실,[혈관외과] 응급진료 불가,20260930080000,20261001075900,"대구광역시 북구 호국로 807, 칠곡경북대학교병원(임상실습동 1~11층 포함) (학정동)",A1300010,58,자동,차단,외과
2026-10-01 02:00:00,대구광역시,A1300010,칠곡경북대학교병원,응급,Y000,응급실,"[이비인후과] 두경부 질환 (얼굴, 목 질환) 진료불가",20260930070000,20261005065900,"대구광역시 북구 호국로 807, 칠곡경북대학교병원(임상실습동 1~11층 포함) (학정동)",A1300010,59,자동,차단,이비인후과
2026-10-01 02:00:00,대구광역시,A1300010,칠곡경북대학교병원,응급,Y000,응급실,[비뇨의학과] 소아 진료 불가,20260928161900,20261004235900,"대구광역시 북구 호국로 807, 칠곡경북대학교병원(임상실습동 1~11층 포함) (학정동)",A1300010,60,자동,차단,비뇨의학과
2026-10-01 02:00:00,대구광역시,A1300010,칠곡경북대학교병원,응급,Y000,응급실,"[흉부외과] 대동맥박리, 식도 응급질환 등 진료 제한",20260928000000,20261004235900,"대구광역시 북구 호국로 807, 칠곡경북대학교병원(임상실습동 1~11층 포함) (학정동)",A1300010,61,자동,차단,흉부외과
2026-10-01 02:00:00,대구광역시,A1300010,칠곡경북대학교병원,응급,Y000,응급실,[치과] 응급진료 불가,20260928000000,20261004235900,"대구광역시 북구 호국로 807, 칠곡경북대학교병원(임상실습동 1~11층 포함) (학정동)",A1300010,62,자동,차단,치과
2026-10-01 02:00:00,대구광역시,A1300010,칠곡경북대학교병원,중증,Y0070,장중첩/폐색(유아),소아 외과 진료 제한,20260928000000,20261004235900,"대구광역시 북구 호국로 807, 칠곡경북대학교병원(임상실습동 1~11층 포함) (학정동)",A1300010,63,자동,차단,
2026-10-01 02:00:00,대구광역시,A1300010,칠곡경북대학교병원,응급,Y000,응급실,[안과] 응급진료 불가,20260928000000,20261004235900,"대구광역시 북구 호국로 807, 칠곡경북대학교병원(임상실습동 1~11층 포함) (학정동)",A1300010,64,자동,차단,안과
2026-10-01 02:00:00,대구광역시,A1300010,칠곡경북대학교병원,응급,Y000,응급실,[피부과] 응급진료 불가,20260928000000,20261004235900,"대구광역시 북구 호국로 807, 칠곡경북대학교병원(임상실습동 1~11층 포함) (학정동)",A1300010,65,자동,차단,피부과
2026-10-01 02:00:00,대구광역시,A1300010,칠곡경북대학교병원,응급,Y000,응급실,** 원내 사정으로 이송 및 전원 환자 필히 사전 연락 후 이송,20260928000000,20261004235900,"대구광역시 북구 호국로 807, 칠곡경북대학교병원(임상실습동 1~11층 포함) (학정동)",A1300010,66,자동,차단,응급실
2026-10-01 02:00:00,대구광역시,A1300010,칠곡경북대학교병원,응급,Y000,응급실,[산과] 14주 이상 - 30주 미만 고위험 또는 응급 제왕절개 필요한 산모 위주 진료 (산후 출혈 사전 연락 필요),20260928000000,20261004235900,"대구광역시 북구 호국로 807, 칠곡경북대학교병원(임상실습동 1~11층 포함) (학정동)",A1300010,67,자동,차단,산부인과
2026-10-01 02:00:00,대구광역시,A1300010,칠곡경북대학교병원,응급,Y000,응급실,[정형외과] 응급진료 불가(척추포함),20260928000000,20261004235900,"대구광역시 북구 호국로 807, 칠곡경북대학교병원(임상실습동 1~11층 포함) (학정동)",A1300010,68,자동,차단,정형외과
2026-10-01 02:00:00,대구광역시,A1300010,칠곡경북대학교병원,응급,Y000,응급실,외상 진료 불가 · 약물중독 진료 제한,20260928000000,20261004235900,"대구광역시 북구 호국로 807, 칠곡경북대학교병원(임상실습동 1~11층 포함) (학정동)",A1300010,69,자동,차단,기타 진료과
2026-10-01 02:00:00,대구광역시,A1300010,칠곡경북대학교병원,응급,Y000,응급실,[소화기내과] 간질환 진료 불가,20260928000000,20261004235900,"대구광역시 북구 호국로 807, 칠곡경북대학교병원(임상실습동 1~11층 포함) (학정동)",A1300010,70,자동,차단,소화기내과
2026-10-01 02:00:00,대구광역시,A1303386,계명대학교대구동산병원,응급,Y000,응급실,"부인과, 소아청소년과, 이비인후과 외래시간 외 관련 환자 수용 불가(사전 연락 바랍니다)",20261001000000,20261008235900,"대구광역시 중구 달성로 56, 계명대학교대구동산병원 (동산동)",A1303386,71,자동,차단,기타 진료과
2026-10-01 02:00:00,대구광역시,A1303386,계명대학교대구동산병원,응급,Y000,응급실,오후 10시 이후 신경과 관련 환자 진료 제한(사전 연락 바랍니다),20261001000000,20261008235900,"대구광역시 중구 달성로 56, 계명대학교대구동산병원 (동산동)",A1303386,72,자동,차단,신경과
2026-10-01 02:00:00,대구광역시,A1303386,계명대학교대구동산병원,응급,Y000,응급실,혈액제제 부족으로 관련 환자 수용 제한(사전 연락 바랍니다),20261001000000,20261008235900,"대구광역시 중구 달성로 56, 계명대학교대구동산병원 (동산동)",A1303386,73,자동,차단,병상 또는 장비
2026-10-01 02:00:00,대구광역시,A1303386,계명대학교대구동산병원,응급,Y000,응급실,"수술적 처치 필요한 척추 질환, 척추 감염환자 수용 불가",20261001000000,20261008235900,"대구광역시 중구 달성로 56, 계명대학교대구동산병원 (동산동)",A1303386,74,자동,차단,정형외과
2026-10-01 02:00:00,대구광역시,A1303386,계명대학교대구동산병원,응급,Y000,응급실,환자 이송 전 KTAS 보내고 연락 바랍니다. 서버 불안정으로 구급활동정보 알람이 때때로 오지 않습니다.,20261001000000,20261008235900,"대구광역시 중구 달성로 56, 계명대학교대구동산병원 (동산동)",A1303386,75,자동,차단,병상 또는 장비
2026-10-01 02:00:00,대구광역시,A1303386,계명대학교대구동산병원,응급,Y000,응급실,"산과, 신경외과, 심장내과, 심장혈관흉부외과, 성형외과, 피부과 의료진 부재로 관련 환자 수용 불가",20261001000000,20261008235900,"대구광역시 중구 달성로 56, 계명대학교대구동산병원 (동산동)",A1303386,76,자동,차단,기타 진료과
2026-10-01 02:00:00,대전광역시,A1600001,충남대학교병원,응급,Y000,응급실,"[신경과] 의료진 부족으로 23시 ~익일 8시까지 신경과 진료 불가( 단,  3일이내 급성뇌경색/뇌전증 지속상태에 대해서는 야간 진료 가능)",20260928090300,20261005140000,"대전광역시 중구 문화로 282, 충남대학교병원 (대사동)",A1600001,1,자동,차단,신경과
2026-10-01 02:00:00,대전광역시,A1600001,충남대학교병원,응급,Y000,응급실,[소아 청소년과]  소아내시경 불가능함,20260928090300,20261005140000,"대전광역시 중구 문화로 282, 충남대학교병원 (대사동)",A1600001,2,자동,차단,소아청소년과
2026-10-01 02:00:00,대전광역시,A1600001,충남대학교병원,응급,Y000,응급실,[호흡기 내과 ]타병원  항암 환자 초진 불가,20260928090300,20261005140000,"대전광역시 중구 문화로 282, 충남대학교병원 (대사동)",A1600001,3,자동,차단,호흡기내과
2026-10-01 02:00:00,대전광역시,A1600001,충남대학교병원,응급,Y000,응급실,"[영상의학과] 해당 파트  투시검사/시 술(소아 장중첩증 정복), 소아 초음파 검사/시술 불가능 함",20260928090300,20261005140000,"대전광역시 중구 문화로 282, 충남대학교병원 (대사동)",A1600001,4,자동,차단,영상의학과
2026-10-01 02:00:00,대전광역시,A1600001,충남대학교병원,응급,Y000,응급실,"[성형외과] 봉합 지정시간 => 11A, 3P, 8P",20260928090300,20261005140000,"대전광역시 중구 문화로 282, 충남대학교병원 (대사동)",A1600001,5,자동,차단,성형외과
2026-10-01 02:00:00,대전광역시,A1600002,학교법인을지학원대전을지대학교병원,응급,Y000,응급실,★[신장내과] 중증 신장내과 환자 f/u 포함 진료불가(경증 가능),20260928122900,20261005090000,대전광역시 서구 둔산서로 95 (둔산동),A1600002,6,자동,차단,신장내과
2026-10-01 02:00:00,대전광역시,A1600002,학교법인을지학원대전을지대학교병원,응급,Y000,응급실,[외과] 매일 08:00 ~ 21:00 가능,20260928090100,20261005090000,대전광역시 서구 둔산서로 95 (둔산동),A1600002,7,자동,차단,외과
2026-10-01 02:00:00,대전광역시,A1600002,학교법인을지학원대전을지대학교병원,응급,Y000,응급실,[성형외과] 평일 09:00 ~ 20:00(화요일 ~19시까지) / 주말 09:00 ~ 16:00 가능,20260928090100,20261005090000,대전광역시 서구 둔산서로 95 (둔산동),A1600002,8,자동,차단,성형외과
2026-10-01 02:00:00,대전광역시,A1600002,학교법인을지학원대전을지대학교병원,응급,Y000,응급실,[이비인후과] 24시간 가능(두경부 감염 관련은 불가),20260928090100,20261005090000,대전광역시 서구 둔산서로 95 (둔산동),A1600002,9,자동,차단,이비인후과
2026-10-01 02:00:00,대전광역시,A1600002,학교법인을지학원대전을지대학교병원,응급,Y000,응급실,[피부과] 매일 ~21:00 가능,20260928090100,20261005090000,대전광역시 서구 둔산서로 95 (둔산동),A1600002,10,자동,차단,피부과
2026-10-01 02:00:00,대전광역시,A1600002,학교법인을지학원대전을지대학교병원,응급,Y000,응급실,"[소아과] 월,화,목 08:00 ~ 22:00 / 수 08:00 ~ 17:00 / 금 08:00 ~ 13:00 가능(장중첩, 소아신경 및 심장 진료불가)",20260928090100,20261005090000,대전광역시 서구 둔산서로 95 (둔산동),A1600002,11,자동,차단,소아청소년과
2026-10-01 02:00:00,대전광역시,A1600002,학교법인을지학원대전을지대학교병원,응급,Y000,응급실,[산부인과] 통화 후 이송바랍니다,20260928090100,20261005090000,대전광역시 서구 둔산서로 95 (둔산동),A1600002,12,자동,차단,산부인과
2026-10-01 02:00:00,대전광역시,A1600002,학교법인을지학원대전을지대학교병원,응급,Y000,응급실,"[정형외과] 24시간 가능(주말,공휴일도 가능/소아 가능)",20260928090100,20261005090000,대전광역시 서구 둔산서로 95 (둔산동),A1600002,13,자동,차단,정형외과
2026-10-01 02:00:00,대전광역시,A1600002,학교법인을지학원대전을지대학교병원,응급,Y000,응급실,"[안과], [치과], [응급 기관지 내시경] 불가",20260928090100,20261005090000,대전광역시 서구 둔산서로 95 (둔산동),A1600002,14,자동,차단,기타 진료과
2026-10-01 02:00:00,대전광역시,A1600002,학교법인을지학원대전을지대학교병원,응급,Y000,응급실,[비뇨기과] 평일 08:00 ~ 16:30 가능,20260928090100,20261005090000,대전광역시 서구 둔산서로 95 (둔산동),A1600002,15,자동,차단,비뇨의학과
2026-10-01 02:00:00,대전광역시,A1600002,학교법인을지학원대전을지대학교병원,응급,Y000,응급실,"[신경외과] 24시간 가능(만8세 이상, 몸무게 40kg 이상 진료가능/소아 경증은 외래진료 가능성 있습니다)",20260928090100,20261005090000,대전광역시 서구 둔산서로 95 (둔산동),A1600002,16,자동,차단,신경외과
2026-10-01 02:00:00,대전광역시,A1600002,학교법인을지학원대전을지대학교병원,응급,Y000,응급실,"[신경과] 매일 07:00 ~ 18:00 가능(seizure, stroke 환자는 ~21:00 가능/stroke 환자 뇌혈관순환 당직날은 자정 이후도 가능)",20260928090100,20261005090000,대전광역시 서구 둔산서로 95 (둔산동),A1600002,17,자동,차단,신경과
2026-10-01 02:00:00,대전광역시,A1600002,학교법인을지학원대전을지대학교병원,응급,Y000,응급실,[정신과] 24시 가능(입원 필요시 전화),20260928090100,20261005090000,대전광역시 서구 둔산서로 95 (둔산동),A1600002,18,자동,차단,정신건강의학과
2026-10-01 02:00:00,대전광역시,A1600002,학교법인을지학원대전을지대학교병원,중증,Y0070,장중첩/폐색(유아),진료 불가합니다,20260928083000,20261005090000,대전광역시 서구 둔산서로 95 (둔산동),A1600002,19,자동,차단,
2026-10-01 02:00:00,대전광역시,A1600002,학교법인을지학원대전을지대학교병원,중증,Y0082,위장관 응급내시경(영유아),진료 불가합니다,20260928083000,20261005090000,대전광역시 서구 둔산서로 95 (둔산동),A1600002,20,자동,차단,
2026-10-01 02:00:00,대전광역시,A1600005,학교법인가톨릭학원가톨릭대학교대전성모병원,응급,Y000,응급실,본원 사정으로 소아과 진료 불가합니다. 이송 시 참고 바랍니다.,20260929182000,20261006235900,"대전광역시 중구 대흥로 64, 성모병원 (대흥동)",A1600005,21,자동,차단,소아청소년과
2026-10-01 02:00:00,대전광역시,A1600005,학교법인가톨릭학원가톨릭대학교대전성모병원,응급,Y000,응급실,산부인과 분만 본원 사정으로 인하여 본원 F/U(37주이상) 환자만 수용 가능합니다.,20260929182000,20261006235900,"대전광역시 중구 대흥로 64, 성모병원 (대흥동)",A1600005,22,자동,차단,산부인과
2026-10-01 02:00:00,대전광역시,A1600005,학교법인가톨릭학원가톨릭대학교대전성모병원,응급,Y000,응급실,응급실 상황에 따라 (중증응급)환자 수용 불가능할 수 있으니 이송 시 확인 바랍니다.,20260929182000,20261006235900,"대전광역시 중구 대흥로 64, 성모병원 (대흥동)",A1600005,23,자동,차단,응급실
2026-10-01 02:00:00,대전광역시,A1600005,학교법인가톨릭학원가톨릭대학교대전성모병원,응급,Y000,응급실,본원 응급실 성형외과 진료 불가합니다. 이송 시 참고 바랍니다.,20260929182000,20261006235900,"대전광역시 중구 대흥로 64, 성모병원 (대흥동)",A1600005,24,자동,차단,성형외과
2026-10-01 02:00:00,대전광역시,A1600005,학교법인가톨릭학원가톨릭대학교대전성모병원,응급,Y000,응급실,본원 사정에 의하여 안과 평일 08시부터 18시까지만 진료 가능합니다. 이송 시 참고 바랍니다.,20260929182000,20261006235900,"대전광역시 중구 대흥로 64, 성모병원 (대흥동)",A1600005,25,자동,차단,안과
2026-10-01 02:00:00,대전광역시,A1600005,학교법인가톨릭학원가톨릭대학교대전성모병원,응급,Y000,응급실,본원 사정에 의하여 이비인후과 08시부터 21시까지만 진료가 가능합니다. 이송 시 참고 바랍니다.,20260929182000,20261006235900,"대전광역시 중구 대흥로 64, 성모병원 (대흥동)",A1600005,26,자동,차단,이비인후과
2026-10-01 02:00:00,대전광역시,A1600005,학교법인가톨릭학원가톨릭대학교대전성모병원,응급,Y000,응급실,본원 사정에 의하여 비뇨기과 야간/주말/공휴일 응급실 진료 불가합니다. 이송 시 참고 바랍니다.,20260929182000,20261006235900,"대전광역시 중구 대흥로 64, 성모병원 (대흥동)",A1600005,27,자동,차단,비뇨의학과
2026-10-01 02:00:00,대전광역시,A1600006,학교법인건양교육재단건양대학교병원,응급,Y000,응급실,월~목 08:30-22:00 (공휴일인 경우 불가능)/ 금~일 08:30-익일 08:00 (공휴일에도 가능),20260928080000,20261003130000,"대전광역시 서구 관저동로 158, 건양대학교병원 (관저동)",A1600006,28,자동,차단,소아청소년과
2026-10-01 02:00:00,대전광역시,A1600006,학교법인건양교육재단건양대학교병원,응급,Y000,응급실,"월-금 08:30~21:00 / 토 24시간 / 일요일 09:00~18:00 진료 가능합니다. 단, 중증 환자의 경우 의뢰 후 결정되니 이송 전 수용 가능여부 확인바랍니다.",20260928080000,20261003130000,"대전광역시 서구 관저동로 158, 건양대학교병원 (관저동)",A1600006,29,자동,차단,안과
2026-10-01 02:00:00,대전광역시,A1600006,학교법인건양교육재단건양대학교병원,응급,Y000,응급실,"일~목요일(07시~21시), 금,토(07시~익일 07시) 이비인후과 진료 가능합니다. / 단, 본원 이비인후과 수술 후 출혈환자 상시 가능합니다.",20260927210000,20261003130000,"대전광역시 서구 관저동로 158, 건양대학교병원 (관저동)",A1600006,30,자동,차단,이비인후과
2026-10-01 02:00:00,대전광역시,A1600006,학교법인건양교육재단건양대학교병원,응급,Y000,응급실,본원 정형외과 의료진 부재로 femur shaft fracture 관련 진료 및 처치 불가능 합니다,20260927083000,20261004083000,"대전광역시 서구 관저동로 158, 건양대학교병원 (관저동)",A1600006,31,자동,차단,정형외과
2026-10-01 02:00:00,대전광역시,A1600006,학교법인건양교육재단건양대학교병원,응급,Y000,응급실,응급실에서 이비인후과 두경부파트 진료 불가능합니다.,20260926133600,20261003130000,"대전광역시 서구 관저동로 158, 건양대학교병원 (관저동)",A1600006,32,자동,차단,이비인후과
2026-10-01 02:00:00,대전광역시,A1600006,학교법인건양교육재단건양대학교병원,응급,Y000,응급실,"평일(18시~익일 06시), 주말 및 공휴일(06시~익일06시) 본원 URO f/u 환자만 수용 가능합니다. 이송 전 수용 여부 꼭 확인바랍니다.",20260926130000,20261003130000,"대전광역시 서구 관저동로 158, 건양대학교병원 (관저동)",A1600006,33,자동,차단,비뇨의학과
2026-10-01 02:00:00,대전광역시,A1600006,학교법인건양교육재단건양대학교병원,응급,Y000,응급실,응급실에서 피부과 진료 불가능합니다.,20260926130000,20261003130000,"대전광역시 서구 관저동로 158, 건양대학교병원 (관저동)",A1600006,34,자동,차단,피부과
2026-10-01 02:00:00,대전광역시,A1600006,학교법인건양교육재단건양대학교병원,응급,Y000,응급실,응급실에서 성형외과 진료 불가능 합니다.,20260926130000,20261003130000,"대전광역시 서구 관저동로 158, 건양대학교병원 (관저동)",A1600006,35,자동,차단,성형외과
2026-10-01 02:00:00,대전광역시,A1600006,학교법인건양교육재단건양대학교병원,응급,Y000,응급실,응급실에서 치과 진료 불가능합니다.,20260926130000,20261003130000,"대전광역시 서구 관저동로 158, 건양대학교병원 (관저동)",A1600006,36,자동,차단,치과
2026-10-01 02:00:00,대전광역시,A1600006,학교법인건양교육재단건양대학교병원,응급,Y000,응급실,당직의 사정에 따라 진료 가능여부 다를 수 있으니 이송 전 확인바랍니다.,20260926130000,20261003130000,"대전광역시 서구 관저동로 158, 건양대학교병원 (관저동)",A1600006,37,자동,차단,산부인과
2026-10-01 02:00:00,대전광역시,A1600006,학교법인건양교육재단건양대학교병원,응급,Y000,응급실,본원 영상의학중재술이 필요한 환자 시술 및 수술 수용가능 여부는 이송전 꼭 문의 연락부탁드립니다.,20260926130000,20261003130000,"대전광역시 서구 관저동로 158, 건양대학교병원 (관저동)",A1600006,38,자동,차단,응급실
2026-10-01 02:00:00,대전광역시,A1600006,학교법인건양교육재단건양대학교병원,응급,Y000,응급실,[고압산소치료] 본원 monoplace chamber로 환자 모니터링이 불가능하여 자가기도유지 불가능한 환자는 고압산소치료가 불가능합니다.,20260926130000,20261003130000,"대전광역시 서구 관저동로 158, 건양대학교병원 (관저동)",A1600006,39,자동,차단,병상 또는 장비
2026-10-01 02:00:00,대전광역시,A1600006,학교법인건양교육재단건양대학교병원,응급,Y000,응급실,본원 소아외과 의료진 부재로 응급실에서 소아외과적 환자 진료 및 수술 불가능합니다.,20260924114900,20261001130000,"대전광역시 서구 관저동로 158, 건양대학교병원 (관저동)",A1600006,40,자동,차단,외과
2026-10-01 02:00:00,대전광역시,A1600007,의료법인영훈의료재단유성선병원,응급,Y000,응급실,진료 불가 전문의 부재,20260928090000,20261005100000,대전광역시 유성구 북유성대로 93 (지족동),A1600007,41,자동,차단,피부과
2026-10-01 02:00:00,대전광역시,A1600007,의료법인영훈의료재단유성선병원,응급,Y000,응급실,09시부터 22시까지만 가능,20260928090000,20261005100000,대전광역시 유성구 북유성대로 93 (지족동),A1600007,42,자동,차단,성형외과
2026-10-01 02:00:00,대전광역시,A1600007,의료법인영훈의료재단유성선병원,응급,Y000,응급실,전문의 부재 진료 불가,20260928090000,20261005100000,대전광역시 유성구 북유성대로 93 (지족동),A1600007,43,자동,차단,흉부외과
2026-10-01 02:00:00,대전광역시,A1600007,의료법인영훈의료재단유성선병원,응급,Y000,응급실,외래 진료만 가능,20260928090000,20261005100000,대전광역시 유성구 북유성대로 93 (지족동),A1600007,44,자동,차단,혈액·종양내과
2026-10-01 02:00:00,대전광역시,A1600007,의료법인영훈의료재단유성선병원,응급,Y000,응급실,진료 불가 전문의 부재,20260928090000,20261005100000,대전광역시 유성구 북유성대로 93 (지족동),A1600007,45,자동,차단,안과
2026-10-01 02:00:00,대전광역시,A1600007,의료법인영훈의료재단유성선병원,응급,Y000,응급실,산과 진료 불가 전문의 부재,20260928090000,20261005100000,대전광역시 유성구 북유성대로 93 (지족동),A1600007,46,자동,차단,산부인과
2026-10-01 02:00:00,대전광역시,A1600007,의료법인영훈의료재단유성선병원,응급,Y000,응급실,외래 진료만 가능,20260928090000,20261005100000,대전광역시 유성구 북유성대로 93 (지족동),A1600007,47,자동,차단,정신건강의학과
2026-10-01 02:00:00,대전광역시,A1600007,의료법인영훈의료재단유성선병원,응급,Y000,응급실,외래 진료만 가능,20260928090000,20261005100000,대전광역시 유성구 북유성대로 93 (지족동),A1600007,48,자동,차단,소아청소년과
2026-10-01 02:00:00,대전광역시,A1600007,의료법인영훈의료재단유성선병원,응급,Y000,응급실,"DI 환자, ROSC 환자는 관련 질환과  부재로  수용 불가",20260928090000,20261005100000,대전광역시 유성구 북유성대로 93 (지족동),A1600007,49,자동,차단,응급실
2026-10-01 02:00:00,대전광역시,A1600007,의료법인영훈의료재단유성선병원,응급,Y000,응급실,외래 진료만 가능,20260928090000,20261005100000,대전광역시 유성구 북유성대로 93 (지족동),A1600007,50,자동,차단,치과
2026-10-01 02:00:00,대전광역시,A1600008,의료법인영훈의료재단대전선병원,응급,Y000,응급실,본원 심정지 후치료(목표체온치료/ECMO등..) 불가합니다.,20260928090000,20261005090000,"대전광역시 중구 목중로 29 (목동,(목동))",A1600008,51,자동,차단,응급실
2026-10-01 02:00:00,대전광역시,A1600008,의료법인영훈의료재단대전선병원,응급,Y000,응급실,"이비인후과 출혈(코피포함), ENT적 호흡곤란 동반환자, 타병원 수술후 합병증,목에 이물감,목의 부종과 통증이 동반된 deep neck 감염환자들은 외래 진료시간 (평일 8:30~17:30/토요일 8:30~12:30) 외 진료 불가",20260928090000,20261005090000,"대전광역시 중구 목중로 29 (목동,(목동))",A1600008,52,자동,차단,이비인후과
2026-10-01 02:00:00,대전광역시,A1600008,의료법인영훈의료재단대전선병원,응급,Y000,응급실,구강외과 외래 진료시간(08:30~17:30)외에 응급진료 어려우며 외래진료 시간에도 구강외과 사정에 따라 진료가 제한될 수 있으므로 이송 전 연락바랍니다.,20260928090000,20261005090000,"대전광역시 중구 목중로 29 (목동,(목동))",A1600008,53,자동,차단,치과
2026-10-01 02:00:00,대전광역시,A1600008,의료법인영훈의료재단대전선병원,응급,Y000,응급실,내분비내과 진료과 사정으로 응급실 진료 및 입원 불가합니다.,20260928090000,20261005090000,"대전광역시 중구 목중로 29 (목동,(목동))",A1600008,54,자동,차단,내분비내과
2026-10-01 02:00:00,대전광역시,A1600008,의료법인영훈의료재단대전선병원,응급,Y000,응급실,소아청소년과 외래진료시간 (08:30~17:30) 이외에 소아전문의 진료 불가능합니다.,20260928090000,20261005090000,"대전광역시 중구 목중로 29 (목동,(목동))",A1600008,55,자동,차단,소아청소년과
2026-10-01 02:00:00,울산광역시,A1700002,의료법인동강의료재단동강병원,응급,Y000,응급실,"(소아 전 연령) 기도 및 식도 이물, 선천심질환자, 소아암, 소아혈액질환 치료중인 환자, 소아중증 외상 환자, 소아신경과, 소아신장 진료불가",20260929000000,20261005235900,울산광역시 중구 태화로 239 (태화동),A1700002,1,자동,차단,응급실
2026-10-01 02:00:00,울산광역시,A1700002,의료법인동강의료재단동강병원,응급,Y000,응급실,급성대동맥 질환 상황판 병상수와 관계없이 응급실로 문의바랍니다.,20260929000000,20261006235900,울산광역시 중구 태화로 239 (태화동),A1700002,2,자동,차단,응급실
2026-10-01 02:00:00,울산광역시,A1700002,의료법인동강의료재단동강병원,응급,Y000,응급실,"(소아 전 연령) 활력징후 비정상, 산소포화도 저하, CPR 상태, 인공호흡기 치료필요, 뇌전증중첩증, 당뇨병성 케톤산증, 의식저하,",20260929000000,20261005235900,울산광역시 중구 태화로 239 (태화동),A1700002,3,자동,차단,응급실
2026-10-01 02:00:00,울산광역시,A1700002,의료법인동강의료재단동강병원,응급,Y000,응급실,종양내과 부재로 암 관련 진료불가,20260929000000,20261005235900,울산광역시 중구 태화로 239 (태화동),A1700002,4,자동,차단,응급실
2026-10-01 02:00:00,울산광역시,A1700002,의료법인동강의료재단동강병원,응급,Y000,응급실,12개월 미만 소아청소년과 진료불가,20260929000000,20261005235900,울산광역시 중구 태화로 239 (태화동),A1700002,5,자동,차단,응급실
2026-10-01 02:00:00,울산광역시,A1700002,의료법인동강의료재단동강병원,응급,Y000,응급실,중독 관련과 부재로 진료불가,20260929000000,20261005235900,울산광역시 중구 태화로 239 (태화동),A1700002,6,자동,차단,응급실
2026-10-01 02:00:00,울산광역시,A1700002,의료법인동강의료재단동강병원,응급,Y000,응급실,신경학적 이상을 동반한 척추손상은 SC 외래 진료시간만 가능,20260929000000,20261005235900,울산광역시 중구 태화로 239 (태화동),A1700002,7,자동,차단,응급실
2026-10-01 02:00:00,울산광역시,A1700002,의료법인동강의료재단동강병원,응급,Y000,응급실,"치아 골절 및 탈구 평일 주간, 토요일 오전 외래 진료시간만 가능 안면부 골절 검사만 가능하고 평일 야간, 주말동안 응급수술 불가",20260929000000,20261005235900,울산광역시 중구 태화로 239 (태화동),A1700002,8,자동,차단,응급실
2026-10-01 02:00:00,울산광역시,A1700002,의료법인동강의료재단동강병원,응급,Y000,응급실,"안과, 이비인후과, 피부과 전문의 부재로 진료불가",20260929000000,20261005235900,울산광역시 중구 태화로 239 (태화동),A1700002,9,자동,차단,응급실
2026-10-01 02:00:00,울산광역시,A1700002,의료법인동강의료재단동강병원,응급,Y000,응급실,성형외과 봉합은 예약제로 운영하며 응급실 문의후 결정,20260929000000,20261005235900,울산광역시 중구 태화로 239 (태화동),A1700002,10,자동,차단,응급실
2026-10-01 02:00:00,울산광역시,A1700002,의료법인동강의료재단동강병원,응급,Y000,응급실,"비뇨의학과 외래시간만 운영, 요로결석 통증치료, Testis torsion 만 가능, 전화문의후 진료결정",20260929000000,20261005235900,울산광역시 중구 태화로 239 (태화동),A1700002,11,자동,차단,응급실
2026-10-01 02:00:00,세종특별자치시,A1800441,세종충남대학교병원,응급,Y000,응급실,"[소아전문응급의료센터] 10월 매주 목요일 제외한 22시~익일 10시는 응급분만·가정분만 신생아 및 심폐소생술 필요 환자, 뇌전증 지속상태 환자만 수용 가능",20261001000000,20261003235900,"세종특별자치시 보듬7로 20, 세종충남대학교병원 (도담동)",A1800441,1,자동,차단,소아청소년과
2026-10-01 02:00:00,세종특별자치시,A1800441,세종충남대학교병원,응급,Y000,응급실,[성형외과] 응급실 진료 어려울수 있으니 사전연락 바람,20260927000000,20261003235900,"세종특별자치시 보듬7로 20, 세종충남대학교병원 (도담동)",A1800441,2,자동,차단,성형외과
2026-10-01 02:00:00,세종특별자치시,A1800441,세종충남대학교병원,응급,Y000,응급실,"[심장내과] 의료진 공백으로 응급실 내 평일 야간 및 주말, 공휴일 진료 어려움",20260927000000,20261003235900,"세종특별자치시 보듬7로 20, 세종충남대학교병원 (도담동)",A1800441,3,자동,차단,순환기내과
2026-10-01 02:00:00,세종특별자치시,A1800441,세종충남대학교병원,응급,Y000,응급실,"피부과) 응급실 내 진료어려움, 이송자제",20260927000000,20261003235900,"세종특별자치시 보듬7로 20, 세종충남대학교병원 (도담동)",A1800441,4,자동,차단,피부과
2026-10-01 02:00:00,세종특별자치시,A1800441,세종충남대학교병원,응급,Y000,응급실,[안과] 응급실 진료 어려울수 있으니 사전연락 바람,20260927000000,20261003235900,"세종특별자치시 보듬7로 20, 세종충남대학교병원 (도담동)",A1800441,5,자동,차단,안과
2026-10-01 02:00:00,세종특별자치시,A1800441,세종충남대학교병원,응급,Y000,응급실,"[치과] 응급실 내 진료 어려움, 이송자제",20260927000000,20261003235900,"세종특별자치시 보듬7로 20, 세종충남대학교병원 (도담동)",A1800441,6,자동,차단,치과
2026-10-01 02:00:00,세종특별자치시,A1800441,세종충남대학교병원,응급,Y000,응급실,"중환자실) 가동병상수 유동적, 중환 사전연락필수",20260927000000,20261003235900,"세종특별자치시 보듬7로 20, 세종충남대학교병원 (도담동)",A1800441,7,자동,차단,병상 또는 장비
2026-10-01 02:00:00,세종특별자치시,A1800441,세종충남대학교병원,응급,Y000,응급실,[신경외과] 의료진 부족으로 사전 연락 필요,20260927000000,20261003235900,"세종특별자치시 보듬7로 20, 세종충남대학교병원 (도담동)",A1800441,8,자동,차단,신경외과
2026-10-01 02:00:00,세종특별자치시,A1800441,세종충남대학교병원,응급,Y000,응급실,"[이비인후과] 응급실 내 진료어려움, 이송자제",20260927000000,20261003235900,"세종특별자치시 보듬7로 20, 세종충남대학교병원 (도담동)",A1800441,9,자동,차단,이비인후과
2026-10-01 02:00:00,세종특별자치시,A1800441,세종충남대학교병원,응급,Y000,응급실,[복부대동맥박리] 수용가능여부 사전연락 바람,20260927000000,20261003235900,"세종특별자치시 보듬7로 20, 세종충남대학교병원 (도담동)",A1800441,10,자동,차단,흉부외과
2026-10-01 02:00:00,세종특별자치시,A1800441,세종충남대학교병원,응급,Y000,응급실,[소아비뇨의학과] 진료가능여부 사전문의 필요(야간 진료 어려움),20260927000000,20261003235900,"세종특별자치시 보듬7로 20, 세종충남대학교병원 (도담동)",A1800441,11,자동,차단,비뇨의학과
2026-10-01 02:00:00,세종특별자치시,A1800441,세종충남대학교병원,응급,Y000,응급실,[신경과] 응급실 진료 어려울 수 있으니 사전연락 바람,20260927000000,20261003235900,"세종특별자치시 보듬7로 20, 세종충남대학교병원 (도담동)",A1800441,12,자동,차단,신경과
2026-10-01 02:00:00,세종특별자치시,A1800441,세종충남대학교병원,응급,Y000,응급실,[정신건강의학과] 폐쇄병동 부재 입원 불가,20260927000000,20261003235900,"세종특별자치시 보듬7로 20, 세종충남대학교병원 (도담동)",A1800441,13,자동,차단,정신건강의학과
2026-10-01 02:00:00,세종특별자치시,A1800441,세종충남대학교병원,응급,Y000,응급실,[소아정형외과] 응급실 진료어려울수 있으니 사전연락 바람,20260927000000,20261003235900,"세종특별자치시 보듬7로 20, 세종충남대학교병원 (도담동)",A1800441,14,자동,차단,정형외과
2026-10-01 02:00:00,전남광주통합특별시,A1500001,조선대학교병원,응급,Y000,응급실,"진료 가능 시간: 8시 ~ 22시  (단, 고환염전 및 intervention 처치가 필요한 경우 : 평일 8시 ~ 17시까지만 가능)",20260930004400,20261007235900,전남광주통합특별시 동구 필문대로 365 (서석동),A1500001,1,자동,차단,비뇨의학과
2026-10-01 02:00:00,전남광주통합특별시,A1500001,조선대학교병원,응급,Y000,응급실,소아신경 담당 교수님 부재로 신환 불가합니다.,20260930003900,20261004235900,전남광주통합특별시 동구 필문대로 365 (서석동),A1500001,2,자동,차단,소아청소년과
2026-10-01 02:00:00,전남광주통합특별시,A1500001,조선대학교병원,응급,Y000,응급실,두경부 담당 교수님 부재로 f/u환자 포함 수용 불가합니다.,20260930003800,20261007235900,전남광주통합특별시 동구 필문대로 365 (서석동),A1500001,3,자동,차단,이비인후과
2026-10-01 02:00:00,전남광주통합특별시,A1500001,조선대학교병원,응급,Y000,응급실,모든 환자 이송 및 전원 시 반드시 사전 문의 바랍니다.,20260930003800,20261007235900,전남광주통합특별시 동구 필문대로 365 (서석동),A1500001,4,자동,차단,응급실
2026-10-01 02:00:00,전남광주통합특별시,A1500001,조선대학교병원,응급,Y000,응급실,"소아 intussusception, testis torsion 관련 진료가능시간: 평일 9시~ 21시",20260930003800,20261007235900,전남광주통합특별시 동구 필문대로 365 (서석동),A1500001,5,자동,차단,소아청소년과
2026-10-01 02:00:00,전남광주통합특별시,A1500001,조선대학교병원,응급,Y000,응급실,"소아외과환자 불가, 환자 이송 및 전원 시 반드시 사전 문의 바랍니다.",20260930003700,20261007235900,전남광주통합특별시 동구 필문대로 365 (서석동),A1500001,6,자동,차단,소아청소년과
2026-10-01 02:00:00,전남광주통합특별시,A1500001,조선대학교병원,응급,Y000,응급실,"17시 ~ 익일 8시까지 진료 제한 (당직교수의 진료전문분야에 따라 진료가능여부 결정), 환자 이송 및 전원 시 반드시 사전 문의 바랍니다.",20260930003700,20261007235900,전남광주통합특별시 동구 필문대로 365 (서석동),A1500001,7,자동,차단,이비인후과
2026-10-01 02:00:00,전남광주통합특별시,A1500001,조선대학교병원,응급,Y000,응급실,진료 가능 시간: 6시 ~ 21시,20260930003700,20261007235900,전남광주통합특별시 동구 필문대로 365 (서석동),A1500001,8,자동,차단,안과
2026-10-01 02:00:00,전남광주통합특별시,A1500001,조선대학교병원,응급,Y000,응급실,"진료 가능 시간: 평일 8시 ~ 23시 (단, 단순 봉합은 주말에는 17시 30분까지만 가능)",20260930003600,20261007235900,전남광주통합특별시 동구 필문대로 365 (서석동),A1500001,9,자동,차단,성형외과
2026-10-01 02:00:00,전남광주통합특별시,A1500001,조선대학교병원,응급,Y000,응급실,"진료 가능 시간: 평일 8시 ~ 21시 (단, 토·일·공휴일 불가)",20260930003600,20261007235900,전남광주통합특별시 동구 필문대로 365 (서석동),A1500001,10,자동,차단,소아청소년과
2026-10-01 02:00:00,전남광주통합특별시,A1500001,조선대학교병원,응급,Y000,응급실,영유아 위장관 내시경 필요 시 반드시 사전 문의 바랍니다.,20260930003600,20261007235900,전남광주통합특별시 동구 필문대로 365 (서석동),A1500001,11,자동,차단,응급실
2026-10-01 02:00:00,전남광주통합특별시,A1500001,조선대학교병원,응급,Y000,응급실,"진료는 24시간 가능하나, 정신과적 입원은 21시 ~ 익일 5시까지 불가",20260930003500,20261007235900,전남광주통합특별시 동구 필문대로 365 (서석동),A1500001,12,자동,차단,정신건강의학과
2026-10-01 02:00:00,전남광주통합특별시,A1500001,조선대학교병원,응급,Y000,응급실,PTBD 가능 시간: 평일 8시 ~ 17시,20260930003500,20261007235900,전남광주통합특별시 동구 필문대로 365 (서석동),A1500001,13,자동,차단,영상의학과
2026-10-01 02:00:00,전남광주통합특별시,A1500001,조선대학교병원,응급,Y000,응급실,"진료 가능 시간: 8시 ~ 17시 (당직교수에 따라 진료가능여부 결정), 환자 이송 및 전원 시 반드시 사전 문의 바랍니다.",20260930003400,20261007235900,전남광주통합특별시 동구 필문대로 365 (서석동),A1500001,14,자동,차단,산부인과
2026-10-01 02:00:00,전남광주통합특별시,A1500001,조선대학교병원,응급,Y000,응급실,"쇄석술 불가, 환자 이송 및 전원 시 반드시 사전 문의 바랍니다.",20260930003300,20261007235900,전남광주통합특별시 동구 필문대로 365 (서석동),A1500001,15,자동,차단,비뇨의학과
2026-10-01 02:00:00,전남광주통합특별시,A1500001,조선대학교병원,응급,Y000,응급실,외상환자 이송 및 전원 시 반드시 사전 문의 바랍니다.,20260930003300,20261007235900,전남광주통합특별시 동구 필문대로 365 (서석동),A1500001,16,자동,차단,외과
2026-10-01 02:00:00,전남광주통합특별시,A1500001,조선대학교병원,응급,Y000,응급실,PTBD 가능 시간: 평일 8시 ~ 17시,20260930003200,20261007235900,전남광주통합특별시 동구 필문대로 365 (서석동),A1500001,17,자동,차단,외과
2026-10-01 02:00:00,전남광주통합특별시,A1500001,조선대학교병원,응급,Y000,응급실,"혈액질환 수용 불가, 항암환자는 본원 f/u만 수용 가능, 환자 이송 및 전원 시 반드시 사전 문의 바랍니다.",20260930003200,20261007235900,전남광주통합특별시 동구 필문대로 365 (서석동),A1500001,18,자동,차단,혈액·종양내과
2026-10-01 02:00:00,전남광주통합특별시,A1500001,조선대학교병원,응급,Y000,응급실,"[응급기관지내시경], [기관지동맥색전술] 환자 이송 및 전원 시 반드시 사전 문의 바랍니다.",20260930003200,20261007235900,전남광주통합특별시 동구 필문대로 365 (서석동),A1500001,19,자동,차단,호흡기내과
2026-10-01 02:00:00,전남광주통합특별시,A1500001,조선대학교병원,응급,Y000,응급실,병원별 순환당직일 확인 후 이송 및 전원 바랍니다.,20260930003200,20261007235900,전남광주통합특별시 동구 필문대로 365 (서석동),A1500001,20,자동,차단,소화기내과
2026-10-01 02:00:00,전남광주통합특별시,A1500001,조선대학교병원,응급,Y000,응급실,"[내과] 23시 이후 진료 불가, 환자 이송 및 전원 시 반드시 사전 문의 바랍니다.",20260930002900,20261007235900,전남광주통합특별시 동구 필문대로 365 (서석동),A1500001,21,자동,차단,기타 진료과
2026-10-01 02:00:00,전남광주통합특별시,A1500002,전남대학교병원,응급,Y000,응급실,"(22:00-08:00) 비출혈. 이물, 어지럼증 등 단순 처치가 필요한 응급환자에 대해 즉각적인 진료 제공이 어려울 수 있으며, 진료 지연이 발생할 수 있음.",20260927000000,20261003235900,전남광주통합특별시 동구 제봉로 42 (학동),A1500002,22,자동,차단,이비인후과
2026-10-01 02:00:00,전남광주통합특별시,A1500002,전남대학교병원,응급,Y000,응급실,"월,수,금 야간진료(18:00~08:00) 의료진 부재로 진료 및 인터벤션 불가",20260927000000,20261003235900,전남광주통합특별시 동구 제봉로 42 (학동),A1500002,23,자동,차단,영상의학과
2026-10-01 02:00:00,전남광주통합특별시,A1500002,전남대학교병원,응급,Y000,응급실,"월,수,금 야간진료(18:00~08:00) 의료진 부재로 진료불가",20260927000000,20261003235900,전남광주통합특별시 동구 제봉로 42 (학동),A1500002,24,자동,차단,비뇨의학과
2026-10-01 02:00:00,전남광주통합특별시,A1500002,전남대학교병원,응급,Y000,응급실,"(19:00-07:00) 해당과 사정으로 다음 환자의 진료제공이 제한됨. (안면부 열상, 수부 상지의 tendon, nerve 등의 구조물 손상이 있는 환자)",20260927000000,20261003235900,전남광주통합특별시 동구 제봉로 42 (학동),A1500002,25,자동,차단,성형외과
2026-10-01 02:00:00,전남광주통합특별시,A1500006,신가병원,응급,Y000,응급실,9월 28일부터 10월5일까지 일반외과 휴진,20260928072100,20261005235900,전남광주통합특별시 광산구 목련로 316 (신가동),A1500006,26,자동,차단,외과
2026-10-01 02:00:00,전남광주통합특별시,A1500021,광주기독병원,중증,Y0010,심근경색의 재관류중재술,중환자실 자리없음.,20260930225000,20261001080000,전남광주통합특별시 남구 양림로 37 (양림동),A1500021,27,자동,차단,
2026-10-01 02:00:00,전남광주통합특별시,A1500021,광주기독병원,중증,Y0032,뇌출혈수술(거미막하 출혈 외),중환자실 자리없음.,20260930225000,20261001080000,전남광주통합특별시 남구 양림로 37 (양림동),A1500021,28,자동,차단,
2026-10-01 02:00:00,전남광주통합특별시,A1500021,광주기독병원,중증,Y0031,뇌출혈수술(거미막하 출혈),중환자실 자리없음.,20260930225000,20261001080000,전남광주통합특별시 남구 양림로 37 (양림동),A1500021,29,자동,차단,
2026-10-01 02:00:00,전남광주통합특별시,A1500021,광주기독병원,중증,Y0020,뇌경색의 재관류중재술,중환자실 자리없음.,20260930225000,20261001080000,전남광주통합특별시 남구 양림로 37 (양림동),A1500021,30,자동,차단,
2026-10-01 02:00:00,전남광주통합특별시,A2600019,성가롤로병원,응급,Y000,응급실,응급실 전산장애(17:30) 발생 후 복구 길어져 수용 어려움,20260930230500,20261001070000,전남광주통합특별시 순천시 순광로 221 (조례동),A2600019,31,자동,차단,응급실
2026-10-01 02:00:00,전남광주통합특별시,A2600020,목포기독병원,중증,Y0082,위장관 응급내시경(영유아),"만12세이상, 40KG이상",20260929120000,20261006160000,전남광주통합특별시 목포시 백년대로 303 (상동),A2600020,32,자동,차단,내과
2026-10-01 02:00:00,전남광주통합특별시,A2600020,목포기독병원,중증,Y0141,응급투석(HD),"야간, 주말, 공휴일",20260929120000,20261006160000,전남광주통합특별시 목포시 백년대로 303 (상동),A2600020,33,자동,차단,내과
2026-10-01 02:00:00,전남광주통합특별시,A2600020,목포기독병원,중증,Y0081,위장관 응급내시경(성인),"야간, 주말, 공휴일",20260929120000,20261006160000,전남광주통합특별시 목포시 백년대로 303 (상동),A2600020,34,자동,차단,내과
2026-10-01 02:00:00,전남광주통합특별시,A2600020,목포기독병원,중증,Y0142,응급투석(CRRT),"야간, 주말, 공휴일",20260929120000,20261006160000,전남광주통합특별시 목포시 백년대로 303 (상동),A2600020,35,자동,차단,내과
2026-10-01 02:00:00,전남광주통합특별시,A2600020,목포기독병원,중증,Y0141,응급투석(HD),신환불가,20260929000000,20261006000000,전남광주통합특별시 목포시 백년대로 303 (상동),A2600020,36,자동,차단,내과
2026-10-01 02:00:00,전남광주통합특별시,A2600020,목포기독병원,중증,Y0081,위장관 응급내시경(성인),야간 휴일 공휴일,20260929000000,20261006000000,전남광주통합특별시 목포시 백년대로 303 (상동),A2600020,37,자동,차단,내과
2026-10-01 02:00:00,전남광주통합특별시,A2600020,목포기독병원,중증,Y0142,응급투석(CRRT),야간 휴일 공휴일,20260929000000,20261006000000,전남광주통합특별시 목포시 백년대로 303 (상동),A2600020,38,자동,차단,내과
2026-10-01 02:00:00,전남광주통합특별시,A2600056,전라남도순천의료원,중증,Y0051,담낭담관질환(담낭질환),불가능메세지등록,20260930000000,20261007235900,전남광주통합특별시 순천시 서문성터길 2   (매곡동),A2600056,39,자동,차단,외과
2026-10-01 02:00:00,전남광주통합특별시,A2600056,전라남도순천의료원,중증,Y0060,복부응급수술(비외상),불가능메세지등록,20260930000000,20261007235900,전남광주통합특별시 순천시 서문성터길 2   (매곡동),A2600056,40,자동,차단,외과
2026-10-01 02:00:00,강원특별자치도,A2200008,강릉아산병원,응급,Y000,응급실,"금요일, 일요일 산부인과 진료 불가",20260928201200,20261001200000,강원특별자치도 강릉시 사천면 방동길 38,A2200008,1,자동,차단,산부인과
2026-10-01 02:00:00,강원특별자치도,A2200008,강릉아산병원,응급,Y000,응급실,"소아 야간진료 불가(화요일, 수요일 제외)",20260924200000,20261001200000,강원특별자치도 강릉시 사천면 방동길 38,A2200008,2,자동,차단,소아청소년과
2026-10-01 02:00:00,강원특별자치도,A2200012,강원특별자치도속초의료원,중증,Y0111,산부인과 응급(분만),불가능메세지등록,20260930173000,20261001083000,강원특별자치도 속초시 영랑호반길 3 (영랑동),A2200012,3,자동,차단,
2026-10-01 02:00:00,강원특별자치도,A2200012,강원특별자치도속초의료원,중증,Y0112,산부인과 응급(산과수술),불가능메세지등록,20260930173000,20261001083000,강원특별자치도 속초시 영랑호반길 3 (영랑동),A2200012,4,자동,차단,
2026-10-01 02:00:00,강원특별자치도,A2200012,강원특별자치도속초의료원,중증,Y0113,산부인과 응급(부인과수술),불가능메세지등록,20260930173000,20261001083000,강원특별자치도 속초시 영랑호반길 3 (영랑동),A2200012,5,자동,차단,
2026-10-01 02:00:00,충청북도,A2300001,충북대학교병원,응급,Y000,응급실,불가능메세지등록,20260930090000,20261001085900,"충청북도 청주시 서원구 1순환로 776-0 (개신동,충북대학교병원)",A2300001,1,자동,차단,외상외과
2026-10-01 02:00:00,충청남도,A2400002,단국대학교의과대학부속병원,중증,Y0070,장중첩/폐색(유아),소아과 인력부족으로 환자 수용 불가능,20261001000000,20261001080000,"충청남도 천안시 동남구 망향로 201 (안서동, 단국대학교의과대학부속병원)",A2400002,1,자동,차단,
2026-10-01 02:00:00,충청남도,A2400002,단국대학교의과대학부속병원,중증,Y0100,저출생체중아,소아과 인력부족으로 환자 수용 불가능,20261001000000,20261001080000,"충청남도 천안시 동남구 망향로 201 (안서동, 단국대학교의과대학부속병원)",A2400002,2,자동,차단,
2026-10-01 02:00:00,충청남도,A2400002,단국대학교의과대학부속병원,중증,Y0082,위장관 응급내시경(영유아),소아과 인력부족으로 환자 수용 불가능,20260930230100,20261001080000,"충청남도 천안시 동남구 망향로 201 (안서동, 단국대학교의과대학부속병원)",A2400002,3,자동,차단,
2026-10-01 02:00:00,충청남도,A2400002,단국대학교의과대학부속병원,응급,Y000,응급실,응급실 인력 부족으로 탄력적 병상 운영합니다. 진료 지연 있습니다,20260928230100,20261005230000,"충청남도 천안시 동남구 망향로 201 (안서동, 단국대학교의과대학부속병원)",A2400002,4,자동,차단,응급실
2026-10-01 02:00:00,충청남도,A2400002,단국대학교의과대학부속병원,응급,Y000,응급실,소아신경 의료진 부재로 경련 질환 환아의 입원치료 불가합니다.,20260928230100,20261005230000,"충청남도 천안시 동남구 망향로 201 (안서동, 단국대학교의과대학부속병원)",A2400002,5,자동,차단,소아청소년과
2026-10-01 02:00:00,충청남도,A2400002,단국대학교의과대학부속병원,응급,Y000,응급실,호흡기 분과 교수의 부재로 급성 호흡곤란 증후군의 환자 입원 치료는 불가합니다.,20260928230100,20261005230000,"충청남도 천안시 동남구 망향로 201 (안서동, 단국대학교의과대학부속병원)",A2400002,6,자동,차단,소아청소년과
2026-10-01 02:00:00,충청남도,A2400002,단국대학교의과대학부속병원,응급,Y000,응급실,비뇨기과 의료진 부족으로 환자 수용 불가능,20260928230100,20261005230000,"충청남도 천안시 동남구 망향로 201 (안서동, 단국대학교의과대학부속병원)",A2400002,7,자동,차단,비뇨의학과
2026-10-01 02:00:00,충청남도,A2400002,단국대학교의과대학부속병원,응급,Y000,응급실,중환자실 입원이 필요한 소아 및 post CPR 케어 환아 입원 치료는 불가합니다,20260928230100,20261005230000,"충청남도 천안시 동남구 망향로 201 (안서동, 단국대학교의과대학부속병원)",A2400002,8,자동,차단,소아청소년과
2026-10-01 02:00:00,충청남도,A2400002,단국대학교의과대학부속병원,응급,Y000,응급실,경증환자 및 봉합 필요한 환자 수용 어렵습니다. 환자 이송시 수용여부 확인 바랍니다.,20260928230100,20261005230000,"충청남도 천안시 동남구 망향로 201 (안서동, 단국대학교의과대학부속병원)",A2400002,9,자동,차단,응급실
2026-10-01 02:00:00,전북특별자치도,A2500001,원광대학교병원,중증,Y0132,수족지접합 외,수족지접합 외 진료 불가능합니다.,20260927000000,20261004000000,"전북특별자치도 익산시 무왕로 895 (신동,(신동))",A2500001,1,자동,차단,
2026-10-01 02:00:00,전북특별자치도,A2500001,원광대학교병원,응급,Y000,응급실,이비인후과 야간 진료 원활하지 않습니다. 반드시 연락주세요.,20260927000000,20261004000000,"전북특별자치도 익산시 무왕로 895 (신동,(신동))",A2500001,2,자동,차단,이비인후과
2026-10-01 02:00:00,전북특별자치도,A2500001,원광대학교병원,응급,Y000,응급실,마취통증의학과 인력부족으로 인해 18시 이후로 응급수술 불가능 합니다.,20260927000000,20261004000000,"전북특별자치도 익산시 무왕로 895 (신동,(신동))",A2500001,3,자동,차단,마취통증의학과
2026-10-01 02:00:00,전북특별자치도,A2500001,원광대학교병원,응급,Y000,응급실,병원 사정상 전원 시 반드시 연락 바랍니다.,20260927000000,20261004000000,"전북특별자치도 익산시 무왕로 895 (신동,(신동))",A2500001,4,자동,차단,응급실
2026-10-01 02:00:00,전북특별자치도,A2500001,원광대학교병원,응급,Y000,응급실,소화기내과 매주 금요일 12:00부터 월요일 08:59까지 소화기내과 응급내시경 불가합니다.,20260927000000,20261004000000,"전북특별자치도 익산시 무왕로 895 (신동,(신동))",A2500001,5,자동,차단,소화기내과
2026-10-01 02:00:00,전북특별자치도,A2500001,원광대학교병원,응급,Y000,응급실,비뇨기과 야간 진료 원활하지 않습니다. 반드시 연락주세요.,20260927000000,20261004000000,"전북특별자치도 익산시 무왕로 895 (신동,(신동))",A2500001,6,자동,차단,비뇨의학과
2026-10-01 02:00:00,전북특별자치도,A2500001,원광대학교병원,중증,Y0131,수족지접합,수족지접합  진료 불가능합니다.,20260927000000,20261004000000,"전북특별자치도 익산시 무왕로 895 (신동,(신동))",A2500001,7,자동,차단,
2026-10-01 02:00:00,전북특별자치도,A2500001,원광대학교병원,응급,Y000,응급실,호흡기내과 진료 원활하지 않습니다. 반드시 연락주세요.,20260927000000,20261004000000,"전북특별자치도 익산시 무왕로 895 (신동,(신동))",A2500001,8,자동,차단,호흡기내과
2026-10-01 02:00:00,전북특별자치도,A2500001,원광대학교병원,응급,Y000,응급실,성형외과 진료 원활하지 않습니다. 반드시 연락주세요.,20260927000000,20261004000000,"전북특별자치도 익산시 무왕로 895 (신동,(신동))",A2500001,9,자동,차단,성형외과
2026-10-01 02:00:00,전북특별자치도,A2500001,원광대학교병원,응급,Y000,응급실,야간 소아 진료 원활하지 않습니다. 반드시 연락주세요,20260927000000,20261004000000,"전북특별자치도 익산시 무왕로 895 (신동,(신동))",A2500001,10,자동,차단,소아청소년과
2026-10-01 02:00:00,전북특별자치도,A2500001,원광대학교병원,응급,Y000,응급실,정형외과 진료 원활하지 않습니다. 반드시 연락주세요.,20260927000000,20261004000000,"전북특별자치도 익산시 무왕로 895 (신동,(신동))",A2500001,11,자동,차단,정형외과
2026-10-01 02:00:00,전북특별자치도,A2500001,원광대학교병원,응급,Y000,응급실,본원 소화기내과 인력부족으로 22:00~08:00에는 응급내시경 불가합니다.,20260927000000,20261004000000,"전북특별자치도 익산시 무왕로 895 (신동,(신동))",A2500001,12,자동,차단,소화기내과
2026-10-01 02:00:00,전북특별자치도,A2500001,원광대학교병원,응급,Y000,응급실,매주 토요일 소화기내과 진료 원활하지 않습니다. 반드시 연락주세요.,20260927000000,20261004000000,"전북특별자치도 익산시 무왕로 895 (신동,(신동))",A2500001,13,자동,차단,소화기내과
2026-10-01 02:00:00,전북특별자치도,A2500002,전북대학교병원,응급,Y000,응급실,"혈관외과 진료인력 부재로 혈관외과 진료, 전원, 협진 불가",20260930235800,20261006070000,전북특별자치도 전주시 덕진구 건지로 20 (금암동),A2500002,14,자동,차단,외과
2026-10-01 02:00:00,전북특별자치도,A2500002,전북대학교병원,응급,Y000,응급실,매주 수요일 19:00-익일 7:00 전공의 부재로 외부 전원 수용 불가 및 응급실 진료 지연,20260930190000,20261001070000,전북특별자치도 전주시 덕진구 건지로 20 (금암동),A2500002,15,자동,차단,신경외과
2026-10-01 02:00:00,전북특별자치도,A2500002,전북대학교병원,응급,Y000,응급실,전라북도외 전원문의및 타병원 항암환자 진료제한,20260928063000,20261005000000,전북특별자치도 전주시 덕진구 건지로 20 (금암동),A2500002,16,자동,차단,소화기내과
2026-10-01 02:00:00,전북특별자치도,A2500002,전북대학교병원,응급,Y000,응급실,전라북도 외 두경부 응급수술 및 전원불가,20260928015000,20261005000000,전북특별자치도 전주시 덕진구 건지로 20 (금암동),A2500002,17,자동,차단,이비인후과
2026-10-01 02:00:00,전북특별자치도,A2500002,전북대학교병원,응급,Y000,응급실,소아 신경 전문의 부재로 인해 소아 신경 응급 환자 진료 불가,20260928015000,20261005000000,전북특별자치도 전주시 덕진구 건지로 20 (금암동),A2500002,18,자동,차단,소아청소년과
2026-10-01 02:00:00,전북특별자치도,A2500002,전북대학교병원,응급,Y000,응급실,"주말 및 공휴일 응급환자 진료 불가,평일 (9:00 - 17:30) 진료 가능",20260927231200,20261004000000,전북특별자치도 전주시 덕진구 건지로 20 (금암동),A2500002,19,자동,차단,비뇨의학과
2026-10-01 02:00:00,전북특별자치도,A2500004,전북특별자치도남원의료원,응급,Y000,응급실,당직콜 불가능합니다. 내원 전 유선확인 부탁드립니다.,20260930173100,20261001082900,전북특별자치도 남원시 충정로 365 (고죽동),A2500004,20,자동,차단,신경외과
2026-10-01 02:00:00,전북특별자치도,A2500004,전북특별자치도남원의료원,응급,Y000,응급실,당직콜 불가능합니다. 내원 전 유선확인 부탁드립니다.,20260930173100,20261001082900,전북특별자치도 남원시 충정로 365 (고죽동),A2500004,21,자동,차단,흉부외과
2026-10-01 02:00:00,전북특별자치도,A2500006,재단법인예수병원유지재단예수병원,응급,Y000,응급실,소화기내과 일부질환 진료 원활하지 않습니다. 전원시 반드시 연락바랍니다.,20260930220000,20261001060000,"전북특별자치도 전주시 완산구 서원로 365 (중화산동1가, 예수병원)",A2500006,22,자동,차단,소화기내과
2026-10-01 02:00:00,전북특별자치도,A2500006,재단법인예수병원유지재단예수병원,응급,Y000,응급실,호흡기내과 일부질환 진료 원활하지 않습니다. 전원시 반드시 연락바랍니다.,20260930180000,20261001060000,"전북특별자치도 전주시 완산구 서원로 365 (중화산동1가, 예수병원)",A2500006,23,자동,차단,호흡기내과
2026-10-01 02:00:00,전북특별자치도,A2500006,재단법인예수병원유지재단예수병원,응급,Y000,응급실,"신경과,이비인후과,안과,피부과 주말 및 야간 진료 원활하지 않습니다. 전원시 반드시 연락바랍니다.",20260930180000,20261001060000,"전북특별자치도 전주시 완산구 서원로 365 (중화산동1가, 예수병원)",A2500006,24,자동,차단,기타 진료과
2026-10-01 02:00:00,전북특별자치도,A2500006,재단법인예수병원유지재단예수병원,응급,Y000,응급실,신경외과 일부질환 진료 원활하지 않습니다. 전원시 반드시 연락바랍니다.,20260930080000,20261001080000,"전북특별자치도 전주시 완산구 서원로 365 (중화산동1가, 예수병원)",A2500006,25,자동,차단,신경외과
2026-10-01 02:00:00,전북특별자치도,A2500007,전북특별자치도군산의료원,중증,Y0100,저출생체중아,2.5kg이하 저체중 출생아 수용 불가능,20260928000000,20261004235900,"전북특별자치도 군산시 의료원로 27 (지곡동,(지곡동, 군산의료원))",A2500007,26,자동,차단,
2026-10-01 02:00:00,전북특별자치도,A2500012,의료법인오성의료재단동군산병원,중증,Y0171,영상의학혈관중재(성인),담당의 부재,20260928083000,20261001083000,전북특별자치도 군산시 조촌로 149 (조촌동),A2500012,27,자동,차단,
2026-10-01 02:00:00,경상북도,A2700002,포항세명기독병원,응급,Y000,응급실,"PS진료 화요일, 목요일, 금요일(오전) 진료만 가능합니다.",20260929000000,20261006235900,경상북도 포항시 남구 포스코대로 351 (대도동),A2700002,1,자동,차단,성형외과
2026-10-01 02:00:00,경상북도,A2700002,포항세명기독병원,응급,Y000,응급실,"대동맥 응급질환 (TEVAR, EVAR) 가능합니다. 전원 의뢰시 사전문의 부탁드립니다.",20260929000000,20261006235900,경상북도 포항시 남구 포스코대로 351 (대도동),A2700002,2,자동,차단,흉부외과
2026-10-01 02:00:00,경상북도,A2700002,포항세명기독병원,응급,Y000,응급실,영유아 장중첩/장폐색 12개월 이상만 수술 가능합니다. 전원 의뢰시 사전문의 부탁드립니다.,20260929000000,20261006235900,경상북도 포항시 남구 포스코대로 351 (대도동),A2700002,3,자동,차단,외과
2026-10-01 02:00:00,경상북도,A2700002,포항세명기독병원,응급,Y000,응급실,ERCP 평일 일과시간(09:00~17:30) 가능합니다. 전원 의뢰시 사전문의 부탁드립니다.,20260929000000,20261006235900,경상북도 포항시 남구 포스코대로 351 (대도동),A2700002,4,자동,차단,외과
2026-10-01 02:00:00,경상북도,A2700002,포항세명기독병원,응급,Y000,응급실,안과 전문의 부재로 안과 진료 불가합니다,20260929000000,20261006235900,경상북도 포항시 남구 포스코대로 351 (대도동),A2700002,5,자동,차단,안과
2026-10-01 02:00:00,경상북도,A2700002,포항세명기독병원,응급,Y000,응급실,중증화상환자 전원의뢰시 사전문의 부탁드립니다. (20~30% 가능),20260929000000,20261006235900,경상북도 포항시 남구 포스코대로 351 (대도동),A2700002,6,자동,차단,성형외과
2026-10-01 02:00:00,경상북도,A2700006,의료법인동춘의료재단문경제일병원,응급,Y000,응급실,정신과 응급 입원시 사전에 전화 문의 부탁 드립니다.,20260930163700,20261007210000,경상북도 문경시 당교3길 25 (모전동),A2700006,7,자동,차단,정신건강의학과
2026-10-01 02:00:00,경상북도,A2700007,차의과학대학교부속구미차병원,응급,Y000,응급실,②ICU내 격리실에서 CRRT가용은 불가능함.,20260930150000,20261007150000,경상북도 구미시 신시로10길 12 (형곡동),A2700007,8,자동,차단,신장내과
2026-10-01 02:00:00,경상북도,A2700007,차의과학대학교부속구미차병원,응급,Y000,응급실,⑤영상의학 혈관중재(성인) 연락 후 수용결정,20260930150000,20261007150000,경상북도 구미시 신시로10길 12 (형곡동),A2700007,9,자동,차단,영상의학과
2026-10-01 02:00:00,경상북도,A2700007,차의과학대학교부속구미차병원,응급,Y000,응급실,"⑦안과 외래있는날만 가능 (월, 토-오전 가능, 화,수,금-오전&오후 가능, )",20260930150000,20261007150000,경상북도 구미시 신시로10길 12 (형곡동),A2700007,10,자동,차단,안과
2026-10-01 02:00:00,경상북도,A2700007,차의과학대학교부속구미차병원,응급,Y000,응급실,⑧CAG 필요시 사전 연락!,20260930150000,20261007150000,경상북도 구미시 신시로10길 12 (형곡동),A2700007,11,자동,차단,순환기내과
2026-10-01 02:00:00,경상북도,A2700007,차의과학대학교부속구미차병원,응급,Y000,응급실,"④응급내시경 연락 후 수용 결정,",20260930150000,20261007150000,경상북도 구미시 신시로10길 12 (형곡동),A2700007,12,자동,차단,소화기내과
2026-10-01 02:00:00,경상북도,A2700007,차의과학대학교부속구미차병원,응급,Y000,응급실,"⑥중독환자 내원 시 반드시 사전 연락 후 결정!,",20260930150000,20261007150000,경상북도 구미시 신시로10길 12 (형곡동),A2700007,13,자동,차단,정신건강의학과
2026-10-01 02:00:00,경상북도,A2700007,차의과학대학교부속구미차병원,응급,Y000,응급실,③기관지내시경 연락 후 수용결정,20260930150000,20261007150000,경상북도 구미시 신시로10길 12 (형곡동),A2700007,14,자동,차단,호흡기내과
2026-10-01 02:00:00,경상북도,A2700007,차의과학대학교부속구미차병원,응급,Y000,응급실,"①본원 F/U 산모 중 34주 이상, 34주 이상 twin만 가능",20260930150000,20261007150000,경상북도 구미시 신시로10길 12 (형곡동),A2700007,15,자동,차단,산부인과
2026-10-01 02:00:00,경상북도,A2700011,상주적십자병원,중증,Y0060,복부응급수술(비외상),불가능메세지등록,20260930030000,20261005000000,경상북도 상주시 상서문로 53 (남성동),A2700011,16,자동,차단,외과
2026-10-01 02:00:00,경상북도,A2700011,상주적십자병원,중증,Y0051,담낭담관질환(담낭질환),불가능메세지등록,20260930030000,20261005000000,경상북도 상주시 상서문로 53 (남성동),A2700011,17,자동,차단,외과
2026-10-01 02:00:00,경상북도,A2700013,순천향대학교부속구미병원,응급,Y000,응급실,불가능메세지등록,20260928090000,20261005090000,"경상북도 구미시 1공단로 179 (공단동, (공단동))",A2700013,18,자동,차단,산부인과
2026-10-01 02:00:00,경상북도,A2700013,순천향대학교부속구미병원,응급,Y000,응급실,불가능메세지등록,20260928090000,20261005090000,"경상북도 구미시 1공단로 179 (공단동, (공단동))",A2700013,19,자동,차단,정형외과
2026-10-01 02:00:00,경상북도,A2700013,순천향대학교부속구미병원,응급,Y000,응급실,불가능메세지등록,20260928090000,20261005090000,"경상북도 구미시 1공단로 179 (공단동, (공단동))",A2700013,20,자동,차단,호흡기내과
2026-10-01 02:00:00,경상북도,A2700014,의료법인안동병원,중증,Y0091,기관지 응급내시경(성인),주간(외래시간) 가능합니다.,20260930170000,20261001083000,경상북도 안동시 앙실로 11 (수상동),A2700014,21,자동,차단,
2026-10-01 02:00:00,경상북도,A2700014,의료법인안동병원,중증,Y0081,위장관 응급내시경(성인),주간(외래시간) 가능합니다.,20260930170000,20261001083000,경상북도 안동시 앙실로 11 (수상동),A2700014,22,자동,차단,내과
2026-10-01 02:00:00,경상북도,A2700014,의료법인안동병원,중증,Y0160,안과적 응급 수술,주간(외래시간) 가능합니다.,20260930170000,20261001083000,경상북도 안동시 앙실로 11 (수상동),A2700014,23,자동,차단,
2026-10-01 02:00:00,경상북도,A2700014,의료법인안동병원,중증,Y0041,대동맥응급(흉부),담당의 부재로 수용 불가합니다.,20260929090000,20261001090000,경상북도 안동시 앙실로 11 (수상동),A2700014,24,자동,차단,심장혈관흉부외과
2026-10-01 02:00:00,경상북도,A2700014,의료법인안동병원,중증,Y0042,대동맥응급(복부),담당의 부재로 수용 불가합니다.,20260929090000,20261001090000,경상북도 안동시 앙실로 11 (수상동),A2700014,25,자동,차단,심장혈관흉부외과
2026-10-01 02:00:00,경상북도,A2700014,의료법인안동병원,응급,Y000,응급실,영상의학 혈관중재(영유아) 만4세 20kg 이상가능합니다.,20260929083000,20261006130000,경상북도 안동시 앙실로 11 (수상동),A2700014,26,자동,차단,영상의학과
2026-10-01 02:00:00,경상북도,A2700014,의료법인안동병원,응급,Y000,응급실,영유아 장중첩/장폐색 정복술(만3개월 6세이하)만 가능합니다.,20260929083000,20261006130000,경상북도 안동시 앙실로 11 (수상동),A2700014,27,자동,차단,영상의학과
2026-10-01 02:00:00,경상북도,A2700014,의료법인안동병원,응급,Y000,응급실,정신과 응급입원 여환만 입원 가능합니다. 사전 연락바랍니다.,20260929083000,20261006130000,경상북도 안동시 앙실로 11 (수상동),A2700014,28,자동,차단,정신건강의학과
2026-10-01 02:00:00,경상북도,A2700014,의료법인안동병원,응급,Y000,응급실,고압산소치료 환자 전원 의뢰시 사전 연락바랍니다.(의식상태 확인 필요),20260929083000,20261006130000,경상북도 안동시 앙실로 11 (수상동),A2700014,29,자동,차단,호흡기내과
2026-10-01 02:00:00,경상북도,A2700014,의료법인안동병원,응급,Y000,응급실,"저출생체중아 35주, 2000g 이상 가능합니다.",20260929083000,20261006130000,경상북도 안동시 앙실로 11 (수상동),A2700014,30,자동,차단,소아청소년과
2026-10-01 02:00:00,경상북도,A2700014,의료법인안동병원,응급,Y000,응급실,★★앤지오시술 필요 시 응급실 사전 연락바랍니다.★★,20260929083000,20261006130000,경상북도 안동시 앙실로 11 (수상동),A2700014,31,자동,차단,영상의학과
2026-10-01 02:00:00,경상북도,A2700014,의료법인안동병원,응급,Y000,응급실,"대동맥응급(흉부, 복부) 수술 사전 꼭 연락바랍니다.",20260929083000,20261006130000,경상북도 안동시 앙실로 11 (수상동),A2700014,32,자동,차단,흉부외과
2026-10-01 02:00:00,경상북도,A2700014,의료법인안동병원,응급,Y000,응급실,"안과적 응급수술 각막열상봉합술,결막열상봉합술,공막열상봉합술,각결막이물제거술만 가능합니다.",20260929083000,20261006130000,경상북도 안동시 앙실로 11 (수상동),A2700014,33,자동,차단,안과
2026-10-01 02:00:00,경상북도,A2700014,의료법인안동병원,응급,Y000,응급실,산부인과 응급(분만) 35주 미만 불가합니다.,20260929083000,20261006130000,경상북도 안동시 앙실로 11 (수상동),A2700014,34,자동,차단,산부인과
2026-10-01 02:00:00,경상북도,A2700014,의료법인안동병원,응급,Y000,응급실,"★★응급실 내 격리병상 부족으로 폐렴,FEVER,호흡기 증상 환자는 이송 전 문의 바랍니다.★★",20260929083000,20261006130000,경상북도 안동시 앙실로 11 (수상동),A2700014,35,자동,차단,응급실
2026-10-01 02:00:00,경상북도,A2700016,포항성모병원,응급,Y000,응급실,성인 기관지 응급 내시경 평일 (09:00-17:00) 진료 가능합니다. (휴일불가능),20260928110200,20261005180000,경상북도 포항시 남구 대잠동길 17 (대잠동),A2700016,36,자동,차단,호흡기내과
2026-10-01 02:00:00,경상북도,A2700016,포항성모병원,응급,Y000,응급실,고압산소 중증환자(기관삽관) 수용불가합니다.,20260928110200,20261005180000,경상북도 포항시 남구 대잠동길 17 (대잠동),A2700016,37,자동,차단,기타 진료과
2026-10-01 02:00:00,경상북도,A2700016,포항성모병원,응급,Y000,응급실,"해당날짜< 9/29, 10/2-4> 뇌경색 외 신경과 진료 불가능 합니다.",20260928110200,20261005180000,경상북도 포항시 남구 대잠동길 17 (대잠동),A2700016,38,자동,차단,신경과
2026-10-01 02:00:00,경상북도,A2700016,포항성모병원,응급,Y000,응급실,금요일 12시~토요일 12시까지 진료 및 입원 불가합니다.,20260928110200,20261005180000,경상북도 포항시 남구 대잠동길 17 (대잠동),A2700016,39,자동,차단,감염내과
2026-10-01 02:00:00,경상북도,A2700016,포항성모병원,응급,Y000,응급실,"흉부외과 매주 수,토요일 진료 불가합니다.",20260928110200,20261005180000,경상북도 포항시 남구 대잠동길 17 (대잠동),A2700016,40,자동,차단,흉부외과
2026-10-01 02:00:00,경상북도,A2700016,포항성모병원,응급,Y000,응급실,산부인과 응급(분만) 35주이상 또는 2.5kg 이상이면 가능합니다. 본원 f/u 환자 아니면 수용문의부탁드립니다.,20260928110200,20261005180000,경상북도 포항시 남구 대잠동길 17 (대잠동),A2700016,41,자동,차단,산부인과
2026-10-01 02:00:00,경상북도,A2700016,포항성모병원,응급,Y000,응급실,안과적 질환 평일 (09:00-17:00) 진료 가능합니다. (휴일불가능),20260928110200,20261005180000,경상북도 포항시 남구 대잠동길 17 (대잠동),A2700016,42,자동,차단,안과
2026-10-01 02:00:00,경상북도,A2700016,포항성모병원,응급,Y000,응급실,토요일 오후13시 ~ 월요일 오전8시( 공휴일 포함) 영상의학과 당직 부재로 소아장충첩증 수용불가능 합니다.(공기정복술 시술 불가),20260928110200,20261005180000,경상북도 포항시 남구 대잠동길 17 (대잠동),A2700016,43,자동,차단,영상의학과
2026-10-01 02:00:00,경상북도,A2700016,포항성모병원,응급,Y000,응급실,영유아 위장관 응급내시경 만7세부터 가능 합니다.,20260928110200,20261005180000,경상북도 포항시 남구 대잠동길 17 (대잠동),A2700016,44,자동,차단,소아청소년과
2026-10-01 02:00:00,경상남도,A2800001,경상국립대학교병원,중증,Y0041,대동맥응급(흉부),수술 필요 시 수용불가,20260927090000,20261004090000,경상남도 진주시 강남로 79 (칠암동),A2800001,1,자동,차단,
2026-10-01 02:00:00,경상남도,A2800001,경상국립대학교병원,중증,Y0042,대동맥응급(복부),수술 필요 시 수용불가,20260927090000,20261004090000,경상남도 진주시 강남로 79 (칠암동),A2800001,2,자동,차단,
2026-10-01 02:00:00,경상남도,A2800001,경상국립대학교병원,중증,Y0070,장중첩/폐색(유아),수용불가,20260927090000,20261004090000,경상남도 진주시 강남로 79 (칠암동),A2800001,3,자동,차단,
2026-10-01 02:00:00,경상남도,A2800001,경상국립대학교병원,중증,Y0131,수족지접합,수술불가,20260927090000,20261004090000,경상남도 진주시 강남로 79 (칠암동),A2800001,4,자동,차단,
2026-10-01 02:00:00,경상남도,A2800001,경상국립대학교병원,응급,Y000,응급실,32주미만 산모수용불가,20260927090000,20261004090000,경상남도 진주시 강남로 79 (칠암동),A2800001,5,자동,차단,산부인과
2026-10-01 02:00:00,경상남도,A2800001,경상국립대학교병원,응급,Y000,응급실,소아 urticaria 수용불가,20260927090000,20261004090000,경상남도 진주시 강남로 79 (칠암동),A2800001,6,자동,차단,소아청소년과
2026-10-01 02:00:00,경상남도,A2800001,경상국립대학교병원,중증,Y0132,수족지접합 외,수술불가,20260927090000,20261004090000,경상남도 진주시 강남로 79 (칠암동),A2800001,7,자동,차단,
2026-10-01 02:00:00,경상남도,A2800001,경상국립대학교병원,응급,Y000,응급실,8세 미만 DI 환자 수용불가,20260927090000,20261004090000,경상남도 진주시 강남로 79 (칠암동),A2800001,8,자동,차단,소아청소년과
2026-10-01 02:00:00,경상남도,A2800001,경상국립대학교병원,응급,Y000,응급실,shoulder part 진료불가,20260927090000,20261004090000,경상남도 진주시 강남로 79 (칠암동),A2800001,9,자동,차단,정형외과
2026-10-01 02:00:00,경상남도,A2800001,경상국립대학교병원,응급,Y000,응급실,"수부 질환, 소아정형환자 수용불가",20260927090000,20261004090000,경상남도 진주시 강남로 79 (칠암동),A2800001,10,자동,차단,정형외과
2026-10-01 02:00:00,경상남도,A2800001,경상국립대학교병원,응급,Y000,응급실,"고관절 질환, 고관절인공관절 질환 환자 수용 불가",20260927090000,20261004090000,경상남도 진주시 강남로 79 (칠암동),A2800001,11,자동,차단,정형외과
2026-10-01 02:00:00,경상남도,A2800001,경상국립대학교병원,응급,Y000,응급실,중증외상(사지 절단) 수지 접합 불가능,20260927090000,20261004090000,경상남도 진주시 강남로 79 (칠암동),A2800001,12,자동,차단,정형외과
2026-10-01 02:00:00,경상남도,A2800001,경상국립대학교병원,응급,Y000,응급실,의료진 부족으로 수용불가,20260927090000,20261004090000,경상남도 진주시 강남로 79 (칠암동),A2800001,13,자동,차단,피부과
2026-10-01 02:00:00,경상남도,A2800004,창원파티마병원,응급,Y000,응급실,사전에 수용여부 확인 바랍니다.,20260928000000,20261005235900,경상남도 창원시 의창구 창이대로 45 (명서동),A2800004,14,자동,차단,치과
2026-10-01 02:00:00,경상남도,A2800004,창원파티마병원,응급,Y000,응급실,"정신과 응급진료 불가 (약물중독, 자해, 입원이 필요한 경우)",20260928000000,20261005235900,경상남도 창원시 의창구 창이대로 45 (명서동),A2800004,15,자동,차단,정신건강의학과
2026-10-01 02:00:00,경상남도,A2800004,창원파티마병원,응급,Y000,응급실,"심부열상, 개방성 골절 진료 불가",20260928000000,20261005235900,경상남도 창원시 의창구 창이대로 45 (명서동),A2800004,16,자동,차단,정형외과
2026-10-01 02:00:00,경상남도,A2800004,창원파티마병원,응급,Y000,응급실,사전에 수용여부 확인 바랍니다.,20260928000000,20261005235900,경상남도 창원시 의창구 창이대로 45 (명서동),A2800004,17,자동,차단,피부과
2026-10-01 02:00:00,경상남도,A2800004,창원파티마병원,응급,Y000,응급실,대동맥박리 진료 불가,20260928000000,20261005235900,경상남도 창원시 의창구 창이대로 45 (명서동),A2800004,18,자동,차단,흉부외과
2026-10-01 02:00:00,경상남도,A2800004,창원파티마병원,응급,Y000,응급실,"~ 12/31까지 감염내과 진료 불가 (원인불명 열, 피부감염 등)",20260928000000,20261005235900,경상남도 창원시 의창구 창이대로 45 (명서동),A2800004,19,자동,차단,감염내과
2026-10-01 02:00:00,경상남도,A2800004,창원파티마병원,응급,Y000,응급실,일산화탄소 중독 환자 진료 불가,20260928000000,20261005235900,경상남도 창원시 의창구 창이대로 45 (명서동),A2800004,20,자동,차단,병상 또는 장비
2026-10-01 02:00:00,경상남도,A2800004,창원파티마병원,응급,Y000,응급실,사전에 수용여부 확인바랍니다.,20260928000000,20261005235900,경상남도 창원시 의창구 창이대로 45 (명서동),A2800004,21,자동,차단,이비인후과
2026-10-01 02:00:00,경상남도,A2800004,창원파티마병원,응급,Y000,응급실,"[야간, 주말] 정형외과 전문의 진료 및 봉합 불가",20260928000000,20261005235900,경상남도 창원시 의창구 창이대로 45 (명서동),A2800004,22,자동,차단,정형외과
2026-10-01 02:00:00,경상남도,A2800004,창원파티마병원,응급,Y000,응급실,혈액종양내과 진료 불가,20260928000000,20261005235900,경상남도 창원시 의창구 창이대로 45 (명서동),A2800004,23,자동,차단,혈액·종양내과
2026-10-01 02:00:00,경상남도,A2800004,창원파티마병원,응급,Y000,응급실,"19세 미만 소아분과 진료 불가 (의식변화, 발열 없는 경련, 실신 등)",20260928000000,20261005235900,경상남도 창원시 의창구 창이대로 45 (명서동),A2800004,24,자동,차단,소아청소년과
2026-10-01 02:00:00,경상남도,A2800004,창원파티마병원,응급,Y000,응급실,성인 위내시경 가능 시간 ▶ 평일 09:00~17:00,20260928000000,20261005235900,경상남도 창원시 의창구 창이대로 45 (명서동),A2800004,25,자동,차단,소화기내과
2026-10-01 02:00:00,경상남도,A2800004,창원파티마병원,응급,Y000,응급실,"소아과 전문 진료 가능(평일 17:00-22:00, 토요일 13:00-17:00, 일요일 10:00-17:00)",20260928000000,20261005235900,경상남도 창원시 의창구 창이대로 45 (명서동),A2800004,26,자동,차단,소아청소년과
2026-10-01 02:00:00,경상남도,A2800004,창원파티마병원,응급,Y000,응급실,"[야간, 주말] 성형외과 전문의 진료 및 봉합 불가",20260928000000,20261005235900,경상남도 창원시 의창구 창이대로 45 (명서동),A2800004,27,자동,차단,성형외과
2026-10-01 02:00:00,경상남도,A2800004,창원파티마병원,응급,Y000,응급실,사전에 수용여부 확인 바랍니다.,20260928000000,20261005235900,경상남도 창원시 의창구 창이대로 45 (명서동),A2800004,28,자동,차단,비뇨의학과
2026-10-01 02:00:00,경상남도,A2800007,창원한마음병원,응급,Y000,응급실,[소아청소년과] seizure 포함 소아신경학적증상 있는 소아의 경우 소아신경과 부재로 진료불가,20260928110000,20261005120000,경상남도 창원시 의창구 용동로57번길 8 (사림동),A2800007,29,자동,차단,소아청소년과
2026-10-01 02:00:00,경상남도,A2800007,창원한마음병원,응급,Y000,응급실,[안과] 안과 질환 응급 환자 이송 시 응급의료센터 확인 요망,20260928110000,20261005120000,경상남도 창원시 의창구 용동로57번길 8 (사림동),A2800007,30,자동,차단,응급실
2026-10-01 02:00:00,경상남도,A2800007,창원한마음병원,응급,Y000,응급실,[소아청소년과] 소아 이물질환자 진료불가,20260928110000,20261005120000,경상남도 창원시 의창구 용동로57번길 8 (사림동),A2800007,31,자동,차단,소아청소년과
2026-10-01 02:00:00,경상남도,A2800007,창원한마음병원,응급,Y000,응급실,[정형외과] 사지접합의 수술이 필요한 환자 내원 시 응급의료센터 확인 요망,20260928110000,20261005120000,경상남도 창원시 의창구 용동로57번길 8 (사림동),A2800007,32,자동,차단,응급실
2026-10-01 02:00:00,경상남도,A2800007,창원한마음병원,응급,Y000,응급실,"[소아청소년과] 소아 중증호흡기질환, 특히 소아 intubation이 필요한 중증환아의 경우 본원 소아 인공호흡기장비 부재로 진료불가",20260928110000,20261005120000,경상남도 창원시 의창구 용동로57번길 8 (사림동),A2800007,33,자동,차단,병상 또는 장비
2026-10-01 02:00:00,경상남도,A2800007,창원한마음병원,응급,Y000,응급실,[소아청소년과] 3개월 미만 환아 소아전문의 부재로 진료불가,20260928110000,20261005120000,경상남도 창원시 의창구 용동로57번길 8 (사림동),A2800007,34,자동,차단,소아청소년과
2026-10-01 02:00:00,경상남도,A2800011,양산부산대학교병원,응급,Y000,응급실,소아혈액종양 신환 진료 불가,20261001014900,20261008235900,경상남도 양산시 물금읍 금오로 20,A2800011,35,자동,차단,소아청소년과
2026-10-01 02:00:00,경상남도,A2800011,양산부산대학교병원,중증,Y0020,뇌경색의 재관류중재술,시술중. acute 수용 불가능.,20260930220400,20261001030000,경상남도 양산시 물금읍 금오로 20,A2800011,36,자동,차단,신경과
2026-10-01 02:00:00,경상남도,A2800011,양산부산대학교병원,중증,Y0160,안과적 응급 수술,망막 part 의료진 부재로 진료 및 수술 불가능.,20260930174500,20261007230000,경상남도 양산시 물금읍 금오로 20,A2800011,37,자동,차단,안과
2026-10-01 02:00:00,경상남도,A2800011,양산부산대학교병원,응급,Y000,응급실,소아응급실) 수 3PM~ 목 8AM까지 sono 불가,20260930150000,20261001080000,경상남도 양산시 물금읍 금오로 20,A2800011,38,자동,차단,소아청소년과
2026-10-01 02:00:00,경상남도,A2800011,양산부산대학교병원,응급,Y000,응급실,소아 정형외과) 진료 및 수술 불가능,20260928135500,20261004070000,경상남도 양산시 물금읍 금오로 20,A2800011,39,자동,차단,정형외과
2026-10-01 02:00:00,경상남도,A2800011,양산부산대학교병원,응급,Y000,응급실,족부 part 진료 불가.,20260925113900,20261002235800,경상남도 양산시 물금읍 금오로 20,A2800011,40,자동,차단,정형외과
2026-10-01 02:00:00,경상남도,A2800011,양산부산대학교병원,응급,Y000,응급실,"정규시간만 가능. (야간, 주말 및 공휴일 진료 불가)",20260925113900,20261002235800,경상남도 양산시 물금읍 금오로 20,A2800011,41,자동,차단,성형외과
2026-10-01 02:00:00,경상남도,A2800011,양산부산대학교병원,응급,Y000,응급실,응급실 진료 불가능. (외래만),20260925113800,20261002235800,경상남도 양산시 물금읍 금오로 20,A2800011,42,자동,차단,피부과
2026-10-01 02:00:00,경상남도,A2800011,양산부산대학교병원,응급,Y000,응급실,진료 및 수술 불가능.,20260925113700,20261002235800,경상남도 양산시 물금읍 금오로 20,A2800011,43,자동,차단,외과
2026-10-01 02:00:00,경상남도,A2800011,양산부산대학교병원,응급,Y000,응급실,응급실 진료 및 입원 불가능.,20260925113700,20261002235800,경상남도 양산시 물금읍 금오로 20,A2800011,44,자동,차단,감염내과
2026-10-01 02:00:00,경상남도,A2800011,양산부산대학교병원,중증,Y0100,저출생체중아,미숙아 망막검사 의사 부재로 30주 미만 미숙아 및 산모 전원 불가.,20260925095000,20261002235900,경상남도 양산시 물금읍 금오로 20,A2800011,45,자동,차단,소아청소년과
2026-10-01 02:00:00,경상남도,A2800011,양산부산대학교병원,중증,Y0051,담낭담관질환(담낭질환),의료진 부재로 진료 불가능.,20260925095000,20261002235900,경상남도 양산시 물금읍 금오로 20,A2800011,46,자동,차단,외과
2026-10-01 02:00:00,경상남도,A2800011,양산부산대학교병원,중증,Y0052,담낭담관질환(담도포함질환),의료진 부재로 진료 불가능.,20260925095000,20261002235900,경상남도 양산시 물금읍 금오로 20,A2800011,47,자동,차단,내과
2026-10-01 02:00:00,경상남도,A2800011,양산부산대학교병원,중증,Y0060,복부응급수술(비외상),의료진 부재로 진료 및 수술 불가능.,20260925095000,20261002235900,경상남도 양산시 물금읍 금오로 20,A2800011,48,자동,차단,외과
2026-10-01 02:00:00,경상남도,A2800014,의료법인갑을의료재단 갑을장유병원,응급,Y000,응급실,불가능메세지등록,20260930160000,20261001090000,경상남도 김해시 장유로 167-13 (부곡동),A2800014,49,자동,차단,병상 또는 장비
2026-10-01 02:00:00,경상남도,A2800017,의료법인합포의료재단에스엠지연세병원,중증,Y0142,응급투석(CRRT),전문의 해외 일정으로 인한 진료 불가,20260930000000,20261001235900,"경상남도 창원시 마산합포구 3·15대로 76 (월남동2가, 합포의료재단)",A2800017,50,자동,차단,내과
2026-10-01 02:00:00,경상남도,A2800017,의료법인합포의료재단에스엠지연세병원,중증,Y0141,응급투석(HD),전문의 해외 일정으로 인한 진료 불가,20260930000000,20261001235900,"경상남도 창원시 마산합포구 3·15대로 76 (월남동2가, 합포의료재단)",A2800017,51,자동,차단,내과
2026-10-01 02:00:00,경상남도,A2800020,학교법인성균관대학삼성창원병원,응급,Y000,응급실,"PD IN 의료진 부재로 소아신장 전문의 진료가 필요한 환자 수용어려움(혈뇨, 단백뇨 등 소아 신장질환)",20260930201000,20261007235900,"경상남도 창원시 마산회원구 팔용로 158 (합성동, 삼성창원병원)",A2800020,52,자동,차단,소아청소년과
2026-10-01 02:00:00,경상남도,A2800020,학교법인성균관대학삼성창원병원,중증,Y0142,응급투석(CRRT),CRRT기기부족으로 적응증환자 수용어려움,20260928130700,20261005235900,"경상남도 창원시 마산회원구 팔용로 158 (합성동, 삼성창원병원)",A2800020,53,자동,차단,
2026-10-01 02:00:00,경상남도,A2800020,학교법인성균관대학삼성창원병원,중증,Y0112,산부인과 응급(산과수술),[산부인과] 응급 산과수술 인력부족으로 Follow up외 수용어려움 사전문의바람,20260924000300,20261001235900,"경상남도 창원시 마산회원구 팔용로 158 (합성동, 삼성창원병원)",A2800020,54,자동,차단,
2026-10-01 02:00:00,경상남도,A2800020,학교법인성균관대학삼성창원병원,중증,Y0111,산부인과 응급(분만),[산부인과] 응급 분만 인력부족으로 Follow up외 수용어려움 사전문의바람,20260924000300,20261001235900,"경상남도 창원시 마산회원구 팔용로 158 (합성동, 삼성창원병원)",A2800020,55,자동,차단,
2026-10-01 02:00:00,경상남도,A2800020,학교법인성균관대학삼성창원병원,중증,Y0113,산부인과 응급(부인과수술),[산부인과] 응급 부인과수술 인력부족으로 Follow up외 수용어려움 사전문의바람,20260924000300,20261001235900,"경상남도 창원시 마산회원구 팔용로 158 (합성동, 삼성창원병원)",A2800020,56,자동,차단,
2026-10-01 02:00:00,경상남도,A2800020,학교법인성균관대학삼성창원병원,중증,Y0131,수족지접합,[정형외과] 사지접합의 수술(수족지접합) 인력문제로 수부파트 진료불가 사전문의바람,20260924000000,20261001235900,"경상남도 창원시 마산회원구 팔용로 158 (합성동, 삼성창원병원)",A2800020,57,자동,차단,
2026-10-01 02:00:00,경상남도,A2800020,학교법인성균관대학삼성창원병원,응급,Y000,응급실,[응급의학과] - 인력 부족으로 중증환자 119 통한 수용 및 외부 전원 제한적,20260924000000,20261001235900,"경상남도 창원시 마산회원구 팔용로 158 (합성동, 삼성창원병원)",A2800020,58,자동,차단,응급실
2026-10-01 02:00:00,경상남도,A2800020,학교법인성균관대학삼성창원병원,응급,Y000,응급실,[영상의학과] 해당과 사정으로 고환 염전 초음파 진료 불가,20260924000000,20261001235900,"경상남도 창원시 마산회원구 팔용로 158 (합성동, 삼성창원병원)",A2800020,59,자동,차단,영상의학과
2026-10-01 02:00:00,경상남도,A2800020,학교법인성균관대학삼성창원병원,응급,Y000,응급실,[안과] 인력부족으로 진료 및 수술 제한적,20260924000000,20261001235900,"경상남도 창원시 마산회원구 팔용로 158 (합성동, 삼성창원병원)",A2800020,60,자동,차단,안과
2026-10-01 02:00:00,경상남도,A2800020,학교법인성균관대학삼성창원병원,응급,Y000,응급실,[응급의학과] - 인력부족으로 DI환자 사전에 수용여부 확인바람,20260924000000,20261001235900,"경상남도 창원시 마산회원구 팔용로 158 (합성동, 삼성창원병원)",A2800020,61,자동,차단,응급실
2026-10-01 02:00:00,경상남도,A2800020,학교법인성균관대학삼성창원병원,응급,Y000,응급실,[피부과] 당직 의료진 부재로 진료불가,20260924000000,20261001235900,"경상남도 창원시 마산회원구 팔용로 158 (합성동, 삼성창원병원)",A2800020,62,자동,차단,피부과
2026-10-01 02:00:00,경상남도,A2800020,학교법인성균관대학삼성창원병원,응급,Y000,응급실,[정신건강의학과] 당직 의료진 부재로 진료불가,20260924000000,20261001235900,"경상남도 창원시 마산회원구 팔용로 158 (합성동, 삼성창원병원)",A2800020,63,자동,차단,정신건강의학과
2026-10-01 02:00:00,경상남도,A2800020,학교법인성균관대학삼성창원병원,응급,Y000,응급실,[응급의학과] - 인력부족으로 post CPR 환자 본원에 수용여부 확인,20260924000000,20261001235900,"경상남도 창원시 마산회원구 팔용로 158 (합성동, 삼성창원병원)",A2800020,64,자동,차단,응급실
2026-10-01 02:00:00,경상남도,A2800020,학교법인성균관대학삼성창원병원,응급,Y000,응급실,[호흡기 내과] 인력부족으로 신환수용 불가,20260924000000,20261001235900,"경상남도 창원시 마산회원구 팔용로 158 (합성동, 삼성창원병원)",A2800020,65,자동,차단,호흡기내과
2026-10-01 02:00:00,경상남도,A2800020,학교법인성균관대학삼성창원병원,응급,Y000,응급실,"[신장내과] 인력부족으로 수용 제한적, 사전문의바람",20260924000000,20261001235900,"경상남도 창원시 마산회원구 팔용로 158 (합성동, 삼성창원병원)",A2800020,66,자동,차단,신장내과
2026-10-01 02:00:00,경상남도,A2800020,학교법인성균관대학삼성창원병원,응급,Y000,응급실,[소아청소년과] 소아외상 진료불가,20260924000000,20261001235900,"경상남도 창원시 마산회원구 팔용로 158 (합성동, 삼성창원병원)",A2800020,67,자동,차단,소아청소년과
2026-10-01 02:00:00,경상남도,A2800020,학교법인성균관대학삼성창원병원,응급,Y000,응급실,"[외과] 인력부족으로 특정과목 응급수술 불가, 사전문의바람",20260924000000,20261001235900,"경상남도 창원시 마산회원구 팔용로 158 (합성동, 삼성창원병원)",A2800020,68,자동,차단,외과
2026-10-01 02:00:00,경상남도,A2800020,학교법인성균관대학삼성창원병원,응급,Y000,응급실,"[신경과] 외상없는 양쪽다리 마비,양쪽팔다리 마비환자 진료불가, 신경과 말초 및 신경근육질환 전문의 장기간 공석으로 해당질환 진료불가",20260924000000,20261001235900,"경상남도 창원시 마산회원구 팔용로 158 (합성동, 삼성창원병원)",A2800020,69,자동,차단,신경과
2026-10-01 02:00:00,경상남도,A2800020,학교법인성균관대학삼성창원병원,응급,Y000,응급실,[성형외과] 당직 의료진 부재로 진료불가,20260924000000,20261001235900,"경상남도 창원시 마산회원구 팔용로 158 (합성동, 삼성창원병원)",A2800020,70,자동,차단,성형외과
2026-10-01 02:00:00,경상남도,A2800020,학교법인성균관대학삼성창원병원,응급,Y000,응급실,[심장혈관흉부외과] 당직별 수술가능여부 달라 사전문의 바람,20260924000000,20261001235900,"경상남도 창원시 마산회원구 팔용로 158 (합성동, 삼성창원병원)",A2800020,71,자동,차단,흉부외과
2026-10-01 02:00:00,경상남도,A2800020,학교법인성균관대학삼성창원병원,응급,Y000,응급실,"[혈액종양내과] 해당과 사정으로 신환, 타병원 ca 환자 수용 제한적, 사전문의 바람",20260924000000,20261001235900,"경상남도 창원시 마산회원구 팔용로 158 (합성동, 삼성창원병원)",A2800020,72,자동,차단,혈액·종양내과
2026-10-01 02:00:00,경상남도,A2800021,연세에스병원,중증,Y0032,뇌출혈수술(거미막하 출혈 외),불가능메세지등록,20260930180000,20261001090000,경상남도 창원시 진해구 해원로32번길 13 (이동),A2800021,73,자동,차단,
2026-10-01 02:00:00,경상남도,A2800021,연세에스병원,중증,Y0031,뇌출혈수술(거미막하 출혈),불가능메세지등록,20260930180000,20261001090000,경상남도 창원시 진해구 해원로32번길 13 (이동),A2800021,74,자동,차단,
2026-10-01 02:00:00,경상남도,A2800021,연세에스병원,중증,Y0020,뇌경색의 재관류중재술,불가능메세지등록,20260930180000,20261001090000,경상남도 창원시 진해구 해원로32번길 13 (이동),A2800021,75,자동,차단,
2026-10-01 02:00:00,경상남도,A2803505,창원경상국립대학교병원,중증,Y0160,안과적 응급 수술,불가능메세지등록,20260930200000,20261001090000,"경상남도 창원시 성산구 삼정자로 11 (성주동, 창원경상대학교병원)",A2803505,76,자동,차단,
2026-10-01 02:00:00,경상남도,A2803505,창원경상국립대학교병원,중증,Y0010,심근경색의 재관류중재술,의료진부재,20260930180900,20261001080000,"경상남도 창원시 성산구 삼정자로 11 (성주동, 창원경상대학교병원)",A2803505,77,자동,차단,내과
2026-10-01 02:00:00,경상남도,A2803505,창원경상국립대학교병원,응급,Y000,응급실,[신경과] 의료진 부재로 acute stroke 수용 불가,20260930180900,20261001080000,"경상남도 창원시 성산구 삼정자로 11 (성주동, 창원경상대학교병원)",A2803505,78,자동,차단,신경과
2026-10-01 02:00:00,경상남도,A2803505,창원경상국립대학교병원,중증,Y0020,뇌경색의 재관류중재술,의료진부재,20260930180900,20261001080000,"경상남도 창원시 성산구 삼정자로 11 (성주동, 창원경상대학교병원)",A2803505,79,자동,차단,
2026-10-01 02:00:00,경상남도,A2803505,창원경상국립대학교병원,응급,Y000,응급실,"[순환기내과] 의료진 부재로 CAG 등 불가, 해당질환 수용 불가",20260930180900,20261001080000,"경상남도 창원시 성산구 삼정자로 11 (성주동, 창원경상대학교병원)",A2803505,80,자동,차단,순환기내과
2026-10-01 02:00:00,경상남도,A2803505,창원경상국립대학교병원,중증,Y0091,기관지 응급내시경(성인),불가능메세지등록,20260930180000,20261001080000,"경상남도 창원시 성산구 삼정자로 11 (성주동, 창원경상대학교병원)",A2803505,81,자동,차단,
2026-10-01 02:00:00,경상남도,A2803505,창원경상국립대학교병원,응급,Y000,응급실,"[이비인후과] 평일 09:00~17:00 까지 진료가능, 심경부감염, 경부 외상, airway 환자는 의료진부재로 수용불가",20260930180000,20261007180000,"경상남도 창원시 성산구 삼정자로 11 (성주동, 창원경상대학교병원)",A2803505,82,자동,차단,이비인후과
2026-10-01 02:00:00,경상남도,A2803505,창원경상국립대학교병원,응급,Y000,응급실,[정형외과] 개방성골절 및 미세접합수술 필요한 경우 수용불가,20260930180000,20261007180000,"경상남도 창원시 성산구 삼정자로 11 (성주동, 창원경상대학교병원)",A2803505,83,자동,차단,정형외과
2026-10-01 02:00:00,경상남도,A2803505,창원경상국립대학교병원,응급,Y000,응급실,"[소아청소년과] 소아초음파 평일 08:00 ~ 17:00까지 가능, 의료진부재로 인해 주말/야간 불가.",20260930180000,20261007180000,"경상남도 창원시 성산구 삼정자로 11 (성주동, 창원경상대학교병원)",A2803505,84,자동,차단,소아청소년과
2026-10-01 02:00:00,경상남도,A2803505,창원경상국립대학교병원,응급,Y000,응급실,중증화상환자 기도 및 정맥로 확보 후 화상센터 전원.,20260930180000,20261007180000,"경상남도 창원시 성산구 삼정자로 11 (성주동, 창원경상대학교병원)",A2803505,85,자동,차단,응급실
2026-10-01 02:00:00,경상남도,A2803505,창원경상국립대학교병원,응급,Y000,응급실,[소아청소년과]  seizure 의료진 부재로 수용 불가 (단순열성경련의 경우 문의바람).,20260930180000,20261007180000,"경상남도 창원시 성산구 삼정자로 11 (성주동, 창원경상대학교병원)",A2803505,86,자동,차단,소아청소년과
2026-10-01 02:00:00,경상남도,A2803505,창원경상국립대학교병원,중증,Y0081,위장관 응급내시경(성인),불가능메세지등록,20260930180000,20261001080000,"경상남도 창원시 성산구 삼정자로 11 (성주동, 창원경상대학교병원)",A2803505,87,자동,차단,
2026-10-01 02:00:00,경상남도,A2803505,창원경상국립대학교병원,응급,Y000,응급실,[정형외과] 주말 의료진 부재로 해당과 진료불가.,20260930180000,20261007180000,"경상남도 창원시 성산구 삼정자로 11 (성주동, 창원경상대학교병원)",A2803505,88,자동,차단,정형외과
2026-10-01 02:00:00,경상남도,A2803505,창원경상국립대학교병원,응급,Y000,응급실,[안과] 의료진부재로 안과외상 수용불가,20260930180000,20261007180000,"경상남도 창원시 성산구 삼정자로 11 (성주동, 창원경상대학교병원)",A2803505,89,자동,차단,안과
2026-10-01 02:00:00,경상남도,A2803505,창원경상국립대학교병원,응급,Y000,응급실,[성형외과] 평일 09:00~20:00 (화요일09:00~17:00).진료가능,20260930180000,20261007180000,"경상남도 창원시 성산구 삼정자로 11 (성주동, 창원경상대학교병원)",A2803505,90,자동,차단,성형외과
2026-10-01 02:00:00,제주특별자치도,A2900001,제주한라병원,응급,Y000,응급실,심장내과 진료과 사정으로 진료 불가(17:00~06:00),20260930170000,20261001060000,"제주특별자치도 제주시 도령로 65 (연동, (연동))",A2900001,1,자동,차단,순환기내과
2026-10-01 02:00:00,제주특별자치도,A2900001,제주한라병원,응급,Y000,응급실,췌담도 part 전문의 부재,20260930170000,20261007080000,"제주특별자치도 제주시 도령로 65 (연동, (연동))",A2900001,2,자동,차단,소화기내과
2026-10-01 02:00:00,제주특별자치도,A2900001,제주한라병원,중증,Y0010,심근경색의 재관류중재술,심장내과 진료과 사정으로 진료 불가(17:00~06:00),20260930170000,20261001060000,"제주특별자치도 제주시 도령로 65 (연동, (연동))",A2900001,3,자동,차단,내과
2026-10-01 02:00:00,제주특별자치도,A2900001,제주한라병원,중증,Y0171,영상의학혈관중재(성인),영상의학 혈관중재 전문의 부재,20260930080000,20261001080000,"제주특별자치도 제주시 도령로 65 (연동, (연동))",A2900001,4,자동,차단,핵의학과
2026-10-01 02:00:00,제주특별자치도,A2900001,제주한라병원,중증,Y0052,담낭담관질환(담도포함질환),ERCP 전문의 부재,20260928080000,20261005080000,"제주특별자치도 제주시 도령로 65 (연동, (연동))",A2900001,5,자동,차단,외과
2026-10-01 02:00:00,제주특별자치도,A2900002,제주특별자치도서귀포의료원,중증,Y0081,위장관 응급내시경(성인),불가능메세지등록,20260930080000,20261001080000,제주특별자치도 서귀포시 장수로 47 (동홍동),A2900002,6,자동,차단,내과
2026-10-01 02:00:00,제주특별자치도,A2900005,한마음병원,응급,Y000,응급실,"[신경과] 전화문의(주말 및 휴일-24시간, 평일-17시~익일 9시까지 진료 일부 제한)",20260930000000,20261007235900,제주특별자치도 제주시 연신로 52   (이도이동),A2900005,7,자동,차단,신경과
2026-10-01 02:00:00,제주특별자치도,A2900005,한마음병원,응급,Y000,응급실,[비뇨의학과] 외래 휴진,20260929000000,20261006235900,제주특별자치도 제주시 연신로 52   (이도이동),A2900005,8,자동,차단,비뇨의학과
2026-10-01 02:00:00,제주특별자치도,A2900006,의료법인중앙의료재단중앙병원,응급,Y000,응급실,사전협의-수술지연 및 입원불가 동의 필요,20260928090000,20261005090000,"제주특별자치도 제주시 월랑로 91-0 (이호이동,중앙병원)",A2900006,9,자동,차단,정형외과
2026-10-01 02:00:00,제주특별자치도,A2900007,제주대학교병원,응급,Y000,응급실,"소화기 내시경 수용 가능 일시 (평일 08:00~20:00, 주말휴일 08:00~12:00)",20260930080000,20261007080000,"제주특별자치도 제주시 아란13길 15-0 (아라일동, 0동 0층 0호 (아라일동,제주대학교병원))",A2900007,10,자동,차단,소화기내과
2026-10-01 02:00:00,제주특별자치도,A2900007,제주대학교병원,응급,Y000,응급실,"안과진료 가능 일시 (주간, 화,목,22시까지, 토 20시까지)",20260924080000,20261001080000,"제주특별자치도 제주시 아란13길 15-0 (아라일동, 0동 0층 0호 (아라일동,제주대학교병원))",A2900007,11,자동,차단,안과
2026-10-01 02:30:00,서울특별시,A1100001,경희대학교병원,응급,Y000,응급실,"NICU 부재, 고위험산모실 부재 등으로 모든 산모 수용 불가",20260925010000,20261002000000,서울특별시 동대문구 경희대로 23 (회기동),A1100001,1,자동,차단,산부인과
2026-10-01 02:30:00,서울특별시,A1100001,경희대학교병원,응급,Y000,응급실,119 구급대원께서는 문의 후 이송 부탁드립니다.,20260925010000,20261002000000,서울특별시 동대문구 경희대로 23 (회기동),A1100001,2,자동,차단,응급실
2026-10-01 02:30:00,서울특별시,A1100001,경희대학교병원,응급,Y000,응급실,성형외과 :(월-목)오후 9시까지 가능 / (금-토)24시간 가능 / (일)오후 4시 ~ 익일 오전 7시 가능,20260925010000,20261002000000,서울특별시 동대문구 경희대로 23 (회기동),A1100001,3,자동,차단,성형외과
2026-10-01 02:30:00,서울특별시,A1100001,경희대학교병원,중증,Y0132,수족지접합 외,의료진 부족,20260925000000,20261002000000,서울특별시 동대문구 경희대로 23 (회기동),A1100001,4,자동,차단,정형외과
2026-10-01 02:30:00,서울특별시,A1100001,경희대학교병원,중증,Y0042,대동맥응급(복부),의료진 부족,20260925000000,20261002000000,서울특별시 동대문구 경희대로 23 (회기동),A1100001,5,자동,차단,외과
2026-10-01 02:30:00,서울특별시,A1100001,경희대학교병원,중증,Y0131,수족지접합,의료진 부족,20260925000000,20261002000000,서울특별시 동대문구 경희대로 23 (회기동),A1100001,6,자동,차단,정형외과
2026-10-01 02:30:00,서울특별시,A1100002,건국대학교병원,응급,Y000,응급실,응급환자 이송시  반드시 병원수용 여부 가능확인 후 이송 부탁드립니다.,20260928090000,20261005090000,서울특별시 광진구 능동로 120-1 (화양동),A1100002,7,자동,차단,응급실
2026-10-01 02:30:00,서울특별시,A1100002,건국대학교병원,응급,Y000,응급실,"3개월이하 소아환자 발열 진료불가, 발열두통 시 뇌척수액검사 예상되는 소아 검사불가합니다. 이송시 참고바랍니다.",20260928090000,20261005090000,서울특별시 광진구 능동로 120-1 (화양동),A1100002,8,자동,차단,소아청소년과
2026-10-01 02:30:00,서울특별시,A1100002,건국대학교병원,응급,Y000,응급실,환자 수용여부 확인 부탁드립니다.,20260928090000,20261005090000,서울특별시 광진구 능동로 120-1 (화양동),A1100002,9,자동,차단,신경과
2026-10-01 02:30:00,서울특별시,A1100002,건국대학교병원,응급,Y000,응급실,"지속적인 간질 중첩증, 심근염을 비롯한 중증 심질환, 호흡기 기도 이물 및 중증객혈, 중증호흡부전(산소 2L/min이상필요한경우) 이송시 문의 바랍니다.",20260928090000,20261005090000,서울특별시 광진구 능동로 120-1 (화양동),A1100002,10,자동,차단,소아청소년과
2026-10-01 02:30:00,서울특별시,A1100002,건국대학교병원,응급,Y000,응급실,단순봉합 불가 (필요시 별도 문의 바랍니다),20260928090000,20261005090000,서울특별시 광진구 능동로 120-1 (화양동),A1100002,11,자동,차단,성형외과
2026-10-01 02:30:00,서울특별시,A1100002,건국대학교병원,응급,Y000,응급실,단순봉합 불가 (필요시 별도 문의 바랍니다),20260928090000,20261005090000,서울특별시 광진구 능동로 120-1 (화양동),A1100002,12,자동,차단,정형외과
2026-10-01 02:30:00,서울특별시,A1100002,건국대학교병원,응급,Y000,응급실,"소화기 이물 흡입시(저녁8시이후), 대량 토혈 및 혈변, 간이식 가능성이 있는 전격성 간염/간부전, 궤사성 췌장염이 진단된 경우) 이송시 문의 바랍니다.",20260928090000,20261005090000,서울특별시 광진구 능동로 120-1 (화양동),A1100002,13,자동,차단,소아청소년과
2026-10-01 02:30:00,서울특별시,A1100003,중앙대학교병원,응급,Y000,응급실,이비인후과 진료 불가,20260930180000,20261001070000,서울특별시 동작구 흑석로 102 (흑석동),A1100003,14,자동,차단,이비인후과
2026-10-01 02:30:00,서울특별시,A1100003,중앙대학교병원,응급,Y000,응급실,2개월 미만 신생아 및 소아중환자 진료 불가,20260930100000,20261007100000,서울특별시 동작구 흑석로 102 (흑석동),A1100003,15,자동,차단,소아청소년과
2026-10-01 02:30:00,서울특별시,A1100003,중앙대학교병원,응급,Y000,응급실,피부과 진료 불가,20260930100000,20261007100000,서울특별시 동작구 흑석로 102 (흑석동),A1100003,16,자동,차단,피부과
2026-10-01 02:30:00,서울특별시,A1100004,순천향대학교부속서울병원,중증,Y0131,수족지접합,성형외과 인력 부족으로 수지접합 불가,20260930220000,20261001075900,서울특별시 용산구 대사관로 59 (한남동),A1100004,17,자동,차단,성형외과
2026-10-01 02:30:00,서울특별시,A1100004,순천향대학교부속서울병원,응급,Y000,응급실,(22:00~익일 08:00) 안면부 열상환자 및 단순 열상환자 응급실 내 진료 불가,20260928000000,20261004235900,서울특별시 용산구 대사관로 59 (한남동),A1100004,18,자동,차단,성형외과
2026-10-01 02:30:00,서울특별시,A1100005,이화여자대학교의과대학부속목동병원,응급,Y000,응급실,성형외과 인력 부족으로 매일 0AM~7AM 단순봉합 불가함,20260928100000,20261005100000,서울특별시 양천구 안양천로 1071 (목동),A1100005,19,자동,차단,성형외과
2026-10-01 02:30:00,서울특별시,A1100006,강북삼성병원,응급,Y000,응급실,"★CS핫라인-ECMO/심장/대동맥수술/본원CS구환★ 010-8662-6890,  010-5031-0198",20260929154000,20261006150000,서울특별시 종로구 새문안로 29 (평동),A1100006,20,자동,차단,응급실
2026-10-01 02:30:00,서울특별시,A1100006,강북삼성병원,응급,Y000,응급실,"[야간불가]-[요일별 상세 운영 다름. 수용여부 사전 확인] 성형외과, 이비인후과, 피부과,  안과",20260929154000,20261006150000,서울특별시 종로구 새문안로 29 (평동),A1100006,21,자동,차단,기타 진료과
2026-10-01 02:30:00,서울특별시,A1100006,강북삼성병원,응급,Y000,응급실,[진료제한]-[요일별 상세 운영 다름. 수용여부 사전 확인] 요일별 상세 운영 시간이 달라 내원 전 문의부탁드립니다. (진료시간 1시간전 접수 마감),20260929154000,20261006150000,서울특별시 종로구 새문안로 29 (평동),A1100006,22,자동,차단,소아청소년과
2026-10-01 02:30:00,서울특별시,A1100006,강북삼성병원,응급,Y000,응급실,"[진료제한]-[수용여부 사전 확인]  비뇨의학과(응급 수술케이스불가), 산부인과, 정형외과, 안과(외상 진료 및 수술불가)",20260929154000,20261006150000,서울특별시 종로구 새문안로 29 (평동),A1100006,23,자동,차단,기타 진료과
2026-10-01 02:30:00,서울특별시,A1100007,연세대학교의과대학세브란스병원,중증,Y0131,수족지접합,불가능메세지등록,20260930173000,20261001083000,서울특별시 서대문구 연세로 50-1 (신촌동),A1100007,24,자동,차단,
2026-10-01 02:30:00,서울특별시,A1100007,연세대학교의과대학세브란스병원,중증,Y0132,수족지접합 외,불가능메세지등록,20260930173000,20261001083000,서울특별시 서대문구 연세로 50-1 (신촌동),A1100007,25,자동,차단,
2026-10-01 02:30:00,서울특별시,A1100007,연세대학교의과대학세브란스병원,중증,Y0160,안과적 응급 수술,[안과적 응급 수술] 정규시간 외 응급수술 불가능(마취지원 불가),20260930150000,20261001080000,서울특별시 서대문구 연세로 50-1 (신촌동),A1100007,26,자동,차단,
2026-10-01 02:30:00,서울특별시,A1100007,연세대학교의과대학세브란스병원,응급,Y000,응급실,(성형외과) 단순 봉합 진료 불가,20260926000000,20261002235900,서울특별시 서대문구 연세로 50-1 (신촌동),A1100007,27,자동,차단,성형외과
2026-10-01 02:30:00,서울특별시,A1100007,연세대학교의과대학세브란스병원,응급,Y000,응급실,[뇌출혈수술] 중환자실 및 응급 수술/마취 지원 여부에 따라 부분 수용 가능 (필요 시 문의 바랍니다.),20260926000000,20261002235900,서울특별시 서대문구 연세로 50-1 (신촌동),A1100007,28,자동,차단,응급실
2026-10-01 02:30:00,서울특별시,A1100007,연세대학교의과대학세브란스병원,응급,Y000,응급실,(산과) 신환수용 불가(f/u 환자는 필요 시 문의바랍니다.),20260926000000,20261002235900,서울특별시 서대문구 연세로 50-1 (신촌동),A1100007,29,자동,차단,응급실
2026-10-01 02:30:00,서울특별시,A1100007,연세대학교의과대학세브란스병원,응급,Y000,응급실,(치과) 치과(일반)진료 21:30 이후 진료 불가능(f/u 포함),20260926000000,20261002235900,서울특별시 서대문구 연세로 50-1 (신촌동),A1100007,30,자동,차단,치과
2026-10-01 02:30:00,서울특별시,A1100007,연세대학교의과대학세브란스병원,응급,Y000,응급실,"[신생아(미숙아)] 생후 4주 이내, 교정연령 44주이내,  NICU 입원이 연속적인 경우에 가능,야간 및 공휴일은 사전 상의 된 환아 외 진료 불가능 (필요 시 문의 바랍니다)",20260926000000,20261002235900,서울특별시 서대문구 연세로 50-1 (신촌동),A1100007,31,자동,차단,응급실
2026-10-01 02:30:00,서울특별시,A1100007,연세대학교의과대학세브란스병원,응급,Y000,응급실,(소아신경외과) f/u 환자가 아닌 신환의 협진 및 전원 수용 불가 (도보 내원 포함),20260926000000,20261002235900,서울특별시 서대문구 연세로 50-1 (신촌동),A1100007,32,자동,차단,신경외과
2026-10-01 02:30:00,서울특별시,A1100007,연세대학교의과대학세브란스병원,응급,Y000,응급실,(소아신경외과) f/u 환자가 아닌 신환의 협진 및 전원 수용 불가 (도보 내원 포함),20260926000000,20261002235900,서울특별시 서대문구 연세로 50-1 (신촌동),A1100007,33,자동,차단,응급실
2026-10-01 02:30:00,서울특별시,A1100007,연세대학교의과대학세브란스병원,응급,Y000,응급실,[응급 기관지 내시경(성인)] 평일 7am-5pm 시행 가능 / 이 외 시간 및 휴일(공휴일 포함)은 상의 후 결정(필요 시 문의바랍니다.),20260926000000,20261002235900,서울특별시 서대문구 연세로 50-1 (신촌동),A1100007,34,자동,차단,호흡기내과
2026-10-01 02:30:00,서울특별시,A1100007,연세대학교의과대학세브란스병원,응급,Y000,응급실,[복부응급수술(비외상)]Appendicitis 신환 수용 불가,20260926000000,20261002235900,서울특별시 서대문구 연세로 50-1 (신촌동),A1100007,35,자동,차단,외과
2026-10-01 02:30:00,서울특별시,A1100008,학교법인 고려중앙학원 고려대학교의과대학부속병원(안암병원),중증,Y0042,대동맥응급(복부),"본원 LT, KT 중으로 수술 필요한 CASE 진료 불가능",20260930070000,20261001070000,"서울특별시 성북구 고려대로 73, 고려대병원 (안암동5가)",A1100008,36,자동,차단,외과
2026-10-01 02:30:00,서울특별시,A1100008,학교법인 고려중앙학원 고려대학교의과대학부속병원(안암병원),중증,Y0060,복부응급수술(비외상),"본원 LT, KT 중으로 수술 필요한 CASE 진료 불가능",20260930070000,20261001070000,"서울특별시 성북구 고려대로 73, 고려대병원 (안암동5가)",A1100008,37,자동,차단,외과
2026-10-01 02:30:00,서울특별시,A1100008,학교법인 고려중앙학원 고려대학교의과대학부속병원(안암병원),중증,Y0051,담낭담관질환(담낭질환),"본원 LT, KT 중으로 수술 필요한 CASE 진료 불가능",20260930070000,20261001070000,"서울특별시 성북구 고려대로 73, 고려대병원 (안암동5가)",A1100008,38,자동,차단,내과
2026-10-01 02:30:00,서울특별시,A1100008,학교법인 고려중앙학원 고려대학교의과대학부속병원(안암병원),응급,Y000,응급실,"[이비인후과]Deep neck infection 환자 평일 주간(8jAM~5PM), 화요일 야간(5PM~익일 8AM) 외 시간은 수용 불가",20260928094100,20261005140000,"서울특별시 성북구 고려대로 73, 고려대병원 (안암동5가)",A1100008,39,자동,차단,이비인후과
2026-10-01 02:30:00,서울특별시,A1100008,학교법인 고려중앙학원 고려대학교의과대학부속병원(안암병원),응급,Y000,응급실,"인력 부재로 성형안과적 진료(안검수술, 안와질환, 눈물길 질환 등) 제한",20260928094000,20261005140000,"서울특별시 성북구 고려대로 73, 고려대병원 (안암동5가)",A1100008,40,자동,차단,안과
2026-10-01 02:30:00,서울특별시,A1100009,재단법인아산사회복지재단 서울아산병원,응급,Y000,응급실,"응급실 포화, CPR만 가능",20261001021900,20261001040000,"서울특별시 송파구 올림픽로43길 88, 서울아산병원 (풍납동)",A1100009,41,자동,차단,응급실
2026-10-01 02:30:00,서울특별시,A1100009,재단법인아산사회복지재단 서울아산병원,응급,Y000,응급실,야간 시간 소아 소화기 이물 제거 불가(해당과 의사인력 부족)/ GI bleeding control은 수용 가능,20260930220000,20261001060000,"서울특별시 송파구 올림픽로43길 88, 서울아산병원 (풍납동)",A1100009,42,자동,차단,소아청소년과
2026-10-01 02:30:00,서울특별시,A1100009,재단법인아산사회복지재단 서울아산병원,응급,Y000,응급실,[부인과]본원 재진 외 수용불가,20260930000000,20261007235900,"서울특별시 송파구 올림픽로43길 88, 서울아산병원 (풍납동)",A1100009,43,자동,차단,산부인과
2026-10-01 02:30:00,서울특별시,A1100009,재단법인아산사회복지재단 서울아산병원,응급,Y000,응급실,[산과] 임신 1삼분기GA14+6wks)는 재진 외 수용불가,20260930000000,20261007235900,"서울특별시 송파구 올림픽로43길 88, 서울아산병원 (풍납동)",A1100009,44,자동,차단,산부인과
2026-10-01 02:30:00,서울특별시,A1100009,재단법인아산사회복지재단 서울아산병원,응급,Y000,응급실,본원 재진 외 수용불가,20260930000000,20261007235900,"서울특별시 송파구 올림픽로43길 88, 서울아산병원 (풍납동)",A1100009,45,자동,차단,호흡기내과
2026-10-01 02:30:00,서울특별시,A1100009,재단법인아산사회복지재단 서울아산병원,응급,Y000,응급실,[혈액내과] 타원에서 치료중인 신환 수용불가,20260930000000,20261007235900,"서울특별시 송파구 올림픽로43길 88, 서울아산병원 (풍납동)",A1100009,46,자동,차단,혈액·종양내과
2026-10-01 02:30:00,서울특별시,A1100009,재단법인아산사회복지재단 서울아산병원,응급,Y000,응급실,"단순 중심정맥관(PICC, Q-cath 등) 관련 시술불가",20260930000000,20261007235900,"서울특별시 송파구 올림픽로43길 88, 서울아산병원 (풍납동)",A1100009,47,자동,차단,영상의학과
2026-10-01 02:30:00,서울특별시,A1100009,재단법인아산사회복지재단 서울아산병원,응급,Y000,응급실,[성인] 안면부 단순 봉합 수용불가,20260930000000,20261007235900,"서울특별시 송파구 올림픽로43길 88, 서울아산병원 (풍납동)",A1100009,48,자동,차단,성형외과
2026-10-01 02:30:00,서울특별시,A1100009,재단법인아산사회복지재단 서울아산병원,응급,Y000,응급실,[종양내과] 본원 재진 외 수용불가,20260930000000,20261007235900,"서울특별시 송파구 올림픽로43길 88, 서울아산병원 (풍납동)",A1100009,49,자동,차단,혈액·종양내과
2026-10-01 02:30:00,서울특별시,A1100010,삼성서울병원,응급,Y000,응급실,[위장관 응급내시경(성인)] 반드시 수용 여부 사전 확인,20260928000000,20261004235900,"서울특별시 강남구 일원로 81 (일원동, 삼성의료원)",A1100010,50,자동,차단,응급실
2026-10-01 02:30:00,서울특별시,A1100010,삼성서울병원,응급,Y000,응급실,"[안과] 응급 안과 적출에 준하는 상황의 경우, 안과 당직 문의 후 수용 여부 확인",20260928000000,20261004235900,"서울특별시 강남구 일원로 81 (일원동, 삼성의료원)",A1100010,51,자동,차단,응급실
2026-10-01 02:30:00,서울특별시,A1100010,삼성서울병원,응급,Y000,응급실,"[AMI, 급성뇌졸중 의심 환자] 우선 진료 조정을 위해 노력하고 있으니, 수용 문의 부탁드립니다.",20260928000000,20261004235900,"서울특별시 강남구 일원로 81 (일원동, 삼성의료원)",A1100010,52,자동,차단,응급실
2026-10-01 02:30:00,서울특별시,A1100010,삼성서울병원,응급,Y000,응급실,[담낭담관질환] 담낭 수술 및 시술은 반드시 수용 여부 사전 확인,20260928000000,20261004235900,"서울특별시 강남구 일원로 81 (일원동, 삼성의료원)",A1100010,53,자동,차단,응급실
2026-10-01 02:30:00,서울특별시,A1100010,삼성서울병원,응급,Y000,응급실,[소아청소년과] 소아 중환자 및 뇌전증 지속상태 환자는 전원 수용 여부 사전 확인,20260928000000,20261004235900,"서울특별시 강남구 일원로 81 (일원동, 삼성의료원)",A1100010,54,자동,차단,응급실
2026-10-01 02:30:00,서울특별시,A1100012,학교법인가톨릭학원가톨릭대학교서울성모병원,응급,Y000,응급실,야간 수용 불가,20260928130100,20261005130000,서울특별시 서초구 반포대로 222 (반포동),A1100012,55,자동,차단,피부과
2026-10-01 02:30:00,서울특별시,A1100012,학교법인가톨릭학원가톨릭대학교서울성모병원,응급,Y000,응급실,"경증 환자 수용 불가, 신환 환자 사전 협의 필요",20260928130100,20261005130000,서울특별시 서초구 반포대로 222 (반포동),A1100012,56,자동,차단,혈액·종양내과
2026-10-01 02:30:00,서울특별시,A1100013,한양대학교병원,응급,Y000,응급실,성형외과 의료진 인력부족으로 단순 열상 환자 수용불가(심한 안면부 골절 불가능),20260930220000,20261001080000,서울특별시 성동구 왕십리로 222-1 (사근동),A1100013,57,자동,차단,성형외과
2026-10-01 02:30:00,서울특별시,A1100013,한양대학교병원,응급,Y000,응급실,피부과 의료진 인력부족으로 피부과 관련 환자 진료불가,20260930220000,20261001080000,서울특별시 성동구 왕십리로 222-1 (사근동),A1100013,58,자동,차단,피부과
2026-10-01 02:30:00,서울특별시,A1100013,한양대학교병원,응급,Y000,응급실,안과 의료진 인력부족으로 안과 관련 환자 진료불가,20260930220000,20261001070000,서울특별시 성동구 왕십리로 222-1 (사근동),A1100013,59,자동,차단,안과
2026-10-01 02:30:00,서울특별시,A1100013,한양대학교병원,응급,Y000,응급실,이비인후과 인력 부족으로 경부심재감염은 전원환자 수용불가,20260928090000,20261005090000,서울특별시 성동구 왕십리로 222-1 (사근동),A1100013,60,자동,차단,이비인후과
2026-10-01 02:30:00,서울특별시,A1100013,한양대학교병원,응급,Y000,응급실,응급실 인력부족으로 중증외상환자 수용자제,20260928090000,20261005090000,서울특별시 성동구 왕십리로 222-1 (사근동),A1100013,61,자동,차단,응급실
2026-10-01 02:30:00,서울특별시,A1100013,한양대학교병원,응급,Y000,응급실,소아혈액종양내과 의료진 인력부족으로 관련 환자 진료불가,20260928090000,20261005090000,서울특별시 성동구 왕십리로 222-1 (사근동),A1100013,62,자동,차단,소아청소년과
2026-10-01 02:30:00,서울특별시,A1100013,한양대학교병원,응급,Y000,응급실,"응급실 인력부족으로 비응급, 경증환자 수용자제",20260928090000,20261005090000,서울특별시 성동구 왕십리로 222-1 (사근동),A1100013,63,자동,차단,응급실
2026-10-01 02:30:00,서울특별시,A1100013,한양대학교병원,응급,Y000,응급실,소아신경분과 의료진 인력부족으로 관련 환자 진료불가,20260928090000,20261005090000,서울특별시 성동구 왕십리로 222-1 (사근동),A1100013,64,자동,차단,소아청소년과
2026-10-01 02:30:00,서울특별시,A1100013,한양대학교병원,응급,Y000,응급실,응급실 인력부족으로 중증외상환자 수용자제,20260928090000,20261005090000,서울특별시 성동구 왕십리로 222-1 (사근동),A1100013,65,자동,차단,응급실
2026-10-01 02:30:00,서울특별시,A1100014,고려대학교의과대학부속구로병원,응급,Y000,응급실,"이비인후과 - 평일 야간, 주말, 공휴일- 응급수술 및 진료, 전원 수용 불가",20260928100000,20261005095900,"서울특별시 구로구 구로동로 148, 고려대부속구로병원 (구로동)",A1100014,66,자동,차단,이비인후과
2026-10-01 02:30:00,서울특별시,A1100015,연세대학교의과대학강남세브란스병원,중증,Y0160,안과적 응급 수술,불가능메세지등록,20260929000000,20261006000000,"서울특별시 강남구 언주로 211, 강남세브란스병원 (도곡동)",A1100015,67,자동,차단,
2026-10-01 02:30:00,서울특별시,A1100015,연세대학교의과대학강남세브란스병원,중증,Y0120,중증화상,불가능메세지등록,20260929000000,20261006000000,"서울특별시 강남구 언주로 211, 강남세브란스병원 (도곡동)",A1100015,68,자동,차단,
2026-10-01 02:30:00,서울특별시,A1100016,인제대학교상계백병원,응급,Y000,응급실,[진료제한] 인력 부족으로 사전 문의 요망,20260929000000,20261005235900,"서울특별시 노원구 동일로 1342, 상계백병원 (상계동)",A1100016,69,자동,차단,산부인과
2026-10-01 02:30:00,서울특별시,A1100016,인제대학교상계백병원,중증,Y0112,산부인과 응급(산과수술),의료진 부족으로 수용 어려움,20260929000000,20261005235900,"서울특별시 노원구 동일로 1342, 상계백병원 (상계동)",A1100016,70,자동,차단,
2026-10-01 02:30:00,서울특별시,A1100016,인제대학교상계백병원,응급,Y000,응급실,"환자 수용 가능(평일 08:00 ~ 20:00), 그 외 시간은 진료 제한",20260929000000,20261005235900,"서울특별시 노원구 동일로 1342, 상계백병원 (상계동)",A1100016,71,자동,차단,안과
2026-10-01 02:30:00,서울특별시,A1100016,인제대학교상계백병원,응급,Y000,응급실,"환자 수용 가능(평일 09:00~20:00), 두경부 전문 인력 부족으로 진료 제한",20260929000000,20261005235900,"서울특별시 노원구 동일로 1342, 상계백병원 (상계동)",A1100016,72,자동,차단,이비인후과
2026-10-01 02:30:00,서울특별시,A1100016,인제대학교상계백병원,응급,Y000,응급실,"환자 수용 가능(월~목 24시간, 금 08:00 ~ 17:00), 그 외 시간은 진료 제한",20260929000000,20261005235900,"서울특별시 노원구 동일로 1342, 상계백병원 (상계동)",A1100016,73,자동,차단,치과
2026-10-01 02:30:00,서울특별시,A1100016,인제대학교상계백병원,응급,Y000,응급실,[진료제한] 인력 부족으로 사전 문의 요망,20260929000000,20261005235900,"서울특별시 노원구 동일로 1342, 상계백병원 (상계동)",A1100016,74,자동,차단,소아청소년과
2026-10-01 02:30:00,서울특별시,A1100016,인제대학교상계백병원,응급,Y000,응급실,"환자 수용 가능 (주말 10:00 ~ 22:00), 그 외 시간은 진료 제한",20260929000000,20261005235900,"서울특별시 노원구 동일로 1342, 상계백병원 (상계동)",A1100016,75,자동,차단,성형외과
2026-10-01 02:30:00,서울특별시,A1100016,인제대학교상계백병원,중증,Y0111,산부인과 응급(분만),의료진 부족으로 수용 어려움,20260929000000,20261005235900,"서울특별시 노원구 동일로 1342, 상계백병원 (상계동)",A1100016,76,자동,차단,
2026-10-01 02:30:00,서울특별시,A1100017,서울대학교병원,응급,Y000,응급실,비뇨의학과 : 신환 진료 불가,20260929000000,20261005235900,서울특별시 종로구 대학로 101 (연건동),A1100017,77,자동,차단,비뇨의학과
2026-10-01 02:30:00,서울특별시,A1100020,의료법인한전의료재단 한일병원,응급,Y000,응급실,18세 미만 단순 외상 제외한 환자 수용 불가,20261001000000,20261008235900,"서울특별시 도봉구 우이천로 308, 한일병원 (쌍문동)",A1100020,78,자동,차단,소아청소년과
2026-10-01 02:30:00,서울특별시,A1100021,삼육서울병원,응급,Y000,응급실,일-금 9-22시 까지 진료 가능. 토요일 진료 불가. 본원 안과 수술 환자는 진료 가능,20260930090000,20261007235900,서울특별시 동대문구 망우로 82 (휘경동),A1100021,79,자동,차단,안과
2026-10-01 02:30:00,서울특별시,A1100021,삼육서울병원,응급,Y000,응급실,"일과시간(일-목 9~17, 금9~12)이후 본원 치료중인 환자 이외 소아청소년과 입원불가, 응급의학과 의사에 의한 부분 진료 가능",20260928000000,20261005235900,서울특별시 동대문구 망우로 82 (휘경동),A1100021,80,자동,차단,소아청소년과
2026-10-01 02:30:00,서울특별시,A1100028,성심의료재단강동성심병원,중증,Y0010,심근경색의 재관류중재술,시술 불가,20260930180000,20261001080000,서울특별시 강동구 성안로 150 (길동),A1100028,81,자동,차단,내과
2026-10-01 02:30:00,서울특별시,A1100028,성심의료재단강동성심병원,응급,Y000,응급실,[순환기내과] 매주 수요일(평일) 6pm-익일 8am 시술불가,20260930180000,20261001080000,서울특별시 강동구 성안로 150 (길동),A1100028,82,자동,차단,순환기내과
2026-10-01 02:30:00,서울특별시,A1100028,성심의료재단강동성심병원,응급,Y000,응급실,*의료진 부족으로 119 내원시 모든 환자 사전 수용여부 확인 후 내원,20260928120000,20261005120000,서울특별시 강동구 성안로 150 (길동),A1100028,83,자동,차단,응급실
2026-10-01 02:30:00,서울특별시,A1100028,성심의료재단강동성심병원,응급,Y000,응급실,[성형외과] 평일 주간(08:00-17:00)에만 진료가능,20260928120000,20261005120000,서울특별시 강동구 성안로 150 (길동),A1100028,84,자동,차단,성형외과
2026-10-01 02:30:00,서울특별시,A1100028,성심의료재단강동성심병원,응급,Y000,응급실,"[이비인후과] 일요일 8am이후, 월요일 8am~5pm이후 진료불가",20260928120000,20261005120000,서울특별시 강동구 성안로 150 (길동),A1100028,85,자동,차단,이비인후과
2026-10-01 02:30:00,서울특별시,A1100028,성심의료재단강동성심병원,응급,Y000,응급실,"[피부과] 평일 07:00-22:00에만 진료(단,토요일은 24시간 진료)",20260928120000,20261005120000,서울특별시 강동구 성안로 150 (길동),A1100028,86,자동,차단,피부과
2026-10-01 02:30:00,서울특별시,A1100028,성심의료재단강동성심병원,응급,Y000,응급실,[안과] 08:00~22:00 진료가능,20260928120000,20261005120000,서울특별시 강동구 성안로 150 (길동),A1100028,87,자동,차단,안과
2026-10-01 02:30:00,서울특별시,A1100028,성심의료재단강동성심병원,응급,Y000,응급실,"[산부인과] 분만 관련 산모진료는 불가, 산과/부인과 수술은 평일 주간(08:00-17:00)만 진료가능",20260928120000,20261005120000,서울특별시 강동구 성안로 150 (길동),A1100028,88,자동,차단,산부인과
2026-10-01 02:30:00,서울특별시,A1100028,성심의료재단강동성심병원,응급,Y000,응급실,*인력부족으로 자살 사고 및 중독 진료불가,20260928120000,20261005120000,서울특별시 강동구 성안로 150 (길동),A1100028,89,자동,차단,기타 진료과
2026-10-01 02:30:00,서울특별시,A1100028,성심의료재단강동성심병원,응급,Y000,응급실,[소아청소년과] 진료불가,20260928120000,20261005120000,서울특별시 강동구 성안로 150 (길동),A1100028,90,자동,차단,소아청소년과
2026-10-01 02:30:00,서울특별시,A1100028,성심의료재단강동성심병원,응급,Y000,응급실,[정신건강의학과] 평일 주간(08:00-17:00)에만 진료가능,20260928120000,20261005120000,서울특별시 강동구 성안로 150 (길동),A1100028,91,자동,차단,정신건강의학과
2026-10-01 02:30:00,서울특별시,A1100041,의료법인서울효천의료재단 에이치플러스양지병원,응급,Y000,응급실,"흉부외과, 피부과, 안과, 치과 진료과 미개설로 인해 진료 불가합니다.",20261001000000,20261008235900,"서울특별시 관악구 남부순환로 1636, 양지병원 (신림동)",A1100041,92,자동,차단,기타 진료과
2026-10-01 02:30:00,서울특별시,A1100043,강동경희대학교병원,응급,Y000,응급실,의료진 부재로 인한 응급실 진료 불가,20260928000000,20261005235900,서울특별시 강동구 동남로 892 (상일동),A1100043,93,자동,차단,성형외과
2026-10-01 02:30:00,서울특별시,A1100043,강동경희대학교병원,응급,Y000,응급실,의료진 부재로 인한 응급실 진료 불가,20260928000000,20261005235900,서울특별시 강동구 동남로 892 (상일동),A1100043,94,자동,차단,치과
2026-10-01 02:30:00,서울특별시,A1100043,강동경희대학교병원,응급,Y000,응급실,의료진 부재로 인한 응급실 진료 불가,20260928000000,20261005235900,서울특별시 강동구 동남로 892 (상일동),A1100043,95,자동,차단,정신건강의학과
2026-10-01 02:30:00,서울특별시,A1100048,노원을지대학교병원,응급,Y000,응급실,안과 토요일 낮12시ㅡ월요일 08시까지 불가,20261001000000,20261004000000,"서울특별시 노원구 한글비석로 68, 을지병원 (하계동)",A1100048,96,자동,차단,안과
2026-10-01 02:30:00,서울특별시,A1100048,노원을지대학교병원,응급,Y000,응급실,소아청소년과 24개월미만 진료불가,20261001000000,20261004000000,"서울특별시 노원구 한글비석로 68, 을지병원 (하계동)",A1100048,97,자동,차단,소아청소년과
2026-10-01 02:30:00,서울특별시,A1100048,노원을지대학교병원,응급,Y000,응급실,응급실 119구급대원께서는 문의 후 이송 부탁드립니다,20261001000000,20261004000000,"서울특별시 노원구 한글비석로 68, 을지병원 (하계동)",A1100048,98,자동,차단,응급실
2026-10-01 02:30:00,서울특별시,A1100048,노원을지대학교병원,응급,Y000,응급실,"순환기내과 인력부족 CAG불가 야간(18:00 ~ 08:00까지 불가능), 주말, 공휴일 불가",20261001000000,20261004000000,"서울특별시 노원구 한글비석로 68, 을지병원 (하계동)",A1100048,99,자동,차단,순환기내과
2026-10-01 02:30:00,서울특별시,A1100048,노원을지대학교병원,응급,Y000,응급실,소아청소년과 진료가능 시간 (월~금 08:00 ~ 18:00) 이외 시간은 진료 불가,20261001000000,20261004000000,"서울특별시 노원구 한글비석로 68, 을지병원 (하계동)",A1100048,100,자동,차단,소아청소년과
2026-10-01 02:30:00,서울특별시,A1100048,노원을지대학교병원,중증,Y0091,기관지 응급내시경(성인),"기관지 응급내시경(성인) 야간(18:00 ~ 08:00) ,주말, 공휴일 불가",20261001000000,20261004000000,"서울특별시 노원구 한글비석로 68, 을지병원 (하계동)",A1100048,101,자동,차단,
2026-10-01 02:30:00,서울특별시,A1100048,노원을지대학교병원,중증,Y0082,위장관 응급내시경(영유아),"위장관 응급내시경(영유아) 야간(17:00 ~ 09:00), 주말, 공휴일 불가",20261001000000,20261004000000,"서울특별시 노원구 한글비석로 68, 을지병원 (하계동)",A1100048,102,자동,차단,
2026-10-01 02:30:00,서울특별시,A1100048,노원을지대학교병원,중증,Y0010,심근경색의 재관류중재술,"심근경색의 재관류중재술 야간(18:00 ~ 08:00),주말, 공휴일 불가",20261001000000,20261004000000,"서울특별시 노원구 한글비석로 68, 을지병원 (하계동)",A1100048,103,자동,차단,
2026-10-01 02:30:00,서울특별시,A1100051,혜민병원,중증,Y0032,뇌출혈수술(거미막하 출혈 외),불가능메세지등록,20260928000000,20261005000000,서울특별시 광진구 자양로 85 (자양동),A1100051,104,자동,차단,
2026-10-01 02:30:00,서울특별시,A1100051,혜민병원,중증,Y0051,담낭담관질환(담낭질환),불가능메세지등록,20260928000000,20261005000000,서울특별시 광진구 자양로 85 (자양동),A1100051,105,자동,차단,
2026-10-01 02:30:00,서울특별시,A1100053,한국보훈복지의료공단 중앙보훈병원,응급,Y000,응급실,내과계중환지실 부족으로 인해 내과계중환자 수용불가,20260928090000,20261005090000,서울특별시 강동구 진황도로61길 53 (둔촌동),A1100053,106,자동,차단,병상 또는 장비
2026-10-01 02:30:00,서울특별시,A1100054,성애의료재단성애병원,중증,Y0032,뇌출혈수술(거미막하 출혈 외),불가능메세지등록,20260930173000,20261001083000,"서울특별시 영등포구 여의대방로53길 22 (신길동, 성애병원)",A1100054,107,자동,차단,
2026-10-01 02:30:00,서울특별시,A1100223,서울특별시서남병원,중증,Y0051,담낭담관질환(담낭질환),ERCP 불가,20260930000000,20261007235900,서울특별시 양천구 신정이펜1로 20 (신정동),A1100223,108,자동,차단,
2026-10-01 02:30:00,서울특별시,A1100223,서울특별시서남병원,중증,Y0113,산부인과 응급(부인과수술),외래진료만 가능,20260930000000,20261007235900,서울특별시 양천구 신정이펜1로 20 (신정동),A1100223,109,자동,차단,
2026-10-01 02:30:00,서울특별시,A1120796,이화여자대학교의과대학부속서울병원,응급,Y000,응급실,안과 인력부재로 진료 불가,20260928230000,20261005230000,"서울특별시 강서구 공항대로 260, 이화의대부속서울병원 (마곡동)",A1120796,110,자동,차단,안과
2026-10-01 02:30:00,서울특별시,A1120796,이화여자대학교의과대학부속서울병원,응급,Y000,응급실,"치과 인력부재로 주말, 공휴일, 소아 치과 진료 불가",20260928230000,20261005230000,"서울특별시 강서구 공항대로 260, 이화의대부속서울병원 (마곡동)",A1120796,111,자동,차단,치과
2026-10-01 02:30:00,서울특별시,A1120796,이화여자대학교의과대학부속서울병원,응급,Y000,응급실,"비뇨의학과 인력부재로 응급시술, 수술 불가",20260928230000,20261005230000,"서울특별시 강서구 공항대로 260, 이화의대부속서울병원 (마곡동)",A1120796,112,자동,차단,비뇨의학과
2026-10-01 02:30:00,서울특별시,A1120796,이화여자대학교의과대학부속서울병원,응급,Y000,응급실,피부과 인력부재로 진료 불가,20260928230000,20261005230000,"서울특별시 강서구 공항대로 260, 이화의대부속서울병원 (마곡동)",A1120796,113,자동,차단,피부과
2026-10-01 02:30:00,서울특별시,A1120796,이화여자대학교의과대학부속서울병원,응급,Y000,응급실,응급실에서 DI 환자 진료 불가,20260928230000,20261005230000,"서울특별시 강서구 공항대로 260, 이화의대부속서울병원 (마곡동)",A1120796,114,자동,차단,기타 진료과
2026-10-01 02:30:00,서울특별시,A1120796,이화여자대학교의과대학부속서울병원,응급,Y000,응급실,성형외과 인력부재로 응급실에서 성형외과 단순 봉합 불가,20260928230000,20261005230000,"서울특별시 강서구 공항대로 260, 이화의대부속서울병원 (마곡동)",A1120796,115,자동,차단,정형외과
2026-10-01 02:30:00,서울특별시,A1120796,이화여자대학교의과대학부속서울병원,응급,Y000,응급실,이비인후과 인력부재로 진료 불가,20260928230000,20261005230000,"서울특별시 강서구 공항대로 260, 이화의대부속서울병원 (마곡동)",A1120796,116,자동,차단,이비인후과
2026-10-01 02:30:00,서울특별시,A1120796,이화여자대학교의과대학부속서울병원,응급,Y000,응급실,정신건강의학과 인력부재로 진료 불가,20260928230000,20261005230000,"서울특별시 강서구 공항대로 260, 이화의대부속서울병원 (마곡동)",A1120796,117,자동,차단,정신건강의학과
2026-10-01 02:30:00,서울특별시,A1121013,가톨릭대학교은평성모병원,응급,Y000,응급실,"금요일 18 시~일요일 18 시소아신경과 진료불가(소아신경 의사 부재/ 단 본원 소아신경 f/u환아는 소아응급실 진료있는 날 응급실에서 진료가능 ), 소아청소년과 중증환자 수용불가",20260928080000,20261005075900,서울특별시 은평구 통일로 1021 (진관동),A1121013,118,자동,차단,소아청소년과
2026-10-01 02:30:00,서울특별시,A1121013,가톨릭대학교은평성모병원,응급,Y000,응급실,치과  (응급실 진료불가 ),20260928080000,20261005075900,서울특별시 은평구 통일로 1021 (진관동),A1121013,119,자동,차단,치과
2026-10-01 02:30:00,서울특별시,A1121013,가톨릭대학교은평성모병원,응급,Y000,응급실,"심혈관질환 전용 핫라인: 010-7317-2540  (심장/대동맥수술, 급성심근경색, 심부전등)",20260928080000,20261005075900,서울특별시 은평구 통일로 1021 (진관동),A1121013,120,자동,차단,순환기내과
2026-10-01 02:30:00,서울특별시,A1121013,가톨릭대학교은평성모병원,응급,Y000,응급실,정신건강의학과(응급실 진료불가),20260928080000,20261005075900,서울특별시 은평구 통일로 1021 (진관동),A1121013,121,자동,차단,정신건강의학과
2026-10-01 02:30:00,경기도,A2100001,분당서울대학교병원,응급,Y000,응급실,"[감염내과] 경증코로나, 단순 봉와직염 수용 불가능",20260930000000,20261007235900,"경기도 성남시 분당구 구미로173번길 82 (구미동, 분당서울대학교병원)",A2100001,1,자동,차단,감염내과
2026-10-01 02:30:00,경기도,A2100001,분당서울대학교병원,응급,Y000,응급실,"[혈액종양내과] 타원 진료 중인 암 환자, 호스피스/연고지 목적으로 내원하는 환자 수용불가능",20260930000000,20261007235900,"경기도 성남시 분당구 구미로173번길 82 (구미동, 분당서울대학교병원)",A2100001,2,자동,차단,혈액·종양내과
2026-10-01 02:30:00,경기도,A2100001,분당서울대학교병원,응급,Y000,응급실,[신경외과] 경증 두부외상 수용 불가능,20260930000000,20261007235900,"경기도 성남시 분당구 구미로173번길 82 (구미동, 분당서울대학교병원)",A2100001,3,자동,차단,신경외과
2026-10-01 02:30:00,경기도,A2100001,분당서울대학교병원,응급,Y000,응급실,"[류마티스내과] 통풍 신초진환자 수용불가, 단 본과 기 진료환자 수용가능",20260930000000,20261007235900,"경기도 성남시 분당구 구미로173번길 82 (구미동, 분당서울대학교병원)",A2100001,4,자동,차단,류마티스내과
2026-10-01 02:30:00,경기도,A2100001,분당서울대학교병원,응급,Y000,응급실,"[산부인과/산과] 임신 14주 이내 복통, 출혈, 유산의심, 단순 태아 심박동 확인 수용 불가능(원내 직원 포함)",20260930000000,20261007235900,"경기도 성남시 분당구 구미로173번길 82 (구미동, 분당서울대학교병원)",A2100001,5,자동,차단,산부인과
2026-10-01 02:30:00,경기도,A2100001,분당서울대학교병원,응급,Y000,응급실,[정형외과] 사지접합술 제외한 응급수술 가능,20260930000000,20261007235900,"경기도 성남시 분당구 구미로173번길 82 (구미동, 분당서울대학교병원)",A2100001,6,자동,차단,정형외과
2026-10-01 02:30:00,경기도,A2100001,분당서울대학교병원,응급,Y000,응급실,[정신건강의학과] 정신과적 응급입원 평일 9A~6P만 가능 이외 주말 및 공휴일 수용불가능,20260930000000,20261007235900,"경기도 성남시 분당구 구미로173번길 82 (구미동, 분당서울대학교병원)",A2100001,7,자동,차단,정신건강의학과
2026-10-01 02:30:00,경기도,A2100001,분당서울대학교병원,응급,Y000,응급실,"[성형외과] 성형외과적 봉합은 안면부 깊은 열상 또는 혈관,신경,힘줄 손상이 의심되는 수부 열상만 가능(이외 불가)",20260930000000,20261007235900,"경기도 성남시 분당구 구미로173번길 82 (구미동, 분당서울대학교병원)",A2100001,8,자동,차단,성형외과
2026-10-01 02:30:00,경기도,A2100001,분당서울대학교병원,응급,Y000,응급실,"[호흡기내과] 활력징후 안정적인 단순 폐렴, 본원 호흡기 f/u한 적 없는 요양병원 장기입원 환자의 폐렴환자 수용불가",20260930000000,20261007235900,"경기도 성남시 분당구 구미로173번길 82 (구미동, 분당서울대학교병원)",A2100001,9,자동,차단,호흡기내과
2026-10-01 02:30:00,경기도,A2100001,분당서울대학교병원,응급,Y000,응급실,"[소아청소년과] 소아위장관 정규 내시경 화 오전만 가능, 단순 위장관염 수용 불가능",20260930000000,20261007235900,"경기도 성남시 분당구 구미로173번길 82 (구미동, 분당서울대학교병원)",A2100001,10,자동,차단,소아청소년과
2026-10-01 02:30:00,경기도,A2100001,분당서울대학교병원,응급,Y000,응급실,"[비뇨의학과] 응급수술 불가능(고환염전, 골반내 비뇨기외상,신장외상,지속발기증 등)",20260930000000,20261007235900,"경기도 성남시 분당구 구미로173번길 82 (구미동, 분당서울대학교병원)",A2100001,11,자동,차단,비뇨의학과
2026-10-01 02:30:00,경기도,A2100001,분당서울대학교병원,응급,Y000,응급실,"[신장내과] 단순 요로감염, 합병증 없는 신우신염 수용 불가능",20260930000000,20261007235900,"경기도 성남시 분당구 구미로173번길 82 (구미동, 분당서울대학교병원)",A2100001,12,자동,차단,신장내과
2026-10-01 02:30:00,경기도,A2100001,분당서울대학교병원,응급,Y000,응급실,[소아청소년과] 생후 28일 이내 신생아 평일 8A~5P 진료가능 이외 주말 및 공휴일 수용불가능,20260930000000,20261007235900,"경기도 성남시 분당구 구미로173번길 82 (구미동, 분당서울대학교병원)",A2100001,13,자동,차단,소아청소년과
2026-10-01 02:30:00,경기도,A2100001,분당서울대학교병원,응급,Y000,응급실,"[안과] 주중 8A~10P, 주말 및 공휴일 8A~8P 진료가능",20260930000000,20261007235900,"경기도 성남시 분당구 구미로173번길 82 (구미동, 분당서울대학교병원)",A2100001,14,자동,차단,안과
2026-10-01 02:30:00,경기도,A2100002,아주대학교병원,응급,Y000,응급실,소아 비뇨의학과/소화기내과 관련 내원 시 사전 문의 필수,20260930000000,20261007235900,경기도 수원시 영통구 월드컵로 164 (원천동),A2100002,15,자동,차단,소아청소년과
2026-10-01 02:30:00,경기도,A2100002,아주대학교병원,응급,Y000,응급실,이비인후과 두경부파트 진료 제한(정규 시간 외 17시~08시),20260930000000,20261007235900,경기도 수원시 영통구 월드컵로 164 (원천동),A2100002,16,자동,차단,이비인후과
2026-10-01 02:30:00,경기도,A2100003,고려대학교의과대학부속안산병원,응급,Y000,응급실,[안과] 과 내 사정으로 토요일 협진 제한,20260928120000,20261002120000,경기도 안산시 단원구 적금로 123 (고잔동),A2100003,17,자동,차단,안과
2026-10-01 02:30:00,경기도,A2100003,고려대학교의과대학부속안산병원,응급,Y000,응급실,"[소아과] 호흡기분과 제한적 입원, 혈액종양분과 입원 불가, 중환자실 입실 불가",20260928120000,20261002120000,경기도 안산시 단원구 적금로 123 (고잔동),A2100003,18,자동,차단,소아청소년과
2026-10-01 02:30:00,경기도,A2100005,순천향대학교부속부천병원,중증,Y0100,저출생체중아,시설공사로 19병상으로 축소운영.  신환수용 불가.,20260928150000,20261005180000,"경기도 부천시 원미구 조마루로 170, 부흥로 173(1층일부) (중동)",A2100005,19,자동,차단,소아청소년과
2026-10-01 02:30:00,경기도,A2100012,가톨릭대학교성빈센트병원,응급,Y000,응급실,불가능메세지등록,20260930170000,20261001080000,경기도 수원시 팔달구 중부대로 93 (지동),A2100012,20,자동,차단,신경과
2026-10-01 02:30:00,경기도,A2100012,가톨릭대학교성빈센트병원,응급,Y000,응급실,"간,담,췌장 파트 신환진료 불가",20260924080100,20261001080000,경기도 수원시 팔달구 중부대로 93 (지동),A2100012,21,자동,차단,소화기내과
2026-10-01 02:30:00,경기도,A2100015,효산의료재단안양샘병원,응급,Y000,응급실,"평일 08시~18시, 토요일 08~13시 이외 진료 불가(24개월 미만 진료불가)",20260924080000,20261001080000,"경기도 안양시 만안구 삼덕로 9 (안양동, 안양샘병원)",A2100015,22,자동,차단,소아청소년과
2026-10-01 02:30:00,경기도,A2100018,의료법인은혜와감사의료재단화성중앙종합병원,중증,Y0010,심근경색의 재관류중재술,불가능메세지등록,20260930000000,20261005000000,경기도 화성시 만세구 향남읍 발안로 5,A2100018,23,자동,차단,
2026-10-01 02:30:00,경기도,A2100018,의료법인은혜와감사의료재단화성중앙종합병원,중증,Y0020,뇌경색의 재관류중재술,불가능메세지등록,20260930000000,20261005000000,경기도 화성시 만세구 향남읍 발안로 5,A2100018,24,자동,차단,
2026-10-01 02:30:00,경기도,A2100018,의료법인은혜와감사의료재단화성중앙종합병원,중증,Y0031,뇌출혈수술(거미막하 출혈),불가능메세지등록,20260930000000,20261005000000,경기도 화성시 만세구 향남읍 발안로 5,A2100018,25,자동,차단,
2026-10-01 02:30:00,경기도,A2100018,의료법인은혜와감사의료재단화성중앙종합병원,중증,Y0032,뇌출혈수술(거미막하 출혈 외),불가능메세지등록,20260930000000,20261005000000,경기도 화성시 만세구 향남읍 발안로 5,A2100018,26,자동,차단,신경외과
2026-10-01 02:30:00,경기도,A2100018,의료법인은혜와감사의료재단화성중앙종합병원,중증,Y0041,대동맥응급(흉부),불가능메세지등록,20260930000000,20261005000000,경기도 화성시 만세구 향남읍 발안로 5,A2100018,27,자동,차단,
2026-10-01 02:30:00,경기도,A2100018,의료법인은혜와감사의료재단화성중앙종합병원,중증,Y0042,대동맥응급(복부),불가능메세지등록,20260930000000,20261005000000,경기도 화성시 만세구 향남읍 발안로 5,A2100018,28,자동,차단,
2026-10-01 02:30:00,경기도,A2100018,의료법인은혜와감사의료재단화성중앙종합병원,중증,Y0051,담낭담관질환(담낭질환),불가능메세지등록,20260930000000,20261005000000,경기도 화성시 만세구 향남읍 발안로 5,A2100018,29,자동,차단,
2026-10-01 02:30:00,경기도,A2100018,의료법인은혜와감사의료재단화성중앙종합병원,중증,Y0052,담낭담관질환(담도포함질환),불가능메세지등록,20260930000000,20261005000000,경기도 화성시 만세구 향남읍 발안로 5,A2100018,30,자동,차단,
2026-10-01 02:30:00,경기도,A2100018,의료법인은혜와감사의료재단화성중앙종합병원,중증,Y0060,복부응급수술(비외상),불가능메세지등록,20260930000000,20261005000000,경기도 화성시 만세구 향남읍 발안로 5,A2100018,31,자동,차단,
2026-10-01 02:30:00,경기도,A2100018,의료법인은혜와감사의료재단화성중앙종합병원,중증,Y0070,장중첩/폐색(유아),불가능메세지등록,20260930000000,20261005000000,경기도 화성시 만세구 향남읍 발안로 5,A2100018,32,자동,차단,
2026-10-01 02:30:00,경기도,A2100018,의료법인은혜와감사의료재단화성중앙종합병원,중증,Y0081,위장관 응급내시경(성인),불가능메세지등록,20260930000000,20261005000000,경기도 화성시 만세구 향남읍 발안로 5,A2100018,33,자동,차단,내과
2026-10-01 02:30:00,경기도,A2100018,의료법인은혜와감사의료재단화성중앙종합병원,중증,Y0082,위장관 응급내시경(영유아),불가능메세지등록,20260930000000,20261005000000,경기도 화성시 만세구 향남읍 발안로 5,A2100018,34,자동,차단,
2026-10-01 02:30:00,경기도,A2100018,의료법인은혜와감사의료재단화성중앙종합병원,중증,Y0091,기관지 응급내시경(성인),불가능메세지등록,20260930000000,20261005000000,경기도 화성시 만세구 향남읍 발안로 5,A2100018,35,자동,차단,
2026-10-01 02:30:00,경기도,A2100018,의료법인은혜와감사의료재단화성중앙종합병원,중증,Y0092,기관지 응급내시경(영유아),불가능메세지등록,20260930000000,20261005000000,경기도 화성시 만세구 향남읍 발안로 5,A2100018,36,자동,차단,
2026-10-01 02:30:00,경기도,A2100018,의료법인은혜와감사의료재단화성중앙종합병원,중증,Y0100,저출생체중아,불가능메세지등록,20260930000000,20261005000000,경기도 화성시 만세구 향남읍 발안로 5,A2100018,37,자동,차단,
2026-10-01 02:30:00,경기도,A2100018,의료법인은혜와감사의료재단화성중앙종합병원,중증,Y0111,산부인과 응급(분만),불가능메세지등록,20260930000000,20261005000000,경기도 화성시 만세구 향남읍 발안로 5,A2100018,38,자동,차단,
2026-10-01 02:30:00,경기도,A2100018,의료법인은혜와감사의료재단화성중앙종합병원,중증,Y0112,산부인과 응급(산과수술),불가능메세지등록,20260930000000,20261005000000,경기도 화성시 만세구 향남읍 발안로 5,A2100018,39,자동,차단,
2026-10-01 02:30:00,경기도,A2100018,의료법인은혜와감사의료재단화성중앙종합병원,중증,Y0113,산부인과 응급(부인과수술),불가능메세지등록,20260930000000,20261005000000,경기도 화성시 만세구 향남읍 발안로 5,A2100018,40,자동,차단,
2026-10-01 02:30:00,경기도,A2100018,의료법인은혜와감사의료재단화성중앙종합병원,중증,Y0120,중증화상,불가능메세지등록,20260930000000,20261005000000,경기도 화성시 만세구 향남읍 발안로 5,A2100018,41,자동,차단,
2026-10-01 02:30:00,경기도,A2100018,의료법인은혜와감사의료재단화성중앙종합병원,중증,Y0131,수족지접합,불가능메세지등록,20260930000000,20261005000000,경기도 화성시 만세구 향남읍 발안로 5,A2100018,42,자동,차단,
2026-10-01 02:30:00,경기도,A2100018,의료법인은혜와감사의료재단화성중앙종합병원,중증,Y0132,수족지접합 외,불가능메세지등록,20260930000000,20261005000000,경기도 화성시 만세구 향남읍 발안로 5,A2100018,43,자동,차단,
2026-10-01 02:30:00,경기도,A2100018,의료법인은혜와감사의료재단화성중앙종합병원,중증,Y0141,응급투석(HD),불가능메세지등록,20260930000000,20261005000000,경기도 화성시 만세구 향남읍 발안로 5,A2100018,44,자동,차단,
2026-10-01 02:30:00,경기도,A2100018,의료법인은혜와감사의료재단화성중앙종합병원,중증,Y0142,응급투석(CRRT),불가능메세지등록,20260930000000,20261005000000,경기도 화성시 만세구 향남읍 발안로 5,A2100018,45,자동,차단,
2026-10-01 02:30:00,경기도,A2100018,의료법인은혜와감사의료재단화성중앙종합병원,중증,Y0150,정신과적 응급입원,불가능메세지등록,20260930000000,20261005000000,경기도 화성시 만세구 향남읍 발안로 5,A2100018,46,자동,차단,
2026-10-01 02:30:00,경기도,A2100018,의료법인은혜와감사의료재단화성중앙종합병원,중증,Y0160,안과적 응급 수술,불가능메세지등록,20260930000000,20261005000000,경기도 화성시 만세구 향남읍 발안로 5,A2100018,47,자동,차단,
2026-10-01 02:30:00,경기도,A2100018,의료법인은혜와감사의료재단화성중앙종합병원,중증,Y0171,영상의학혈관중재(성인),불가능메세지등록,20260930000000,20261005000000,경기도 화성시 만세구 향남읍 발안로 5,A2100018,48,자동,차단,
2026-10-01 02:30:00,경기도,A2100018,의료법인은혜와감사의료재단화성중앙종합병원,중증,Y0172,영상의학혈관중재(영유아),불가능메세지등록,20260930000000,20261005000000,경기도 화성시 만세구 향남읍 발안로 5,A2100018,49,자동,차단,
2026-10-01 02:30:00,경기도,A2100018,의료법인은혜와감사의료재단화성중앙종합병원,중증,Y0010,심근경색의 재관류중재술,불가능메세지등록,20260930000000,20261005000000,경기도 화성시 만세구 향남읍 발안로 5,A2100018,50,자동,차단,
2026-10-01 02:30:00,경기도,A2100018,의료법인은혜와감사의료재단화성중앙종합병원,중증,Y0020,뇌경색의 재관류중재술,불가능메세지등록,20260930000000,20261005000000,경기도 화성시 만세구 향남읍 발안로 5,A2100018,51,자동,차단,
2026-10-01 02:30:00,경기도,A2100018,의료법인은혜와감사의료재단화성중앙종합병원,중증,Y0031,뇌출혈수술(거미막하 출혈),불가능메세지등록,20260930000000,20261005000000,경기도 화성시 만세구 향남읍 발안로 5,A2100018,52,자동,차단,
2026-10-01 02:30:00,경기도,A2100018,의료법인은혜와감사의료재단화성중앙종합병원,중증,Y0032,뇌출혈수술(거미막하 출혈 외),불가능메세지등록,20260930000000,20261005000000,경기도 화성시 만세구 향남읍 발안로 5,A2100018,53,자동,차단,신경외과
2026-10-01 02:30:00,경기도,A2100018,의료법인은혜와감사의료재단화성중앙종합병원,중증,Y0041,대동맥응급(흉부),불가능메세지등록,20260930000000,20261005000000,경기도 화성시 만세구 향남읍 발안로 5,A2100018,54,자동,차단,
2026-10-01 02:30:00,경기도,A2100018,의료법인은혜와감사의료재단화성중앙종합병원,중증,Y0042,대동맥응급(복부),불가능메세지등록,20260930000000,20261005000000,경기도 화성시 만세구 향남읍 발안로 5,A2100018,55,자동,차단,
2026-10-01 02:30:00,경기도,A2100018,의료법인은혜와감사의료재단화성중앙종합병원,중증,Y0051,담낭담관질환(담낭질환),불가능메세지등록,20260930000000,20261005000000,경기도 화성시 만세구 향남읍 발안로 5,A2100018,56,자동,차단,
2026-10-01 02:30:00,경기도,A2100018,의료법인은혜와감사의료재단화성중앙종합병원,중증,Y0052,담낭담관질환(담도포함질환),불가능메세지등록,20260930000000,20261005000000,경기도 화성시 만세구 향남읍 발안로 5,A2100018,57,자동,차단,
2026-10-01 02:30:00,경기도,A2100018,의료법인은혜와감사의료재단화성중앙종합병원,중증,Y0060,복부응급수술(비외상),불가능메세지등록,20260930000000,20261005000000,경기도 화성시 만세구 향남읍 발안로 5,A2100018,58,자동,차단,
2026-10-01 02:30:00,경기도,A2100018,의료법인은혜와감사의료재단화성중앙종합병원,중증,Y0070,장중첩/폐색(유아),불가능메세지등록,20260930000000,20261005000000,경기도 화성시 만세구 향남읍 발안로 5,A2100018,59,자동,차단,
2026-10-01 02:30:00,경기도,A2100018,의료법인은혜와감사의료재단화성중앙종합병원,중증,Y0081,위장관 응급내시경(성인),불가능메세지등록,20260930000000,20261005000000,경기도 화성시 만세구 향남읍 발안로 5,A2100018,60,자동,차단,내과
2026-10-01 02:30:00,경기도,A2100018,의료법인은혜와감사의료재단화성중앙종합병원,중증,Y0082,위장관 응급내시경(영유아),불가능메세지등록,20260930000000,20261005000000,경기도 화성시 만세구 향남읍 발안로 5,A2100018,61,자동,차단,
2026-10-01 02:30:00,경기도,A2100018,의료법인은혜와감사의료재단화성중앙종합병원,중증,Y0091,기관지 응급내시경(성인),불가능메세지등록,20260930000000,20261005000000,경기도 화성시 만세구 향남읍 발안로 5,A2100018,62,자동,차단,
2026-10-01 02:30:00,경기도,A2100018,의료법인은혜와감사의료재단화성중앙종합병원,중증,Y0092,기관지 응급내시경(영유아),불가능메세지등록,20260930000000,20261005000000,경기도 화성시 만세구 향남읍 발안로 5,A2100018,63,자동,차단,
2026-10-01 02:30:00,경기도,A2100018,의료법인은혜와감사의료재단화성중앙종합병원,중증,Y0100,저출생체중아,불가능메세지등록,20260930000000,20261005000000,경기도 화성시 만세구 향남읍 발안로 5,A2100018,64,자동,차단,
2026-10-01 02:30:00,경기도,A2100018,의료법인은혜와감사의료재단화성중앙종합병원,중증,Y0111,산부인과 응급(분만),불가능메세지등록,20260930000000,20261005000000,경기도 화성시 만세구 향남읍 발안로 5,A2100018,65,자동,차단,
2026-10-01 02:30:00,경기도,A2100018,의료법인은혜와감사의료재단화성중앙종합병원,중증,Y0112,산부인과 응급(산과수술),불가능메세지등록,20260930000000,20261005000000,경기도 화성시 만세구 향남읍 발안로 5,A2100018,66,자동,차단,
2026-10-01 02:30:00,경기도,A2100018,의료법인은혜와감사의료재단화성중앙종합병원,중증,Y0113,산부인과 응급(부인과수술),불가능메세지등록,20260930000000,20261005000000,경기도 화성시 만세구 향남읍 발안로 5,A2100018,67,자동,차단,
2026-10-01 02:30:00,경기도,A2100018,의료법인은혜와감사의료재단화성중앙종합병원,중증,Y0120,중증화상,불가능메세지등록,20260930000000,20261005000000,경기도 화성시 만세구 향남읍 발안로 5,A2100018,68,자동,차단,
2026-10-01 02:30:00,경기도,A2100018,의료법인은혜와감사의료재단화성중앙종합병원,중증,Y0131,수족지접합,불가능메세지등록,20260930000000,20261005000000,경기도 화성시 만세구 향남읍 발안로 5,A2100018,69,자동,차단,
2026-10-01 02:30:00,경기도,A2100018,의료법인은혜와감사의료재단화성중앙종합병원,중증,Y0132,수족지접합 외,불가능메세지등록,20260930000000,20261005000000,경기도 화성시 만세구 향남읍 발안로 5,A2100018,70,자동,차단,
2026-10-01 02:30:00,경기도,A2100018,의료법인은혜와감사의료재단화성중앙종합병원,중증,Y0141,응급투석(HD),불가능메세지등록,20260930000000,20261005000000,경기도 화성시 만세구 향남읍 발안로 5,A2100018,71,자동,차단,
2026-10-01 02:30:00,경기도,A2100018,의료법인은혜와감사의료재단화성중앙종합병원,중증,Y0142,응급투석(CRRT),불가능메세지등록,20260930000000,20261005000000,경기도 화성시 만세구 향남읍 발안로 5,A2100018,72,자동,차단,
2026-10-01 02:30:00,경기도,A2100018,의료법인은혜와감사의료재단화성중앙종합병원,중증,Y0150,정신과적 응급입원,불가능메세지등록,20260930000000,20261005000000,경기도 화성시 만세구 향남읍 발안로 5,A2100018,73,자동,차단,
2026-10-01 02:30:00,경기도,A2100018,의료법인은혜와감사의료재단화성중앙종합병원,중증,Y0160,안과적 응급 수술,불가능메세지등록,20260930000000,20261005000000,경기도 화성시 만세구 향남읍 발안로 5,A2100018,74,자동,차단,
2026-10-01 02:30:00,경기도,A2100018,의료법인은혜와감사의료재단화성중앙종합병원,중증,Y0171,영상의학혈관중재(성인),불가능메세지등록,20260930000000,20261005000000,경기도 화성시 만세구 향남읍 발안로 5,A2100018,75,자동,차단,
2026-10-01 02:30:00,경기도,A2100018,의료법인은혜와감사의료재단화성중앙종합병원,중증,Y0172,영상의학혈관중재(영유아),불가능메세지등록,20260930000000,20261005000000,경기도 화성시 만세구 향남읍 발안로 5,A2100018,76,자동,차단,
2026-10-01 02:30:00,경기도,A2100018,의료법인은혜와감사의료재단화성중앙종합병원,중증,Y0010,심근경색의 재관류중재술,불가능메세지등록,20260930000000,20261005055900,경기도 화성시 만세구 향남읍 발안로 5,A2100018,77,자동,차단,
2026-10-01 02:30:00,경기도,A2100018,의료법인은혜와감사의료재단화성중앙종합병원,중증,Y0020,뇌경색의 재관류중재술,불가능메세지등록,20260930000000,20261005235900,경기도 화성시 만세구 향남읍 발안로 5,A2100018,78,자동,차단,
2026-10-01 02:30:00,경기도,A2100018,의료법인은혜와감사의료재단화성중앙종합병원,중증,Y0031,뇌출혈수술(거미막하 출혈),불가능메세지등록,20260930000000,20261005235900,경기도 화성시 만세구 향남읍 발안로 5,A2100018,79,자동,차단,
2026-10-01 02:30:00,경기도,A2100018,의료법인은혜와감사의료재단화성중앙종합병원,중증,Y0032,뇌출혈수술(거미막하 출혈 외),불가능메세지등록,20260930000000,20261005235900,경기도 화성시 만세구 향남읍 발안로 5,A2100018,80,자동,차단,신경외과
2026-10-01 02:30:00,경기도,A2100018,의료법인은혜와감사의료재단화성중앙종합병원,중증,Y0041,대동맥응급(흉부),불가능메세지등록,20260930000000,20261005235900,경기도 화성시 만세구 향남읍 발안로 5,A2100018,81,자동,차단,
2026-10-01 02:30:00,경기도,A2100018,의료법인은혜와감사의료재단화성중앙종합병원,중증,Y0042,대동맥응급(복부),불가능메세지등록,20260930000000,20261005235900,경기도 화성시 만세구 향남읍 발안로 5,A2100018,82,자동,차단,
2026-10-01 02:30:00,경기도,A2100018,의료법인은혜와감사의료재단화성중앙종합병원,중증,Y0051,담낭담관질환(담낭질환),불가능메세지등록,20260930000000,20261005235900,경기도 화성시 만세구 향남읍 발안로 5,A2100018,83,자동,차단,
2026-10-01 02:30:00,경기도,A2100018,의료법인은혜와감사의료재단화성중앙종합병원,중증,Y0052,담낭담관질환(담도포함질환),불가능메세지등록,20260930000000,20261005235900,경기도 화성시 만세구 향남읍 발안로 5,A2100018,84,자동,차단,
2026-10-01 02:30:00,경기도,A2100018,의료법인은혜와감사의료재단화성중앙종합병원,중증,Y0060,복부응급수술(비외상),불가능메세지등록,20260930000000,20261005235900,경기도 화성시 만세구 향남읍 발안로 5,A2100018,85,자동,차단,
2026-10-01 02:30:00,경기도,A2100018,의료법인은혜와감사의료재단화성중앙종합병원,중증,Y0081,위장관 응급내시경(성인),불가능메세지등록,20260930000000,20261005215900,경기도 화성시 만세구 향남읍 발안로 5,A2100018,86,자동,차단,내과
2026-10-01 02:30:00,경기도,A2100018,의료법인은혜와감사의료재단화성중앙종합병원,중증,Y0082,위장관 응급내시경(영유아),불가능메세지등록,20260930000000,20261005235900,경기도 화성시 만세구 향남읍 발안로 5,A2100018,87,자동,차단,
2026-10-01 02:30:00,경기도,A2100018,의료법인은혜와감사의료재단화성중앙종합병원,중증,Y0091,기관지 응급내시경(성인),불가능메세지등록,20260930000000,20261005235900,경기도 화성시 만세구 향남읍 발안로 5,A2100018,88,자동,차단,
2026-10-01 02:30:00,경기도,A2100018,의료법인은혜와감사의료재단화성중앙종합병원,중증,Y0092,기관지 응급내시경(영유아),불가능메세지등록,20260930000000,20261005235900,경기도 화성시 만세구 향남읍 발안로 5,A2100018,89,자동,차단,
2026-10-01 02:30:00,경기도,A2100018,의료법인은혜와감사의료재단화성중앙종합병원,중증,Y0100,저출생체중아,불가능메세지등록,20260930000000,20261005235900,경기도 화성시 만세구 향남읍 발안로 5,A2100018,90,자동,차단,
2026-10-01 02:30:00,경기도,A2100018,의료법인은혜와감사의료재단화성중앙종합병원,중증,Y0111,산부인과 응급(분만),불가능메세지등록,20260930000000,20261005235900,경기도 화성시 만세구 향남읍 발안로 5,A2100018,91,자동,차단,
2026-10-01 02:30:00,경기도,A2100018,의료법인은혜와감사의료재단화성중앙종합병원,중증,Y0112,산부인과 응급(산과수술),불가능메세지등록,20260930000000,20261005235900,경기도 화성시 만세구 향남읍 발안로 5,A2100018,92,자동,차단,
2026-10-01 02:30:00,경기도,A2100018,의료법인은혜와감사의료재단화성중앙종합병원,중증,Y0113,산부인과 응급(부인과수술),불가능메세지등록,20260930000000,20261005235900,경기도 화성시 만세구 향남읍 발안로 5,A2100018,93,자동,차단,
2026-10-01 02:30:00,경기도,A2100018,의료법인은혜와감사의료재단화성중앙종합병원,중증,Y0120,중증화상,불가능메세지등록,20260930000000,20261005235900,경기도 화성시 만세구 향남읍 발안로 5,A2100018,94,자동,차단,
2026-10-01 02:30:00,경기도,A2100018,의료법인은혜와감사의료재단화성중앙종합병원,중증,Y0131,수족지접합,불가능메세지등록,20260930000000,20261005235900,경기도 화성시 만세구 향남읍 발안로 5,A2100018,95,자동,차단,
2026-10-01 02:30:00,경기도,A2100018,의료법인은혜와감사의료재단화성중앙종합병원,중증,Y0132,수족지접합 외,불가능메세지등록,20260930000000,20261005235900,경기도 화성시 만세구 향남읍 발안로 5,A2100018,96,자동,차단,
2026-10-01 02:30:00,경기도,A2100018,의료법인은혜와감사의료재단화성중앙종합병원,중증,Y0141,응급투석(HD),불가능메세지등록,20260930000000,20261005235900,경기도 화성시 만세구 향남읍 발안로 5,A2100018,97,자동,차단,
2026-10-01 02:30:00,경기도,A2100018,의료법인은혜와감사의료재단화성중앙종합병원,중증,Y0142,응급투석(CRRT),불가능메세지등록,20260930000000,20261005235900,경기도 화성시 만세구 향남읍 발안로 5,A2100018,98,자동,차단,
2026-10-01 02:30:00,경기도,A2100018,의료법인은혜와감사의료재단화성중앙종합병원,중증,Y0150,정신과적 응급입원,불가능메세지등록,20260930000000,20261005235900,경기도 화성시 만세구 향남읍 발안로 5,A2100018,99,자동,차단,
2026-10-01 02:30:00,경기도,A2100018,의료법인은혜와감사의료재단화성중앙종합병원,중증,Y0160,안과적 응급 수술,불가능메세지등록,20260930000000,20261005235900,경기도 화성시 만세구 향남읍 발안로 5,A2100018,100,자동,차단,
2026-10-01 02:30:00,경기도,A2100018,의료법인은혜와감사의료재단화성중앙종합병원,중증,Y0171,영상의학혈관중재(성인),불가능메세지등록,20260930000000,20261005235900,경기도 화성시 만세구 향남읍 발안로 5,A2100018,101,자동,차단,
2026-10-01 02:30:00,경기도,A2100018,의료법인은혜와감사의료재단화성중앙종합병원,중증,Y0172,영상의학혈관중재(영유아),불가능메세지등록,20260930000000,20261005235900,경기도 화성시 만세구 향남읍 발안로 5,A2100018,102,자동,차단,
2026-10-01 02:30:00,경기도,A2100018,의료법인은혜와감사의료재단화성중앙종합병원,중증,Y0070,장중첩/폐색(유아),불가능메세지등록,20260929000000,20261005235900,경기도 화성시 만세구 향남읍 발안로 5,A2100018,103,자동,차단,
2026-10-01 02:30:00,경기도,A2100020,연세대학교의과대학용인세브란스병원,응급,Y000,응급실,소아외상환자 수용 가능,20260930170000,20261001090000,경기도 용인시 기흥구 동백죽전대로 363 (중동),A2100020,104,자동,차단,소아청소년과
2026-10-01 02:30:00,경기도,A2100025,대진의료재단분당제생병원,응급,Y000,응급실,"전화문의(주말 및 휴일 24시간, 평일 저녁6시~오전8시까지 진료가 일부 제한됨)",20260930000000,20261007000000,경기도 성남시 분당구 서현로180번길 20 (서현동),A2100025,105,자동,차단,신경과
2026-10-01 02:30:00,경기도,A2100025,대진의료재단분당제생병원,응급,Y000,응급실,내분비내과환자 입원불가,20260930000000,20261007000000,경기도 성남시 분당구 서현로180번길 20 (서현동),A2100025,106,자동,차단,내분비내과
2026-10-01 02:30:00,경기도,A2100025,대진의료재단분당제생병원,응급,Y000,응급실,12개월 이상 경증 소아부터 수용 가능(소아 중증 외상 불가),20260930000000,20261007000000,경기도 성남시 분당구 서현로180번길 20 (서현동),A2100025,107,자동,차단,소아청소년과
2026-10-01 02:30:00,경기도,A2100030,차의과학대학교분당차병원,응급,Y000,응급실,<소아전문응급의료센터> 소아 비뇨기과 응급수술 불가,20260928080400,20261005130000,경기도 성남시 분당구 야탑로 59 (야탑동),A2100030,108,자동,차단,비뇨의학과
2026-10-01 02:30:00,경기도,A2100033,국민건강보험공단일산병원,응급,Y000,응급실,[ENT] * 평일 09:00~ 17:00 // 두경부 파트 진료 불가,20260927235800,20261004235900,"경기도 고양시 일산동구 일산로 100 (백석동,백석1동 1241외1필지 4층)",A2100033,109,자동,차단,이비인후과
2026-10-01 02:30:00,경기도,A2100033,국민건강보험공단일산병원,응급,Y000,응급실,[URO] * 평일 08:00~ 18:00,20260927235800,20261004235900,"경기도 고양시 일산동구 일산로 100 (백석동,백석1동 1241외1필지 4층)",A2100033,110,자동,차단,비뇨의학과
2026-10-01 02:30:00,경기도,A2100033,국민건강보험공단일산병원,응급,Y000,응급실,"[EYE] * 평일,주말 (07:00~ 22:00) 가능",20260927235700,20261004235900,"경기도 고양시 일산동구 일산로 100 (백석동,백석1동 1241외1필지 4층)",A2100033,111,자동,차단,안과
2026-10-01 02:30:00,경기도,A2100040,가톨릭대학교의정부성모병원,중증,Y0100,저출생체중아,중환자실 부족,20260930222500,20261001080000,"경기도 의정부시 천보로 271, 의정부성모병원 (금오동)",A2100040,112,자동,차단,소아청소년과
2026-10-01 02:30:00,경기도,A2100040,가톨릭대학교의정부성모병원,응급,Y000,응급실,복부 대동맥 사전 협의 필요,20260928000000,20261005000000,"경기도 의정부시 천보로 271, 의정부성모병원 (금오동)",A2100040,113,자동,차단,응급실
2026-10-01 02:30:00,경기도,A2100040,가톨릭대학교의정부성모병원,응급,Y000,응급실,성형외과 동반 진료 필요시 불가(야간),20260928000000,20261005000000,"경기도 의정부시 천보로 271, 의정부성모병원 (금오동)",A2100040,114,자동,차단,안과
2026-10-01 02:30:00,경기도,A2100040,가톨릭대학교의정부성모병원,응급,Y000,응급실,"권역 내 환자만 가능, 식도 이물질만 평일 08:00~17:00만 가능",20260928000000,20261005000000,"경기도 의정부시 천보로 271, 의정부성모병원 (금오동)",A2100040,115,자동,차단,소화기내과
2026-10-01 02:30:00,경기도,A2100040,가톨릭대학교의정부성모병원,응급,Y000,응급실,의료진 부족,20260928000000,20261005000000,"경기도 의정부시 천보로 271, 의정부성모병원 (금오동)",A2100040,116,자동,차단,감염내과
2026-10-01 02:30:00,경기도,A2100040,가톨릭대학교의정부성모병원,응급,Y000,응급실,산부인과 사전 연락 후 수용여부 결정,20260928000000,20261005000000,"경기도 의정부시 천보로 271, 의정부성모병원 (금오동)",A2100040,117,자동,차단,응급실
2026-10-01 02:30:00,경기도,A2100041,남양주한양병원,중증,Y0031,뇌출혈수술(거미막하 출혈),불가능메세지등록,20260927000000,20261004000000,경기도 남양주시 오남읍 양지로 47-55,A2100041,118,자동,차단,신경외과
2026-10-01 02:30:00,경기도,A2100042,의료법인명지의료재단명지병원,응급,Y000,응급실,"소아 경련 응급처치만 가능, 신생아 진료 불가",20260929084300,20261006235900,경기도 고양시 덕양구 화수로14번길 55 (화정동),A2100042,119,자동,차단,소아청소년과
2026-10-01 02:30:00,경기도,A2100046,한림대학교동탄성심병원,응급,Y000,응급실,소아 전담전문의 응급 진료 일시 불가,20261001000100,20261003120000,경기도 화성시 동탄구 큰재봉길 7 (석우동),A2100046,120,자동,차단,소아청소년과
2026-10-01 02:30:00,경기도,A2100046,한림대학교동탄성심병원,응급,Y000,응급실,** 산부인과 진료관련은 전원문의 바랍니다.,20260930080000,20261001080000,경기도 화성시 동탄구 큰재봉길 7 (석우동),A2100046,121,자동,차단,산부인과
2026-10-01 02:30:00,경기도,A2100046,한림대학교동탄성심병원,응급,Y000,응급실,입원치료가 필요한 가스 중독 환자는 일시적으로 수용이 불가능합니다.,20260928080000,20261005000000,경기도 화성시 동탄구 큰재봉길 7 (석우동),A2100046,122,자동,차단,응급실
2026-10-01 02:30:00,경기도,A2100047,동국대학교일산불교병원,응급,Y000,응급실,[산부인과-분만] NICU 미숙아 수용불가,20260924000000,20261001235900,"경기도 고양시 일산동구 동국로 27 (식사동, 동국대학교일산병원)",A2100047,123,자동,차단,산부인과
2026-10-01 02:30:00,경기도,A2100047,동국대학교일산불교병원,응급,Y000,응급실,[정신건강의학과] 정규시간 외 수용불가,20260924000000,20261001235900,"경기도 고양시 일산동구 동국로 27 (식사동, 동국대학교일산병원)",A2100047,124,자동,차단,정신건강의학과
2026-10-01 02:30:00,경기도,A2100047,동국대학교일산불교병원,응급,Y000,응급실,"[안과] 평일 8:30~20:30 가능, 주말 및 공휴일 8:30~17:00가능/ 안와골절등은 진료 불가",20260924000000,20261001235900,"경기도 고양시 일산동구 동국로 27 (식사동, 동국대학교일산병원)",A2100047,125,자동,차단,안과
2026-10-01 02:30:00,경기도,A2100047,동국대학교일산불교병원,응급,Y000,응급실,[소화기내과] 정규시간 외 이물제거 불가,20260924000000,20261001235900,"경기도 고양시 일산동구 동국로 27 (식사동, 동국대학교일산병원)",A2100047,126,자동,차단,소화기내과
2026-10-01 02:30:00,경기도,A2100047,동국대학교일산불교병원,응급,Y000,응급실,"[소아청소년과, 피부과, 성형외과, 객혈] 응급실 진료 불가",20260924000000,20261001235900,"경기도 고양시 일산동구 동국로 27 (식사동, 동국대학교일산병원)",A2100047,127,자동,차단,소아청소년과
2026-10-01 02:30:00,경기도,A2100048,원광대학교산본병원,중증,Y0051,담낭담관질환(담낭질환),담당 전문의 부재로 응급ERCP 불가,20260930123000,20261005080000,경기도 군포시 산본로 321 (산본동),A2100048,128,자동,차단,외과
2026-10-01 02:30:00,경기도,A2100052,가톨릭대학교부천성모병원,응급,Y000,응급실,불가능메세지등록,20260928000000,20261005000000,"경기도 부천시 원미구 소사로 327, 가톨릭대학교 부천성모병원 (소사동)",A2100052,129,자동,차단,정신건강의학과
2026-10-01 02:30:00,경기도,A2100052,가톨릭대학교부천성모병원,응급,Y000,응급실,소아 평일 주간 진료가능-8세이상의 기저 질환 없는 소아 24시간 응급의학과 진료 가능,20260928000000,20261005000000,"경기도 부천시 원미구 소사로 327, 가톨릭대학교 부천성모병원 (소사동)",A2100052,130,자동,차단,소아청소년과
2026-10-01 02:30:00,경기도,A2100052,가톨릭대학교부천성모병원,응급,Y000,응급실,평일 주간만 가능,20260928000000,20261005000000,"경기도 부천시 원미구 소사로 327, 가톨릭대학교 부천성모병원 (소사동)",A2100052,131,자동,차단,치과
2026-10-01 02:30:00,경기도,A2100052,가톨릭대학교부천성모병원,응급,Y000,응급실,평일 주간만 가능,20260928000000,20261005000000,"경기도 부천시 원미구 소사로 327, 가톨릭대학교 부천성모병원 (소사동)",A2100052,132,자동,차단,피부과
2026-10-01 02:30:00,경기도,A2100055,부천세종병원,응급,Y000,응급실,"스텐트 불가 , 자궁동맥 색전술 불가 .식도색전술 불가",20261001000000,20261008235900,"경기도 부천시 소사구 호현로489번길 28 (소사본동, 세종병원)",A2100055,133,자동,차단,영상의학과
2026-10-01 02:30:00,경기도,A2100055,부천세종병원,응급,Y000,응급실,"절단불가,혈관 신경 손상 & 깊은열상 불가, 힘줄 인대 가능.",20261001000000,20261008235900,"경기도 부천시 소사구 호현로489번길 28 (소사본동, 세종병원)",A2100055,134,자동,차단,정형외과
2026-10-01 02:30:00,경기도,A2100055,부천세종병원,응급,Y000,응급실,"경련 :난치성 뇌전증,뇌전증중첩증 불가",20261001000000,20261008235900,"경기도 부천시 소사구 호현로489번길 28 (소사본동, 세종병원)",A2100055,135,자동,차단,신경과
2026-10-01 02:30:00,경기도,A2100055,부천세종병원,응급,Y000,응급실,"열성경련 단순만가능 복합경련불가, 단순발열만가능 폐렴도 불가능할수 있음. 장중첩증 충수염 불가 24개월 미만 소아 진료불가( 소아경련,이물질흡인,소아내시경,외과 수술 불가)",20261001000000,20261008235900,"경기도 부천시 소사구 호현로489번길 28 (소사본동, 세종병원)",A2100055,136,자동,차단,소아청소년과
2026-10-01 02:30:00,경기도,A2100055,부천세종병원,응급,Y000,응급실,이비인후과 진료불가(의사부재),20261001000000,20261008235900,"경기도 부천시 소사구 호현로489번길 28 (소사본동, 세종병원)",A2100055,137,자동,차단,이비인후과
2026-10-01 02:30:00,경기도,A2100055,부천세종병원,응급,Y000,응급실,천공의심소견 동반시 진료 불가능,20261001000000,20261008235900,"경기도 부천시 소사구 호현로489번길 28 (소사본동, 세종병원)",A2100055,138,자동,차단,소화기내과
2026-10-01 02:30:00,경기도,A2100055,부천세종병원,응급,Y000,응급실,"ERCP 불가 ,대장 천공불가",20261001000000,20261007235900,"경기도 부천시 소사구 호현로489번길 28 (소사본동, 세종병원)",A2100055,139,자동,차단,외과
2026-10-01 02:30:00,경기도,A2118788,중앙대학교광명병원,응급,Y000,응급실,감염내과 - 신환 수용 불가,20260928100000,20261005100000,경기도 광명시 덕안로 110(일직동),A2118788,140,자동,차단,감염내과
2026-10-01 02:30:00,경기도,A2118788,중앙대학교광명병원,응급,Y000,응급실,신경외과 - 주말/공휴일 진료불가,20260928100000,20261005100000,경기도 광명시 덕안로 110(일직동),A2118788,141,자동,차단,신경외과
2026-10-01 02:30:00,경기도,A2118788,중앙대학교광명병원,응급,Y000,응급실,난임시술합병증 진료불가,20260928100000,20261005100000,경기도 광명시 덕안로 110(일직동),A2118788,142,자동,차단,산부인과
2026-10-01 02:30:00,경기도,A2118788,중앙대학교광명병원,응급,Y000,응급실,위장관출혈 Part 전문의 부재로 수용 불가,20260928100000,20261005100000,경기도 광명시 덕안로 110(일직동),A2118788,143,자동,차단,소화기내과
2026-10-01 02:30:00,경기도,A2118788,중앙대학교광명병원,응급,Y000,응급실,"소아청소년과 진료안내 : 월~목요일 17:00~21:30, 토요일,공휴일 : 09:00~17:30, 금요일,일요일 : 진료불가",20260928100000,20261005100000,경기도 광명시 덕안로 110(일직동),A2118788,144,자동,차단,소아청소년과
2026-10-01 02:30:00,인천광역시,A1400001,의료법인 길의료재단 길병원,응급,Y000,응급실,내과 분과별 사정에 따른 중환자실 입실 제한(사전 문의 요망),20260929000000,20261006000000,"인천광역시 남동구 남동대로774번길 21 (구월동, 가천대학교길병원)",A1400001,1,자동,차단,응급실
2026-10-01 02:30:00,인천광역시,A1400001,의료법인 길의료재단 길병원,응급,Y000,응급실,성형외과 안면 단순열상 봉합불가,20260929000000,20261006000000,"인천광역시 남동구 남동대로774번길 21 (구월동, 가천대학교길병원)",A1400001,2,자동,차단,성형외과
2026-10-01 02:30:00,인천광역시,A1400001,의료법인 길의료재단 길병원,응급,Y000,응급실,정신과 폐쇄병동 안정실 상황에 따라 응급입원 제한 전원문의 요망,20260929000000,20261006000000,"인천광역시 남동구 남동대로774번길 21 (구월동, 가천대학교길병원)",A1400001,3,자동,차단,응급실
2026-10-01 02:30:00,인천광역시,A1400001,의료법인 길의료재단 길병원,응급,Y000,응급실,OS 학회로 인한 인력 부족으로 hip part 수용불가,20260928111900,20261001080000,"인천광역시 남동구 남동대로774번길 21 (구월동, 가천대학교길병원)",A1400001,4,자동,차단,정형외과
2026-10-01 02:30:00,인천광역시,A1400002,인하대학교의과대학부속병원,응급,Y000,응급실,치과 응급진료 불가하오니 환자 이송 업무에 참고부탁드립니다.,20260928000000,20261004235900,"인천광역시 제물포구 인항로 27-0 (신흥동3가,인하대학병원)",A1400002,5,자동,차단,치과
2026-10-01 02:30:00,인천광역시,A1400010,검단탑병원,중증,Y0010,심근경색의 재관류중재술,심장내과 전문의 부재,20260929222900,20261006222900,인천광역시 검단구 청마로19번길 5 (당하동),A1400010,6,자동,차단,신경외과
2026-10-01 02:30:00,인천광역시,A1400012,가톨릭대학교 인천성모병원,응급,Y000,응급실,"자해, 자살, 약물중독 환자 : 적극 수용",20260930200100,20261007200000,인천광역시 부평구 동수로 56 (부평동),A1400012,7,자동,차단,응급실
2026-10-01 02:30:00,인천광역시,A1400012,가톨릭대학교 인천성모병원,응급,Y000,응급실,소아청소년과 : 24시간 진료 가능,20260930200100,20261007200000,인천광역시 부평구 동수로 56 (부평동),A1400012,8,자동,차단,응급실
2026-10-01 02:30:00,인천광역시,A1400012,가톨릭대학교 인천성모병원,응급,Y000,응급실,119 : Pre KTAS 1~2 환자 통보(고지) 후 내원,20260930200100,20261007200000,인천광역시 부평구 동수로 56 (부평동),A1400012,9,자동,차단,응급실
2026-10-01 02:30:00,인천광역시,A1400012,가톨릭대학교 인천성모병원,응급,Y000,응급실,얼굴외상 : 24시간 진료 가능,20260930200100,20261007200000,인천광역시 부평구 동수로 56 (부평동),A1400012,10,자동,차단,응급실
2026-10-01 02:30:00,인천광역시,A1400017,인천광역시의료원,중증,Y0060,복부응급수술(비외상),불가능메세지등록,20260928000000,20261005000000,"인천광역시 제물포구 방축로 217 (송림동, 인천광역시 의료원)",A1400017,11,자동,차단,
2026-10-01 02:30:00,인천광역시,A1400017,인천광역시의료원,중증,Y0052,담낭담관질환(담도포함질환),불가능메세지등록,20260928000000,20261005000000,"인천광역시 제물포구 방축로 217 (송림동, 인천광역시 의료원)",A1400017,12,자동,차단,
2026-10-01 02:30:00,인천광역시,A1400017,인천광역시의료원,중증,Y0051,담낭담관질환(담낭질환),불가능메세지등록,20260928000000,20261005000000,"인천광역시 제물포구 방축로 217 (송림동, 인천광역시 의료원)",A1400017,13,자동,차단,
2026-10-01 02:30:00,부산광역시,A1200001,인제대학교부산백병원,응급,Y000,응급실,위장관 응급내시경 (영유아) - 문의 후 수용 여부 결정,20260930200000,20261001080000,"부산광역시 부산진구 복지로 75, 진사로83번길 81, 1층(일부), 3층 (개금동)",A1200001,1,자동,차단,응급실
2026-10-01 02:30:00,부산광역시,A1200001,인제대학교부산백병원,응급,Y000,응급실,8AM ~ 8PM 환자 수용 가능,20260928180000,20261005235900,"부산광역시 부산진구 복지로 75, 진사로83번길 81, 1층(일부), 3층 (개금동)",A1200001,2,자동,차단,성형외과
2026-10-01 02:30:00,부산광역시,A1200001,인제대학교부산백병원,응급,Y000,응급실,저체중 출생아 - 문의 후 수용 여부 결정,20260928180000,20261005235900,"부산광역시 부산진구 복지로 75, 진사로83번길 81, 1층(일부), 3층 (개금동)",A1200001,3,자동,차단,소아청소년과
2026-10-01 02:30:00,부산광역시,A1200001,인제대학교부산백병원,응급,Y000,응급실,"월~목, 주말: f/u 환자 수용 가능, 금요일: 24시간 수용 가능",20260928180000,20261005235900,"부산광역시 부산진구 복지로 75, 진사로83번길 81, 1층(일부), 3층 (개금동)",A1200001,4,자동,차단,비뇨의학과
2026-10-01 02:30:00,부산광역시,A1200001,인제대학교부산백병원,응급,Y000,응급실,f/u 환자 수용 가능 (응급 수술은 이송 전 문의),20260928180000,20261005235900,"부산광역시 부산진구 복지로 75, 진사로83번길 81, 1층(일부), 3층 (개금동)",A1200001,5,자동,차단,외과
2026-10-01 02:30:00,부산광역시,A1200001,인제대학교부산백병원,응급,Y000,응급실,입원치료가 필요한 중증 소아환자 진료 제한,20260928180000,20261005235900,"부산광역시 부산진구 복지로 75, 진사로83번길 81, 1층(일부), 3층 (개금동)",A1200001,6,자동,차단,소아청소년과
2026-10-01 02:30:00,부산광역시,A1200001,인제대학교부산백병원,응급,Y000,응급실,"이비인후과: 24시간 수용 가능 (epiglottitis, laryngeal edema, deep neck infection, OP case는 문의 후 수용 여부 결정)",20260928180000,20261005235900,"부산광역시 부산진구 복지로 75, 진사로83번길 81, 1층(일부), 3층 (개금동)",A1200001,7,자동,차단,응급실
2026-10-01 02:30:00,부산광역시,A1200002,부산대학교병원,응급,Y000,응급실,[류마티스내과] 진료인력이 1명인 관계로 F/U 환자만 진료/입원가능. 출장 등으로 류마티스내과 전문의가 부재한 경우 F/U환자 진료/입원도 제한될 수 있음,20261001000000,20261008000000,부산광역시 서구 구덕로 179 (아미동1가),A1200002,8,자동,차단,류마티스내과
2026-10-01 02:30:00,부산광역시,A1200002,부산대학교병원,응급,Y000,응급실,성형안과파트 담당전문의 부재로 진료와 수술이 불가합니다,20261001000000,20261008235900,부산광역시 서구 구덕로 179 (아미동1가),A1200002,9,자동,차단,안과
2026-10-01 02:30:00,부산광역시,A1200002,부산대학교병원,응급,Y000,응급실,[이비인후과]두경부 전문의 당직 부재로 수술 케이스 진료 불가,20260930180000,20261001070000,부산광역시 서구 구덕로 179 (아미동1가),A1200002,10,자동,차단,이비인후과
2026-10-01 02:30:00,부산광역시,A1200002,부산대학교병원,응급,Y000,응급실,"[정형외과] 외상으로 인한 상지 혈관 손상, 미세수술이 필요한 수술을 월,수,금(08시~익일08시) 사전 문의 후 진료, 의외의 요일에는 수용 불가",20260930000000,20261006235900,부산광역시 서구 구덕로 179 (아미동1가),A1200002,11,자동,차단,정형외과
2026-10-01 02:30:00,부산광역시,A1200002,부산대학교병원,응급,Y000,응급실,"[정신건강의학과]소아청소년과 세부 전문의 부재로 인해 소아, 청소년 진료 불가",20260930000000,20261007000000,부산광역시 서구 구덕로 179 (아미동1가),A1200002,12,자동,차단,정신건강의학과
2026-10-01 02:30:00,부산광역시,A1200002,부산대학교병원,응급,Y000,응급실,[정형외과]소아파트 전문의 인력부재 진료불가,20260929182600,20261005070000,부산광역시 서구 구덕로 179 (아미동1가),A1200002,13,자동,차단,정형외과
2026-10-01 02:30:00,부산광역시,A1200002,부산대학교병원,응급,Y000,응급실,"[성형외과] 소아 진정시, 필수적인 모니터링 및 응급대응 지원이 불가하여, 진정이 필요한 소아 열상봉합진료가 제한됩니다.",20260929000000,20261006000000,부산광역시 서구 구덕로 179 (아미동1가),A1200002,14,자동,차단,성형외과
2026-10-01 02:30:00,부산광역시,A1200002,부산대학교병원,응급,Y000,응급실,"[소아청소년과] 월-목 주간 (8am-4pm) 신환, F/U 문의 후 결정. 월-목 야간 (4pm-익일 8am) F/U 환자만 진료 가능하며 문의 후 결정. (금 am8-월 am8) F/U 포함 모든 환자 진료 불가.",20260929000000,20261006000000,부산광역시 서구 구덕로 179 (아미동1가),A1200002,15,자동,차단,소아청소년과
2026-10-01 02:30:00,부산광역시,A1200002,부산대학교병원,응급,Y000,응급실,"[외과] 진료 인력 부족으로 상의되지 않은 신환 진료는 문의 필요, 혈관파트 전원 문의 필요, f/u 환자 진료 가능",20260929000000,20261005235900,부산광역시 서구 구덕로 179 (아미동1가),A1200002,16,자동,차단,외과
2026-10-01 02:30:00,부산광역시,A1200002,부산대학교병원,응급,Y000,응급실,"[소화기내과] 진료인력 부족으로 신환은 의료진 상의 후 가능 (단, 야간 21:00-익일 7:00 불가), f/u 환자 진료 가능",20260928073000,20261005073000,부산광역시 서구 구덕로 179 (아미동1가),A1200002,17,자동,차단,소화기내과
2026-10-01 02:30:00,부산광역시,A1200002,부산대학교병원,응급,Y000,응급실,[재활의학과] f/u 환자만 진료 가능합니다,20260928000000,20261004235900,부산광역시 서구 구덕로 179 (아미동1가),A1200002,18,자동,차단,재활의학과
2026-10-01 02:30:00,부산광역시,A1200002,부산대학교병원,응급,Y000,응급실,"[신경과] 평일 주간(08:00~21:00)은 신환 진료 가능, 평일 야간(21:00~익일08:00), 주말, 공휴일은 f/u 환자만 진료가능합니다",20260928000000,20261004235900,부산광역시 서구 구덕로 179 (아미동1가),A1200002,19,자동,차단,신경과
2026-10-01 02:30:00,부산광역시,A1200002,부산대학교병원,응급,Y000,응급실,"[소아청소년과]소아 소화기, 신장, 혈액종양, 류마티스 전문의 부재로 진료 불가",20260928000000,20261004235900,부산광역시 서구 구덕로 179 (아미동1가),A1200002,20,자동,차단,소아청소년과
2026-10-01 02:30:00,부산광역시,A1200002,부산대학교병원,응급,Y000,응급실,[소아청소년과]의료진 인력 부족으로 소아신경파트 신환 진료 불가,20260928000000,20261004235900,부산광역시 서구 구덕로 179 (아미동1가),A1200002,21,자동,차단,소아청소년과
2026-10-01 02:30:00,부산광역시,A1200002,부산대학교병원,응급,Y000,응급실,[산부인과]신생아 중환자실 부족으로 임산부 문의 후 수용여부결정,20260928000000,20261005000000,부산광역시 서구 구덕로 179 (아미동1가),A1200002,22,자동,차단,병상 또는 장비
2026-10-01 02:30:00,부산광역시,A1200002,부산대학교병원,응급,Y000,응급실,"[혈액종양내과] 의료진 인력 부족으로 신환 수용 불가, FU 환자 가능",20260928000000,20261004235900,부산광역시 서구 구덕로 179 (아미동1가),A1200002,23,자동,차단,혈액·종양내과
2026-10-01 02:30:00,부산광역시,A1200002,부산대학교병원,중증,Y0070,장중첩/폐색(유아),소아 소화기 전문의 부재로 소아 장중첩 및 장폐색 진료 불가,20260927000000,20261004000000,부산광역시 서구 구덕로 179 (아미동1가),A1200002,24,자동,차단,소아청소년과
2026-10-01 02:30:00,부산광역시,A1200002,부산대학교병원,응급,Y000,응급실,[성형외과] 수부 전문의 당직 인력 부족으로 수부 외상 응급진료가 제한됩니다.,20260927000000,20261004000000,부산광역시 서구 구덕로 179 (아미동1가),A1200002,25,자동,차단,성형외과
2026-10-01 02:30:00,부산광역시,A1200002,부산대학교병원,응급,Y000,응급실,[피부과] 평일 및 주말 피부과 진료시간 08:00~22:00로 조정,20260925000000,20261002000000,부산광역시 서구 구덕로 179 (아미동1가),A1200002,26,자동,차단,피부과
2026-10-01 02:30:00,부산광역시,A1200002,부산대학교병원,응급,Y000,응급실,[정형외과]정형외과 혈관파트 의료진과 사전 협의 후 내원,20260925000000,20261001235900,부산광역시 서구 구덕로 179 (아미동1가),A1200002,27,자동,차단,정형외과
2026-10-01 02:30:00,부산광역시,A1200003,동아대학교병원,응급,Y000,응급실,OL 두경부 파트 진료불가합니다.,20260928170300,20261004090000,부산광역시 서구 대신공원로 26 (동대신동3가),A1200003,28,자동,차단,이비인후과
2026-10-01 02:30:00,부산광역시,A1200003,동아대학교병원,응급,Y000,응급실,의료진 부족으로 상지파트 진료 및 수술 불가합니다.,20260928000000,20261003060000,부산광역시 서구 대신공원로 26 (동대신동3가),A1200003,29,자동,차단,정형외과
2026-10-01 02:30:00,부산광역시,A1200003,동아대학교병원,응급,Y000,응급실,TTM 사용중으로 적응증 환자 수용 불가합니다.,20260926080700,20261003000000,부산광역시 서구 대신공원로 26 (동대신동3가),A1200003,30,자동,차단,병상 또는 장비
2026-10-01 02:30:00,부산광역시,A1200003,동아대학교병원,응급,Y000,응급실,"[소아청소년과] 평일 17시~익일 08시, 휴일 종일 f/u 포함 진료 불가 합니다. (이송 전 문의 바랍니다.)",20260926002400,20261002235900,부산광역시 서구 대신공원로 26 (동대신동3가),A1200003,31,자동,차단,소아청소년과
2026-10-01 02:30:00,부산광역시,A1200003,동아대학교병원,중증,Y0041,대동맥응급(흉부),대동맥 파트 진료 및 수술 불가합니다.,20260925000000,20261002000000,부산광역시 서구 대신공원로 26 (동대신동3가),A1200003,32,자동,차단,
2026-10-01 02:30:00,부산광역시,A1200003,동아대학교병원,중증,Y0042,대동맥응급(복부),대동맥 파트 진료 및 수술 불가합니다.,20260925000000,20261002000000,부산광역시 서구 대신공원로 26 (동대신동3가),A1200003,33,자동,차단,
2026-10-01 02:30:00,부산광역시,A1200003,동아대학교병원,중증,Y0051,담낭담관질환(담낭질환),biliary part 신환 수용 불가합니다.,20260925000000,20261002000000,부산광역시 서구 대신공원로 26 (동대신동3가),A1200003,34,자동,차단,
2026-10-01 02:30:00,부산광역시,A1200003,동아대학교병원,중증,Y0052,담낭담관질환(담도포함질환),biliary part 신환 수용 불가합니다.,20260925000000,20261002000000,부산광역시 서구 대신공원로 26 (동대신동3가),A1200003,35,자동,차단,
2026-10-01 02:30:00,부산광역시,A1200003,동아대학교병원,중증,Y0171,영상의학혈관중재(성인),"두경부, 뇌혈관제외 모든 응급 시술 불가 합니다.",20260925000000,20261002000000,부산광역시 서구 대신공원로 26 (동대신동3가),A1200003,36,자동,차단,
2026-10-01 02:30:00,부산광역시,A1200003,동아대학교병원,중증,Y0172,영상의학혈관중재(영유아),"두경부, 뇌혈관제외 모든 응급 시술 불가 합니다.",20260925000000,20261002000000,부산광역시 서구 대신공원로 26 (동대신동3가),A1200003,37,자동,차단,
2026-10-01 02:30:00,부산광역시,A1200003,동아대학교병원,중증,Y0091,기관지 응급내시경(성인),"의료진 부재로 성인,소아 응급 내시경 불가 합니다.",20260925000000,20261002000000,부산광역시 서구 대신공원로 26 (동대신동3가),A1200003,38,자동,차단,
2026-10-01 02:30:00,부산광역시,A1200003,동아대학교병원,중증,Y0070,장중첩/폐색(유아),소아 위장관 응급내시경 불가합니다.,20260925000000,20261002000000,부산광역시 서구 대신공원로 26 (동대신동3가),A1200003,39,자동,차단,
2026-10-01 02:30:00,부산광역시,A1200004,고신대학교복음병원,응급,Y000,응급실,[소아청소년과] 월~목 응급실 소아과 전문의 상주(월/수는 야간진료 가능하나 요일 별 근무시간 상이하여 사전 문의 필요),20260928100000,20261005095900,부산광역시 서구 감천로 262 (암남동),A1200004,40,자동,차단,응급실
2026-10-01 02:30:00,부산광역시,A1200005,의료법인 은성의료재단 좋은삼선병원,응급,Y000,응급실,"36개월 미만 진료 불가, 소아경련(발열경련 포함), 소아외상, 화상, 심장, 신경 진료 불가합니다.",20260928090000,20261005090000,"부산광역시 사상구 가야대로 326, 좋은삼선병원 (주례동)",A1200005,41,자동,차단,소아청소년과
2026-10-01 02:30:00,부산광역시,A1200005,의료법인 은성의료재단 좋은삼선병원,응급,Y000,응급실,불가능메세지등록,20260928090000,20261005090000,"부산광역시 사상구 가야대로 326, 좋은삼선병원 (주례동)",A1200005,42,자동,차단,안과
2026-10-01 02:30:00,부산광역시,A1200005,의료법인 은성의료재단 좋은삼선병원,응급,Y000,응급실,불가능메세지등록,20260928090000,20261005090000,"부산광역시 사상구 가야대로 326, 좋은삼선병원 (주례동)",A1200005,43,자동,차단,정신건강의학과
2026-10-01 02:30:00,부산광역시,A1200005,의료법인 은성의료재단 좋은삼선병원,응급,Y000,응급실,평일 야간 및 주말 진료 불가합니다.,20260928090000,20261005090000,"부산광역시 사상구 가야대로 326, 좋은삼선병원 (주례동)",A1200005,44,자동,차단,정신건강의학과
2026-10-01 02:30:00,부산광역시,A1200005,의료법인 은성의료재단 좋은삼선병원,응급,Y000,응급실,치아외상 불가합니다.,20260928090000,20261005090000,"부산광역시 사상구 가야대로 326, 좋은삼선병원 (주례동)",A1200005,45,자동,차단,치과
2026-10-01 02:30:00,부산광역시,A1200005,의료법인 은성의료재단 좋은삼선병원,응급,Y000,응급실,불가능메세지등록,20260928090000,20261005090000,"부산광역시 사상구 가야대로 326, 좋은삼선병원 (주례동)",A1200005,46,자동,차단,외상외과
2026-10-01 02:30:00,부산광역시,A1200005,의료법인 은성의료재단 좋은삼선병원,응급,Y000,응급실,불가능메세지등록,20260928090000,20261005090000,"부산광역시 사상구 가야대로 326, 좋은삼선병원 (주례동)",A1200005,47,자동,차단,성형외과
2026-10-01 02:30:00,부산광역시,A1200005,의료법인 은성의료재단 좋은삼선병원,응급,Y000,응급실,[산과]불가합니다.,20260928090000,20261005090000,"부산광역시 사상구 가야대로 326, 좋은삼선병원 (주례동)",A1200005,48,자동,차단,산부인과
2026-10-01 02:30:00,부산광역시,A1200005,의료법인 은성의료재단 좋은삼선병원,응급,Y000,응급실,평일 야간 및 주말 진료 불가합니다.,20260928090000,20261005090000,"부산광역시 사상구 가야대로 326, 좋은삼선병원 (주례동)",A1200005,49,자동,차단,비뇨의학과
2026-10-01 02:30:00,부산광역시,A1200005,의료법인 은성의료재단 좋은삼선병원,응급,Y000,응급실,불가능메세지등록,20260928090000,20261005090000,"부산광역시 사상구 가야대로 326, 좋은삼선병원 (주례동)",A1200005,50,자동,차단,흉부외과
2026-10-01 02:30:00,부산광역시,A1200005,의료법인 은성의료재단 좋은삼선병원,응급,Y000,응급실,평일 야간 및 주말 진료 불가합니다.,20260928090000,20261005090000,"부산광역시 사상구 가야대로 326, 좋은삼선병원 (주례동)",A1200005,51,자동,차단,이비인후과
2026-10-01 02:30:00,부산광역시,A1200005,의료법인 은성의료재단 좋은삼선병원,응급,Y000,응급실,평일 야간 및 주말 진료 불가합니다.,20260928090000,20261005090000,"부산광역시 사상구 가야대로 326, 좋은삼선병원 (주례동)",A1200005,52,자동,차단,치과
2026-10-01 02:30:00,부산광역시,A1200013,부산성모병원(재단법인 천주교부산교구유지재단),응급,Y000,응급실,ENT 진료 불가능합니다.,20260929010000,20261002080000,부산광역시 남구 용호로232번길 25-14 (용호동),A1200013,53,자동,차단,이비인후과
2026-10-01 02:30:00,부산광역시,A1200015,동남권원자력의학원,응급,Y000,응급실,환자 이송 전 문의 바랍니다.,20260928083100,20261005083000,부산광역시 기장군 장안읍 좌동길 40,A1200015,54,자동,차단,응급실
2026-10-01 02:30:00,부산광역시,A1200016,한국보훈복지의료공단 부산보훈병원,중증,Y0160,안과적 응급 수술,불가능메세지등록,20261001004000,20261008000000,부산광역시 사상구 백양대로 420 (주례동),A1200016,55,자동,차단,
2026-10-01 02:30:00,부산광역시,A1200016,한국보훈복지의료공단 부산보훈병원,중증,Y0041,대동맥응급(흉부),불가능메세지등록,20261001004000,20261008000000,부산광역시 사상구 백양대로 420 (주례동),A1200016,56,자동,차단,
2026-10-01 02:30:00,부산광역시,A1200016,한국보훈복지의료공단 부산보훈병원,응급,Y000,응급실,불가능메세지등록,20261001004000,20261008000000,부산광역시 사상구 백양대로 420 (주례동),A1200016,57,자동,차단,외상외과
2026-10-01 02:30:00,부산광역시,A1200016,한국보훈복지의료공단 부산보훈병원,응급,Y000,응급실,불가능메세지등록,20261001004000,20261008000000,부산광역시 사상구 백양대로 420 (주례동),A1200016,58,자동,차단,치과
2026-10-01 02:30:00,부산광역시,A1200016,한국보훈복지의료공단 부산보훈병원,응급,Y000,응급실,불가능메세지등록,20261001004000,20261008000000,부산광역시 사상구 백양대로 420 (주례동),A1200016,59,자동,차단,정신건강의학과
2026-10-01 02:30:00,부산광역시,A1200016,한국보훈복지의료공단 부산보훈병원,중증,Y0172,영상의학혈관중재(영유아),불가능메세지등록,20261001004000,20261008000000,부산광역시 사상구 백양대로 420 (주례동),A1200016,60,자동,차단,
2026-10-01 02:30:00,부산광역시,A1200016,한국보훈복지의료공단 부산보훈병원,응급,Y000,응급실,불가능메세지등록,20261001004000,20261008000000,부산광역시 사상구 백양대로 420 (주례동),A1200016,61,자동,차단,안과
2026-10-01 02:30:00,부산광역시,A1200016,한국보훈복지의료공단 부산보훈병원,응급,Y000,응급실,불가능메세지등록,20261001004000,20261008000000,부산광역시 사상구 백양대로 420 (주례동),A1200016,62,자동,차단,이비인후과
2026-10-01 02:30:00,부산광역시,A1200016,한국보훈복지의료공단 부산보훈병원,중증,Y0171,영상의학혈관중재(성인),불가능메세지등록,20261001004000,20261008000000,부산광역시 사상구 백양대로 420 (주례동),A1200016,63,자동,차단,
2026-10-01 02:30:00,부산광역시,A1200016,한국보훈복지의료공단 부산보훈병원,중증,Y0142,응급투석(CRRT),불가능메세지등록,20261001004000,20261008000000,부산광역시 사상구 백양대로 420 (주례동),A1200016,64,자동,차단,
2026-10-01 02:30:00,부산광역시,A1200016,한국보훈복지의료공단 부산보훈병원,응급,Y000,응급실,불가능메세지등록,20261001004000,20261008000000,부산광역시 사상구 백양대로 420 (주례동),A1200016,65,자동,차단,피부과
2026-10-01 02:30:00,부산광역시,A1200016,한국보훈복지의료공단 부산보훈병원,중증,Y0060,복부응급수술(비외상),불가능메세지등록,20261001004000,20261008000000,부산광역시 사상구 백양대로 420 (주례동),A1200016,66,자동,차단,
2026-10-01 02:30:00,부산광역시,A1200016,한국보훈복지의료공단 부산보훈병원,중증,Y0032,뇌출혈수술(거미막하 출혈 외),불가능메세지등록,20261001004000,20261008000000,부산광역시 사상구 백양대로 420 (주례동),A1200016,67,자동,차단,
2026-10-01 02:30:00,부산광역시,A1200016,한국보훈복지의료공단 부산보훈병원,중증,Y0031,뇌출혈수술(거미막하 출혈),불가능메세지등록,20261001004000,20261008000000,부산광역시 사상구 백양대로 420 (주례동),A1200016,68,자동,차단,
2026-10-01 02:30:00,부산광역시,A1200016,한국보훈복지의료공단 부산보훈병원,중증,Y0051,담낭담관질환(담낭질환),불가능메세지등록,20261001004000,20261008000000,부산광역시 사상구 백양대로 420 (주례동),A1200016,69,자동,차단,
2026-10-01 02:30:00,부산광역시,A1200016,한국보훈복지의료공단 부산보훈병원,중증,Y0113,산부인과 응급(부인과수술),불가능메세지등록,20261001004000,20261008000000,부산광역시 사상구 백양대로 420 (주례동),A1200016,70,자동,차단,
2026-10-01 02:30:00,부산광역시,A1200016,한국보훈복지의료공단 부산보훈병원,중증,Y0112,산부인과 응급(산과수술),불가능메세지등록,20261001004000,20261008000000,부산광역시 사상구 백양대로 420 (주례동),A1200016,71,자동,차단,
2026-10-01 02:30:00,부산광역시,A1200016,한국보훈복지의료공단 부산보훈병원,중증,Y0111,산부인과 응급(분만),불가능메세지등록,20261001004000,20261008000000,부산광역시 사상구 백양대로 420 (주례동),A1200016,72,자동,차단,
2026-10-01 02:30:00,부산광역시,A1200016,한국보훈복지의료공단 부산보훈병원,중증,Y0120,중증화상,불가능메세지등록,20261001004000,20261008000000,부산광역시 사상구 백양대로 420 (주례동),A1200016,73,자동,차단,
2026-10-01 02:30:00,부산광역시,A1200016,한국보훈복지의료공단 부산보훈병원,중증,Y0082,위장관 응급내시경(영유아),불가능메세지등록,20261001004000,20261008000000,부산광역시 사상구 백양대로 420 (주례동),A1200016,74,자동,차단,
2026-10-01 02:30:00,부산광역시,A1200016,한국보훈복지의료공단 부산보훈병원,중증,Y0092,기관지 응급내시경(영유아),불가능메세지등록,20261001004000,20261008000000,부산광역시 사상구 백양대로 420 (주례동),A1200016,75,자동,차단,
2026-10-01 02:30:00,부산광역시,A1200016,한국보훈복지의료공단 부산보훈병원,중증,Y0141,응급투석(HD),불가능메세지등록,20261001004000,20261008000000,부산광역시 사상구 백양대로 420 (주례동),A1200016,76,자동,차단,
2026-10-01 02:30:00,부산광역시,A1200016,한국보훈복지의료공단 부산보훈병원,중증,Y0150,정신과적 응급입원,불가능메세지등록,20261001004000,20261008000000,부산광역시 사상구 백양대로 420 (주례동),A1200016,77,자동,차단,
2026-10-01 02:30:00,부산광역시,A1200016,한국보훈복지의료공단 부산보훈병원,중증,Y0042,대동맥응급(복부),불가능메세지등록,20261001004000,20261008000000,부산광역시 사상구 백양대로 420 (주례동),A1200016,78,자동,차단,
2026-10-01 02:30:00,부산광역시,A1200016,한국보훈복지의료공단 부산보훈병원,중증,Y0020,뇌경색의 재관류중재술,불가능메세지등록,20261001004000,20261008000000,부산광역시 사상구 백양대로 420 (주례동),A1200016,79,자동,차단,
2026-10-01 02:30:00,부산광역시,A1200016,한국보훈복지의료공단 부산보훈병원,중증,Y0052,담낭담관질환(담도포함질환),불가능메세지등록,20261001004000,20261008000000,부산광역시 사상구 백양대로 420 (주례동),A1200016,80,자동,차단,
2026-10-01 02:30:00,부산광역시,A1200016,한국보훈복지의료공단 부산보훈병원,중증,Y0100,저출생체중아,불가능메세지등록,20261001004000,20261008000000,부산광역시 사상구 백양대로 420 (주례동),A1200016,81,자동,차단,
2026-10-01 02:30:00,부산광역시,A1200016,한국보훈복지의료공단 부산보훈병원,중증,Y0131,수족지접합,불가능메세지등록,20261001004000,20261008000000,부산광역시 사상구 백양대로 420 (주례동),A1200016,82,자동,차단,
2026-10-01 02:30:00,부산광역시,A1200016,한국보훈복지의료공단 부산보훈병원,중증,Y0132,수족지접합 외,불가능메세지등록,20261001004000,20261008000000,부산광역시 사상구 백양대로 420 (주례동),A1200016,83,자동,차단,
2026-10-01 02:30:00,부산광역시,A1200016,한국보훈복지의료공단 부산보훈병원,중증,Y0070,장중첩/폐색(유아),불가능메세지등록,20261001004000,20261008000000,부산광역시 사상구 백양대로 420 (주례동),A1200016,84,자동,차단,
2026-10-01 02:30:00,부산광역시,A1200016,한국보훈복지의료공단 부산보훈병원,응급,Y000,응급실,야간불가,20261001001500,20261008000000,부산광역시 사상구 백양대로 420 (주례동),A1200016,85,자동,차단,신경과
2026-10-01 02:30:00,부산광역시,A1200016,한국보훈복지의료공단 부산보훈병원,응급,Y000,응급실,불가능메세지등록,20261001001500,20261008000000,부산광역시 사상구 백양대로 420 (주례동),A1200016,86,자동,차단,혈액·종양내과
2026-10-01 02:30:00,부산광역시,A1200016,한국보훈복지의료공단 부산보훈병원,응급,Y000,응급실,불가능메세지등록,20261001001500,20261008000000,부산광역시 사상구 백양대로 420 (주례동),A1200016,87,자동,차단,성형외과
2026-10-01 02:30:00,부산광역시,A1200016,한국보훈복지의료공단 부산보훈병원,응급,Y000,응급실,불가능메세지등록,20261001001500,20261008000000,부산광역시 사상구 백양대로 420 (주례동),A1200016,88,자동,차단,흉부외과
2026-10-01 02:30:00,부산광역시,A1200016,한국보훈복지의료공단 부산보훈병원,응급,Y000,응급실,불가능메세지등록,20261001001500,20261008000000,부산광역시 사상구 백양대로 420 (주례동),A1200016,89,자동,차단,감염내과
2026-10-01 02:30:00,부산광역시,A1200016,한국보훈복지의료공단 부산보훈병원,응급,Y000,응급실,야간진료 제한 있음,20261001001500,20261008000000,부산광역시 사상구 백양대로 420 (주례동),A1200016,90,자동,차단,호흡기내과
2026-10-01 02:30:00,부산광역시,A1200016,한국보훈복지의료공단 부산보훈병원,응급,Y000,응급실,불가능메세지등록,20261001001500,20261008000000,부산광역시 사상구 백양대로 420 (주례동),A1200016,91,자동,차단,류마티스내과
2026-10-01 02:30:00,부산광역시,A1200016,한국보훈복지의료공단 부산보훈병원,응급,Y000,응급실,불가능메세지등록,20261001001500,20261008000000,부산광역시 사상구 백양대로 420 (주례동),A1200016,92,자동,차단,소아청소년과
2026-10-01 02:30:00,부산광역시,A1200016,한국보훈복지의료공단 부산보훈병원,응급,Y000,응급실,불가능메세지등록,20261001001500,20261008000000,부산광역시 사상구 백양대로 420 (주례동),A1200016,93,자동,차단,산부인과
2026-10-01 02:30:00,부산광역시,A1200017,의료법인정화의료재단 봉생기념병원,중증,Y0051,담낭담관질환(담낭질환),불가능메세지등록,20260927054000,20261004000000,"부산광역시 동구 중앙대로 401 (좌천동, 봉생병원)",A1200017,94,자동,차단,내과
2026-10-01 02:30:00,부산광역시,A1200017,의료법인정화의료재단 봉생기념병원,응급,Y000,응급실,DI 환자 수용어렵습니다. 본원 NP DI 환자 문의 후 수용,20260927054000,20261004235900,"부산광역시 동구 중앙대로 401 (좌천동, 봉생병원)",A1200017,95,자동,차단,소화기내과
2026-10-01 02:30:00,부산광역시,A1200017,의료법인정화의료재단 봉생기념병원,응급,Y000,응급실,"소아 경련 환자 진료 불가, 소아 내/외과 환자 진료 불가",20260927054000,20261004235900,"부산광역시 동구 중앙대로 401 (좌천동, 봉생병원)",A1200017,96,자동,차단,소아청소년과
2026-10-01 02:30:00,부산광역시,A1200017,의료법인정화의료재단 봉생기념병원,응급,Y000,응급실,모든 환자 이송 전 반드시 문의 바랍니다.,20260927054000,20261004235900,"부산광역시 동구 중앙대로 401 (좌천동, 봉생병원)",A1200017,97,자동,차단,응급실
2026-10-01 02:30:00,부산광역시,A1200017,의료법인정화의료재단 봉생기념병원,응급,Y000,응급실,"주말, 야간 OBGY 진료 및 수술 어렵습니다",20260927054000,20261004235900,"부산광역시 동구 중앙대로 401 (좌천동, 봉생병원)",A1200017,98,자동,차단,산부인과
2026-10-01 02:30:00,부산광역시,A1200017,의료법인정화의료재단 봉생기념병원,중증,Y0052,담낭담관질환(담도포함질환),불가능메세지등록,20260927054000,20261004000000,"부산광역시 동구 중앙대로 401 (좌천동, 봉생병원)",A1200017,99,자동,차단,내과
2026-10-01 02:30:00,부산광역시,A1200017,의료법인정화의료재단 봉생기념병원,응급,Y000,응급실,"평일 5pm~9AM, 주말 응급내시경 불가합니다.",20260927054000,20261004235900,"부산광역시 동구 중앙대로 401 (좌천동, 봉생병원)",A1200017,100,자동,차단,소화기내과
2026-10-01 02:30:00,부산광역시,A1200018,대동병원,응급,Y000,응급실,,20260930230000,20261001080000,부산광역시 동래구 충렬대로 187 (명륜동),A1200018,101,자동,차단,산부인과
2026-10-01 02:30:00,부산광역시,A1200018,대동병원,응급,Y000,응급실,119 환자 이송 전 연락 바랍니다.,20260925000000,20261002235900,부산광역시 동래구 충렬대로 187 (명륜동),A1200018,102,자동,차단,응급실
2026-10-01 02:30:00,부산광역시,A1200018,대동병원,응급,Y000,응급실,18시- 09시 이송전 사전문의,20260925000000,20261002235900,부산광역시 동래구 충렬대로 187 (명륜동),A1200018,103,자동,차단,소아청소년과
2026-10-01 02:30:00,부산광역시,A1200018,대동병원,응급,Y000,응급실,환자과다로 f/u 환자 외 적응증 및 시술 환자 수용불가,20260925000000,20261002235900,부산광역시 동래구 충렬대로 187 (명륜동),A1200018,104,자동,차단,호흡기내과
2026-10-01 02:30:00,부산광역시,A1200021,삼육부산병원,중증,Y0041,대동맥응급(흉부),angio 시술팀 부재로 외래시간(09:00~18:00)외 수용불가,20260930180000,20261001090000,부산광역시 서구 대티로 170 (서대신동2가),A1200021,105,자동,차단,
2026-10-01 02:30:00,부산광역시,A1200021,삼육부산병원,중증,Y0010,심근경색의 재관류중재술,angio 시술팀 부재로 외래시간(09:00~18:00)외 수용불가,20260930180000,20261001090000,부산광역시 서구 대티로 170 (서대신동2가),A1200021,106,자동,차단,
2026-10-01 02:30:00,부산광역시,A1200021,삼육부산병원,중증,Y0020,뇌경색의 재관류중재술,angio 시술팀 부재로 외래시간(09:00~18:00)외 수용불가,20260930180000,20261001090000,부산광역시 서구 대티로 170 (서대신동2가),A1200021,107,자동,차단,
2026-10-01 02:30:00,부산광역시,A1200021,삼육부산병원,중증,Y0042,대동맥응급(복부),angio 시술팀 부재로 외래시간(09:00~18:00)외 수용불가,20260930180000,20261001090000,부산광역시 서구 대티로 170 (서대신동2가),A1200021,108,자동,차단,
2026-10-01 02:30:00,부산광역시,A1200022,인제대학교 해운대백병원,응급,Y000,응급실,"소아내시경 만 12세 (40kg) 이상 , 뇌염, 복합경련은 응급실진료 가능, 입원 어려움, 100일 미만 발열 소아 응급실 진료 가능, 중환아 일 경우 입원 불가능",20260926000000,20261003235900,부산광역시 해운대구 해운대로 875 (좌동),A1200022,109,자동,차단,소아청소년과
2026-10-01 02:30:00,부산광역시,A1200022,인제대학교 해운대백병원,응급,Y000,응급실,대동맥 박리 case 진료 불가,20260926000000,20261003235900,부산광역시 해운대구 해운대로 875 (좌동),A1200022,110,자동,차단,흉부외과
2026-10-01 02:30:00,부산광역시,A1200022,인제대학교 해운대백병원,응급,Y000,응급실,이송전 사전연락,20260926000000,20261003235900,부산광역시 해운대구 해운대로 875 (좌동),A1200022,111,자동,차단,정형외과
2026-10-01 02:30:00,부산광역시,A1200022,인제대학교 해운대백병원,응급,Y000,응급실,응급실 진료불가,20260926000000,20261003235900,부산광역시 해운대구 해운대로 875 (좌동),A1200022,112,자동,차단,성형외과
2026-10-01 02:30:00,부산광역시,A1200024,부산광역시의료원,중증,Y0131,수족지접합,불가능메세지등록,20260928080000,20261005075900,"부산광역시 연제구 월드컵대로 359 (거제동, 1동, 5동일부)",A1200024,113,자동,차단,
2026-10-01 02:30:00,부산광역시,A1200024,부산광역시의료원,중증,Y0150,정신과적 응급입원,불가능메세지등록,20260928080000,20261005075900,"부산광역시 연제구 월드컵대로 359 (거제동, 1동, 5동일부)",A1200024,114,자동,차단,
2026-10-01 02:30:00,부산광역시,A1200024,부산광역시의료원,중증,Y0120,중증화상,불가능메세지등록,20260928080000,20261005075900,"부산광역시 연제구 월드컵대로 359 (거제동, 1동, 5동일부)",A1200024,115,자동,차단,
2026-10-01 02:30:00,부산광역시,A1200024,부산광역시의료원,중증,Y0020,뇌경색의 재관류중재술,불가능메세지등록,20260928080000,20261005075900,"부산광역시 연제구 월드컵대로 359 (거제동, 1동, 5동일부)",A1200024,116,자동,차단,신경외과
2026-10-01 02:30:00,부산광역시,A1200024,부산광역시의료원,중증,Y0032,뇌출혈수술(거미막하 출혈 외),불가능메세지등록,20260928080000,20261005075900,"부산광역시 연제구 월드컵대로 359 (거제동, 1동, 5동일부)",A1200024,117,자동,차단,신경외과
2026-10-01 02:30:00,부산광역시,A1200024,부산광역시의료원,중증,Y0042,대동맥응급(복부),불가능메세지등록,20260928080000,20261005075900,"부산광역시 연제구 월드컵대로 359 (거제동, 1동, 5동일부)",A1200024,118,자동,차단,
2026-10-01 02:30:00,부산광역시,A1200024,부산광역시의료원,중증,Y0041,대동맥응급(흉부),불가능메세지등록,20260928080000,20261005075900,"부산광역시 연제구 월드컵대로 359 (거제동, 1동, 5동일부)",A1200024,119,자동,차단,
2026-10-01 02:30:00,부산광역시,A1200024,부산광역시의료원,중증,Y0113,산부인과 응급(부인과수술),불가능메세지등록,20260928080000,20261005075900,"부산광역시 연제구 월드컵대로 359 (거제동, 1동, 5동일부)",A1200024,120,자동,차단,
2026-10-01 02:30:00,부산광역시,A1200024,부산광역시의료원,중증,Y0171,영상의학혈관중재(성인),평일 주간시간 가능,20260928080000,20261005075900,"부산광역시 연제구 월드컵대로 359 (거제동, 1동, 5동일부)",A1200024,121,자동,차단,
2026-10-01 02:30:00,부산광역시,A1200024,부산광역시의료원,중증,Y0141,응급투석(HD),불가능메세지등록,20260928080000,20261005075900,"부산광역시 연제구 월드컵대로 359 (거제동, 1동, 5동일부)",A1200024,122,자동,차단,
2026-10-01 02:30:00,부산광역시,A1200024,부산광역시의료원,중증,Y0091,기관지 응급내시경(성인),불가능메세지등록,20260928080000,20261005075900,"부산광역시 연제구 월드컵대로 359 (거제동, 1동, 5동일부)",A1200024,123,자동,차단,
2026-10-01 02:30:00,부산광역시,A1200024,부산광역시의료원,중증,Y0031,뇌출혈수술(거미막하 출혈),불가능메세지등록,20260928080000,20261005075900,"부산광역시 연제구 월드컵대로 359 (거제동, 1동, 5동일부)",A1200024,124,자동,차단,
2026-10-01 02:30:00,부산광역시,A1200024,부산광역시의료원,중증,Y0111,산부인과 응급(분만),불가능메세지등록,20260928080000,20261005075900,"부산광역시 연제구 월드컵대로 359 (거제동, 1동, 5동일부)",A1200024,125,자동,차단,
2026-10-01 02:30:00,부산광역시,A1200024,부산광역시의료원,중증,Y0132,수족지접합 외,불가능메세지등록,20260928080000,20261005075900,"부산광역시 연제구 월드컵대로 359 (거제동, 1동, 5동일부)",A1200024,126,자동,차단,
2026-10-01 02:30:00,부산광역시,A1200024,부산광역시의료원,중증,Y0112,산부인과 응급(산과수술),불가능메세지등록,20260928080000,20261005075900,"부산광역시 연제구 월드컵대로 359 (거제동, 1동, 5동일부)",A1200024,127,자동,차단,
2026-10-01 02:30:00,부산광역시,A1200045,구포성심병원,중증,Y0010,심근경색의 재관류중재술,CV 부재로 불가능합니다.,20260930170000,20261001083000,부산광역시 북구 낙동대로 1786 (구포동),A1200045,128,자동,차단,
2026-10-01 02:30:00,부산광역시,A1200045,구포성심병원,응급,Y000,응급실,"집중치료실 full bed, 이송 전 문의 부탁드립니다.",20260930111600,20261001090000,부산광역시 북구 낙동대로 1786 (구포동),A1200045,129,자동,차단,병상 또는 장비
2026-10-01 02:30:00,대구광역시,A1300001,영남대학교병원,응급,Y000,응급실,"[소아청소년과] 야간·주말·공휴일 소아신경과 f/u만 수용 가능, [영유아 기관지 응급내시경] 수용 불가능",20260930180000,20261001083000,대구광역시 남구 현충로 170 (대명동),A1300001,1,자동,차단,소아청소년과
2026-10-01 02:30:00,대구광역시,A1300001,영남대학교병원,응급,Y000,응급실,"[혈액종양내과] 해당 시간대에는 f/u 환자만 수용 가능 (pf.고성애) : 평일18~8시,주말,공휴일",20260930180000,20261001080000,대구광역시 남구 현충로 170 (대명동),A1300001,2,자동,차단,혈액·종양내과
2026-10-01 02:30:00,대구광역시,A1300001,영남대학교병원,응급,Y000,응급실,"[내분비대사내과] 해당 시간대에는 진료 불가 (pf.윤지성) : 평일18~8시,주말,공휴일",20260930180000,20261001080000,대구광역시 남구 현충로 170 (대명동),A1300001,3,자동,차단,내분비내과
2026-10-01 02:30:00,대구광역시,A1300001,영남대학교병원,응급,Y000,응급실,[신경과] 경련 환자 진료 제한 (pf.권두혁),20260930170000,20261001080000,대구광역시 남구 현충로 170 (대명동),A1300001,4,자동,차단,신경과
2026-10-01 02:30:00,대구광역시,A1300001,영남대학교병원,응급,Y000,응급실,"[신경외과] brain tumor 환자 f/u 외 진료 제한, 외상 및 뇌혈관질환 진료 가능 (pf.박소희)",20260930153700,20261001060000,대구광역시 남구 현충로 170 (대명동),A1300001,5,자동,차단,신경외과
2026-10-01 02:30:00,대구광역시,A1300001,영남대학교병원,응급,Y000,응급실,[소아외과] 의료진 부재로 수용 불가능 (pf.이남혁),20260930130000,20261001080000,대구광역시 남구 현충로 170 (대명동),A1300001,6,자동,차단,외과
2026-10-01 02:30:00,대구광역시,A1300001,영남대학교병원,응급,Y000,응급실,[외과] f/u 수용 가능 및 중증화상 수용 불가능 (pf.김소현),20260930080000,20261001080000,대구광역시 남구 현충로 170 (대명동),A1300001,7,자동,차단,외과
2026-10-01 02:30:00,대구광역시,A1300001,영남대학교병원,응급,Y000,응급실,[호흡기내과] f/u 수용 가능 (pf.진현정),20260930080000,20261001080000,대구광역시 남구 현충로 170 (대명동),A1300001,8,자동,차단,호흡기내과
2026-10-01 02:30:00,대구광역시,A1300001,영남대학교병원,응급,Y000,응급실,[비뇨의학과] 의료진 부재로 복부 관련 환자 외 수용 가능 (pf.송필현),20260930080000,20261001080000,대구광역시 남구 현충로 170 (대명동),A1300001,9,자동,차단,비뇨의학과
2026-10-01 02:30:00,대구광역시,A1300001,영남대학교병원,응급,Y000,응급실,[치과] 의료진 부재로 수용 불가능,20260930080000,20261001080000,대구광역시 남구 현충로 170 (대명동),A1300001,10,자동,차단,치과
2026-10-01 02:30:00,대구광역시,A1300001,영남대학교병원,응급,Y000,응급실,[이비인후과] f/u 수용 가능 (pf.김용대),20260930080000,20261001080000,대구광역시 남구 현충로 170 (대명동),A1300001,11,자동,차단,이비인후과
2026-10-01 02:30:00,대구광역시,A1300001,영남대학교병원,응급,Y000,응급실,[소화기내과] 간 파트는 f/u 수용 가능 (pf.박정길),20260930080000,20261001080000,대구광역시 남구 현충로 170 (대명동),A1300001,12,자동,차단,소화기내과
2026-10-01 02:30:00,대구광역시,A1300002,경북대학교병원,중증,Y0041,대동맥응급(흉부),"[마취통증의학과] 매주 수요일(18:00~08:00), 심장, 대동맥 관련수술 불가",20260930180000,20261001080000,"대구광역시 중구 동덕로 130 (삼덕동2가, 경북대학교병원)",A1300002,13,자동,차단,
2026-10-01 02:30:00,대구광역시,A1300002,경북대학교병원,응급,Y000,응급실,[신경과] 의료진 부재로 말초신경 및 근육질환 관련 응급진료 불가,20260930114200,20261006080000,"대구광역시 중구 동덕로 130 (삼덕동2가, 경북대학교병원)",A1300002,14,자동,차단,신경과
2026-10-01 02:30:00,대구광역시,A1300002,경북대학교병원,응급,Y000,응급실,[부인과] 의료진 부재로 관련 환자 응급진료 불가,20260930070100,20261001070000,"대구광역시 중구 동덕로 130 (삼덕동2가, 경북대학교병원)",A1300002,15,자동,차단,산부인과
2026-10-01 02:30:00,대구광역시,A1300002,경북대학교병원,중증,Y0060,복부응급수술(비외상),[외과] 의료진 부재로 관련환자 응급진료 불가,20260930070000,20261001080000,"대구광역시 중구 동덕로 130 (삼덕동2가, 경북대학교병원)",A1300002,16,자동,차단,
2026-10-01 02:30:00,대구광역시,A1300002,경북대학교병원,응급,Y000,응급실,"[마취통증의학과] 매주 수요일(18:00~08:00), 심장, 대동맥 관련 수술 불가",20260928070000,20261005070000,"대구광역시 중구 동덕로 130 (삼덕동2가, 경북대학교병원)",A1300002,17,자동,차단,마취통증의학과
2026-10-01 02:30:00,대구광역시,A1300002,경북대학교병원,응급,Y000,응급실,"[안과] 세부 전문의 부족으로 성인 및 소아 안와골절, 눈물소관 열상 진료 불가",20260928070000,20261005070000,"대구광역시 중구 동덕로 130 (삼덕동2가, 경북대학교병원)",A1300002,18,자동,차단,안과
2026-10-01 02:30:00,대구광역시,A1300002,경북대학교병원,응급,Y000,응급실,[흉부외과] 심혈관중환자실 공사로 응급심장수술 및 심혈관(흉부외과)관련 환자 이송 전 반드시 사전 문의 (~2026년 12월),20260928070000,20261005070000,"대구광역시 중구 동덕로 130 (삼덕동2가, 경북대학교병원)",A1300002,19,자동,차단,병상 또는 장비
2026-10-01 02:30:00,대구광역시,A1300002,경북대학교병원,응급,Y000,응급실,[산부인과] 전원/이송 전 사전 수용여부 반드시 확인,20260928070000,20261005070000,"대구광역시 중구 동덕로 130 (삼덕동2가, 경북대학교병원)",A1300002,20,자동,차단,산부인과
2026-10-01 02:30:00,대구광역시,A1300002,경북대학교병원,응급,Y000,응급실,"[구강악안면외과] 단순(치통, 치관파절, 보철물 탈락 등 비응급 질환) 치아 질환 응급실 진료 불가",20260928070000,20261005070000,"대구광역시 중구 동덕로 130 (삼덕동2가, 경북대학교병원)",A1300002,21,자동,차단,치과
2026-10-01 02:30:00,대구광역시,A1300002,경북대학교병원,응급,Y000,응급실,"[이비인후과] 만 10세, 35kg 이하 소아 이비인후과 진료 불가",20260928070000,20261005070000,"대구광역시 중구 동덕로 130 (삼덕동2가, 경북대학교병원)",A1300002,22,자동,차단,이비인후과
2026-10-01 02:30:00,대구광역시,A1300002,경북대학교병원,중증,Y0070,장중첩/폐색(유아),[소아청소년과] 의료진 부재로 장충첩증 정복술 불가,20260928070000,20261005070000,"대구광역시 중구 동덕로 130 (삼덕동2가, 경북대학교병원)",A1300002,23,자동,차단,
2026-10-01 02:30:00,대구광역시,A1300002,경북대학교병원,응급,Y000,응급실,[소아청소년과] 의료진 부재로 장중첩증 정복술 불가,20260928070000,20261005070000,"대구광역시 중구 동덕로 130 (삼덕동2가, 경북대학교병원)",A1300002,24,자동,차단,소아청소년과
2026-10-01 02:30:00,대구광역시,A1300002,경북대학교병원,응급,Y000,응급실,"[외과] (수,목) 의료진 부재로 관련환자 응급진료 불가",20260928070000,20261005070000,"대구광역시 중구 동덕로 130 (삼덕동2가, 경북대학교병원)",A1300002,25,자동,차단,외과
2026-10-01 02:30:00,대구광역시,A1300002,경북대학교병원,응급,Y000,응급실,"[안과] 신경안과질환(마비사시, 시신경염, 혀혈성 시신경병증 등) 관련 전문의 부재로 응급진료 불가",20260924070100,20261001070000,"대구광역시 중구 동덕로 130 (삼덕동2가, 경북대학교병원)",A1300002,26,자동,차단,안과
2026-10-01 02:30:00,대구광역시,A1300003,계명대학교동산병원,응급,Y000,응급실,[부인과] f/u 외 이송 전 확인,20260926071000,20261003120000,대구광역시 달서구 달구벌대로 1035 (신당동),A1300003,27,자동,차단,산부인과
2026-10-01 02:30:00,대구광역시,A1300003,계명대학교동산병원,응급,Y000,응급실,[외과] 외과계 중환자실 부족으로 통보 시까지 외상 환자 수용불가 pf 박찬희,20260926071000,20261003120000,대구광역시 달서구 달구벌대로 1035 (신당동),A1300003,28,자동,차단,외과
2026-10-01 02:30:00,대구광역시,A1300003,계명대학교동산병원,응급,Y000,응급실,[소아청소년과] 정규시간 외 수용제한 (이송 전 확인),20260926071000,20261003120000,대구광역시 달서구 달구벌대로 1035 (신당동),A1300003,29,자동,차단,소아청소년과
2026-10-01 02:30:00,대구광역시,A1300003,계명대학교동산병원,응급,Y000,응급실,[치과] 정규시간 외 불가,20260926071000,20261003120000,대구광역시 달서구 달구벌대로 1035 (신당동),A1300003,30,자동,차단,치과
2026-10-01 02:30:00,대구광역시,A1300004,대구가톨릭대학교병원,응급,Y000,응급실,수혈 필요한 출혈 환자 수용불가,20260930195200,20261001080000,대구광역시 남구 두류공원로17길 33 (대명동),A1300004,31,자동,차단,응급실
2026-10-01 02:30:00,대구광역시,A1300004,대구가톨릭대학교병원,응급,Y000,응급실,"응급실 이사 및 이전 작업으로 인한 정상진료/수용 어려움, 환자 이송 및 전원 시 사전 문의",20260929180000,20261001083000,대구광역시 남구 두류공원로17길 33 (대명동),A1300004,32,자동,차단,응급실
2026-10-01 02:30:00,대구광역시,A1300004,대구가톨릭대학교병원,응급,Y000,응급실,산부인과_ 의료진부족_ 사전문의,20260929000000,20261005235900,대구광역시 남구 두류공원로17길 33 (대명동),A1300004,33,자동,차단,산부인과
2026-10-01 02:30:00,대구광역시,A1300004,대구가톨릭대학교병원,응급,Y000,응급실,외과_의료진부족_사전문의,20260929000000,20261005235900,대구광역시 남구 두류공원로17길 33 (대명동),A1300004,34,자동,차단,외과
2026-10-01 02:30:00,대구광역시,A1300004,대구가톨릭대학교병원,응급,Y000,응급실,비뇨의학과_의료진부족_사전문의,20260929000000,20261005235900,대구광역시 남구 두류공원로17길 33 (대명동),A1300004,35,자동,차단,비뇨의학과
2026-10-01 02:30:00,대구광역시,A1300004,대구가톨릭대학교병원,응급,Y000,응급실,"소아청소년과_수요일 야간/일요일 진료가능,소아신경과 불가",20260929000000,20261005235900,대구광역시 남구 두류공원로17길 33 (대명동),A1300004,36,자동,차단,소아청소년과
2026-10-01 02:30:00,대구광역시,A1300004,대구가톨릭대학교병원,응급,Y000,응급실,신경과_신경과_의료진부족_길랭바레증후군+근무력증_진료불가,20260929000000,20261005235900,대구광역시 남구 두류공원로17길 33 (대명동),A1300004,37,자동,차단,신경과
2026-10-01 02:30:00,대구광역시,A1300004,대구가톨릭대학교병원,응급,Y000,응급실,"신경과_seizure f/u 외 수용불가, 뇌경색의심환자 사전문의",20260929000000,20261005235900,대구광역시 남구 두류공원로17길 33 (대명동),A1300004,38,자동,차단,신경과
2026-10-01 02:30:00,대구광역시,A1300004,대구가톨릭대학교병원,응급,Y000,응급실,피부과_평일 진료가능,20260929000000,20261005235900,대구광역시 남구 두류공원로17길 33 (대명동),A1300004,39,자동,차단,피부과
2026-10-01 02:30:00,대구광역시,A1300004,대구가톨릭대학교병원,응급,Y000,응급실,치과_외래시간 진료가능(악안면봉합포함),20260929000000,20261005235900,대구광역시 남구 두류공원로17길 33 (대명동),A1300004,40,자동,차단,치과
2026-10-01 02:30:00,대구광역시,A1300008,곽병원,응급,Y000,응급실,"장중첩증, 경련,정신건강학적 환자 수용불가",20260928000000,20261004235900,대구광역시 중구 국채보상로 531 (수동),A1300008,41,자동,차단,소아청소년과
2026-10-01 02:30:00,대구광역시,A1300009,대구파티마병원,중증,Y0020,뇌경색의 재관류중재술,[신경외과]의료진 부재로 진료 불가능,20260930160000,20261001080000,대구광역시 동구 아양로 99 (신암동),A1300009,42,자동,차단,신경외과
2026-10-01 02:30:00,대구광역시,A1300009,대구파티마병원,중증,Y0031,뇌출혈수술(거미막하 출혈),[신경외과]의료진 부재로 진료 불가능,20260930160000,20261001080000,대구광역시 동구 아양로 99 (신암동),A1300009,43,자동,차단,신경외과
2026-10-01 02:30:00,대구광역시,A1300009,대구파티마병원,중증,Y0032,뇌출혈수술(거미막하 출혈 외),[신경외과]의료진 부재로 진료 불가능,20260930160000,20261001080000,대구광역시 동구 아양로 99 (신암동),A1300009,44,자동,차단,신경외과
2026-10-01 02:30:00,대구광역시,A1300009,대구파티마병원,응급,Y000,응급실,[피부과]외래진료시간외 진료불가,20260928100100,20261005100000,대구광역시 동구 아양로 99 (신암동),A1300009,45,자동,차단,피부과
2026-10-01 02:30:00,대구광역시,A1300009,대구파티마병원,응급,Y000,응급실,"[소아청소년과]공휴일(토.일제외), 평일야간(17:30~08:00)진료불가, 이송전 문의",20260928100100,20261005100000,대구광역시 동구 아양로 99 (신암동),A1300009,46,자동,차단,소아청소년과
2026-10-01 02:30:00,대구광역시,A1300009,대구파티마병원,응급,Y000,응급실,"[소화기내과]평일17:00~09:00, 토.일.공휴일12:00~09:00 신환응급내시경 및 소화기내과 시술불가",20260928100100,20261005100000,대구광역시 동구 아양로 99 (신암동),A1300009,47,자동,차단,소화기내과
2026-10-01 02:30:00,대구광역시,A1300009,대구파티마병원,응급,Y000,응급실,[비뇨의학과] 본원 f/u 포함 이송전 문의,20260928100100,20261005100000,대구광역시 동구 아양로 99 (신암동),A1300009,48,자동,차단,비뇨의학과
2026-10-01 02:30:00,대구광역시,A1300009,대구파티마병원,응급,Y000,응급실,"[정신건강의학과]병력,자해,약물중독환자 수용불가",20260928100100,20261005100000,대구광역시 동구 아양로 99 (신암동),A1300009,49,자동,차단,정신건강의학과
2026-10-01 02:30:00,대구광역시,A1300009,대구파티마병원,응급,Y000,응급실,"[치과]목요일,공휴일,일요일,야간진료 불가",20260928100100,20261005100000,대구광역시 동구 아양로 99 (신암동),A1300009,50,자동,차단,치과
2026-10-01 02:30:00,대구광역시,A1300009,대구파티마병원,응급,Y000,응급실,[소아외과]의료진부족으로 소아외과 이송전 문의,20260928100100,20261005100000,대구광역시 동구 아양로 99 (신암동),A1300009,51,자동,차단,외과
2026-10-01 02:30:00,대구광역시,A1300009,대구파티마병원,응급,Y000,응급실,[산부인과] 본원 f/u 이외 산부인과 진료불가,20260928100100,20261005100000,대구광역시 동구 아양로 99 (신암동),A1300009,52,자동,차단,산부인과
2026-10-01 02:30:00,대구광역시,A1300009,대구파티마병원,응급,Y000,응급실,[안과]망막 등 응급수술 필요한 환자 이송전문의,20260928100100,20261005100000,대구광역시 동구 아양로 99 (신암동),A1300009,53,자동,차단,안과
2026-10-01 02:30:00,대구광역시,A1300009,대구파티마병원,응급,Y000,응급실,[이비인후과]외래 진료시간외 진료불가. 이송전문의,20260928100100,20261005100000,대구광역시 동구 아양로 99 (신암동),A1300009,54,자동,차단,이비인후과
2026-10-01 02:30:00,대구광역시,A1300009,대구파티마병원,응급,Y000,응급실,[응급실]타 대학병원 F/U환자 이송전 문의,20260928100100,20261005100000,대구광역시 동구 아양로 99 (신암동),A1300009,55,자동,차단,응급실
2026-10-01 02:30:00,대구광역시,A1300010,칠곡경북대학교병원,중증,Y0010,심근경색의 재관류중재술,"평일 야간, 주말 불가(사정에 따라 지연 또는 제한)",20260930173000,20261001075900,"대구광역시 북구 호국로 807, 칠곡경북대학교병원(임상실습동 1~11층 포함) (학정동)",A1300010,56,자동,차단,
2026-10-01 02:30:00,대구광역시,A1300010,칠곡경북대학교병원,응급,Y000,응급실,[부인과] 신환 진료 불가,20260930170000,20261001075900,"대구광역시 북구 호국로 807, 칠곡경북대학교병원(임상실습동 1~11층 포함) (학정동)",A1300010,57,자동,차단,산부인과
2026-10-01 02:30:00,대구광역시,A1300010,칠곡경북대학교병원,응급,Y000,응급실,[혈관외과] 응급진료 불가,20260930080000,20261001075900,"대구광역시 북구 호국로 807, 칠곡경북대학교병원(임상실습동 1~11층 포함) (학정동)",A1300010,58,자동,차단,외과
2026-10-01 02:30:00,대구광역시,A1300010,칠곡경북대학교병원,응급,Y000,응급실,"[이비인후과] 두경부 질환 (얼굴, 목 질환) 진료불가",20260930070000,20261005065900,"대구광역시 북구 호국로 807, 칠곡경북대학교병원(임상실습동 1~11층 포함) (학정동)",A1300010,59,자동,차단,이비인후과
2026-10-01 02:30:00,대구광역시,A1300010,칠곡경북대학교병원,응급,Y000,응급실,[비뇨의학과] 소아 진료 불가,20260928161900,20261004235900,"대구광역시 북구 호국로 807, 칠곡경북대학교병원(임상실습동 1~11층 포함) (학정동)",A1300010,60,자동,차단,비뇨의학과
2026-10-01 02:30:00,대구광역시,A1300010,칠곡경북대학교병원,응급,Y000,응급실,[피부과] 응급진료 불가,20260928000000,20261004235900,"대구광역시 북구 호국로 807, 칠곡경북대학교병원(임상실습동 1~11층 포함) (학정동)",A1300010,61,자동,차단,피부과
2026-10-01 02:30:00,대구광역시,A1300010,칠곡경북대학교병원,응급,Y000,응급실,[산과] 14주 이상 - 30주 미만 고위험 또는 응급 제왕절개 필요한 산모 위주 진료 (산후 출혈 사전 연락 필요),20260928000000,20261004235900,"대구광역시 북구 호국로 807, 칠곡경북대학교병원(임상실습동 1~11층 포함) (학정동)",A1300010,62,자동,차단,산부인과
2026-10-01 02:30:00,대구광역시,A1300010,칠곡경북대학교병원,응급,Y000,응급실,** 원내 사정으로 이송 및 전원 환자 필히 사전 연락 후 이송,20260928000000,20261004235900,"대구광역시 북구 호국로 807, 칠곡경북대학교병원(임상실습동 1~11층 포함) (학정동)",A1300010,63,자동,차단,응급실
2026-10-01 02:30:00,대구광역시,A1300010,칠곡경북대학교병원,중증,Y0070,장중첩/폐색(유아),소아 외과 진료 제한,20260928000000,20261004235900,"대구광역시 북구 호국로 807, 칠곡경북대학교병원(임상실습동 1~11층 포함) (학정동)",A1300010,64,자동,차단,
2026-10-01 02:30:00,대구광역시,A1300010,칠곡경북대학교병원,응급,Y000,응급실,외상 진료 불가 · 약물중독 진료 제한,20260928000000,20261004235900,"대구광역시 북구 호국로 807, 칠곡경북대학교병원(임상실습동 1~11층 포함) (학정동)",A1300010,65,자동,차단,기타 진료과
2026-10-01 02:30:00,대구광역시,A1300010,칠곡경북대학교병원,응급,Y000,응급실,[소화기내과] 간질환 진료 불가,20260928000000,20261004235900,"대구광역시 북구 호국로 807, 칠곡경북대학교병원(임상실습동 1~11층 포함) (학정동)",A1300010,66,자동,차단,소화기내과
2026-10-01 02:30:00,대구광역시,A1300010,칠곡경북대학교병원,응급,Y000,응급실,[정형외과] 응급진료 불가(척추포함),20260928000000,20261004235900,"대구광역시 북구 호국로 807, 칠곡경북대학교병원(임상실습동 1~11층 포함) (학정동)",A1300010,67,자동,차단,정형외과
2026-10-01 02:30:00,대구광역시,A1300010,칠곡경북대학교병원,응급,Y000,응급실,"[흉부외과] 대동맥박리, 식도 응급질환 등 진료 제한",20260928000000,20261004235900,"대구광역시 북구 호국로 807, 칠곡경북대학교병원(임상실습동 1~11층 포함) (학정동)",A1300010,68,자동,차단,흉부외과
2026-10-01 02:30:00,대구광역시,A1300010,칠곡경북대학교병원,응급,Y000,응급실,[치과] 응급진료 불가,20260928000000,20261004235900,"대구광역시 북구 호국로 807, 칠곡경북대학교병원(임상실습동 1~11층 포함) (학정동)",A1300010,69,자동,차단,치과
2026-10-01 02:30:00,대구광역시,A1300010,칠곡경북대학교병원,응급,Y000,응급실,[안과] 응급진료 불가,20260928000000,20261004235900,"대구광역시 북구 호국로 807, 칠곡경북대학교병원(임상실습동 1~11층 포함) (학정동)",A1300010,70,자동,차단,안과
2026-10-01 02:30:00,대구광역시,A1303386,계명대학교대구동산병원,응급,Y000,응급실,오후 10시 이후 신경과 관련 환자 진료 제한(사전 연락 바랍니다),20261001000000,20261008235900,"대구광역시 중구 달성로 56, 계명대학교대구동산병원 (동산동)",A1303386,71,자동,차단,신경과
2026-10-01 02:30:00,대구광역시,A1303386,계명대학교대구동산병원,응급,Y000,응급실,혈액제제 부족으로 관련 환자 수용 제한(사전 연락 바랍니다),20261001000000,20261008235900,"대구광역시 중구 달성로 56, 계명대학교대구동산병원 (동산동)",A1303386,72,자동,차단,병상 또는 장비
2026-10-01 02:30:00,대구광역시,A1303386,계명대학교대구동산병원,응급,Y000,응급실,"수술적 처치 필요한 척추 질환, 척추 감염환자 수용 불가",20261001000000,20261008235900,"대구광역시 중구 달성로 56, 계명대학교대구동산병원 (동산동)",A1303386,73,자동,차단,정형외과
2026-10-01 02:30:00,대구광역시,A1303386,계명대학교대구동산병원,응급,Y000,응급실,환자 이송 전 KTAS 보내고 연락 바랍니다. 서버 불안정으로 구급활동정보 알람이 때때로 오지 않습니다.,20261001000000,20261008235900,"대구광역시 중구 달성로 56, 계명대학교대구동산병원 (동산동)",A1303386,74,자동,차단,병상 또는 장비
2026-10-01 02:30:00,대구광역시,A1303386,계명대학교대구동산병원,응급,Y000,응급실,"산과, 신경외과, 심장내과, 심장혈관흉부외과, 성형외과, 피부과 의료진 부재로 관련 환자 수용 불가",20261001000000,20261008235900,"대구광역시 중구 달성로 56, 계명대학교대구동산병원 (동산동)",A1303386,75,자동,차단,기타 진료과
2026-10-01 02:30:00,대구광역시,A1303386,계명대학교대구동산병원,응급,Y000,응급실,"부인과, 소아청소년과, 이비인후과 외래시간 외 관련 환자 수용 불가(사전 연락 바랍니다)",20261001000000,20261008235900,"대구광역시 중구 달성로 56, 계명대학교대구동산병원 (동산동)",A1303386,76,자동,차단,기타 진료과
2026-10-01 02:30:00,대전광역시,A1600001,충남대학교병원,응급,Y000,응급실,"[신경과] 의료진 부족으로 23시 ~익일 8시까지 신경과 진료 불가( 단,  3일이내 급성뇌경색/뇌전증 지속상태에 대해서는 야간 진료 가능)",20260928090300,20261005140000,"대전광역시 중구 문화로 282, 충남대학교병원 (대사동)",A1600001,1,자동,차단,신경과
2026-10-01 02:30:00,대전광역시,A1600001,충남대학교병원,응급,Y000,응급실,[소아 청소년과]  소아내시경 불가능함,20260928090300,20261005140000,"대전광역시 중구 문화로 282, 충남대학교병원 (대사동)",A1600001,2,자동,차단,소아청소년과
2026-10-01 02:30:00,대전광역시,A1600001,충남대학교병원,응급,Y000,응급실,"[영상의학과] 해당 파트  투시검사/시 술(소아 장중첩증 정복), 소아 초음파 검사/시술 불가능 함",20260928090300,20261005140000,"대전광역시 중구 문화로 282, 충남대학교병원 (대사동)",A1600001,3,자동,차단,영상의학과
2026-10-01 02:30:00,대전광역시,A1600001,충남대학교병원,응급,Y000,응급실,[호흡기 내과 ]타병원  항암 환자 초진 불가,20260928090300,20261005140000,"대전광역시 중구 문화로 282, 충남대학교병원 (대사동)",A1600001,4,자동,차단,호흡기내과
2026-10-01 02:30:00,대전광역시,A1600001,충남대학교병원,응급,Y000,응급실,"[성형외과] 봉합 지정시간 => 11A, 3P, 8P",20260928090300,20261005140000,"대전광역시 중구 문화로 282, 충남대학교병원 (대사동)",A1600001,5,자동,차단,성형외과
2026-10-01 02:30:00,대전광역시,A1600002,학교법인을지학원대전을지대학교병원,응급,Y000,응급실,★[신장내과] 중증 신장내과 환자 f/u 포함 진료불가(경증 가능),20260928122900,20261005090000,대전광역시 서구 둔산서로 95 (둔산동),A1600002,6,자동,차단,신장내과
2026-10-01 02:30:00,대전광역시,A1600002,학교법인을지학원대전을지대학교병원,응급,Y000,응급실,"[신경과] 매일 07:00 ~ 18:00 가능(seizure, stroke 환자는 ~21:00 가능/stroke 환자 뇌혈관순환 당직날은 자정 이후도 가능)",20260928090100,20261005090000,대전광역시 서구 둔산서로 95 (둔산동),A1600002,7,자동,차단,신경과
2026-10-01 02:30:00,대전광역시,A1600002,학교법인을지학원대전을지대학교병원,응급,Y000,응급실,"[안과], [치과], [응급 기관지 내시경] 불가",20260928090100,20261005090000,대전광역시 서구 둔산서로 95 (둔산동),A1600002,8,자동,차단,기타 진료과
2026-10-01 02:30:00,대전광역시,A1600002,학교법인을지학원대전을지대학교병원,응급,Y000,응급실,[비뇨기과] 평일 08:00 ~ 16:30 가능,20260928090100,20261005090000,대전광역시 서구 둔산서로 95 (둔산동),A1600002,9,자동,차단,비뇨의학과
2026-10-01 02:30:00,대전광역시,A1600002,학교법인을지학원대전을지대학교병원,응급,Y000,응급실,[이비인후과] 24시간 가능(두경부 감염 관련은 불가),20260928090100,20261005090000,대전광역시 서구 둔산서로 95 (둔산동),A1600002,10,자동,차단,이비인후과
2026-10-01 02:30:00,대전광역시,A1600002,학교법인을지학원대전을지대학교병원,응급,Y000,응급실,[정신과] 24시 가능(입원 필요시 전화),20260928090100,20261005090000,대전광역시 서구 둔산서로 95 (둔산동),A1600002,11,자동,차단,정신건강의학과
2026-10-01 02:30:00,대전광역시,A1600002,학교법인을지학원대전을지대학교병원,응급,Y000,응급실,"[소아과] 월,화,목 08:00 ~ 22:00 / 수 08:00 ~ 17:00 / 금 08:00 ~ 13:00 가능(장중첩, 소아신경 및 심장 진료불가)",20260928090100,20261005090000,대전광역시 서구 둔산서로 95 (둔산동),A1600002,12,자동,차단,소아청소년과
2026-10-01 02:30:00,대전광역시,A1600002,학교법인을지학원대전을지대학교병원,응급,Y000,응급실,[외과] 매일 08:00 ~ 21:00 가능,20260928090100,20261005090000,대전광역시 서구 둔산서로 95 (둔산동),A1600002,13,자동,차단,외과
2026-10-01 02:30:00,대전광역시,A1600002,학교법인을지학원대전을지대학교병원,응급,Y000,응급실,[성형외과] 평일 09:00 ~ 20:00(화요일 ~19시까지) / 주말 09:00 ~ 16:00 가능,20260928090100,20261005090000,대전광역시 서구 둔산서로 95 (둔산동),A1600002,14,자동,차단,성형외과
2026-10-01 02:30:00,대전광역시,A1600002,학교법인을지학원대전을지대학교병원,응급,Y000,응급실,[피부과] 매일 ~21:00 가능,20260928090100,20261005090000,대전광역시 서구 둔산서로 95 (둔산동),A1600002,15,자동,차단,피부과
2026-10-01 02:30:00,대전광역시,A1600002,학교법인을지학원대전을지대학교병원,응급,Y000,응급실,"[신경외과] 24시간 가능(만8세 이상, 몸무게 40kg 이상 진료가능/소아 경증은 외래진료 가능성 있습니다)",20260928090100,20261005090000,대전광역시 서구 둔산서로 95 (둔산동),A1600002,16,자동,차단,신경외과
2026-10-01 02:30:00,대전광역시,A1600002,학교법인을지학원대전을지대학교병원,응급,Y000,응급실,[산부인과] 통화 후 이송바랍니다,20260928090100,20261005090000,대전광역시 서구 둔산서로 95 (둔산동),A1600002,17,자동,차단,산부인과
2026-10-01 02:30:00,대전광역시,A1600002,학교법인을지학원대전을지대학교병원,응급,Y000,응급실,"[정형외과] 24시간 가능(주말,공휴일도 가능/소아 가능)",20260928090100,20261005090000,대전광역시 서구 둔산서로 95 (둔산동),A1600002,18,자동,차단,정형외과
2026-10-01 02:30:00,대전광역시,A1600002,학교법인을지학원대전을지대학교병원,중증,Y0082,위장관 응급내시경(영유아),진료 불가합니다,20260928083000,20261005090000,대전광역시 서구 둔산서로 95 (둔산동),A1600002,19,자동,차단,
2026-10-01 02:30:00,대전광역시,A1600002,학교법인을지학원대전을지대학교병원,중증,Y0070,장중첩/폐색(유아),진료 불가합니다,20260928083000,20261005090000,대전광역시 서구 둔산서로 95 (둔산동),A1600002,20,자동,차단,
2026-10-01 02:30:00,대전광역시,A1600005,학교법인가톨릭학원가톨릭대학교대전성모병원,응급,Y000,응급실,본원 응급실 성형외과 진료 불가합니다. 이송 시 참고 바랍니다.,20260929182000,20261006235900,"대전광역시 중구 대흥로 64, 성모병원 (대흥동)",A1600005,21,자동,차단,성형외과
2026-10-01 02:30:00,대전광역시,A1600005,학교법인가톨릭학원가톨릭대학교대전성모병원,응급,Y000,응급실,본원 사정에 의하여 이비인후과 08시부터 21시까지만 진료가 가능합니다. 이송 시 참고 바랍니다.,20260929182000,20261006235900,"대전광역시 중구 대흥로 64, 성모병원 (대흥동)",A1600005,22,자동,차단,이비인후과
2026-10-01 02:30:00,대전광역시,A1600005,학교법인가톨릭학원가톨릭대학교대전성모병원,응급,Y000,응급실,본원 사정에 의하여 비뇨기과 야간/주말/공휴일 응급실 진료 불가합니다. 이송 시 참고 바랍니다.,20260929182000,20261006235900,"대전광역시 중구 대흥로 64, 성모병원 (대흥동)",A1600005,23,자동,차단,비뇨의학과
2026-10-01 02:30:00,대전광역시,A1600005,학교법인가톨릭학원가톨릭대학교대전성모병원,응급,Y000,응급실,본원 사정으로 소아과 진료 불가합니다. 이송 시 참고 바랍니다.,20260929182000,20261006235900,"대전광역시 중구 대흥로 64, 성모병원 (대흥동)",A1600005,24,자동,차단,소아청소년과
2026-10-01 02:30:00,대전광역시,A1600005,학교법인가톨릭학원가톨릭대학교대전성모병원,응급,Y000,응급실,산부인과 분만 본원 사정으로 인하여 본원 F/U(37주이상) 환자만 수용 가능합니다.,20260929182000,20261006235900,"대전광역시 중구 대흥로 64, 성모병원 (대흥동)",A1600005,25,자동,차단,산부인과
2026-10-01 02:30:00,대전광역시,A1600005,학교법인가톨릭학원가톨릭대학교대전성모병원,응급,Y000,응급실,응급실 상황에 따라 (중증응급)환자 수용 불가능할 수 있으니 이송 시 확인 바랍니다.,20260929182000,20261006235900,"대전광역시 중구 대흥로 64, 성모병원 (대흥동)",A1600005,26,자동,차단,응급실
2026-10-01 02:30:00,대전광역시,A1600005,학교법인가톨릭학원가톨릭대학교대전성모병원,응급,Y000,응급실,본원 사정에 의하여 안과 평일 08시부터 18시까지만 진료 가능합니다. 이송 시 참고 바랍니다.,20260929182000,20261006235900,"대전광역시 중구 대흥로 64, 성모병원 (대흥동)",A1600005,27,자동,차단,안과
2026-10-01 02:30:00,대전광역시,A1600006,학교법인건양교육재단건양대학교병원,응급,Y000,응급실,"월-금 08:30~21:00 / 토 24시간 / 일요일 09:00~18:00 진료 가능합니다. 단, 중증 환자의 경우 의뢰 후 결정되니 이송 전 수용 가능여부 확인바랍니다.",20260928080000,20261003130000,"대전광역시 서구 관저동로 158, 건양대학교병원 (관저동)",A1600006,28,자동,차단,안과
2026-10-01 02:30:00,대전광역시,A1600006,학교법인건양교육재단건양대학교병원,응급,Y000,응급실,월~목 08:30-22:00 (공휴일인 경우 불가능)/ 금~일 08:30-익일 08:00 (공휴일에도 가능),20260928080000,20261003130000,"대전광역시 서구 관저동로 158, 건양대학교병원 (관저동)",A1600006,29,자동,차단,소아청소년과
2026-10-01 02:30:00,대전광역시,A1600006,학교법인건양교육재단건양대학교병원,응급,Y000,응급실,"일~목요일(07시~21시), 금,토(07시~익일 07시) 이비인후과 진료 가능합니다. / 단, 본원 이비인후과 수술 후 출혈환자 상시 가능합니다.",20260927210000,20261003130000,"대전광역시 서구 관저동로 158, 건양대학교병원 (관저동)",A1600006,30,자동,차단,이비인후과
2026-10-01 02:30:00,대전광역시,A1600006,학교법인건양교육재단건양대학교병원,응급,Y000,응급실,본원 정형외과 의료진 부재로 femur shaft fracture 관련 진료 및 처치 불가능 합니다,20260927083000,20261004083000,"대전광역시 서구 관저동로 158, 건양대학교병원 (관저동)",A1600006,31,자동,차단,정형외과
2026-10-01 02:30:00,대전광역시,A1600006,학교법인건양교육재단건양대학교병원,응급,Y000,응급실,응급실에서 이비인후과 두경부파트 진료 불가능합니다.,20260926133600,20261003130000,"대전광역시 서구 관저동로 158, 건양대학교병원 (관저동)",A1600006,32,자동,차단,이비인후과
2026-10-01 02:30:00,대전광역시,A1600006,학교법인건양교육재단건양대학교병원,응급,Y000,응급실,응급실에서 피부과 진료 불가능합니다.,20260926130000,20261003130000,"대전광역시 서구 관저동로 158, 건양대학교병원 (관저동)",A1600006,33,자동,차단,피부과
2026-10-01 02:30:00,대전광역시,A1600006,학교법인건양교육재단건양대학교병원,응급,Y000,응급실,"평일(18시~익일 06시), 주말 및 공휴일(06시~익일06시) 본원 URO f/u 환자만 수용 가능합니다. 이송 전 수용 여부 꼭 확인바랍니다.",20260926130000,20261003130000,"대전광역시 서구 관저동로 158, 건양대학교병원 (관저동)",A1600006,34,자동,차단,비뇨의학과
2026-10-01 02:30:00,대전광역시,A1600006,학교법인건양교육재단건양대학교병원,응급,Y000,응급실,응급실에서 치과 진료 불가능합니다.,20260926130000,20261003130000,"대전광역시 서구 관저동로 158, 건양대학교병원 (관저동)",A1600006,35,자동,차단,치과
2026-10-01 02:30:00,대전광역시,A1600006,학교법인건양교육재단건양대학교병원,응급,Y000,응급실,응급실에서 성형외과 진료 불가능 합니다.,20260926130000,20261003130000,"대전광역시 서구 관저동로 158, 건양대학교병원 (관저동)",A1600006,36,자동,차단,성형외과
2026-10-01 02:30:00,대전광역시,A1600006,학교법인건양교육재단건양대학교병원,응급,Y000,응급실,본원 영상의학중재술이 필요한 환자 시술 및 수술 수용가능 여부는 이송전 꼭 문의 연락부탁드립니다.,20260926130000,20261003130000,"대전광역시 서구 관저동로 158, 건양대학교병원 (관저동)",A1600006,37,자동,차단,응급실
2026-10-01 02:30:00,대전광역시,A1600006,학교법인건양교육재단건양대학교병원,응급,Y000,응급실,당직의 사정에 따라 진료 가능여부 다를 수 있으니 이송 전 확인바랍니다.,20260926130000,20261003130000,"대전광역시 서구 관저동로 158, 건양대학교병원 (관저동)",A1600006,38,자동,차단,산부인과
2026-10-01 02:30:00,대전광역시,A1600006,학교법인건양교육재단건양대학교병원,응급,Y000,응급실,[고압산소치료] 본원 monoplace chamber로 환자 모니터링이 불가능하여 자가기도유지 불가능한 환자는 고압산소치료가 불가능합니다.,20260926130000,20261003130000,"대전광역시 서구 관저동로 158, 건양대학교병원 (관저동)",A1600006,39,자동,차단,병상 또는 장비
2026-10-01 02:30:00,대전광역시,A1600006,학교법인건양교육재단건양대학교병원,응급,Y000,응급실,본원 소아외과 의료진 부재로 응급실에서 소아외과적 환자 진료 및 수술 불가능합니다.,20260924114900,20261001130000,"대전광역시 서구 관저동로 158, 건양대학교병원 (관저동)",A1600006,40,자동,차단,외과
2026-10-01 02:30:00,대전광역시,A1600007,의료법인영훈의료재단유성선병원,응급,Y000,응급실,진료 불가 전문의 부재,20260928090000,20261005100000,대전광역시 유성구 북유성대로 93 (지족동),A1600007,41,자동,차단,안과
2026-10-01 02:30:00,대전광역시,A1600007,의료법인영훈의료재단유성선병원,응급,Y000,응급실,산과 진료 불가 전문의 부재,20260928090000,20261005100000,대전광역시 유성구 북유성대로 93 (지족동),A1600007,42,자동,차단,산부인과
2026-10-01 02:30:00,대전광역시,A1600007,의료법인영훈의료재단유성선병원,응급,Y000,응급실,외래 진료만 가능,20260928090000,20261005100000,대전광역시 유성구 북유성대로 93 (지족동),A1600007,43,자동,차단,정신건강의학과
2026-10-01 02:30:00,대전광역시,A1600007,의료법인영훈의료재단유성선병원,응급,Y000,응급실,"DI 환자, ROSC 환자는 관련 질환과  부재로  수용 불가",20260928090000,20261005100000,대전광역시 유성구 북유성대로 93 (지족동),A1600007,44,자동,차단,응급실
2026-10-01 02:30:00,대전광역시,A1600007,의료법인영훈의료재단유성선병원,응급,Y000,응급실,외래 진료만 가능,20260928090000,20261005100000,대전광역시 유성구 북유성대로 93 (지족동),A1600007,45,자동,차단,치과
2026-10-01 02:30:00,대전광역시,A1600007,의료법인영훈의료재단유성선병원,응급,Y000,응급실,전문의 부재 진료 불가,20260928090000,20261005100000,대전광역시 유성구 북유성대로 93 (지족동),A1600007,46,자동,차단,흉부외과
2026-10-01 02:30:00,대전광역시,A1600007,의료법인영훈의료재단유성선병원,응급,Y000,응급실,09시부터 22시까지만 가능,20260928090000,20261005100000,대전광역시 유성구 북유성대로 93 (지족동),A1600007,47,자동,차단,성형외과
2026-10-01 02:30:00,대전광역시,A1600007,의료법인영훈의료재단유성선병원,응급,Y000,응급실,진료 불가 전문의 부재,20260928090000,20261005100000,대전광역시 유성구 북유성대로 93 (지족동),A1600007,48,자동,차단,피부과
2026-10-01 02:30:00,대전광역시,A1600007,의료법인영훈의료재단유성선병원,응급,Y000,응급실,외래 진료만 가능,20260928090000,20261005100000,대전광역시 유성구 북유성대로 93 (지족동),A1600007,49,자동,차단,소아청소년과
2026-10-01 02:30:00,대전광역시,A1600007,의료법인영훈의료재단유성선병원,응급,Y000,응급실,외래 진료만 가능,20260928090000,20261005100000,대전광역시 유성구 북유성대로 93 (지족동),A1600007,50,자동,차단,혈액·종양내과
2026-10-01 02:30:00,대전광역시,A1600008,의료법인영훈의료재단대전선병원,응급,Y000,응급실,본원 심정지 후치료(목표체온치료/ECMO등..) 불가합니다.,20260928090000,20261005090000,"대전광역시 중구 목중로 29 (목동,(목동))",A1600008,51,자동,차단,응급실
2026-10-01 02:30:00,대전광역시,A1600008,의료법인영훈의료재단대전선병원,응급,Y000,응급실,소아청소년과 외래진료시간 (08:30~17:30) 이외에 소아전문의 진료 불가능합니다.,20260928090000,20261005090000,"대전광역시 중구 목중로 29 (목동,(목동))",A1600008,52,자동,차단,소아청소년과
2026-10-01 02:30:00,대전광역시,A1600008,의료법인영훈의료재단대전선병원,응급,Y000,응급실,내분비내과 진료과 사정으로 응급실 진료 및 입원 불가합니다.,20260928090000,20261005090000,"대전광역시 중구 목중로 29 (목동,(목동))",A1600008,53,자동,차단,내분비내과
2026-10-01 02:30:00,대전광역시,A1600008,의료법인영훈의료재단대전선병원,응급,Y000,응급실,구강외과 외래 진료시간(08:30~17:30)외에 응급진료 어려우며 외래진료 시간에도 구강외과 사정에 따라 진료가 제한될 수 있으므로 이송 전 연락바랍니다.,20260928090000,20261005090000,"대전광역시 중구 목중로 29 (목동,(목동))",A1600008,54,자동,차단,치과
2026-10-01 02:30:00,대전광역시,A1600008,의료법인영훈의료재단대전선병원,응급,Y000,응급실,"이비인후과 출혈(코피포함), ENT적 호흡곤란 동반환자, 타병원 수술후 합병증,목에 이물감,목의 부종과 통증이 동반된 deep neck 감염환자들은 외래 진료시간 (평일 8:30~17:30/토요일 8:30~12:30) 외 진료 불가",20260928090000,20261005090000,"대전광역시 중구 목중로 29 (목동,(목동))",A1600008,55,자동,차단,이비인후과
2026-10-01 02:30:00,울산광역시,A1700002,의료법인동강의료재단동강병원,응급,Y000,응급실,급성대동맥 질환 상황판 병상수와 관계없이 응급실로 문의바랍니다.,20260929000000,20261006235900,울산광역시 중구 태화로 239 (태화동),A1700002,1,자동,차단,응급실
2026-10-01 02:30:00,울산광역시,A1700002,의료법인동강의료재단동강병원,응급,Y000,응급실,"(소아 전 연령) 기도 및 식도 이물, 선천심질환자, 소아암, 소아혈액질환 치료중인 환자, 소아중증 외상 환자, 소아신경과, 소아신장 진료불가",20260929000000,20261005235900,울산광역시 중구 태화로 239 (태화동),A1700002,2,자동,차단,응급실
2026-10-01 02:30:00,울산광역시,A1700002,의료법인동강의료재단동강병원,응급,Y000,응급실,성형외과 봉합은 예약제로 운영하며 응급실 문의후 결정,20260929000000,20261005235900,울산광역시 중구 태화로 239 (태화동),A1700002,3,자동,차단,응급실
2026-10-01 02:30:00,울산광역시,A1700002,의료법인동강의료재단동강병원,응급,Y000,응급실,중독 관련과 부재로 진료불가,20260929000000,20261005235900,울산광역시 중구 태화로 239 (태화동),A1700002,4,자동,차단,응급실
2026-10-01 02:30:00,울산광역시,A1700002,의료법인동강의료재단동강병원,응급,Y000,응급실,"(소아 전 연령) 활력징후 비정상, 산소포화도 저하, CPR 상태, 인공호흡기 치료필요, 뇌전증중첩증, 당뇨병성 케톤산증, 의식저하,",20260929000000,20261005235900,울산광역시 중구 태화로 239 (태화동),A1700002,5,자동,차단,응급실
2026-10-01 02:30:00,울산광역시,A1700002,의료법인동강의료재단동강병원,응급,Y000,응급실,"안과, 이비인후과, 피부과 전문의 부재로 진료불가",20260929000000,20261005235900,울산광역시 중구 태화로 239 (태화동),A1700002,6,자동,차단,응급실
2026-10-01 02:30:00,울산광역시,A1700002,의료법인동강의료재단동강병원,응급,Y000,응급실,12개월 미만 소아청소년과 진료불가,20260929000000,20261005235900,울산광역시 중구 태화로 239 (태화동),A1700002,7,자동,차단,응급실
2026-10-01 02:30:00,울산광역시,A1700002,의료법인동강의료재단동강병원,응급,Y000,응급실,"비뇨의학과 외래시간만 운영, 요로결석 통증치료, Testis torsion 만 가능, 전화문의후 진료결정",20260929000000,20261005235900,울산광역시 중구 태화로 239 (태화동),A1700002,8,자동,차단,응급실
2026-10-01 02:30:00,울산광역시,A1700002,의료법인동강의료재단동강병원,응급,Y000,응급실,신경학적 이상을 동반한 척추손상은 SC 외래 진료시간만 가능,20260929000000,20261005235900,울산광역시 중구 태화로 239 (태화동),A1700002,9,자동,차단,응급실
2026-10-01 02:30:00,울산광역시,A1700002,의료법인동강의료재단동강병원,응급,Y000,응급실,"치아 골절 및 탈구 평일 주간, 토요일 오전 외래 진료시간만 가능 안면부 골절 검사만 가능하고 평일 야간, 주말동안 응급수술 불가",20260929000000,20261005235900,울산광역시 중구 태화로 239 (태화동),A1700002,10,자동,차단,응급실
2026-10-01 02:30:00,울산광역시,A1700002,의료법인동강의료재단동강병원,응급,Y000,응급실,종양내과 부재로 암 관련 진료불가,20260929000000,20261005235900,울산광역시 중구 태화로 239 (태화동),A1700002,11,자동,차단,응급실
2026-10-01 02:30:00,세종특별자치시,A1800441,세종충남대학교병원,응급,Y000,응급실,"[소아전문응급의료센터] 10월 매주 목요일 제외한 22시~익일 10시는 응급분만·가정분만 신생아 및 심폐소생술 필요 환자, 뇌전증 지속상태 환자만 수용 가능",20261001000000,20261003235900,"세종특별자치시 보듬7로 20, 세종충남대학교병원 (도담동)",A1800441,1,자동,차단,소아청소년과
2026-10-01 02:30:00,세종특별자치시,A1800441,세종충남대학교병원,응급,Y000,응급실,[성형외과] 응급실 진료 어려울수 있으니 사전연락 바람,20260927000000,20261003235900,"세종특별자치시 보듬7로 20, 세종충남대학교병원 (도담동)",A1800441,2,자동,차단,성형외과
2026-10-01 02:30:00,세종특별자치시,A1800441,세종충남대학교병원,응급,Y000,응급실,"[심장내과] 의료진 공백으로 응급실 내 평일 야간 및 주말, 공휴일 진료 어려움",20260927000000,20261003235900,"세종특별자치시 보듬7로 20, 세종충남대학교병원 (도담동)",A1800441,3,자동,차단,순환기내과
2026-10-01 02:30:00,세종특별자치시,A1800441,세종충남대학교병원,응급,Y000,응급실,[복부대동맥박리] 수용가능여부 사전연락 바람,20260927000000,20261003235900,"세종특별자치시 보듬7로 20, 세종충남대학교병원 (도담동)",A1800441,4,자동,차단,흉부외과
2026-10-01 02:30:00,세종특별자치시,A1800441,세종충남대학교병원,응급,Y000,응급실,[소아비뇨의학과] 진료가능여부 사전문의 필요(야간 진료 어려움),20260927000000,20261003235900,"세종특별자치시 보듬7로 20, 세종충남대학교병원 (도담동)",A1800441,5,자동,차단,비뇨의학과
2026-10-01 02:30:00,세종특별자치시,A1800441,세종충남대학교병원,응급,Y000,응급실,[신경과] 응급실 진료 어려울 수 있으니 사전연락 바람,20260927000000,20261003235900,"세종특별자치시 보듬7로 20, 세종충남대학교병원 (도담동)",A1800441,6,자동,차단,신경과
2026-10-01 02:30:00,세종특별자치시,A1800441,세종충남대학교병원,응급,Y000,응급실,"[이비인후과] 응급실 내 진료어려움, 이송자제",20260927000000,20261003235900,"세종특별자치시 보듬7로 20, 세종충남대학교병원 (도담동)",A1800441,7,자동,차단,이비인후과
2026-10-01 02:30:00,세종특별자치시,A1800441,세종충남대학교병원,응급,Y000,응급실,[정신건강의학과] 폐쇄병동 부재 입원 불가,20260927000000,20261003235900,"세종특별자치시 보듬7로 20, 세종충남대학교병원 (도담동)",A1800441,8,자동,차단,정신건강의학과
2026-10-01 02:30:00,세종특별자치시,A1800441,세종충남대학교병원,응급,Y000,응급실,[안과] 응급실 진료 어려울수 있으니 사전연락 바람,20260927000000,20261003235900,"세종특별자치시 보듬7로 20, 세종충남대학교병원 (도담동)",A1800441,9,자동,차단,안과
2026-10-01 02:30:00,세종특별자치시,A1800441,세종충남대학교병원,응급,Y000,응급실,"[치과] 응급실 내 진료 어려움, 이송자제",20260927000000,20261003235900,"세종특별자치시 보듬7로 20, 세종충남대학교병원 (도담동)",A1800441,10,자동,차단,치과
2026-10-01 02:30:00,세종특별자치시,A1800441,세종충남대학교병원,응급,Y000,응급실,[소아정형외과] 응급실 진료어려울수 있으니 사전연락 바람,20260927000000,20261003235900,"세종특별자치시 보듬7로 20, 세종충남대학교병원 (도담동)",A1800441,11,자동,차단,정형외과
2026-10-01 02:30:00,세종특별자치시,A1800441,세종충남대학교병원,응급,Y000,응급실,"중환자실) 가동병상수 유동적, 중환 사전연락필수",20260927000000,20261003235900,"세종특별자치시 보듬7로 20, 세종충남대학교병원 (도담동)",A1800441,12,자동,차단,병상 또는 장비
2026-10-01 02:30:00,세종특별자치시,A1800441,세종충남대학교병원,응급,Y000,응급실,[신경외과] 의료진 부족으로 사전 연락 필요,20260927000000,20261003235900,"세종특별자치시 보듬7로 20, 세종충남대학교병원 (도담동)",A1800441,13,자동,차단,신경외과
2026-10-01 02:30:00,세종특별자치시,A1800441,세종충남대학교병원,응급,Y000,응급실,"피부과) 응급실 내 진료어려움, 이송자제",20260927000000,20261003235900,"세종특별자치시 보듬7로 20, 세종충남대학교병원 (도담동)",A1800441,14,자동,차단,피부과
2026-10-01 02:30:00,전남광주통합특별시,A1500001,조선대학교병원,응급,Y000,응급실,"진료 가능 시간: 8시 ~ 22시  (단, 고환염전 및 intervention 처치가 필요한 경우 : 평일 8시 ~ 17시까지만 가능)",20260930004400,20261007235900,전남광주통합특별시 동구 필문대로 365 (서석동),A1500001,1,자동,차단,비뇨의학과
2026-10-01 02:30:00,전남광주통합특별시,A1500001,조선대학교병원,응급,Y000,응급실,소아신경 담당 교수님 부재로 신환 불가합니다.,20260930003900,20261004235900,전남광주통합특별시 동구 필문대로 365 (서석동),A1500001,2,자동,차단,소아청소년과
2026-10-01 02:30:00,전남광주통합특별시,A1500001,조선대학교병원,응급,Y000,응급실,"소아 intussusception, testis torsion 관련 진료가능시간: 평일 9시~ 21시",20260930003800,20261007235900,전남광주통합특별시 동구 필문대로 365 (서석동),A1500001,3,자동,차단,소아청소년과
2026-10-01 02:30:00,전남광주통합특별시,A1500001,조선대학교병원,응급,Y000,응급실,두경부 담당 교수님 부재로 f/u환자 포함 수용 불가합니다.,20260930003800,20261007235900,전남광주통합특별시 동구 필문대로 365 (서석동),A1500001,4,자동,차단,이비인후과
2026-10-01 02:30:00,전남광주통합특별시,A1500001,조선대학교병원,응급,Y000,응급실,모든 환자 이송 및 전원 시 반드시 사전 문의 바랍니다.,20260930003800,20261007235900,전남광주통합특별시 동구 필문대로 365 (서석동),A1500001,5,자동,차단,응급실
2026-10-01 02:30:00,전남광주통합특별시,A1500001,조선대학교병원,응급,Y000,응급실,"소아외과환자 불가, 환자 이송 및 전원 시 반드시 사전 문의 바랍니다.",20260930003700,20261007235900,전남광주통합특별시 동구 필문대로 365 (서석동),A1500001,6,자동,차단,소아청소년과
2026-10-01 02:30:00,전남광주통합특별시,A1500001,조선대학교병원,응급,Y000,응급실,"17시 ~ 익일 8시까지 진료 제한 (당직교수의 진료전문분야에 따라 진료가능여부 결정), 환자 이송 및 전원 시 반드시 사전 문의 바랍니다.",20260930003700,20261007235900,전남광주통합특별시 동구 필문대로 365 (서석동),A1500001,7,자동,차단,이비인후과
2026-10-01 02:30:00,전남광주통합특별시,A1500001,조선대학교병원,응급,Y000,응급실,진료 가능 시간: 6시 ~ 21시,20260930003700,20261007235900,전남광주통합특별시 동구 필문대로 365 (서석동),A1500001,8,자동,차단,안과
2026-10-01 02:30:00,전남광주통합특별시,A1500001,조선대학교병원,응급,Y000,응급실,"진료 가능 시간: 평일 8시 ~ 21시 (단, 토·일·공휴일 불가)",20260930003600,20261007235900,전남광주통합특별시 동구 필문대로 365 (서석동),A1500001,9,자동,차단,소아청소년과
2026-10-01 02:30:00,전남광주통합특별시,A1500001,조선대학교병원,응급,Y000,응급실,영유아 위장관 내시경 필요 시 반드시 사전 문의 바랍니다.,20260930003600,20261007235900,전남광주통합특별시 동구 필문대로 365 (서석동),A1500001,10,자동,차단,응급실
2026-10-01 02:30:00,전남광주통합특별시,A1500001,조선대학교병원,응급,Y000,응급실,"진료 가능 시간: 평일 8시 ~ 23시 (단, 단순 봉합은 주말에는 17시 30분까지만 가능)",20260930003600,20261007235900,전남광주통합특별시 동구 필문대로 365 (서석동),A1500001,11,자동,차단,성형외과
2026-10-01 02:30:00,전남광주통합특별시,A1500001,조선대학교병원,응급,Y000,응급실,PTBD 가능 시간: 평일 8시 ~ 17시,20260930003500,20261007235900,전남광주통합특별시 동구 필문대로 365 (서석동),A1500001,12,자동,차단,영상의학과
2026-10-01 02:30:00,전남광주통합특별시,A1500001,조선대학교병원,응급,Y000,응급실,"진료는 24시간 가능하나, 정신과적 입원은 21시 ~ 익일 5시까지 불가",20260930003500,20261007235900,전남광주통합특별시 동구 필문대로 365 (서석동),A1500001,13,자동,차단,정신건강의학과
2026-10-01 02:30:00,전남광주통합특별시,A1500001,조선대학교병원,응급,Y000,응급실,"진료 가능 시간: 8시 ~ 17시 (당직교수에 따라 진료가능여부 결정), 환자 이송 및 전원 시 반드시 사전 문의 바랍니다.",20260930003400,20261007235900,전남광주통합특별시 동구 필문대로 365 (서석동),A1500001,14,자동,차단,산부인과
2026-10-01 02:30:00,전남광주통합특별시,A1500001,조선대학교병원,응급,Y000,응급실,외상환자 이송 및 전원 시 반드시 사전 문의 바랍니다.,20260930003300,20261007235900,전남광주통합특별시 동구 필문대로 365 (서석동),A1500001,15,자동,차단,외과
2026-10-01 02:30:00,전남광주통합특별시,A1500001,조선대학교병원,응급,Y000,응급실,"쇄석술 불가, 환자 이송 및 전원 시 반드시 사전 문의 바랍니다.",20260930003300,20261007235900,전남광주통합특별시 동구 필문대로 365 (서석동),A1500001,16,자동,차단,비뇨의학과
2026-10-01 02:30:00,전남광주통합특별시,A1500001,조선대학교병원,응급,Y000,응급실,병원별 순환당직일 확인 후 이송 및 전원 바랍니다.,20260930003200,20261007235900,전남광주통합특별시 동구 필문대로 365 (서석동),A1500001,17,자동,차단,소화기내과
2026-10-01 02:30:00,전남광주통합특별시,A1500001,조선대학교병원,응급,Y000,응급실,"혈액질환 수용 불가, 항암환자는 본원 f/u만 수용 가능, 환자 이송 및 전원 시 반드시 사전 문의 바랍니다.",20260930003200,20261007235900,전남광주통합특별시 동구 필문대로 365 (서석동),A1500001,18,자동,차단,혈액·종양내과
2026-10-01 02:30:00,전남광주통합특별시,A1500001,조선대학교병원,응급,Y000,응급실,PTBD 가능 시간: 평일 8시 ~ 17시,20260930003200,20261007235900,전남광주통합특별시 동구 필문대로 365 (서석동),A1500001,19,자동,차단,외과
2026-10-01 02:30:00,전남광주통합특별시,A1500001,조선대학교병원,응급,Y000,응급실,"[응급기관지내시경], [기관지동맥색전술] 환자 이송 및 전원 시 반드시 사전 문의 바랍니다.",20260930003200,20261007235900,전남광주통합특별시 동구 필문대로 365 (서석동),A1500001,20,자동,차단,호흡기내과
2026-10-01 02:30:00,전남광주통합특별시,A1500001,조선대학교병원,응급,Y000,응급실,"[내과] 23시 이후 진료 불가, 환자 이송 및 전원 시 반드시 사전 문의 바랍니다.",20260930002900,20261007235900,전남광주통합특별시 동구 필문대로 365 (서석동),A1500001,21,자동,차단,기타 진료과
2026-10-01 02:30:00,전남광주통합특별시,A1500002,전남대학교병원,응급,Y000,응급실,"월,수,금 야간진료(18:00~08:00) 의료진 부재로 진료 및 인터벤션 불가",20260927000000,20261003235900,전남광주통합특별시 동구 제봉로 42 (학동),A1500002,22,자동,차단,영상의학과
2026-10-01 02:30:00,전남광주통합특별시,A1500002,전남대학교병원,응급,Y000,응급실,"(19:00-07:00) 해당과 사정으로 다음 환자의 진료제공이 제한됨. (안면부 열상, 수부 상지의 tendon, nerve 등의 구조물 손상이 있는 환자)",20260927000000,20261003235900,전남광주통합특별시 동구 제봉로 42 (학동),A1500002,23,자동,차단,성형외과
2026-10-01 02:30:00,전남광주통합특별시,A1500002,전남대학교병원,응급,Y000,응급실,"월,수,금 야간진료(18:00~08:00) 의료진 부재로 진료불가",20260927000000,20261003235900,전남광주통합특별시 동구 제봉로 42 (학동),A1500002,24,자동,차단,비뇨의학과
2026-10-01 02:30:00,전남광주통합특별시,A1500002,전남대학교병원,응급,Y000,응급실,"(22:00-08:00) 비출혈. 이물, 어지럼증 등 단순 처치가 필요한 응급환자에 대해 즉각적인 진료 제공이 어려울 수 있으며, 진료 지연이 발생할 수 있음.",20260927000000,20261003235900,전남광주통합특별시 동구 제봉로 42 (학동),A1500002,25,자동,차단,이비인후과
2026-10-01 02:30:00,전남광주통합특별시,A1500006,신가병원,응급,Y000,응급실,9월 28일부터 10월5일까지 일반외과 휴진,20260928072100,20261005235900,전남광주통합특별시 광산구 목련로 316 (신가동),A1500006,26,자동,차단,외과
2026-10-01 02:30:00,전남광주통합특별시,A1500021,광주기독병원,중증,Y0032,뇌출혈수술(거미막하 출혈 외),중환자실 자리없음.,20260930225000,20261001080000,전남광주통합특별시 남구 양림로 37 (양림동),A1500021,27,자동,차단,
2026-10-01 02:30:00,전남광주통합특별시,A1500021,광주기독병원,중증,Y0031,뇌출혈수술(거미막하 출혈),중환자실 자리없음.,20260930225000,20261001080000,전남광주통합특별시 남구 양림로 37 (양림동),A1500021,28,자동,차단,
2026-10-01 02:30:00,전남광주통합특별시,A1500021,광주기독병원,중증,Y0010,심근경색의 재관류중재술,중환자실 자리없음.,20260930225000,20261001080000,전남광주통합특별시 남구 양림로 37 (양림동),A1500021,29,자동,차단,
2026-10-01 02:30:00,전남광주통합특별시,A1500021,광주기독병원,중증,Y0020,뇌경색의 재관류중재술,중환자실 자리없음.,20260930225000,20261001080000,전남광주통합특별시 남구 양림로 37 (양림동),A1500021,30,자동,차단,
2026-10-01 02:30:00,전남광주통합특별시,A2600019,성가롤로병원,응급,Y000,응급실,응급실 전산장애(17:30) 발생 후 복구 길어져 수용 어려움,20260930230500,20261001070000,전남광주통합특별시 순천시 순광로 221 (조례동),A2600019,31,자동,차단,응급실
2026-10-01 02:30:00,전남광주통합특별시,A2600020,목포기독병원,중증,Y0082,위장관 응급내시경(영유아),"만12세이상, 40KG이상",20260929120000,20261006160000,전남광주통합특별시 목포시 백년대로 303 (상동),A2600020,32,자동,차단,내과
2026-10-01 02:30:00,전남광주통합특별시,A2600020,목포기독병원,중증,Y0081,위장관 응급내시경(성인),"야간, 주말, 공휴일",20260929120000,20261006160000,전남광주통합특별시 목포시 백년대로 303 (상동),A2600020,33,자동,차단,내과
2026-10-01 02:30:00,전남광주통합특별시,A2600020,목포기독병원,중증,Y0141,응급투석(HD),"야간, 주말, 공휴일",20260929120000,20261006160000,전남광주통합특별시 목포시 백년대로 303 (상동),A2600020,34,자동,차단,내과
2026-10-01 02:30:00,전남광주통합특별시,A2600020,목포기독병원,중증,Y0142,응급투석(CRRT),"야간, 주말, 공휴일",20260929120000,20261006160000,전남광주통합특별시 목포시 백년대로 303 (상동),A2600020,35,자동,차단,내과
2026-10-01 02:30:00,전남광주통합특별시,A2600020,목포기독병원,중증,Y0081,위장관 응급내시경(성인),야간 휴일 공휴일,20260929000000,20261006000000,전남광주통합특별시 목포시 백년대로 303 (상동),A2600020,36,자동,차단,내과
2026-10-01 02:30:00,전남광주통합특별시,A2600020,목포기독병원,중증,Y0142,응급투석(CRRT),야간 휴일 공휴일,20260929000000,20261006000000,전남광주통합특별시 목포시 백년대로 303 (상동),A2600020,37,자동,차단,내과
2026-10-01 02:30:00,전남광주통합특별시,A2600020,목포기독병원,중증,Y0141,응급투석(HD),신환불가,20260929000000,20261006000000,전남광주통합특별시 목포시 백년대로 303 (상동),A2600020,38,자동,차단,내과
2026-10-01 02:30:00,전남광주통합특별시,A2600056,전라남도순천의료원,중증,Y0051,담낭담관질환(담낭질환),불가능메세지등록,20260930000000,20261007235900,전남광주통합특별시 순천시 서문성터길 2   (매곡동),A2600056,39,자동,차단,외과
2026-10-01 02:30:00,전남광주통합특별시,A2600056,전라남도순천의료원,중증,Y0060,복부응급수술(비외상),불가능메세지등록,20260930000000,20261007235900,전남광주통합특별시 순천시 서문성터길 2   (매곡동),A2600056,40,자동,차단,외과
2026-10-01 02:30:00,강원특별자치도,A2200008,강릉아산병원,응급,Y000,응급실,"금요일, 일요일 산부인과 진료 불가",20260928201200,20261001200000,강원특별자치도 강릉시 사천면 방동길 38,A2200008,1,자동,차단,산부인과
2026-10-01 02:30:00,강원특별자치도,A2200008,강릉아산병원,응급,Y000,응급실,"소아 야간진료 불가(화요일, 수요일 제외)",20260924200000,20261001200000,강원특별자치도 강릉시 사천면 방동길 38,A2200008,2,자동,차단,소아청소년과
2026-10-01 02:30:00,강원특별자치도,A2200012,강원특별자치도속초의료원,중증,Y0111,산부인과 응급(분만),불가능메세지등록,20260930173000,20261001083000,강원특별자치도 속초시 영랑호반길 3 (영랑동),A2200012,3,자동,차단,
2026-10-01 02:30:00,강원특별자치도,A2200012,강원특별자치도속초의료원,중증,Y0112,산부인과 응급(산과수술),불가능메세지등록,20260930173000,20261001083000,강원특별자치도 속초시 영랑호반길 3 (영랑동),A2200012,4,자동,차단,
2026-10-01 02:30:00,강원특별자치도,A2200012,강원특별자치도속초의료원,중증,Y0113,산부인과 응급(부인과수술),불가능메세지등록,20260930173000,20261001083000,강원특별자치도 속초시 영랑호반길 3 (영랑동),A2200012,5,자동,차단,
2026-10-01 02:30:00,충청북도,A2300001,충북대학교병원,응급,Y000,응급실,불가능메세지등록,20260930090000,20261001085900,"충청북도 청주시 서원구 1순환로 776-0 (개신동,충북대학교병원)",A2300001,1,자동,차단,외상외과
2026-10-01 02:30:00,충청남도,A2400002,단국대학교의과대학부속병원,중증,Y0100,저출생체중아,소아과 인력부족으로 환자 수용 불가능,20261001000000,20261001080000,"충청남도 천안시 동남구 망향로 201 (안서동, 단국대학교의과대학부속병원)",A2400002,1,자동,차단,
2026-10-01 02:30:00,충청남도,A2400002,단국대학교의과대학부속병원,중증,Y0070,장중첩/폐색(유아),소아과 인력부족으로 환자 수용 불가능,20261001000000,20261001080000,"충청남도 천안시 동남구 망향로 201 (안서동, 단국대학교의과대학부속병원)",A2400002,2,자동,차단,
2026-10-01 02:30:00,충청남도,A2400002,단국대학교의과대학부속병원,중증,Y0082,위장관 응급내시경(영유아),소아과 인력부족으로 환자 수용 불가능,20260930230100,20261001080000,"충청남도 천안시 동남구 망향로 201 (안서동, 단국대학교의과대학부속병원)",A2400002,3,자동,차단,
2026-10-01 02:30:00,충청남도,A2400002,단국대학교의과대학부속병원,응급,Y000,응급실,중환자실 입원이 필요한 소아 및 post CPR 케어 환아 입원 치료는 불가합니다,20260928230100,20261005230000,"충청남도 천안시 동남구 망향로 201 (안서동, 단국대학교의과대학부속병원)",A2400002,4,자동,차단,소아청소년과
2026-10-01 02:30:00,충청남도,A2400002,단국대학교의과대학부속병원,응급,Y000,응급실,호흡기 분과 교수의 부재로 급성 호흡곤란 증후군의 환자 입원 치료는 불가합니다.,20260928230100,20261005230000,"충청남도 천안시 동남구 망향로 201 (안서동, 단국대학교의과대학부속병원)",A2400002,5,자동,차단,소아청소년과
2026-10-01 02:30:00,충청남도,A2400002,단국대학교의과대학부속병원,응급,Y000,응급실,경증환자 및 봉합 필요한 환자 수용 어렵습니다. 환자 이송시 수용여부 확인 바랍니다.,20260928230100,20261005230000,"충청남도 천안시 동남구 망향로 201 (안서동, 단국대학교의과대학부속병원)",A2400002,6,자동,차단,응급실
2026-10-01 02:30:00,충청남도,A2400002,단국대학교의과대학부속병원,응급,Y000,응급실,소아신경 의료진 부재로 경련 질환 환아의 입원치료 불가합니다.,20260928230100,20261005230000,"충청남도 천안시 동남구 망향로 201 (안서동, 단국대학교의과대학부속병원)",A2400002,7,자동,차단,소아청소년과
2026-10-01 02:30:00,충청남도,A2400002,단국대학교의과대학부속병원,응급,Y000,응급실,응급실 인력 부족으로 탄력적 병상 운영합니다. 진료 지연 있습니다,20260928230100,20261005230000,"충청남도 천안시 동남구 망향로 201 (안서동, 단국대학교의과대학부속병원)",A2400002,8,자동,차단,응급실
2026-10-01 02:30:00,충청남도,A2400002,단국대학교의과대학부속병원,응급,Y000,응급실,비뇨기과 의료진 부족으로 환자 수용 불가능,20260928230100,20261005230000,"충청남도 천안시 동남구 망향로 201 (안서동, 단국대학교의과대학부속병원)",A2400002,9,자동,차단,비뇨의학과
2026-10-01 02:30:00,전북특별자치도,A2500001,원광대학교병원,응급,Y000,응급실,병원 사정상 전원 시 반드시 연락 바랍니다.,20260927000000,20261004000000,"전북특별자치도 익산시 무왕로 895 (신동,(신동))",A2500001,1,자동,차단,응급실
2026-10-01 02:30:00,전북특별자치도,A2500001,원광대학교병원,응급,Y000,응급실,마취통증의학과 인력부족으로 인해 18시 이후로 응급수술 불가능 합니다.,20260927000000,20261004000000,"전북특별자치도 익산시 무왕로 895 (신동,(신동))",A2500001,2,자동,차단,마취통증의학과
2026-10-01 02:30:00,전북특별자치도,A2500001,원광대학교병원,응급,Y000,응급실,매주 토요일 소화기내과 진료 원활하지 않습니다. 반드시 연락주세요.,20260927000000,20261004000000,"전북특별자치도 익산시 무왕로 895 (신동,(신동))",A2500001,3,자동,차단,소화기내과
2026-10-01 02:30:00,전북특별자치도,A2500001,원광대학교병원,응급,Y000,응급실,본원 소화기내과 인력부족으로 22:00~08:00에는 응급내시경 불가합니다.,20260927000000,20261004000000,"전북특별자치도 익산시 무왕로 895 (신동,(신동))",A2500001,4,자동,차단,소화기내과
2026-10-01 02:30:00,전북특별자치도,A2500001,원광대학교병원,응급,Y000,응급실,정형외과 진료 원활하지 않습니다. 반드시 연락주세요.,20260927000000,20261004000000,"전북특별자치도 익산시 무왕로 895 (신동,(신동))",A2500001,5,자동,차단,정형외과
2026-10-01 02:30:00,전북특별자치도,A2500001,원광대학교병원,응급,Y000,응급실,성형외과 진료 원활하지 않습니다. 반드시 연락주세요.,20260927000000,20261004000000,"전북특별자치도 익산시 무왕로 895 (신동,(신동))",A2500001,6,자동,차단,성형외과
2026-10-01 02:30:00,전북특별자치도,A2500001,원광대학교병원,응급,Y000,응급실,호흡기내과 진료 원활하지 않습니다. 반드시 연락주세요.,20260927000000,20261004000000,"전북특별자치도 익산시 무왕로 895 (신동,(신동))",A2500001,7,자동,차단,호흡기내과
2026-10-01 02:30:00,전북특별자치도,A2500001,원광대학교병원,중증,Y0131,수족지접합,수족지접합  진료 불가능합니다.,20260927000000,20261004000000,"전북특별자치도 익산시 무왕로 895 (신동,(신동))",A2500001,8,자동,차단,
2026-10-01 02:30:00,전북특별자치도,A2500001,원광대학교병원,중증,Y0132,수족지접합 외,수족지접합 외 진료 불가능합니다.,20260927000000,20261004000000,"전북특별자치도 익산시 무왕로 895 (신동,(신동))",A2500001,9,자동,차단,
2026-10-01 02:30:00,전북특별자치도,A2500001,원광대학교병원,응급,Y000,응급실,소화기내과 매주 금요일 12:00부터 월요일 08:59까지 소화기내과 응급내시경 불가합니다.,20260927000000,20261004000000,"전북특별자치도 익산시 무왕로 895 (신동,(신동))",A2500001,10,자동,차단,소화기내과
2026-10-01 02:30:00,전북특별자치도,A2500001,원광대학교병원,응급,Y000,응급실,비뇨기과 야간 진료 원활하지 않습니다. 반드시 연락주세요.,20260927000000,20261004000000,"전북특별자치도 익산시 무왕로 895 (신동,(신동))",A2500001,11,자동,차단,비뇨의학과
2026-10-01 02:30:00,전북특별자치도,A2500001,원광대학교병원,응급,Y000,응급실,야간 소아 진료 원활하지 않습니다. 반드시 연락주세요,20260927000000,20261004000000,"전북특별자치도 익산시 무왕로 895 (신동,(신동))",A2500001,12,자동,차단,소아청소년과
2026-10-01 02:30:00,전북특별자치도,A2500001,원광대학교병원,응급,Y000,응급실,이비인후과 야간 진료 원활하지 않습니다. 반드시 연락주세요.,20260927000000,20261004000000,"전북특별자치도 익산시 무왕로 895 (신동,(신동))",A2500001,13,자동,차단,이비인후과
2026-10-01 02:30:00,전북특별자치도,A2500002,전북대학교병원,응급,Y000,응급실,"혈관외과 진료인력 부재로 혈관외과 진료, 전원, 협진 불가",20260930235800,20261006070000,전북특별자치도 전주시 덕진구 건지로 20 (금암동),A2500002,14,자동,차단,외과
2026-10-01 02:30:00,전북특별자치도,A2500002,전북대학교병원,응급,Y000,응급실,매주 수요일 19:00-익일 7:00 전공의 부재로 외부 전원 수용 불가 및 응급실 진료 지연,20260930190000,20261001070000,전북특별자치도 전주시 덕진구 건지로 20 (금암동),A2500002,15,자동,차단,신경외과
2026-10-01 02:30:00,전북특별자치도,A2500002,전북대학교병원,응급,Y000,응급실,전라북도외 전원문의및 타병원 항암환자 진료제한,20260928063000,20261005000000,전북특별자치도 전주시 덕진구 건지로 20 (금암동),A2500002,16,자동,차단,소화기내과
2026-10-01 02:30:00,전북특별자치도,A2500002,전북대학교병원,응급,Y000,응급실,소아 신경 전문의 부재로 인해 소아 신경 응급 환자 진료 불가,20260928015000,20261005000000,전북특별자치도 전주시 덕진구 건지로 20 (금암동),A2500002,17,자동,차단,소아청소년과
2026-10-01 02:30:00,전북특별자치도,A2500002,전북대학교병원,응급,Y000,응급실,전라북도 외 두경부 응급수술 및 전원불가,20260928015000,20261005000000,전북특별자치도 전주시 덕진구 건지로 20 (금암동),A2500002,18,자동,차단,이비인후과
2026-10-01 02:30:00,전북특별자치도,A2500002,전북대학교병원,응급,Y000,응급실,"주말 및 공휴일 응급환자 진료 불가,평일 (9:00 - 17:30) 진료 가능",20260927231200,20261004000000,전북특별자치도 전주시 덕진구 건지로 20 (금암동),A2500002,19,자동,차단,비뇨의학과
2026-10-01 02:30:00,전북특별자치도,A2500004,전북특별자치도남원의료원,응급,Y000,응급실,당직콜 불가능합니다. 내원 전 유선확인 부탁드립니다.,20260930173100,20261001082900,전북특별자치도 남원시 충정로 365 (고죽동),A2500004,20,자동,차단,신경외과
2026-10-01 02:30:00,전북특별자치도,A2500004,전북특별자치도남원의료원,응급,Y000,응급실,당직콜 불가능합니다. 내원 전 유선확인 부탁드립니다.,20260930173100,20261001082900,전북특별자치도 남원시 충정로 365 (고죽동),A2500004,21,자동,차단,흉부외과
2026-10-01 02:30:00,전북특별자치도,A2500006,재단법인예수병원유지재단예수병원,응급,Y000,응급실,소화기내과 일부질환 진료 원활하지 않습니다. 전원시 반드시 연락바랍니다.,20260930220000,20261001060000,"전북특별자치도 전주시 완산구 서원로 365 (중화산동1가, 예수병원)",A2500006,22,자동,차단,소화기내과
2026-10-01 02:30:00,전북특별자치도,A2500006,재단법인예수병원유지재단예수병원,응급,Y000,응급실,호흡기내과 일부질환 진료 원활하지 않습니다. 전원시 반드시 연락바랍니다.,20260930180000,20261001060000,"전북특별자치도 전주시 완산구 서원로 365 (중화산동1가, 예수병원)",A2500006,23,자동,차단,호흡기내과
2026-10-01 02:30:00,전북특별자치도,A2500006,재단법인예수병원유지재단예수병원,응급,Y000,응급실,"신경과,이비인후과,안과,피부과 주말 및 야간 진료 원활하지 않습니다. 전원시 반드시 연락바랍니다.",20260930180000,20261001060000,"전북특별자치도 전주시 완산구 서원로 365 (중화산동1가, 예수병원)",A2500006,24,자동,차단,기타 진료과
2026-10-01 02:30:00,전북특별자치도,A2500006,재단법인예수병원유지재단예수병원,응급,Y000,응급실,신경외과 일부질환 진료 원활하지 않습니다. 전원시 반드시 연락바랍니다.,20260930080000,20261001080000,"전북특별자치도 전주시 완산구 서원로 365 (중화산동1가, 예수병원)",A2500006,25,자동,차단,신경외과
2026-10-01 02:30:00,전북특별자치도,A2500007,전북특별자치도군산의료원,중증,Y0100,저출생체중아,2.5kg이하 저체중 출생아 수용 불가능,20260928000000,20261004235900,"전북특별자치도 군산시 의료원로 27 (지곡동,(지곡동, 군산의료원))",A2500007,26,자동,차단,
2026-10-01 02:30:00,전북특별자치도,A2500012,의료법인오성의료재단동군산병원,중증,Y0171,영상의학혈관중재(성인),담당의 부재,20260928083000,20261001083000,전북특별자치도 군산시 조촌로 149 (조촌동),A2500012,27,자동,차단,
2026-10-01 02:30:00,경상북도,A2700002,포항세명기독병원,응급,Y000,응급실,중증화상환자 전원의뢰시 사전문의 부탁드립니다. (20~30% 가능),20260929000000,20261006235900,경상북도 포항시 남구 포스코대로 351 (대도동),A2700002,1,자동,차단,성형외과
2026-10-01 02:30:00,경상북도,A2700002,포항세명기독병원,응급,Y000,응급실,안과 전문의 부재로 안과 진료 불가합니다,20260929000000,20261006235900,경상북도 포항시 남구 포스코대로 351 (대도동),A2700002,2,자동,차단,안과
2026-10-01 02:30:00,경상북도,A2700002,포항세명기독병원,응급,Y000,응급실,"PS진료 화요일, 목요일, 금요일(오전) 진료만 가능합니다.",20260929000000,20261006235900,경상북도 포항시 남구 포스코대로 351 (대도동),A2700002,3,자동,차단,성형외과
2026-10-01 02:30:00,경상북도,A2700002,포항세명기독병원,응급,Y000,응급실,ERCP 평일 일과시간(09:00~17:30) 가능합니다. 전원 의뢰시 사전문의 부탁드립니다.,20260929000000,20261006235900,경상북도 포항시 남구 포스코대로 351 (대도동),A2700002,4,자동,차단,외과
2026-10-01 02:30:00,경상북도,A2700002,포항세명기독병원,응급,Y000,응급실,영유아 장중첩/장폐색 12개월 이상만 수술 가능합니다. 전원 의뢰시 사전문의 부탁드립니다.,20260929000000,20261006235900,경상북도 포항시 남구 포스코대로 351 (대도동),A2700002,5,자동,차단,외과
2026-10-01 02:30:00,경상북도,A2700002,포항세명기독병원,응급,Y000,응급실,"대동맥 응급질환 (TEVAR, EVAR) 가능합니다. 전원 의뢰시 사전문의 부탁드립니다.",20260929000000,20261006235900,경상북도 포항시 남구 포스코대로 351 (대도동),A2700002,6,자동,차단,흉부외과
2026-10-01 02:30:00,경상북도,A2700006,의료법인동춘의료재단문경제일병원,응급,Y000,응급실,정신과 응급 입원시 사전에 전화 문의 부탁 드립니다.,20260930163700,20261007210000,경상북도 문경시 당교3길 25 (모전동),A2700006,7,자동,차단,정신건강의학과
2026-10-01 02:30:00,경상북도,A2700007,차의과학대학교부속구미차병원,응급,Y000,응급실,②ICU내 격리실에서 CRRT가용은 불가능함.,20260930150000,20261007150000,경상북도 구미시 신시로10길 12 (형곡동),A2700007,8,자동,차단,신장내과
2026-10-01 02:30:00,경상북도,A2700007,차의과학대학교부속구미차병원,응급,Y000,응급실,⑤영상의학 혈관중재(성인) 연락 후 수용결정,20260930150000,20261007150000,경상북도 구미시 신시로10길 12 (형곡동),A2700007,9,자동,차단,영상의학과
2026-10-01 02:30:00,경상북도,A2700007,차의과학대학교부속구미차병원,응급,Y000,응급실,③기관지내시경 연락 후 수용결정,20260930150000,20261007150000,경상북도 구미시 신시로10길 12 (형곡동),A2700007,10,자동,차단,호흡기내과
2026-10-01 02:30:00,경상북도,A2700007,차의과학대학교부속구미차병원,응급,Y000,응급실,"⑥중독환자 내원 시 반드시 사전 연락 후 결정!,",20260930150000,20261007150000,경상북도 구미시 신시로10길 12 (형곡동),A2700007,11,자동,차단,정신건강의학과
2026-10-01 02:30:00,경상북도,A2700007,차의과학대학교부속구미차병원,응급,Y000,응급실,"④응급내시경 연락 후 수용 결정,",20260930150000,20261007150000,경상북도 구미시 신시로10길 12 (형곡동),A2700007,12,자동,차단,소화기내과
2026-10-01 02:30:00,경상북도,A2700007,차의과학대학교부속구미차병원,응급,Y000,응급실,"①본원 F/U 산모 중 34주 이상, 34주 이상 twin만 가능",20260930150000,20261007150000,경상북도 구미시 신시로10길 12 (형곡동),A2700007,13,자동,차단,산부인과
2026-10-01 02:30:00,경상북도,A2700007,차의과학대학교부속구미차병원,응급,Y000,응급실,"⑦안과 외래있는날만 가능 (월, 토-오전 가능, 화,수,금-오전&오후 가능, )",20260930150000,20261007150000,경상북도 구미시 신시로10길 12 (형곡동),A2700007,14,자동,차단,안과
2026-10-01 02:30:00,경상북도,A2700007,차의과학대학교부속구미차병원,응급,Y000,응급실,⑧CAG 필요시 사전 연락!,20260930150000,20261007150000,경상북도 구미시 신시로10길 12 (형곡동),A2700007,15,자동,차단,순환기내과
2026-10-01 02:30:00,경상북도,A2700011,상주적십자병원,중증,Y0060,복부응급수술(비외상),불가능메세지등록,20260930030000,20261005000000,경상북도 상주시 상서문로 53 (남성동),A2700011,16,자동,차단,외과
2026-10-01 02:30:00,경상북도,A2700011,상주적십자병원,중증,Y0051,담낭담관질환(담낭질환),불가능메세지등록,20260930030000,20261005000000,경상북도 상주시 상서문로 53 (남성동),A2700011,17,자동,차단,외과
2026-10-01 02:30:00,경상북도,A2700013,순천향대학교부속구미병원,응급,Y000,응급실,불가능메세지등록,20260928090000,20261005090000,"경상북도 구미시 1공단로 179 (공단동, (공단동))",A2700013,18,자동,차단,호흡기내과
2026-10-01 02:30:00,경상북도,A2700013,순천향대학교부속구미병원,응급,Y000,응급실,불가능메세지등록,20260928090000,20261005090000,"경상북도 구미시 1공단로 179 (공단동, (공단동))",A2700013,19,자동,차단,산부인과
2026-10-01 02:30:00,경상북도,A2700013,순천향대학교부속구미병원,응급,Y000,응급실,불가능메세지등록,20260928090000,20261005090000,"경상북도 구미시 1공단로 179 (공단동, (공단동))",A2700013,20,자동,차단,정형외과
2026-10-01 02:30:00,경상북도,A2700014,의료법인안동병원,중증,Y0081,위장관 응급내시경(성인),주간(외래시간) 가능합니다.,20260930170000,20261001083000,경상북도 안동시 앙실로 11 (수상동),A2700014,21,자동,차단,내과
2026-10-01 02:30:00,경상북도,A2700014,의료법인안동병원,중증,Y0091,기관지 응급내시경(성인),주간(외래시간) 가능합니다.,20260930170000,20261001083000,경상북도 안동시 앙실로 11 (수상동),A2700014,22,자동,차단,
2026-10-01 02:30:00,경상북도,A2700014,의료법인안동병원,중증,Y0160,안과적 응급 수술,주간(외래시간) 가능합니다.,20260930170000,20261001083000,경상북도 안동시 앙실로 11 (수상동),A2700014,23,자동,차단,
2026-10-01 02:30:00,경상북도,A2700014,의료법인안동병원,중증,Y0042,대동맥응급(복부),담당의 부재로 수용 불가합니다.,20260929090000,20261001090000,경상북도 안동시 앙실로 11 (수상동),A2700014,24,자동,차단,심장혈관흉부외과
2026-10-01 02:30:00,경상북도,A2700014,의료법인안동병원,중증,Y0041,대동맥응급(흉부),담당의 부재로 수용 불가합니다.,20260929090000,20261001090000,경상북도 안동시 앙실로 11 (수상동),A2700014,25,자동,차단,심장혈관흉부외과
2026-10-01 02:30:00,경상북도,A2700014,의료법인안동병원,응급,Y000,응급실,영유아 장중첩/장폐색 정복술(만3개월 6세이하)만 가능합니다.,20260929083000,20261006130000,경상북도 안동시 앙실로 11 (수상동),A2700014,26,자동,차단,영상의학과
2026-10-01 02:30:00,경상북도,A2700014,의료법인안동병원,응급,Y000,응급실,"안과적 응급수술 각막열상봉합술,결막열상봉합술,공막열상봉합술,각결막이물제거술만 가능합니다.",20260929083000,20261006130000,경상북도 안동시 앙실로 11 (수상동),A2700014,27,자동,차단,안과
2026-10-01 02:30:00,경상북도,A2700014,의료법인안동병원,응급,Y000,응급실,산부인과 응급(분만) 35주 미만 불가합니다.,20260929083000,20261006130000,경상북도 안동시 앙실로 11 (수상동),A2700014,28,자동,차단,산부인과
2026-10-01 02:30:00,경상북도,A2700014,의료법인안동병원,응급,Y000,응급실,"★★응급실 내 격리병상 부족으로 폐렴,FEVER,호흡기 증상 환자는 이송 전 문의 바랍니다.★★",20260929083000,20261006130000,경상북도 안동시 앙실로 11 (수상동),A2700014,29,자동,차단,응급실
2026-10-01 02:30:00,경상북도,A2700014,의료법인안동병원,응급,Y000,응급실,정신과 응급입원 여환만 입원 가능합니다. 사전 연락바랍니다.,20260929083000,20261006130000,경상북도 안동시 앙실로 11 (수상동),A2700014,30,자동,차단,정신건강의학과
2026-10-01 02:30:00,경상북도,A2700014,의료법인안동병원,응급,Y000,응급실,영상의학 혈관중재(영유아) 만4세 20kg 이상가능합니다.,20260929083000,20261006130000,경상북도 안동시 앙실로 11 (수상동),A2700014,31,자동,차단,영상의학과
2026-10-01 02:30:00,경상북도,A2700014,의료법인안동병원,응급,Y000,응급실,★★앤지오시술 필요 시 응급실 사전 연락바랍니다.★★,20260929083000,20261006130000,경상북도 안동시 앙실로 11 (수상동),A2700014,32,자동,차단,영상의학과
2026-10-01 02:30:00,경상북도,A2700014,의료법인안동병원,응급,Y000,응급실,고압산소치료 환자 전원 의뢰시 사전 연락바랍니다.(의식상태 확인 필요),20260929083000,20261006130000,경상북도 안동시 앙실로 11 (수상동),A2700014,33,자동,차단,호흡기내과
2026-10-01 02:30:00,경상북도,A2700014,의료법인안동병원,응급,Y000,응급실,"저출생체중아 35주, 2000g 이상 가능합니다.",20260929083000,20261006130000,경상북도 안동시 앙실로 11 (수상동),A2700014,34,자동,차단,소아청소년과
2026-10-01 02:30:00,경상북도,A2700014,의료법인안동병원,응급,Y000,응급실,"대동맥응급(흉부, 복부) 수술 사전 꼭 연락바랍니다.",20260929083000,20261006130000,경상북도 안동시 앙실로 11 (수상동),A2700014,35,자동,차단,흉부외과
2026-10-01 02:30:00,경상북도,A2700016,포항성모병원,응급,Y000,응급실,"흉부외과 매주 수,토요일 진료 불가합니다.",20260928110200,20261005180000,경상북도 포항시 남구 대잠동길 17 (대잠동),A2700016,36,자동,차단,흉부외과
2026-10-01 02:30:00,경상북도,A2700016,포항성모병원,응급,Y000,응급실,영유아 위장관 응급내시경 만7세부터 가능 합니다.,20260928110200,20261005180000,경상북도 포항시 남구 대잠동길 17 (대잠동),A2700016,37,자동,차단,소아청소년과
2026-10-01 02:30:00,경상북도,A2700016,포항성모병원,응급,Y000,응급실,성인 기관지 응급 내시경 평일 (09:00-17:00) 진료 가능합니다. (휴일불가능),20260928110200,20261005180000,경상북도 포항시 남구 대잠동길 17 (대잠동),A2700016,38,자동,차단,호흡기내과
2026-10-01 02:30:00,경상북도,A2700016,포항성모병원,응급,Y000,응급실,안과적 질환 평일 (09:00-17:00) 진료 가능합니다. (휴일불가능),20260928110200,20261005180000,경상북도 포항시 남구 대잠동길 17 (대잠동),A2700016,39,자동,차단,안과
2026-10-01 02:30:00,경상북도,A2700016,포항성모병원,응급,Y000,응급실,고압산소 중증환자(기관삽관) 수용불가합니다.,20260928110200,20261005180000,경상북도 포항시 남구 대잠동길 17 (대잠동),A2700016,40,자동,차단,기타 진료과
2026-10-01 02:30:00,경상북도,A2700016,포항성모병원,응급,Y000,응급실,"해당날짜< 9/29, 10/2-4> 뇌경색 외 신경과 진료 불가능 합니다.",20260928110200,20261005180000,경상북도 포항시 남구 대잠동길 17 (대잠동),A2700016,41,자동,차단,신경과
2026-10-01 02:30:00,경상북도,A2700016,포항성모병원,응급,Y000,응급실,산부인과 응급(분만) 35주이상 또는 2.5kg 이상이면 가능합니다. 본원 f/u 환자 아니면 수용문의부탁드립니다.,20260928110200,20261005180000,경상북도 포항시 남구 대잠동길 17 (대잠동),A2700016,42,자동,차단,산부인과
2026-10-01 02:30:00,경상북도,A2700016,포항성모병원,응급,Y000,응급실,토요일 오후13시 ~ 월요일 오전8시( 공휴일 포함) 영상의학과 당직 부재로 소아장충첩증 수용불가능 합니다.(공기정복술 시술 불가),20260928110200,20261005180000,경상북도 포항시 남구 대잠동길 17 (대잠동),A2700016,43,자동,차단,영상의학과
2026-10-01 02:30:00,경상북도,A2700016,포항성모병원,응급,Y000,응급실,금요일 12시~토요일 12시까지 진료 및 입원 불가합니다.,20260928110200,20261005180000,경상북도 포항시 남구 대잠동길 17 (대잠동),A2700016,44,자동,차단,감염내과
2026-10-01 02:30:00,경상남도,A2800001,경상국립대학교병원,중증,Y0132,수족지접합 외,수술불가,20260927090000,20261004090000,경상남도 진주시 강남로 79 (칠암동),A2800001,1,자동,차단,
2026-10-01 02:30:00,경상남도,A2800001,경상국립대학교병원,응급,Y000,응급실,소아 urticaria 수용불가,20260927090000,20261004090000,경상남도 진주시 강남로 79 (칠암동),A2800001,2,자동,차단,소아청소년과
2026-10-01 02:30:00,경상남도,A2800001,경상국립대학교병원,응급,Y000,응급실,32주미만 산모수용불가,20260927090000,20261004090000,경상남도 진주시 강남로 79 (칠암동),A2800001,3,자동,차단,산부인과
2026-10-01 02:30:00,경상남도,A2800001,경상국립대학교병원,중증,Y0131,수족지접합,수술불가,20260927090000,20261004090000,경상남도 진주시 강남로 79 (칠암동),A2800001,4,자동,차단,
2026-10-01 02:30:00,경상남도,A2800001,경상국립대학교병원,중증,Y0070,장중첩/폐색(유아),수용불가,20260927090000,20261004090000,경상남도 진주시 강남로 79 (칠암동),A2800001,5,자동,차단,
2026-10-01 02:30:00,경상남도,A2800001,경상국립대학교병원,중증,Y0042,대동맥응급(복부),수술 필요 시 수용불가,20260927090000,20261004090000,경상남도 진주시 강남로 79 (칠암동),A2800001,6,자동,차단,
2026-10-01 02:30:00,경상남도,A2800001,경상국립대학교병원,중증,Y0041,대동맥응급(흉부),수술 필요 시 수용불가,20260927090000,20261004090000,경상남도 진주시 강남로 79 (칠암동),A2800001,7,자동,차단,
2026-10-01 02:30:00,경상남도,A2800001,경상국립대학교병원,응급,Y000,응급실,의료진 부족으로 수용불가,20260927090000,20261004090000,경상남도 진주시 강남로 79 (칠암동),A2800001,8,자동,차단,피부과
2026-10-01 02:30:00,경상남도,A2800001,경상국립대학교병원,응급,Y000,응급실,중증외상(사지 절단) 수지 접합 불가능,20260927090000,20261004090000,경상남도 진주시 강남로 79 (칠암동),A2800001,9,자동,차단,정형외과
2026-10-01 02:30:00,경상남도,A2800001,경상국립대학교병원,응급,Y000,응급실,"고관절 질환, 고관절인공관절 질환 환자 수용 불가",20260927090000,20261004090000,경상남도 진주시 강남로 79 (칠암동),A2800001,10,자동,차단,정형외과
2026-10-01 02:30:00,경상남도,A2800001,경상국립대학교병원,응급,Y000,응급실,"수부 질환, 소아정형환자 수용불가",20260927090000,20261004090000,경상남도 진주시 강남로 79 (칠암동),A2800001,11,자동,차단,정형외과
2026-10-01 02:30:00,경상남도,A2800001,경상국립대학교병원,응급,Y000,응급실,shoulder part 진료불가,20260927090000,20261004090000,경상남도 진주시 강남로 79 (칠암동),A2800001,12,자동,차단,정형외과
2026-10-01 02:30:00,경상남도,A2800001,경상국립대학교병원,응급,Y000,응급실,8세 미만 DI 환자 수용불가,20260927090000,20261004090000,경상남도 진주시 강남로 79 (칠암동),A2800001,13,자동,차단,소아청소년과
2026-10-01 02:30:00,경상남도,A2800004,창원파티마병원,응급,Y000,응급실,"소아과 전문 진료 가능(평일 17:00-22:00, 토요일 13:00-17:00, 일요일 10:00-17:00)",20260928000000,20261005235900,경상남도 창원시 의창구 창이대로 45 (명서동),A2800004,14,자동,차단,소아청소년과
2026-10-01 02:30:00,경상남도,A2800004,창원파티마병원,응급,Y000,응급실,대동맥박리 진료 불가,20260928000000,20261005235900,경상남도 창원시 의창구 창이대로 45 (명서동),A2800004,15,자동,차단,흉부외과
2026-10-01 02:30:00,경상남도,A2800004,창원파티마병원,응급,Y000,응급실,"~ 12/31까지 감염내과 진료 불가 (원인불명 열, 피부감염 등)",20260928000000,20261005235900,경상남도 창원시 의창구 창이대로 45 (명서동),A2800004,16,자동,차단,감염내과
2026-10-01 02:30:00,경상남도,A2800004,창원파티마병원,응급,Y000,응급실,사전에 수용여부 확인 바랍니다.,20260928000000,20261005235900,경상남도 창원시 의창구 창이대로 45 (명서동),A2800004,17,자동,차단,치과
2026-10-01 02:30:00,경상남도,A2800004,창원파티마병원,응급,Y000,응급실,"정신과 응급진료 불가 (약물중독, 자해, 입원이 필요한 경우)",20260928000000,20261005235900,경상남도 창원시 의창구 창이대로 45 (명서동),A2800004,18,자동,차단,정신건강의학과
2026-10-01 02:30:00,경상남도,A2800004,창원파티마병원,응급,Y000,응급실,"심부열상, 개방성 골절 진료 불가",20260928000000,20261005235900,경상남도 창원시 의창구 창이대로 45 (명서동),A2800004,19,자동,차단,정형외과
2026-10-01 02:30:00,경상남도,A2800004,창원파티마병원,응급,Y000,응급실,사전에 수용여부 확인바랍니다.,20260928000000,20261005235900,경상남도 창원시 의창구 창이대로 45 (명서동),A2800004,20,자동,차단,이비인후과
2026-10-01 02:30:00,경상남도,A2800004,창원파티마병원,응급,Y000,응급실,일산화탄소 중독 환자 진료 불가,20260928000000,20261005235900,경상남도 창원시 의창구 창이대로 45 (명서동),A2800004,21,자동,차단,병상 또는 장비
2026-10-01 02:30:00,경상남도,A2800004,창원파티마병원,응급,Y000,응급실,"[야간, 주말] 성형외과 전문의 진료 및 봉합 불가",20260928000000,20261005235900,경상남도 창원시 의창구 창이대로 45 (명서동),A2800004,22,자동,차단,성형외과
2026-10-01 02:30:00,경상남도,A2800004,창원파티마병원,응급,Y000,응급실,사전에 수용여부 확인 바랍니다.,20260928000000,20261005235900,경상남도 창원시 의창구 창이대로 45 (명서동),A2800004,23,자동,차단,피부과
2026-10-01 02:30:00,경상남도,A2800004,창원파티마병원,응급,Y000,응급실,사전에 수용여부 확인 바랍니다.,20260928000000,20261005235900,경상남도 창원시 의창구 창이대로 45 (명서동),A2800004,24,자동,차단,비뇨의학과
2026-10-01 02:30:00,경상남도,A2800004,창원파티마병원,응급,Y000,응급실,성인 위내시경 가능 시간 ▶ 평일 09:00~17:00,20260928000000,20261005235900,경상남도 창원시 의창구 창이대로 45 (명서동),A2800004,25,자동,차단,소화기내과
2026-10-01 02:30:00,경상남도,A2800004,창원파티마병원,응급,Y000,응급실,"19세 미만 소아분과 진료 불가 (의식변화, 발열 없는 경련, 실신 등)",20260928000000,20261005235900,경상남도 창원시 의창구 창이대로 45 (명서동),A2800004,26,자동,차단,소아청소년과
2026-10-01 02:30:00,경상남도,A2800004,창원파티마병원,응급,Y000,응급실,혈액종양내과 진료 불가,20260928000000,20261005235900,경상남도 창원시 의창구 창이대로 45 (명서동),A2800004,27,자동,차단,혈액·종양내과
2026-10-01 02:30:00,경상남도,A2800004,창원파티마병원,응급,Y000,응급실,"[야간, 주말] 정형외과 전문의 진료 및 봉합 불가",20260928000000,20261005235900,경상남도 창원시 의창구 창이대로 45 (명서동),A2800004,28,자동,차단,정형외과
2026-10-01 02:30:00,경상남도,A2800007,창원한마음병원,응급,Y000,응급실,[소아청소년과] 소아 이물질환자 진료불가,20260928110000,20261005120000,경상남도 창원시 의창구 용동로57번길 8 (사림동),A2800007,29,자동,차단,소아청소년과
2026-10-01 02:30:00,경상남도,A2800007,창원한마음병원,응급,Y000,응급실,"[소아청소년과] 소아 중증호흡기질환, 특히 소아 intubation이 필요한 중증환아의 경우 본원 소아 인공호흡기장비 부재로 진료불가",20260928110000,20261005120000,경상남도 창원시 의창구 용동로57번길 8 (사림동),A2800007,30,자동,차단,병상 또는 장비
2026-10-01 02:30:00,경상남도,A2800007,창원한마음병원,응급,Y000,응급실,[정형외과] 사지접합의 수술이 필요한 환자 내원 시 응급의료센터 확인 요망,20260928110000,20261005120000,경상남도 창원시 의창구 용동로57번길 8 (사림동),A2800007,31,자동,차단,응급실
2026-10-01 02:30:00,경상남도,A2800007,창원한마음병원,응급,Y000,응급실,[소아청소년과] 3개월 미만 환아 소아전문의 부재로 진료불가,20260928110000,20261005120000,경상남도 창원시 의창구 용동로57번길 8 (사림동),A2800007,32,자동,차단,소아청소년과
2026-10-01 02:30:00,경상남도,A2800007,창원한마음병원,응급,Y000,응급실,[소아청소년과] seizure 포함 소아신경학적증상 있는 소아의 경우 소아신경과 부재로 진료불가,20260928110000,20261005120000,경상남도 창원시 의창구 용동로57번길 8 (사림동),A2800007,33,자동,차단,소아청소년과
2026-10-01 02:30:00,경상남도,A2800007,창원한마음병원,응급,Y000,응급실,[안과] 안과 질환 응급 환자 이송 시 응급의료센터 확인 요망,20260928110000,20261005120000,경상남도 창원시 의창구 용동로57번길 8 (사림동),A2800007,34,자동,차단,응급실
2026-10-01 02:30:00,경상남도,A2800011,양산부산대학교병원,응급,Y000,응급실,소아혈액종양 신환 진료 불가,20261001014900,20261008235900,경상남도 양산시 물금읍 금오로 20,A2800011,35,자동,차단,소아청소년과
2026-10-01 02:30:00,경상남도,A2800011,양산부산대학교병원,중증,Y0020,뇌경색의 재관류중재술,시술중. acute 수용 불가능.,20260930220400,20261001030000,경상남도 양산시 물금읍 금오로 20,A2800011,36,자동,차단,신경과
2026-10-01 02:30:00,경상남도,A2800011,양산부산대학교병원,중증,Y0160,안과적 응급 수술,망막 part 의료진 부재로 진료 및 수술 불가능.,20260930174500,20261007230000,경상남도 양산시 물금읍 금오로 20,A2800011,37,자동,차단,안과
2026-10-01 02:30:00,경상남도,A2800011,양산부산대학교병원,응급,Y000,응급실,소아응급실) 수 3PM~ 목 8AM까지 sono 불가,20260930150000,20261001080000,경상남도 양산시 물금읍 금오로 20,A2800011,38,자동,차단,소아청소년과
2026-10-01 02:30:00,경상남도,A2800011,양산부산대학교병원,응급,Y000,응급실,소아 정형외과) 진료 및 수술 불가능,20260928135500,20261004070000,경상남도 양산시 물금읍 금오로 20,A2800011,39,자동,차단,정형외과
2026-10-01 02:30:00,경상남도,A2800011,양산부산대학교병원,응급,Y000,응급실,족부 part 진료 불가.,20260925113900,20261002235800,경상남도 양산시 물금읍 금오로 20,A2800011,40,자동,차단,정형외과
2026-10-01 02:30:00,경상남도,A2800011,양산부산대학교병원,응급,Y000,응급실,"정규시간만 가능. (야간, 주말 및 공휴일 진료 불가)",20260925113900,20261002235800,경상남도 양산시 물금읍 금오로 20,A2800011,41,자동,차단,성형외과
2026-10-01 02:30:00,경상남도,A2800011,양산부산대학교병원,응급,Y000,응급실,응급실 진료 불가능. (외래만),20260925113800,20261002235800,경상남도 양산시 물금읍 금오로 20,A2800011,42,자동,차단,피부과
2026-10-01 02:30:00,경상남도,A2800011,양산부산대학교병원,응급,Y000,응급실,진료 및 수술 불가능.,20260925113700,20261002235800,경상남도 양산시 물금읍 금오로 20,A2800011,43,자동,차단,외과
2026-10-01 02:30:00,경상남도,A2800011,양산부산대학교병원,응급,Y000,응급실,응급실 진료 및 입원 불가능.,20260925113700,20261002235800,경상남도 양산시 물금읍 금오로 20,A2800011,44,자동,차단,감염내과
2026-10-01 02:30:00,경상남도,A2800011,양산부산대학교병원,중증,Y0052,담낭담관질환(담도포함질환),의료진 부재로 진료 불가능.,20260925095000,20261002235900,경상남도 양산시 물금읍 금오로 20,A2800011,45,자동,차단,내과
2026-10-01 02:30:00,경상남도,A2800011,양산부산대학교병원,중증,Y0051,담낭담관질환(담낭질환),의료진 부재로 진료 불가능.,20260925095000,20261002235900,경상남도 양산시 물금읍 금오로 20,A2800011,46,자동,차단,외과
2026-10-01 02:30:00,경상남도,A2800011,양산부산대학교병원,중증,Y0100,저출생체중아,미숙아 망막검사 의사 부재로 30주 미만 미숙아 및 산모 전원 불가.,20260925095000,20261002235900,경상남도 양산시 물금읍 금오로 20,A2800011,47,자동,차단,소아청소년과
2026-10-01 02:30:00,경상남도,A2800011,양산부산대학교병원,중증,Y0060,복부응급수술(비외상),의료진 부재로 진료 및 수술 불가능.,20260925095000,20261002235900,경상남도 양산시 물금읍 금오로 20,A2800011,48,자동,차단,외과
2026-10-01 02:30:00,경상남도,A2800014,의료법인갑을의료재단 갑을장유병원,응급,Y000,응급실,불가능메세지등록,20260930160000,20261001090000,경상남도 김해시 장유로 167-13 (부곡동),A2800014,49,자동,차단,병상 또는 장비
2026-10-01 02:30:00,경상남도,A2800017,의료법인합포의료재단에스엠지연세병원,중증,Y0141,응급투석(HD),전문의 해외 일정으로 인한 진료 불가,20260930000000,20261001235900,"경상남도 창원시 마산합포구 3·15대로 76 (월남동2가, 합포의료재단)",A2800017,50,자동,차단,내과
2026-10-01 02:30:00,경상남도,A2800017,의료법인합포의료재단에스엠지연세병원,중증,Y0142,응급투석(CRRT),전문의 해외 일정으로 인한 진료 불가,20260930000000,20261001235900,"경상남도 창원시 마산합포구 3·15대로 76 (월남동2가, 합포의료재단)",A2800017,51,자동,차단,내과
2026-10-01 02:30:00,경상남도,A2800020,학교법인성균관대학삼성창원병원,응급,Y000,응급실,"PD IN 의료진 부재로 소아신장 전문의 진료가 필요한 환자 수용어려움(혈뇨, 단백뇨 등 소아 신장질환)",20260930201000,20261007235900,"경상남도 창원시 마산회원구 팔용로 158 (합성동, 삼성창원병원)",A2800020,52,자동,차단,소아청소년과
2026-10-01 02:30:00,경상남도,A2800020,학교법인성균관대학삼성창원병원,중증,Y0142,응급투석(CRRT),CRRT기기부족으로 적응증환자 수용어려움,20260928130700,20261005235900,"경상남도 창원시 마산회원구 팔용로 158 (합성동, 삼성창원병원)",A2800020,53,자동,차단,
2026-10-01 02:30:00,경상남도,A2800020,학교법인성균관대학삼성창원병원,중증,Y0111,산부인과 응급(분만),[산부인과] 응급 분만 인력부족으로 Follow up외 수용어려움 사전문의바람,20260924000300,20261001235900,"경상남도 창원시 마산회원구 팔용로 158 (합성동, 삼성창원병원)",A2800020,54,자동,차단,
2026-10-01 02:30:00,경상남도,A2800020,학교법인성균관대학삼성창원병원,중증,Y0112,산부인과 응급(산과수술),[산부인과] 응급 산과수술 인력부족으로 Follow up외 수용어려움 사전문의바람,20260924000300,20261001235900,"경상남도 창원시 마산회원구 팔용로 158 (합성동, 삼성창원병원)",A2800020,55,자동,차단,
2026-10-01 02:30:00,경상남도,A2800020,학교법인성균관대학삼성창원병원,중증,Y0113,산부인과 응급(부인과수술),[산부인과] 응급 부인과수술 인력부족으로 Follow up외 수용어려움 사전문의바람,20260924000300,20261001235900,"경상남도 창원시 마산회원구 팔용로 158 (합성동, 삼성창원병원)",A2800020,56,자동,차단,
2026-10-01 02:30:00,경상남도,A2800020,학교법인성균관대학삼성창원병원,응급,Y000,응급실,[안과] 인력부족으로 진료 및 수술 제한적,20260924000000,20261001235900,"경상남도 창원시 마산회원구 팔용로 158 (합성동, 삼성창원병원)",A2800020,57,자동,차단,안과
2026-10-01 02:30:00,경상남도,A2800020,학교법인성균관대학삼성창원병원,응급,Y000,응급실,[심장혈관흉부외과] 당직별 수술가능여부 달라 사전문의 바람,20260924000000,20261001235900,"경상남도 창원시 마산회원구 팔용로 158 (합성동, 삼성창원병원)",A2800020,58,자동,차단,흉부외과
2026-10-01 02:30:00,경상남도,A2800020,학교법인성균관대학삼성창원병원,응급,Y000,응급실,[영상의학과] 해당과 사정으로 고환 염전 초음파 진료 불가,20260924000000,20261001235900,"경상남도 창원시 마산회원구 팔용로 158 (합성동, 삼성창원병원)",A2800020,59,자동,차단,영상의학과
2026-10-01 02:30:00,경상남도,A2800020,학교법인성균관대학삼성창원병원,응급,Y000,응급실,"[혈액종양내과] 해당과 사정으로 신환, 타병원 ca 환자 수용 제한적, 사전문의 바람",20260924000000,20261001235900,"경상남도 창원시 마산회원구 팔용로 158 (합성동, 삼성창원병원)",A2800020,60,자동,차단,혈액·종양내과
2026-10-01 02:30:00,경상남도,A2800020,학교법인성균관대학삼성창원병원,중증,Y0131,수족지접합,[정형외과] 사지접합의 수술(수족지접합) 인력문제로 수부파트 진료불가 사전문의바람,20260924000000,20261001235900,"경상남도 창원시 마산회원구 팔용로 158 (합성동, 삼성창원병원)",A2800020,61,자동,차단,
2026-10-01 02:30:00,경상남도,A2800020,학교법인성균관대학삼성창원병원,응급,Y000,응급실,[응급의학과] - 인력부족으로 post CPR 환자 본원에 수용여부 확인,20260924000000,20261001235900,"경상남도 창원시 마산회원구 팔용로 158 (합성동, 삼성창원병원)",A2800020,62,자동,차단,응급실
2026-10-01 02:30:00,경상남도,A2800020,학교법인성균관대학삼성창원병원,응급,Y000,응급실,[호흡기 내과] 인력부족으로 신환수용 불가,20260924000000,20261001235900,"경상남도 창원시 마산회원구 팔용로 158 (합성동, 삼성창원병원)",A2800020,63,자동,차단,호흡기내과
2026-10-01 02:30:00,경상남도,A2800020,학교법인성균관대학삼성창원병원,응급,Y000,응급실,"[신장내과] 인력부족으로 수용 제한적, 사전문의바람",20260924000000,20261001235900,"경상남도 창원시 마산회원구 팔용로 158 (합성동, 삼성창원병원)",A2800020,64,자동,차단,신장내과
2026-10-01 02:30:00,경상남도,A2800020,학교법인성균관대학삼성창원병원,응급,Y000,응급실,[소아청소년과] 소아외상 진료불가,20260924000000,20261001235900,"경상남도 창원시 마산회원구 팔용로 158 (합성동, 삼성창원병원)",A2800020,65,자동,차단,소아청소년과
2026-10-01 02:30:00,경상남도,A2800020,학교법인성균관대학삼성창원병원,응급,Y000,응급실,"[신경과] 외상없는 양쪽다리 마비,양쪽팔다리 마비환자 진료불가, 신경과 말초 및 신경근육질환 전문의 장기간 공석으로 해당질환 진료불가",20260924000000,20261001235900,"경상남도 창원시 마산회원구 팔용로 158 (합성동, 삼성창원병원)",A2800020,66,자동,차단,신경과
2026-10-01 02:30:00,경상남도,A2800020,학교법인성균관대학삼성창원병원,응급,Y000,응급실,[성형외과] 당직 의료진 부재로 진료불가,20260924000000,20261001235900,"경상남도 창원시 마산회원구 팔용로 158 (합성동, 삼성창원병원)",A2800020,67,자동,차단,성형외과
2026-10-01 02:30:00,경상남도,A2800020,학교법인성균관대학삼성창원병원,응급,Y000,응급실,[응급의학과] - 인력부족으로 DI환자 사전에 수용여부 확인바람,20260924000000,20261001235900,"경상남도 창원시 마산회원구 팔용로 158 (합성동, 삼성창원병원)",A2800020,68,자동,차단,응급실
2026-10-01 02:30:00,경상남도,A2800020,학교법인성균관대학삼성창원병원,응급,Y000,응급실,[응급의학과] - 인력 부족으로 중증환자 119 통한 수용 및 외부 전원 제한적,20260924000000,20261001235900,"경상남도 창원시 마산회원구 팔용로 158 (합성동, 삼성창원병원)",A2800020,69,자동,차단,응급실
2026-10-01 02:30:00,경상남도,A2800020,학교법인성균관대학삼성창원병원,응급,Y000,응급실,[피부과] 당직 의료진 부재로 진료불가,20260924000000,20261001235900,"경상남도 창원시 마산회원구 팔용로 158 (합성동, 삼성창원병원)",A2800020,70,자동,차단,피부과
2026-10-01 02:30:00,경상남도,A2800020,학교법인성균관대학삼성창원병원,응급,Y000,응급실,"[외과] 인력부족으로 특정과목 응급수술 불가, 사전문의바람",20260924000000,20261001235900,"경상남도 창원시 마산회원구 팔용로 158 (합성동, 삼성창원병원)",A2800020,71,자동,차단,외과
2026-10-01 02:30:00,경상남도,A2800020,학교법인성균관대학삼성창원병원,응급,Y000,응급실,[정신건강의학과] 당직 의료진 부재로 진료불가,20260924000000,20261001235900,"경상남도 창원시 마산회원구 팔용로 158 (합성동, 삼성창원병원)",A2800020,72,자동,차단,정신건강의학과
2026-10-01 02:30:00,경상남도,A2800021,연세에스병원,중증,Y0031,뇌출혈수술(거미막하 출혈),불가능메세지등록,20260930180000,20261001090000,경상남도 창원시 진해구 해원로32번길 13 (이동),A2800021,73,자동,차단,
2026-10-01 02:30:00,경상남도,A2800021,연세에스병원,중증,Y0032,뇌출혈수술(거미막하 출혈 외),불가능메세지등록,20260930180000,20261001090000,경상남도 창원시 진해구 해원로32번길 13 (이동),A2800021,74,자동,차단,
2026-10-01 02:30:00,경상남도,A2800021,연세에스병원,중증,Y0020,뇌경색의 재관류중재술,불가능메세지등록,20260930180000,20261001090000,경상남도 창원시 진해구 해원로32번길 13 (이동),A2800021,75,자동,차단,
2026-10-01 02:30:00,경상남도,A2803505,창원경상국립대학교병원,중증,Y0160,안과적 응급 수술,불가능메세지등록,20260930200000,20261001090000,"경상남도 창원시 성산구 삼정자로 11 (성주동, 창원경상대학교병원)",A2803505,76,자동,차단,
2026-10-01 02:30:00,경상남도,A2803505,창원경상국립대학교병원,중증,Y0020,뇌경색의 재관류중재술,의료진부재,20260930180900,20261001080000,"경상남도 창원시 성산구 삼정자로 11 (성주동, 창원경상대학교병원)",A2803505,77,자동,차단,
2026-10-01 02:30:00,경상남도,A2803505,창원경상국립대학교병원,응급,Y000,응급실,"[순환기내과] 의료진 부재로 CAG 등 불가, 해당질환 수용 불가",20260930180900,20261001080000,"경상남도 창원시 성산구 삼정자로 11 (성주동, 창원경상대학교병원)",A2803505,78,자동,차단,순환기내과
2026-10-01 02:30:00,경상남도,A2803505,창원경상국립대학교병원,중증,Y0010,심근경색의 재관류중재술,의료진부재,20260930180900,20261001080000,"경상남도 창원시 성산구 삼정자로 11 (성주동, 창원경상대학교병원)",A2803505,79,자동,차단,내과
2026-10-01 02:30:00,경상남도,A2803505,창원경상국립대학교병원,응급,Y000,응급실,[신경과] 의료진 부재로 acute stroke 수용 불가,20260930180900,20261001080000,"경상남도 창원시 성산구 삼정자로 11 (성주동, 창원경상대학교병원)",A2803505,80,자동,차단,신경과
2026-10-01 02:30:00,경상남도,A2803505,창원경상국립대학교병원,응급,Y000,응급실,[소아청소년과]  seizure 의료진 부재로 수용 불가 (단순열성경련의 경우 문의바람).,20260930180000,20261007180000,"경상남도 창원시 성산구 삼정자로 11 (성주동, 창원경상대학교병원)",A2803505,81,자동,차단,소아청소년과
2026-10-01 02:30:00,경상남도,A2803505,창원경상국립대학교병원,응급,Y000,응급실,[정형외과] 주말 의료진 부재로 해당과 진료불가.,20260930180000,20261007180000,"경상남도 창원시 성산구 삼정자로 11 (성주동, 창원경상대학교병원)",A2803505,82,자동,차단,정형외과
2026-10-01 02:30:00,경상남도,A2803505,창원경상국립대학교병원,응급,Y000,응급실,[정형외과] 개방성골절 및 미세접합수술 필요한 경우 수용불가,20260930180000,20261007180000,"경상남도 창원시 성산구 삼정자로 11 (성주동, 창원경상대학교병원)",A2803505,83,자동,차단,정형외과
2026-10-01 02:30:00,경상남도,A2803505,창원경상국립대학교병원,응급,Y000,응급실,"[이비인후과] 평일 09:00~17:00 까지 진료가능, 심경부감염, 경부 외상, airway 환자는 의료진부재로 수용불가",20260930180000,20261007180000,"경상남도 창원시 성산구 삼정자로 11 (성주동, 창원경상대학교병원)",A2803505,84,자동,차단,이비인후과
2026-10-01 02:30:00,경상남도,A2803505,창원경상국립대학교병원,응급,Y000,응급실,[안과] 의료진부재로 안과외상 수용불가,20260930180000,20261007180000,"경상남도 창원시 성산구 삼정자로 11 (성주동, 창원경상대학교병원)",A2803505,85,자동,차단,안과
2026-10-01 02:30:00,경상남도,A2803505,창원경상국립대학교병원,중증,Y0081,위장관 응급내시경(성인),불가능메세지등록,20260930180000,20261001080000,"경상남도 창원시 성산구 삼정자로 11 (성주동, 창원경상대학교병원)",A2803505,86,자동,차단,
2026-10-01 02:30:00,경상남도,A2803505,창원경상국립대학교병원,중증,Y0091,기관지 응급내시경(성인),불가능메세지등록,20260930180000,20261001080000,"경상남도 창원시 성산구 삼정자로 11 (성주동, 창원경상대학교병원)",A2803505,87,자동,차단,
2026-10-01 02:30:00,경상남도,A2803505,창원경상국립대학교병원,응급,Y000,응급실,"[소아청소년과] 소아초음파 평일 08:00 ~ 17:00까지 가능, 의료진부재로 인해 주말/야간 불가.",20260930180000,20261007180000,"경상남도 창원시 성산구 삼정자로 11 (성주동, 창원경상대학교병원)",A2803505,88,자동,차단,소아청소년과
2026-10-01 02:30:00,경상남도,A2803505,창원경상국립대학교병원,응급,Y000,응급실,중증화상환자 기도 및 정맥로 확보 후 화상센터 전원.,20260930180000,20261007180000,"경상남도 창원시 성산구 삼정자로 11 (성주동, 창원경상대학교병원)",A2803505,89,자동,차단,응급실
2026-10-01 02:30:00,경상남도,A2803505,창원경상국립대학교병원,응급,Y000,응급실,[성형외과] 평일 09:00~20:00 (화요일09:00~17:00).진료가능,20260930180000,20261007180000,"경상남도 창원시 성산구 삼정자로 11 (성주동, 창원경상대학교병원)",A2803505,90,자동,차단,성형외과
2026-10-01 02:30:00,제주특별자치도,A2900001,제주한라병원,중증,Y0010,심근경색의 재관류중재술,심장내과 진료과 사정으로 진료 불가(17:00~06:00),20260930170000,20261001060000,"제주특별자치도 제주시 도령로 65 (연동, (연동))",A2900001,1,자동,차단,내과
2026-10-01 02:30:00,제주특별자치도,A2900001,제주한라병원,응급,Y000,응급실,췌담도 part 전문의 부재,20260930170000,20261007080000,"제주특별자치도 제주시 도령로 65 (연동, (연동))",A2900001,2,자동,차단,소화기내과
2026-10-01 02:30:00,제주특별자치도,A2900001,제주한라병원,응급,Y000,응급실,심장내과 진료과 사정으로 진료 불가(17:00~06:00),20260930170000,20261001060000,"제주특별자치도 제주시 도령로 65 (연동, (연동))",A2900001,3,자동,차단,순환기내과
2026-10-01 02:30:00,제주특별자치도,A2900001,제주한라병원,중증,Y0171,영상의학혈관중재(성인),영상의학 혈관중재 전문의 부재,20260930080000,20261001080000,"제주특별자치도 제주시 도령로 65 (연동, (연동))",A2900001,4,자동,차단,핵의학과
2026-10-01 02:30:00,제주특별자치도,A2900001,제주한라병원,중증,Y0052,담낭담관질환(담도포함질환),ERCP 전문의 부재,20260928080000,20261005080000,"제주특별자치도 제주시 도령로 65 (연동, (연동))",A2900001,5,자동,차단,외과
2026-10-01 02:30:00,제주특별자치도,A2900002,제주특별자치도서귀포의료원,중증,Y0081,위장관 응급내시경(성인),불가능메세지등록,20260930080000,20261001080000,제주특별자치도 서귀포시 장수로 47 (동홍동),A2900002,6,자동,차단,내과
2026-10-01 02:30:00,제주특별자치도,A2900005,한마음병원,응급,Y000,응급실,"[신경과] 전화문의(주말 및 휴일-24시간, 평일-17시~익일 9시까지 진료 일부 제한)",20260930000000,20261007235900,제주특별자치도 제주시 연신로 52   (이도이동),A2900005,7,자동,차단,신경과
2026-10-01 02:30:00,제주특별자치도,A2900005,한마음병원,응급,Y000,응급실,[비뇨의학과] 외래 휴진,20260929000000,20261006235900,제주특별자치도 제주시 연신로 52   (이도이동),A2900005,8,자동,차단,비뇨의학과
2026-10-01 02:30:00,제주특별자치도,A2900006,의료법인중앙의료재단중앙병원,응급,Y000,응급실,사전협의-수술지연 및 입원불가 동의 필요,20260928090000,20261005090000,"제주특별자치도 제주시 월랑로 91-0 (이호이동,중앙병원)",A2900006,9,자동,차단,정형외과
2026-10-01 02:30:00,제주특별자치도,A2900007,제주대학교병원,응급,Y000,응급실,"소화기 내시경 수용 가능 일시 (평일 08:00~20:00, 주말휴일 08:00~12:00)",20260930080000,20261007080000,"제주특별자치도 제주시 아란13길 15-0 (아라일동, 0동 0층 0호 (아라일동,제주대학교병원))",A2900007,10,자동,차단,소화기내과
2026-10-01 02:30:00,제주특별자치도,A2900007,제주대학교병원,응급,Y000,응급실,"안과진료 가능 일시 (주간, 화,목,22시까지, 토 20시까지)",20260924080000,20261001080000,"제주특별자치도 제주시 아란13길 15-0 (아라일동, 0동 0층 0호 (아라일동,제주대학교병원))",A2900007,11,자동,차단,안과
2026-10-01 03:00:00,서울특별시,A1100001,경희대학교병원,응급,Y000,응급실,"NICU 부재, 고위험산모실 부재 등으로 모든 산모 수용 불가",20260925010000,20261002000000,서울특별시 동대문구 경희대로 23 (회기동),A1100001,1,자동,차단,산부인과
2026-10-01 03:00:00,서울특별시,A1100001,경희대학교병원,응급,Y000,응급실,119 구급대원께서는 문의 후 이송 부탁드립니다.,20260925010000,20261002000000,서울특별시 동대문구 경희대로 23 (회기동),A1100001,2,자동,차단,응급실
2026-10-01 03:00:00,서울특별시,A1100001,경희대학교병원,응급,Y000,응급실,성형외과 :(월-목)오후 9시까지 가능 / (금-토)24시간 가능 / (일)오후 4시 ~ 익일 오전 7시 가능,20260925010000,20261002000000,서울특별시 동대문구 경희대로 23 (회기동),A1100001,3,자동,차단,성형외과
2026-10-01 03:00:00,서울특별시,A1100001,경희대학교병원,중증,Y0132,수족지접합 외,의료진 부족,20260925000000,20261002000000,서울특별시 동대문구 경희대로 23 (회기동),A1100001,4,자동,차단,정형외과
2026-10-01 03:00:00,서울특별시,A1100001,경희대학교병원,중증,Y0042,대동맥응급(복부),의료진 부족,20260925000000,20261002000000,서울특별시 동대문구 경희대로 23 (회기동),A1100001,5,자동,차단,외과
2026-10-01 03:00:00,서울특별시,A1100001,경희대학교병원,중증,Y0131,수족지접합,의료진 부족,20260925000000,20261002000000,서울특별시 동대문구 경희대로 23 (회기동),A1100001,6,자동,차단,정형외과
2026-10-01 03:00:00,서울특별시,A1100002,건국대학교병원,응급,Y000,응급실,응급환자 이송시  반드시 병원수용 여부 가능확인 후 이송 부탁드립니다.,20260928090000,20261005090000,서울특별시 광진구 능동로 120-1 (화양동),A1100002,7,자동,차단,응급실
2026-10-01 03:00:00,서울특별시,A1100002,건국대학교병원,응급,Y000,응급실,"3개월이하 소아환자 발열 진료불가, 발열두통 시 뇌척수액검사 예상되는 소아 검사불가합니다. 이송시 참고바랍니다.",20260928090000,20261005090000,서울특별시 광진구 능동로 120-1 (화양동),A1100002,8,자동,차단,소아청소년과
2026-10-01 03:00:00,서울특별시,A1100002,건국대학교병원,응급,Y000,응급실,환자 수용여부 확인 부탁드립니다.,20260928090000,20261005090000,서울특별시 광진구 능동로 120-1 (화양동),A1100002,9,자동,차단,신경과
2026-10-01 03:00:00,서울특별시,A1100002,건국대학교병원,응급,Y000,응급실,"지속적인 간질 중첩증, 심근염을 비롯한 중증 심질환, 호흡기 기도 이물 및 중증객혈, 중증호흡부전(산소 2L/min이상필요한경우) 이송시 문의 바랍니다.",20260928090000,20261005090000,서울특별시 광진구 능동로 120-1 (화양동),A1100002,10,자동,차단,소아청소년과
2026-10-01 03:00:00,서울특별시,A1100002,건국대학교병원,응급,Y000,응급실,단순봉합 불가 (필요시 별도 문의 바랍니다),20260928090000,20261005090000,서울특별시 광진구 능동로 120-1 (화양동),A1100002,11,자동,차단,성형외과
2026-10-01 03:00:00,서울특별시,A1100002,건국대학교병원,응급,Y000,응급실,단순봉합 불가 (필요시 별도 문의 바랍니다),20260928090000,20261005090000,서울특별시 광진구 능동로 120-1 (화양동),A1100002,12,자동,차단,정형외과
2026-10-01 03:00:00,서울특별시,A1100002,건국대학교병원,응급,Y000,응급실,"소화기 이물 흡입시(저녁8시이후), 대량 토혈 및 혈변, 간이식 가능성이 있는 전격성 간염/간부전, 궤사성 췌장염이 진단된 경우) 이송시 문의 바랍니다.",20260928090000,20261005090000,서울특별시 광진구 능동로 120-1 (화양동),A1100002,13,자동,차단,소아청소년과
2026-10-01 03:00:00,서울특별시,A1100003,중앙대학교병원,응급,Y000,응급실,이비인후과 진료 불가,20260930180000,20261001070000,서울특별시 동작구 흑석로 102 (흑석동),A1100003,14,자동,차단,이비인후과
2026-10-01 03:00:00,서울특별시,A1100003,중앙대학교병원,응급,Y000,응급실,2개월 미만 신생아 및 소아중환자 진료 불가,20260930100000,20261007100000,서울특별시 동작구 흑석로 102 (흑석동),A1100003,15,자동,차단,소아청소년과
2026-10-01 03:00:00,서울특별시,A1100003,중앙대학교병원,응급,Y000,응급실,피부과 진료 불가,20260930100000,20261007100000,서울특별시 동작구 흑석로 102 (흑석동),A1100003,16,자동,차단,피부과
2026-10-01 03:00:00,서울특별시,A1100004,순천향대학교부속서울병원,중증,Y0131,수족지접합,성형외과 인력 부족으로 수지접합 불가,20260930220000,20261001075900,서울특별시 용산구 대사관로 59 (한남동),A1100004,17,자동,차단,성형외과
2026-10-01 03:00:00,서울특별시,A1100004,순천향대학교부속서울병원,응급,Y000,응급실,(22:00~익일 08:00) 안면부 열상환자 및 단순 열상환자 응급실 내 진료 불가,20260928000000,20261004235900,서울특별시 용산구 대사관로 59 (한남동),A1100004,18,자동,차단,성형외과
2026-10-01 03:00:00,서울특별시,A1100005,이화여자대학교의과대학부속목동병원,응급,Y000,응급실,성형외과 인력 부족으로 매일 0AM~7AM 단순봉합 불가함,20260928100000,20261005100000,서울특별시 양천구 안양천로 1071 (목동),A1100005,19,자동,차단,성형외과
2026-10-01 03:00:00,서울특별시,A1100006,강북삼성병원,응급,Y000,응급실,"★CS핫라인-ECMO/심장/대동맥수술/본원CS구환★ 010-8662-6890,  010-5031-0198",20260929154000,20261006150000,서울특별시 종로구 새문안로 29 (평동),A1100006,20,자동,차단,응급실
2026-10-01 03:00:00,서울특별시,A1100006,강북삼성병원,응급,Y000,응급실,"[야간불가]-[요일별 상세 운영 다름. 수용여부 사전 확인] 성형외과, 이비인후과, 피부과,  안과",20260929154000,20261006150000,서울특별시 종로구 새문안로 29 (평동),A1100006,21,자동,차단,기타 진료과
2026-10-01 03:00:00,서울특별시,A1100006,강북삼성병원,응급,Y000,응급실,[진료제한]-[요일별 상세 운영 다름. 수용여부 사전 확인] 요일별 상세 운영 시간이 달라 내원 전 문의부탁드립니다. (진료시간 1시간전 접수 마감),20260929154000,20261006150000,서울특별시 종로구 새문안로 29 (평동),A1100006,22,자동,차단,소아청소년과
2026-10-01 03:00:00,서울특별시,A1100006,강북삼성병원,응급,Y000,응급실,"[진료제한]-[수용여부 사전 확인]  비뇨의학과(응급 수술케이스불가), 산부인과, 정형외과, 안과(외상 진료 및 수술불가)",20260929154000,20261006150000,서울특별시 종로구 새문안로 29 (평동),A1100006,23,자동,차단,기타 진료과
2026-10-01 03:00:00,서울특별시,A1100007,연세대학교의과대학세브란스병원,중증,Y0131,수족지접합,불가능메세지등록,20260930173000,20261001083000,서울특별시 서대문구 연세로 50-1 (신촌동),A1100007,24,자동,차단,
2026-10-01 03:00:00,서울특별시,A1100007,연세대학교의과대학세브란스병원,중증,Y0132,수족지접합 외,불가능메세지등록,20260930173000,20261001083000,서울특별시 서대문구 연세로 50-1 (신촌동),A1100007,25,자동,차단,
2026-10-01 03:00:00,서울특별시,A1100007,연세대학교의과대학세브란스병원,중증,Y0160,안과적 응급 수술,[안과적 응급 수술] 정규시간 외 응급수술 불가능(마취지원 불가),20260930150000,20261001080000,서울특별시 서대문구 연세로 50-1 (신촌동),A1100007,26,자동,차단,
2026-10-01 03:00:00,서울특별시,A1100007,연세대학교의과대학세브란스병원,응급,Y000,응급실,(성형외과) 단순 봉합 진료 불가,20260926000000,20261002235900,서울특별시 서대문구 연세로 50-1 (신촌동),A1100007,27,자동,차단,성형외과
2026-10-01 03:00:00,서울특별시,A1100007,연세대학교의과대학세브란스병원,응급,Y000,응급실,[뇌출혈수술] 중환자실 및 응급 수술/마취 지원 여부에 따라 부분 수용 가능 (필요 시 문의 바랍니다.),20260926000000,20261002235900,서울특별시 서대문구 연세로 50-1 (신촌동),A1100007,28,자동,차단,응급실
2026-10-01 03:00:00,서울특별시,A1100007,연세대학교의과대학세브란스병원,응급,Y000,응급실,(산과) 신환수용 불가(f/u 환자는 필요 시 문의바랍니다.),20260926000000,20261002235900,서울특별시 서대문구 연세로 50-1 (신촌동),A1100007,29,자동,차단,응급실
2026-10-01 03:00:00,서울특별시,A1100007,연세대학교의과대학세브란스병원,응급,Y000,응급실,(치과) 치과(일반)진료 21:30 이후 진료 불가능(f/u 포함),20260926000000,20261002235900,서울특별시 서대문구 연세로 50-1 (신촌동),A1100007,30,자동,차단,치과
2026-10-01 03:00:00,서울특별시,A1100007,연세대학교의과대학세브란스병원,응급,Y000,응급실,"[신생아(미숙아)] 생후 4주 이내, 교정연령 44주이내,  NICU 입원이 연속적인 경우에 가능,야간 및 공휴일은 사전 상의 된 환아 외 진료 불가능 (필요 시 문의 바랍니다)",20260926000000,20261002235900,서울특별시 서대문구 연세로 50-1 (신촌동),A1100007,31,자동,차단,응급실
2026-10-01 03:00:00,서울특별시,A1100007,연세대학교의과대학세브란스병원,응급,Y000,응급실,(소아신경외과) f/u 환자가 아닌 신환의 협진 및 전원 수용 불가 (도보 내원 포함),20260926000000,20261002235900,서울특별시 서대문구 연세로 50-1 (신촌동),A1100007,32,자동,차단,신경외과
2026-10-01 03:00:00,서울특별시,A1100007,연세대학교의과대학세브란스병원,응급,Y000,응급실,(소아신경외과) f/u 환자가 아닌 신환의 협진 및 전원 수용 불가 (도보 내원 포함),20260926000000,20261002235900,서울특별시 서대문구 연세로 50-1 (신촌동),A1100007,33,자동,차단,응급실
2026-10-01 03:00:00,서울특별시,A1100007,연세대학교의과대학세브란스병원,응급,Y000,응급실,[응급 기관지 내시경(성인)] 평일 7am-5pm 시행 가능 / 이 외 시간 및 휴일(공휴일 포함)은 상의 후 결정(필요 시 문의바랍니다.),20260926000000,20261002235900,서울특별시 서대문구 연세로 50-1 (신촌동),A1100007,34,자동,차단,호흡기내과
2026-10-01 03:00:00,서울특별시,A1100007,연세대학교의과대학세브란스병원,응급,Y000,응급실,[복부응급수술(비외상)]Appendicitis 신환 수용 불가,20260926000000,20261002235900,서울특별시 서대문구 연세로 50-1 (신촌동),A1100007,35,자동,차단,외과
2026-10-01 03:00:00,서울특별시,A1100008,학교법인 고려중앙학원 고려대학교의과대학부속병원(안암병원),중증,Y0042,대동맥응급(복부),"본원 LT, KT 중으로 수술 필요한 CASE 진료 불가능",20260930070000,20261001070000,"서울특별시 성북구 고려대로 73, 고려대병원 (안암동5가)",A1100008,36,자동,차단,외과
2026-10-01 03:00:00,서울특별시,A1100008,학교법인 고려중앙학원 고려대학교의과대학부속병원(안암병원),중증,Y0060,복부응급수술(비외상),"본원 LT, KT 중으로 수술 필요한 CASE 진료 불가능",20260930070000,20261001070000,"서울특별시 성북구 고려대로 73, 고려대병원 (안암동5가)",A1100008,37,자동,차단,외과
2026-10-01 03:00:00,서울특별시,A1100008,학교법인 고려중앙학원 고려대학교의과대학부속병원(안암병원),중증,Y0051,담낭담관질환(담낭질환),"본원 LT, KT 중으로 수술 필요한 CASE 진료 불가능",20260930070000,20261001070000,"서울특별시 성북구 고려대로 73, 고려대병원 (안암동5가)",A1100008,38,자동,차단,내과
2026-10-01 03:00:00,서울특별시,A1100008,학교법인 고려중앙학원 고려대학교의과대학부속병원(안암병원),응급,Y000,응급실,"[이비인후과]Deep neck infection 환자 평일 주간(8jAM~5PM), 화요일 야간(5PM~익일 8AM) 외 시간은 수용 불가",20260928094100,20261005140000,"서울특별시 성북구 고려대로 73, 고려대병원 (안암동5가)",A1100008,39,자동,차단,이비인후과
2026-10-01 03:00:00,서울특별시,A1100008,학교법인 고려중앙학원 고려대학교의과대학부속병원(안암병원),응급,Y000,응급실,"인력 부재로 성형안과적 진료(안검수술, 안와질환, 눈물길 질환 등) 제한",20260928094000,20261005140000,"서울특별시 성북구 고려대로 73, 고려대병원 (안암동5가)",A1100008,40,자동,차단,안과
2026-10-01 03:00:00,서울특별시,A1100009,재단법인아산사회복지재단 서울아산병원,응급,Y000,응급실,"응급실 포화, CPR만 가능",20261001021900,20261001040000,"서울특별시 송파구 올림픽로43길 88, 서울아산병원 (풍납동)",A1100009,41,자동,차단,응급실
2026-10-01 03:00:00,서울특별시,A1100009,재단법인아산사회복지재단 서울아산병원,응급,Y000,응급실,야간 시간 소아 소화기 이물 제거 불가(해당과 의사인력 부족)/ GI bleeding control은 수용 가능,20260930220000,20261001060000,"서울특별시 송파구 올림픽로43길 88, 서울아산병원 (풍납동)",A1100009,42,자동,차단,소아청소년과
2026-10-01 03:00:00,서울특별시,A1100009,재단법인아산사회복지재단 서울아산병원,응급,Y000,응급실,[부인과]본원 재진 외 수용불가,20260930000000,20261007235900,"서울특별시 송파구 올림픽로43길 88, 서울아산병원 (풍납동)",A1100009,43,자동,차단,산부인과
2026-10-01 03:00:00,서울특별시,A1100009,재단법인아산사회복지재단 서울아산병원,응급,Y000,응급실,[산과] 임신 1삼분기GA14+6wks)는 재진 외 수용불가,20260930000000,20261007235900,"서울특별시 송파구 올림픽로43길 88, 서울아산병원 (풍납동)",A1100009,44,자동,차단,산부인과
2026-10-01 03:00:00,서울특별시,A1100009,재단법인아산사회복지재단 서울아산병원,응급,Y000,응급실,본원 재진 외 수용불가,20260930000000,20261007235900,"서울특별시 송파구 올림픽로43길 88, 서울아산병원 (풍납동)",A1100009,45,자동,차단,호흡기내과
2026-10-01 03:00:00,서울특별시,A1100009,재단법인아산사회복지재단 서울아산병원,응급,Y000,응급실,[혈액내과] 타원에서 치료중인 신환 수용불가,20260930000000,20261007235900,"서울특별시 송파구 올림픽로43길 88, 서울아산병원 (풍납동)",A1100009,46,자동,차단,혈액·종양내과
2026-10-01 03:00:00,서울특별시,A1100009,재단법인아산사회복지재단 서울아산병원,응급,Y000,응급실,"단순 중심정맥관(PICC, Q-cath 등) 관련 시술불가",20260930000000,20261007235900,"서울특별시 송파구 올림픽로43길 88, 서울아산병원 (풍납동)",A1100009,47,자동,차단,영상의학과
2026-10-01 03:00:00,서울특별시,A1100009,재단법인아산사회복지재단 서울아산병원,응급,Y000,응급실,[성인] 안면부 단순 봉합 수용불가,20260930000000,20261007235900,"서울특별시 송파구 올림픽로43길 88, 서울아산병원 (풍납동)",A1100009,48,자동,차단,성형외과
2026-10-01 03:00:00,서울특별시,A1100009,재단법인아산사회복지재단 서울아산병원,응급,Y000,응급실,[종양내과] 본원 재진 외 수용불가,20260930000000,20261007235900,"서울특별시 송파구 올림픽로43길 88, 서울아산병원 (풍납동)",A1100009,49,자동,차단,혈액·종양내과
2026-10-01 03:00:00,서울특별시,A1100010,삼성서울병원,응급,Y000,응급실,[위장관 응급내시경(성인)] 반드시 수용 여부 사전 확인,20260928000000,20261004235900,"서울특별시 강남구 일원로 81 (일원동, 삼성의료원)",A1100010,50,자동,차단,응급실
2026-10-01 03:00:00,서울특별시,A1100010,삼성서울병원,응급,Y000,응급실,"[안과] 응급 안과 적출에 준하는 상황의 경우, 안과 당직 문의 후 수용 여부 확인",20260928000000,20261004235900,"서울특별시 강남구 일원로 81 (일원동, 삼성의료원)",A1100010,51,자동,차단,응급실
2026-10-01 03:00:00,서울특별시,A1100010,삼성서울병원,응급,Y000,응급실,"[AMI, 급성뇌졸중 의심 환자] 우선 진료 조정을 위해 노력하고 있으니, 수용 문의 부탁드립니다.",20260928000000,20261004235900,"서울특별시 강남구 일원로 81 (일원동, 삼성의료원)",A1100010,52,자동,차단,응급실
2026-10-01 03:00:00,서울특별시,A1100010,삼성서울병원,응급,Y000,응급실,[담낭담관질환] 담낭 수술 및 시술은 반드시 수용 여부 사전 확인,20260928000000,20261004235900,"서울특별시 강남구 일원로 81 (일원동, 삼성의료원)",A1100010,53,자동,차단,응급실
2026-10-01 03:00:00,서울특별시,A1100010,삼성서울병원,응급,Y000,응급실,[소아청소년과] 소아 중환자 및 뇌전증 지속상태 환자는 전원 수용 여부 사전 확인,20260928000000,20261004235900,"서울특별시 강남구 일원로 81 (일원동, 삼성의료원)",A1100010,54,자동,차단,응급실
2026-10-01 03:00:00,서울특별시,A1100012,학교법인가톨릭학원가톨릭대학교서울성모병원,응급,Y000,응급실,야간 수용 불가,20260928130100,20261005130000,서울특별시 서초구 반포대로 222 (반포동),A1100012,55,자동,차단,피부과
2026-10-01 03:00:00,서울특별시,A1100012,학교법인가톨릭학원가톨릭대학교서울성모병원,응급,Y000,응급실,"경증 환자 수용 불가, 신환 환자 사전 협의 필요",20260928130100,20261005130000,서울특별시 서초구 반포대로 222 (반포동),A1100012,56,자동,차단,혈액·종양내과
2026-10-01 03:00:00,서울특별시,A1100013,한양대학교병원,응급,Y000,응급실,성형외과 의료진 인력부족으로 단순 열상 환자 수용불가(심한 안면부 골절 불가능),20260930220000,20261001080000,서울특별시 성동구 왕십리로 222-1 (사근동),A1100013,57,자동,차단,성형외과
2026-10-01 03:00:00,서울특별시,A1100013,한양대학교병원,응급,Y000,응급실,피부과 의료진 인력부족으로 피부과 관련 환자 진료불가,20260930220000,20261001080000,서울특별시 성동구 왕십리로 222-1 (사근동),A1100013,58,자동,차단,피부과
2026-10-01 03:00:00,서울특별시,A1100013,한양대학교병원,응급,Y000,응급실,안과 의료진 인력부족으로 안과 관련 환자 진료불가,20260930220000,20261001070000,서울특별시 성동구 왕십리로 222-1 (사근동),A1100013,59,자동,차단,안과
2026-10-01 03:00:00,서울특별시,A1100013,한양대학교병원,응급,Y000,응급실,이비인후과 인력 부족으로 경부심재감염은 전원환자 수용불가,20260928090000,20261005090000,서울특별시 성동구 왕십리로 222-1 (사근동),A1100013,60,자동,차단,이비인후과
2026-10-01 03:00:00,서울특별시,A1100013,한양대학교병원,응급,Y000,응급실,응급실 인력부족으로 중증외상환자 수용자제,20260928090000,20261005090000,서울특별시 성동구 왕십리로 222-1 (사근동),A1100013,61,자동,차단,응급실
2026-10-01 03:00:00,서울특별시,A1100013,한양대학교병원,응급,Y000,응급실,소아혈액종양내과 의료진 인력부족으로 관련 환자 진료불가,20260928090000,20261005090000,서울특별시 성동구 왕십리로 222-1 (사근동),A1100013,62,자동,차단,소아청소년과
2026-10-01 03:00:00,서울특별시,A1100013,한양대학교병원,응급,Y000,응급실,"응급실 인력부족으로 비응급, 경증환자 수용자제",20260928090000,20261005090000,서울특별시 성동구 왕십리로 222-1 (사근동),A1100013,63,자동,차단,응급실
2026-10-01 03:00:00,서울특별시,A1100013,한양대학교병원,응급,Y000,응급실,소아신경분과 의료진 인력부족으로 관련 환자 진료불가,20260928090000,20261005090000,서울특별시 성동구 왕십리로 222-1 (사근동),A1100013,64,자동,차단,소아청소년과
2026-10-01 03:00:00,서울특별시,A1100013,한양대학교병원,응급,Y000,응급실,응급실 인력부족으로 중증외상환자 수용자제,20260928090000,20261005090000,서울특별시 성동구 왕십리로 222-1 (사근동),A1100013,65,자동,차단,응급실
2026-10-01 03:00:00,서울특별시,A1100014,고려대학교의과대학부속구로병원,응급,Y000,응급실,"이비인후과 - 평일 야간, 주말, 공휴일- 응급수술 및 진료, 전원 수용 불가",20260928100000,20261005095900,"서울특별시 구로구 구로동로 148, 고려대부속구로병원 (구로동)",A1100014,66,자동,차단,이비인후과
2026-10-01 03:00:00,서울특별시,A1100015,연세대학교의과대학강남세브란스병원,중증,Y0160,안과적 응급 수술,불가능메세지등록,20260929000000,20261006000000,"서울특별시 강남구 언주로 211, 강남세브란스병원 (도곡동)",A1100015,67,자동,차단,
2026-10-01 03:00:00,서울특별시,A1100015,연세대학교의과대학강남세브란스병원,중증,Y0120,중증화상,불가능메세지등록,20260929000000,20261006000000,"서울특별시 강남구 언주로 211, 강남세브란스병원 (도곡동)",A1100015,68,자동,차단,
2026-10-01 03:00:00,서울특별시,A1100016,인제대학교상계백병원,응급,Y000,응급실,[진료제한] 인력 부족으로 사전 문의 요망,20260929000000,20261005235900,"서울특별시 노원구 동일로 1342, 상계백병원 (상계동)",A1100016,69,자동,차단,산부인과
2026-10-01 03:00:00,서울특별시,A1100016,인제대학교상계백병원,중증,Y0112,산부인과 응급(산과수술),의료진 부족으로 수용 어려움,20260929000000,20261005235900,"서울특별시 노원구 동일로 1342, 상계백병원 (상계동)",A1100016,70,자동,차단,
2026-10-01 03:00:00,서울특별시,A1100016,인제대학교상계백병원,응급,Y000,응급실,"환자 수용 가능(평일 08:00 ~ 20:00), 그 외 시간은 진료 제한",20260929000000,20261005235900,"서울특별시 노원구 동일로 1342, 상계백병원 (상계동)",A1100016,71,자동,차단,안과
2026-10-01 03:00:00,서울특별시,A1100016,인제대학교상계백병원,응급,Y000,응급실,"환자 수용 가능(평일 09:00~20:00), 두경부 전문 인력 부족으로 진료 제한",20260929000000,20261005235900,"서울특별시 노원구 동일로 1342, 상계백병원 (상계동)",A1100016,72,자동,차단,이비인후과
2026-10-01 03:00:00,서울특별시,A1100016,인제대학교상계백병원,응급,Y000,응급실,"환자 수용 가능(월~목 24시간, 금 08:00 ~ 17:00), 그 외 시간은 진료 제한",20260929000000,20261005235900,"서울특별시 노원구 동일로 1342, 상계백병원 (상계동)",A1100016,73,자동,차단,치과
2026-10-01 03:00:00,서울특별시,A1100016,인제대학교상계백병원,응급,Y000,응급실,[진료제한] 인력 부족으로 사전 문의 요망,20260929000000,20261005235900,"서울특별시 노원구 동일로 1342, 상계백병원 (상계동)",A1100016,74,자동,차단,소아청소년과
2026-10-01 03:00:00,서울특별시,A1100016,인제대학교상계백병원,응급,Y000,응급실,"환자 수용 가능 (주말 10:00 ~ 22:00), 그 외 시간은 진료 제한",20260929000000,20261005235900,"서울특별시 노원구 동일로 1342, 상계백병원 (상계동)",A1100016,75,자동,차단,성형외과
2026-10-01 03:00:00,서울특별시,A1100016,인제대학교상계백병원,중증,Y0111,산부인과 응급(분만),의료진 부족으로 수용 어려움,20260929000000,20261005235900,"서울특별시 노원구 동일로 1342, 상계백병원 (상계동)",A1100016,76,자동,차단,
2026-10-01 03:00:00,서울특별시,A1100017,서울대학교병원,응급,Y000,응급실,비뇨의학과 : 신환 진료 불가,20260929000000,20261005235900,서울특별시 종로구 대학로 101 (연건동),A1100017,77,자동,차단,비뇨의학과
2026-10-01 03:00:00,서울특별시,A1100020,의료법인한전의료재단 한일병원,응급,Y000,응급실,18세 미만 단순 외상 제외한 환자 수용 불가,20261001000000,20261008235900,"서울특별시 도봉구 우이천로 308, 한일병원 (쌍문동)",A1100020,78,자동,차단,소아청소년과
2026-10-01 03:00:00,서울특별시,A1100021,삼육서울병원,응급,Y000,응급실,일-금 9-22시 까지 진료 가능. 토요일 진료 불가. 본원 안과 수술 환자는 진료 가능,20260930090000,20261007235900,서울특별시 동대문구 망우로 82 (휘경동),A1100021,79,자동,차단,안과
2026-10-01 03:00:00,서울특별시,A1100021,삼육서울병원,응급,Y000,응급실,"일과시간(일-목 9~17, 금9~12)이후 본원 치료중인 환자 이외 소아청소년과 입원불가, 응급의학과 의사에 의한 부분 진료 가능",20260928000000,20261005235900,서울특별시 동대문구 망우로 82 (휘경동),A1100021,80,자동,차단,소아청소년과
2026-10-01 03:00:00,서울특별시,A1100028,성심의료재단강동성심병원,중증,Y0010,심근경색의 재관류중재술,시술 불가,20260930180000,20261001080000,서울특별시 강동구 성안로 150 (길동),A1100028,81,자동,차단,내과
2026-10-01 03:00:00,서울특별시,A1100028,성심의료재단강동성심병원,응급,Y000,응급실,[순환기내과] 매주 수요일(평일) 6pm-익일 8am 시술불가,20260930180000,20261001080000,서울특별시 강동구 성안로 150 (길동),A1100028,82,자동,차단,순환기내과
2026-10-01 03:00:00,서울특별시,A1100028,성심의료재단강동성심병원,응급,Y000,응급실,*의료진 부족으로 119 내원시 모든 환자 사전 수용여부 확인 후 내원,20260928120000,20261005120000,서울특별시 강동구 성안로 150 (길동),A1100028,83,자동,차단,응급실
2026-10-01 03:00:00,서울특별시,A1100028,성심의료재단강동성심병원,응급,Y000,응급실,[성형외과] 평일 주간(08:00-17:00)에만 진료가능,20260928120000,20261005120000,서울특별시 강동구 성안로 150 (길동),A1100028,84,자동,차단,성형외과
2026-10-01 03:00:00,서울특별시,A1100028,성심의료재단강동성심병원,응급,Y000,응급실,"[이비인후과] 일요일 8am이후, 월요일 8am~5pm이후 진료불가",20260928120000,20261005120000,서울특별시 강동구 성안로 150 (길동),A1100028,85,자동,차단,이비인후과
2026-10-01 03:00:00,서울특별시,A1100028,성심의료재단강동성심병원,응급,Y000,응급실,"[피부과] 평일 07:00-22:00에만 진료(단,토요일은 24시간 진료)",20260928120000,20261005120000,서울특별시 강동구 성안로 150 (길동),A1100028,86,자동,차단,피부과
2026-10-01 03:00:00,서울특별시,A1100028,성심의료재단강동성심병원,응급,Y000,응급실,[안과] 08:00~22:00 진료가능,20260928120000,20261005120000,서울특별시 강동구 성안로 150 (길동),A1100028,87,자동,차단,안과
2026-10-01 03:00:00,서울특별시,A1100028,성심의료재단강동성심병원,응급,Y000,응급실,"[산부인과] 분만 관련 산모진료는 불가, 산과/부인과 수술은 평일 주간(08:00-17:00)만 진료가능",20260928120000,20261005120000,서울특별시 강동구 성안로 150 (길동),A1100028,88,자동,차단,산부인과
2026-10-01 03:00:00,서울특별시,A1100028,성심의료재단강동성심병원,응급,Y000,응급실,*인력부족으로 자살 사고 및 중독 진료불가,20260928120000,20261005120000,서울특별시 강동구 성안로 150 (길동),A1100028,89,자동,차단,기타 진료과
2026-10-01 03:00:00,서울특별시,A1100028,성심의료재단강동성심병원,응급,Y000,응급실,[소아청소년과] 진료불가,20260928120000,20261005120000,서울특별시 강동구 성안로 150 (길동),A1100028,90,자동,차단,소아청소년과
2026-10-01 03:00:00,서울특별시,A1100028,성심의료재단강동성심병원,응급,Y000,응급실,[정신건강의학과] 평일 주간(08:00-17:00)에만 진료가능,20260928120000,20261005120000,서울특별시 강동구 성안로 150 (길동),A1100028,91,자동,차단,정신건강의학과
2026-10-01 03:00:00,서울특별시,A1100041,의료법인서울효천의료재단 에이치플러스양지병원,응급,Y000,응급실,"흉부외과, 피부과, 안과, 치과 진료과 미개설로 인해 진료 불가합니다.",20261001000000,20261008235900,"서울특별시 관악구 남부순환로 1636, 양지병원 (신림동)",A1100041,92,자동,차단,기타 진료과
2026-10-01 03:00:00,서울특별시,A1100043,강동경희대학교병원,응급,Y000,응급실,의료진 부재로 인한 응급실 진료 불가,20260928000000,20261005235900,서울특별시 강동구 동남로 892 (상일동),A1100043,93,자동,차단,성형외과
2026-10-01 03:00:00,서울특별시,A1100043,강동경희대학교병원,응급,Y000,응급실,의료진 부재로 인한 응급실 진료 불가,20260928000000,20261005235900,서울특별시 강동구 동남로 892 (상일동),A1100043,94,자동,차단,치과
2026-10-01 03:00:00,서울특별시,A1100043,강동경희대학교병원,응급,Y000,응급실,의료진 부재로 인한 응급실 진료 불가,20260928000000,20261005235900,서울특별시 강동구 동남로 892 (상일동),A1100043,95,자동,차단,정신건강의학과
2026-10-01 03:00:00,서울특별시,A1100048,노원을지대학교병원,응급,Y000,응급실,안과 토요일 낮12시ㅡ월요일 08시까지 불가,20261001000000,20261004000000,"서울특별시 노원구 한글비석로 68, 을지병원 (하계동)",A1100048,96,자동,차단,안과
2026-10-01 03:00:00,서울특별시,A1100048,노원을지대학교병원,응급,Y000,응급실,소아청소년과 24개월미만 진료불가,20261001000000,20261004000000,"서울특별시 노원구 한글비석로 68, 을지병원 (하계동)",A1100048,97,자동,차단,소아청소년과
2026-10-01 03:00:00,서울특별시,A1100048,노원을지대학교병원,응급,Y000,응급실,응급실 119구급대원께서는 문의 후 이송 부탁드립니다,20261001000000,20261004000000,"서울특별시 노원구 한글비석로 68, 을지병원 (하계동)",A1100048,98,자동,차단,응급실
2026-10-01 03:00:00,서울특별시,A1100048,노원을지대학교병원,응급,Y000,응급실,"순환기내과 인력부족 CAG불가 야간(18:00 ~ 08:00까지 불가능), 주말, 공휴일 불가",20261001000000,20261004000000,"서울특별시 노원구 한글비석로 68, 을지병원 (하계동)",A1100048,99,자동,차단,순환기내과
2026-10-01 03:00:00,서울특별시,A1100048,노원을지대학교병원,응급,Y000,응급실,소아청소년과 진료가능 시간 (월~금 08:00 ~ 18:00) 이외 시간은 진료 불가,20261001000000,20261004000000,"서울특별시 노원구 한글비석로 68, 을지병원 (하계동)",A1100048,100,자동,차단,소아청소년과
2026-10-01 03:00:00,서울특별시,A1100048,노원을지대학교병원,중증,Y0091,기관지 응급내시경(성인),"기관지 응급내시경(성인) 야간(18:00 ~ 08:00) ,주말, 공휴일 불가",20261001000000,20261004000000,"서울특별시 노원구 한글비석로 68, 을지병원 (하계동)",A1100048,101,자동,차단,
2026-10-01 03:00:00,서울특별시,A1100048,노원을지대학교병원,중증,Y0082,위장관 응급내시경(영유아),"위장관 응급내시경(영유아) 야간(17:00 ~ 09:00), 주말, 공휴일 불가",20261001000000,20261004000000,"서울특별시 노원구 한글비석로 68, 을지병원 (하계동)",A1100048,102,자동,차단,
2026-10-01 03:00:00,서울특별시,A1100048,노원을지대학교병원,중증,Y0010,심근경색의 재관류중재술,"심근경색의 재관류중재술 야간(18:00 ~ 08:00),주말, 공휴일 불가",20261001000000,20261004000000,"서울특별시 노원구 한글비석로 68, 을지병원 (하계동)",A1100048,103,자동,차단,
2026-10-01 03:00:00,서울특별시,A1100051,혜민병원,중증,Y0032,뇌출혈수술(거미막하 출혈 외),불가능메세지등록,20260928000000,20261005000000,서울특별시 광진구 자양로 85 (자양동),A1100051,104,자동,차단,
2026-10-01 03:00:00,서울특별시,A1100051,혜민병원,중증,Y0051,담낭담관질환(담낭질환),불가능메세지등록,20260928000000,20261005000000,서울특별시 광진구 자양로 85 (자양동),A1100051,105,자동,차단,
2026-10-01 03:00:00,서울특별시,A1100053,한국보훈복지의료공단 중앙보훈병원,응급,Y000,응급실,내과계중환지실 부족으로 인해 내과계중환자 수용불가,20260928090000,20261005090000,서울특별시 강동구 진황도로61길 53 (둔촌동),A1100053,106,자동,차단,병상 또는 장비
2026-10-01 03:00:00,서울특별시,A1100054,성애의료재단성애병원,중증,Y0032,뇌출혈수술(거미막하 출혈 외),불가능메세지등록,20260930173000,20261001083000,"서울특별시 영등포구 여의대방로53길 22 (신길동, 성애병원)",A1100054,107,자동,차단,
2026-10-01 03:00:00,서울특별시,A1100223,서울특별시서남병원,중증,Y0051,담낭담관질환(담낭질환),ERCP 불가,20260930000000,20261007235900,서울특별시 양천구 신정이펜1로 20 (신정동),A1100223,108,자동,차단,
2026-10-01 03:00:00,서울특별시,A1100223,서울특별시서남병원,중증,Y0113,산부인과 응급(부인과수술),외래진료만 가능,20260930000000,20261007235900,서울특별시 양천구 신정이펜1로 20 (신정동),A1100223,109,자동,차단,
2026-10-01 03:00:00,서울특별시,A1120796,이화여자대학교의과대학부속서울병원,응급,Y000,응급실,안과 인력부재로 진료 불가,20260928230000,20261005230000,"서울특별시 강서구 공항대로 260, 이화의대부속서울병원 (마곡동)",A1120796,110,자동,차단,안과
2026-10-01 03:00:00,서울특별시,A1120796,이화여자대학교의과대학부속서울병원,응급,Y000,응급실,"치과 인력부재로 주말, 공휴일, 소아 치과 진료 불가",20260928230000,20261005230000,"서울특별시 강서구 공항대로 260, 이화의대부속서울병원 (마곡동)",A1120796,111,자동,차단,치과
2026-10-01 03:00:00,서울특별시,A1120796,이화여자대학교의과대학부속서울병원,응급,Y000,응급실,"비뇨의학과 인력부재로 응급시술, 수술 불가",20260928230000,20261005230000,"서울특별시 강서구 공항대로 260, 이화의대부속서울병원 (마곡동)",A1120796,112,자동,차단,비뇨의학과
2026-10-01 03:00:00,서울특별시,A1120796,이화여자대학교의과대학부속서울병원,응급,Y000,응급실,피부과 인력부재로 진료 불가,20260928230000,20261005230000,"서울특별시 강서구 공항대로 260, 이화의대부속서울병원 (마곡동)",A1120796,113,자동,차단,피부과
2026-10-01 03:00:00,서울특별시,A1120796,이화여자대학교의과대학부속서울병원,응급,Y000,응급실,응급실에서 DI 환자 진료 불가,20260928230000,20261005230000,"서울특별시 강서구 공항대로 260, 이화의대부속서울병원 (마곡동)",A1120796,114,자동,차단,기타 진료과
2026-10-01 03:00:00,서울특별시,A1120796,이화여자대학교의과대학부속서울병원,응급,Y000,응급실,성형외과 인력부재로 응급실에서 성형외과 단순 봉합 불가,20260928230000,20261005230000,"서울특별시 강서구 공항대로 260, 이화의대부속서울병원 (마곡동)",A1120796,115,자동,차단,정형외과
2026-10-01 03:00:00,서울특별시,A1120796,이화여자대학교의과대학부속서울병원,응급,Y000,응급실,이비인후과 인력부재로 진료 불가,20260928230000,20261005230000,"서울특별시 강서구 공항대로 260, 이화의대부속서울병원 (마곡동)",A1120796,116,자동,차단,이비인후과
2026-10-01 03:00:00,서울특별시,A1120796,이화여자대학교의과대학부속서울병원,응급,Y000,응급실,정신건강의학과 인력부재로 진료 불가,20260928230000,20261005230000,"서울특별시 강서구 공항대로 260, 이화의대부속서울병원 (마곡동)",A1120796,117,자동,차단,정신건강의학과
2026-10-01 03:00:00,서울특별시,A1121013,가톨릭대학교은평성모병원,응급,Y000,응급실,"금요일 18 시~일요일 18 시소아신경과 진료불가(소아신경 의사 부재/ 단 본원 소아신경 f/u환아는 소아응급실 진료있는 날 응급실에서 진료가능 ), 소아청소년과 중증환자 수용불가",20260928080000,20261005075900,서울특별시 은평구 통일로 1021 (진관동),A1121013,118,자동,차단,소아청소년과
2026-10-01 03:00:00,서울특별시,A1121013,가톨릭대학교은평성모병원,응급,Y000,응급실,치과  (응급실 진료불가 ),20260928080000,20261005075900,서울특별시 은평구 통일로 1021 (진관동),A1121013,119,자동,차단,치과
2026-10-01 03:00:00,서울특별시,A1121013,가톨릭대학교은평성모병원,응급,Y000,응급실,"심혈관질환 전용 핫라인: 010-7317-2540  (심장/대동맥수술, 급성심근경색, 심부전등)",20260928080000,20261005075900,서울특별시 은평구 통일로 1021 (진관동),A1121013,120,자동,차단,순환기내과
2026-10-01 03:00:00,서울특별시,A1121013,가톨릭대학교은평성모병원,응급,Y000,응급실,정신건강의학과(응급실 진료불가),20260928080000,20261005075900,서울특별시 은평구 통일로 1021 (진관동),A1121013,121,자동,차단,정신건강의학과
2026-10-01 03:00:00,경기도,A2100001,분당서울대학교병원,응급,Y000,응급실,"[감염내과] 경증코로나, 단순 봉와직염 수용 불가능",20260930000000,20261007235900,"경기도 성남시 분당구 구미로173번길 82 (구미동, 분당서울대학교병원)",A2100001,1,자동,차단,감염내과
2026-10-01 03:00:00,경기도,A2100001,분당서울대학교병원,응급,Y000,응급실,"[혈액종양내과] 타원 진료 중인 암 환자, 호스피스/연고지 목적으로 내원하는 환자 수용불가능",20260930000000,20261007235900,"경기도 성남시 분당구 구미로173번길 82 (구미동, 분당서울대학교병원)",A2100001,2,자동,차단,혈액·종양내과
2026-10-01 03:00:00,경기도,A2100001,분당서울대학교병원,응급,Y000,응급실,[신경외과] 경증 두부외상 수용 불가능,20260930000000,20261007235900,"경기도 성남시 분당구 구미로173번길 82 (구미동, 분당서울대학교병원)",A2100001,3,자동,차단,신경외과
2026-10-01 03:00:00,경기도,A2100001,분당서울대학교병원,응급,Y000,응급실,"[류마티스내과] 통풍 신초진환자 수용불가, 단 본과 기 진료환자 수용가능",20260930000000,20261007235900,"경기도 성남시 분당구 구미로173번길 82 (구미동, 분당서울대학교병원)",A2100001,4,자동,차단,류마티스내과
2026-10-01 03:00:00,경기도,A2100001,분당서울대학교병원,응급,Y000,응급실,"[산부인과/산과] 임신 14주 이내 복통, 출혈, 유산의심, 단순 태아 심박동 확인 수용 불가능(원내 직원 포함)",20260930000000,20261007235900,"경기도 성남시 분당구 구미로173번길 82 (구미동, 분당서울대학교병원)",A2100001,5,자동,차단,산부인과
2026-10-01 03:00:00,경기도,A2100001,분당서울대학교병원,응급,Y000,응급실,[정형외과] 사지접합술 제외한 응급수술 가능,20260930000000,20261007235900,"경기도 성남시 분당구 구미로173번길 82 (구미동, 분당서울대학교병원)",A2100001,6,자동,차단,정형외과
2026-10-01 03:00:00,경기도,A2100001,분당서울대학교병원,응급,Y000,응급실,[정신건강의학과] 정신과적 응급입원 평일 9A~6P만 가능 이외 주말 및 공휴일 수용불가능,20260930000000,20261007235900,"경기도 성남시 분당구 구미로173번길 82 (구미동, 분당서울대학교병원)",A2100001,7,자동,차단,정신건강의학과
2026-10-01 03:00:00,경기도,A2100001,분당서울대학교병원,응급,Y000,응급실,"[성형외과] 성형외과적 봉합은 안면부 깊은 열상 또는 혈관,신경,힘줄 손상이 의심되는 수부 열상만 가능(이외 불가)",20260930000000,20261007235900,"경기도 성남시 분당구 구미로173번길 82 (구미동, 분당서울대학교병원)",A2100001,8,자동,차단,성형외과
2026-10-01 03:00:00,경기도,A2100001,분당서울대학교병원,응급,Y000,응급실,"[호흡기내과] 활력징후 안정적인 단순 폐렴, 본원 호흡기 f/u한 적 없는 요양병원 장기입원 환자의 폐렴환자 수용불가",20260930000000,20261007235900,"경기도 성남시 분당구 구미로173번길 82 (구미동, 분당서울대학교병원)",A2100001,9,자동,차단,호흡기내과
2026-10-01 03:00:00,경기도,A2100001,분당서울대학교병원,응급,Y000,응급실,"[소아청소년과] 소아위장관 정규 내시경 화 오전만 가능, 단순 위장관염 수용 불가능",20260930000000,20261007235900,"경기도 성남시 분당구 구미로173번길 82 (구미동, 분당서울대학교병원)",A2100001,10,자동,차단,소아청소년과
2026-10-01 03:00:00,경기도,A2100001,분당서울대학교병원,응급,Y000,응급실,"[비뇨의학과] 응급수술 불가능(고환염전, 골반내 비뇨기외상,신장외상,지속발기증 등)",20260930000000,20261007235900,"경기도 성남시 분당구 구미로173번길 82 (구미동, 분당서울대학교병원)",A2100001,11,자동,차단,비뇨의학과
2026-10-01 03:00:00,경기도,A2100001,분당서울대학교병원,응급,Y000,응급실,"[신장내과] 단순 요로감염, 합병증 없는 신우신염 수용 불가능",20260930000000,20261007235900,"경기도 성남시 분당구 구미로173번길 82 (구미동, 분당서울대학교병원)",A2100001,12,자동,차단,신장내과
2026-10-01 03:00:00,경기도,A2100001,분당서울대학교병원,응급,Y000,응급실,[소아청소년과] 생후 28일 이내 신생아 평일 8A~5P 진료가능 이외 주말 및 공휴일 수용불가능,20260930000000,20261007235900,"경기도 성남시 분당구 구미로173번길 82 (구미동, 분당서울대학교병원)",A2100001,13,자동,차단,소아청소년과
2026-10-01 03:00:00,경기도,A2100001,분당서울대학교병원,응급,Y000,응급실,"[안과] 주중 8A~10P, 주말 및 공휴일 8A~8P 진료가능",20260930000000,20261007235900,"경기도 성남시 분당구 구미로173번길 82 (구미동, 분당서울대학교병원)",A2100001,14,자동,차단,안과
2026-10-01 03:00:00,경기도,A2100002,아주대학교병원,응급,Y000,응급실,소아 비뇨의학과/소화기내과 관련 내원 시 사전 문의 필수,20260930000000,20261007235900,경기도 수원시 영통구 월드컵로 164 (원천동),A2100002,15,자동,차단,소아청소년과
2026-10-01 03:00:00,경기도,A2100002,아주대학교병원,응급,Y000,응급실,이비인후과 두경부파트 진료 제한(정규 시간 외 17시~08시),20260930000000,20261007235900,경기도 수원시 영통구 월드컵로 164 (원천동),A2100002,16,자동,차단,이비인후과
2026-10-01 03:00:00,경기도,A2100003,고려대학교의과대학부속안산병원,응급,Y000,응급실,[안과] 과 내 사정으로 토요일 협진 제한,20260928120000,20261002120000,경기도 안산시 단원구 적금로 123 (고잔동),A2100003,17,자동,차단,안과
2026-10-01 03:00:00,경기도,A2100003,고려대학교의과대학부속안산병원,응급,Y000,응급실,"[소아과] 호흡기분과 제한적 입원, 혈액종양분과 입원 불가, 중환자실 입실 불가",20260928120000,20261002120000,경기도 안산시 단원구 적금로 123 (고잔동),A2100003,18,자동,차단,소아청소년과
2026-10-01 03:00:00,경기도,A2100005,순천향대학교부속부천병원,중증,Y0100,저출생체중아,시설공사로 19병상으로 축소운영.  신환수용 불가.,20260928150000,20261005180000,"경기도 부천시 원미구 조마루로 170, 부흥로 173(1층일부) (중동)",A2100005,19,자동,차단,소아청소년과
2026-10-01 03:00:00,경기도,A2100012,가톨릭대학교성빈센트병원,응급,Y000,응급실,불가능메세지등록,20260930170000,20261001080000,경기도 수원시 팔달구 중부대로 93 (지동),A2100012,20,자동,차단,신경과
2026-10-01 03:00:00,경기도,A2100012,가톨릭대학교성빈센트병원,응급,Y000,응급실,"간,담,췌장 파트 신환진료 불가",20260924080100,20261001080000,경기도 수원시 팔달구 중부대로 93 (지동),A2100012,21,자동,차단,소화기내과
2026-10-01 03:00:00,경기도,A2100015,효산의료재단안양샘병원,응급,Y000,응급실,"평일 08시~18시, 토요일 08~13시 이외 진료 불가(24개월 미만 진료불가)",20260924080000,20261001080000,"경기도 안양시 만안구 삼덕로 9 (안양동, 안양샘병원)",A2100015,22,자동,차단,소아청소년과
2026-10-01 03:00:00,경기도,A2100018,의료법인은혜와감사의료재단화성중앙종합병원,중증,Y0010,심근경색의 재관류중재술,불가능메세지등록,20260930000000,20261005000000,경기도 화성시 만세구 향남읍 발안로 5,A2100018,23,자동,차단,
2026-10-01 03:00:00,경기도,A2100018,의료법인은혜와감사의료재단화성중앙종합병원,중증,Y0020,뇌경색의 재관류중재술,불가능메세지등록,20260930000000,20261005000000,경기도 화성시 만세구 향남읍 발안로 5,A2100018,24,자동,차단,
2026-10-01 03:00:00,경기도,A2100018,의료법인은혜와감사의료재단화성중앙종합병원,중증,Y0031,뇌출혈수술(거미막하 출혈),불가능메세지등록,20260930000000,20261005000000,경기도 화성시 만세구 향남읍 발안로 5,A2100018,25,자동,차단,
2026-10-01 03:00:00,경기도,A2100018,의료법인은혜와감사의료재단화성중앙종합병원,중증,Y0032,뇌출혈수술(거미막하 출혈 외),불가능메세지등록,20260930000000,20261005000000,경기도 화성시 만세구 향남읍 발안로 5,A2100018,26,자동,차단,신경외과
2026-10-01 03:00:00,경기도,A2100018,의료법인은혜와감사의료재단화성중앙종합병원,중증,Y0041,대동맥응급(흉부),불가능메세지등록,20260930000000,20261005000000,경기도 화성시 만세구 향남읍 발안로 5,A2100018,27,자동,차단,
2026-10-01 03:00:00,경기도,A2100018,의료법인은혜와감사의료재단화성중앙종합병원,중증,Y0042,대동맥응급(복부),불가능메세지등록,20260930000000,20261005000000,경기도 화성시 만세구 향남읍 발안로 5,A2100018,28,자동,차단,
2026-10-01 03:00:00,경기도,A2100018,의료법인은혜와감사의료재단화성중앙종합병원,중증,Y0051,담낭담관질환(담낭질환),불가능메세지등록,20260930000000,20261005000000,경기도 화성시 만세구 향남읍 발안로 5,A2100018,29,자동,차단,
2026-10-01 03:00:00,경기도,A2100018,의료법인은혜와감사의료재단화성중앙종합병원,중증,Y0052,담낭담관질환(담도포함질환),불가능메세지등록,20260930000000,20261005000000,경기도 화성시 만세구 향남읍 발안로 5,A2100018,30,자동,차단,
2026-10-01 03:00:00,경기도,A2100018,의료법인은혜와감사의료재단화성중앙종합병원,중증,Y0060,복부응급수술(비외상),불가능메세지등록,20260930000000,20261005000000,경기도 화성시 만세구 향남읍 발안로 5,A2100018,31,자동,차단,
2026-10-01 03:00:00,경기도,A2100018,의료법인은혜와감사의료재단화성중앙종합병원,중증,Y0070,장중첩/폐색(유아),불가능메세지등록,20260930000000,20261005000000,경기도 화성시 만세구 향남읍 발안로 5,A2100018,32,자동,차단,
2026-10-01 03:00:00,경기도,A2100018,의료법인은혜와감사의료재단화성중앙종합병원,중증,Y0081,위장관 응급내시경(성인),불가능메세지등록,20260930000000,20261005000000,경기도 화성시 만세구 향남읍 발안로 5,A2100018,33,자동,차단,내과
2026-10-01 03:00:00,경기도,A2100018,의료법인은혜와감사의료재단화성중앙종합병원,중증,Y0082,위장관 응급내시경(영유아),불가능메세지등록,20260930000000,20261005000000,경기도 화성시 만세구 향남읍 발안로 5,A2100018,34,자동,차단,
2026-10-01 03:00:00,경기도,A2100018,의료법인은혜와감사의료재단화성중앙종합병원,중증,Y0091,기관지 응급내시경(성인),불가능메세지등록,20260930000000,20261005000000,경기도 화성시 만세구 향남읍 발안로 5,A2100018,35,자동,차단,
2026-10-01 03:00:00,경기도,A2100018,의료법인은혜와감사의료재단화성중앙종합병원,중증,Y0092,기관지 응급내시경(영유아),불가능메세지등록,20260930000000,20261005000000,경기도 화성시 만세구 향남읍 발안로 5,A2100018,36,자동,차단,
2026-10-01 03:00:00,경기도,A2100018,의료법인은혜와감사의료재단화성중앙종합병원,중증,Y0100,저출생체중아,불가능메세지등록,20260930000000,20261005000000,경기도 화성시 만세구 향남읍 발안로 5,A2100018,37,자동,차단,
2026-10-01 03:00:00,경기도,A2100018,의료법인은혜와감사의료재단화성중앙종합병원,중증,Y0111,산부인과 응급(분만),불가능메세지등록,20260930000000,20261005000000,경기도 화성시 만세구 향남읍 발안로 5,A2100018,38,자동,차단,
2026-10-01 03:00:00,경기도,A2100018,의료법인은혜와감사의료재단화성중앙종합병원,중증,Y0112,산부인과 응급(산과수술),불가능메세지등록,20260930000000,20261005000000,경기도 화성시 만세구 향남읍 발안로 5,A2100018,39,자동,차단,
2026-10-01 03:00:00,경기도,A2100018,의료법인은혜와감사의료재단화성중앙종합병원,중증,Y0113,산부인과 응급(부인과수술),불가능메세지등록,20260930000000,20261005000000,경기도 화성시 만세구 향남읍 발안로 5,A2100018,40,자동,차단,
2026-10-01 03:00:00,경기도,A2100018,의료법인은혜와감사의료재단화성중앙종합병원,중증,Y0120,중증화상,불가능메세지등록,20260930000000,20261005000000,경기도 화성시 만세구 향남읍 발안로 5,A2100018,41,자동,차단,
2026-10-01 03:00:00,경기도,A2100018,의료법인은혜와감사의료재단화성중앙종합병원,중증,Y0131,수족지접합,불가능메세지등록,20260930000000,20261005000000,경기도 화성시 만세구 향남읍 발안로 5,A2100018,42,자동,차단,
2026-10-01 03:00:00,경기도,A2100018,의료법인은혜와감사의료재단화성중앙종합병원,중증,Y0132,수족지접합 외,불가능메세지등록,20260930000000,20261005000000,경기도 화성시 만세구 향남읍 발안로 5,A2100018,43,자동,차단,
2026-10-01 03:00:00,경기도,A2100018,의료법인은혜와감사의료재단화성중앙종합병원,중증,Y0141,응급투석(HD),불가능메세지등록,20260930000000,20261005000000,경기도 화성시 만세구 향남읍 발안로 5,A2100018,44,자동,차단,
2026-10-01 03:00:00,경기도,A2100018,의료법인은혜와감사의료재단화성중앙종합병원,중증,Y0142,응급투석(CRRT),불가능메세지등록,20260930000000,20261005000000,경기도 화성시 만세구 향남읍 발안로 5,A2100018,45,자동,차단,
2026-10-01 03:00:00,경기도,A2100018,의료법인은혜와감사의료재단화성중앙종합병원,중증,Y0150,정신과적 응급입원,불가능메세지등록,20260930000000,20261005000000,경기도 화성시 만세구 향남읍 발안로 5,A2100018,46,자동,차단,
2026-10-01 03:00:00,경기도,A2100018,의료법인은혜와감사의료재단화성중앙종합병원,중증,Y0160,안과적 응급 수술,불가능메세지등록,20260930000000,20261005000000,경기도 화성시 만세구 향남읍 발안로 5,A2100018,47,자동,차단,
2026-10-01 03:00:00,경기도,A2100018,의료법인은혜와감사의료재단화성중앙종합병원,중증,Y0171,영상의학혈관중재(성인),불가능메세지등록,20260930000000,20261005000000,경기도 화성시 만세구 향남읍 발안로 5,A2100018,48,자동,차단,
2026-10-01 03:00:00,경기도,A2100018,의료법인은혜와감사의료재단화성중앙종합병원,중증,Y0172,영상의학혈관중재(영유아),불가능메세지등록,20260930000000,20261005000000,경기도 화성시 만세구 향남읍 발안로 5,A2100018,49,자동,차단,
2026-10-01 03:00:00,경기도,A2100018,의료법인은혜와감사의료재단화성중앙종합병원,중증,Y0010,심근경색의 재관류중재술,불가능메세지등록,20260930000000,20261005000000,경기도 화성시 만세구 향남읍 발안로 5,A2100018,50,자동,차단,
2026-10-01 03:00:00,경기도,A2100018,의료법인은혜와감사의료재단화성중앙종합병원,중증,Y0020,뇌경색의 재관류중재술,불가능메세지등록,20260930000000,20261005000000,경기도 화성시 만세구 향남읍 발안로 5,A2100018,51,자동,차단,
2026-10-01 03:00:00,경기도,A2100018,의료법인은혜와감사의료재단화성중앙종합병원,중증,Y0031,뇌출혈수술(거미막하 출혈),불가능메세지등록,20260930000000,20261005000000,경기도 화성시 만세구 향남읍 발안로 5,A2100018,52,자동,차단,
2026-10-01 03:00:00,경기도,A2100018,의료법인은혜와감사의료재단화성중앙종합병원,중증,Y0032,뇌출혈수술(거미막하 출혈 외),불가능메세지등록,20260930000000,20261005000000,경기도 화성시 만세구 향남읍 발안로 5,A2100018,53,자동,차단,신경외과
2026-10-01 03:00:00,경기도,A2100018,의료법인은혜와감사의료재단화성중앙종합병원,중증,Y0041,대동맥응급(흉부),불가능메세지등록,20260930000000,20261005000000,경기도 화성시 만세구 향남읍 발안로 5,A2100018,54,자동,차단,
2026-10-01 03:00:00,경기도,A2100018,의료법인은혜와감사의료재단화성중앙종합병원,중증,Y0042,대동맥응급(복부),불가능메세지등록,20260930000000,20261005000000,경기도 화성시 만세구 향남읍 발안로 5,A2100018,55,자동,차단,
2026-10-01 03:00:00,경기도,A2100018,의료법인은혜와감사의료재단화성중앙종합병원,중증,Y0051,담낭담관질환(담낭질환),불가능메세지등록,20260930000000,20261005000000,경기도 화성시 만세구 향남읍 발안로 5,A2100018,56,자동,차단,
2026-10-01 03:00:00,경기도,A2100018,의료법인은혜와감사의료재단화성중앙종합병원,중증,Y0052,담낭담관질환(담도포함질환),불가능메세지등록,20260930000000,20261005000000,경기도 화성시 만세구 향남읍 발안로 5,A2100018,57,자동,차단,
2026-10-01 03:00:00,경기도,A2100018,의료법인은혜와감사의료재단화성중앙종합병원,중증,Y0060,복부응급수술(비외상),불가능메세지등록,20260930000000,20261005000000,경기도 화성시 만세구 향남읍 발안로 5,A2100018,58,자동,차단,
2026-10-01 03:00:00,경기도,A2100018,의료법인은혜와감사의료재단화성중앙종합병원,중증,Y0070,장중첩/폐색(유아),불가능메세지등록,20260930000000,20261005000000,경기도 화성시 만세구 향남읍 발안로 5,A2100018,59,자동,차단,
2026-10-01 03:00:00,경기도,A2100018,의료법인은혜와감사의료재단화성중앙종합병원,중증,Y0081,위장관 응급내시경(성인),불가능메세지등록,20260930000000,20261005000000,경기도 화성시 만세구 향남읍 발안로 5,A2100018,60,자동,차단,내과
2026-10-01 03:00:00,경기도,A2100018,의료법인은혜와감사의료재단화성중앙종합병원,중증,Y0082,위장관 응급내시경(영유아),불가능메세지등록,20260930000000,20261005000000,경기도 화성시 만세구 향남읍 발안로 5,A2100018,61,자동,차단,
2026-10-01 03:00:00,경기도,A2100018,의료법인은혜와감사의료재단화성중앙종합병원,중증,Y0091,기관지 응급내시경(성인),불가능메세지등록,20260930000000,20261005000000,경기도 화성시 만세구 향남읍 발안로 5,A2100018,62,자동,차단,
2026-10-01 03:00:00,경기도,A2100018,의료법인은혜와감사의료재단화성중앙종합병원,중증,Y0092,기관지 응급내시경(영유아),불가능메세지등록,20260930000000,20261005000000,경기도 화성시 만세구 향남읍 발안로 5,A2100018,63,자동,차단,
2026-10-01 03:00:00,경기도,A2100018,의료법인은혜와감사의료재단화성중앙종합병원,중증,Y0100,저출생체중아,불가능메세지등록,20260930000000,20261005000000,경기도 화성시 만세구 향남읍 발안로 5,A2100018,64,자동,차단,
2026-10-01 03:00:00,경기도,A2100018,의료법인은혜와감사의료재단화성중앙종합병원,중증,Y0111,산부인과 응급(분만),불가능메세지등록,20260930000000,20261005000000,경기도 화성시 만세구 향남읍 발안로 5,A2100018,65,자동,차단,
2026-10-01 03:00:00,경기도,A2100018,의료법인은혜와감사의료재단화성중앙종합병원,중증,Y0112,산부인과 응급(산과수술),불가능메세지등록,20260930000000,20261005000000,경기도 화성시 만세구 향남읍 발안로 5,A2100018,66,자동,차단,
2026-10-01 03:00:00,경기도,A2100018,의료법인은혜와감사의료재단화성중앙종합병원,중증,Y0113,산부인과 응급(부인과수술),불가능메세지등록,20260930000000,20261005000000,경기도 화성시 만세구 향남읍 발안로 5,A2100018,67,자동,차단,
2026-10-01 03:00:00,경기도,A2100018,의료법인은혜와감사의료재단화성중앙종합병원,중증,Y0120,중증화상,불가능메세지등록,20260930000000,20261005000000,경기도 화성시 만세구 향남읍 발안로 5,A2100018,68,자동,차단,
2026-10-01 03:00:00,경기도,A2100018,의료법인은혜와감사의료재단화성중앙종합병원,중증,Y0131,수족지접합,불가능메세지등록,20260930000000,20261005000000,경기도 화성시 만세구 향남읍 발안로 5,A2100018,69,자동,차단,
2026-10-01 03:00:00,경기도,A2100018,의료법인은혜와감사의료재단화성중앙종합병원,중증,Y0132,수족지접합 외,불가능메세지등록,20260930000000,20261005000000,경기도 화성시 만세구 향남읍 발안로 5,A2100018,70,자동,차단,
2026-10-01 03:00:00,경기도,A2100018,의료법인은혜와감사의료재단화성중앙종합병원,중증,Y0141,응급투석(HD),불가능메세지등록,20260930000000,20261005000000,경기도 화성시 만세구 향남읍 발안로 5,A2100018,71,자동,차단,
2026-10-01 03:00:00,경기도,A2100018,의료법인은혜와감사의료재단화성중앙종합병원,중증,Y0142,응급투석(CRRT),불가능메세지등록,20260930000000,20261005000000,경기도 화성시 만세구 향남읍 발안로 5,A2100018,72,자동,차단,
2026-10-01 03:00:00,경기도,A2100018,의료법인은혜와감사의료재단화성중앙종합병원,중증,Y0150,정신과적 응급입원,불가능메세지등록,20260930000000,20261005000000,경기도 화성시 만세구 향남읍 발안로 5,A2100018,73,자동,차단,
2026-10-01 03:00:00,경기도,A2100018,의료법인은혜와감사의료재단화성중앙종합병원,중증,Y0160,안과적 응급 수술,불가능메세지등록,20260930000000,20261005000000,경기도 화성시 만세구 향남읍 발안로 5,A2100018,74,자동,차단,
2026-10-01 03:00:00,경기도,A2100018,의료법인은혜와감사의료재단화성중앙종합병원,중증,Y0171,영상의학혈관중재(성인),불가능메세지등록,20260930000000,20261005000000,경기도 화성시 만세구 향남읍 발안로 5,A2100018,75,자동,차단,
2026-10-01 03:00:00,경기도,A2100018,의료법인은혜와감사의료재단화성중앙종합병원,중증,Y0172,영상의학혈관중재(영유아),불가능메세지등록,20260930000000,20261005000000,경기도 화성시 만세구 향남읍 발안로 5,A2100018,76,자동,차단,
2026-10-01 03:00:00,경기도,A2100018,의료법인은혜와감사의료재단화성중앙종합병원,중증,Y0010,심근경색의 재관류중재술,불가능메세지등록,20260930000000,20261005055900,경기도 화성시 만세구 향남읍 발안로 5,A2100018,77,자동,차단,
2026-10-01 03:00:00,경기도,A2100018,의료법인은혜와감사의료재단화성중앙종합병원,중증,Y0020,뇌경색의 재관류중재술,불가능메세지등록,20260930000000,20261005235900,경기도 화성시 만세구 향남읍 발안로 5,A2100018,78,자동,차단,
2026-10-01 03:00:00,경기도,A2100018,의료법인은혜와감사의료재단화성중앙종합병원,중증,Y0031,뇌출혈수술(거미막하 출혈),불가능메세지등록,20260930000000,20261005235900,경기도 화성시 만세구 향남읍 발안로 5,A2100018,79,자동,차단,
2026-10-01 03:00:00,경기도,A2100018,의료법인은혜와감사의료재단화성중앙종합병원,중증,Y0032,뇌출혈수술(거미막하 출혈 외),불가능메세지등록,20260930000000,20261005235900,경기도 화성시 만세구 향남읍 발안로 5,A2100018,80,자동,차단,신경외과
2026-10-01 03:00:00,경기도,A2100018,의료법인은혜와감사의료재단화성중앙종합병원,중증,Y0041,대동맥응급(흉부),불가능메세지등록,20260930000000,20261005235900,경기도 화성시 만세구 향남읍 발안로 5,A2100018,81,자동,차단,
2026-10-01 03:00:00,경기도,A2100018,의료법인은혜와감사의료재단화성중앙종합병원,중증,Y0042,대동맥응급(복부),불가능메세지등록,20260930000000,20261005235900,경기도 화성시 만세구 향남읍 발안로 5,A2100018,82,자동,차단,
2026-10-01 03:00:00,경기도,A2100018,의료법인은혜와감사의료재단화성중앙종합병원,중증,Y0051,담낭담관질환(담낭질환),불가능메세지등록,20260930000000,20261005235900,경기도 화성시 만세구 향남읍 발안로 5,A2100018,83,자동,차단,
2026-10-01 03:00:00,경기도,A2100018,의료법인은혜와감사의료재단화성중앙종합병원,중증,Y0052,담낭담관질환(담도포함질환),불가능메세지등록,20260930000000,20261005235900,경기도 화성시 만세구 향남읍 발안로 5,A2100018,84,자동,차단,
2026-10-01 03:00:00,경기도,A2100018,의료법인은혜와감사의료재단화성중앙종합병원,중증,Y0060,복부응급수술(비외상),불가능메세지등록,20260930000000,20261005235900,경기도 화성시 만세구 향남읍 발안로 5,A2100018,85,자동,차단,
2026-10-01 03:00:00,경기도,A2100018,의료법인은혜와감사의료재단화성중앙종합병원,중증,Y0081,위장관 응급내시경(성인),불가능메세지등록,20260930000000,20261005215900,경기도 화성시 만세구 향남읍 발안로 5,A2100018,86,자동,차단,내과
2026-10-01 03:00:00,경기도,A2100018,의료법인은혜와감사의료재단화성중앙종합병원,중증,Y0082,위장관 응급내시경(영유아),불가능메세지등록,20260930000000,20261005235900,경기도 화성시 만세구 향남읍 발안로 5,A2100018,87,자동,차단,
2026-10-01 03:00:00,경기도,A2100018,의료법인은혜와감사의료재단화성중앙종합병원,중증,Y0091,기관지 응급내시경(성인),불가능메세지등록,20260930000000,20261005235900,경기도 화성시 만세구 향남읍 발안로 5,A2100018,88,자동,차단,
2026-10-01 03:00:00,경기도,A2100018,의료법인은혜와감사의료재단화성중앙종합병원,중증,Y0092,기관지 응급내시경(영유아),불가능메세지등록,20260930000000,20261005235900,경기도 화성시 만세구 향남읍 발안로 5,A2100018,89,자동,차단,
2026-10-01 03:00:00,경기도,A2100018,의료법인은혜와감사의료재단화성중앙종합병원,중증,Y0100,저출생체중아,불가능메세지등록,20260930000000,20261005235900,경기도 화성시 만세구 향남읍 발안로 5,A2100018,90,자동,차단,
2026-10-01 03:00:00,경기도,A2100018,의료법인은혜와감사의료재단화성중앙종합병원,중증,Y0111,산부인과 응급(분만),불가능메세지등록,20260930000000,20261005235900,경기도 화성시 만세구 향남읍 발안로 5,A2100018,91,자동,차단,
2026-10-01 03:00:00,경기도,A2100018,의료법인은혜와감사의료재단화성중앙종합병원,중증,Y0112,산부인과 응급(산과수술),불가능메세지등록,20260930000000,20261005235900,경기도 화성시 만세구 향남읍 발안로 5,A2100018,92,자동,차단,
2026-10-01 03:00:00,경기도,A2100018,의료법인은혜와감사의료재단화성중앙종합병원,중증,Y0113,산부인과 응급(부인과수술),불가능메세지등록,20260930000000,20261005235900,경기도 화성시 만세구 향남읍 발안로 5,A2100018,93,자동,차단,
2026-10-01 03:00:00,경기도,A2100018,의료법인은혜와감사의료재단화성중앙종합병원,중증,Y0120,중증화상,불가능메세지등록,20260930000000,20261005235900,경기도 화성시 만세구 향남읍 발안로 5,A2100018,94,자동,차단,
2026-10-01 03:00:00,경기도,A2100018,의료법인은혜와감사의료재단화성중앙종합병원,중증,Y0131,수족지접합,불가능메세지등록,20260930000000,20261005235900,경기도 화성시 만세구 향남읍 발안로 5,A2100018,95,자동,차단,
2026-10-01 03:00:00,경기도,A2100018,의료법인은혜와감사의료재단화성중앙종합병원,중증,Y0132,수족지접합 외,불가능메세지등록,20260930000000,20261005235900,경기도 화성시 만세구 향남읍 발안로 5,A2100018,96,자동,차단,
2026-10-01 03:00:00,경기도,A2100018,의료법인은혜와감사의료재단화성중앙종합병원,중증,Y0141,응급투석(HD),불가능메세지등록,20260930000000,20261005235900,경기도 화성시 만세구 향남읍 발안로 5,A2100018,97,자동,차단,
2026-10-01 03:00:00,경기도,A2100018,의료법인은혜와감사의료재단화성중앙종합병원,중증,Y0142,응급투석(CRRT),불가능메세지등록,20260930000000,20261005235900,경기도 화성시 만세구 향남읍 발안로 5,A2100018,98,자동,차단,
2026-10-01 03:00:00,경기도,A2100018,의료법인은혜와감사의료재단화성중앙종합병원,중증,Y0150,정신과적 응급입원,불가능메세지등록,20260930000000,20261005235900,경기도 화성시 만세구 향남읍 발안로 5,A2100018,99,자동,차단,
2026-10-01 03:00:00,경기도,A2100018,의료법인은혜와감사의료재단화성중앙종합병원,중증,Y0160,안과적 응급 수술,불가능메세지등록,20260930000000,20261005235900,경기도 화성시 만세구 향남읍 발안로 5,A2100018,100,자동,차단,
2026-10-01 03:00:00,경기도,A2100018,의료법인은혜와감사의료재단화성중앙종합병원,중증,Y0171,영상의학혈관중재(성인),불가능메세지등록,20260930000000,20261005235900,경기도 화성시 만세구 향남읍 발안로 5,A2100018,101,자동,차단,
2026-10-01 03:00:00,경기도,A2100018,의료법인은혜와감사의료재단화성중앙종합병원,중증,Y0172,영상의학혈관중재(영유아),불가능메세지등록,20260930000000,20261005235900,경기도 화성시 만세구 향남읍 발안로 5,A2100018,102,자동,차단,
2026-10-01 03:00:00,경기도,A2100018,의료법인은혜와감사의료재단화성중앙종합병원,중증,Y0070,장중첩/폐색(유아),불가능메세지등록,20260929000000,20261005235900,경기도 화성시 만세구 향남읍 발안로 5,A2100018,103,자동,차단,
2026-10-01 03:00:00,경기도,A2100020,연세대학교의과대학용인세브란스병원,응급,Y000,응급실,소아외상환자 수용 가능,20260930170000,20261001090000,경기도 용인시 기흥구 동백죽전대로 363 (중동),A2100020,104,자동,차단,소아청소년과
2026-10-01 03:00:00,경기도,A2100025,대진의료재단분당제생병원,응급,Y000,응급실,"전화문의(주말 및 휴일 24시간, 평일 저녁6시~오전8시까지 진료가 일부 제한됨)",20260930000000,20261007000000,경기도 성남시 분당구 서현로180번길 20 (서현동),A2100025,105,자동,차단,신경과
2026-10-01 03:00:00,경기도,A2100025,대진의료재단분당제생병원,응급,Y000,응급실,내분비내과환자 입원불가,20260930000000,20261007000000,경기도 성남시 분당구 서현로180번길 20 (서현동),A2100025,106,자동,차단,내분비내과
2026-10-01 03:00:00,경기도,A2100025,대진의료재단분당제생병원,응급,Y000,응급실,12개월 이상 경증 소아부터 수용 가능(소아 중증 외상 불가),20260930000000,20261007000000,경기도 성남시 분당구 서현로180번길 20 (서현동),A2100025,107,자동,차단,소아청소년과
2026-10-01 03:00:00,경기도,A2100030,차의과학대학교분당차병원,응급,Y000,응급실,<소아전문응급의료센터> 소아 비뇨기과 응급수술 불가,20260928080400,20261005130000,경기도 성남시 분당구 야탑로 59 (야탑동),A2100030,108,자동,차단,비뇨의학과
2026-10-01 03:00:00,경기도,A2100033,국민건강보험공단일산병원,응급,Y000,응급실,[ENT] * 평일 09:00~ 17:00 // 두경부 파트 진료 불가,20260927235800,20261004235900,"경기도 고양시 일산동구 일산로 100 (백석동,백석1동 1241외1필지 4층)",A2100033,109,자동,차단,이비인후과
2026-10-01 03:00:00,경기도,A2100033,국민건강보험공단일산병원,응급,Y000,응급실,[URO] * 평일 08:00~ 18:00,20260927235800,20261004235900,"경기도 고양시 일산동구 일산로 100 (백석동,백석1동 1241외1필지 4층)",A2100033,110,자동,차단,비뇨의학과
2026-10-01 03:00:00,경기도,A2100033,국민건강보험공단일산병원,응급,Y000,응급실,"[EYE] * 평일,주말 (07:00~ 22:00) 가능",20260927235700,20261004235900,"경기도 고양시 일산동구 일산로 100 (백석동,백석1동 1241외1필지 4층)",A2100033,111,자동,차단,안과
2026-10-01 03:00:00,경기도,A2100040,가톨릭대학교의정부성모병원,중증,Y0100,저출생체중아,중환자실 부족,20260930222500,20261001080000,"경기도 의정부시 천보로 271, 의정부성모병원 (금오동)",A2100040,112,자동,차단,소아청소년과
2026-10-01 03:00:00,경기도,A2100040,가톨릭대학교의정부성모병원,응급,Y000,응급실,복부 대동맥 사전 협의 필요,20260928000000,20261005000000,"경기도 의정부시 천보로 271, 의정부성모병원 (금오동)",A2100040,113,자동,차단,응급실
2026-10-01 03:00:00,경기도,A2100040,가톨릭대학교의정부성모병원,응급,Y000,응급실,성형외과 동반 진료 필요시 불가(야간),20260928000000,20261005000000,"경기도 의정부시 천보로 271, 의정부성모병원 (금오동)",A2100040,114,자동,차단,안과
2026-10-01 03:00:00,경기도,A2100040,가톨릭대학교의정부성모병원,응급,Y000,응급실,"권역 내 환자만 가능, 식도 이물질만 평일 08:00~17:00만 가능",20260928000000,20261005000000,"경기도 의정부시 천보로 271, 의정부성모병원 (금오동)",A2100040,115,자동,차단,소화기내과
2026-10-01 03:00:00,경기도,A2100040,가톨릭대학교의정부성모병원,응급,Y000,응급실,의료진 부족,20260928000000,20261005000000,"경기도 의정부시 천보로 271, 의정부성모병원 (금오동)",A2100040,116,자동,차단,감염내과
2026-10-01 03:00:00,경기도,A2100040,가톨릭대학교의정부성모병원,응급,Y000,응급실,산부인과 사전 연락 후 수용여부 결정,20260928000000,20261005000000,"경기도 의정부시 천보로 271, 의정부성모병원 (금오동)",A2100040,117,자동,차단,응급실
2026-10-01 03:00:00,경기도,A2100041,남양주한양병원,중증,Y0031,뇌출혈수술(거미막하 출혈),불가능메세지등록,20260927000000,20261004000000,경기도 남양주시 오남읍 양지로 47-55,A2100041,118,자동,차단,신경외과
2026-10-01 03:00:00,경기도,A2100042,의료법인명지의료재단명지병원,응급,Y000,응급실,"소아 경련 응급처치만 가능, 신생아 진료 불가",20260929084300,20261006235900,경기도 고양시 덕양구 화수로14번길 55 (화정동),A2100042,119,자동,차단,소아청소년과
2026-10-01 03:00:00,경기도,A2100046,한림대학교동탄성심병원,응급,Y000,응급실,소아 전담전문의 응급 진료 일시 불가,20261001000100,20261003120000,경기도 화성시 동탄구 큰재봉길 7 (석우동),A2100046,120,자동,차단,소아청소년과
2026-10-01 03:00:00,경기도,A2100046,한림대학교동탄성심병원,응급,Y000,응급실,** 산부인과 진료관련은 전원문의 바랍니다.,20260930080000,20261001080000,경기도 화성시 동탄구 큰재봉길 7 (석우동),A2100046,121,자동,차단,산부인과
2026-10-01 03:00:00,경기도,A2100046,한림대학교동탄성심병원,응급,Y000,응급실,입원치료가 필요한 가스 중독 환자는 일시적으로 수용이 불가능합니다.,20260928080000,20261005000000,경기도 화성시 동탄구 큰재봉길 7 (석우동),A2100046,122,자동,차단,응급실
2026-10-01 03:00:00,경기도,A2100047,동국대학교일산불교병원,응급,Y000,응급실,[산부인과-분만] NICU 미숙아 수용불가,20260924000000,20261001235900,"경기도 고양시 일산동구 동국로 27 (식사동, 동국대학교일산병원)",A2100047,123,자동,차단,산부인과
2026-10-01 03:00:00,경기도,A2100047,동국대학교일산불교병원,응급,Y000,응급실,[정신건강의학과] 정규시간 외 수용불가,20260924000000,20261001235900,"경기도 고양시 일산동구 동국로 27 (식사동, 동국대학교일산병원)",A2100047,124,자동,차단,정신건강의학과
2026-10-01 03:00:00,경기도,A2100047,동국대학교일산불교병원,응급,Y000,응급실,"[안과] 평일 8:30~20:30 가능, 주말 및 공휴일 8:30~17:00가능/ 안와골절등은 진료 불가",20260924000000,20261001235900,"경기도 고양시 일산동구 동국로 27 (식사동, 동국대학교일산병원)",A2100047,125,자동,차단,안과
2026-10-01 03:00:00,경기도,A2100047,동국대학교일산불교병원,응급,Y000,응급실,[소화기내과] 정규시간 외 이물제거 불가,20260924000000,20261001235900,"경기도 고양시 일산동구 동국로 27 (식사동, 동국대학교일산병원)",A2100047,126,자동,차단,소화기내과
2026-10-01 03:00:00,경기도,A2100047,동국대학교일산불교병원,응급,Y000,응급실,"[소아청소년과, 피부과, 성형외과, 객혈] 응급실 진료 불가",20260924000000,20261001235900,"경기도 고양시 일산동구 동국로 27 (식사동, 동국대학교일산병원)",A2100047,127,자동,차단,소아청소년과
2026-10-01 03:00:00,경기도,A2100048,원광대학교산본병원,중증,Y0051,담낭담관질환(담낭질환),담당 전문의 부재로 응급ERCP 불가,20260930123000,20261005080000,경기도 군포시 산본로 321 (산본동),A2100048,128,자동,차단,외과
2026-10-01 03:00:00,경기도,A2100052,가톨릭대학교부천성모병원,응급,Y000,응급실,불가능메세지등록,20260928000000,20261005000000,"경기도 부천시 원미구 소사로 327, 가톨릭대학교 부천성모병원 (소사동)",A2100052,129,자동,차단,정신건강의학과
2026-10-01 03:00:00,경기도,A2100052,가톨릭대학교부천성모병원,응급,Y000,응급실,소아 평일 주간 진료가능-8세이상의 기저 질환 없는 소아 24시간 응급의학과 진료 가능,20260928000000,20261005000000,"경기도 부천시 원미구 소사로 327, 가톨릭대학교 부천성모병원 (소사동)",A2100052,130,자동,차단,소아청소년과
2026-10-01 03:00:00,경기도,A2100052,가톨릭대학교부천성모병원,응급,Y000,응급실,평일 주간만 가능,20260928000000,20261005000000,"경기도 부천시 원미구 소사로 327, 가톨릭대학교 부천성모병원 (소사동)",A2100052,131,자동,차단,치과
2026-10-01 03:00:00,경기도,A2100052,가톨릭대학교부천성모병원,응급,Y000,응급실,평일 주간만 가능,20260928000000,20261005000000,"경기도 부천시 원미구 소사로 327, 가톨릭대학교 부천성모병원 (소사동)",A2100052,132,자동,차단,피부과
2026-10-01 03:00:00,경기도,A2100055,부천세종병원,응급,Y000,응급실,"스텐트 불가 , 자궁동맥 색전술 불가 .식도색전술 불가",20261001000000,20261008235900,"경기도 부천시 소사구 호현로489번길 28 (소사본동, 세종병원)",A2100055,133,자동,차단,영상의학과
2026-10-01 03:00:00,경기도,A2100055,부천세종병원,응급,Y000,응급실,"절단불가,혈관 신경 손상 & 깊은열상 불가, 힘줄 인대 가능.",20261001000000,20261008235900,"경기도 부천시 소사구 호현로489번길 28 (소사본동, 세종병원)",A2100055,134,자동,차단,정형외과
2026-10-01 03:00:00,경기도,A2100055,부천세종병원,응급,Y000,응급실,"경련 :난치성 뇌전증,뇌전증중첩증 불가",20261001000000,20261008235900,"경기도 부천시 소사구 호현로489번길 28 (소사본동, 세종병원)",A2100055,135,자동,차단,신경과
2026-10-01 03:00:00,경기도,A2100055,부천세종병원,응급,Y000,응급실,"열성경련 단순만가능 복합경련불가, 단순발열만가능 폐렴도 불가능할수 있음. 장중첩증 충수염 불가 24개월 미만 소아 진료불가( 소아경련,이물질흡인,소아내시경,외과 수술 불가)",20261001000000,20261008235900,"경기도 부천시 소사구 호현로489번길 28 (소사본동, 세종병원)",A2100055,136,자동,차단,소아청소년과
2026-10-01 03:00:00,경기도,A2100055,부천세종병원,응급,Y000,응급실,이비인후과 진료불가(의사부재),20261001000000,20261008235900,"경기도 부천시 소사구 호현로489번길 28 (소사본동, 세종병원)",A2100055,137,자동,차단,이비인후과
2026-10-01 03:00:00,경기도,A2100055,부천세종병원,응급,Y000,응급실,천공의심소견 동반시 진료 불가능,20261001000000,20261008235900,"경기도 부천시 소사구 호현로489번길 28 (소사본동, 세종병원)",A2100055,138,자동,차단,소화기내과
2026-10-01 03:00:00,경기도,A2100055,부천세종병원,응급,Y000,응급실,"ERCP 불가 ,대장 천공불가",20261001000000,20261007235900,"경기도 부천시 소사구 호현로489번길 28 (소사본동, 세종병원)",A2100055,139,자동,차단,외과
2026-10-01 03:00:00,경기도,A2118788,중앙대학교광명병원,응급,Y000,응급실,감염내과 - 신환 수용 불가,20260928100000,20261005100000,경기도 광명시 덕안로 110(일직동),A2118788,140,자동,차단,감염내과
2026-10-01 03:00:00,경기도,A2118788,중앙대학교광명병원,응급,Y000,응급실,신경외과 - 주말/공휴일 진료불가,20260928100000,20261005100000,경기도 광명시 덕안로 110(일직동),A2118788,141,자동,차단,신경외과
2026-10-01 03:00:00,경기도,A2118788,중앙대학교광명병원,응급,Y000,응급실,난임시술합병증 진료불가,20260928100000,20261005100000,경기도 광명시 덕안로 110(일직동),A2118788,142,자동,차단,산부인과
2026-10-01 03:00:00,경기도,A2118788,중앙대학교광명병원,응급,Y000,응급실,위장관출혈 Part 전문의 부재로 수용 불가,20260928100000,20261005100000,경기도 광명시 덕안로 110(일직동),A2118788,143,자동,차단,소화기내과
2026-10-01 03:00:00,경기도,A2118788,중앙대학교광명병원,응급,Y000,응급실,"소아청소년과 진료안내 : 월~목요일 17:00~21:30, 토요일,공휴일 : 09:00~17:30, 금요일,일요일 : 진료불가",20260928100000,20261005100000,경기도 광명시 덕안로 110(일직동),A2118788,144,자동,차단,소아청소년과
2026-10-01 03:00:00,인천광역시,A1400001,의료법인 길의료재단 길병원,응급,Y000,응급실,내과 분과별 사정에 따른 중환자실 입실 제한(사전 문의 요망),20260929000000,20261006000000,"인천광역시 남동구 남동대로774번길 21 (구월동, 가천대학교길병원)",A1400001,1,자동,차단,응급실
2026-10-01 03:00:00,인천광역시,A1400001,의료법인 길의료재단 길병원,응급,Y000,응급실,성형외과 안면 단순열상 봉합불가,20260929000000,20261006000000,"인천광역시 남동구 남동대로774번길 21 (구월동, 가천대학교길병원)",A1400001,2,자동,차단,성형외과
2026-10-01 03:00:00,인천광역시,A1400001,의료법인 길의료재단 길병원,응급,Y000,응급실,정신과 폐쇄병동 안정실 상황에 따라 응급입원 제한 전원문의 요망,20260929000000,20261006000000,"인천광역시 남동구 남동대로774번길 21 (구월동, 가천대학교길병원)",A1400001,3,자동,차단,응급실
2026-10-01 03:00:00,인천광역시,A1400001,의료법인 길의료재단 길병원,응급,Y000,응급실,OS 학회로 인한 인력 부족으로 hip part 수용불가,20260928111900,20261001080000,"인천광역시 남동구 남동대로774번길 21 (구월동, 가천대학교길병원)",A1400001,4,자동,차단,정형외과
2026-10-01 03:00:00,인천광역시,A1400002,인하대학교의과대학부속병원,응급,Y000,응급실,치과 응급진료 불가하오니 환자 이송 업무에 참고부탁드립니다.,20260928000000,20261004235900,"인천광역시 제물포구 인항로 27-0 (신흥동3가,인하대학병원)",A1400002,5,자동,차단,치과
2026-10-01 03:00:00,인천광역시,A1400010,검단탑병원,중증,Y0010,심근경색의 재관류중재술,심장내과 전문의 부재,20260929222900,20261006222900,인천광역시 검단구 청마로19번길 5 (당하동),A1400010,6,자동,차단,신경외과
2026-10-01 03:00:00,인천광역시,A1400012,가톨릭대학교 인천성모병원,응급,Y000,응급실,"자해, 자살, 약물중독 환자 : 적극 수용",20260930200100,20261007200000,인천광역시 부평구 동수로 56 (부평동),A1400012,7,자동,차단,응급실
2026-10-01 03:00:00,인천광역시,A1400012,가톨릭대학교 인천성모병원,응급,Y000,응급실,소아청소년과 : 24시간 진료 가능,20260930200100,20261007200000,인천광역시 부평구 동수로 56 (부평동),A1400012,8,자동,차단,응급실
2026-10-01 03:00:00,인천광역시,A1400012,가톨릭대학교 인천성모병원,응급,Y000,응급실,119 : Pre KTAS 1~2 환자 통보(고지) 후 내원,20260930200100,20261007200000,인천광역시 부평구 동수로 56 (부평동),A1400012,9,자동,차단,응급실
2026-10-01 03:00:00,인천광역시,A1400012,가톨릭대학교 인천성모병원,응급,Y000,응급실,얼굴외상 : 24시간 진료 가능,20260930200100,20261007200000,인천광역시 부평구 동수로 56 (부평동),A1400012,10,자동,차단,응급실
2026-10-01 03:00:00,인천광역시,A1400017,인천광역시의료원,중증,Y0060,복부응급수술(비외상),불가능메세지등록,20260928000000,20261005000000,"인천광역시 제물포구 방축로 217 (송림동, 인천광역시 의료원)",A1400017,11,자동,차단,
2026-10-01 03:00:00,인천광역시,A1400017,인천광역시의료원,중증,Y0052,담낭담관질환(담도포함질환),불가능메세지등록,20260928000000,20261005000000,"인천광역시 제물포구 방축로 217 (송림동, 인천광역시 의료원)",A1400017,12,자동,차단,
2026-10-01 03:00:00,인천광역시,A1400017,인천광역시의료원,중증,Y0051,담낭담관질환(담낭질환),불가능메세지등록,20260928000000,20261005000000,"인천광역시 제물포구 방축로 217 (송림동, 인천광역시 의료원)",A1400017,13,자동,차단,
2026-10-01 03:00:00,부산광역시,A1200001,인제대학교부산백병원,응급,Y000,응급실,위장관 응급내시경 (영유아) - 문의 후 수용 여부 결정,20260930200000,20261001080000,"부산광역시 부산진구 복지로 75, 진사로83번길 81, 1층(일부), 3층 (개금동)",A1200001,1,자동,차단,응급실
2026-10-01 03:00:00,부산광역시,A1200001,인제대학교부산백병원,응급,Y000,응급실,8AM ~ 8PM 환자 수용 가능,20260928180000,20261005235900,"부산광역시 부산진구 복지로 75, 진사로83번길 81, 1층(일부), 3층 (개금동)",A1200001,2,자동,차단,성형외과
2026-10-01 03:00:00,부산광역시,A1200001,인제대학교부산백병원,응급,Y000,응급실,저체중 출생아 - 문의 후 수용 여부 결정,20260928180000,20261005235900,"부산광역시 부산진구 복지로 75, 진사로83번길 81, 1층(일부), 3층 (개금동)",A1200001,3,자동,차단,소아청소년과
2026-10-01 03:00:00,부산광역시,A1200001,인제대학교부산백병원,응급,Y000,응급실,"월~목, 주말: f/u 환자 수용 가능, 금요일: 24시간 수용 가능",20260928180000,20261005235900,"부산광역시 부산진구 복지로 75, 진사로83번길 81, 1층(일부), 3층 (개금동)",A1200001,4,자동,차단,비뇨의학과
2026-10-01 03:00:00,부산광역시,A1200001,인제대학교부산백병원,응급,Y000,응급실,f/u 환자 수용 가능 (응급 수술은 이송 전 문의),20260928180000,20261005235900,"부산광역시 부산진구 복지로 75, 진사로83번길 81, 1층(일부), 3층 (개금동)",A1200001,5,자동,차단,외과
2026-10-01 03:00:00,부산광역시,A1200001,인제대학교부산백병원,응급,Y000,응급실,입원치료가 필요한 중증 소아환자 진료 제한,20260928180000,20261005235900,"부산광역시 부산진구 복지로 75, 진사로83번길 81, 1층(일부), 3층 (개금동)",A1200001,6,자동,차단,소아청소년과
2026-10-01 03:00:00,부산광역시,A1200001,인제대학교부산백병원,응급,Y000,응급실,"이비인후과: 24시간 수용 가능 (epiglottitis, laryngeal edema, deep neck infection, OP case는 문의 후 수용 여부 결정)",20260928180000,20261005235900,"부산광역시 부산진구 복지로 75, 진사로83번길 81, 1층(일부), 3층 (개금동)",A1200001,7,자동,차단,응급실
2026-10-01 03:00:00,부산광역시,A1200002,부산대학교병원,응급,Y000,응급실,[류마티스내과] 진료인력이 1명인 관계로 F/U 환자만 진료/입원가능. 출장 등으로 류마티스내과 전문의가 부재한 경우 F/U환자 진료/입원도 제한될 수 있음,20261001000000,20261008000000,부산광역시 서구 구덕로 179 (아미동1가),A1200002,8,자동,차단,류마티스내과
2026-10-01 03:00:00,부산광역시,A1200002,부산대학교병원,응급,Y000,응급실,성형안과파트 담당전문의 부재로 진료와 수술이 불가합니다,20261001000000,20261008235900,부산광역시 서구 구덕로 179 (아미동1가),A1200002,9,자동,차단,안과
2026-10-01 03:00:00,부산광역시,A1200002,부산대학교병원,응급,Y000,응급실,[이비인후과]두경부 전문의 당직 부재로 수술 케이스 진료 불가,20260930180000,20261001070000,부산광역시 서구 구덕로 179 (아미동1가),A1200002,10,자동,차단,이비인후과
2026-10-01 03:00:00,부산광역시,A1200002,부산대학교병원,응급,Y000,응급실,"[정형외과] 외상으로 인한 상지 혈관 손상, 미세수술이 필요한 수술을 월,수,금(08시~익일08시) 사전 문의 후 진료, 의외의 요일에는 수용 불가",20260930000000,20261006235900,부산광역시 서구 구덕로 179 (아미동1가),A1200002,11,자동,차단,정형외과
2026-10-01 03:00:00,부산광역시,A1200002,부산대학교병원,응급,Y000,응급실,"[정신건강의학과]소아청소년과 세부 전문의 부재로 인해 소아, 청소년 진료 불가",20260930000000,20261007000000,부산광역시 서구 구덕로 179 (아미동1가),A1200002,12,자동,차단,정신건강의학과
2026-10-01 03:00:00,부산광역시,A1200002,부산대학교병원,응급,Y000,응급실,[정형외과]소아파트 전문의 인력부재 진료불가,20260929182600,20261005070000,부산광역시 서구 구덕로 179 (아미동1가),A1200002,13,자동,차단,정형외과
2026-10-01 03:00:00,부산광역시,A1200002,부산대학교병원,응급,Y000,응급실,"[성형외과] 소아 진정시, 필수적인 모니터링 및 응급대응 지원이 불가하여, 진정이 필요한 소아 열상봉합진료가 제한됩니다.",20260929000000,20261006000000,부산광역시 서구 구덕로 179 (아미동1가),A1200002,14,자동,차단,성형외과
2026-10-01 03:00:00,부산광역시,A1200002,부산대학교병원,응급,Y000,응급실,"[소아청소년과] 월-목 주간 (8am-4pm) 신환, F/U 문의 후 결정. 월-목 야간 (4pm-익일 8am) F/U 환자만 진료 가능하며 문의 후 결정. (금 am8-월 am8) F/U 포함 모든 환자 진료 불가.",20260929000000,20261006000000,부산광역시 서구 구덕로 179 (아미동1가),A1200002,15,자동,차단,소아청소년과
2026-10-01 03:00:00,부산광역시,A1200002,부산대학교병원,응급,Y000,응급실,"[외과] 진료 인력 부족으로 상의되지 않은 신환 진료는 문의 필요, 혈관파트 전원 문의 필요, f/u 환자 진료 가능",20260929000000,20261005235900,부산광역시 서구 구덕로 179 (아미동1가),A1200002,16,자동,차단,외과
2026-10-01 03:00:00,부산광역시,A1200002,부산대학교병원,응급,Y000,응급실,"[소화기내과] 진료인력 부족으로 신환은 의료진 상의 후 가능 (단, 야간 21:00-익일 7:00 불가), f/u 환자 진료 가능",20260928073000,20261005073000,부산광역시 서구 구덕로 179 (아미동1가),A1200002,17,자동,차단,소화기내과
2026-10-01 03:00:00,부산광역시,A1200002,부산대학교병원,응급,Y000,응급실,[재활의학과] f/u 환자만 진료 가능합니다,20260928000000,20261004235900,부산광역시 서구 구덕로 179 (아미동1가),A1200002,18,자동,차단,재활의학과
2026-10-01 03:00:00,부산광역시,A1200002,부산대학교병원,응급,Y000,응급실,"[신경과] 평일 주간(08:00~21:00)은 신환 진료 가능, 평일 야간(21:00~익일08:00), 주말, 공휴일은 f/u 환자만 진료가능합니다",20260928000000,20261004235900,부산광역시 서구 구덕로 179 (아미동1가),A1200002,19,자동,차단,신경과
2026-10-01 03:00:00,부산광역시,A1200002,부산대학교병원,응급,Y000,응급실,"[소아청소년과]소아 소화기, 신장, 혈액종양, 류마티스 전문의 부재로 진료 불가",20260928000000,20261004235900,부산광역시 서구 구덕로 179 (아미동1가),A1200002,20,자동,차단,소아청소년과
2026-10-01 03:00:00,부산광역시,A1200002,부산대학교병원,응급,Y000,응급실,[소아청소년과]의료진 인력 부족으로 소아신경파트 신환 진료 불가,20260928000000,20261004235900,부산광역시 서구 구덕로 179 (아미동1가),A1200002,21,자동,차단,소아청소년과
2026-10-01 03:00:00,부산광역시,A1200002,부산대학교병원,응급,Y000,응급실,[산부인과]신생아 중환자실 부족으로 임산부 문의 후 수용여부결정,20260928000000,20261005000000,부산광역시 서구 구덕로 179 (아미동1가),A1200002,22,자동,차단,병상 또는 장비
2026-10-01 03:00:00,부산광역시,A1200002,부산대학교병원,응급,Y000,응급실,"[혈액종양내과] 의료진 인력 부족으로 신환 수용 불가, FU 환자 가능",20260928000000,20261004235900,부산광역시 서구 구덕로 179 (아미동1가),A1200002,23,자동,차단,혈액·종양내과
2026-10-01 03:00:00,부산광역시,A1200002,부산대학교병원,중증,Y0070,장중첩/폐색(유아),소아 소화기 전문의 부재로 소아 장중첩 및 장폐색 진료 불가,20260927000000,20261004000000,부산광역시 서구 구덕로 179 (아미동1가),A1200002,24,자동,차단,소아청소년과
2026-10-01 03:00:00,부산광역시,A1200002,부산대학교병원,응급,Y000,응급실,[성형외과] 수부 전문의 당직 인력 부족으로 수부 외상 응급진료가 제한됩니다.,20260927000000,20261004000000,부산광역시 서구 구덕로 179 (아미동1가),A1200002,25,자동,차단,성형외과
2026-10-01 03:00:00,부산광역시,A1200002,부산대학교병원,응급,Y000,응급실,[피부과] 평일 및 주말 피부과 진료시간 08:00~22:00로 조정,20260925000000,20261002000000,부산광역시 서구 구덕로 179 (아미동1가),A1200002,26,자동,차단,피부과
2026-10-01 03:00:00,부산광역시,A1200002,부산대학교병원,응급,Y000,응급실,[정형외과]정형외과 혈관파트 의료진과 사전 협의 후 내원,20260925000000,20261001235900,부산광역시 서구 구덕로 179 (아미동1가),A1200002,27,자동,차단,정형외과
2026-10-01 03:00:00,부산광역시,A1200003,동아대학교병원,응급,Y000,응급실,OL 두경부 파트 진료불가합니다.,20260928170300,20261004090000,부산광역시 서구 대신공원로 26 (동대신동3가),A1200003,28,자동,차단,이비인후과
2026-10-01 03:00:00,부산광역시,A1200003,동아대학교병원,응급,Y000,응급실,의료진 부족으로 상지파트 진료 및 수술 불가합니다.,20260928000000,20261003060000,부산광역시 서구 대신공원로 26 (동대신동3가),A1200003,29,자동,차단,정형외과
2026-10-01 03:00:00,부산광역시,A1200003,동아대학교병원,응급,Y000,응급실,TTM 사용중으로 적응증 환자 수용 불가합니다.,20260926080700,20261003000000,부산광역시 서구 대신공원로 26 (동대신동3가),A1200003,30,자동,차단,병상 또는 장비
2026-10-01 03:00:00,부산광역시,A1200003,동아대학교병원,응급,Y000,응급실,"[소아청소년과] 평일 17시~익일 08시, 휴일 종일 f/u 포함 진료 불가 합니다. (이송 전 문의 바랍니다.)",20260926002400,20261002235900,부산광역시 서구 대신공원로 26 (동대신동3가),A1200003,31,자동,차단,소아청소년과
2026-10-01 03:00:00,부산광역시,A1200003,동아대학교병원,중증,Y0041,대동맥응급(흉부),대동맥 파트 진료 및 수술 불가합니다.,20260925000000,20261002000000,부산광역시 서구 대신공원로 26 (동대신동3가),A1200003,32,자동,차단,
2026-10-01 03:00:00,부산광역시,A1200003,동아대학교병원,중증,Y0042,대동맥응급(복부),대동맥 파트 진료 및 수술 불가합니다.,20260925000000,20261002000000,부산광역시 서구 대신공원로 26 (동대신동3가),A1200003,33,자동,차단,
2026-10-01 03:00:00,부산광역시,A1200003,동아대학교병원,중증,Y0051,담낭담관질환(담낭질환),biliary part 신환 수용 불가합니다.,20260925000000,20261002000000,부산광역시 서구 대신공원로 26 (동대신동3가),A1200003,34,자동,차단,
2026-10-01 03:00:00,부산광역시,A1200003,동아대학교병원,중증,Y0052,담낭담관질환(담도포함질환),biliary part 신환 수용 불가합니다.,20260925000000,20261002000000,부산광역시 서구 대신공원로 26 (동대신동3가),A1200003,35,자동,차단,
2026-10-01 03:00:00,부산광역시,A1200003,동아대학교병원,중증,Y0171,영상의학혈관중재(성인),"두경부, 뇌혈관제외 모든 응급 시술 불가 합니다.",20260925000000,20261002000000,부산광역시 서구 대신공원로 26 (동대신동3가),A1200003,36,자동,차단,
2026-10-01 03:00:00,부산광역시,A1200003,동아대학교병원,중증,Y0172,영상의학혈관중재(영유아),"두경부, 뇌혈관제외 모든 응급 시술 불가 합니다.",20260925000000,20261002000000,부산광역시 서구 대신공원로 26 (동대신동3가),A1200003,37,자동,차단,
2026-10-01 03:00:00,부산광역시,A1200003,동아대학교병원,중증,Y0091,기관지 응급내시경(성인),"의료진 부재로 성인,소아 응급 내시경 불가 합니다.",20260925000000,20261002000000,부산광역시 서구 대신공원로 26 (동대신동3가),A1200003,38,자동,차단,
2026-10-01 03:00:00,부산광역시,A1200003,동아대학교병원,중증,Y0070,장중첩/폐색(유아),소아 위장관 응급내시경 불가합니다.,20260925000000,20261002000000,부산광역시 서구 대신공원로 26 (동대신동3가),A1200003,39,자동,차단,
2026-10-01 03:00:00,부산광역시,A1200004,고신대학교복음병원,응급,Y000,응급실,[소아청소년과] 월~목 응급실 소아과 전문의 상주(월/수는 야간진료 가능하나 요일 별 근무시간 상이하여 사전 문의 필요),20260928100000,20261005095900,부산광역시 서구 감천로 262 (암남동),A1200004,40,자동,차단,응급실
2026-10-01 03:00:00,부산광역시,A1200005,의료법인 은성의료재단 좋은삼선병원,응급,Y000,응급실,"36개월 미만 진료 불가, 소아경련(발열경련 포함), 소아외상, 화상, 심장, 신경 진료 불가합니다.",20260928090000,20261005090000,"부산광역시 사상구 가야대로 326, 좋은삼선병원 (주례동)",A1200005,41,자동,차단,소아청소년과
2026-10-01 03:00:00,부산광역시,A1200005,의료법인 은성의료재단 좋은삼선병원,응급,Y000,응급실,불가능메세지등록,20260928090000,20261005090000,"부산광역시 사상구 가야대로 326, 좋은삼선병원 (주례동)",A1200005,42,자동,차단,안과
2026-10-01 03:00:00,부산광역시,A1200005,의료법인 은성의료재단 좋은삼선병원,응급,Y000,응급실,불가능메세지등록,20260928090000,20261005090000,"부산광역시 사상구 가야대로 326, 좋은삼선병원 (주례동)",A1200005,43,자동,차단,정신건강의학과
2026-10-01 03:00:00,부산광역시,A1200005,의료법인 은성의료재단 좋은삼선병원,응급,Y000,응급실,평일 야간 및 주말 진료 불가합니다.,20260928090000,20261005090000,"부산광역시 사상구 가야대로 326, 좋은삼선병원 (주례동)",A1200005,44,자동,차단,정신건강의학과
2026-10-01 03:00:00,부산광역시,A1200005,의료법인 은성의료재단 좋은삼선병원,응급,Y000,응급실,치아외상 불가합니다.,20260928090000,20261005090000,"부산광역시 사상구 가야대로 326, 좋은삼선병원 (주례동)",A1200005,45,자동,차단,치과
2026-10-01 03:00:00,부산광역시,A1200005,의료법인 은성의료재단 좋은삼선병원,응급,Y000,응급실,불가능메세지등록,20260928090000,20261005090000,"부산광역시 사상구 가야대로 326, 좋은삼선병원 (주례동)",A1200005,46,자동,차단,외상외과
2026-10-01 03:00:00,부산광역시,A1200005,의료법인 은성의료재단 좋은삼선병원,응급,Y000,응급실,불가능메세지등록,20260928090000,20261005090000,"부산광역시 사상구 가야대로 326, 좋은삼선병원 (주례동)",A1200005,47,자동,차단,성형외과
2026-10-01 03:00:00,부산광역시,A1200005,의료법인 은성의료재단 좋은삼선병원,응급,Y000,응급실,[산과]불가합니다.,20260928090000,20261005090000,"부산광역시 사상구 가야대로 326, 좋은삼선병원 (주례동)",A1200005,48,자동,차단,산부인과
2026-10-01 03:00:00,부산광역시,A1200005,의료법인 은성의료재단 좋은삼선병원,응급,Y000,응급실,평일 야간 및 주말 진료 불가합니다.,20260928090000,20261005090000,"부산광역시 사상구 가야대로 326, 좋은삼선병원 (주례동)",A1200005,49,자동,차단,비뇨의학과
2026-10-01 03:00:00,부산광역시,A1200005,의료법인 은성의료재단 좋은삼선병원,응급,Y000,응급실,불가능메세지등록,20260928090000,20261005090000,"부산광역시 사상구 가야대로 326, 좋은삼선병원 (주례동)",A1200005,50,자동,차단,흉부외과
2026-10-01 03:00:00,부산광역시,A1200005,의료법인 은성의료재단 좋은삼선병원,응급,Y000,응급실,평일 야간 및 주말 진료 불가합니다.,20260928090000,20261005090000,"부산광역시 사상구 가야대로 326, 좋은삼선병원 (주례동)",A1200005,51,자동,차단,이비인후과
2026-10-01 03:00:00,부산광역시,A1200005,의료법인 은성의료재단 좋은삼선병원,응급,Y000,응급실,평일 야간 및 주말 진료 불가합니다.,20260928090000,20261005090000,"부산광역시 사상구 가야대로 326, 좋은삼선병원 (주례동)",A1200005,52,자동,차단,치과
2026-10-01 03:00:00,부산광역시,A1200013,부산성모병원(재단법인 천주교부산교구유지재단),응급,Y000,응급실,ENT 진료 불가능합니다.,20260929010000,20261002080000,부산광역시 남구 용호로232번길 25-14 (용호동),A1200013,53,자동,차단,이비인후과
2026-10-01 03:00:00,부산광역시,A1200015,동남권원자력의학원,응급,Y000,응급실,환자 이송 전 문의 바랍니다.,20260928083100,20261005083000,부산광역시 기장군 장안읍 좌동길 40,A1200015,54,자동,차단,응급실
2026-10-01 03:00:00,부산광역시,A1200016,한국보훈복지의료공단 부산보훈병원,중증,Y0160,안과적 응급 수술,불가능메세지등록,20261001004000,20261008000000,부산광역시 사상구 백양대로 420 (주례동),A1200016,55,자동,차단,
2026-10-01 03:00:00,부산광역시,A1200016,한국보훈복지의료공단 부산보훈병원,중증,Y0041,대동맥응급(흉부),불가능메세지등록,20261001004000,20261008000000,부산광역시 사상구 백양대로 420 (주례동),A1200016,56,자동,차단,
2026-10-01 03:00:00,부산광역시,A1200016,한국보훈복지의료공단 부산보훈병원,응급,Y000,응급실,불가능메세지등록,20261001004000,20261008000000,부산광역시 사상구 백양대로 420 (주례동),A1200016,57,자동,차단,외상외과
2026-10-01 03:00:00,부산광역시,A1200016,한국보훈복지의료공단 부산보훈병원,응급,Y000,응급실,불가능메세지등록,20261001004000,20261008000000,부산광역시 사상구 백양대로 420 (주례동),A1200016,58,자동,차단,치과
2026-10-01 03:00:00,부산광역시,A1200016,한국보훈복지의료공단 부산보훈병원,응급,Y000,응급실,불가능메세지등록,20261001004000,20261008000000,부산광역시 사상구 백양대로 420 (주례동),A1200016,59,자동,차단,정신건강의학과
2026-10-01 03:00:00,부산광역시,A1200016,한국보훈복지의료공단 부산보훈병원,중증,Y0172,영상의학혈관중재(영유아),불가능메세지등록,20261001004000,20261008000000,부산광역시 사상구 백양대로 420 (주례동),A1200016,60,자동,차단,
2026-10-01 03:00:00,부산광역시,A1200016,한국보훈복지의료공단 부산보훈병원,응급,Y000,응급실,불가능메세지등록,20261001004000,20261008000000,부산광역시 사상구 백양대로 420 (주례동),A1200016,61,자동,차단,안과
2026-10-01 03:00:00,부산광역시,A1200016,한국보훈복지의료공단 부산보훈병원,응급,Y000,응급실,불가능메세지등록,20261001004000,20261008000000,부산광역시 사상구 백양대로 420 (주례동),A1200016,62,자동,차단,이비인후과
2026-10-01 03:00:00,부산광역시,A1200016,한국보훈복지의료공단 부산보훈병원,중증,Y0171,영상의학혈관중재(성인),불가능메세지등록,20261001004000,20261008000000,부산광역시 사상구 백양대로 420 (주례동),A1200016,63,자동,차단,
2026-10-01 03:00:00,부산광역시,A1200016,한국보훈복지의료공단 부산보훈병원,중증,Y0142,응급투석(CRRT),불가능메세지등록,20261001004000,20261008000000,부산광역시 사상구 백양대로 420 (주례동),A1200016,64,자동,차단,
2026-10-01 03:00:00,부산광역시,A1200016,한국보훈복지의료공단 부산보훈병원,응급,Y000,응급실,불가능메세지등록,20261001004000,20261008000000,부산광역시 사상구 백양대로 420 (주례동),A1200016,65,자동,차단,피부과
2026-10-01 03:00:00,부산광역시,A1200016,한국보훈복지의료공단 부산보훈병원,중증,Y0060,복부응급수술(비외상),불가능메세지등록,20261001004000,20261008000000,부산광역시 사상구 백양대로 420 (주례동),A1200016,66,자동,차단,
2026-10-01 03:00:00,부산광역시,A1200016,한국보훈복지의료공단 부산보훈병원,중증,Y0032,뇌출혈수술(거미막하 출혈 외),불가능메세지등록,20261001004000,20261008000000,부산광역시 사상구 백양대로 420 (주례동),A1200016,67,자동,차단,
2026-10-01 03:00:00,부산광역시,A1200016,한국보훈복지의료공단 부산보훈병원,중증,Y0031,뇌출혈수술(거미막하 출혈),불가능메세지등록,20261001004000,20261008000000,부산광역시 사상구 백양대로 420 (주례동),A1200016,68,자동,차단,
2026-10-01 03:00:00,부산광역시,A1200016,한국보훈복지의료공단 부산보훈병원,중증,Y0051,담낭담관질환(담낭질환),불가능메세지등록,20261001004000,20261008000000,부산광역시 사상구 백양대로 420 (주례동),A1200016,69,자동,차단,
2026-10-01 03:00:00,부산광역시,A1200016,한국보훈복지의료공단 부산보훈병원,중증,Y0113,산부인과 응급(부인과수술),불가능메세지등록,20261001004000,20261008000000,부산광역시 사상구 백양대로 420 (주례동),A1200016,70,자동,차단,
2026-10-01 03:00:00,부산광역시,A1200016,한국보훈복지의료공단 부산보훈병원,중증,Y0112,산부인과 응급(산과수술),불가능메세지등록,20261001004000,20261008000000,부산광역시 사상구 백양대로 420 (주례동),A1200016,71,자동,차단,
2026-10-01 03:00:00,부산광역시,A1200016,한국보훈복지의료공단 부산보훈병원,중증,Y0111,산부인과 응급(분만),불가능메세지등록,20261001004000,20261008000000,부산광역시 사상구 백양대로 420 (주례동),A1200016,72,자동,차단,
2026-10-01 03:00:00,부산광역시,A1200016,한국보훈복지의료공단 부산보훈병원,중증,Y0120,중증화상,불가능메세지등록,20261001004000,20261008000000,부산광역시 사상구 백양대로 420 (주례동),A1200016,73,자동,차단,
2026-10-01 03:00:00,부산광역시,A1200016,한국보훈복지의료공단 부산보훈병원,중증,Y0082,위장관 응급내시경(영유아),불가능메세지등록,20261001004000,20261008000000,부산광역시 사상구 백양대로 420 (주례동),A1200016,74,자동,차단,
2026-10-01 03:00:00,부산광역시,A1200016,한국보훈복지의료공단 부산보훈병원,중증,Y0092,기관지 응급내시경(영유아),불가능메세지등록,20261001004000,20261008000000,부산광역시 사상구 백양대로 420 (주례동),A1200016,75,자동,차단,
2026-10-01 03:00:00,부산광역시,A1200016,한국보훈복지의료공단 부산보훈병원,중증,Y0141,응급투석(HD),불가능메세지등록,20261001004000,20261008000000,부산광역시 사상구 백양대로 420 (주례동),A1200016,76,자동,차단,
2026-10-01 03:00:00,부산광역시,A1200016,한국보훈복지의료공단 부산보훈병원,중증,Y0150,정신과적 응급입원,불가능메세지등록,20261001004000,20261008000000,부산광역시 사상구 백양대로 420 (주례동),A1200016,77,자동,차단,
2026-10-01 03:00:00,부산광역시,A1200016,한국보훈복지의료공단 부산보훈병원,중증,Y0042,대동맥응급(복부),불가능메세지등록,20261001004000,20261008000000,부산광역시 사상구 백양대로 420 (주례동),A1200016,78,자동,차단,
2026-10-01 03:00:00,부산광역시,A1200016,한국보훈복지의료공단 부산보훈병원,중증,Y0020,뇌경색의 재관류중재술,불가능메세지등록,20261001004000,20261008000000,부산광역시 사상구 백양대로 420 (주례동),A1200016,79,자동,차단,
2026-10-01 03:00:00,부산광역시,A1200016,한국보훈복지의료공단 부산보훈병원,중증,Y0052,담낭담관질환(담도포함질환),불가능메세지등록,20261001004000,20261008000000,부산광역시 사상구 백양대로 420 (주례동),A1200016,80,자동,차단,
2026-10-01 03:00:00,부산광역시,A1200016,한국보훈복지의료공단 부산보훈병원,중증,Y0100,저출생체중아,불가능메세지등록,20261001004000,20261008000000,부산광역시 사상구 백양대로 420 (주례동),A1200016,81,자동,차단,
2026-10-01 03:00:00,부산광역시,A1200016,한국보훈복지의료공단 부산보훈병원,중증,Y0131,수족지접합,불가능메세지등록,20261001004000,20261008000000,부산광역시 사상구 백양대로 420 (주례동),A1200016,82,자동,차단,
2026-10-01 03:00:00,부산광역시,A1200016,한국보훈복지의료공단 부산보훈병원,중증,Y0132,수족지접합 외,불가능메세지등록,20261001004000,20261008000000,부산광역시 사상구 백양대로 420 (주례동),A1200016,83,자동,차단,
2026-10-01 03:00:00,부산광역시,A1200016,한국보훈복지의료공단 부산보훈병원,중증,Y0070,장중첩/폐색(유아),불가능메세지등록,20261001004000,20261008000000,부산광역시 사상구 백양대로 420 (주례동),A1200016,84,자동,차단,
2026-10-01 03:00:00,부산광역시,A1200016,한국보훈복지의료공단 부산보훈병원,응급,Y000,응급실,야간불가,20261001001500,20261008000000,부산광역시 사상구 백양대로 420 (주례동),A1200016,85,자동,차단,신경과
2026-10-01 03:00:00,부산광역시,A1200016,한국보훈복지의료공단 부산보훈병원,응급,Y000,응급실,불가능메세지등록,20261001001500,20261008000000,부산광역시 사상구 백양대로 420 (주례동),A1200016,86,자동,차단,혈액·종양내과
2026-10-01 03:00:00,부산광역시,A1200016,한국보훈복지의료공단 부산보훈병원,응급,Y000,응급실,불가능메세지등록,20261001001500,20261008000000,부산광역시 사상구 백양대로 420 (주례동),A1200016,87,자동,차단,성형외과
2026-10-01 03:00:00,부산광역시,A1200016,한국보훈복지의료공단 부산보훈병원,응급,Y000,응급실,불가능메세지등록,20261001001500,20261008000000,부산광역시 사상구 백양대로 420 (주례동),A1200016,88,자동,차단,흉부외과
2026-10-01 03:00:00,부산광역시,A1200016,한국보훈복지의료공단 부산보훈병원,응급,Y000,응급실,불가능메세지등록,20261001001500,20261008000000,부산광역시 사상구 백양대로 420 (주례동),A1200016,89,자동,차단,감염내과
2026-10-01 03:00:00,부산광역시,A1200016,한국보훈복지의료공단 부산보훈병원,응급,Y000,응급실,야간진료 제한 있음,20261001001500,20261008000000,부산광역시 사상구 백양대로 420 (주례동),A1200016,90,자동,차단,호흡기내과
2026-10-01 03:00:00,부산광역시,A1200016,한국보훈복지의료공단 부산보훈병원,응급,Y000,응급실,불가능메세지등록,20261001001500,20261008000000,부산광역시 사상구 백양대로 420 (주례동),A1200016,91,자동,차단,류마티스내과
2026-10-01 03:00:00,부산광역시,A1200016,한국보훈복지의료공단 부산보훈병원,응급,Y000,응급실,불가능메세지등록,20261001001500,20261008000000,부산광역시 사상구 백양대로 420 (주례동),A1200016,92,자동,차단,소아청소년과
2026-10-01 03:00:00,부산광역시,A1200016,한국보훈복지의료공단 부산보훈병원,응급,Y000,응급실,불가능메세지등록,20261001001500,20261008000000,부산광역시 사상구 백양대로 420 (주례동),A1200016,93,자동,차단,산부인과
2026-10-01 03:00:00,부산광역시,A1200017,의료법인정화의료재단 봉생기념병원,중증,Y0051,담낭담관질환(담낭질환),불가능메세지등록,20260927054000,20261004000000,"부산광역시 동구 중앙대로 401 (좌천동, 봉생병원)",A1200017,94,자동,차단,내과
2026-10-01 03:00:00,부산광역시,A1200017,의료법인정화의료재단 봉생기념병원,응급,Y000,응급실,DI 환자 수용어렵습니다. 본원 NP DI 환자 문의 후 수용,20260927054000,20261004235900,"부산광역시 동구 중앙대로 401 (좌천동, 봉생병원)",A1200017,95,자동,차단,소화기내과
2026-10-01 03:00:00,부산광역시,A1200017,의료법인정화의료재단 봉생기념병원,응급,Y000,응급실,"소아 경련 환자 진료 불가, 소아 내/외과 환자 진료 불가",20260927054000,20261004235900,"부산광역시 동구 중앙대로 401 (좌천동, 봉생병원)",A1200017,96,자동,차단,소아청소년과
2026-10-01 03:00:00,부산광역시,A1200017,의료법인정화의료재단 봉생기념병원,응급,Y000,응급실,모든 환자 이송 전 반드시 문의 바랍니다.,20260927054000,20261004235900,"부산광역시 동구 중앙대로 401 (좌천동, 봉생병원)",A1200017,97,자동,차단,응급실
2026-10-01 03:00:00,부산광역시,A1200017,의료법인정화의료재단 봉생기념병원,응급,Y000,응급실,"주말, 야간 OBGY 진료 및 수술 어렵습니다",20260927054000,20261004235900,"부산광역시 동구 중앙대로 401 (좌천동, 봉생병원)",A1200017,98,자동,차단,산부인과
2026-10-01 03:00:00,부산광역시,A1200017,의료법인정화의료재단 봉생기념병원,중증,Y0052,담낭담관질환(담도포함질환),불가능메세지등록,20260927054000,20261004000000,"부산광역시 동구 중앙대로 401 (좌천동, 봉생병원)",A1200017,99,자동,차단,내과
2026-10-01 03:00:00,부산광역시,A1200017,의료법인정화의료재단 봉생기념병원,응급,Y000,응급실,"평일 5pm~9AM, 주말 응급내시경 불가합니다.",20260927054000,20261004235900,"부산광역시 동구 중앙대로 401 (좌천동, 봉생병원)",A1200017,100,자동,차단,소화기내과
2026-10-01 03:00:00,부산광역시,A1200018,대동병원,응급,Y000,응급실,,20260930230000,20261001080000,부산광역시 동래구 충렬대로 187 (명륜동),A1200018,101,자동,차단,산부인과
2026-10-01 03:00:00,부산광역시,A1200018,대동병원,응급,Y000,응급실,119 환자 이송 전 연락 바랍니다.,20260925000000,20261002235900,부산광역시 동래구 충렬대로 187 (명륜동),A1200018,102,자동,차단,응급실
2026-10-01 03:00:00,부산광역시,A1200018,대동병원,응급,Y000,응급실,18시- 09시 이송전 사전문의,20260925000000,20261002235900,부산광역시 동래구 충렬대로 187 (명륜동),A1200018,103,자동,차단,소아청소년과
2026-10-01 03:00:00,부산광역시,A1200018,대동병원,응급,Y000,응급실,환자과다로 f/u 환자 외 적응증 및 시술 환자 수용불가,20260925000000,20261002235900,부산광역시 동래구 충렬대로 187 (명륜동),A1200018,104,자동,차단,호흡기내과
2026-10-01 03:00:00,부산광역시,A1200021,삼육부산병원,중증,Y0041,대동맥응급(흉부),angio 시술팀 부재로 외래시간(09:00~18:00)외 수용불가,20260930180000,20261001090000,부산광역시 서구 대티로 170 (서대신동2가),A1200021,105,자동,차단,
2026-10-01 03:00:00,부산광역시,A1200021,삼육부산병원,중증,Y0010,심근경색의 재관류중재술,angio 시술팀 부재로 외래시간(09:00~18:00)외 수용불가,20260930180000,20261001090000,부산광역시 서구 대티로 170 (서대신동2가),A1200021,106,자동,차단,
2026-10-01 03:00:00,부산광역시,A1200021,삼육부산병원,중증,Y0020,뇌경색의 재관류중재술,angio 시술팀 부재로 외래시간(09:00~18:00)외 수용불가,20260930180000,20261001090000,부산광역시 서구 대티로 170 (서대신동2가),A1200021,107,자동,차단,
2026-10-01 03:00:00,부산광역시,A1200021,삼육부산병원,중증,Y0042,대동맥응급(복부),angio 시술팀 부재로 외래시간(09:00~18:00)외 수용불가,20260930180000,20261001090000,부산광역시 서구 대티로 170 (서대신동2가),A1200021,108,자동,차단,
2026-10-01 03:00:00,부산광역시,A1200022,인제대학교 해운대백병원,응급,Y000,응급실,"소아내시경 만 12세 (40kg) 이상 , 뇌염, 복합경련은 응급실진료 가능, 입원 어려움, 100일 미만 발열 소아 응급실 진료 가능, 중환아 일 경우 입원 불가능",20260926000000,20261003235900,부산광역시 해운대구 해운대로 875 (좌동),A1200022,109,자동,차단,소아청소년과
2026-10-01 03:00:00,부산광역시,A1200022,인제대학교 해운대백병원,응급,Y000,응급실,대동맥 박리 case 진료 불가,20260926000000,20261003235900,부산광역시 해운대구 해운대로 875 (좌동),A1200022,110,자동,차단,흉부외과
2026-10-01 03:00:00,부산광역시,A1200022,인제대학교 해운대백병원,응급,Y000,응급실,이송전 사전연락,20260926000000,20261003235900,부산광역시 해운대구 해운대로 875 (좌동),A1200022,111,자동,차단,정형외과
2026-10-01 03:00:00,부산광역시,A1200022,인제대학교 해운대백병원,응급,Y000,응급실,응급실 진료불가,20260926000000,20261003235900,부산광역시 해운대구 해운대로 875 (좌동),A1200022,112,자동,차단,성형외과
2026-10-01 03:00:00,부산광역시,A1200024,부산광역시의료원,중증,Y0131,수족지접합,불가능메세지등록,20260928080000,20261005075900,"부산광역시 연제구 월드컵대로 359 (거제동, 1동, 5동일부)",A1200024,113,자동,차단,
2026-10-01 03:00:00,부산광역시,A1200024,부산광역시의료원,중증,Y0150,정신과적 응급입원,불가능메세지등록,20260928080000,20261005075900,"부산광역시 연제구 월드컵대로 359 (거제동, 1동, 5동일부)",A1200024,114,자동,차단,
2026-10-01 03:00:00,부산광역시,A1200024,부산광역시의료원,중증,Y0120,중증화상,불가능메세지등록,20260928080000,20261005075900,"부산광역시 연제구 월드컵대로 359 (거제동, 1동, 5동일부)",A1200024,115,자동,차단,
2026-10-01 03:00:00,부산광역시,A1200024,부산광역시의료원,중증,Y0020,뇌경색의 재관류중재술,불가능메세지등록,20260928080000,20261005075900,"부산광역시 연제구 월드컵대로 359 (거제동, 1동, 5동일부)",A1200024,116,자동,차단,신경외과
2026-10-01 03:00:00,부산광역시,A1200024,부산광역시의료원,중증,Y0032,뇌출혈수술(거미막하 출혈 외),불가능메세지등록,20260928080000,20261005075900,"부산광역시 연제구 월드컵대로 359 (거제동, 1동, 5동일부)",A1200024,117,자동,차단,신경외과
2026-10-01 03:00:00,부산광역시,A1200024,부산광역시의료원,중증,Y0042,대동맥응급(복부),불가능메세지등록,20260928080000,20261005075900,"부산광역시 연제구 월드컵대로 359 (거제동, 1동, 5동일부)",A1200024,118,자동,차단,
2026-10-01 03:00:00,부산광역시,A1200024,부산광역시의료원,중증,Y0041,대동맥응급(흉부),불가능메세지등록,20260928080000,20261005075900,"부산광역시 연제구 월드컵대로 359 (거제동, 1동, 5동일부)",A1200024,119,자동,차단,
2026-10-01 03:00:00,부산광역시,A1200024,부산광역시의료원,중증,Y0113,산부인과 응급(부인과수술),불가능메세지등록,20260928080000,20261005075900,"부산광역시 연제구 월드컵대로 359 (거제동, 1동, 5동일부)",A1200024,120,자동,차단,
2026-10-01 03:00:00,부산광역시,A1200024,부산광역시의료원,중증,Y0171,영상의학혈관중재(성인),평일 주간시간 가능,20260928080000,20261005075900,"부산광역시 연제구 월드컵대로 359 (거제동, 1동, 5동일부)",A1200024,121,자동,차단,
2026-10-01 03:00:00,부산광역시,A1200024,부산광역시의료원,중증,Y0141,응급투석(HD),불가능메세지등록,20260928080000,20261005075900,"부산광역시 연제구 월드컵대로 359 (거제동, 1동, 5동일부)",A1200024,122,자동,차단,
2026-10-01 03:00:00,부산광역시,A1200024,부산광역시의료원,중증,Y0091,기관지 응급내시경(성인),불가능메세지등록,20260928080000,20261005075900,"부산광역시 연제구 월드컵대로 359 (거제동, 1동, 5동일부)",A1200024,123,자동,차단,
2026-10-01 03:00:00,부산광역시,A1200024,부산광역시의료원,중증,Y0031,뇌출혈수술(거미막하 출혈),불가능메세지등록,20260928080000,20261005075900,"부산광역시 연제구 월드컵대로 359 (거제동, 1동, 5동일부)",A1200024,124,자동,차단,
2026-10-01 03:00:00,부산광역시,A1200024,부산광역시의료원,중증,Y0111,산부인과 응급(분만),불가능메세지등록,20260928080000,20261005075900,"부산광역시 연제구 월드컵대로 359 (거제동, 1동, 5동일부)",A1200024,125,자동,차단,
2026-10-01 03:00:00,부산광역시,A1200024,부산광역시의료원,중증,Y0132,수족지접합 외,불가능메세지등록,20260928080000,20261005075900,"부산광역시 연제구 월드컵대로 359 (거제동, 1동, 5동일부)",A1200024,126,자동,차단,
2026-10-01 03:00:00,부산광역시,A1200024,부산광역시의료원,중증,Y0112,산부인과 응급(산과수술),불가능메세지등록,20260928080000,20261005075900,"부산광역시 연제구 월드컵대로 359 (거제동, 1동, 5동일부)",A1200024,127,자동,차단,
2026-10-01 03:00:00,부산광역시,A1200045,구포성심병원,중증,Y0010,심근경색의 재관류중재술,CV 부재로 불가능합니다.,20260930170000,20261001083000,부산광역시 북구 낙동대로 1786 (구포동),A1200045,128,자동,차단,
2026-10-01 03:00:00,부산광역시,A1200045,구포성심병원,응급,Y000,응급실,"집중치료실 full bed, 이송 전 문의 부탁드립니다.",20260930111600,20261001090000,부산광역시 북구 낙동대로 1786 (구포동),A1200045,129,자동,차단,병상 또는 장비
2026-10-01 03:00:00,대구광역시,A1300001,영남대학교병원,응급,Y000,응급실,"[소아청소년과] 야간·주말·공휴일 소아신경과 f/u만 수용 가능, [영유아 기관지 응급내시경] 수용 불가능",20260930180000,20261001083000,대구광역시 남구 현충로 170 (대명동),A1300001,1,자동,차단,소아청소년과
2026-10-01 03:00:00,대구광역시,A1300001,영남대학교병원,응급,Y000,응급실,"[혈액종양내과] 해당 시간대에는 f/u 환자만 수용 가능 (pf.고성애) : 평일18~8시,주말,공휴일",20260930180000,20261001080000,대구광역시 남구 현충로 170 (대명동),A1300001,2,자동,차단,혈액·종양내과
2026-10-01 03:00:00,대구광역시,A1300001,영남대학교병원,응급,Y000,응급실,"[내분비대사내과] 해당 시간대에는 진료 불가 (pf.윤지성) : 평일18~8시,주말,공휴일",20260930180000,20261001080000,대구광역시 남구 현충로 170 (대명동),A1300001,3,자동,차단,내분비내과
2026-10-01 03:00:00,대구광역시,A1300001,영남대학교병원,응급,Y000,응급실,[신경과] 경련 환자 진료 제한 (pf.권두혁),20260930170000,20261001080000,대구광역시 남구 현충로 170 (대명동),A1300001,4,자동,차단,신경과
2026-10-01 03:00:00,대구광역시,A1300001,영남대학교병원,응급,Y000,응급실,"[신경외과] brain tumor 환자 f/u 외 진료 제한, 외상 및 뇌혈관질환 진료 가능 (pf.박소희)",20260930153700,20261001060000,대구광역시 남구 현충로 170 (대명동),A1300001,5,자동,차단,신경외과
2026-10-01 03:00:00,대구광역시,A1300001,영남대학교병원,응급,Y000,응급실,[소아외과] 의료진 부재로 수용 불가능 (pf.이남혁),20260930130000,20261001080000,대구광역시 남구 현충로 170 (대명동),A1300001,6,자동,차단,외과
2026-10-01 03:00:00,대구광역시,A1300001,영남대학교병원,응급,Y000,응급실,[외과] f/u 수용 가능 및 중증화상 수용 불가능 (pf.김소현),20260930080000,20261001080000,대구광역시 남구 현충로 170 (대명동),A1300001,7,자동,차단,외과
2026-10-01 03:00:00,대구광역시,A1300001,영남대학교병원,응급,Y000,응급실,[호흡기내과] f/u 수용 가능 (pf.진현정),20260930080000,20261001080000,대구광역시 남구 현충로 170 (대명동),A1300001,8,자동,차단,호흡기내과
2026-10-01 03:00:00,대구광역시,A1300001,영남대학교병원,응급,Y000,응급실,[비뇨의학과] 의료진 부재로 복부 관련 환자 외 수용 가능 (pf.송필현),20260930080000,20261001080000,대구광역시 남구 현충로 170 (대명동),A1300001,9,자동,차단,비뇨의학과
2026-10-01 03:00:00,대구광역시,A1300001,영남대학교병원,응급,Y000,응급실,[치과] 의료진 부재로 수용 불가능,20260930080000,20261001080000,대구광역시 남구 현충로 170 (대명동),A1300001,10,자동,차단,치과
2026-10-01 03:00:00,대구광역시,A1300001,영남대학교병원,응급,Y000,응급실,[이비인후과] f/u 수용 가능 (pf.김용대),20260930080000,20261001080000,대구광역시 남구 현충로 170 (대명동),A1300001,11,자동,차단,이비인후과
2026-10-01 03:00:00,대구광역시,A1300001,영남대학교병원,응급,Y000,응급실,[소화기내과] 간 파트는 f/u 수용 가능 (pf.박정길),20260930080000,20261001080000,대구광역시 남구 현충로 170 (대명동),A1300001,12,자동,차단,소화기내과
2026-10-01 03:00:00,대구광역시,A1300002,경북대학교병원,중증,Y0041,대동맥응급(흉부),"[마취통증의학과] 매주 수요일(18:00~08:00), 심장, 대동맥 관련수술 불가",20260930180000,20261001080000,"대구광역시 중구 동덕로 130 (삼덕동2가, 경북대학교병원)",A1300002,13,자동,차단,
2026-10-01 03:00:00,대구광역시,A1300002,경북대학교병원,응급,Y000,응급실,[신경과] 의료진 부재로 말초신경 및 근육질환 관련 응급진료 불가,20260930114200,20261006080000,"대구광역시 중구 동덕로 130 (삼덕동2가, 경북대학교병원)",A1300002,14,자동,차단,신경과
2026-10-01 03:00:00,대구광역시,A1300002,경북대학교병원,응급,Y000,응급실,[부인과] 의료진 부재로 관련 환자 응급진료 불가,20260930070100,20261001070000,"대구광역시 중구 동덕로 130 (삼덕동2가, 경북대학교병원)",A1300002,15,자동,차단,산부인과
2026-10-01 03:00:00,대구광역시,A1300002,경북대학교병원,중증,Y0060,복부응급수술(비외상),[외과] 의료진 부재로 관련환자 응급진료 불가,20260930070000,20261001080000,"대구광역시 중구 동덕로 130 (삼덕동2가, 경북대학교병원)",A1300002,16,자동,차단,
2026-10-01 03:00:00,대구광역시,A1300002,경북대학교병원,응급,Y000,응급실,"[마취통증의학과] 매주 수요일(18:00~08:00), 심장, 대동맥 관련 수술 불가",20260928070000,20261005070000,"대구광역시 중구 동덕로 130 (삼덕동2가, 경북대학교병원)",A1300002,17,자동,차단,마취통증의학과
2026-10-01 03:00:00,대구광역시,A1300002,경북대학교병원,응급,Y000,응급실,"[안과] 세부 전문의 부족으로 성인 및 소아 안와골절, 눈물소관 열상 진료 불가",20260928070000,20261005070000,"대구광역시 중구 동덕로 130 (삼덕동2가, 경북대학교병원)",A1300002,18,자동,차단,안과
2026-10-01 03:00:00,대구광역시,A1300002,경북대학교병원,응급,Y000,응급실,[흉부외과] 심혈관중환자실 공사로 응급심장수술 및 심혈관(흉부외과)관련 환자 이송 전 반드시 사전 문의 (~2026년 12월),20260928070000,20261005070000,"대구광역시 중구 동덕로 130 (삼덕동2가, 경북대학교병원)",A1300002,19,자동,차단,병상 또는 장비
2026-10-01 03:00:00,대구광역시,A1300002,경북대학교병원,응급,Y000,응급실,[산부인과] 전원/이송 전 사전 수용여부 반드시 확인,20260928070000,20261005070000,"대구광역시 중구 동덕로 130 (삼덕동2가, 경북대학교병원)",A1300002,20,자동,차단,산부인과
2026-10-01 03:00:00,대구광역시,A1300002,경북대학교병원,응급,Y000,응급실,"[구강악안면외과] 단순(치통, 치관파절, 보철물 탈락 등 비응급 질환) 치아 질환 응급실 진료 불가",20260928070000,20261005070000,"대구광역시 중구 동덕로 130 (삼덕동2가, 경북대학교병원)",A1300002,21,자동,차단,치과
2026-10-01 03:00:00,대구광역시,A1300002,경북대학교병원,응급,Y000,응급실,"[이비인후과] 만 10세, 35kg 이하 소아 이비인후과 진료 불가",20260928070000,20261005070000,"대구광역시 중구 동덕로 130 (삼덕동2가, 경북대학교병원)",A1300002,22,자동,차단,이비인후과
2026-10-01 03:00:00,대구광역시,A1300002,경북대학교병원,중증,Y0070,장중첩/폐색(유아),[소아청소년과] 의료진 부재로 장충첩증 정복술 불가,20260928070000,20261005070000,"대구광역시 중구 동덕로 130 (삼덕동2가, 경북대학교병원)",A1300002,23,자동,차단,
2026-10-01 03:00:00,대구광역시,A1300002,경북대학교병원,응급,Y000,응급실,[소아청소년과] 의료진 부재로 장중첩증 정복술 불가,20260928070000,20261005070000,"대구광역시 중구 동덕로 130 (삼덕동2가, 경북대학교병원)",A1300002,24,자동,차단,소아청소년과
2026-10-01 03:00:00,대구광역시,A1300002,경북대학교병원,응급,Y000,응급실,"[외과] (수,목) 의료진 부재로 관련환자 응급진료 불가",20260928070000,20261005070000,"대구광역시 중구 동덕로 130 (삼덕동2가, 경북대학교병원)",A1300002,25,자동,차단,외과
2026-10-01 03:00:00,대구광역시,A1300002,경북대학교병원,응급,Y000,응급실,"[안과] 신경안과질환(마비사시, 시신경염, 혀혈성 시신경병증 등) 관련 전문의 부재로 응급진료 불가",20260924070100,20261001070000,"대구광역시 중구 동덕로 130 (삼덕동2가, 경북대학교병원)",A1300002,26,자동,차단,안과
2026-10-01 03:00:00,대구광역시,A1300003,계명대학교동산병원,응급,Y000,응급실,[부인과] f/u 외 이송 전 확인,20260926071000,20261003120000,대구광역시 달서구 달구벌대로 1035 (신당동),A1300003,27,자동,차단,산부인과
2026-10-01 03:00:00,대구광역시,A1300003,계명대학교동산병원,응급,Y000,응급실,[외과] 외과계 중환자실 부족으로 통보 시까지 외상 환자 수용불가 pf 박찬희,20260926071000,20261003120000,대구광역시 달서구 달구벌대로 1035 (신당동),A1300003,28,자동,차단,외과
2026-10-01 03:00:00,대구광역시,A1300003,계명대학교동산병원,응급,Y000,응급실,[소아청소년과] 정규시간 외 수용제한 (이송 전 확인),20260926071000,20261003120000,대구광역시 달서구 달구벌대로 1035 (신당동),A1300003,29,자동,차단,소아청소년과
2026-10-01 03:00:00,대구광역시,A1300003,계명대학교동산병원,응급,Y000,응급실,[치과] 정규시간 외 불가,20260926071000,20261003120000,대구광역시 달서구 달구벌대로 1035 (신당동),A1300003,30,자동,차단,치과
2026-10-01 03:00:00,대구광역시,A1300004,대구가톨릭대학교병원,응급,Y000,응급실,수혈 필요한 출혈 환자 수용불가,20260930195200,20261001080000,대구광역시 남구 두류공원로17길 33 (대명동),A1300004,31,자동,차단,응급실
2026-10-01 03:00:00,대구광역시,A1300004,대구가톨릭대학교병원,응급,Y000,응급실,"응급실 이사 및 이전 작업으로 인한 정상진료/수용 어려움, 환자 이송 및 전원 시 사전 문의",20260929180000,20261001083000,대구광역시 남구 두류공원로17길 33 (대명동),A1300004,32,자동,차단,응급실
2026-10-01 03:00:00,대구광역시,A1300004,대구가톨릭대학교병원,응급,Y000,응급실,산부인과_ 의료진부족_ 사전문의,20260929000000,20261005235900,대구광역시 남구 두류공원로17길 33 (대명동),A1300004,33,자동,차단,산부인과
2026-10-01 03:00:00,대구광역시,A1300004,대구가톨릭대학교병원,응급,Y000,응급실,외과_의료진부족_사전문의,20260929000000,20261005235900,대구광역시 남구 두류공원로17길 33 (대명동),A1300004,34,자동,차단,외과
2026-10-01 03:00:00,대구광역시,A1300004,대구가톨릭대학교병원,응급,Y000,응급실,비뇨의학과_의료진부족_사전문의,20260929000000,20261005235900,대구광역시 남구 두류공원로17길 33 (대명동),A1300004,35,자동,차단,비뇨의학과
2026-10-01 03:00:00,대구광역시,A1300004,대구가톨릭대학교병원,응급,Y000,응급실,"소아청소년과_수요일 야간/일요일 진료가능,소아신경과 불가",20260929000000,20261005235900,대구광역시 남구 두류공원로17길 33 (대명동),A1300004,36,자동,차단,소아청소년과
2026-10-01 03:00:00,대구광역시,A1300004,대구가톨릭대학교병원,응급,Y000,응급실,신경과_신경과_의료진부족_길랭바레증후군+근무력증_진료불가,20260929000000,20261005235900,대구광역시 남구 두류공원로17길 33 (대명동),A1300004,37,자동,차단,신경과
2026-10-01 03:00:00,대구광역시,A1300004,대구가톨릭대학교병원,응급,Y000,응급실,"신경과_seizure f/u 외 수용불가, 뇌경색의심환자 사전문의",20260929000000,20261005235900,대구광역시 남구 두류공원로17길 33 (대명동),A1300004,38,자동,차단,신경과
2026-10-01 03:00:00,대구광역시,A1300004,대구가톨릭대학교병원,응급,Y000,응급실,피부과_평일 진료가능,20260929000000,20261005235900,대구광역시 남구 두류공원로17길 33 (대명동),A1300004,39,자동,차단,피부과
2026-10-01 03:00:00,대구광역시,A1300004,대구가톨릭대학교병원,응급,Y000,응급실,치과_외래시간 진료가능(악안면봉합포함),20260929000000,20261005235900,대구광역시 남구 두류공원로17길 33 (대명동),A1300004,40,자동,차단,치과
2026-10-01 03:00:00,대구광역시,A1300008,곽병원,응급,Y000,응급실,"장중첩증, 경련,정신건강학적 환자 수용불가",20260928000000,20261004235900,대구광역시 중구 국채보상로 531 (수동),A1300008,41,자동,차단,소아청소년과
2026-10-01 03:00:00,대구광역시,A1300009,대구파티마병원,중증,Y0020,뇌경색의 재관류중재술,[신경외과]의료진 부재로 진료 불가능,20260930160000,20261001080000,대구광역시 동구 아양로 99 (신암동),A1300009,42,자동,차단,신경외과
2026-10-01 03:00:00,대구광역시,A1300009,대구파티마병원,중증,Y0031,뇌출혈수술(거미막하 출혈),[신경외과]의료진 부재로 진료 불가능,20260930160000,20261001080000,대구광역시 동구 아양로 99 (신암동),A1300009,43,자동,차단,신경외과
2026-10-01 03:00:00,대구광역시,A1300009,대구파티마병원,중증,Y0032,뇌출혈수술(거미막하 출혈 외),[신경외과]의료진 부재로 진료 불가능,20260930160000,20261001080000,대구광역시 동구 아양로 99 (신암동),A1300009,44,자동,차단,신경외과
2026-10-01 03:00:00,대구광역시,A1300009,대구파티마병원,응급,Y000,응급실,[피부과]외래진료시간외 진료불가,20260928100100,20261005100000,대구광역시 동구 아양로 99 (신암동),A1300009,45,자동,차단,피부과
2026-10-01 03:00:00,대구광역시,A1300009,대구파티마병원,응급,Y000,응급실,"[소아청소년과]공휴일(토.일제외), 평일야간(17:30~08:00)진료불가, 이송전 문의",20260928100100,20261005100000,대구광역시 동구 아양로 99 (신암동),A1300009,46,자동,차단,소아청소년과
2026-10-01 03:00:00,대구광역시,A1300009,대구파티마병원,응급,Y000,응급실,"[소화기내과]평일17:00~09:00, 토.일.공휴일12:00~09:00 신환응급내시경 및 소화기내과 시술불가",20260928100100,20261005100000,대구광역시 동구 아양로 99 (신암동),A1300009,47,자동,차단,소화기내과
2026-10-01 03:00:00,대구광역시,A1300009,대구파티마병원,응급,Y000,응급실,[비뇨의학과] 본원 f/u 포함 이송전 문의,20260928100100,20261005100000,대구광역시 동구 아양로 99 (신암동),A1300009,48,자동,차단,비뇨의학과
2026-10-01 03:00:00,대구광역시,A1300009,대구파티마병원,응급,Y000,응급실,"[정신건강의학과]병력,자해,약물중독환자 수용불가",20260928100100,20261005100000,대구광역시 동구 아양로 99 (신암동),A1300009,49,자동,차단,정신건강의학과
2026-10-01 03:00:00,대구광역시,A1300009,대구파티마병원,응급,Y000,응급실,"[치과]목요일,공휴일,일요일,야간진료 불가",20260928100100,20261005100000,대구광역시 동구 아양로 99 (신암동),A1300009,50,자동,차단,치과
2026-10-01 03:00:00,대구광역시,A1300009,대구파티마병원,응급,Y000,응급실,[소아외과]의료진부족으로 소아외과 이송전 문의,20260928100100,20261005100000,대구광역시 동구 아양로 99 (신암동),A1300009,51,자동,차단,외과
2026-10-01 03:00:00,대구광역시,A1300009,대구파티마병원,응급,Y000,응급실,[산부인과] 본원 f/u 이외 산부인과 진료불가,20260928100100,20261005100000,대구광역시 동구 아양로 99 (신암동),A1300009,52,자동,차단,산부인과
2026-10-01 03:00:00,대구광역시,A1300009,대구파티마병원,응급,Y000,응급실,[안과]망막 등 응급수술 필요한 환자 이송전문의,20260928100100,20261005100000,대구광역시 동구 아양로 99 (신암동),A1300009,53,자동,차단,안과
2026-10-01 03:00:00,대구광역시,A1300009,대구파티마병원,응급,Y000,응급실,[이비인후과]외래 진료시간외 진료불가. 이송전문의,20260928100100,20261005100000,대구광역시 동구 아양로 99 (신암동),A1300009,54,자동,차단,이비인후과
2026-10-01 03:00:00,대구광역시,A1300009,대구파티마병원,응급,Y000,응급실,[응급실]타 대학병원 F/U환자 이송전 문의,20260928100100,20261005100000,대구광역시 동구 아양로 99 (신암동),A1300009,55,자동,차단,응급실
2026-10-01 03:00:00,대구광역시,A1300010,칠곡경북대학교병원,중증,Y0010,심근경색의 재관류중재술,"평일 야간, 주말 불가(사정에 따라 지연 또는 제한)",20260930173000,20261001075900,"대구광역시 북구 호국로 807, 칠곡경북대학교병원(임상실습동 1~11층 포함) (학정동)",A1300010,56,자동,차단,
2026-10-01 03:00:00,대구광역시,A1300010,칠곡경북대학교병원,응급,Y000,응급실,[부인과] 신환 진료 불가,20260930170000,20261001075900,"대구광역시 북구 호국로 807, 칠곡경북대학교병원(임상실습동 1~11층 포함) (학정동)",A1300010,57,자동,차단,산부인과
2026-10-01 03:00:00,대구광역시,A1300010,칠곡경북대학교병원,응급,Y000,응급실,[혈관외과] 응급진료 불가,20260930080000,20261001075900,"대구광역시 북구 호국로 807, 칠곡경북대학교병원(임상실습동 1~11층 포함) (학정동)",A1300010,58,자동,차단,외과
2026-10-01 03:00:00,대구광역시,A1300010,칠곡경북대학교병원,응급,Y000,응급실,"[이비인후과] 두경부 질환 (얼굴, 목 질환) 진료불가",20260930070000,20261005065900,"대구광역시 북구 호국로 807, 칠곡경북대학교병원(임상실습동 1~11층 포함) (학정동)",A1300010,59,자동,차단,이비인후과
2026-10-01 03:00:00,대구광역시,A1300010,칠곡경북대학교병원,응급,Y000,응급실,[비뇨의학과] 소아 진료 불가,20260928161900,20261004235900,"대구광역시 북구 호국로 807, 칠곡경북대학교병원(임상실습동 1~11층 포함) (학정동)",A1300010,60,자동,차단,비뇨의학과
2026-10-01 03:00:00,대구광역시,A1300010,칠곡경북대학교병원,응급,Y000,응급실,[피부과] 응급진료 불가,20260928000000,20261004235900,"대구광역시 북구 호국로 807, 칠곡경북대학교병원(임상실습동 1~11층 포함) (학정동)",A1300010,61,자동,차단,피부과
2026-10-01 03:00:00,대구광역시,A1300010,칠곡경북대학교병원,응급,Y000,응급실,[산과] 14주 이상 - 30주 미만 고위험 또는 응급 제왕절개 필요한 산모 위주 진료 (산후 출혈 사전 연락 필요),20260928000000,20261004235900,"대구광역시 북구 호국로 807, 칠곡경북대학교병원(임상실습동 1~11층 포함) (학정동)",A1300010,62,자동,차단,산부인과
2026-10-01 03:00:00,대구광역시,A1300010,칠곡경북대학교병원,응급,Y000,응급실,** 원내 사정으로 이송 및 전원 환자 필히 사전 연락 후 이송,20260928000000,20261004235900,"대구광역시 북구 호국로 807, 칠곡경북대학교병원(임상실습동 1~11층 포함) (학정동)",A1300010,63,자동,차단,응급실
2026-10-01 03:00:00,대구광역시,A1300010,칠곡경북대학교병원,중증,Y0070,장중첩/폐색(유아),소아 외과 진료 제한,20260928000000,20261004235900,"대구광역시 북구 호국로 807, 칠곡경북대학교병원(임상실습동 1~11층 포함) (학정동)",A1300010,64,자동,차단,
2026-10-01 03:00:00,대구광역시,A1300010,칠곡경북대학교병원,응급,Y000,응급실,외상 진료 불가 · 약물중독 진료 제한,20260928000000,20261004235900,"대구광역시 북구 호국로 807, 칠곡경북대학교병원(임상실습동 1~11층 포함) (학정동)",A1300010,65,자동,차단,기타 진료과
2026-10-01 03:00:00,대구광역시,A1300010,칠곡경북대학교병원,응급,Y000,응급실,[소화기내과] 간질환 진료 불가,20260928000000,20261004235900,"대구광역시 북구 호국로 807, 칠곡경북대학교병원(임상실습동 1~11층 포함) (학정동)",A1300010,66,자동,차단,소화기내과
2026-10-01 03:00:00,대구광역시,A1300010,칠곡경북대학교병원,응급,Y000,응급실,[정형외과] 응급진료 불가(척추포함),20260928000000,20261004235900,"대구광역시 북구 호국로 807, 칠곡경북대학교병원(임상실습동 1~11층 포함) (학정동)",A1300010,67,자동,차단,정형외과
2026-10-01 03:00:00,대구광역시,A1300010,칠곡경북대학교병원,응급,Y000,응급실,"[흉부외과] 대동맥박리, 식도 응급질환 등 진료 제한",20260928000000,20261004235900,"대구광역시 북구 호국로 807, 칠곡경북대학교병원(임상실습동 1~11층 포함) (학정동)",A1300010,68,자동,차단,흉부외과
2026-10-01 03:00:00,대구광역시,A1300010,칠곡경북대학교병원,응급,Y000,응급실,[치과] 응급진료 불가,20260928000000,20261004235900,"대구광역시 북구 호국로 807, 칠곡경북대학교병원(임상실습동 1~11층 포함) (학정동)",A1300010,69,자동,차단,치과
2026-10-01 03:00:00,대구광역시,A1300010,칠곡경북대학교병원,응급,Y000,응급실,[안과] 응급진료 불가,20260928000000,20261004235900,"대구광역시 북구 호국로 807, 칠곡경북대학교병원(임상실습동 1~11층 포함) (학정동)",A1300010,70,자동,차단,안과
2026-10-01 03:00:00,대구광역시,A1303386,계명대학교대구동산병원,응급,Y000,응급실,오후 10시 이후 신경과 관련 환자 진료 제한(사전 연락 바랍니다),20261001000000,20261008235900,"대구광역시 중구 달성로 56, 계명대학교대구동산병원 (동산동)",A1303386,71,자동,차단,신경과
2026-10-01 03:00:00,대구광역시,A1303386,계명대학교대구동산병원,응급,Y000,응급실,혈액제제 부족으로 관련 환자 수용 제한(사전 연락 바랍니다),20261001000000,20261008235900,"대구광역시 중구 달성로 56, 계명대학교대구동산병원 (동산동)",A1303386,72,자동,차단,병상 또는 장비
2026-10-01 03:00:00,대구광역시,A1303386,계명대학교대구동산병원,응급,Y000,응급실,"수술적 처치 필요한 척추 질환, 척추 감염환자 수용 불가",20261001000000,20261008235900,"대구광역시 중구 달성로 56, 계명대학교대구동산병원 (동산동)",A1303386,73,자동,차단,정형외과
2026-10-01 03:00:00,대구광역시,A1303386,계명대학교대구동산병원,응급,Y000,응급실,환자 이송 전 KTAS 보내고 연락 바랍니다. 서버 불안정으로 구급활동정보 알람이 때때로 오지 않습니다.,20261001000000,20261008235900,"대구광역시 중구 달성로 56, 계명대학교대구동산병원 (동산동)",A1303386,74,자동,차단,병상 또는 장비
2026-10-01 03:00:00,대구광역시,A1303386,계명대학교대구동산병원,응급,Y000,응급실,"산과, 신경외과, 심장내과, 심장혈관흉부외과, 성형외과, 피부과 의료진 부재로 관련 환자 수용 불가",20261001000000,20261008235900,"대구광역시 중구 달성로 56, 계명대학교대구동산병원 (동산동)",A1303386,75,자동,차단,기타 진료과
2026-10-01 03:00:00,대구광역시,A1303386,계명대학교대구동산병원,응급,Y000,응급실,"부인과, 소아청소년과, 이비인후과 외래시간 외 관련 환자 수용 불가(사전 연락 바랍니다)",20261001000000,20261008235900,"대구광역시 중구 달성로 56, 계명대학교대구동산병원 (동산동)",A1303386,76,자동,차단,기타 진료과
2026-10-01 03:00:00,대전광역시,A1600001,충남대학교병원,응급,Y000,응급실,"[신경과] 의료진 부족으로 23시 ~익일 8시까지 신경과 진료 불가( 단,  3일이내 급성뇌경색/뇌전증 지속상태에 대해서는 야간 진료 가능)",20260928090300,20261005140000,"대전광역시 중구 문화로 282, 충남대학교병원 (대사동)",A1600001,1,자동,차단,신경과
2026-10-01 03:00:00,대전광역시,A1600001,충남대학교병원,응급,Y000,응급실,[소아 청소년과]  소아내시경 불가능함,20260928090300,20261005140000,"대전광역시 중구 문화로 282, 충남대학교병원 (대사동)",A1600001,2,자동,차단,소아청소년과
2026-10-01 03:00:00,대전광역시,A1600001,충남대학교병원,응급,Y000,응급실,"[영상의학과] 해당 파트  투시검사/시 술(소아 장중첩증 정복), 소아 초음파 검사/시술 불가능 함",20260928090300,20261005140000,"대전광역시 중구 문화로 282, 충남대학교병원 (대사동)",A1600001,3,자동,차단,영상의학과
2026-10-01 03:00:00,대전광역시,A1600001,충남대학교병원,응급,Y000,응급실,[호흡기 내과 ]타병원  항암 환자 초진 불가,20260928090300,20261005140000,"대전광역시 중구 문화로 282, 충남대학교병원 (대사동)",A1600001,4,자동,차단,호흡기내과
2026-10-01 03:00:00,대전광역시,A1600001,충남대학교병원,응급,Y000,응급실,"[성형외과] 봉합 지정시간 => 11A, 3P, 8P",20260928090300,20261005140000,"대전광역시 중구 문화로 282, 충남대학교병원 (대사동)",A1600001,5,자동,차단,성형외과
2026-10-01 03:00:00,대전광역시,A1600002,학교법인을지학원대전을지대학교병원,응급,Y000,응급실,★[신장내과] 중증 신장내과 환자 f/u 포함 진료불가(경증 가능),20260928122900,20261005090000,대전광역시 서구 둔산서로 95 (둔산동),A1600002,6,자동,차단,신장내과
2026-10-01 03:00:00,대전광역시,A1600002,학교법인을지학원대전을지대학교병원,응급,Y000,응급실,"[신경과] 매일 07:00 ~ 18:00 가능(seizure, stroke 환자는 ~21:00 가능/stroke 환자 뇌혈관순환 당직날은 자정 이후도 가능)",20260928090100,20261005090000,대전광역시 서구 둔산서로 95 (둔산동),A1600002,7,자동,차단,신경과
2026-10-01 03:00:00,대전광역시,A1600002,학교법인을지학원대전을지대학교병원,응급,Y000,응급실,"[안과], [치과], [응급 기관지 내시경] 불가",20260928090100,20261005090000,대전광역시 서구 둔산서로 95 (둔산동),A1600002,8,자동,차단,기타 진료과
2026-10-01 03:00:00,대전광역시,A1600002,학교법인을지학원대전을지대학교병원,응급,Y000,응급실,[비뇨기과] 평일 08:00 ~ 16:30 가능,20260928090100,20261005090000,대전광역시 서구 둔산서로 95 (둔산동),A1600002,9,자동,차단,비뇨의학과
2026-10-01 03:00:00,대전광역시,A1600002,학교법인을지학원대전을지대학교병원,응급,Y000,응급실,[이비인후과] 24시간 가능(두경부 감염 관련은 불가),20260928090100,20261005090000,대전광역시 서구 둔산서로 95 (둔산동),A1600002,10,자동,차단,이비인후과
2026-10-01 03:00:00,대전광역시,A1600002,학교법인을지학원대전을지대학교병원,응급,Y000,응급실,[정신과] 24시 가능(입원 필요시 전화),20260928090100,20261005090000,대전광역시 서구 둔산서로 95 (둔산동),A1600002,11,자동,차단,정신건강의학과
2026-10-01 03:00:00,대전광역시,A1600002,학교법인을지학원대전을지대학교병원,응급,Y000,응급실,"[소아과] 월,화,목 08:00 ~ 22:00 / 수 08:00 ~ 17:00 / 금 08:00 ~ 13:00 가능(장중첩, 소아신경 및 심장 진료불가)",20260928090100,20261005090000,대전광역시 서구 둔산서로 95 (둔산동),A1600002,12,자동,차단,소아청소년과
2026-10-01 03:00:00,대전광역시,A1600002,학교법인을지학원대전을지대학교병원,응급,Y000,응급실,[외과] 매일 08:00 ~ 21:00 가능,20260928090100,20261005090000,대전광역시 서구 둔산서로 95 (둔산동),A1600002,13,자동,차단,외과
2026-10-01 03:00:00,대전광역시,A1600002,학교법인을지학원대전을지대학교병원,응급,Y000,응급실,[성형외과] 평일 09:00 ~ 20:00(화요일 ~19시까지) / 주말 09:00 ~ 16:00 가능,20260928090100,20261005090000,대전광역시 서구 둔산서로 95 (둔산동),A1600002,14,자동,차단,성형외과
2026-10-01 03:00:00,대전광역시,A1600002,학교법인을지학원대전을지대학교병원,응급,Y000,응급실,[피부과] 매일 ~21:00 가능,20260928090100,20261005090000,대전광역시 서구 둔산서로 95 (둔산동),A1600002,15,자동,차단,피부과
2026-10-01 03:00:00,대전광역시,A1600002,학교법인을지학원대전을지대학교병원,응급,Y000,응급실,"[신경외과] 24시간 가능(만8세 이상, 몸무게 40kg 이상 진료가능/소아 경증은 외래진료 가능성 있습니다)",20260928090100,20261005090000,대전광역시 서구 둔산서로 95 (둔산동),A1600002,16,자동,차단,신경외과
2026-10-01 03:00:00,대전광역시,A1600002,학교법인을지학원대전을지대학교병원,응급,Y000,응급실,[산부인과] 통화 후 이송바랍니다,20260928090100,20261005090000,대전광역시 서구 둔산서로 95 (둔산동),A1600002,17,자동,차단,산부인과
2026-10-01 03:00:00,대전광역시,A1600002,학교법인을지학원대전을지대학교병원,응급,Y000,응급실,"[정형외과] 24시간 가능(주말,공휴일도 가능/소아 가능)",20260928090100,20261005090000,대전광역시 서구 둔산서로 95 (둔산동),A1600002,18,자동,차단,정형외과
2026-10-01 03:00:00,대전광역시,A1600002,학교법인을지학원대전을지대학교병원,중증,Y0082,위장관 응급내시경(영유아),진료 불가합니다,20260928083000,20261005090000,대전광역시 서구 둔산서로 95 (둔산동),A1600002,19,자동,차단,
2026-10-01 03:00:00,대전광역시,A1600002,학교법인을지학원대전을지대학교병원,중증,Y0070,장중첩/폐색(유아),진료 불가합니다,20260928083000,20261005090000,대전광역시 서구 둔산서로 95 (둔산동),A1600002,20,자동,차단,
2026-10-01 03:00:00,대전광역시,A1600005,학교법인가톨릭학원가톨릭대학교대전성모병원,응급,Y000,응급실,본원 응급실 성형외과 진료 불가합니다. 이송 시 참고 바랍니다.,20260929182000,20261006235900,"대전광역시 중구 대흥로 64, 성모병원 (대흥동)",A1600005,21,자동,차단,성형외과
2026-10-01 03:00:00,대전광역시,A1600005,학교법인가톨릭학원가톨릭대학교대전성모병원,응급,Y000,응급실,본원 사정에 의하여 이비인후과 08시부터 21시까지만 진료가 가능합니다. 이송 시 참고 바랍니다.,20260929182000,20261006235900,"대전광역시 중구 대흥로 64, 성모병원 (대흥동)",A1600005,22,자동,차단,이비인후과
2026-10-01 03:00:00,대전광역시,A1600005,학교법인가톨릭학원가톨릭대학교대전성모병원,응급,Y000,응급실,본원 사정에 의하여 비뇨기과 야간/주말/공휴일 응급실 진료 불가합니다. 이송 시 참고 바랍니다.,20260929182000,20261006235900,"대전광역시 중구 대흥로 64, 성모병원 (대흥동)",A1600005,23,자동,차단,비뇨의학과
2026-10-01 03:00:00,대전광역시,A1600005,학교법인가톨릭학원가톨릭대학교대전성모병원,응급,Y000,응급실,본원 사정으로 소아과 진료 불가합니다. 이송 시 참고 바랍니다.,20260929182000,20261006235900,"대전광역시 중구 대흥로 64, 성모병원 (대흥동)",A1600005,24,자동,차단,소아청소년과
2026-10-01 03:00:00,대전광역시,A1600005,학교법인가톨릭학원가톨릭대학교대전성모병원,응급,Y000,응급실,산부인과 분만 본원 사정으로 인하여 본원 F/U(37주이상) 환자만 수용 가능합니다.,20260929182000,20261006235900,"대전광역시 중구 대흥로 64, 성모병원 (대흥동)",A1600005,25,자동,차단,산부인과
2026-10-01 03:00:00,대전광역시,A1600005,학교법인가톨릭학원가톨릭대학교대전성모병원,응급,Y000,응급실,응급실 상황에 따라 (중증응급)환자 수용 불가능할 수 있으니 이송 시 확인 바랍니다.,20260929182000,20261006235900,"대전광역시 중구 대흥로 64, 성모병원 (대흥동)",A1600005,26,자동,차단,응급실
2026-10-01 03:00:00,대전광역시,A1600005,학교법인가톨릭학원가톨릭대학교대전성모병원,응급,Y000,응급실,본원 사정에 의하여 안과 평일 08시부터 18시까지만 진료 가능합니다. 이송 시 참고 바랍니다.,20260929182000,20261006235900,"대전광역시 중구 대흥로 64, 성모병원 (대흥동)",A1600005,27,자동,차단,안과
2026-10-01 03:00:00,대전광역시,A1600006,학교법인건양교육재단건양대학교병원,응급,Y000,응급실,"월-금 08:30~21:00 / 토 24시간 / 일요일 09:00~18:00 진료 가능합니다. 단, 중증 환자의 경우 의뢰 후 결정되니 이송 전 수용 가능여부 확인바랍니다.",20260928080000,20261003130000,"대전광역시 서구 관저동로 158, 건양대학교병원 (관저동)",A1600006,28,자동,차단,안과
2026-10-01 03:00:00,대전광역시,A1600006,학교법인건양교육재단건양대학교병원,응급,Y000,응급실,월~목 08:30-22:00 (공휴일인 경우 불가능)/ 금~일 08:30-익일 08:00 (공휴일에도 가능),20260928080000,20261003130000,"대전광역시 서구 관저동로 158, 건양대학교병원 (관저동)",A1600006,29,자동,차단,소아청소년과
2026-10-01 03:00:00,대전광역시,A1600006,학교법인건양교육재단건양대학교병원,응급,Y000,응급실,"일~목요일(07시~21시), 금,토(07시~익일 07시) 이비인후과 진료 가능합니다. / 단, 본원 이비인후과 수술 후 출혈환자 상시 가능합니다.",20260927210000,20261003130000,"대전광역시 서구 관저동로 158, 건양대학교병원 (관저동)",A1600006,30,자동,차단,이비인후과
2026-10-01 03:00:00,대전광역시,A1600006,학교법인건양교육재단건양대학교병원,응급,Y000,응급실,본원 정형외과 의료진 부재로 femur shaft fracture 관련 진료 및 처치 불가능 합니다,20260927083000,20261004083000,"대전광역시 서구 관저동로 158, 건양대학교병원 (관저동)",A1600006,31,자동,차단,정형외과
2026-10-01 03:00:00,대전광역시,A1600006,학교법인건양교육재단건양대학교병원,응급,Y000,응급실,응급실에서 이비인후과 두경부파트 진료 불가능합니다.,20260926133600,20261003130000,"대전광역시 서구 관저동로 158, 건양대학교병원 (관저동)",A1600006,32,자동,차단,이비인후과
2026-10-01 03:00:00,대전광역시,A1600006,학교법인건양교육재단건양대학교병원,응급,Y000,응급실,응급실에서 피부과 진료 불가능합니다.,20260926130000,20261003130000,"대전광역시 서구 관저동로 158, 건양대학교병원 (관저동)",A1600006,33,자동,차단,피부과
2026-10-01 03:00:00,대전광역시,A1600006,학교법인건양교육재단건양대학교병원,응급,Y000,응급실,"평일(18시~익일 06시), 주말 및 공휴일(06시~익일06시) 본원 URO f/u 환자만 수용 가능합니다. 이송 전 수용 여부 꼭 확인바랍니다.",20260926130000,20261003130000,"대전광역시 서구 관저동로 158, 건양대학교병원 (관저동)",A1600006,34,자동,차단,비뇨의학과
2026-10-01 03:00:00,대전광역시,A1600006,학교법인건양교육재단건양대학교병원,응급,Y000,응급실,응급실에서 치과 진료 불가능합니다.,20260926130000,20261003130000,"대전광역시 서구 관저동로 158, 건양대학교병원 (관저동)",A1600006,35,자동,차단,치과
2026-10-01 03:00:00,대전광역시,A1600006,학교법인건양교육재단건양대학교병원,응급,Y000,응급실,응급실에서 성형외과 진료 불가능 합니다.,20260926130000,20261003130000,"대전광역시 서구 관저동로 158, 건양대학교병원 (관저동)",A1600006,36,자동,차단,성형외과
2026-10-01 03:00:00,대전광역시,A1600006,학교법인건양교육재단건양대학교병원,응급,Y000,응급실,본원 영상의학중재술이 필요한 환자 시술 및 수술 수용가능 여부는 이송전 꼭 문의 연락부탁드립니다.,20260926130000,20261003130000,"대전광역시 서구 관저동로 158, 건양대학교병원 (관저동)",A1600006,37,자동,차단,응급실
2026-10-01 03:00:00,대전광역시,A1600006,학교법인건양교육재단건양대학교병원,응급,Y000,응급실,당직의 사정에 따라 진료 가능여부 다를 수 있으니 이송 전 확인바랍니다.,20260926130000,20261003130000,"대전광역시 서구 관저동로 158, 건양대학교병원 (관저동)",A1600006,38,자동,차단,산부인과
2026-10-01 03:00:00,대전광역시,A1600006,학교법인건양교육재단건양대학교병원,응급,Y000,응급실,[고압산소치료] 본원 monoplace chamber로 환자 모니터링이 불가능하여 자가기도유지 불가능한 환자는 고압산소치료가 불가능합니다.,20260926130000,20261003130000,"대전광역시 서구 관저동로 158, 건양대학교병원 (관저동)",A1600006,39,자동,차단,병상 또는 장비
2026-10-01 03:00:00,대전광역시,A1600006,학교법인건양교육재단건양대학교병원,응급,Y000,응급실,본원 소아외과 의료진 부재로 응급실에서 소아외과적 환자 진료 및 수술 불가능합니다.,20260924114900,20261001130000,"대전광역시 서구 관저동로 158, 건양대학교병원 (관저동)",A1600006,40,자동,차단,외과
2026-10-01 03:00:00,대전광역시,A1600007,의료법인영훈의료재단유성선병원,응급,Y000,응급실,진료 불가 전문의 부재,20260928090000,20261005100000,대전광역시 유성구 북유성대로 93 (지족동),A1600007,41,자동,차단,안과
2026-10-01 03:00:00,대전광역시,A1600007,의료법인영훈의료재단유성선병원,응급,Y000,응급실,산과 진료 불가 전문의 부재,20260928090000,20261005100000,대전광역시 유성구 북유성대로 93 (지족동),A1600007,42,자동,차단,산부인과
2026-10-01 03:00:00,대전광역시,A1600007,의료법인영훈의료재단유성선병원,응급,Y000,응급실,외래 진료만 가능,20260928090000,20261005100000,대전광역시 유성구 북유성대로 93 (지족동),A1600007,43,자동,차단,정신건강의학과
2026-10-01 03:00:00,대전광역시,A1600007,의료법인영훈의료재단유성선병원,응급,Y000,응급실,"DI 환자, ROSC 환자는 관련 질환과  부재로  수용 불가",20260928090000,20261005100000,대전광역시 유성구 북유성대로 93 (지족동),A1600007,44,자동,차단,응급실
2026-10-01 03:00:00,대전광역시,A1600007,의료법인영훈의료재단유성선병원,응급,Y000,응급실,외래 진료만 가능,20260928090000,20261005100000,대전광역시 유성구 북유성대로 93 (지족동),A1600007,45,자동,차단,치과
2026-10-01 03:00:00,대전광역시,A1600007,의료법인영훈의료재단유성선병원,응급,Y000,응급실,전문의 부재 진료 불가,20260928090000,20261005100000,대전광역시 유성구 북유성대로 93 (지족동),A1600007,46,자동,차단,흉부외과
2026-10-01 03:00:00,대전광역시,A1600007,의료법인영훈의료재단유성선병원,응급,Y000,응급실,09시부터 22시까지만 가능,20260928090000,20261005100000,대전광역시 유성구 북유성대로 93 (지족동),A1600007,47,자동,차단,성형외과
2026-10-01 03:00:00,대전광역시,A1600007,의료법인영훈의료재단유성선병원,응급,Y000,응급실,진료 불가 전문의 부재,20260928090000,20261005100000,대전광역시 유성구 북유성대로 93 (지족동),A1600007,48,자동,차단,피부과
2026-10-01 03:00:00,대전광역시,A1600007,의료법인영훈의료재단유성선병원,응급,Y000,응급실,외래 진료만 가능,20260928090000,20261005100000,대전광역시 유성구 북유성대로 93 (지족동),A1600007,49,자동,차단,소아청소년과
2026-10-01 03:00:00,대전광역시,A1600007,의료법인영훈의료재단유성선병원,응급,Y000,응급실,외래 진료만 가능,20260928090000,20261005100000,대전광역시 유성구 북유성대로 93 (지족동),A1600007,50,자동,차단,혈액·종양내과
2026-10-01 03:00:00,대전광역시,A1600008,의료법인영훈의료재단대전선병원,응급,Y000,응급실,본원 심정지 후치료(목표체온치료/ECMO등..) 불가합니다.,20260928090000,20261005090000,"대전광역시 중구 목중로 29 (목동,(목동))",A1600008,51,자동,차단,응급실
2026-10-01 03:00:00,대전광역시,A1600008,의료법인영훈의료재단대전선병원,응급,Y000,응급실,소아청소년과 외래진료시간 (08:30~17:30) 이외에 소아전문의 진료 불가능합니다.,20260928090000,20261005090000,"대전광역시 중구 목중로 29 (목동,(목동))",A1600008,52,자동,차단,소아청소년과
2026-10-01 03:00:00,대전광역시,A1600008,의료법인영훈의료재단대전선병원,응급,Y000,응급실,내분비내과 진료과 사정으로 응급실 진료 및 입원 불가합니다.,20260928090000,20261005090000,"대전광역시 중구 목중로 29 (목동,(목동))",A1600008,53,자동,차단,내분비내과
2026-10-01 03:00:00,대전광역시,A1600008,의료법인영훈의료재단대전선병원,응급,Y000,응급실,구강외과 외래 진료시간(08:30~17:30)외에 응급진료 어려우며 외래진료 시간에도 구강외과 사정에 따라 진료가 제한될 수 있으므로 이송 전 연락바랍니다.,20260928090000,20261005090000,"대전광역시 중구 목중로 29 (목동,(목동))",A1600008,54,자동,차단,치과
2026-10-01 03:00:00,대전광역시,A1600008,의료법인영훈의료재단대전선병원,응급,Y000,응급실,"이비인후과 출혈(코피포함), ENT적 호흡곤란 동반환자, 타병원 수술후 합병증,목에 이물감,목의 부종과 통증이 동반된 deep neck 감염환자들은 외래 진료시간 (평일 8:30~17:30/토요일 8:30~12:30) 외 진료 불가",20260928090000,20261005090000,"대전광역시 중구 목중로 29 (목동,(목동))",A1600008,55,자동,차단,이비인후과
2026-10-01 03:00:00,울산광역시,A1700002,의료법인동강의료재단동강병원,응급,Y000,응급실,급성대동맥 질환 상황판 병상수와 관계없이 응급실로 문의바랍니다.,20260929000000,20261006235900,울산광역시 중구 태화로 239 (태화동),A1700002,1,자동,차단,응급실
2026-10-01 03:00:00,울산광역시,A1700002,의료법인동강의료재단동강병원,응급,Y000,응급실,"(소아 전 연령) 기도 및 식도 이물, 선천심질환자, 소아암, 소아혈액질환 치료중인 환자, 소아중증 외상 환자, 소아신경과, 소아신장 진료불가",20260929000000,20261005235900,울산광역시 중구 태화로 239 (태화동),A1700002,2,자동,차단,응급실
2026-10-01 03:00:00,울산광역시,A1700002,의료법인동강의료재단동강병원,응급,Y000,응급실,성형외과 봉합은 예약제로 운영하며 응급실 문의후 결정,20260929000000,20261005235900,울산광역시 중구 태화로 239 (태화동),A1700002,3,자동,차단,응급실
2026-10-01 03:00:00,울산광역시,A1700002,의료법인동강의료재단동강병원,응급,Y000,응급실,중독 관련과 부재로 진료불가,20260929000000,20261005235900,울산광역시 중구 태화로 239 (태화동),A1700002,4,자동,차단,응급실
2026-10-01 03:00:00,울산광역시,A1700002,의료법인동강의료재단동강병원,응급,Y000,응급실,"(소아 전 연령) 활력징후 비정상, 산소포화도 저하, CPR 상태, 인공호흡기 치료필요, 뇌전증중첩증, 당뇨병성 케톤산증, 의식저하,",20260929000000,20261005235900,울산광역시 중구 태화로 239 (태화동),A1700002,5,자동,차단,응급실
2026-10-01 03:00:00,울산광역시,A1700002,의료법인동강의료재단동강병원,응급,Y000,응급실,"안과, 이비인후과, 피부과 전문의 부재로 진료불가",20260929000000,20261005235900,울산광역시 중구 태화로 239 (태화동),A1700002,6,자동,차단,응급실
2026-10-01 03:00:00,울산광역시,A1700002,의료법인동강의료재단동강병원,응급,Y000,응급실,12개월 미만 소아청소년과 진료불가,20260929000000,20261005235900,울산광역시 중구 태화로 239 (태화동),A1700002,7,자동,차단,응급실
2026-10-01 03:00:00,울산광역시,A1700002,의료법인동강의료재단동강병원,응급,Y000,응급실,"비뇨의학과 외래시간만 운영, 요로결석 통증치료, Testis torsion 만 가능, 전화문의후 진료결정",20260929000000,20261005235900,울산광역시 중구 태화로 239 (태화동),A1700002,8,자동,차단,응급실
2026-10-01 03:00:00,울산광역시,A1700002,의료법인동강의료재단동강병원,응급,Y000,응급실,신경학적 이상을 동반한 척추손상은 SC 외래 진료시간만 가능,20260929000000,20261005235900,울산광역시 중구 태화로 239 (태화동),A1700002,9,자동,차단,응급실
2026-10-01 03:00:00,울산광역시,A1700002,의료법인동강의료재단동강병원,응급,Y000,응급실,"치아 골절 및 탈구 평일 주간, 토요일 오전 외래 진료시간만 가능 안면부 골절 검사만 가능하고 평일 야간, 주말동안 응급수술 불가",20260929000000,20261005235900,울산광역시 중구 태화로 239 (태화동),A1700002,10,자동,차단,응급실
2026-10-01 03:00:00,울산광역시,A1700002,의료법인동강의료재단동강병원,응급,Y000,응급실,종양내과 부재로 암 관련 진료불가,20260929000000,20261005235900,울산광역시 중구 태화로 239 (태화동),A1700002,11,자동,차단,응급실
2026-10-01 03:00:00,세종특별자치시,A1800441,세종충남대학교병원,응급,Y000,응급실,"[소아전문응급의료센터] 10월 매주 목요일 제외한 22시~익일 10시는 응급분만·가정분만 신생아 및 심폐소생술 필요 환자, 뇌전증 지속상태 환자만 수용 가능",20261001000000,20261003235900,"세종특별자치시 보듬7로 20, 세종충남대학교병원 (도담동)",A1800441,1,자동,차단,소아청소년과
2026-10-01 03:00:00,세종특별자치시,A1800441,세종충남대학교병원,응급,Y000,응급실,[성형외과] 응급실 진료 어려울수 있으니 사전연락 바람,20260927000000,20261003235900,"세종특별자치시 보듬7로 20, 세종충남대학교병원 (도담동)",A1800441,2,자동,차단,성형외과
2026-10-01 03:00:00,세종특별자치시,A1800441,세종충남대학교병원,응급,Y000,응급실,"[심장내과] 의료진 공백으로 응급실 내 평일 야간 및 주말, 공휴일 진료 어려움",20260927000000,20261003235900,"세종특별자치시 보듬7로 20, 세종충남대학교병원 (도담동)",A1800441,3,자동,차단,순환기내과
2026-10-01 03:00:00,세종특별자치시,A1800441,세종충남대학교병원,응급,Y000,응급실,[복부대동맥박리] 수용가능여부 사전연락 바람,20260927000000,20261003235900,"세종특별자치시 보듬7로 20, 세종충남대학교병원 (도담동)",A1800441,4,자동,차단,흉부외과
2026-10-01 03:00:00,세종특별자치시,A1800441,세종충남대학교병원,응급,Y000,응급실,[소아비뇨의학과] 진료가능여부 사전문의 필요(야간 진료 어려움),20260927000000,20261003235900,"세종특별자치시 보듬7로 20, 세종충남대학교병원 (도담동)",A1800441,5,자동,차단,비뇨의학과
2026-10-01 03:00:00,세종특별자치시,A1800441,세종충남대학교병원,응급,Y000,응급실,[신경과] 응급실 진료 어려울 수 있으니 사전연락 바람,20260927000000,20261003235900,"세종특별자치시 보듬7로 20, 세종충남대학교병원 (도담동)",A1800441,6,자동,차단,신경과
2026-10-01 03:00:00,세종특별자치시,A1800441,세종충남대학교병원,응급,Y000,응급실,"[이비인후과] 응급실 내 진료어려움, 이송자제",20260927000000,20261003235900,"세종특별자치시 보듬7로 20, 세종충남대학교병원 (도담동)",A1800441,7,자동,차단,이비인후과
2026-10-01 03:00:00,세종특별자치시,A1800441,세종충남대학교병원,응급,Y000,응급실,[정신건강의학과] 폐쇄병동 부재 입원 불가,20260927000000,20261003235900,"세종특별자치시 보듬7로 20, 세종충남대학교병원 (도담동)",A1800441,8,자동,차단,정신건강의학과
2026-10-01 03:00:00,세종특별자치시,A1800441,세종충남대학교병원,응급,Y000,응급실,[안과] 응급실 진료 어려울수 있으니 사전연락 바람,20260927000000,20261003235900,"세종특별자치시 보듬7로 20, 세종충남대학교병원 (도담동)",A1800441,9,자동,차단,안과
2026-10-01 03:00:00,세종특별자치시,A1800441,세종충남대학교병원,응급,Y000,응급실,"[치과] 응급실 내 진료 어려움, 이송자제",20260927000000,20261003235900,"세종특별자치시 보듬7로 20, 세종충남대학교병원 (도담동)",A1800441,10,자동,차단,치과
2026-10-01 03:00:00,세종특별자치시,A1800441,세종충남대학교병원,응급,Y000,응급실,[소아정형외과] 응급실 진료어려울수 있으니 사전연락 바람,20260927000000,20261003235900,"세종특별자치시 보듬7로 20, 세종충남대학교병원 (도담동)",A1800441,11,자동,차단,정형외과
2026-10-01 03:00:00,세종특별자치시,A1800441,세종충남대학교병원,응급,Y000,응급실,"중환자실) 가동병상수 유동적, 중환 사전연락필수",20260927000000,20261003235900,"세종특별자치시 보듬7로 20, 세종충남대학교병원 (도담동)",A1800441,12,자동,차단,병상 또는 장비
2026-10-01 03:00:00,세종특별자치시,A1800441,세종충남대학교병원,응급,Y000,응급실,[신경외과] 의료진 부족으로 사전 연락 필요,20260927000000,20261003235900,"세종특별자치시 보듬7로 20, 세종충남대학교병원 (도담동)",A1800441,13,자동,차단,신경외과
2026-10-01 03:00:00,세종특별자치시,A1800441,세종충남대학교병원,응급,Y000,응급실,"피부과) 응급실 내 진료어려움, 이송자제",20260927000000,20261003235900,"세종특별자치시 보듬7로 20, 세종충남대학교병원 (도담동)",A1800441,14,자동,차단,피부과
2026-10-01 03:00:00,전남광주통합특별시,A1500001,조선대학교병원,응급,Y000,응급실,"진료 가능 시간: 8시 ~ 22시  (단, 고환염전 및 intervention 처치가 필요한 경우 : 평일 8시 ~ 17시까지만 가능)",20260930004400,20261007235900,전남광주통합특별시 동구 필문대로 365 (서석동),A1500001,1,자동,차단,비뇨의학과
2026-10-01 03:00:00,전남광주통합특별시,A1500001,조선대학교병원,응급,Y000,응급실,소아신경 담당 교수님 부재로 신환 불가합니다.,20260930003900,20261004235900,전남광주통합특별시 동구 필문대로 365 (서석동),A1500001,2,자동,차단,소아청소년과
2026-10-01 03:00:00,전남광주통합특별시,A1500001,조선대학교병원,응급,Y000,응급실,"소아 intussusception, testis torsion 관련 진료가능시간: 평일 9시~ 21시",20260930003800,20261007235900,전남광주통합특별시 동구 필문대로 365 (서석동),A1500001,3,자동,차단,소아청소년과
2026-10-01 03:00:00,전남광주통합특별시,A1500001,조선대학교병원,응급,Y000,응급실,두경부 담당 교수님 부재로 f/u환자 포함 수용 불가합니다.,20260930003800,20261007235900,전남광주통합특별시 동구 필문대로 365 (서석동),A1500001,4,자동,차단,이비인후과
2026-10-01 03:00:00,전남광주통합특별시,A1500001,조선대학교병원,응급,Y000,응급실,모든 환자 이송 및 전원 시 반드시 사전 문의 바랍니다.,20260930003800,20261007235900,전남광주통합특별시 동구 필문대로 365 (서석동),A1500001,5,자동,차단,응급실
2026-10-01 03:00:00,전남광주통합특별시,A1500001,조선대학교병원,응급,Y000,응급실,"소아외과환자 불가, 환자 이송 및 전원 시 반드시 사전 문의 바랍니다.",20260930003700,20261007235900,전남광주통합특별시 동구 필문대로 365 (서석동),A1500001,6,자동,차단,소아청소년과
2026-10-01 03:00:00,전남광주통합특별시,A1500001,조선대학교병원,응급,Y000,응급실,"17시 ~ 익일 8시까지 진료 제한 (당직교수의 진료전문분야에 따라 진료가능여부 결정), 환자 이송 및 전원 시 반드시 사전 문의 바랍니다.",20260930003700,20261007235900,전남광주통합특별시 동구 필문대로 365 (서석동),A1500001,7,자동,차단,이비인후과
2026-10-01 03:00:00,전남광주통합특별시,A1500001,조선대학교병원,응급,Y000,응급실,진료 가능 시간: 6시 ~ 21시,20260930003700,20261007235900,전남광주통합특별시 동구 필문대로 365 (서석동),A1500001,8,자동,차단,안과
2026-10-01 03:00:00,전남광주통합특별시,A1500001,조선대학교병원,응급,Y000,응급실,"진료 가능 시간: 평일 8시 ~ 21시 (단, 토·일·공휴일 불가)",20260930003600,20261007235900,전남광주통합특별시 동구 필문대로 365 (서석동),A1500001,9,자동,차단,소아청소년과
2026-10-01 03:00:00,전남광주통합특별시,A1500001,조선대학교병원,응급,Y000,응급실,영유아 위장관 내시경 필요 시 반드시 사전 문의 바랍니다.,20260930003600,20261007235900,전남광주통합특별시 동구 필문대로 365 (서석동),A1500001,10,자동,차단,응급실
2026-10-01 03:00:00,전남광주통합특별시,A1500001,조선대학교병원,응급,Y000,응급실,"진료 가능 시간: 평일 8시 ~ 23시 (단, 단순 봉합은 주말에는 17시 30분까지만 가능)",20260930003600,20261007235900,전남광주통합특별시 동구 필문대로 365 (서석동),A1500001,11,자동,차단,성형외과
2026-10-01 03:00:00,전남광주통합특별시,A1500001,조선대학교병원,응급,Y000,응급실,PTBD 가능 시간: 평일 8시 ~ 17시,20260930003500,20261007235900,전남광주통합특별시 동구 필문대로 365 (서석동),A1500001,12,자동,차단,영상의학과
2026-10-01 03:00:00,전남광주통합특별시,A1500001,조선대학교병원,응급,Y000,응급실,"진료는 24시간 가능하나, 정신과적 입원은 21시 ~ 익일 5시까지 불가",20260930003500,20261007235900,전남광주통합특별시 동구 필문대로 365 (서석동),A1500001,13,자동,차단,정신건강의학과
2026-10-01 03:00:00,전남광주통합특별시,A1500001,조선대학교병원,응급,Y000,응급실,"진료 가능 시간: 8시 ~ 17시 (당직교수에 따라 진료가능여부 결정), 환자 이송 및 전원 시 반드시 사전 문의 바랍니다.",20260930003400,20261007235900,전남광주통합특별시 동구 필문대로 365 (서석동),A1500001,14,자동,차단,산부인과
2026-10-01 03:00:00,전남광주통합특별시,A1500001,조선대학교병원,응급,Y000,응급실,외상환자 이송 및 전원 시 반드시 사전 문의 바랍니다.,20260930003300,20261007235900,전남광주통합특별시 동구 필문대로 365 (서석동),A1500001,15,자동,차단,외과
2026-10-01 03:00:00,전남광주통합특별시,A1500001,조선대학교병원,응급,Y000,응급실,"쇄석술 불가, 환자 이송 및 전원 시 반드시 사전 문의 바랍니다.",20260930003300,20261007235900,전남광주통합특별시 동구 필문대로 365 (서석동),A1500001,16,자동,차단,비뇨의학과
2026-10-01 03:00:00,전남광주통합특별시,A1500001,조선대학교병원,응급,Y000,응급실,병원별 순환당직일 확인 후 이송 및 전원 바랍니다.,20260930003200,20261007235900,전남광주통합특별시 동구 필문대로 365 (서석동),A1500001,17,자동,차단,소화기내과
2026-10-01 03:00:00,전남광주통합특별시,A1500001,조선대학교병원,응급,Y000,응급실,"혈액질환 수용 불가, 항암환자는 본원 f/u만 수용 가능, 환자 이송 및 전원 시 반드시 사전 문의 바랍니다.",20260930003200,20261007235900,전남광주통합특별시 동구 필문대로 365 (서석동),A1500001,18,자동,차단,혈액·종양내과
2026-10-01 03:00:00,전남광주통합특별시,A1500001,조선대학교병원,응급,Y000,응급실,PTBD 가능 시간: 평일 8시 ~ 17시,20260930003200,20261007235900,전남광주통합특별시 동구 필문대로 365 (서석동),A1500001,19,자동,차단,외과
2026-10-01 03:00:00,전남광주통합특별시,A1500001,조선대학교병원,응급,Y000,응급실,"[응급기관지내시경], [기관지동맥색전술] 환자 이송 및 전원 시 반드시 사전 문의 바랍니다.",20260930003200,20261007235900,전남광주통합특별시 동구 필문대로 365 (서석동),A1500001,20,자동,차단,호흡기내과
2026-10-01 03:00:00,전남광주통합특별시,A1500001,조선대학교병원,응급,Y000,응급실,"[내과] 23시 이후 진료 불가, 환자 이송 및 전원 시 반드시 사전 문의 바랍니다.",20260930002900,20261007235900,전남광주통합특별시 동구 필문대로 365 (서석동),A1500001,21,자동,차단,기타 진료과
2026-10-01 03:00:00,전남광주통합특별시,A1500002,전남대학교병원,응급,Y000,응급실,"월,수,금 야간진료(18:00~08:00) 의료진 부재로 진료 및 인터벤션 불가",20260927000000,20261003235900,전남광주통합특별시 동구 제봉로 42 (학동),A1500002,22,자동,차단,영상의학과
2026-10-01 03:00:00,전남광주통합특별시,A1500002,전남대학교병원,응급,Y000,응급실,"(19:00-07:00) 해당과 사정으로 다음 환자의 진료제공이 제한됨. (안면부 열상, 수부 상지의 tendon, nerve 등의 구조물 손상이 있는 환자)",20260927000000,20261003235900,전남광주통합특별시 동구 제봉로 42 (학동),A1500002,23,자동,차단,성형외과
2026-10-01 03:00:00,전남광주통합특별시,A1500002,전남대학교병원,응급,Y000,응급실,"월,수,금 야간진료(18:00~08:00) 의료진 부재로 진료불가",20260927000000,20261003235900,전남광주통합특별시 동구 제봉로 42 (학동),A1500002,24,자동,차단,비뇨의학과
2026-10-01 03:00:00,전남광주통합특별시,A1500002,전남대학교병원,응급,Y000,응급실,"(22:00-08:00) 비출혈. 이물, 어지럼증 등 단순 처치가 필요한 응급환자에 대해 즉각적인 진료 제공이 어려울 수 있으며, 진료 지연이 발생할 수 있음.",20260927000000,20261003235900,전남광주통합특별시 동구 제봉로 42 (학동),A1500002,25,자동,차단,이비인후과
2026-10-01 03:00:00,전남광주통합특별시,A1500006,신가병원,응급,Y000,응급실,9월 28일부터 10월5일까지 일반외과 휴진,20260928072100,20261005235900,전남광주통합특별시 광산구 목련로 316 (신가동),A1500006,26,자동,차단,외과
2026-10-01 03:00:00,전남광주통합특별시,A1500021,광주기독병원,중증,Y0032,뇌출혈수술(거미막하 출혈 외),중환자실 자리없음.,20260930225000,20261001080000,전남광주통합특별시 남구 양림로 37 (양림동),A1500021,27,자동,차단,
2026-10-01 03:00:00,전남광주통합특별시,A1500021,광주기독병원,중증,Y0031,뇌출혈수술(거미막하 출혈),중환자실 자리없음.,20260930225000,20261001080000,전남광주통합특별시 남구 양림로 37 (양림동),A1500021,28,자동,차단,
2026-10-01 03:00:00,전남광주통합특별시,A1500021,광주기독병원,중증,Y0010,심근경색의 재관류중재술,중환자실 자리없음.,20260930225000,20261001080000,전남광주통합특별시 남구 양림로 37 (양림동),A1500021,29,자동,차단,
2026-10-01 03:00:00,전남광주통합특별시,A1500021,광주기독병원,중증,Y0020,뇌경색의 재관류중재술,중환자실 자리없음.,20260930225000,20261001080000,전남광주통합특별시 남구 양림로 37 (양림동),A1500021,30,자동,차단,
2026-10-01 03:00:00,전남광주통합특별시,A2600019,성가롤로병원,응급,Y000,응급실,응급실 전산장애(17:30) 발생 후 복구 길어져 수용 어려움,20260930230500,20261001070000,전남광주통합특별시 순천시 순광로 221 (조례동),A2600019,31,자동,차단,응급실
2026-10-01 03:00:00,전남광주통합특별시,A2600020,목포기독병원,중증,Y0082,위장관 응급내시경(영유아),"만12세이상, 40KG이상",20260929120000,20261006160000,전남광주통합특별시 목포시 백년대로 303 (상동),A2600020,32,자동,차단,내과
2026-10-01 03:00:00,전남광주통합특별시,A2600020,목포기독병원,중증,Y0081,위장관 응급내시경(성인),"야간, 주말, 공휴일",20260929120000,20261006160000,전남광주통합특별시 목포시 백년대로 303 (상동),A2600020,33,자동,차단,내과
2026-10-01 03:00:00,전남광주통합특별시,A2600020,목포기독병원,중증,Y0141,응급투석(HD),"야간, 주말, 공휴일",20260929120000,20261006160000,전남광주통합특별시 목포시 백년대로 303 (상동),A2600020,34,자동,차단,내과
2026-10-01 03:00:00,전남광주통합특별시,A2600020,목포기독병원,중증,Y0142,응급투석(CRRT),"야간, 주말, 공휴일",20260929120000,20261006160000,전남광주통합특별시 목포시 백년대로 303 (상동),A2600020,35,자동,차단,내과
2026-10-01 03:00:00,전남광주통합특별시,A2600020,목포기독병원,중증,Y0081,위장관 응급내시경(성인),야간 휴일 공휴일,20260929000000,20261006000000,전남광주통합특별시 목포시 백년대로 303 (상동),A2600020,36,자동,차단,내과
2026-10-01 03:00:00,전남광주통합특별시,A2600020,목포기독병원,중증,Y0142,응급투석(CRRT),야간 휴일 공휴일,20260929000000,20261006000000,전남광주통합특별시 목포시 백년대로 303 (상동),A2600020,37,자동,차단,내과
2026-10-01 03:00:00,전남광주통합특별시,A2600020,목포기독병원,중증,Y0141,응급투석(HD),신환불가,20260929000000,20261006000000,전남광주통합특별시 목포시 백년대로 303 (상동),A2600020,38,자동,차단,내과
2026-10-01 03:00:00,전남광주통합특별시,A2600056,전라남도순천의료원,중증,Y0051,담낭담관질환(담낭질환),불가능메세지등록,20260930000000,20261007235900,전남광주통합특별시 순천시 서문성터길 2   (매곡동),A2600056,39,자동,차단,외과
2026-10-01 03:00:00,전남광주통합특별시,A2600056,전라남도순천의료원,중증,Y0060,복부응급수술(비외상),불가능메세지등록,20260930000000,20261007235900,전남광주통합특별시 순천시 서문성터길 2   (매곡동),A2600056,40,자동,차단,외과
2026-10-01 03:00:00,강원특별자치도,A2200008,강릉아산병원,응급,Y000,응급실,"금요일, 일요일 산부인과 진료 불가",20260928201200,20261001200000,강원특별자치도 강릉시 사천면 방동길 38,A2200008,1,자동,차단,산부인과
2026-10-01 03:00:00,강원특별자치도,A2200008,강릉아산병원,응급,Y000,응급실,"소아 야간진료 불가(화요일, 수요일 제외)",20260924200000,20261001200000,강원특별자치도 강릉시 사천면 방동길 38,A2200008,2,자동,차단,소아청소년과
2026-10-01 03:00:00,강원특별자치도,A2200012,강원특별자치도속초의료원,중증,Y0111,산부인과 응급(분만),불가능메세지등록,20260930173000,20261001083000,강원특별자치도 속초시 영랑호반길 3 (영랑동),A2200012,3,자동,차단,
2026-10-01 03:00:00,강원특별자치도,A2200012,강원특별자치도속초의료원,중증,Y0112,산부인과 응급(산과수술),불가능메세지등록,20260930173000,20261001083000,강원특별자치도 속초시 영랑호반길 3 (영랑동),A2200012,4,자동,차단,
2026-10-01 03:00:00,강원특별자치도,A2200012,강원특별자치도속초의료원,중증,Y0113,산부인과 응급(부인과수술),불가능메세지등록,20260930173000,20261001083000,강원특별자치도 속초시 영랑호반길 3 (영랑동),A2200012,5,자동,차단,
2026-10-01 03:00:00,충청북도,A2300001,충북대학교병원,응급,Y000,응급실,불가능메세지등록,20260930090000,20261001085900,"충청북도 청주시 서원구 1순환로 776-0 (개신동,충북대학교병원)",A2300001,1,자동,차단,외상외과
2026-10-01 03:00:00,충청남도,A2400002,단국대학교의과대학부속병원,중증,Y0100,저출생체중아,소아과 인력부족으로 환자 수용 불가능,20261001000000,20261001080000,"충청남도 천안시 동남구 망향로 201 (안서동, 단국대학교의과대학부속병원)",A2400002,1,자동,차단,
2026-10-01 03:00:00,충청남도,A2400002,단국대학교의과대학부속병원,중증,Y0070,장중첩/폐색(유아),소아과 인력부족으로 환자 수용 불가능,20261001000000,20261001080000,"충청남도 천안시 동남구 망향로 201 (안서동, 단국대학교의과대학부속병원)",A2400002,2,자동,차단,
2026-10-01 03:00:00,충청남도,A2400002,단국대학교의과대학부속병원,중증,Y0082,위장관 응급내시경(영유아),소아과 인력부족으로 환자 수용 불가능,20260930230100,20261001080000,"충청남도 천안시 동남구 망향로 201 (안서동, 단국대학교의과대학부속병원)",A2400002,3,자동,차단,
2026-10-01 03:00:00,충청남도,A2400002,단국대학교의과대학부속병원,응급,Y000,응급실,중환자실 입원이 필요한 소아 및 post CPR 케어 환아 입원 치료는 불가합니다,20260928230100,20261005230000,"충청남도 천안시 동남구 망향로 201 (안서동, 단국대학교의과대학부속병원)",A2400002,4,자동,차단,소아청소년과
2026-10-01 03:00:00,충청남도,A2400002,단국대학교의과대학부속병원,응급,Y000,응급실,호흡기 분과 교수의 부재로 급성 호흡곤란 증후군의 환자 입원 치료는 불가합니다.,20260928230100,20261005230000,"충청남도 천안시 동남구 망향로 201 (안서동, 단국대학교의과대학부속병원)",A2400002,5,자동,차단,소아청소년과
2026-10-01 03:00:00,충청남도,A2400002,단국대학교의과대학부속병원,응급,Y000,응급실,경증환자 및 봉합 필요한 환자 수용 어렵습니다. 환자 이송시 수용여부 확인 바랍니다.,20260928230100,20261005230000,"충청남도 천안시 동남구 망향로 201 (안서동, 단국대학교의과대학부속병원)",A2400002,6,자동,차단,응급실
2026-10-01 03:00:00,충청남도,A2400002,단국대학교의과대학부속병원,응급,Y000,응급실,소아신경 의료진 부재로 경련 질환 환아의 입원치료 불가합니다.,20260928230100,20261005230000,"충청남도 천안시 동남구 망향로 201 (안서동, 단국대학교의과대학부속병원)",A2400002,7,자동,차단,소아청소년과
2026-10-01 03:00:00,충청남도,A2400002,단국대학교의과대학부속병원,응급,Y000,응급실,응급실 인력 부족으로 탄력적 병상 운영합니다. 진료 지연 있습니다,20260928230100,20261005230000,"충청남도 천안시 동남구 망향로 201 (안서동, 단국대학교의과대학부속병원)",A2400002,8,자동,차단,응급실
2026-10-01 03:00:00,충청남도,A2400002,단국대학교의과대학부속병원,응급,Y000,응급실,비뇨기과 의료진 부족으로 환자 수용 불가능,20260928230100,20261005230000,"충청남도 천안시 동남구 망향로 201 (안서동, 단국대학교의과대학부속병원)",A2400002,9,자동,차단,비뇨의학과
2026-10-01 03:00:00,전북특별자치도,A2500001,원광대학교병원,응급,Y000,응급실,병원 사정상 전원 시 반드시 연락 바랍니다.,20260927000000,20261004000000,"전북특별자치도 익산시 무왕로 895 (신동,(신동))",A2500001,1,자동,차단,응급실
2026-10-01 03:00:00,전북특별자치도,A2500001,원광대학교병원,응급,Y000,응급실,마취통증의학과 인력부족으로 인해 18시 이후로 응급수술 불가능 합니다.,20260927000000,20261004000000,"전북특별자치도 익산시 무왕로 895 (신동,(신동))",A2500001,2,자동,차단,마취통증의학과
2026-10-01 03:00:00,전북특별자치도,A2500001,원광대학교병원,응급,Y000,응급실,매주 토요일 소화기내과 진료 원활하지 않습니다. 반드시 연락주세요.,20260927000000,20261004000000,"전북특별자치도 익산시 무왕로 895 (신동,(신동))",A2500001,3,자동,차단,소화기내과
2026-10-01 03:00:00,전북특별자치도,A2500001,원광대학교병원,응급,Y000,응급실,본원 소화기내과 인력부족으로 22:00~08:00에는 응급내시경 불가합니다.,20260927000000,20261004000000,"전북특별자치도 익산시 무왕로 895 (신동,(신동))",A2500001,4,자동,차단,소화기내과
2026-10-01 03:00:00,전북특별자치도,A2500001,원광대학교병원,응급,Y000,응급실,정형외과 진료 원활하지 않습니다. 반드시 연락주세요.,20260927000000,20261004000000,"전북특별자치도 익산시 무왕로 895 (신동,(신동))",A2500001,5,자동,차단,정형외과
2026-10-01 03:00:00,전북특별자치도,A2500001,원광대학교병원,응급,Y000,응급실,성형외과 진료 원활하지 않습니다. 반드시 연락주세요.,20260927000000,20261004000000,"전북특별자치도 익산시 무왕로 895 (신동,(신동))",A2500001,6,자동,차단,성형외과
2026-10-01 03:00:00,전북특별자치도,A2500001,원광대학교병원,응급,Y000,응급실,호흡기내과 진료 원활하지 않습니다. 반드시 연락주세요.,20260927000000,20261004000000,"전북특별자치도 익산시 무왕로 895 (신동,(신동))",A2500001,7,자동,차단,호흡기내과
2026-10-01 03:00:00,전북특별자치도,A2500001,원광대학교병원,중증,Y0131,수족지접합,수족지접합  진료 불가능합니다.,20260927000000,20261004000000,"전북특별자치도 익산시 무왕로 895 (신동,(신동))",A2500001,8,자동,차단,
2026-10-01 03:00:00,전북특별자치도,A2500001,원광대학교병원,중증,Y0132,수족지접합 외,수족지접합 외 진료 불가능합니다.,20260927000000,20261004000000,"전북특별자치도 익산시 무왕로 895 (신동,(신동))",A2500001,9,자동,차단,
2026-10-01 03:00:00,전북특별자치도,A2500001,원광대학교병원,응급,Y000,응급실,소화기내과 매주 금요일 12:00부터 월요일 08:59까지 소화기내과 응급내시경 불가합니다.,20260927000000,20261004000000,"전북특별자치도 익산시 무왕로 895 (신동,(신동))",A2500001,10,자동,차단,소화기내과
2026-10-01 03:00:00,전북특별자치도,A2500001,원광대학교병원,응급,Y000,응급실,비뇨기과 야간 진료 원활하지 않습니다. 반드시 연락주세요.,20260927000000,20261004000000,"전북특별자치도 익산시 무왕로 895 (신동,(신동))",A2500001,11,자동,차단,비뇨의학과
2026-10-01 03:00:00,전북특별자치도,A2500001,원광대학교병원,응급,Y000,응급실,야간 소아 진료 원활하지 않습니다. 반드시 연락주세요,20260927000000,20261004000000,"전북특별자치도 익산시 무왕로 895 (신동,(신동))",A2500001,12,자동,차단,소아청소년과
2026-10-01 03:00:00,전북특별자치도,A2500001,원광대학교병원,응급,Y000,응급실,이비인후과 야간 진료 원활하지 않습니다. 반드시 연락주세요.,20260927000000,20261004000000,"전북특별자치도 익산시 무왕로 895 (신동,(신동))",A2500001,13,자동,차단,이비인후과
2026-10-01 03:00:00,전북특별자치도,A2500002,전북대학교병원,응급,Y000,응급실,"혈관외과 진료인력 부재로 혈관외과 진료, 전원, 협진 불가",20260930235800,20261006070000,전북특별자치도 전주시 덕진구 건지로 20 (금암동),A2500002,14,자동,차단,외과
2026-10-01 03:00:00,전북특별자치도,A2500002,전북대학교병원,응급,Y000,응급실,매주 수요일 19:00-익일 7:00 전공의 부재로 외부 전원 수용 불가 및 응급실 진료 지연,20260930190000,20261001070000,전북특별자치도 전주시 덕진구 건지로 20 (금암동),A2500002,15,자동,차단,신경외과
2026-10-01 03:00:00,전북특별자치도,A2500002,전북대학교병원,응급,Y000,응급실,전라북도외 전원문의및 타병원 항암환자 진료제한,20260928063000,20261005000000,전북특별자치도 전주시 덕진구 건지로 20 (금암동),A2500002,16,자동,차단,소화기내과
2026-10-01 03:00:00,전북특별자치도,A2500002,전북대학교병원,응급,Y000,응급실,소아 신경 전문의 부재로 인해 소아 신경 응급 환자 진료 불가,20260928015000,20261005000000,전북특별자치도 전주시 덕진구 건지로 20 (금암동),A2500002,17,자동,차단,소아청소년과
2026-10-01 03:00:00,전북특별자치도,A2500002,전북대학교병원,응급,Y000,응급실,전라북도 외 두경부 응급수술 및 전원불가,20260928015000,20261005000000,전북특별자치도 전주시 덕진구 건지로 20 (금암동),A2500002,18,자동,차단,이비인후과
2026-10-01 03:00:00,전북특별자치도,A2500002,전북대학교병원,응급,Y000,응급실,"주말 및 공휴일 응급환자 진료 불가,평일 (9:00 - 17:30) 진료 가능",20260927231200,20261004000000,전북특별자치도 전주시 덕진구 건지로 20 (금암동),A2500002,19,자동,차단,비뇨의학과
2026-10-01 03:00:00,전북특별자치도,A2500004,전북특별자치도남원의료원,응급,Y000,응급실,당직콜 불가능합니다. 내원 전 유선확인 부탁드립니다.,20260930173100,20261001082900,전북특별자치도 남원시 충정로 365 (고죽동),A2500004,20,자동,차단,신경외과
2026-10-01 03:00:00,전북특별자치도,A2500004,전북특별자치도남원의료원,응급,Y000,응급실,당직콜 불가능합니다. 내원 전 유선확인 부탁드립니다.,20260930173100,20261001082900,전북특별자치도 남원시 충정로 365 (고죽동),A2500004,21,자동,차단,흉부외과
2026-10-01 03:00:00,전북특별자치도,A2500006,재단법인예수병원유지재단예수병원,응급,Y000,응급실,소화기내과 일부질환 진료 원활하지 않습니다. 전원시 반드시 연락바랍니다.,20260930220000,20261001060000,"전북특별자치도 전주시 완산구 서원로 365 (중화산동1가, 예수병원)",A2500006,22,자동,차단,소화기내과
2026-10-01 03:00:00,전북특별자치도,A2500006,재단법인예수병원유지재단예수병원,응급,Y000,응급실,호흡기내과 일부질환 진료 원활하지 않습니다. 전원시 반드시 연락바랍니다.,20260930180000,20261001060000,"전북특별자치도 전주시 완산구 서원로 365 (중화산동1가, 예수병원)",A2500006,23,자동,차단,호흡기내과
2026-10-01 03:00:00,전북특별자치도,A2500006,재단법인예수병원유지재단예수병원,응급,Y000,응급실,"신경과,이비인후과,안과,피부과 주말 및 야간 진료 원활하지 않습니다. 전원시 반드시 연락바랍니다.",20260930180000,20261001060000,"전북특별자치도 전주시 완산구 서원로 365 (중화산동1가, 예수병원)",A2500006,24,자동,차단,기타 진료과
2026-10-01 03:00:00,전북특별자치도,A2500006,재단법인예수병원유지재단예수병원,응급,Y000,응급실,신경외과 일부질환 진료 원활하지 않습니다. 전원시 반드시 연락바랍니다.,20260930080000,20261001080000,"전북특별자치도 전주시 완산구 서원로 365 (중화산동1가, 예수병원)",A2500006,25,자동,차단,신경외과
2026-10-01 03:00:00,전북특별자치도,A2500007,전북특별자치도군산의료원,중증,Y0100,저출생체중아,2.5kg이하 저체중 출생아 수용 불가능,20260928000000,20261004235900,"전북특별자치도 군산시 의료원로 27 (지곡동,(지곡동, 군산의료원))",A2500007,26,자동,차단,
2026-10-01 03:00:00,전북특별자치도,A2500012,의료법인오성의료재단동군산병원,중증,Y0171,영상의학혈관중재(성인),담당의 부재,20260928083000,20261001083000,전북특별자치도 군산시 조촌로 149 (조촌동),A2500012,27,자동,차단,
2026-10-01 03:00:00,경상북도,A2700002,포항세명기독병원,응급,Y000,응급실,중증화상환자 전원의뢰시 사전문의 부탁드립니다. (20~30% 가능),20260929000000,20261006235900,경상북도 포항시 남구 포스코대로 351 (대도동),A2700002,1,자동,차단,성형외과
2026-10-01 03:00:00,경상북도,A2700002,포항세명기독병원,응급,Y000,응급실,안과 전문의 부재로 안과 진료 불가합니다,20260929000000,20261006235900,경상북도 포항시 남구 포스코대로 351 (대도동),A2700002,2,자동,차단,안과
2026-10-01 03:00:00,경상북도,A2700002,포항세명기독병원,응급,Y000,응급실,"PS진료 화요일, 목요일, 금요일(오전) 진료만 가능합니다.",20260929000000,20261006235900,경상북도 포항시 남구 포스코대로 351 (대도동),A2700002,3,자동,차단,성형외과
2026-10-01 03:00:00,경상북도,A2700002,포항세명기독병원,응급,Y000,응급실,ERCP 평일 일과시간(09:00~17:30) 가능합니다. 전원 의뢰시 사전문의 부탁드립니다.,20260929000000,20261006235900,경상북도 포항시 남구 포스코대로 351 (대도동),A2700002,4,자동,차단,외과
2026-10-01 03:00:00,경상북도,A2700002,포항세명기독병원,응급,Y000,응급실,영유아 장중첩/장폐색 12개월 이상만 수술 가능합니다. 전원 의뢰시 사전문의 부탁드립니다.,20260929000000,20261006235900,경상북도 포항시 남구 포스코대로 351 (대도동),A2700002,5,자동,차단,외과
2026-10-01 03:00:00,경상북도,A2700002,포항세명기독병원,응급,Y000,응급실,"대동맥 응급질환 (TEVAR, EVAR) 가능합니다. 전원 의뢰시 사전문의 부탁드립니다.",20260929000000,20261006235900,경상북도 포항시 남구 포스코대로 351 (대도동),A2700002,6,자동,차단,흉부외과
2026-10-01 03:00:00,경상북도,A2700006,의료법인동춘의료재단문경제일병원,응급,Y000,응급실,정신과 응급 입원시 사전에 전화 문의 부탁 드립니다.,20260930163700,20261007210000,경상북도 문경시 당교3길 25 (모전동),A2700006,7,자동,차단,정신건강의학과
2026-10-01 03:00:00,경상북도,A2700007,차의과학대학교부속구미차병원,응급,Y000,응급실,②ICU내 격리실에서 CRRT가용은 불가능함.,20260930150000,20261007150000,경상북도 구미시 신시로10길 12 (형곡동),A2700007,8,자동,차단,신장내과
2026-10-01 03:00:00,경상북도,A2700007,차의과학대학교부속구미차병원,응급,Y000,응급실,⑤영상의학 혈관중재(성인) 연락 후 수용결정,20260930150000,20261007150000,경상북도 구미시 신시로10길 12 (형곡동),A2700007,9,자동,차단,영상의학과
2026-10-01 03:00:00,경상북도,A2700007,차의과학대학교부속구미차병원,응급,Y000,응급실,③기관지내시경 연락 후 수용결정,20260930150000,20261007150000,경상북도 구미시 신시로10길 12 (형곡동),A2700007,10,자동,차단,호흡기내과
2026-10-01 03:00:00,경상북도,A2700007,차의과학대학교부속구미차병원,응급,Y000,응급실,"⑥중독환자 내원 시 반드시 사전 연락 후 결정!,",20260930150000,20261007150000,경상북도 구미시 신시로10길 12 (형곡동),A2700007,11,자동,차단,정신건강의학과
2026-10-01 03:00:00,경상북도,A2700007,차의과학대학교부속구미차병원,응급,Y000,응급실,"④응급내시경 연락 후 수용 결정,",20260930150000,20261007150000,경상북도 구미시 신시로10길 12 (형곡동),A2700007,12,자동,차단,소화기내과
2026-10-01 03:00:00,경상북도,A2700007,차의과학대학교부속구미차병원,응급,Y000,응급실,"①본원 F/U 산모 중 34주 이상, 34주 이상 twin만 가능",20260930150000,20261007150000,경상북도 구미시 신시로10길 12 (형곡동),A2700007,13,자동,차단,산부인과
2026-10-01 03:00:00,경상북도,A2700007,차의과학대학교부속구미차병원,응급,Y000,응급실,"⑦안과 외래있는날만 가능 (월, 토-오전 가능, 화,수,금-오전&오후 가능, )",20260930150000,20261007150000,경상북도 구미시 신시로10길 12 (형곡동),A2700007,14,자동,차단,안과
2026-10-01 03:00:00,경상북도,A2700007,차의과학대학교부속구미차병원,응급,Y000,응급실,⑧CAG 필요시 사전 연락!,20260930150000,20261007150000,경상북도 구미시 신시로10길 12 (형곡동),A2700007,15,자동,차단,순환기내과
2026-10-01 03:00:00,경상북도,A2700011,상주적십자병원,중증,Y0060,복부응급수술(비외상),불가능메세지등록,20260930030000,20261005000000,경상북도 상주시 상서문로 53 (남성동),A2700011,16,자동,차단,외과
2026-10-01 03:00:00,경상북도,A2700011,상주적십자병원,중증,Y0051,담낭담관질환(담낭질환),불가능메세지등록,20260930030000,20261005000000,경상북도 상주시 상서문로 53 (남성동),A2700011,17,자동,차단,외과
2026-10-01 03:00:00,경상북도,A2700013,순천향대학교부속구미병원,응급,Y000,응급실,불가능메세지등록,20260928090000,20261005090000,"경상북도 구미시 1공단로 179 (공단동, (공단동))",A2700013,18,자동,차단,호흡기내과
2026-10-01 03:00:00,경상북도,A2700013,순천향대학교부속구미병원,응급,Y000,응급실,불가능메세지등록,20260928090000,20261005090000,"경상북도 구미시 1공단로 179 (공단동, (공단동))",A2700013,19,자동,차단,산부인과
2026-10-01 03:00:00,경상북도,A2700013,순천향대학교부속구미병원,응급,Y000,응급실,불가능메세지등록,20260928090000,20261005090000,"경상북도 구미시 1공단로 179 (공단동, (공단동))",A2700013,20,자동,차단,정형외과
2026-10-01 03:00:00,경상북도,A2700014,의료법인안동병원,중증,Y0081,위장관 응급내시경(성인),주간(외래시간) 가능합니다.,20260930170000,20261001083000,경상북도 안동시 앙실로 11 (수상동),A2700014,21,자동,차단,내과
2026-10-01 03:00:00,경상북도,A2700014,의료법인안동병원,중증,Y0091,기관지 응급내시경(성인),주간(외래시간) 가능합니다.,20260930170000,20261001083000,경상북도 안동시 앙실로 11 (수상동),A2700014,22,자동,차단,
2026-10-01 03:00:00,경상북도,A2700014,의료법인안동병원,중증,Y0160,안과적 응급 수술,주간(외래시간) 가능합니다.,20260930170000,20261001083000,경상북도 안동시 앙실로 11 (수상동),A2700014,23,자동,차단,
2026-10-01 03:00:00,경상북도,A2700014,의료법인안동병원,중증,Y0042,대동맥응급(복부),담당의 부재로 수용 불가합니다.,20260929090000,20261001090000,경상북도 안동시 앙실로 11 (수상동),A2700014,24,자동,차단,심장혈관흉부외과
2026-10-01 03:00:00,경상북도,A2700014,의료법인안동병원,중증,Y0041,대동맥응급(흉부),담당의 부재로 수용 불가합니다.,20260929090000,20261001090000,경상북도 안동시 앙실로 11 (수상동),A2700014,25,자동,차단,심장혈관흉부외과
2026-10-01 03:00:00,경상북도,A2700014,의료법인안동병원,응급,Y000,응급실,영유아 장중첩/장폐색 정복술(만3개월 6세이하)만 가능합니다.,20260929083000,20261006130000,경상북도 안동시 앙실로 11 (수상동),A2700014,26,자동,차단,영상의학과
2026-10-01 03:00:00,경상북도,A2700014,의료법인안동병원,응급,Y000,응급실,"안과적 응급수술 각막열상봉합술,결막열상봉합술,공막열상봉합술,각결막이물제거술만 가능합니다.",20260929083000,20261006130000,경상북도 안동시 앙실로 11 (수상동),A2700014,27,자동,차단,안과
2026-10-01 03:00:00,경상북도,A2700014,의료법인안동병원,응급,Y000,응급실,산부인과 응급(분만) 35주 미만 불가합니다.,20260929083000,20261006130000,경상북도 안동시 앙실로 11 (수상동),A2700014,28,자동,차단,산부인과
2026-10-01 03:00:00,경상북도,A2700014,의료법인안동병원,응급,Y000,응급실,"★★응급실 내 격리병상 부족으로 폐렴,FEVER,호흡기 증상 환자는 이송 전 문의 바랍니다.★★",20260929083000,20261006130000,경상북도 안동시 앙실로 11 (수상동),A2700014,29,자동,차단,응급실
2026-10-01 03:00:00,경상북도,A2700014,의료법인안동병원,응급,Y000,응급실,정신과 응급입원 여환만 입원 가능합니다. 사전 연락바랍니다.,20260929083000,20261006130000,경상북도 안동시 앙실로 11 (수상동),A2700014,30,자동,차단,정신건강의학과
2026-10-01 03:00:00,경상북도,A2700014,의료법인안동병원,응급,Y000,응급실,영상의학 혈관중재(영유아) 만4세 20kg 이상가능합니다.,20260929083000,20261006130000,경상북도 안동시 앙실로 11 (수상동),A2700014,31,자동,차단,영상의학과
2026-10-01 03:00:00,경상북도,A2700014,의료법인안동병원,응급,Y000,응급실,★★앤지오시술 필요 시 응급실 사전 연락바랍니다.★★,20260929083000,20261006130000,경상북도 안동시 앙실로 11 (수상동),A2700014,32,자동,차단,영상의학과
2026-10-01 03:00:00,경상북도,A2700014,의료법인안동병원,응급,Y000,응급실,고압산소치료 환자 전원 의뢰시 사전 연락바랍니다.(의식상태 확인 필요),20260929083000,20261006130000,경상북도 안동시 앙실로 11 (수상동),A2700014,33,자동,차단,호흡기내과
2026-10-01 03:00:00,경상북도,A2700014,의료법인안동병원,응급,Y000,응급실,"저출생체중아 35주, 2000g 이상 가능합니다.",20260929083000,20261006130000,경상북도 안동시 앙실로 11 (수상동),A2700014,34,자동,차단,소아청소년과
2026-10-01 03:00:00,경상북도,A2700014,의료법인안동병원,응급,Y000,응급실,"대동맥응급(흉부, 복부) 수술 사전 꼭 연락바랍니다.",20260929083000,20261006130000,경상북도 안동시 앙실로 11 (수상동),A2700014,35,자동,차단,흉부외과
2026-10-01 03:00:00,경상북도,A2700016,포항성모병원,응급,Y000,응급실,"흉부외과 매주 수,토요일 진료 불가합니다.",20260928110200,20261005180000,경상북도 포항시 남구 대잠동길 17 (대잠동),A2700016,36,자동,차단,흉부외과
2026-10-01 03:00:00,경상북도,A2700016,포항성모병원,응급,Y000,응급실,영유아 위장관 응급내시경 만7세부터 가능 합니다.,20260928110200,20261005180000,경상북도 포항시 남구 대잠동길 17 (대잠동),A2700016,37,자동,차단,소아청소년과
2026-10-01 03:00:00,경상북도,A2700016,포항성모병원,응급,Y000,응급실,성인 기관지 응급 내시경 평일 (09:00-17:00) 진료 가능합니다. (휴일불가능),20260928110200,20261005180000,경상북도 포항시 남구 대잠동길 17 (대잠동),A2700016,38,자동,차단,호흡기내과
2026-10-01 03:00:00,경상북도,A2700016,포항성모병원,응급,Y000,응급실,안과적 질환 평일 (09:00-17:00) 진료 가능합니다. (휴일불가능),20260928110200,20261005180000,경상북도 포항시 남구 대잠동길 17 (대잠동),A2700016,39,자동,차단,안과
2026-10-01 03:00:00,경상북도,A2700016,포항성모병원,응급,Y000,응급실,고압산소 중증환자(기관삽관) 수용불가합니다.,20260928110200,20261005180000,경상북도 포항시 남구 대잠동길 17 (대잠동),A2700016,40,자동,차단,기타 진료과
2026-10-01 03:00:00,경상북도,A2700016,포항성모병원,응급,Y000,응급실,"해당날짜< 9/29, 10/2-4> 뇌경색 외 신경과 진료 불가능 합니다.",20260928110200,20261005180000,경상북도 포항시 남구 대잠동길 17 (대잠동),A2700016,41,자동,차단,신경과
2026-10-01 03:00:00,경상북도,A2700016,포항성모병원,응급,Y000,응급실,산부인과 응급(분만) 35주이상 또는 2.5kg 이상이면 가능합니다. 본원 f/u 환자 아니면 수용문의부탁드립니다.,20260928110200,20261005180000,경상북도 포항시 남구 대잠동길 17 (대잠동),A2700016,42,자동,차단,산부인과
2026-10-01 03:00:00,경상북도,A2700016,포항성모병원,응급,Y000,응급실,토요일 오후13시 ~ 월요일 오전8시( 공휴일 포함) 영상의학과 당직 부재로 소아장충첩증 수용불가능 합니다.(공기정복술 시술 불가),20260928110200,20261005180000,경상북도 포항시 남구 대잠동길 17 (대잠동),A2700016,43,자동,차단,영상의학과
2026-10-01 03:00:00,경상북도,A2700016,포항성모병원,응급,Y000,응급실,금요일 12시~토요일 12시까지 진료 및 입원 불가합니다.,20260928110200,20261005180000,경상북도 포항시 남구 대잠동길 17 (대잠동),A2700016,44,자동,차단,감염내과
2026-10-01 03:00:00,경상남도,A2800001,경상국립대학교병원,응급,Y000,응급실,shoulder part 진료불가,20260927090000,20261004090000,경상남도 진주시 강남로 79 (칠암동),A2800001,1,자동,차단,정형외과
2026-10-01 03:00:00,경상남도,A2800001,경상국립대학교병원,응급,Y000,응급실,8세 미만 DI 환자 수용불가,20260927090000,20261004090000,경상남도 진주시 강남로 79 (칠암동),A2800001,2,자동,차단,소아청소년과
2026-10-01 03:00:00,경상남도,A2800001,경상국립대학교병원,응급,Y000,응급실,"수부 질환, 소아정형환자 수용불가",20260927090000,20261004090000,경상남도 진주시 강남로 79 (칠암동),A2800001,3,자동,차단,정형외과
2026-10-01 03:00:00,경상남도,A2800001,경상국립대학교병원,응급,Y000,응급실,"고관절 질환, 고관절인공관절 질환 환자 수용 불가",20260927090000,20261004090000,경상남도 진주시 강남로 79 (칠암동),A2800001,4,자동,차단,정형외과
2026-10-01 03:00:00,경상남도,A2800001,경상국립대학교병원,응급,Y000,응급실,중증외상(사지 절단) 수지 접합 불가능,20260927090000,20261004090000,경상남도 진주시 강남로 79 (칠암동),A2800001,5,자동,차단,정형외과
2026-10-01 03:00:00,경상남도,A2800001,경상국립대학교병원,중증,Y0131,수족지접합,수술불가,20260927090000,20261004090000,경상남도 진주시 강남로 79 (칠암동),A2800001,6,자동,차단,
2026-10-01 03:00:00,경상남도,A2800001,경상국립대학교병원,중증,Y0132,수족지접합 외,수술불가,20260927090000,20261004090000,경상남도 진주시 강남로 79 (칠암동),A2800001,7,자동,차단,
2026-10-01 03:00:00,경상남도,A2800001,경상국립대학교병원,응급,Y000,응급실,소아 urticaria 수용불가,20260927090000,20261004090000,경상남도 진주시 강남로 79 (칠암동),A2800001,8,자동,차단,소아청소년과
2026-10-01 03:00:00,경상남도,A2800001,경상국립대학교병원,중증,Y0070,장중첩/폐색(유아),수용불가,20260927090000,20261004090000,경상남도 진주시 강남로 79 (칠암동),A2800001,9,자동,차단,
2026-10-01 03:00:00,경상남도,A2800001,경상국립대학교병원,중증,Y0042,대동맥응급(복부),수술 필요 시 수용불가,20260927090000,20261004090000,경상남도 진주시 강남로 79 (칠암동),A2800001,10,자동,차단,
2026-10-01 03:00:00,경상남도,A2800001,경상국립대학교병원,응급,Y000,응급실,32주미만 산모수용불가,20260927090000,20261004090000,경상남도 진주시 강남로 79 (칠암동),A2800001,11,자동,차단,산부인과
2026-10-01 03:00:00,경상남도,A2800001,경상국립대학교병원,중증,Y0041,대동맥응급(흉부),수술 필요 시 수용불가,20260927090000,20261004090000,경상남도 진주시 강남로 79 (칠암동),A2800001,12,자동,차단,
2026-10-01 03:00:00,경상남도,A2800001,경상국립대학교병원,응급,Y000,응급실,의료진 부족으로 수용불가,20260927090000,20261004090000,경상남도 진주시 강남로 79 (칠암동),A2800001,13,자동,차단,피부과
2026-10-01 03:00:00,경상남도,A2800004,창원파티마병원,응급,Y000,응급실,"심부열상, 개방성 골절 진료 불가",20260928000000,20261005235900,경상남도 창원시 의창구 창이대로 45 (명서동),A2800004,14,자동,차단,정형외과
2026-10-01 03:00:00,경상남도,A2800004,창원파티마병원,응급,Y000,응급실,"정신과 응급진료 불가 (약물중독, 자해, 입원이 필요한 경우)",20260928000000,20261005235900,경상남도 창원시 의창구 창이대로 45 (명서동),A2800004,15,자동,차단,정신건강의학과
2026-10-01 03:00:00,경상남도,A2800004,창원파티마병원,응급,Y000,응급실,사전에 수용여부 확인 바랍니다.,20260928000000,20261005235900,경상남도 창원시 의창구 창이대로 45 (명서동),A2800004,16,자동,차단,치과
2026-10-01 03:00:00,경상남도,A2800004,창원파티마병원,응급,Y000,응급실,"~ 12/31까지 감염내과 진료 불가 (원인불명 열, 피부감염 등)",20260928000000,20261005235900,경상남도 창원시 의창구 창이대로 45 (명서동),A2800004,17,자동,차단,감염내과
2026-10-01 03:00:00,경상남도,A2800004,창원파티마병원,응급,Y000,응급실,사전에 수용여부 확인 바랍니다.,20260928000000,20261005235900,경상남도 창원시 의창구 창이대로 45 (명서동),A2800004,18,자동,차단,피부과
2026-10-01 03:00:00,경상남도,A2800004,창원파티마병원,응급,Y000,응급실,대동맥박리 진료 불가,20260928000000,20261005235900,경상남도 창원시 의창구 창이대로 45 (명서동),A2800004,19,자동,차단,흉부외과
2026-10-01 03:00:00,경상남도,A2800004,창원파티마병원,응급,Y000,응급실,"[야간, 주말] 성형외과 전문의 진료 및 봉합 불가",20260928000000,20261005235900,경상남도 창원시 의창구 창이대로 45 (명서동),A2800004,20,자동,차단,성형외과
2026-10-01 03:00:00,경상남도,A2800004,창원파티마병원,응급,Y000,응급실,"소아과 전문 진료 가능(평일 17:00-22:00, 토요일 13:00-17:00, 일요일 10:00-17:00)",20260928000000,20261005235900,경상남도 창원시 의창구 창이대로 45 (명서동),A2800004,21,자동,차단,소아청소년과
2026-10-01 03:00:00,경상남도,A2800004,창원파티마병원,응급,Y000,응급실,성인 위내시경 가능 시간 ▶ 평일 09:00~17:00,20260928000000,20261005235900,경상남도 창원시 의창구 창이대로 45 (명서동),A2800004,22,자동,차단,소화기내과
2026-10-01 03:00:00,경상남도,A2800004,창원파티마병원,응급,Y000,응급실,"19세 미만 소아분과 진료 불가 (의식변화, 발열 없는 경련, 실신 등)",20260928000000,20261005235900,경상남도 창원시 의창구 창이대로 45 (명서동),A2800004,23,자동,차단,소아청소년과
2026-10-01 03:00:00,경상남도,A2800004,창원파티마병원,응급,Y000,응급실,혈액종양내과 진료 불가,20260928000000,20261005235900,경상남도 창원시 의창구 창이대로 45 (명서동),A2800004,24,자동,차단,혈액·종양내과
2026-10-01 03:00:00,경상남도,A2800004,창원파티마병원,응급,Y000,응급실,"[야간, 주말] 정형외과 전문의 진료 및 봉합 불가",20260928000000,20261005235900,경상남도 창원시 의창구 창이대로 45 (명서동),A2800004,25,자동,차단,정형외과
2026-10-01 03:00:00,경상남도,A2800004,창원파티마병원,응급,Y000,응급실,사전에 수용여부 확인바랍니다.,20260928000000,20261005235900,경상남도 창원시 의창구 창이대로 45 (명서동),A2800004,26,자동,차단,이비인후과
2026-10-01 03:00:00,경상남도,A2800004,창원파티마병원,응급,Y000,응급실,일산화탄소 중독 환자 진료 불가,20260928000000,20261005235900,경상남도 창원시 의창구 창이대로 45 (명서동),A2800004,27,자동,차단,병상 또는 장비
2026-10-01 03:00:00,경상남도,A2800004,창원파티마병원,응급,Y000,응급실,사전에 수용여부 확인 바랍니다.,20260928000000,20261005235900,경상남도 창원시 의창구 창이대로 45 (명서동),A2800004,28,자동,차단,비뇨의학과
2026-10-01 03:00:00,경상남도,A2800007,창원한마음병원,응급,Y000,응급실,[소아청소년과] 소아 이물질환자 진료불가,20260928110000,20261005120000,경상남도 창원시 의창구 용동로57번길 8 (사림동),A2800007,29,자동,차단,소아청소년과
2026-10-01 03:00:00,경상남도,A2800007,창원한마음병원,응급,Y000,응급실,[소아청소년과] 3개월 미만 환아 소아전문의 부재로 진료불가,20260928110000,20261005120000,경상남도 창원시 의창구 용동로57번길 8 (사림동),A2800007,30,자동,차단,소아청소년과
2026-10-01 03:00:00,경상남도,A2800007,창원한마음병원,응급,Y000,응급실,"[소아청소년과] 소아 중증호흡기질환, 특히 소아 intubation이 필요한 중증환아의 경우 본원 소아 인공호흡기장비 부재로 진료불가",20260928110000,20261005120000,경상남도 창원시 의창구 용동로57번길 8 (사림동),A2800007,31,자동,차단,병상 또는 장비
2026-10-01 03:00:00,경상남도,A2800007,창원한마음병원,응급,Y000,응급실,[소아청소년과] seizure 포함 소아신경학적증상 있는 소아의 경우 소아신경과 부재로 진료불가,20260928110000,20261005120000,경상남도 창원시 의창구 용동로57번길 8 (사림동),A2800007,32,자동,차단,소아청소년과
2026-10-01 03:00:00,경상남도,A2800007,창원한마음병원,응급,Y000,응급실,[안과] 안과 질환 응급 환자 이송 시 응급의료센터 확인 요망,20260928110000,20261005120000,경상남도 창원시 의창구 용동로57번길 8 (사림동),A2800007,33,자동,차단,응급실
2026-10-01 03:00:00,경상남도,A2800007,창원한마음병원,응급,Y000,응급실,[정형외과] 사지접합의 수술이 필요한 환자 내원 시 응급의료센터 확인 요망,20260928110000,20261005120000,경상남도 창원시 의창구 용동로57번길 8 (사림동),A2800007,34,자동,차단,응급실
2026-10-01 03:00:00,경상남도,A2800011,양산부산대학교병원,응급,Y000,응급실,소아혈액종양 신환 진료 불가,20261001014900,20261008235900,경상남도 양산시 물금읍 금오로 20,A2800011,35,자동,차단,소아청소년과
2026-10-01 03:00:00,경상남도,A2800011,양산부산대학교병원,중증,Y0160,안과적 응급 수술,망막 part 의료진 부재로 진료 및 수술 불가능.,20260930174500,20261007230000,경상남도 양산시 물금읍 금오로 20,A2800011,36,자동,차단,안과
2026-10-01 03:00:00,경상남도,A2800011,양산부산대학교병원,응급,Y000,응급실,소아응급실) 수 3PM~ 목 8AM까지 sono 불가,20260930150000,20261001080000,경상남도 양산시 물금읍 금오로 20,A2800011,37,자동,차단,소아청소년과
2026-10-01 03:00:00,경상남도,A2800011,양산부산대학교병원,응급,Y000,응급실,소아 정형외과) 진료 및 수술 불가능,20260928135500,20261004070000,경상남도 양산시 물금읍 금오로 20,A2800011,38,자동,차단,정형외과
2026-10-01 03:00:00,경상남도,A2800011,양산부산대학교병원,응급,Y000,응급실,족부 part 진료 불가.,20260925113900,20261002235800,경상남도 양산시 물금읍 금오로 20,A2800011,39,자동,차단,정형외과
2026-10-01 03:00:00,경상남도,A2800011,양산부산대학교병원,응급,Y000,응급실,"정규시간만 가능. (야간, 주말 및 공휴일 진료 불가)",20260925113900,20261002235800,경상남도 양산시 물금읍 금오로 20,A2800011,40,자동,차단,성형외과
2026-10-01 03:00:00,경상남도,A2800011,양산부산대학교병원,응급,Y000,응급실,응급실 진료 불가능. (외래만),20260925113800,20261002235800,경상남도 양산시 물금읍 금오로 20,A2800011,41,자동,차단,피부과
2026-10-01 03:00:00,경상남도,A2800011,양산부산대학교병원,응급,Y000,응급실,응급실 진료 및 입원 불가능.,20260925113700,20261002235800,경상남도 양산시 물금읍 금오로 20,A2800011,42,자동,차단,감염내과
2026-10-01 03:00:00,경상남도,A2800011,양산부산대학교병원,응급,Y000,응급실,진료 및 수술 불가능.,20260925113700,20261002235800,경상남도 양산시 물금읍 금오로 20,A2800011,43,자동,차단,외과
2026-10-01 03:00:00,경상남도,A2800011,양산부산대학교병원,중증,Y0100,저출생체중아,미숙아 망막검사 의사 부재로 30주 미만 미숙아 및 산모 전원 불가.,20260925095000,20261002235900,경상남도 양산시 물금읍 금오로 20,A2800011,44,자동,차단,소아청소년과
2026-10-01 03:00:00,경상남도,A2800011,양산부산대학교병원,중증,Y0060,복부응급수술(비외상),의료진 부재로 진료 및 수술 불가능.,20260925095000,20261002235900,경상남도 양산시 물금읍 금오로 20,A2800011,45,자동,차단,외과
2026-10-01 03:00:00,경상남도,A2800011,양산부산대학교병원,중증,Y0052,담낭담관질환(담도포함질환),의료진 부재로 진료 불가능.,20260925095000,20261002235900,경상남도 양산시 물금읍 금오로 20,A2800011,46,자동,차단,내과
2026-10-01 03:00:00,경상남도,A2800011,양산부산대학교병원,중증,Y0051,담낭담관질환(담낭질환),의료진 부재로 진료 불가능.,20260925095000,20261002235900,경상남도 양산시 물금읍 금오로 20,A2800011,47,자동,차단,외과
2026-10-01 03:00:00,경상남도,A2800014,의료법인갑을의료재단 갑을장유병원,응급,Y000,응급실,불가능메세지등록,20260930160000,20261001090000,경상남도 김해시 장유로 167-13 (부곡동),A2800014,48,자동,차단,병상 또는 장비
2026-10-01 03:00:00,경상남도,A2800017,의료법인합포의료재단에스엠지연세병원,중증,Y0141,응급투석(HD),전문의 해외 일정으로 인한 진료 불가,20260930000000,20261001235900,"경상남도 창원시 마산합포구 3·15대로 76 (월남동2가, 합포의료재단)",A2800017,49,자동,차단,내과
2026-10-01 03:00:00,경상남도,A2800017,의료법인합포의료재단에스엠지연세병원,중증,Y0142,응급투석(CRRT),전문의 해외 일정으로 인한 진료 불가,20260930000000,20261001235900,"경상남도 창원시 마산합포구 3·15대로 76 (월남동2가, 합포의료재단)",A2800017,50,자동,차단,내과
2026-10-01 03:00:00,경상남도,A2800020,학교법인성균관대학삼성창원병원,응급,Y000,응급실,"PD IN 의료진 부재로 소아신장 전문의 진료가 필요한 환자 수용어려움(혈뇨, 단백뇨 등 소아 신장질환)",20260930201000,20261007235900,"경상남도 창원시 마산회원구 팔용로 158 (합성동, 삼성창원병원)",A2800020,51,자동,차단,소아청소년과
2026-10-01 03:00:00,경상남도,A2800020,학교법인성균관대학삼성창원병원,중증,Y0142,응급투석(CRRT),CRRT기기부족으로 적응증환자 수용어려움,20260928130700,20261005235900,"경상남도 창원시 마산회원구 팔용로 158 (합성동, 삼성창원병원)",A2800020,52,자동,차단,
2026-10-01 03:00:00,경상남도,A2800020,학교법인성균관대학삼성창원병원,중증,Y0111,산부인과 응급(분만),[산부인과] 응급 분만 인력부족으로 Follow up외 수용어려움 사전문의바람,20260924000300,20261001235900,"경상남도 창원시 마산회원구 팔용로 158 (합성동, 삼성창원병원)",A2800020,53,자동,차단,
2026-10-01 03:00:00,경상남도,A2800020,학교법인성균관대학삼성창원병원,중증,Y0112,산부인과 응급(산과수술),[산부인과] 응급 산과수술 인력부족으로 Follow up외 수용어려움 사전문의바람,20260924000300,20261001235900,"경상남도 창원시 마산회원구 팔용로 158 (합성동, 삼성창원병원)",A2800020,54,자동,차단,
2026-10-01 03:00:00,경상남도,A2800020,학교법인성균관대학삼성창원병원,중증,Y0113,산부인과 응급(부인과수술),[산부인과] 응급 부인과수술 인력부족으로 Follow up외 수용어려움 사전문의바람,20260924000300,20261001235900,"경상남도 창원시 마산회원구 팔용로 158 (합성동, 삼성창원병원)",A2800020,55,자동,차단,
2026-10-01 03:00:00,경상남도,A2800020,학교법인성균관대학삼성창원병원,응급,Y000,응급실,[안과] 인력부족으로 진료 및 수술 제한적,20260924000000,20261001235900,"경상남도 창원시 마산회원구 팔용로 158 (합성동, 삼성창원병원)",A2800020,56,자동,차단,안과
2026-10-01 03:00:00,경상남도,A2800020,학교법인성균관대학삼성창원병원,응급,Y000,응급실,[심장혈관흉부외과] 당직별 수술가능여부 달라 사전문의 바람,20260924000000,20261001235900,"경상남도 창원시 마산회원구 팔용로 158 (합성동, 삼성창원병원)",A2800020,57,자동,차단,흉부외과
2026-10-01 03:00:00,경상남도,A2800020,학교법인성균관대학삼성창원병원,응급,Y000,응급실,[영상의학과] 해당과 사정으로 고환 염전 초음파 진료 불가,20260924000000,20261001235900,"경상남도 창원시 마산회원구 팔용로 158 (합성동, 삼성창원병원)",A2800020,58,자동,차단,영상의학과
2026-10-01 03:00:00,경상남도,A2800020,학교법인성균관대학삼성창원병원,응급,Y000,응급실,"[혈액종양내과] 해당과 사정으로 신환, 타병원 ca 환자 수용 제한적, 사전문의 바람",20260924000000,20261001235900,"경상남도 창원시 마산회원구 팔용로 158 (합성동, 삼성창원병원)",A2800020,59,자동,차단,혈액·종양내과
2026-10-01 03:00:00,경상남도,A2800020,학교법인성균관대학삼성창원병원,중증,Y0131,수족지접합,[정형외과] 사지접합의 수술(수족지접합) 인력문제로 수부파트 진료불가 사전문의바람,20260924000000,20261001235900,"경상남도 창원시 마산회원구 팔용로 158 (합성동, 삼성창원병원)",A2800020,60,자동,차단,
2026-10-01 03:00:00,경상남도,A2800020,학교법인성균관대학삼성창원병원,응급,Y000,응급실,[응급의학과] - 인력부족으로 post CPR 환자 본원에 수용여부 확인,20260924000000,20261001235900,"경상남도 창원시 마산회원구 팔용로 158 (합성동, 삼성창원병원)",A2800020,61,자동,차단,응급실
2026-10-01 03:00:00,경상남도,A2800020,학교법인성균관대학삼성창원병원,응급,Y000,응급실,[호흡기 내과] 인력부족으로 신환수용 불가,20260924000000,20261001235900,"경상남도 창원시 마산회원구 팔용로 158 (합성동, 삼성창원병원)",A2800020,62,자동,차단,호흡기내과
2026-10-01 03:00:00,경상남도,A2800020,학교법인성균관대학삼성창원병원,응급,Y000,응급실,"[신장내과] 인력부족으로 수용 제한적, 사전문의바람",20260924000000,20261001235900,"경상남도 창원시 마산회원구 팔용로 158 (합성동, 삼성창원병원)",A2800020,63,자동,차단,신장내과
2026-10-01 03:00:00,경상남도,A2800020,학교법인성균관대학삼성창원병원,응급,Y000,응급실,[소아청소년과] 소아외상 진료불가,20260924000000,20261001235900,"경상남도 창원시 마산회원구 팔용로 158 (합성동, 삼성창원병원)",A2800020,64,자동,차단,소아청소년과
2026-10-01 03:00:00,경상남도,A2800020,학교법인성균관대학삼성창원병원,응급,Y000,응급실,"[신경과] 외상없는 양쪽다리 마비,양쪽팔다리 마비환자 진료불가, 신경과 말초 및 신경근육질환 전문의 장기간 공석으로 해당질환 진료불가",20260924000000,20261001235900,"경상남도 창원시 마산회원구 팔용로 158 (합성동, 삼성창원병원)",A2800020,65,자동,차단,신경과
2026-10-01 03:00:00,경상남도,A2800020,학교법인성균관대학삼성창원병원,응급,Y000,응급실,[성형외과] 당직 의료진 부재로 진료불가,20260924000000,20261001235900,"경상남도 창원시 마산회원구 팔용로 158 (합성동, 삼성창원병원)",A2800020,66,자동,차단,성형외과
2026-10-01 03:00:00,경상남도,A2800020,학교법인성균관대학삼성창원병원,응급,Y000,응급실,[응급의학과] - 인력부족으로 DI환자 사전에 수용여부 확인바람,20260924000000,20261001235900,"경상남도 창원시 마산회원구 팔용로 158 (합성동, 삼성창원병원)",A2800020,67,자동,차단,응급실
2026-10-01 03:00:00,경상남도,A2800020,학교법인성균관대학삼성창원병원,응급,Y000,응급실,[응급의학과] - 인력 부족으로 중증환자 119 통한 수용 및 외부 전원 제한적,20260924000000,20261001235900,"경상남도 창원시 마산회원구 팔용로 158 (합성동, 삼성창원병원)",A2800020,68,자동,차단,응급실
2026-10-01 03:00:00,경상남도,A2800020,학교법인성균관대학삼성창원병원,응급,Y000,응급실,[피부과] 당직 의료진 부재로 진료불가,20260924000000,20261001235900,"경상남도 창원시 마산회원구 팔용로 158 (합성동, 삼성창원병원)",A2800020,69,자동,차단,피부과
2026-10-01 03:00:00,경상남도,A2800020,학교법인성균관대학삼성창원병원,응급,Y000,응급실,"[외과] 인력부족으로 특정과목 응급수술 불가, 사전문의바람",20260924000000,20261001235900,"경상남도 창원시 마산회원구 팔용로 158 (합성동, 삼성창원병원)",A2800020,70,자동,차단,외과
2026-10-01 03:00:00,경상남도,A2800020,학교법인성균관대학삼성창원병원,응급,Y000,응급실,[정신건강의학과] 당직 의료진 부재로 진료불가,20260924000000,20261001235900,"경상남도 창원시 마산회원구 팔용로 158 (합성동, 삼성창원병원)",A2800020,71,자동,차단,정신건강의학과
2026-10-01 03:00:00,경상남도,A2800021,연세에스병원,중증,Y0031,뇌출혈수술(거미막하 출혈),불가능메세지등록,20260930180000,20261001090000,경상남도 창원시 진해구 해원로32번길 13 (이동),A2800021,72,자동,차단,
2026-10-01 03:00:00,경상남도,A2800021,연세에스병원,중증,Y0032,뇌출혈수술(거미막하 출혈 외),불가능메세지등록,20260930180000,20261001090000,경상남도 창원시 진해구 해원로32번길 13 (이동),A2800021,73,자동,차단,
2026-10-01 03:00:00,경상남도,A2800021,연세에스병원,중증,Y0020,뇌경색의 재관류중재술,불가능메세지등록,20260930180000,20261001090000,경상남도 창원시 진해구 해원로32번길 13 (이동),A2800021,74,자동,차단,
2026-10-01 03:00:00,경상남도,A2803505,창원경상국립대학교병원,중증,Y0160,안과적 응급 수술,불가능메세지등록,20260930200000,20261001090000,"경상남도 창원시 성산구 삼정자로 11 (성주동, 창원경상대학교병원)",A2803505,75,자동,차단,
2026-10-01 03:00:00,경상남도,A2803505,창원경상국립대학교병원,중증,Y0020,뇌경색의 재관류중재술,의료진부재,20260930180900,20261001080000,"경상남도 창원시 성산구 삼정자로 11 (성주동, 창원경상대학교병원)",A2803505,76,자동,차단,
2026-10-01 03:00:00,경상남도,A2803505,창원경상국립대학교병원,응급,Y000,응급실,"[순환기내과] 의료진 부재로 CAG 등 불가, 해당질환 수용 불가",20260930180900,20261001080000,"경상남도 창원시 성산구 삼정자로 11 (성주동, 창원경상대학교병원)",A2803505,77,자동,차단,순환기내과
2026-10-01 03:00:00,경상남도,A2803505,창원경상국립대학교병원,중증,Y0010,심근경색의 재관류중재술,의료진부재,20260930180900,20261001080000,"경상남도 창원시 성산구 삼정자로 11 (성주동, 창원경상대학교병원)",A2803505,78,자동,차단,내과
2026-10-01 03:00:00,경상남도,A2803505,창원경상국립대학교병원,응급,Y000,응급실,[신경과] 의료진 부재로 acute stroke 수용 불가,20260930180900,20261001080000,"경상남도 창원시 성산구 삼정자로 11 (성주동, 창원경상대학교병원)",A2803505,79,자동,차단,신경과
2026-10-01 03:00:00,경상남도,A2803505,창원경상국립대학교병원,응급,Y000,응급실,[소아청소년과]  seizure 의료진 부재로 수용 불가 (단순열성경련의 경우 문의바람).,20260930180000,20261007180000,"경상남도 창원시 성산구 삼정자로 11 (성주동, 창원경상대학교병원)",A2803505,80,자동,차단,소아청소년과
2026-10-01 03:00:00,경상남도,A2803505,창원경상국립대학교병원,응급,Y000,응급실,[정형외과] 주말 의료진 부재로 해당과 진료불가.,20260930180000,20261007180000,"경상남도 창원시 성산구 삼정자로 11 (성주동, 창원경상대학교병원)",A2803505,81,자동,차단,정형외과
2026-10-01 03:00:00,경상남도,A2803505,창원경상국립대학교병원,응급,Y000,응급실,[정형외과] 개방성골절 및 미세접합수술 필요한 경우 수용불가,20260930180000,20261007180000,"경상남도 창원시 성산구 삼정자로 11 (성주동, 창원경상대학교병원)",A2803505,82,자동,차단,정형외과
2026-10-01 03:00:00,경상남도,A2803505,창원경상국립대학교병원,응급,Y000,응급실,"[이비인후과] 평일 09:00~17:00 까지 진료가능, 심경부감염, 경부 외상, airway 환자는 의료진부재로 수용불가",20260930180000,20261007180000,"경상남도 창원시 성산구 삼정자로 11 (성주동, 창원경상대학교병원)",A2803505,83,자동,차단,이비인후과
2026-10-01 03:00:00,경상남도,A2803505,창원경상국립대학교병원,응급,Y000,응급실,[안과] 의료진부재로 안과외상 수용불가,20260930180000,20261007180000,"경상남도 창원시 성산구 삼정자로 11 (성주동, 창원경상대학교병원)",A2803505,84,자동,차단,안과
2026-10-01 03:00:00,경상남도,A2803505,창원경상국립대학교병원,중증,Y0081,위장관 응급내시경(성인),불가능메세지등록,20260930180000,20261001080000,"경상남도 창원시 성산구 삼정자로 11 (성주동, 창원경상대학교병원)",A2803505,85,자동,차단,
2026-10-01 03:00:00,경상남도,A2803505,창원경상국립대학교병원,중증,Y0091,기관지 응급내시경(성인),불가능메세지등록,20260930180000,20261001080000,"경상남도 창원시 성산구 삼정자로 11 (성주동, 창원경상대학교병원)",A2803505,86,자동,차단,
2026-10-01 03:00:00,경상남도,A2803505,창원경상국립대학교병원,응급,Y000,응급실,"[소아청소년과] 소아초음파 평일 08:00 ~ 17:00까지 가능, 의료진부재로 인해 주말/야간 불가.",20260930180000,20261007180000,"경상남도 창원시 성산구 삼정자로 11 (성주동, 창원경상대학교병원)",A2803505,87,자동,차단,소아청소년과
2026-10-01 03:00:00,경상남도,A2803505,창원경상국립대학교병원,응급,Y000,응급실,중증화상환자 기도 및 정맥로 확보 후 화상센터 전원.,20260930180000,20261007180000,"경상남도 창원시 성산구 삼정자로 11 (성주동, 창원경상대학교병원)",A2803505,88,자동,차단,응급실
2026-10-01 03:00:00,경상남도,A2803505,창원경상국립대학교병원,응급,Y000,응급실,[성형외과] 평일 09:00~20:00 (화요일09:00~17:00).진료가능,20260930180000,20261007180000,"경상남도 창원시 성산구 삼정자로 11 (성주동, 창원경상대학교병원)",A2803505,89,자동,차단,성형외과
2026-10-01 03:00:00,제주특별자치도,A2900001,제주한라병원,중증,Y0010,심근경색의 재관류중재술,심장내과 진료과 사정으로 진료 불가(17:00~06:00),20260930170000,20261001060000,"제주특별자치도 제주시 도령로 65 (연동, (연동))",A2900001,1,자동,차단,내과
2026-10-01 03:00:00,제주특별자치도,A2900001,제주한라병원,응급,Y000,응급실,췌담도 part 전문의 부재,20260930170000,20261007080000,"제주특별자치도 제주시 도령로 65 (연동, (연동))",A2900001,2,자동,차단,소화기내과
2026-10-01 03:00:00,제주특별자치도,A2900001,제주한라병원,응급,Y000,응급실,심장내과 진료과 사정으로 진료 불가(17:00~06:00),20260930170000,20261001060000,"제주특별자치도 제주시 도령로 65 (연동, (연동))",A2900001,3,자동,차단,순환기내과
2026-10-01 03:00:00,제주특별자치도,A2900001,제주한라병원,중증,Y0171,영상의학혈관중재(성인),영상의학 혈관중재 전문의 부재,20260930080000,20261001080000,"제주특별자치도 제주시 도령로 65 (연동, (연동))",A2900001,4,자동,차단,핵의학과
2026-10-01 03:00:00,제주특별자치도,A2900001,제주한라병원,중증,Y0052,담낭담관질환(담도포함질환),ERCP 전문의 부재,20260928080000,20261005080000,"제주특별자치도 제주시 도령로 65 (연동, (연동))",A2900001,5,자동,차단,외과
2026-10-01 03:00:00,제주특별자치도,A2900002,제주특별자치도서귀포의료원,중증,Y0081,위장관 응급내시경(성인),불가능메세지등록,20260930080000,20261001080000,제주특별자치도 서귀포시 장수로 47 (동홍동),A2900002,6,자동,차단,내과
2026-10-01 03:00:00,제주특별자치도,A2900005,한마음병원,응급,Y000,응급실,"[신경과] 전화문의(주말 및 휴일-24시간, 평일-17시~익일 9시까지 진료 일부 제한)",20260930000000,20261007235900,제주특별자치도 제주시 연신로 52   (이도이동),A2900005,7,자동,차단,신경과
2026-10-01 03:00:00,제주특별자치도,A2900005,한마음병원,응급,Y000,응급실,[비뇨의학과] 외래 휴진,20260929000000,20261006235900,제주특별자치도 제주시 연신로 52   (이도이동),A2900005,8,자동,차단,비뇨의학과
2026-10-01 03:00:00,제주특별자치도,A2900006,의료법인중앙의료재단중앙병원,응급,Y000,응급실,사전협의-수술지연 및 입원불가 동의 필요,20260928090000,20261005090000,"제주특별자치도 제주시 월랑로 91-0 (이호이동,중앙병원)",A2900006,9,자동,차단,정형외과
2026-10-01 03:00:00,제주특별자치도,A2900007,제주대학교병원,응급,Y000,응급실,"소화기 내시경 수용 가능 일시 (평일 08:00~20:00, 주말휴일 08:00~12:00)",20260930080000,20261007080000,"제주특별자치도 제주시 아란13길 15-0 (아라일동, 0동 0층 0호 (아라일동,제주대학교병원))",A2900007,10,자동,차단,소화기내과
2026-10-01 03:00:00,제주특별자치도,A2900007,제주대학교병원,응급,Y000,응급실,"안과진료 가능 일시 (주간, 화,목,22시까지, 토 20시까지)",20260924080000,20261001080000,"제주특별자치도 제주시 아란13길 15-0 (아라일동, 0동 0층 0호 (아라일동,제주대학교병원))",A2900007,11,자동,차단,안과
